{"type": "FeatureCollection", "features": [{"type": "Feature", "properties": {"year": 2024, "water_area_km2": 0.0076}, "geometry": {"type": "Polygon", "coordinates": [[[115.84335081222625, 40.39916562932995], [115.8433523538934, 40.39907555593003], [115.84358798611702, 40.399077912971954], [115.84358952746331, 40.39898783956311], [115.84382515940085, 40.39899019611752], [115.84382670042629, 40.398900122699786], [115.84394451624854, 40.39890130079325], [115.84394605711006, 40.39881122737033], [115.84406387278236, 40.39881240534004], [115.84406695417064, 40.39863225848236], [115.84418476953597, 40.39863343632462], [115.84418785058257, 40.39845328945368], [115.84407003553113, 40.39845211161889], [115.8440761981687, 40.3980918178744], [115.84442964146055, 40.39809535097407], [115.84442810128242, 40.398185424423545], [115.8445459158839, 40.39818660188714], [115.84454437585573, 40.39827667533889], [115.84466219062111, 40.398277852686206], [115.84465911085785, 40.398457999592786], [115.84454129577863, 40.398456822238025], [115.84453975572961, 40.398546895685406], [115.84465757096581, 40.39854807304389], [115.84465449116087, 40.398728219941745], [115.8447723067179, 40.398729397187665], [115.84477076696193, 40.39881947063813], [115.84488858268287, 40.39882064776778], [115.84488242421739, 40.399180941569966], [115.84335081222625, 40.39916562932995]]]}}, {"type": "Feature", "properties": {"year": 2024, "water_area_km2": 0.0153}, "geometry": {"type": "Polygon", "coordinates": [[[115.86467718213189, 40.39928692406998], [115.86468474832351, 40.39883655370441], [115.86480256489465, 40.398837710544576], [115.86480407795553, 40.398747636463455], [115.86492189437654, 40.39874879317994], [115.86492340727366, 40.398658719093696], [115.86504122354452, 40.39865987568651], [115.86504273627786, 40.398569801595144], [115.86527836852619, 40.39857211441342], [115.86527988093881, 40.39848204031328], [115.86681148917779, 40.39849706188334], [115.86681299954326, 40.398406987734205], [115.86716644729118, 40.398410451359126], [115.86716795717899, 40.39832037719758], [115.86740358873114, 40.39832268567348], [115.8674050982982, 40.39823261150319], [115.86775854520664, 40.398236073305995], [115.8677600542961, 40.39814599912329], [115.86799568528855, 40.39814830638447], [115.86799719405728, 40.398058232193016], [115.86823282476307, 40.398060538966845], [115.86823433321112, 40.39797046476662], [115.86882340930998, 40.39797622958279], [115.86882190164668, 40.39806630380126], [115.86870408625634, 40.398065151074405], [115.86870257842929, 40.39815522528775], [115.86846694735517, 40.39815291946671], [115.86846543920741, 40.3982429936713], [115.86834762352359, 40.398241840577114], [115.86834611521208, 40.39833191477662], [115.86799266773066, 40.398328454763025], [115.86799115894149, 40.39841852895014], [115.86787334297102, 40.3984173753686], [115.8678718340181, 40.3985074495506], [115.86763620178368, 40.398505142020184], [115.86763469251007, 40.39859521619343], [115.86751687624611, 40.39859406224455], [115.86751536680873, 40.39868413641268], [115.86716191758691, 40.39868067383502], [115.86716040767188, 40.398770747990746], [115.8669247745775, 40.39876843899825], [115.86692326434172, 40.398858513145214], [115.86645199760696, 40.39885389370546], [115.86645048673657, 40.39894396783636], [115.86586140268676, 40.39893819081808], [115.8658629143419, 40.398848116705466], [115.86562728108363, 40.39884580506536], [115.86562576911459, 40.39893587917067], [115.8653901355697, 40.39893356704321], [115.86538711098332, 40.3991137152348], [115.86526929390719, 40.39911255898371], [115.86526778144679, 40.39920263307367], [115.86514996422056, 40.39920147669892], [115.8651484515964, 40.399291550783765], [115.86467718213189, 40.39928692406998]]]}}, {"type": "Feature", "properties": {"year": 2024, "water_area_km2": 0.0209}, "geometry": {"type": "Polygon", "coordinates": [[[115.84064258532314, 40.39904841544467], [115.84064413059312, 40.39895834212919], [115.84017286749804, 40.39895361557911], [115.84017441338882, 40.39886354227711], [115.84041004460852, 40.3988659057847], [115.84041159017842, 40.39877583247378], [115.84052940564179, 40.398777014043816], [115.84053095104778, 40.3986869407277], [115.84064876636118, 40.398688122173986], [115.84065031160327, 40.39859804885267], [115.84088594193707, 40.39860041137774], [115.84088748685828, 40.3985103380475], [115.84100530187871, 40.39851151912628], [115.84100684663603, 40.39842144579084], [115.84112466150646, 40.39842262674588], [115.84112620609986, 40.39833255340525], [115.84124402082033, 40.39833373423654], [115.8412455652498, 40.39824366089071], [115.84136337982031, 40.398244841598256], [115.84136492408588, 40.39815476824724], [115.8414827385064, 40.39815594883104], [115.84148428260806, 40.39806587547483], [115.84160209687862, 40.39806705593489], [115.84160518474718, 40.397886909210634], [115.84172299871082, 40.397888089543216], [115.84172454247769, 40.397798016175166], [115.84184235629137, 40.397799196384], [115.84184389989434, 40.397709123010756], [115.84255078198102, 40.397716201721266], [115.8425523246354, 40.39762612832418], [115.84290576530192, 40.397629666048154], [115.84290730747854, 40.39753959263842], [115.84302512089103, 40.397540771635995], [115.84302666290375, 40.397450698221064], [115.84314447616624, 40.39745187709491], [115.84314601801509, 40.397361803674784], [115.84326383112762, 40.3973629824249], [115.84326537281254, 40.39727290899959], [115.84350099874462, 40.39727526613235], [115.84350254010872, 40.39718519269811], [115.84362035292826, 40.397186371080764], [115.84361881172107, 40.397276444518724], [115.84373662470449, 40.39727762278509], [115.8437350836473, 40.39736769622531], [115.8438528967946, 40.3973688743754], [115.84384365124701, 40.39790931500853], [115.84396146534291, 40.39791049306099], [115.84395992455092, 40.398000566498474], [115.84372429605223, 40.39799821026611], [115.84372583715809, 40.39790813683607], [115.84325458087191, 40.397903422946186], [115.84325303913829, 40.39799349636128], [115.84301741072304, 40.39799113868882], [115.84301586866857, 40.398081212095015], [115.8427802399673, 40.39807885393509], [115.84277869759198, 40.39816892733236], [115.84266088309485, 40.398167748068644], [115.84265934055563, 40.39825782146073], [115.8425415259085, 40.39825664207328], [115.84253998320538, 40.39834671546018], [115.84242216840829, 40.398345535948984], [115.84242062554127, 40.3984356093307], [115.84230281059419, 40.398434429695754], [115.84230126756326, 40.39852450307229], [115.84206563737611, 40.39852214343492], [115.84206409402434, 40.39861221680251], [115.84194627878425, 40.39861103680007], [115.84194473526857, 40.398701110162506], [115.84182691987851, 40.39869993003633], [115.84182537619891, 40.39879000339353], [115.8414719295997, 40.39878646228373], [115.84147038544229, 40.39887653562829], [115.84123475409712, 40.3988741742809], [115.84123320961885, 40.39896424761655], [115.84111539379974, 40.398963066759094], [115.84111384915757, 40.39905314008952], [115.84064258532314, 40.39904841544467]]]}}, {"type": "Feature", "properties": {"year": 2024, "water_area_km2": 0.0515}, "geometry": {"type": "Polygon", "coordinates": [[[115.85116957464821, 40.396721095875336], [115.85117110576316, 40.39663102218934], [115.85093548144071, 40.396628680716496], [115.8509370128626, 40.396538607036454], [115.85034795296211, 40.39653275127286], [115.85034948516176, 40.39644267760988], [115.8501138615638, 40.39644033447184], [115.85011539407039, 40.39635026081482], [115.84987977081397, 40.3963479172042], [115.84988130362748, 40.39625784355315], [115.84976349216659, 40.396256671571535], [115.84976502513013, 40.39616659792274], [115.84964721383307, 40.39616542582484], [115.8496487469466, 40.3960753521783], [115.84953093581338, 40.396074179964096], [115.84953553558331, 40.39580395902686], [115.84941772492778, 40.39580278670379], [115.84941925832752, 40.395712713058856], [115.84930144783581, 40.395711540619494], [115.84930298138555, 40.395621466976806], [115.84918517105771, 40.39562029442117], [115.84918670475744, 40.39553022078073], [115.84895108443637, 40.395527875316866], [115.84895261844304, 40.39543780168239], [115.84871699846347, 40.39543545574596], [115.84871853277704, 40.39534538211746], [115.84848291313905, 40.39534303570849], [115.84848444775953, 40.39525296208595], [115.84836663810783, 40.395251788705174], [115.84837277714823, 40.39489149421531], [115.84849058617223, 40.39489266758123], [115.84849518990906, 40.394622446687414], [115.84861299846926, 40.3946236199222], [115.8486160672787, 40.39444347264494], [115.84873387553199, 40.39444464575231], [115.84873540976942, 40.394354572107794], [115.84861760167303, 40.39435339900413], [115.84862220481448, 40.39408317807297], [115.84874001244012, 40.39408435116549], [115.84874154664985, 40.39399427751514], [115.84885935412551, 40.39399545048396], [115.84886088817139, 40.39390537682844], [115.84897869549708, 40.39390654967357], [115.84898022937914, 40.39381647601288], [115.84909803655482, 40.39381764873429], [115.84909957027307, 40.39372757506845], [115.84945299137092, 40.393731092501625], [115.84945145812343, 40.393821166178604], [115.84956926532678, 40.39382233842005], [115.84956466601349, 40.39409255945338], [115.8496824736945, 40.394093731585976], [115.84967940776487, 40.394273878941654], [115.84979721576663, 40.39427505096168], [115.84979568294834, 40.39436512464105], [115.84991349111394, 40.394366296544774], [115.84991195844565, 40.39445637022641], [115.85002976677505, 40.39445754201384], [115.85002823425675, 40.39454761569772], [115.84991042577045, 40.39454644390657], [115.8499073603993, 40.39472659126254], [115.84978955160604, 40.39472541934398], [115.84978801875319, 40.39481549301607], [115.85002363666042, 40.39481783674062], [115.85002210411447, 40.394907910418674], [115.85037553149795, 40.39491142511666], [115.85037399941582, 40.39500149880437], [115.85072742733225, 40.39500501243353], [115.85072589571398, 40.39509508613091], [115.85096151467334, 40.39509742795777], [115.850959983362, 40.39518750166111], [115.85119560266284, 40.39518984301539], [115.85119407165841, 40.39527991672468], [115.85154750113225, 40.39528342786725], [115.8515459705917, 40.3953735015862], [115.85166378058703, 40.395374671730764], [115.85166225019648, 40.395464745451946], [115.85178006035567, 40.39546591548022], [115.85177853011514, 40.395555989203665], [115.85189634043813, 40.39555715911564], [115.85189481034763, 40.39564723284132], [115.85201262083444, 40.395648402637], [115.85201109089395, 40.39573847636493], [115.8521289015446, 40.39573964604431], [115.85212584195676, 40.3959197935032], [115.85224365292817, 40.39592096307], [115.85224059362656, 40.39610111053047], [115.85235840491873, 40.39610227998465], [115.8523568754145, 40.39619235371641], [115.8522390639654, 40.39619118425851], [115.8522360046224, 40.396371331710256], [115.85211819286634, 40.39637016212497], [115.85211666302756, 40.396460235844955], [115.85188103922229, 40.39645789630697], [115.85187950906275, 40.396547970018105], [115.85164388497128, 40.39654562999271], [115.85164235449093, 40.39663570369497], [115.85140673011323, 40.39663336318216], [115.85140519931214, 40.39672343687557], [115.85116957464821, 40.396721095875336]]]}}, {"type": "Feature", "properties": {"year": 2024, "water_area_km2": 0.0158}, "geometry": {"type": "Polygon", "coordinates": [[[115.86140919399291, 40.39042606759256], [115.86141071112552, 40.390335993486104], [115.86105730629876, 40.39033251283985], [115.86105882389516, 40.390242438742945], [115.86094102245683, 40.39024127829124], [115.86094254020325, 40.39015120419657], [115.86082473892864, 40.390150043628566], [115.8608262568251, 40.390059969536104], [115.86094405794282, 40.39006113010043], [115.86094861112045, 40.38979090780332], [115.86106641177439, 40.38979206823666], [115.86106944687813, 40.389611920023945], [115.86118724722516, 40.389613080329966], [115.86119028198776, 40.38943293210411], [115.86130808202788, 40.389434092282805], [115.86130959924203, 40.389344018164024], [115.86142739913213, 40.38934517821909], [115.86142891618253, 40.38925510409517], [115.86154671592259, 40.389256264026585], [115.86154519902904, 40.38934633815417], [115.86178079884341, 40.38934865766442], [115.86177776566328, 40.3895288059299], [115.86201336613252, 40.389531124974944], [115.86201639868517, 40.38935097669478], [115.86213419861632, 40.389352136030006], [115.86213571472548, 40.389262061884075], [115.86201791495121, 40.38926090255252], [115.86201943121043, 40.389170828408815], [115.86213723082784, 40.38917198773669], [115.86214026301198, 40.38899183943756], [115.86225806232248, 40.38899299863813], [115.8622595782474, 40.388902924482714], [115.86249517657515, 40.38890524251661], [115.86248305149408, 40.38962583577789], [115.86260085192322, 40.389626994644225], [115.86259175876644, 40.39016743955111], [115.86247395739602, 40.39016628066278], [115.86247244168906, 40.39025635480515], [115.86235464016863, 40.39025519579317], [115.86235312429794, 40.39034526993045], [115.86223532262746, 40.39034411079483], [115.86223380659307, 40.39043418492697], [115.86140919399291, 40.39042606759256]]]}}, {"type": "Feature", "properties": {"year": 2024, "water_area_km2": 0.0058}, "geometry": {"type": "Polygon", "coordinates": [[[115.63267742120792, 40.38668612987845], [115.63268106443269, 40.38650599731176], [115.6325632797984, 40.38650460432719], [115.63256510155526, 40.38641453804605], [115.63244731708598, 40.38641314494596], [115.6324491389914, 40.38632307866775], [115.63233135468715, 40.386321685452145], [115.63233499878697, 40.3861415529001], [115.63221721480451, 40.38614015957339], [115.63222268136295, 40.38586996074749], [115.6321048978591, 40.38586856731408], [115.63210854250387, 40.38568843476492], [115.63199075932185, 40.38568704122039], [115.6319925817887, 40.385596974948015], [115.63187479877166, 40.38559558128799], [115.63188208918399, 40.38523531620133], [115.63199987157387, 40.385236709843724], [115.63200169399958, 40.38514664356397], [115.63211947624087, 40.38514803708204], [115.63211583169478, 40.3853281696489], [115.63223361425786, 40.385329563055855], [115.63222996999245, 40.38550969562563], [115.63246553577048, 40.385512482097404], [115.632463713939, 40.3856025483889], [115.63258149699715, 40.385603941449325], [115.63257421021628, 40.38596420661817], [115.63269199390979, 40.385965599576295], [115.63268835078362, 40.386145732160685], [115.63280613479897, 40.38614712500769], [115.63280431338036, 40.38623719130208], [115.6329220975607, 40.38623858403358], [115.63291299112836, 40.38668891550542], [115.63267742120792, 40.38668612987845]]]}}, {"type": "Feature", "properties": {"year": 2024, "water_area_km2": 0.0101}, "geometry": {"type": "Polygon", "coordinates": [[[115.47453853758162, 40.38299613483609], [115.47454260154349, 40.38281601473562], [115.474424831563, 40.38281446080367], [115.47443092790724, 40.38254428065654], [115.4743131584061, 40.38254272661947], [115.47433348052485, 40.38164212608122], [115.47421571260008, 40.38164057197342], [115.47422790637154, 40.38110021160837], [115.47434567335601, 40.38110176568665], [115.47434770546245, 40.38101170561568], [115.47446547229939, 40.381013259569166], [115.47446750423994, 40.38092319949177], [115.47482080433561, 40.38092786061822], [115.47481877286518, 40.38101792071038], [115.47493653973878, 40.381019474184335], [115.47491622609758, 40.381920075072834], [115.47479845765682, 40.38191852154971], [115.47477610986905, 40.38290918230067], [115.47489388003376, 40.38291073587788], [115.47489184851842, 40.38300079594211], [115.47453853758162, 40.38299613483609]]]}}, {"type": "Feature", "properties": {"year": 2024, "water_area_km2": 0.0052}, "geometry": {"type": "Polygon", "coordinates": [[[115.63350480518955, 40.37489439457632], [115.63350844469461, 40.37471426157904], [115.63339068055382, 40.37471286977119], [115.63339432033948, 40.374532736776814], [115.63327655652031, 40.37453134485789], [115.63328201660731, 40.374261145368486], [115.63339977995635, 40.374262537274184], [115.6334034196599, 40.374082404265046], [115.63363894575582, 40.37408518769921], [115.63363712622154, 40.374175254213334], [115.63375488943852, 40.37417664575499], [115.63375307005275, 40.37426671227204], [115.63398859682472, 40.37426949500455], [115.63398677774416, 40.37435956152891], [115.63410454129917, 40.374360952719755], [115.63410272236712, 40.374451019247054], [115.63422048608703, 40.37445241032243], [115.63421866730344, 40.374542476852646], [115.63433643118829, 40.37454386781254], [115.6343346125532, 40.37463393434568], [115.63421684851167, 40.374632543381395], [115.6342132109035, 40.37481267643446], [115.63409544655677, 40.37481128534149], [115.63409362758368, 40.3749013518614], [115.63350480518955, 40.37489439457632]]]}}, {"type": "Feature", "properties": {"year": 2024, "water_area_km2": 0.0995}, "geometry": {"type": "Polygon", "coordinates": [[[115.47966714786976, 40.37495586315104], [115.4796691724505, 40.37486580276118], [115.47943365962186, 40.3748627057202], [115.47943568450678, 40.37477264533863], [115.47931792826283, 40.37477109664327], [115.47931995329532, 40.374681036265116], [115.47873117299588, 40.37467329101497], [115.47872914718009, 40.37476335136861], [115.4780226101824, 40.37475405308388], [115.47802463693817, 40.374663992759665], [115.47778912499206, 40.374660892382416], [115.47779115205202, 40.37457083206652], [115.47767339624936, 40.37456928170301], [115.47767542345682, 40.374479221390516], [115.47732215657366, 40.37447456959561], [115.47732012889621, 40.37456462989339], [115.4769668616254, 40.3745599770051], [115.47696483346883, 40.37465003728664], [115.47649380994251, 40.37464383173802], [115.47649178115014, 40.374733891998446], [115.47637402513479, 40.37473234030676], [115.47637605408381, 40.37464228005125], [115.4761405423939, 40.37463917631812], [115.47614257164713, 40.37454911607094], [115.47590706030712, 40.374546011868226], [115.47591111941276, 40.37436589138902], [115.47579336406983, 40.37436433911771], [115.47579539376555, 40.37427427888078], [115.47567763858844, 40.37427272649453], [115.47567966843167, 40.37418266626103], [115.47556191342036, 40.37418111375984], [115.47556394341112, 40.37409105352976], [115.47544618856563, 40.374089500913634], [115.47545024883296, 40.37390938045882], [115.47533249430994, 40.373907827732666], [115.4753345245865, 40.37381776750793], [115.47545227895286, 40.37381932022917], [115.47545633916526, 40.373639199765414], [115.47557409322745, 40.37364075235697], [115.47557612316326, 40.37355069211794], [115.47581163100183, 40.37355379693168], [115.47581366061517, 40.37346373668134], [115.47593141439155, 40.37346528890353], [115.47593344383907, 40.37337522864677], [115.47616895110598, 40.3733783327218], [115.47617098023103, 40.37328827245373], [115.47628873372157, 40.37328982430655], [115.47629076268083, 40.3731997640321], [115.47664402273739, 40.37320441885677], [115.47664605121753, 40.373114358566085], [115.47688155765437, 40.373117461173486], [115.47688358581208, 40.37302740087148], [115.47711909197217, 40.37303050298969], [115.47712111980744, 40.372940442676395], [115.47723887274458, 40.3729419935508], [115.47724090041403, 40.372851933231104], [115.47747640600245, 40.37285503461061], [115.47747843334945, 40.372764974279605], [115.47806719669727, 40.37277272560654], [115.47806922325191, 40.372682665249506], [115.47830472834174, 40.37268576493157], [115.47830675457391, 40.37259570456324], [115.47866001180728, 40.372600353172786], [115.47866203756038, 40.37251029278825], [115.47889754211502, 40.372513391252255], [115.4788995675457, 40.37242333085643], [115.47901731968007, 40.37242487990376], [115.47901934494497, 40.37233481950154], [115.47913709693185, 40.37233636842413], [115.47913912203096, 40.37224630801552], [115.47972788131912, 40.37225405080632], [115.47972990562586, 40.37216399037171], [115.47984765735424, 40.37216553856544], [115.47984968149524, 40.37207547812445], [115.48008518466611, 40.37207857414259], [115.48009125609441, 40.37180839278127], [115.47997350497434, 40.37180684484682], [115.47997552892214, 40.371716784394955], [115.48009327988558, 40.37171833232451], [115.48009530366764, 40.37162827186627], [115.47997755286083, 40.3716267239416], [115.4799795767904, 40.371536663486765], [115.48021507809982, 40.37153975920645], [115.48021305448356, 40.37162981967108], [115.48033080530861, 40.37163136735606], [115.48032675836195, 40.37181148829065], [115.48044450950941, 40.371813035865586], [115.48044248617904, 40.371903096335544], [115.48067798881463, 40.37190619113568], [115.4806759657884, 40.37199625161394], [115.48079371727653, 40.37199779883914], [115.48078967150998, 40.37217791980097], [115.48102517514019, 40.37218101391143], [115.48102315255655, 40.372271074399904], [115.48114090454196, 40.37227262128026], [115.48113483720616, 40.372542802751425], [115.48125258967065, 40.37254434952662], [115.4812465227227, 40.37281453099904], [115.48112876978826, 40.372812984209155], [115.48112472479735, 40.37299310517353], [115.48100697155873, 40.37299155825401], [115.48100090353398, 40.373261739674696], [115.48123641096025, 40.37326483342326], [115.48123236619143, 40.373444954382514], [115.48135012023157, 40.373446501086796], [115.48134405347984, 40.37371668252918], [115.48122629896976, 40.373715135810194], [115.4812222541097, 40.37389525675454], [115.48110449929541, 40.37389370990592], [115.48110247669501, 40.373983770370955], [115.4806314569025, 40.37397758175839], [115.48063348012948, 40.373887521312945], [115.48051572536083, 40.37388597386507], [115.48051774873537, 40.373795913423024], [115.48039999413251, 40.373794365860206], [115.48040201765458, 40.37370430542156], [115.48028426321748, 40.373702757743786], [115.48028628688708, 40.373612697308545], [115.47981526985666, 40.373606505418564], [115.47981324556044, 40.37369656583421], [115.47957773678668, 40.37369346916033], [115.47957571216804, 40.37378352956468], [115.4793402031175, 40.373780432401595], [115.4793381781764, 40.37387049279466], [115.4792204235082, 40.37386894402844], [115.47921637328524, 40.37404906480029], [115.47933412826676, 40.3740506135763], [115.47933210329826, 40.3741406739649], [115.48039189995295, 40.37415460759986], [115.48038785280838, 40.37433472846075], [115.48050560835121, 40.37433627605295], [115.48049953803591, 40.374606457347795], [115.48038178202307, 40.374604909740896], [115.48037773478724, 40.37478503058687], [115.48025997847022, 40.374783482850326], [115.48025795468195, 40.37487354326618], [115.4801401982174, 40.37487199540489], [115.48013817426333, 40.37496205581434], [115.47966714786976, 40.37495586315104]]]}}, {"type": "Feature", "properties": {"year": 2024, "water_area_km2": 0.009}, "geometry": {"type": "Polygon", "coordinates": [[[115.48023733727636, 40.37054909399703], [115.48023936078312, 40.37045903351451], [115.4800038632329, 40.370455937912375], [115.48000588704379, 40.37036587743815], [115.479888138439, 40.370364329462234], [115.47989016239735, 40.3702742689914], [115.4804789047294, 40.37028200764818], [115.48048092789546, 40.370191947151376], [115.48083417293432, 40.370196588892725], [115.48083619562138, 40.37010652837975], [115.48118944027247, 40.370111169027915], [115.48119146248054, 40.37002110849876], [115.48154470674385, 40.370025748053735], [115.48154672847292, 40.3699356875084], [115.48213546831099, 40.36994341767888], [115.4821374892478, 40.369853357107615], [115.4824907327902, 40.36985799375723], [115.48249275324801, 40.36976793316979], [115.48331698740282, 40.36977874779051], [115.4833149680414, 40.36986880841218], [115.48343271597088, 40.36987035288355], [115.48343069675695, 40.3699604135086], [115.48331294867084, 40.36995886903234], [115.4833109292912, 40.37004892965102], [115.48295768461769, 40.370044295488576], [115.48295566475903, 40.3701343560911], [115.4823669230356, 40.3701266300659], [115.48236490238472, 40.370216690642486], [115.48177616010601, 40.370208961596944], [115.48177413866283, 40.370299022147606], [115.48118539582896, 40.370291290081745], [115.48118337359354, 40.37038135060642], [115.48071237886413, 40.37037516277713], [115.48071035599303, 40.37046522328074], [115.4803571095719, 40.370460581135816], [115.4803550862218, 40.37055064162324], [115.48023733727636, 40.37054909399703]]]}}, {"type": "Feature", "properties": {"year": 2024, "water_area_km2": 0.0186}, "geometry": {"type": "Polygon", "coordinates": [[[115.49436727570023, 40.37073395350736], [115.4943692804109, 40.37064389243988], [115.49413378067989, 40.3706408255986], [115.49413979569742, 40.3703706424163], [115.4942575450885, 40.370372175882295], [115.49425954991962, 40.3702821148137], [115.49437729916309, 40.370283648154995], [115.49438130848493, 40.37010352600361], [115.49449905742419, 40.370105059215376], [115.49450106191492, 40.3700149981326], [115.49461881070658, 40.37001653121968], [115.49462081503162, 40.369926470130565], [115.49450306639659, 40.36992493704834], [115.49451509309678, 40.369384570511485], [115.49463284079206, 40.3693861035646], [115.49463484505381, 40.36929604246505], [115.49475259260149, 40.369297575393496], [115.49475459669756, 40.369207514287616], [115.49487234409767, 40.36920904709136], [115.4948743480281, 40.36911898597914], [115.49510984254215, 40.369122051217445], [115.49511184615028, 40.36903199009402], [115.49558283466037, 40.36903811911325], [115.49558083167874, 40.36912818025607], [115.49569857898548, 40.36912971221613], [115.49569657615142, 40.3692197733623], [115.4958143236238, 40.36922130520739], [115.49580230736954, 40.369761672082184], [115.49592005579073, 40.36976320383653], [115.49591404801153, 40.37003338726836], [115.49579629912044, 40.370031855499484], [115.49579229357587, 40.370211977770225], [115.49567454438055, 40.37021044587182], [115.4956725414381, 40.3703005070001], [115.49555479209515, 40.370298974977004], [115.495552788987, 40.370389036098956], [115.49531729001504, 40.37038597168356], [115.49531528658459, 40.37047603279432], [115.4951975369555, 40.370474500402025], [115.49519553335938, 40.37056456150645], [115.49507778358269, 40.37056302898945], [115.4950757798209, 40.37065309008755], [115.49495802989664, 40.37065155744585], [115.49495602596915, 40.370741618537615], [115.49436727570023, 40.37073395350736]]]}}, {"type": "Feature", "properties": {"year": 2024, "water_area_km2": 0.0195}, "geometry": {"type": "Polygon", "coordinates": [[[115.50910595092515, 40.370024063685314], [115.50910793596633, 40.36993400199942], [115.50851918891283, 40.36992640913785], [115.50852514633209, 40.36965622414327], [115.50840739741817, 40.36965470522586], [115.50841335522671, 40.369384520232316], [115.50853110367072, 40.3693860391353], [115.50853706092875, 40.369115854113936], [115.50865480891183, 40.36911737288267], [115.50865679448997, 40.3690273112011], [115.50853904666351, 40.36902579243717], [115.50854301810614, 40.36884566907918], [115.50866076561934, 40.368847187833495], [115.5086627511706, 40.36875712614746], [115.50878049853614, 40.36875864477714], [115.50878446929855, 40.36857852139099], [115.50901996343002, 40.36858155827163], [115.50902393353007, 40.36840143486031], [115.509141680296, 40.368402953111264], [115.50913969540706, 40.36849301482248], [115.50925744233855, 40.36849453295841], [115.50925545759729, 40.368584594672924], [115.50972644603931, 40.36859066603755], [115.50972446191558, 40.3686807277698], [115.50984220920509, 40.36868224531617], [115.50983824124404, 40.3688623687858], [115.51007373647641, 40.36886540353826], [115.51007175279574, 40.36895546528045], [115.50995400501844, 40.36895394795933], [115.50995202117217, 40.36904400969524], [115.5100697691061, 40.36904552702116], [115.51005786678034, 40.36958589743412], [115.51017561566299, 40.369587414669], [115.5101696648492, 40.36985759986982], [115.51005191549665, 40.36985608262051], [115.51004993171752, 40.36994614434633], [115.50993218221728, 40.369944626972405], [115.50993019827258, 40.37003468869193], [115.5096946989857, 40.370031653574955], [115.50969668324369, 40.36994159186503], [115.5095789337703, 40.36994007413158], [115.50957694935569, 40.37003013583671], [115.5093414501225, 40.370027100000684], [115.50934343485041, 40.36993703830517], [115.50922568540389, 40.36993552021221], [115.50922370051936, 40.37002558190293], [115.50910595092515, 40.370024063685314]]]}}, {"type": "Feature", "properties": {"year": 2024, "water_area_km2": 0.0286}, "geometry": {"type": "Polygon", "coordinates": [[[115.45488606646364, 40.36660962051266], [115.45488812343044, 40.366519561037066], [115.45465264238543, 40.3665164140657], [115.45465469965613, 40.36642635459857], [115.45453695930414, 40.366424780938154], [115.45453901672214, 40.366334721474495], [115.45442127653602, 40.366333147699244], [115.45442333410135, 40.366243088239095], [115.45430559408109, 40.366241514349], [115.45430765179371, 40.366151454892325], [115.45418991193934, 40.3661498808874], [115.45419196979927, 40.36605982143421], [115.45407423011076, 40.36605824731446], [115.454076288118, 40.365968187864766], [115.45395854859538, 40.36596661363019], [115.45396060674992, 40.365876554183984], [115.45384286739316, 40.365874979834565], [115.453844925695, 40.36578492039183], [115.45372718650411, 40.36578334592759], [115.45372924495325, 40.36569328648836], [115.45349376691252, 40.36569013721039], [115.45349582566556, 40.36560007777963], [115.4533780868157, 40.36559850296592], [115.45338014571603, 40.365508443538666], [115.45326240703204, 40.365506868610126], [115.45326446607966, 40.36541680918634], [115.45314672756155, 40.36541523414297], [115.45314878675646, 40.36532517472268], [115.45303104840421, 40.36532359956449], [115.45303310774644, 40.365233540147685], [115.45291536956006, 40.365231964874674], [115.45291742904955, 40.36514190546137], [115.45350611929138, 40.36514978060341], [115.45350406058476, 40.36523984004164], [115.4536217988176, 40.365241414715605], [115.45361974025828, 40.36533147415732], [115.45373747865695, 40.365333048716465], [115.45373542024497, 40.365423108161686], [115.45385315880951, 40.365424682606005], [115.4538511005448, 40.3655147420547], [115.45420431676388, 40.36551946468373], [115.45420225895967, 40.36560952414587], [115.4543199978745, 40.36561109812091], [115.45431794021758, 40.36570115758656], [115.45455341838829, 40.365704305187144], [115.45455136103527, 40.36579436466125], [115.45466910029111, 40.36579593828682], [115.4546649858704, 40.3659760572405], [115.4547827254487, 40.36597763075621], [115.45478066838099, 40.3660676902358], [115.45489840812519, 40.36606926363668], [115.4548963512048, 40.36615932311974], [115.4567801908786, 40.3661844813189], [115.45678224529358, 40.36609442175623], [115.4570177251065, 40.36609756436454], [115.45701977919902, 40.36600750479043], [115.45725525873581, 40.36601064690956], [115.4572593662667, 40.36583052773696], [115.45714162680683, 40.365828956747244], [115.45714368071495, 40.36573889716367], [115.45702594142094, 40.365737326059126], [115.45703004952256, 40.36555720689744], [115.456912310551, 40.36555563568303], [115.45691641892873, 40.36537551652533], [115.4567986802796, 40.365373945201036], [115.45680484324647, 40.36510376646821], [115.45692258142584, 40.36510533777758], [115.456924635573, 40.36501527819201], [115.45704237360508, 40.36501684937659], [115.45704031961449, 40.36510690896713], [115.45739353423603, 40.365111621816965], [115.45739148070591, 40.36520168142091], [115.45750921908822, 40.36520325213622], [115.45750716570544, 40.36529331174366], [115.45762490425356, 40.36529488234411], [115.45762079777336, 40.36547500156446], [115.45773853664393, 40.36547657205505], [115.45773443043987, 40.36565669127935], [115.45785216963287, 40.365658261660066], [115.45785011667353, 40.36574832127495], [115.45796785603237, 40.36574989154082], [115.45796580322038, 40.365839951159174], [115.45808354274506, 40.3658415213102], [115.45807943740643, 40.36602164055239], [115.45819717725357, 40.36602321059354], [115.45819512472696, 40.36611327021735], [115.45831286473992, 40.36611484014366], [115.45831081236064, 40.36620489977095], [115.45842855253949, 40.3662064695824], [115.45842239581587, 40.366476648470226], [115.45806917389781, 40.36647193863168], [115.4580671211683, 40.36656199824306], [115.4579493803909, 40.36656042805228], [115.457951433277, 40.36647036844587], [115.4566562870592, 40.366453088494204], [115.4566542324506, 40.36654314804593], [115.45618326984122, 40.36653686081282], [115.45618121459697, 40.36662692034315], [115.45488606646364, 40.36660962051266]]]}}, {"type": "Feature", "properties": {"year": 2024, "water_area_km2": 0.0722}, "geometry": {"type": "Polygon", "coordinates": [[[115.50895779888657, 40.36605831172571], [115.50895978384696, 40.36596824998394], [115.50860655631547, 40.36596369454181], [115.50860854173673, 40.36587363281296], [115.50872628408166, 40.365875151408694], [115.50872826933735, 40.365785089673544], [115.50884601153466, 40.365786608144646], [115.50884998170598, 40.3656064846603], [115.50861449794675, 40.36560344761751], [115.50861648333219, 40.36551338588271], [115.50849874162262, 40.36551186718639], [115.50849675608059, 40.36560192891638], [115.50814353053583, 40.36559737209407], [115.50814551654766, 40.365507310378504], [115.50802777487391, 40.36550579120291], [115.50802976103338, 40.36541572949066], [115.507794278026, 40.365412690789626], [115.50779825094445, 40.3652325673799], [115.50791599213046, 40.3652340867807], [115.5079140058323, 40.365324148491126], [115.50814948854445, 40.365327186942906], [115.5081514745294, 40.365237125222876], [115.50838695696415, 40.36524016318577], [115.50838894262695, 40.36515010145463], [115.50874216587647, 40.36515465748591], [115.50873819548151, 40.36533478097555], [115.50885593689578, 40.365336299422616], [115.50885990697756, 40.36515617592338], [115.50909538920659, 40.36515921243885], [115.50909737392085, 40.36506915067739], [115.5093328558725, 40.365072186703976], [115.50933484026461, 40.36498212493144], [115.50945258109728, 40.364983642760194], [115.50945456532385, 40.36489358098135], [115.50957230600885, 40.3648950986855], [115.50957627412195, 40.36471497511374], [115.50992949529113, 40.364719527478464], [115.50993147886446, 40.36462946567595], [115.51016695937545, 40.36463249997707], [115.51016894262666, 40.36454243816347], [115.510286682739, 40.36454395512951], [115.51028866582466, 40.36445389330963], [115.51040640578933, 40.36445541015105], [115.51042425174845, 40.363644853661846], [115.51054199031276, 40.36364637034026], [115.51054397299579, 40.36355630849589], [115.51066171141248, 40.36355782504969], [115.51066369393, 40.36346776319903], [115.51078143219904, 40.36346927962823], [115.51078539689405, 40.36328915591286], [115.51066765893819, 40.36328763949326], [115.51066964142886, 40.363197577638125], [115.51078737922815, 40.36319909405292], [115.51079332617677, 40.36292890846424], [115.51067558884725, 40.362927392063845], [115.5106795537481, 40.36274726834021], [115.51091502778982, 40.36275030100201], [115.51091700991368, 40.36266023912835], [115.51103474679137, 40.362661755274736], [115.5110327648241, 40.36275181715319], [115.51115050186729, 40.362753333184564], [115.51114653821905, 40.362933456946585], [115.51126427558435, 40.36293497286775], [115.51126229390343, 40.363025034751324], [115.51114455638151, 40.363023518825365], [115.51114059267964, 40.363203642578455], [115.51102285485355, 40.363202126523085], [115.51101889080276, 40.363382250260635], [115.51113662894203, 40.3633837663256], [115.51113861081531, 40.36329370445277], [115.51160956283547, 40.36329976749531], [115.51160758158854, 40.36338982938734], [115.5117253197725, 40.36339134485323], [115.51172135756495, 40.363571468642384], [115.51183909607103, 40.36357298399807], [115.51183315316244, 40.363843169685026], [115.51195089214723, 40.36384468493528], [115.51194693047667, 40.36402480872876], [115.51206466978356, 40.36402632386879], [115.51205674696156, 40.36438657145704], [115.51217448690377, 40.36438808649644], [115.51217052575235, 40.364568210291225], [115.51228826601667, 40.3645697252204], [115.51228628558414, 40.364659787120345], [115.512404026014, 40.3646613019345], [115.51240204572912, 40.36475136383776], [115.51275526754202, 40.36475590757569], [115.51275328771803, 40.364845969491846], [115.51298876928445, 40.364848998060964], [115.51298678976472, 40.364939059985204], [115.51322227168006, 40.364942088084646], [115.5132202924646, 40.365032150016994], [115.51333803359226, 40.36503366389177], [115.51333605452446, 40.36512372582741], [115.51357153711977, 40.3651267532271], [115.51356955835625, 40.36521681517084], [115.51368729982389, 40.36521832869575], [115.51368334258325, 40.365398452588344], [115.5135656008024, 40.36539693905386], [115.51355966440468, 40.36566712486724], [115.51344192216295, 40.36566561119855], [115.51343994318927, 40.36575567312859], [115.51332220079986, 40.36575415933531], [115.51332022166063, 40.36584422125905], [115.51308473659542, 40.36584119330343], [115.51308275713406, 40.365931255216125], [115.51296501445823, 40.36592974105379], [115.51296303483133, 40.366019802960196], [115.51260980638763, 40.36601525973988], [115.512607826282, 40.36610532163043], [115.51249008332869, 40.366103806979204], [115.51249206359094, 40.366013745093476], [115.51237432080318, 40.36601223032724], [115.51237630121308, 40.365922168444804], [115.51225855859086, 40.36592065356355], [115.51226053914844, 40.365830591684414], [115.51190731180519, 40.36582604633608], [115.51190929282365, 40.36573598446984], [115.51179155055037, 40.36573446911889], [115.5117935317165, 40.365644407255964], [115.51167578960876, 40.36564289178998], [115.51167380828603, 40.36573295364811], [115.51037864396831, 40.365716275561375], [115.51037666091399, 40.365806337365235], [115.51002343399992, 40.36580178626549], [115.51002145046684, 40.36589184805347], [115.50990370802344, 40.36589033077577], [115.50990172432482, 40.36598039255746], [115.50954849657849, 40.36597583999105], [115.50954651240113, 40.36606590175684], [115.50919328426552, 40.36606134809763], [115.5091952689127, 40.365971286346245], [115.50907752637536, 40.36596976822501], [115.50907554157156, 40.366059829971576], [115.50895779888657, 40.36605831172571]], [[115.50861846870868, 40.36542332414642], [115.5087362102706, 40.36542484271812], [115.50873819548151, 40.36533478097555], [115.50862045407617, 40.365333262408654], [115.50861846870868, 40.36542332414642]], [[115.50979985232493, 40.36525838089842], [115.50991759366318, 40.365259898262316], [115.50991957729022, 40.36516983646872], [115.50980183610856, 40.36516831910963], [115.50979985232493, 40.36525838089842]], [[115.51039252509798, 40.36508584289266], [115.51051026616777, 40.36508735964787], [115.51051224899393, 40.3649972978273], [115.51039450808074, 40.36499578107689], [115.51039252509798, 40.36508584289266]], [[115.50968806278945, 40.36498667805829], [115.50980580364896, 40.3649881955276], [115.50980778740573, 40.364898133734336], [115.50969004670281, 40.36489661626983], [115.50968806278945, 40.36498667805829]]]}}, {"type": "Feature", "properties": {"year": 2024, "water_area_km2": 0.0088}, "geometry": {"type": "Polygon", "coordinates": [[[115.46489279957093, 40.361607944701156], [115.46489484285831, 40.36151788472359], [115.46477711047906, 40.361516321644274], [115.46478119733926, 40.36133620169456], [115.46466346528234, 40.36133463850535], [115.46466755241879, 40.36115451855955], [115.46454982068418, 40.36115295526044], [115.46455390809686, 40.36097283531858], [115.4644361766846, 40.36097127190957], [115.46444230820413, 40.3607010920004], [115.4646777700986, 40.36070421866896], [115.4646798136069, 40.36061415868635], [115.46479754441143, 40.360615721836005], [115.46479958775397, 40.36052566184695], [115.46515277975317, 40.3605303505623], [115.46515073688028, 40.36062041056616], [115.46550392943205, 40.36062509821822], [115.4655018870196, 40.36071515823545], [115.46561961804515, 40.36071672055149], [115.46561757578003, 40.36080678057216], [115.4658530381719, 40.36080990485476], [115.46584691226056, 40.36108008493748], [115.46572918059037, 40.36107852284123], [115.46572509629031, 40.36125864287902], [115.46548963235134, 40.36125551830739], [115.46548758987439, 40.361345578314165], [115.46525212565916, 40.36134245325348], [115.46525008285988, 40.36143251324886], [115.4650146183684, 40.361429387699104], [115.46501053211597, 40.36160950766562], [115.46489279957093, 40.361607944701156]]]}}, {"type": "Feature", "properties": {"year": 2024, "water_area_km2": 0.0187}, "geometry": {"type": "Polygon", "coordinates": [[[115.51339740147522, 40.36233180513063], [115.51340135904842, 40.36215168116562], [115.51328362293152, 40.36215016744415], [115.5132856018613, 40.3620601054642], [115.51316786590989, 40.36205859162771], [115.51317182405585, 40.36187846767293], [115.51328955969412, 40.36187998149985], [115.51329351749119, 40.361699857529544], [115.51341125282524, 40.361701371227085], [115.51341521027348, 40.361521247241235], [115.51329747525257, 40.361519733553294], [115.51329945411989, 40.361429671562945], [115.51318171926448, 40.361428157759974], [115.5131797402406, 40.36151821974554], [115.51270880028201, 40.36151216331648], [115.51270484095494, 40.36169228724483], [115.51258710567448, 40.361690772828474], [115.51258512584097, 40.36178083478562], [115.5123496549937, 40.361777805583905], [115.5123476748381, 40.36186786752997], [115.51199446816446, 40.36186332281449], [115.51199248753024, 40.3619533847447], [115.51187475183363, 40.36195186959513], [115.5118727710339, 40.36204193151905], [115.51199050688706, 40.36204344667342], [115.51198852623494, 40.362133508600635], [115.51151758224962, 40.36212744724518], [115.5115156009623, 40.36221750915175], [115.51139786483174, 40.36221599350857], [115.51139984627565, 40.362125931606805], [115.51128211031059, 40.362124415848626], [115.51128409190216, 40.36203435395018], [115.51151956352805, 40.362037385337146], [115.51152352605803, 40.36185726151658], [115.51164126157126, 40.361858777020764], [115.51164324266627, 40.361768715103466], [115.51176097803184, 40.361770230483046], [115.51176295896134, 40.36168016855947], [115.51140975336116, 40.361675622075694], [115.51141173475146, 40.36158556016501], [115.51129399972585, 40.3615840444356], [115.51129796279274, 40.361403920619345], [115.51153343222664, 40.36140695193917], [115.5115373946315, 40.361226828097784], [115.51165512904873, 40.36122834356841], [115.5116590911047, 40.361048219711485], [115.5118945593397, 40.361051250274116], [115.51189654004115, 40.360961188333825], [115.51201427401546, 40.36096270343066], [115.51201229347058, 40.36105276537574], [115.51213002761038, 40.36105428035755], [115.51213200799873, 40.36096421840767], [115.5124852100021, 40.36096876261994], [115.51248323008345, 40.36105882458419], [115.51260096425901, 40.3610603390868], [115.51259898448801, 40.36115040105436], [115.5124812501559, 40.361148886546964], [115.51247927021939, 40.36123894850824], [115.51259700470808, 40.36124046302043], [115.51259502491921, 40.361330524985014], [115.5127127595734, 40.361332039382205], [115.5127147392057, 40.36124197741283], [115.51318567728545, 40.36124803378437], [115.51318369827943, 40.36133809577292], [115.51353690240268, 40.36134263680803], [115.51353888093901, 40.36125257480513], [115.513774350086, 40.361255601553275], [115.51377237186281, 40.36134566356576], [115.51424331089017, 40.361351715643586], [115.51423144512142, 40.3618920878022], [115.51411370941177, 40.36189057493373], [115.51410579809456, 40.362250822990575], [115.51398806176755, 40.36224930998315], [115.51399201775713, 40.36206918596727], [115.5138742817522, 40.36206767284961], [115.51387032544945, 40.362247796855904], [115.51363485284, 40.36224477024201], [115.51363287436209, 40.362334832233344], [115.51339740147522, 40.36233180513063]], [[115.51187871340635, 40.36177174574283], [115.51199644878977, 40.361773260882806], [115.51199842940613, 40.36168319894963], [115.51188069417928, 40.361681683814446], [115.51187871340635, 40.36177174574283]], [[115.51199842940613, 40.36168319894963], [115.51211616464194, 40.36168471396501], [115.5121181450928, 40.36159465202555], [115.51200041001358, 40.36159313701497], [115.51199842940613, 40.36168319894963]], [[115.51141173475146, 40.36158556016501], [115.511529469786, 40.36158707577461], [115.51153145101078, 40.36149701385762], [115.51141371613281, 40.36149549825282], [115.51141173475146, 40.36158556016501]]]}}, {"type": "Feature", "properties": {"year": 2024, "water_area_km2": 0.01}, "geometry": {"type": "Polygon", "coordinates": [[[115.44859207797442, 40.358597688471335], [115.44859414273397, 40.35850762913863], [115.4482409640463, 40.35850289005254], [115.44824302926614, 40.35841283073332], [115.44812530321205, 40.3584112508034], [115.44812736857908, 40.3583211914877], [115.44789191681195, 40.358318031278515], [115.44789398248271, 40.35822797197132], [115.44765853106591, 40.35822481129303], [115.4476605970404, 40.35813475199434], [115.44801377371, 40.358139492817095], [115.4480117082051, 40.358229552130794], [115.44848261118777, 40.35823587157093], [115.44848054629965, 40.358325930903135], [115.44883372410402, 40.35833066924056], [115.44883578852257, 40.35824060989337], [115.44930669176601, 40.35824692597971], [115.44930875554914, 40.35815686661104], [115.44966193260989, 40.358161602403136], [115.44966399591415, 40.35807154301798], [115.44989944702147, 40.358074699603826], [115.44990151000336, 40.35798464020719], [115.45001923541444, 40.35798621831547], [115.45002129823051, 40.357896158912325], [115.45013902349439, 40.357897736895815], [115.45014108614463, 40.35780767748621], [115.45025881126128, 40.35780925534494], [115.45026293622081, 40.357629136511235], [115.4503806610337, 40.3576307142402], [115.450384785643, 40.35745059539054], [115.45062023467064, 40.35745375046916], [115.45062229664829, 40.35736369103211], [115.45074002101954, 40.35736526838677], [115.45073177367925, 40.35772550614599], [115.4506140486819, 40.357723928771364], [115.45060580056672, 40.35808416648672], [115.45048807495259, 40.358082588972344], [115.45048601274401, 40.358172648392454], [115.45036828698267, 40.358171070753315], [115.45036622460825, 40.35826113016694], [115.45013077280039, 40.35825797451934], [115.45012871010363, 40.35834803392148], [115.44989325801993, 40.358344877784766], [115.44989119500082, 40.35843493717544], [115.44977346881639, 40.35843335892242], [115.44977140563147, 40.358523418306596], [115.44953595297747, 40.35852026143123], [115.44953388947016, 40.35861032080391], [115.44859207797442, 40.358597688471335]]]}}, {"type": "Feature", "properties": {"year": 2024, "water_area_km2": 0.2561}, "geometry": {"type": "Polygon", "coordinates": [[[115.42573905506102, 40.36396428389385], [115.42577048752884, 40.36261340973713], [115.42588821963635, 40.362615012558365], [115.42589241015828, 40.36243489596853], [115.42601014196214, 40.36243649865983], [115.42601223705239, 40.362346440357605], [115.42612996870915, 40.36234804292403], [115.42613206363337, 40.36225798461524], [115.42624979514305, 40.36225958705681], [115.42625188990127, 40.36216952874145], [115.42636962126385, 40.362171131058155], [115.42637171585606, 40.36208107273622], [115.42743129713527, 40.36209548815039], [115.42742920395199, 40.362185546517935], [115.42766466687547, 40.36218874863574], [115.42766048110676, 40.36236886538661], [115.42777821289576, 40.36237046627597], [115.42777612015384, 40.36246052465422], [115.4278938521088, 40.36246212542884], [115.42789175951397, 40.36255218381067], [115.42836268805453, 40.36255858573149], [115.42836478002316, 40.3624685273294], [115.428717976058, 40.36247332749701], [115.42872006754753, 40.36238326907824], [115.42895553130482, 40.36238646858088], [115.42895762247183, 40.362296410150485], [115.42919308595376, 40.36229960916384], [115.42919517679822, 40.36220955072183], [115.42931290839677, 40.36221115004376], [115.4293170897443, 40.36203103314512], [115.4294348210392, 40.36203263233713], [115.42943691154224, 40.36194257388051], [115.42955464269002, 40.36194417294767], [115.42955673302711, 40.361854114484494], [115.42967446402777, 40.3618557134268], [115.42967864436055, 40.36167559648583], [115.42979637505752, 40.36167719529824], [115.42979846505324, 40.36158713682044], [115.42991619560308, 40.361588735508], [115.42991828543282, 40.36149867702365], [115.43003601583558, 40.361500275586366], [115.43003810549935, 40.361410217095454], [115.43027356602002, 40.36141341385141], [115.43027565536127, 40.36132335534888], [115.43039338547918, 40.36132495354211], [115.43039547465446, 40.36123489503304], [115.43051320462527, 40.36123649310143], [115.43052156060598, 40.360876259029965], [115.43040383126133, 40.36087466098181], [115.43040800950824, 40.36069454394721], [115.4305257385398, 40.360696141985244], [115.43052991643592, 40.360516024934554], [115.43041218771742, 40.360514426906626], [115.43041845496056, 40.36024425133452], [115.43030072672111, 40.36024265320198], [115.43030490514914, 40.36006253615654], [115.43042263307552, 40.36006413427897], [115.43042472211887, 40.35997407574896], [115.43054244989814, 40.35997567374653], [115.43054453877554, 40.359885615209954], [115.4318395432473, 40.35990318522215], [115.43184163039342, 40.35981312662849], [115.43195935797263, 40.35981472317859], [115.43195727098305, 40.359904781777296], [115.4321927264828, 40.35990797452825], [115.4321948131593, 40.35981791591942], [115.43243026838364, 40.35982110818113], [115.43243235473767, 40.3597310495607], [115.43255008220741, 40.35973264550684], [115.43255216839549, 40.35964258687986], [115.43266989571813, 40.35964418270116], [115.43266780968659, 40.359734241333186], [115.43278553717514, 40.35973583703975], [115.43278345129072, 40.35982589567533], [115.43266572364563, 40.35982429996371], [115.43266363759525, 40.359914358592725], [115.43254590980301, 40.35991276275629], [115.4325438235867, 40.36000282137878], [115.43242609564737, 40.360001225417484], [115.43242400926509, 40.36009128403343], [115.43218855310155, 40.36008809174142], [115.4321864663968, 40.360178150345746], [115.43206873817263, 40.36017655401501], [115.43206665130195, 40.3602666126128], [115.43194892293063, 40.360265016157236], [115.431946835894, 40.360355074748476], [115.43265320720225, 40.360364651715436], [115.43265529329967, 40.36027459309389], [115.43312620706723, 40.36028097532265], [115.43312829252909, 40.36019091667941], [115.43336374915626, 40.36019410706499], [115.43336583429561, 40.36010404841016], [115.43348356246678, 40.36010564341822], [115.43348773240426, 40.35992552609397], [115.43360546027174, 40.35992712097215], [115.43361379940772, 40.35956688628552], [115.43373152665848, 40.359568481023736], [115.43373361126243, 40.359478422343294], [115.43385133836604, 40.35948001695669], [115.43385342280408, 40.359389958269695], [115.43397114976057, 40.35939155275827], [115.4339794867925, 40.35903131797516], [115.43421493948146, 40.35903450655259], [115.43421285555064, 40.35912456526069], [115.43433058206574, 40.35912615937479], [115.43432641448898, 40.359306276796616], [115.43444414132654, 40.35930787080101], [115.43444205768056, 40.35939792951472], [115.43455978468407, 40.35939952340438], [115.43455770118524, 40.35948958212164], [115.43467542835467, 40.35949117589657], [115.43467334500296, 40.35958123461737], [115.43549743654778, 40.35959238772327], [115.43549951880374, 40.359502328967174], [115.43608815512061, 40.359510291852736], [115.43608607364729, 40.35960035063404], [115.43691016598092, 40.35961149367828], [115.43691224635852, 40.35952143486172], [115.43726542845839, 40.35952620864027], [115.43726750835701, 40.3594361498071], [115.43762069007171, 40.35944092249252], [115.43762276949134, 40.35935086364276], [115.43774049659183, 40.3593524542933], [115.43774257584556, 40.359262395437], [115.43797802976155, 40.359265576368685], [115.43798010869283, 40.35917551750083], [115.4382155623333, 40.35917869794331], [115.43822387671243, 40.35881846241669], [115.43810615051363, 40.358816872275455], [115.4381165440592, 40.35836657785869], [115.43823426947537, 40.35836816797475], [115.43823634799982, 40.35827810908187], [115.43835407326885, 40.35827969907313], [115.43835615162743, 40.35818964017373], [115.4384738767493, 40.35819123004018], [115.43847595494198, 40.35810117113425], [115.43871140490083, 40.358104350497754], [115.43871348277108, 40.35801429158026], [115.43883120760803, 40.35801588107733], [115.43883328531238, 40.35792582215331], [115.4389510100022, 40.35792741152557], [115.43895308754067, 40.35783735259504], [115.43907081208333, 40.35783894184249], [115.4390728894559, 40.35774888290542], [115.43919061385141, 40.35775047202806], [115.4391926910581, 40.35766041308448], [115.43931041530647, 40.35766200208232], [115.43931249234727, 40.357571943132214], [115.43943021644849, 40.35757353200526], [115.43943229332339, 40.35748347304862], [115.43955001727745, 40.35748506179686], [115.43955209398649, 40.357395002833705], [115.43990526543533, 40.3573997683447], [115.43990734166545, 40.35730970936497], [115.4401427890318, 40.357312885763385], [115.44014486493951, 40.3572228267721], [115.44026258848024, 40.35722441478662], [115.44026466422204, 40.357134355788816], [115.44038238761563, 40.35713594367854], [115.44038446319156, 40.35704588467423], [115.44050218643798, 40.35704747243915], [115.44050011101855, 40.357137531448494], [115.44061783443082, 40.35713911909867], [115.44060745797576, 40.35758941414809], [115.44048973378088, 40.357587826472795], [115.44048765830527, 40.35767788547316], [115.44036993396324, 40.35767629767307], [115.44036785832176, 40.35776635666691], [115.44025013383259, 40.357764768742015], [115.44024390638235, 40.35803494569952], [115.44012618143297, 40.358033357639776], [115.44012410544099, 40.3581234166176], [115.44000638034446, 40.35812182843304], [115.44000430418659, 40.358211887404345], [115.43988657894289, 40.35821029909499], [115.43987827359162, 40.35857053494513], [115.4397605477312, 40.3585689464959], [115.43975016504875, 40.35901924124979], [115.43951471179074, 40.35901606394171], [115.43951263491309, 40.35910612287794], [115.43915945462673, 40.35910135600238], [115.43915737727013, 40.35919141492203], [115.43880419659853, 40.359186646953376], [115.43880211876295, 40.359276705856445], [115.43868439173463, 40.35927511628897], [115.43867815770209, 40.35954529297412], [115.43856043021356, 40.35954370327177], [115.43854796095617, 40.3600840565715], [115.4384302325378, 40.360082466719184], [115.4384219188859, 40.360442702202306], [115.43853964793043, 40.36044429207475], [115.43853756965056, 40.36053435094682], [115.43865529886102, 40.360535940704516], [115.43865322072831, 40.36062599958013], [115.43877095010467, 40.36062758922306], [115.43876471611998, 40.360897765855995], [115.43864698627397, 40.360896176197976], [115.43864490810375, 40.3609862350676], [115.4380562582317, 40.360978284955486], [115.4380541792694, 40.36106834379846], [115.43781871907312, 40.36106516290504], [115.43781663978835, 40.36115522173645], [115.43769890954775, 40.361153631105026], [115.43769683009705, 40.36124368992991], [115.43757909970928, 40.36124209917365], [115.43757702009266, 40.361332157992], [115.43745928955772, 40.36133056711092], [115.43745720977518, 40.36142062592275], [115.43733947909307, 40.36141903491685], [115.4373373991446, 40.36150909372215], [115.43721966831532, 40.361507502591415], [115.43721758820092, 40.361597561390184], [115.4369821262574, 40.36159437875929], [115.43698004582053, 40.36168443754648], [115.43686231470632, 40.361682846046314], [115.4368602341035, 40.36177290482698], [115.4366247715901, 40.3617697214572], [115.4366226906648, 40.36185978022629], [115.43638722787585, 40.36185659636728], [115.43638514662807, 40.3619466551248], [115.43603195204541, 40.36194187842272], [115.43602987031858, 40.362031937163636], [115.43579440699732, 40.36202875208655], [115.43579232494801, 40.36211881081588], [115.43567459314491, 40.36211721809261], [115.43567251092963, 40.36220727681541], [115.4355547789794, 40.3622056839673], [115.43555269659815, 40.36229574268357], [115.43508176826488, 40.36228937007305], [115.43507968524807, 40.36237942876765], [115.4346087564389, 40.362373054220285], [115.43460667278646, 40.3624631128932], [115.4342534758086, 40.36245833070972], [115.4342513916771, 40.362548389366026], [115.4340159267591, 40.36254520063464], [115.43401175784166, 40.36272531792258], [115.43389402508366, 40.362723723367104], [115.43389194045429, 40.36281378200377], [115.4337742075491, 40.36281218732345], [115.43377212275377, 40.362902245953606], [115.43353665665855, 40.3628990562235], [115.43353457154069, 40.36298911484204], [115.43306363883687, 40.362982733924085], [115.43306572458097, 40.36289267532574], [115.43283025859863, 40.36288948415809], [115.43283234464643, 40.36279942556833], [115.43259687901484, 40.362796233931604], [115.43259479265392, 40.362886292511256], [115.4324770596957, 40.362884696508154], [115.43247288663251, 40.36306481365285], [115.43235515337057, 40.363063217519844], [115.43235306666831, 40.363153276084915], [115.43176439971703, 40.36314529359769], [115.43176648720208, 40.3630552350579], [115.43200195364122, 40.36305842840206], [115.43200404080375, 40.36296836985066], [115.4321217738809, 40.362969966338], [115.43212386087744, 40.36287990778006], [115.43224159380745, 40.362881504142564], [115.43224368063805, 40.36279144557805], [115.43236141342088, 40.362793041815685], [115.43236350008551, 40.36270298324465], [115.43248123272122, 40.36270457935745], [115.43249375157193, 40.36216422786945], [115.43261148327771, 40.36216582383215], [115.43261982836376, 40.361805589456694], [115.43250209728417, 40.361803993514194], [115.4325041836887, 40.36171393492164], [115.43226872187084, 40.361710742687364], [115.43227080857905, 40.3616206841034], [115.43215307784078, 40.36161908781164], [115.43215516469614, 40.36152902923124], [115.43203743412384, 40.36152743282474], [115.43203952112631, 40.361437374247906], [115.43180406032305, 40.36143418108562], [115.43180197300747, 40.36152423965235], [115.43156651192875, 40.36152104600081], [115.43156442429067, 40.361611104555934], [115.43144669360892, 40.361609507545424], [115.43144460580486, 40.36169956609402], [115.43085595175452, 40.36169157921936], [115.43085386315833, 40.36178163774117], [115.43038293946144, 40.361775246065], [115.43038085022961, 40.36186530456509], [115.43026311917242, 40.36186370634153], [115.43026102977461, 40.361953764835064], [115.43002556737538, 40.36195056801842], [115.43002347765506, 40.362040626500345], [115.42978801498043, 40.362037429194444], [115.42977965475248, 40.36239766306669], [115.4298973867113, 40.36239926179977], [115.4298952967873, 40.36248932026915], [115.43001302891207, 40.36249091888751], [115.43000884934888, 40.362671035831895], [115.4301265817962, 40.36267263434057], [115.43012449215705, 40.362762692815586], [115.43024222477034, 40.36276429120952], [115.43023804577683, 40.36294440816516], [115.43035577871268, 40.362946006449434], [115.43035368935833, 40.36303606493006], [115.43047142246016, 40.3630376630996], [115.43046933325296, 40.36312772158378], [115.43058706652077, 40.363129319638574], [115.43057662112618, 40.36357961206237], [115.43045888707557, 40.36357801398231], [115.43045679781183, 40.363668072457514], [115.42998586107738, 40.36366167891902], [115.42999004084794, 40.363481562007564], [115.42987230700103, 40.36347996333356], [115.42987857705587, 40.36320978797032], [115.42976084368804, 40.36320818919169], [115.4297650239906, 40.363028072285495], [115.4292940918661, 40.36302167601354], [115.42929200109332, 40.363111734447145], [115.42905653477452, 40.36310853558228], [115.4290544436792, 40.363198594004245], [115.42893671037741, 40.36319699438706], [115.42893461911606, 40.36328705280249], [115.42869915222765, 40.3632838531986], [115.42869706064377, 40.3633739116024], [115.42834385991225, 40.3633691112829], [115.42834176784926, 40.363459169670016], [115.42798856673296, 40.36345436825715], [115.42798647419086, 40.36354442662758], [115.42739780506969, 40.36353642185155], [115.42739989839461, 40.363446363506455], [115.42728216475527, 40.36344476219693], [115.42728425822729, 40.3633547038554], [115.42716652475396, 40.36335310243115], [115.42717489917389, 40.36299286907034], [115.427292632021, 40.36299447047432], [115.4272947254458, 40.36290441212532], [115.42682379474026, 40.36289800581087], [115.42681960662874, 40.36307812246685], [115.42670187366285, 40.363076520578616], [115.42669768520042, 40.36325663721847], [115.42657995193086, 40.363255035200304], [115.42657366869666, 40.36352521013364], [115.4264559349669, 40.36352360798047], [115.42645384038003, 40.36361366628353], [115.42633610650314, 40.36361206400548], [115.4263340117503, 40.363702122301966], [115.42621627772625, 40.363700519899055], [115.4262141828074, 40.36379057818897], [115.42609644863627, 40.36378897566119], [115.42609435355139, 40.36387903394455], [115.42585888492435, 40.363875828519454], [115.42585678951693, 40.36396588679116], [115.42573905506102, 40.36396428389385]], [[115.43170511676091, 40.360622057202306], [115.43182284573953, 40.36062365391766], [115.43182493296096, 40.360533595335966], [115.43194266179245, 40.36053519192647], [115.43194474884794, 40.36044513333821], [115.43170929150742, 40.360441940047515], [115.43170511676091, 40.360622057202306]]]}}, {"type": "Feature", "properties": {"year": 2024, "water_area_km2": 0.0075}, "geometry": {"type": "Polygon", "coordinates": [[[115.46757266208287, 40.35767965703802], [115.46757878037016, 40.35740947657768], [115.4674610549892, 40.357407916361], [115.46746309455642, 40.35731785620951], [115.46722764413512, 40.357314735426684], [115.46722560425482, 40.35740479556831], [115.46699015355728, 40.3574016742965], [115.4669921937506, 40.357311614164765], [115.46687446857214, 40.35731005335413], [115.4668765089128, 40.35721999322582], [115.46675878390006, 40.357218432300364], [115.46676082438802, 40.35712837217552], [115.46664309954103, 40.3571268111352], [115.46665126202693, 40.35676657064066], [115.46653353781524, 40.356765009500336], [115.4665355785702, 40.356674949377904], [115.46677102668978, 40.35667807152889], [115.46676898624786, 40.3567681316612], [115.4670044347173, 40.35677125334298], [115.46700239457918, 40.356861313483655], [115.46712011898423, 40.356862874149826], [115.46711807899342, 40.35695293429396], [115.4672358035642, 40.35695449484528], [115.46723376372074, 40.357044554992875], [115.46770466272187, 40.35705079602015], [115.46770670193926, 40.3569607358528], [115.46817760046152, 40.3569669749439], [115.4681796390436, 40.35687691475533], [115.46829736354063, 40.35687847422373], [115.46829940195704, 40.35678841402873], [115.46853485066563, 40.35679153259633], [115.46853688875977, 40.356701472389965], [115.46865461297135, 40.35670303148916], [115.46865053708689, 40.35688315191027], [115.46853281256227, 40.3568815928012], [115.46853077444976, 40.35697165300458], [115.46829532511505, 40.35696853441725], [115.46829328668028, 40.35705859460926], [115.4681755618702, 40.35705703513099], [115.46817352326971, 40.35714709531657], [115.46805579831232, 40.3571455357136], [115.4680517207707, 40.35732565607044], [115.46793399550945, 40.357324096337805], [115.46792583968976, 40.357684337013815], [115.46757266208287, 40.35767965703802]]]}}, {"type": "Feature", "properties": {"year": 2024, "water_area_km2": 2.8335}, "geometry": {"type": "Polygon", "coordinates": [[[115.4591489150807, 40.37594545954476], [115.45915096705014, 40.37585540003406], [115.45903321003794, 40.37585383064983], [115.4590352621548, 40.37576377114261], [115.45879974847152, 40.375760632024516], [115.45880180089243, 40.375670572525735], [115.45856628755952, 40.37566743293816], [115.45856834028453, 40.37557737344783], [115.45833282730196, 40.37557423339077], [115.45833488033102, 40.37548417390889], [115.4582171240103, 40.37548260370554], [115.45821917718676, 40.375392544227125], [115.45798366488647, 40.37538940347083], [115.45798777183826, 40.37520928452939], [115.45775226020164, 40.37520614331356], [115.45775636774302, 40.37502602438602], [115.45763861225194, 40.37502445360827], [115.4576406661654, 40.374934394147225], [115.45752291084023, 40.3749328232546], [115.45752701895266, 40.37475270433798], [115.45764477396449, 40.37475427522066], [115.45764888172656, 40.374574156288126], [115.45776663643436, 40.37457572704101], [115.45776869014482, 40.37448566756754], [115.4580041992749, 40.374488808703845], [115.45800625266278, 40.374398749218926], [115.45812400708506, 40.37440031960234], [115.45812606030702, 40.37431026011097], [115.45800830604139, 40.37430868973253], [115.45801241277088, 40.37412857075522], [115.45789465882781, 40.374127000266874], [115.45789876583355, 40.37394688129355], [115.45766325860185, 40.37394373997718], [115.45766531240413, 40.373853680498215], [115.45625227167217, 40.373834822592656], [115.456254327345, 40.373744763171864], [115.45613657416759, 40.373743190905714], [115.45613862998775, 40.3736531314884], [115.45602087697625, 40.37365155910739], [115.45602293294382, 40.37356149969355], [115.45590518009826, 40.373559927197675], [115.45590723621318, 40.37346986778733], [115.45567173086317, 40.37346672244597], [115.45567378728212, 40.37337666304409], [115.45555603477766, 40.37337509019863], [115.45555809134399, 40.37328503080022], [115.4553225866762, 40.373281884759706], [115.45532464354655, 40.37319182536977], [115.45520689138321, 40.37319025217473], [115.45520894840092, 40.37310019278827], [115.45497344441542, 40.373097046048635], [115.45497550173711, 40.37300698667063], [115.45485774991491, 40.37300541312602], [115.45485980738398, 40.37291535375151], [115.4547420557277, 40.37291378009204], [115.45474617095128, 40.3727336613485], [115.4546284196176, 40.372732087579145], [115.45463459285325, 40.372461909467575], [115.45451684199877, 40.37246033559334], [115.45452095775606, 40.37228021685477], [115.45440320722413, 40.37227864287064], [115.4544052652455, 40.3721885835041], [115.45405201417529, 40.37218386084762], [115.45405407265727, 40.37209380149452], [115.45381857230352, 40.372090652467655], [115.45382063108949, 40.37200059312303], [115.45358513108616, 40.371997443626775], [115.45358719017611, 40.371907384290616], [115.45370494001651, 40.37190895909369], [115.45370699894055, 40.37181889975106], [115.4538247486336, 40.37182047442931], [115.4538268073917, 40.371730415080215], [115.45394455693739, 40.371731989633645], [115.4539507326861, 40.371461811562426], [115.45406848177122, 40.37146338598108], [115.4540705401789, 40.37137332661604], [115.45418828911666, 40.37137490090986], [115.45419446381415, 40.37110472279084], [115.45431221229128, 40.37110629694989], [115.4543142703486, 40.3710162375689], [115.45407877371686, 40.37101308914093], [115.45408289043013, 40.37083297039441], [115.45396514244142, 40.37083139601064], [115.45396720094075, 40.37074133664012], [115.45384945311797, 40.3707397621415], [115.45385151176464, 40.37064970277447], [115.45373376410778, 40.370648128161], [115.45373582290179, 40.37055806879746], [115.45397131791155, 40.370561217894604], [115.45397337638303, 40.3704711585196], [115.45444436588751, 40.370477455256], [115.45444642372318, 40.370387395859574], [115.45550614924163, 40.37040155646156], [115.45550820565845, 40.37031149701885], [115.45727441417606, 40.370335076377984], [115.45727646823426, 40.37024501685915], [115.45739421538629, 40.370246587852805], [115.4573962692786, 40.37015652832753], [115.45892698106191, 40.370176940275925], [115.45892903290887, 40.370086880684546], [115.45904677987731, 40.370088449990654], [115.4590488315584, 40.369998390392816], [115.45893108474658, 40.36999682109168], [115.45893313657503, 40.36990676149731], [115.45905088323022, 40.36990833079348], [115.45905293489278, 40.36981827119266], [115.45917068140064, 40.36981984036403], [115.45917273289733, 40.36972978075675], [115.45940822562753, 40.36973291873008], [115.45941027680175, 40.36964285911137], [115.45952802302409, 40.36964442791333], [115.4595321250315, 40.36946430866152], [115.46188704515606, 40.369495659338284], [115.46188909301355, 40.36940559961093], [115.4627133148341, 40.369416560989364], [115.46271536158604, 40.369326501225856], [115.46318634506015, 40.36933276221465], [115.4631883911764, 40.369242702429815], [115.46401261151516, 40.36925365451219], [115.46401465652583, 40.369163594691194], [115.46425014782099, 40.36916672276925], [115.46425219250922, 40.36907666293688], [115.46436993801402, 40.36907822679122], [115.46437198253642, 40.368988166952384], [115.46448972789382, 40.368989730681946], [115.46449177225037, 40.36889967083669], [115.46460951746039, 40.36890123444148], [115.46461360583261, 40.36872111473658], [115.46473135073862, 40.36872267821164], [115.46473339475429, 40.36863261835201], [115.46508662905782, 40.36863730804341], [115.46509684664866, 40.36818700864864], [115.46486135866988, 40.36818388235699], [115.46486340247361, 40.36809382248346], [115.4646279148449, 40.368090695722415], [115.46462995895263, 40.36800063585727], [115.46451221530872, 40.367999072301956], [115.46451425956383, 40.367909012440286], [115.46416102915725, 40.36790432107027], [115.4641589844323, 40.3679943809171], [115.4639234972275, 40.36799125272809], [115.46392554226563, 40.367901192891146], [115.46357231199742, 40.36789649972381], [115.46357435749616, 40.36780643990022], [115.46345661424849, 40.36780487527641], [115.4634586598946, 40.367714815456296], [115.46357640298568, 40.36771638007515], [115.46357844846597, 40.36762632024858], [115.46381393436258, 40.36762944911692], [115.46381597952043, 40.36753938927897], [115.46393372232598, 40.36754095352847], [115.46393576731798, 40.36745089368406], [115.46405350997615, 40.367452457808774], [115.46405555480234, 40.367362397957926], [115.46393781230078, 40.367360833838156], [115.46393985727437, 40.36727077399077], [115.46382211493862, 40.36726920975614], [115.46382416005956, 40.36717914991219], [115.46370641788964, 40.36717758556268], [115.46370846315797, 40.36708752572221], [115.46359072115386, 40.36708596125783], [115.46359276656958, 40.36699590142082], [115.4634750247313, 40.36699433684157], [115.46347707029439, 40.366904277008004], [115.46335932862195, 40.36690271231389], [115.46336137433238, 40.366812652483794], [115.46312589132837, 40.366809522746024], [115.46312793734279, 40.36671946292433], [115.46301019601124, 40.366717897880676], [115.46301224217301, 40.366627838062435], [115.46289450100727, 40.366626272903915], [115.4628965473164, 40.36653621308915], [115.46277880631649, 40.366534647815755], [115.46278085277298, 40.36644458800444], [115.46254537111408, 40.36644145710814], [115.46254741787452, 40.36635139730523], [115.46195871467178, 40.366343567992466], [115.46195666712836, 40.36643362777059], [115.46172118559873, 40.36643049519686], [115.46172323345532, 40.366340435428654], [115.46160549286097, 40.36633886896703], [115.46161163684513, 40.36606868966832], [115.46172937696973, 40.366070256115066], [115.46173142478938, 40.36598019634089], [115.4616136848214, 40.36597862989909], [115.46161778074615, 40.36579851035617], [115.46150004110058, 40.36579694380447], [115.46150208920571, 40.36570688403571], [115.46126661025544, 40.365703750582796], [115.46126865866448, 40.365613690822464], [115.4611509193598, 40.36561212392125], [115.46115296791619, 40.3655220641644], [115.46103522877733, 40.365520497148324], [115.46103727748108, 40.36543043739492], [115.46091953850805, 40.365428870264], [115.46092158735917, 40.36533881051408], [115.46080384855195, 40.36533724326829], [115.46080589755039, 40.365247183521845], [115.46057042027688, 40.36524404868077], [115.46057246957922, 40.36515398894274], [115.46045473111292, 40.36515242134746], [115.46045678056261, 40.36506236161289], [115.46033904226215, 40.365060793902764], [115.46034109185916, 40.364970734171656], [115.46022335372453, 40.364969166346675], [115.4602254034689, 40.364879106619036], [115.46010766550009, 40.36487753867921], [115.46010971539178, 40.36478747895506], [115.45999197758879, 40.36478591090037], [115.45999402762781, 40.36469585117968], [115.45975855236274, 40.36469271472084], [115.45976060270571, 40.364602655008575], [115.45964286524362, 40.36460108660441], [115.45964491573389, 40.3645110268956], [115.45952717843763, 40.36450945837659], [115.45952922907524, 40.364419398671274], [115.45941149194479, 40.364417830037404], [115.45941354272973, 40.36432777033556], [115.45929580576514, 40.364326201586856], [115.4592999076204, 40.364146082188604], [115.45918217097818, 40.36414451333003], [115.45918422204853, 40.36405445363362], [115.45930195853416, 40.36405602248724], [115.45930811121993, 40.36378584337418], [115.45989679143823, 40.36379368577073], [115.45989474133506, 40.36388374550139], [115.46001247756305, 40.36388531362624], [115.46001042760724, 40.363975373360375], [115.46012816400105, 40.363976941370396], [115.46012611419256, 40.364067001108], [115.46036158732105, 40.364070136778544], [115.46035953781647, 40.36416019652459], [115.46047727455115, 40.364161764185106], [115.4604731758274, 40.364341883682606], [115.46059091288447, 40.36434345123325], [115.46058886366532, 40.36443351098472], [115.46070660088822, 40.36443507842051], [115.46070455181639, 40.364525138175445], [115.46082228920513, 40.364526705496395], [115.46082024028063, 40.36461676525481], [115.46093797783519, 40.36461833246092], [115.46093592905801, 40.36470839222278], [115.46105366677838, 40.364709959314034], [115.46105161814856, 40.36480001907937], [115.46116935603476, 40.36480158605577], [115.46116730755229, 40.364891645824585], [115.4612850456043, 40.364893212686134], [115.46128299726915, 40.364983272458396], [115.46140073548699, 40.3649848392051], [115.4613986872992, 40.36507489898083], [115.46151642568285, 40.36507646561269], [115.4615143776424, 40.36516652539188], [115.46163211619188, 40.365168091908885], [115.46163006829877, 40.36525815169155], [115.46174780701408, 40.36525971809369], [115.46174575926833, 40.36534977787982], [115.46186349814944, 40.36535134416711], [115.46185940294339, 40.3655314637448], [115.46197714214692, 40.3655330299222], [115.46197509468664, 40.36562308971374], [115.46209283405598, 40.36562465577629], [115.46209078674303, 40.3657147155713], [115.46232626582265, 40.365717847346865], [115.46232421881363, 40.3658079071503], [115.46244195852387, 40.36580947286331], [115.46243991166223, 40.365899532670205], [115.46255765153828, 40.36590109826836], [115.46255560482399, 40.36599115807873], [115.462791084917, 40.3659942889255], [115.46278903850664, 40.36608434874428], [115.4629067787236, 40.366085913992904], [115.46290473246063, 40.36617597381514], [115.46302247284338, 40.36617753894889], [115.46302042672777, 40.366267598774584], [115.46313816727634, 40.36626916379348], [115.46313612130808, 40.366359223622645], [115.46325386202248, 40.36636078852668], [115.46325590783415, 40.36627072869257], [115.46337364840119, 40.36627229347184], [115.46337569404703, 40.36618223363129], [115.46361117489559, 40.366185362820474], [115.46361322021905, 40.36609530296854], [115.46396644109132, 40.36609999583886], [115.46396439623767, 40.36619005570565], [115.46408213670347, 40.36619161976108], [115.46407395782302, 40.366551859233134], [115.46383847564786, 40.366548730962876], [115.4638364305915, 40.36663879081725], [115.46371868936117, 40.36663722649744], [115.463716644139, 40.36672728634538], [115.46395212692207, 40.36673041487508], [115.46395008200382, 40.36682047473142], [115.4640678235658, 40.3668220388215], [115.46406577879496, 40.3669120986813], [115.46418352052275, 40.366913662656515], [115.46418147589925, 40.36700372251978], [115.46441695969571, 40.36700685012063], [115.46441491537622, 40.3670969099923], [115.46476814160987, 40.36710160050979], [115.46476609775095, 40.36719166039481], [115.465001582266, 40.36719478681727], [115.46500362581172, 40.36710472692237], [115.46512136792647, 40.36710628994893], [115.46512341130638, 40.3670162300476], [115.46535889525033, 40.36701935573135], [115.46537115345699, 40.36647899623259], [115.46548889450321, 40.36648055886507], [115.46549093734882, 40.36639049893845], [115.46560867824765, 40.36639206144617], [115.46561072092744, 40.366302001513105], [115.4657284616789, 40.366303563896075], [115.46573050419288, 40.36621350395657], [115.46584824479694, 40.36621506621478], [115.46585028714513, 40.366125006268845], [115.46596802760182, 40.366126568402294], [115.46597211195736, 40.36594644849604], [115.46608985211009, 40.3659480104998], [115.46609393611556, 40.36576789057769], [115.46621167596433, 40.365769452451744], [115.46621371779668, 40.365679392483514], [115.46644919720863, 40.3656825158623], [115.46645123871858, 40.3655924558827], [115.46656897828179, 40.36559401738741], [115.46657101962596, 40.365503957401366], [115.46668875904177, 40.36550551878135], [115.46669896484146, 40.365055218804045], [115.46681670348359, 40.3650567800395], [115.46682078542582, 40.36487666002826], [115.4667030470969, 40.36487509880267], [115.46671121149726, 40.36451485878201], [115.46624026077886, 40.36450861276065], [115.46624230248224, 40.36441855277154], [115.46541814017577, 40.36440761765616], [115.46542018296599, 40.36431755770014], [115.46447828499268, 40.36430505327657], [115.46448032902632, 40.36421499335864], [115.46424485493831, 40.364211866064565], [115.46425098792339, 40.36394168633147], [115.46436872449304, 40.36394325002357], [115.46437076864638, 40.363853190104614], [115.46472397794092, 40.3638578804472], [115.4647260216153, 40.3637678205119], [115.46555017586255, 40.36377876041684], [115.4655481332842, 40.36386882038676], [115.46625455250918, 40.363878192805416], [115.46625659414812, 40.36378813280584], [115.46672753985604, 40.36379437866908], [115.46672958085945, 40.36370431864823], [115.46684731715284, 40.363705879809594], [115.46684935799048, 40.36361581978233], [115.46696709413654, 40.36361738081894], [115.46696505345548, 40.36370744085115], [115.46778920783159, 40.36371836478749], [115.46779328699249, 40.36353824465244], [115.46755781489387, 40.363535124146544], [115.46755985477365, 40.363445064086655], [115.46744211889474, 40.36344350365895], [115.46744823894862, 40.36317332348514], [115.46768370977624, 40.36317644419114], [115.46768982880786, 40.362906263974295], [115.46745435891964, 40.36290314329792], [115.46745639889158, 40.362813083232524], [115.46698545985186, 40.362806840461914], [115.46699158159127, 40.36253666031604], [115.46675611306604, 40.36253353824157], [115.46675815394055, 40.362443478199836], [115.46664041984829, 40.362441916987855], [115.46664246087018, 40.362351856949566], [115.46687792875076, 40.362354979243875], [115.46688201014065, 40.36217485914306], [115.4667642765089, 40.36217329806569], [115.4667663173466, 40.36208323801799], [115.4666485838806, 40.36208167682576], [115.46665062486565, 40.36199161678151], [115.46641515827439, 40.361988494047544], [115.46641311697623, 40.362078554081904], [115.46605991668872, 40.36207386906764], [115.46605787491164, 40.362163929085696], [115.46594014134433, 40.36216236716974], [115.46593809940148, 40.362252427181346], [115.46546716459811, 40.362246178299756], [115.4654692071672, 40.362156118307915], [115.46535147364597, 40.36215455579296], [115.46535351636241, 40.362064495804574], [115.46523578300692, 40.36206293317477], [115.46523374013393, 40.362152993158226], [115.46511600663112, 40.36215143040368], [115.46511804966067, 40.362061370425174], [115.46500031632364, 40.36205980755578], [115.4650044026682, 40.3618796876042], [115.46571080094998, 40.36188906296428], [115.46570875872165, 40.361979122970475], [115.46582649195742, 40.361980685116144], [115.46582853402916, 40.361890625105005], [115.46618173332205, 40.3618953108084], [115.46618377491494, 40.36180525078092], [115.46641924084314, 40.36180837397431], [115.46642128211366, 40.36171831393547], [115.46653901493502, 40.361719875347525], [115.4665410560398, 40.36162981530225], [115.466776521397, 40.361632937757115], [115.46677856217948, 40.36154287770045], [115.46689629471533, 40.361544438743245], [115.4668942540894, 40.36163449880484], [115.46701198679101, 40.36163605973278], [115.46700994631247, 40.361726119797815], [115.46724541205641, 40.36172924130419], [115.46724337188178, 40.361819301377615], [115.46759657103641, 40.361823982753506], [115.46759861074136, 40.36173392266526], [115.46771634365476, 40.361735482879354], [115.46771430410635, 40.36182554297254], [115.46783203718552, 40.361827103071775], [115.46783407657735, 40.36173704297367], [115.46806954245014, 40.361740162802896], [115.46806750337139, 40.361830222910875], [115.46865616899707, 40.361838020412144], [115.46865413069193, 40.361928080543336], [115.46877186400124, 40.36192963968912], [115.46877390214978, 40.36183957955302], [115.46900936848283, 40.36184269747535], [115.46900733064737, 40.36193275762134], [115.46924279733028, 40.36193587507435], [115.46924075979878, 40.36202593522869], [115.46935849331057, 40.362027493780445], [115.46935645592643, 40.36211755393822], [115.46959192329074, 40.36212067069218], [115.46958988621051, 40.362210730858344], [115.4698253539247, 40.36221384714297], [115.46982331714842, 40.36230390731748], [115.46994105117588, 40.362305465285026], [115.46993901454697, 40.362395525462986], [115.46970354618817, 40.36239240939825], [115.46970150923697, 40.36248246956486], [115.46958377491477, 40.36248091134785], [115.46957970067164, 40.36266103166674], [115.46981516995149, 40.36266414800066], [115.46981313312926, 40.36275420816773], [115.47028407242546, 40.36276043941771], [115.4702861086214, 40.36267037923093], [115.47040384331184, 40.36267193673898], [115.47040587934204, 40.36258187654579], [115.47052361388509, 40.36258343392912], [115.47052564974952, 40.3624933737295], [115.47064338414519, 40.3624949309881], [115.47064134843733, 40.36258499119264], [115.47087681756936, 40.36258810536032], [115.4708788529641, 40.36249804514591], [115.47134979071211, 40.362504272023926], [115.47134775594363, 40.362594332258034], [115.47193642911796, 40.36260211318467], [115.4719384631036, 40.362512052925936], [115.47182072860696, 40.36251049698513], [115.47182479686383, 40.36233037647304], [115.47217799944193, 40.3623350439065], [115.47218003308691, 40.362244983633445], [115.47182683097851, 40.36224031621474], [115.47182886508405, 40.362150255954965], [115.47171113122283, 40.36214869991406], [115.4717131654757, 40.36205863965772], [115.47218410034938, 40.36206486308285], [115.47218613396686, 40.361974802805314], [115.47253933474876, 40.36197946910152], [115.47253730160095, 40.362069529393814], [115.47265503536984, 40.36207108459121], [115.47265706836104, 40.36198102429399], [115.47289253561317, 40.36198413431953], [115.47289050293507, 40.362074194626594], [115.47312597053701, 40.36207730418279], [115.47312393816287, 40.36216736449819], [115.47335940611458, 40.36217047358503], [115.47335737404441, 40.362260533908795], [115.47371057651046, 40.36226519665531], [115.47370854490079, 40.36235525699233], [115.47406174791898, 40.3623599186754], [115.47405971676987, 40.36244997902568], [115.47417745128416, 40.362451532685355], [115.47417948227672, 40.36236147233016], [115.47453268540485, 40.36236613257563], [115.47452862434999, 40.36254625331403], [115.47464635905749, 40.36254780649942], [115.47464838943294, 40.36245774612605], [115.47570800080341, 40.36247171935925], [115.47570597183706, 40.36256177977683], [115.47594144144432, 40.362564883631784], [115.47593941278197, 40.362654944057695], [115.47558620791509, 40.36265028808084], [115.4755821496235, 40.36283040889874], [115.47569988488311, 40.36283196102064], [115.47569785588014, 40.36292202143228], [115.47581559130548, 40.36292357343929], [115.47581762015187, 40.36283351302276], [115.47652403195663, 40.362842822519546], [115.47652605985442, 40.362752762072056], [115.47664379503068, 40.362754313230646], [115.47664582276276, 40.36266425277676], [115.4767635577916, 40.36266580381063], [115.47676153021605, 40.362755864269424], [115.47687926541059, 40.36275741518839], [115.47688129282955, 40.3626673547247], [115.47699902787669, 40.362668905518966], [115.47699700061428, 40.362758965987574], [115.47735020628019, 40.36276361766628], [115.47735223307288, 40.362673557182966], [115.47758770324938, 40.36267665769327], [115.4775897297198, 40.36258659719865], [115.4777074646652, 40.3625881472692], [115.4777094909699, 40.36249808676816], [115.47782722576785, 40.362499636714006], [115.4778312780367, 40.36231951569766], [115.47806674703381, 40.362322615210324], [115.47807079863982, 40.362142494168396], [115.47842400126461, 40.36214714250948], [115.4784260265842, 40.36205708197157], [115.47877922882152, 40.36206172921973], [115.47878125366229, 40.36197166866562], [115.4788989876031, 40.36197321750384], [115.47890101227819, 40.36188315694334], [115.47878327849394, 40.361881608110025], [115.47878732812984, 40.361701486994356], [115.47855186121498, 40.36169838898794], [115.47855388633235, 40.36160832843766], [115.47867161962864, 40.36160987749588], [115.47867364458031, 40.36151981693921], [115.4785559114406, 40.361518267885906], [115.47855793653969, 40.36142820733265], [115.47867566952286, 40.36142975638106], [115.47867769445625, 40.36133969582141], [115.47855996162963, 40.36133814677791], [115.47856198671045, 40.36124808622168], [115.47832652139776, 40.361244987785085], [115.47832854678256, 40.36115492723718], [115.47821081429646, 40.36115337784408], [115.47821486535179, 40.360973256753574], [115.47797940103325, 40.36097015762763], [115.47798142686031, 40.36088009708994], [115.47809915885846, 40.36088164670791], [115.47810118451982, 40.36079158616383], [115.47821891637057, 40.360793135657104], [115.47822296735279, 40.36061301455468], [115.47834069889953, 40.36061456391835], [115.4783427242204, 40.36052450335998], [115.47846045561974, 40.360526052598956], [115.47846248077491, 40.360435992034205], [115.47858021202681, 40.36043754114849], [115.4785822370163, 40.360347480577346], [115.47881769923445, 40.36035057843672], [115.47882174855981, 40.36017045727034], [115.47905721018829, 40.360173554630954], [115.47906328316853, 40.35990337284081], [115.47894555281935, 40.359901824235116], [115.47894757728439, 40.359811763640316], [115.47882984710091, 40.359810214919726], [115.47882782247935, 40.35990027550962], [115.47871009214843, 40.35989872666433], [115.4787080673612, 40.359988787247836], [115.47764849338527, 40.35997484220557], [115.47764646717994, 40.36006490274345], [115.47741100608386, 40.36006180251767], [115.47740897955629, 40.36015186304424], [115.47717351818363, 40.36014876232947], [115.47717149133385, 40.36023882284474], [115.47693602968467, 40.360235721641004], [115.47693805684757, 40.36014566113554], [115.47658486491204, 40.360141008446206], [115.47658689253545, 40.36005094795398], [115.47623370115188, 40.360046294201254], [115.47623572923578, 40.35995623372225], [115.47611799894946, 40.359954682236676], [115.47612002718076, 40.359864621761105], [115.4760022970601, 40.35986307016064], [115.4760043254388, 40.359773009688496], [115.47588659548386, 40.35977145797316], [115.47588456694861, 40.3598615184404], [115.47576683684628, 40.359859966600354], [115.4757729228942, 40.359589785208875], [115.4758906525269, 40.359591337034175], [115.47589268103468, 40.35950127656247], [115.47565722209151, 40.359498172801885], [115.47566330849925, 40.359227991407245], [115.47554557951099, 40.359226439362004], [115.4755476084518, 40.35913637889905], [115.47566533728353, 40.359137930939376], [115.47566736605864, 40.359047870470015], [115.47543190871747, 40.359044766279396], [115.47543393779652, 40.358954705818384], [115.47531620929622, 40.358953153548306], [115.47531823852265, 40.358863093090704], [115.47496505354627, 40.358858435576494], [115.47496708323317, 40.35876837513214], [115.47484935508255, 40.358766822392745], [115.47484732523912, 40.358856882832185], [115.47437641210205, 40.3588506706571], [115.47437438162332, 40.358940731075386], [115.47413892479668, 40.358937624259305], [115.47413689399569, 40.359027684666266], [115.47401916543956, 40.359026131073634], [115.47401510349702, 40.35920625187326], [115.47389737463699, 40.359204698151], [115.47389534349543, 40.35929475854366], [115.47377761448801, 40.3592932046967], [115.47377558318077, 40.359383265082954], [115.47354012488033, 40.35938015701983], [115.47353809325082, 40.35947021739475], [115.47330263467396, 40.35946710884264], [115.4733006027222, 40.35955716920623], [115.47318287329098, 40.359555614745574], [115.47318490539928, 40.35946555438691], [115.47306717613375, 40.35946399981138], [115.47306920838942, 40.35937393945614], [115.47295147928962, 40.35937238476574], [115.4729494468774, 40.359462445116066], [115.47247852994369, 40.359456225136945], [115.47247649689614, 40.359546285466095], [115.4722410381712, 40.359543174747955], [115.47223900480141, 40.35963323506578], [115.47165035736693, 40.35962545614954], [115.47165239151944, 40.35953539585635], [115.47141693292296, 40.359532283461185], [115.47141896737939, 40.35944222317634], [115.47130123825146, 40.359440666804005], [115.47130734203532, 40.35917048595531], [115.47166052803777, 40.359175154668634], [115.47166459624191, 40.35899503406583], [115.47178232461465, 40.358996590054176], [115.47178435854642, 40.35890652974562], [115.47201981500639, 40.35890964135312], [115.4720177813877, 40.35899970167153], [115.47213550978799, 40.35900125730053], [115.47213754325013, 40.358911196977196], [115.47225527150304, 40.35891275248149], [115.47225730479948, 40.35882269215174], [115.47237503290505, 40.358824247531324], [115.47237706603578, 40.35873418719516], [115.47249479399396, 40.35873574245004], [115.47249682695896, 40.35864568210744], [115.4735563775864, 40.35865967396675], [115.47355840913345, 40.3585696135784], [115.47367613687024, 40.35857116762559], [115.47367816825155, 40.35848110723084], [115.47379589584096, 40.358482661153324], [115.4737979270566, 40.35839260075217], [115.47403338194982, 40.35839570822796], [115.47403541284322, 40.358305647815456], [115.47462404945396, 40.35831341438417], [115.47462607955553, 40.3582233539456], [115.47533244285144, 40.35823266984571], [115.47533041368908, 40.358322730313766], [115.47568359593019, 40.35832738666149], [115.47568156722828, 40.35841744714278], [115.47603475002134, 40.35842210242718], [115.47603069352928, 40.35860222341474], [115.47614842145836, 40.35860377494647], [115.47614030899058, 40.35896401692332], [115.47625803755496, 40.358965568354904], [115.47625195357767, 40.359235749836635], [115.47636968262081, 40.35923730116315], [115.47636765476665, 40.35932736165898], [115.47660311319345, 40.35933046396246], [115.4766010856432, 40.35942052446662], [115.47789610936634, 40.359437578624934], [115.4778981351946, 40.359347518066805], [115.47836905256013, 40.35935371596565], [115.47837107775308, 40.359263655386414], [115.47907745313616, 40.359272948611626], [115.47907542888245, 40.35936300922027], [115.47919315830148, 40.359364557676784], [115.47919113419519, 40.35945461828882], [115.4794265933737, 40.35945771485229], [115.47942456957136, 40.35954777547264], [115.47954229933087, 40.359549323579586], [115.47954027567599, 40.359639384203355], [115.47977573553543, 40.35964248006767], [115.4797737121845, 40.359732540699746], [115.48000917239358, 40.359735636094705], [115.48000714934658, 40.35982569673508], [115.48059580081167, 40.35983343315062], [115.48059782307591, 40.359743372485745], [115.48106874378601, 40.35974955944238], [115.48107076541494, 40.359659498756436], [115.4811884954587, 40.359661045191224], [115.48119253837612, 40.3594809238051], [115.48142799786484, 40.35948401629574], [115.48143001899679, 40.35939395559065], [115.48237185606393, 40.35940632072245], [115.48237387593441, 40.359316259976744], [115.48272706451533, 40.35932089490998], [115.48272908390705, 40.359230834148114], [115.48296454269345, 40.359233923494884], [115.4829685808234, 40.359053801947134], [115.48320403902005, 40.359056890795195], [115.48320605775828, 40.35896683000932], [115.48332378671374, 40.35896837424878], [115.48333589801267, 40.35842800947283], [115.48345362603797, 40.35842955356319], [115.48345968109493, 40.358159371140424], [115.48357740865974, 40.35816091509634], [115.48357942683731, 40.35807085428088], [115.4836971542547, 40.35807239811213], [115.48370119026946, 40.35789227646698], [115.48358346316513, 40.3578907326455], [115.48358144500575, 40.357980793463945], [115.48334599051141, 40.357977705451866], [115.48334397202986, 40.35806776625904], [115.48310851725884, 40.358064677758065], [115.48311053605343, 40.35797461696067], [115.48287508163193, 40.35797152799034], [115.48287710073048, 40.35788146720122], [115.48252391963608, 40.357876832862], [115.4825279587451, 40.357696711308634], [115.48264568545439, 40.357698256198375], [115.48264972421386, 40.35751813462928], [115.48276745061919, 40.35751967938947], [115.48276946982877, 40.35742961859777], [115.48312264862983, 40.35743425214497], [115.48312466736068, 40.357344191337134], [115.48324239348938, 40.357345735608426], [115.48324441205462, 40.35725567479421], [115.48371531603436, 40.357261850662], [115.48371733396438, 40.35717178982676], [115.48383505982554, 40.35717333348936], [115.48383304205208, 40.35726339432949], [115.48395076807888, 40.35726493787721], [115.48394875045283, 40.35735499872073], [115.48371329809527, 40.35735191149575], [115.48371128014706, 40.357441972328], [115.48418218552467, 40.35744814631838], [115.48418420284676, 40.35735808546658], [115.48430192905741, 40.35735962865984], [115.48430596336122, 40.357179506941996], [115.48418823746366, 40.3571779637585], [115.48419025475846, 40.35708790290224], [115.4840725290265, 40.35708635960385], [115.48407454646873, 40.35699629875098], [115.48419227204417, 40.35699784204447], [115.48419428932074, 40.35690778118521], [115.48431201474874, 40.35690932435405], [115.48431403185972, 40.356819263488426], [115.48443175714029, 40.35682080653259], [115.48442974018583, 40.3569108674031], [115.48454746563202, 40.356912410332384], [115.48454544882499, 40.3570024712063], [115.48466317443682, 40.35700401402068], [115.48466115777721, 40.35709407489798], [115.48477888355465, 40.357095617597466], [115.48477686704251, 40.357185678478146], [115.48501231893772, 40.35718876352754], [115.4850103027295, 40.357278824416504], [115.48536348111011, 40.357283451106895], [115.48536146536242, 40.35737351200901], [115.48559691797468, 40.35737659588011], [115.48559490253093, 40.3574666567905], [115.48583035549265, 40.357469740192236], [115.48582834035287, 40.3575598011109], [115.48606379366399, 40.35756288404327], [115.48606177882819, 40.357652944970184], [115.48629723248871, 40.35765602743318], [115.4862952179569, 40.35774608836835], [115.48653067196685, 40.357749170361984], [115.48652865773899, 40.35783923130544], [115.48676411209837, 40.357842312829675], [115.4867620981745, 40.35793237378138], [115.48687982552433, 40.357933914368694], [115.48687781174795, 40.35802397532378], [115.48711326678793, 40.358027056148835], [115.4871112533155, 40.35811711711218], [115.48722898100566, 40.3581186573499], [115.4872269676807, 40.35820871831664], [115.48734469553646, 40.35821025843944], [115.48734268235897, 40.35830031940956], [115.48746041038035, 40.358301859417445], [115.4874583973503, 40.35839192039094], [115.48757612553733, 40.358393460283935], [115.48757411265473, 40.35848352126083], [115.48780956936906, 40.358486600697184], [115.48780755679047, 40.35857666168232], [115.4879252853178, 40.35857820122569], [115.48792327288668, 40.3586682622142], [115.48815873028163, 40.35867134095133], [115.48815671815451, 40.35876140194811], [115.48839217589887, 40.35876448021583], [115.48839016407574, 40.35885454122086], [115.48850789311807, 40.35885608017989], [115.48850588144242, 40.35894614118831], [115.48874133986739, 40.35894921875678], [115.48873932849574, 40.359039279773434], [115.48897478727008, 40.35904235687249], [115.48897076512577, 40.35922247892079], [115.48908849483965, 40.35922401730037], [115.48908648391041, 40.359314078327166], [115.48932194367846, 40.3593171547367], [115.48931792241899, 40.359497276805286], [115.48943565262972, 40.359498814840094], [115.48943364214294, 40.35958887587702], [115.48955137251926, 40.35959041379691], [115.48954936217996, 40.35968047483721], [115.48978482327291, 40.359683550327354], [115.48978281323765, 40.359773611375886], [115.49013600541477, 40.35977822372726], [115.49013399584005, 40.3598682847889], [115.4903694576499, 40.35987135910059], [115.4903714669115, 40.35978129802921], [115.49072465922457, 40.359785908583696], [115.49072666800745, 40.359695847496255], [115.49084439864006, 40.3596973841033], [115.49084640725734, 40.35960732300949], [115.49096413774245, 40.35960885949189], [115.49097016307029, 40.35933867618694], [115.4912056231284, 40.35934174876318], [115.49120763123979, 40.35925168764882], [115.49203174063264, 40.359262437858256], [115.4920297336171, 40.35935249900663], [115.49261838423779, 40.35936017415825], [115.4926203904706, 40.35927011298559], [115.49285585046916, 40.35927318219798], [115.49285785637983, 40.35918312101411], [115.49332877585928, 40.359189257981996], [115.49333078113477, 40.35909919677723], [115.49403715968603, 40.35910839860623], [115.49403916401317, 40.35901833737084], [115.49439235294122, 40.35902293665362], [115.49439034908373, 40.359112997903566], [115.49486126840719, 40.359119128622964], [115.49485926516684, 40.359209189890805], [115.49509472519588, 40.35921225454147], [115.49509272225959, 40.35930231581752], [115.49544591284057, 40.35930691190961], [115.49544391036488, 40.35939697319874], [115.49556164073314, 40.35939850499471], [115.49555963840497, 40.35948856628718], [115.49567736893884, 40.35949009796819], [115.49567336456849, 40.35967022055837], [115.49579109542447, 40.3596717521293], [115.49578909338229, 40.359761813427], [115.49590682440387, 40.35976334488298], [115.49590482250923, 40.35985340618403], [115.49602255369636, 40.35985493752506], [115.49602055194924, 40.35994499882948], [115.49649147741435, 40.35995112301503], [115.4964894762844, 40.360041184337355], [115.49696040252014, 40.360047306625574], [115.49695440095482, 40.36031749064168], [115.49718986506616, 40.36032055109607], [115.49718786483945, 40.360410612441484], [115.49730559706522, 40.36041214249384], [115.49730759713538, 40.36032208114359], [115.49824945401382, 40.36033431721101], [115.49825145282249, 40.36024425582055], [115.49836918481631, 40.36024578478506], [115.4983671861642, 40.36033584618036], [115.49872038266942, 40.360340432369625], [115.49871838447795, 40.36043049377795], [115.49930704628308, 40.36043813505499], [115.49930504886537, 40.36052819648601], [115.49965824652625, 40.36053277982918], [115.49966024347428, 40.36044271838365], [115.50013117318866, 40.3604488278114], [115.50013316950144, 40.360358766345044], [115.5015459576302, 40.36037708306981], [115.50154396319611, 40.36046714459411], [115.50177942832335, 40.36047019571408], [115.50177743419337, 40.36056025724656], [115.5020128996697, 40.36056330789699], [115.50201090584386, 40.360653369437635], [115.50224637166929, 40.360656419618536], [115.50224437814755, 40.36074648116734], [115.50247984432208, 40.36074953087869], [115.50247785110449, 40.360839592435646], [115.50283105090337, 40.36084416611867], [115.50282905814647, 40.360934227688624], [115.50306452503713, 40.36093727622129], [115.50306253258438, 40.36102733779941], [115.50341573345747, 40.36103190971437], [115.50341374146544, 40.361121971305465], [115.5037669428891, 40.36112654215671], [115.50376495135774, 40.36121660376078], [115.50400041933156, 40.36121965040557], [115.50399842810437, 40.3613097120178], [115.50423389642724, 40.361312758193044], [115.5042319055042, 40.3614028198134], [115.50446737417614, 40.36140586551906], [115.50446538355725, 40.36149592714761], [115.50470085257824, 40.36149897238371], [115.50469886226351, 40.361589034020376], [115.50493433163355, 40.361592078786906], [115.50493234162295, 40.361682140431725], [115.505050076478, 40.361683662640104], [115.50504808661503, 40.36177372428825], [115.50540129170376, 40.361778290209024], [115.50539930230151, 40.361868351870136], [115.50563477271866, 40.36187139522792], [115.50563676180776, 40.36178133355719], [115.50610770212347, 40.36178741881588], [115.50610969057732, 40.36169735712439], [115.50634516047587, 40.36170039902529], [115.50634714860763, 40.361610337322695], [115.50658261822888, 40.36161337873475], [115.50658460603853, 40.361523317021046], [115.50682007538252, 40.36152635794427], [115.50682206287007, 40.361436296219445], [115.50705753193678, 40.361439336653845], [115.50705951910224, 40.36134927491791], [115.50741272229986, 40.36135383465656], [115.50741470898663, 40.36126377290471], [115.50765017751672, 40.361266812121855], [115.50765216388137, 40.361176750358894], [115.50800536627402, 40.36118130827167], [115.50800735216005, 40.361091246492805], [115.50847828818272, 40.36109732201339], [115.50848027343352, 40.36100726021381], [115.50883347507482, 40.361011815581925], [115.508835459847, 40.36092175376645], [115.50907092733952, 40.36092479006992], [115.5090729117896, 40.36083472824333], [115.50930837900479, 40.36083776405799], [115.5093103631328, 40.36074770222032], [115.50966356355305, 40.3607522550294], [115.50966554720239, 40.36066219317583], [115.50990101388084, 40.36066522777328], [115.50990299720813, 40.360575165908614], [115.51013846360922, 40.36057820001727], [115.51014044661444, 40.36048813814151], [115.5103759127382, 40.360491171761375], [115.51037789542136, 40.36040110987452], [115.5104956283401, 40.36040262649997], [115.51049761085774, 40.36031256460684], [115.51061534362886, 40.360314081107674], [115.51061732598102, 40.36022401920826], [115.51085279123694, 40.360227051840944], [115.51085477326704, 40.36013698993044], [115.51097250575188, 40.36013850606228], [115.51097448761644, 40.360048444145484], [115.51109221995365, 40.36004996015275], [115.51109420165272, 40.359959898229675], [115.51121193384232, 40.35996141411232], [115.51121589690058, 40.35978129025212], [115.51133362878599, 40.35978280600539], [115.51133759149538, 40.35960268212964], [115.51145532307662, 40.35960419775353], [115.51146721005092, 40.3590638260618], [115.51158494070178, 40.3590653415371], [115.51158692167633, 40.358975279578466], [115.51170465217959, 40.358976794929184], [115.51170663298866, 40.35888673296429], [115.5118243633443, 40.35888824819042], [115.51182634398789, 40.35879818621924], [115.51206180441287, 40.358801216302524], [115.51205982408237, 40.35889127828331], [115.5121775544648, 40.35889279315006], [115.51217557428194, 40.358982855134144], [115.51205784374295, 40.358981340262595], [115.51204596151881, 40.3595217121071], [115.51192823004945, 40.359520197086994], [115.51192228834711, 40.35979038297479], [115.51180455641702, 40.3597888678205], [115.51180059492434, 40.359968991728664], [115.51168286269007, 40.35996747644499], [115.51167890084854, 40.36014760033762], [115.51156116831007, 40.36014608492455], [115.51155720611968, 40.36032620880164], [115.51143947327705, 40.360324693259194], [115.51143749201188, 40.360414755190696], [115.51120202604031, 40.3604117237368], [115.51120004445309, 40.36050178565724], [115.51108231132413, 40.3605002697458], [115.5110803295714, 40.36059033165995], [115.51084486302722, 40.360587299468065], [115.51084288095241, 40.36067736137114], [115.51072514753719, 40.360675845090704], [115.51072316529688, 40.36076590698749], [115.51048769818009, 40.36076287405763], [115.51048571561773, 40.360852935943306], [115.51036798191618, 40.36085141929387], [115.51036599918831, 40.360941481173285], [115.51001279766763, 40.36093693049179], [115.51001081446113, 40.361026992355306], [115.50989308048223, 40.36102547521707], [115.50989109711021, 40.3611155370743], [115.50965562886611, 40.361112502428824], [115.50965364517202, 40.36120256427496], [115.50941817665058, 40.36119952914068], [115.50941619263442, 40.36128959097572], [115.50918072383566, 40.36128655535263], [115.50917873949739, 40.36137661717657], [115.5089432704213, 40.36137358106467], [115.50894128576093, 40.36146364287752], [115.50858808174425, 40.36145908779671], [115.50858609660523, 40.36154914959368], [115.50823289219943, 40.36154459342025], [115.50823090658176, 40.36163465520128], [115.50787770178684, 40.361630097935205], [115.50787571569052, 40.36172015970033], [115.50740477546313, 40.36171408164908], [115.50740278873153, 40.36180414339349], [115.50693184802127, 40.361798063406155], [115.50692986065444, 40.36188812512984], [115.50657665474615, 40.36188356386696], [115.50657466690065, 40.36197362557473], [115.50633919602681, 40.36197058412416], [115.50633720785918, 40.362060645820804], [115.50621947227914, 40.36205912491101], [115.50621748394599, 40.362149186601364], [115.50586427678998, 40.36214462313869], [115.50586228797812, 40.3622346848131], [115.50550908043314, 40.36223012025775], [115.50550709114259, 40.36232018191623], [115.50527161917766, 40.36231713827066], [115.50527360878135, 40.36222707662182], [115.50492040137097, 40.36222251026938], [115.5049223914354, 40.3621324486335], [115.50468692018653, 40.362129403809156], [115.50468891055515, 40.362039342181404], [115.50445343965532, 40.36203629688749], [115.50445543032808, 40.361946235267894], [115.5043376950482, 40.36194471244604], [115.50433968586857, 40.361854650829784], [115.50410421564892, 40.3618516048363], [115.50410620677346, 40.3617615432282], [115.50387073690284, 40.36175849676515], [115.50387272833153, 40.36166843516521], [115.50363725881, 40.361665388232595], [115.50363925054283, 40.36157532664078], [115.5034037813704, 40.3615722792386], [115.50340577340737, 40.36148221765496], [115.50317030458399, 40.36147916978322], [115.50317229692513, 40.36138910820772], [115.50281909422718, 40.36138453551607], [115.502821087029, 40.361294473953556], [115.50235015085055, 40.36128837537344], [115.50235214426966, 40.361198313828744], [115.5021166765475, 40.361195263829536], [115.50211867027075, 40.36110520229299], [115.50188320289769, 40.36110215182424], [115.50188519692504, 40.36101209029587], [115.50164972990112, 40.36100903935757], [115.50165172423262, 40.36091897783737], [115.50118079091894, 40.36091287454248], [115.5011827858677, 40.3608228130401], [115.50082958644659, 40.36081823432554], [115.50082759102816, 40.36090829581344], [115.50047439121839, 40.36090371600621], [115.50047239532127, 40.36099377747812], [115.49988372836891, 40.36098614204593], [115.49988173167996, 40.36107620349218], [115.49941079765395, 40.361070092970714], [115.49940880032973, 40.36116015439615], [115.4985846650352, 40.36114945633746], [115.49858666345533, 40.36105939494588], [115.49846893003446, 40.36105786617742], [115.49847092860215, 40.3609678047892], [115.49811772886326, 40.36096321777954], [115.49811972789162, 40.36087315640434], [115.49776652870356, 40.36086856833103], [115.4977685281926, 40.36077850696884], [115.49753306242545, 40.360775447664], [115.49753506221856, 40.360685386310024], [115.49741732950508, 40.36068385648274], [115.49741532955538, 40.36077391783187], [115.49717986384238, 40.36077085780823], [115.49717786357054, 40.3608609191462], [115.4974133295967, 40.36086397917953], [115.49741132962896, 40.36095404052568], [115.49764679600432, 40.3609571000895], [115.49764279666805, 40.36113722279672], [115.49752506316271, 40.36113569306502], [115.49752306332448, 40.36122575441154], [115.49764079698636, 40.361227284148086], [115.49763879729569, 40.36131734549796], [115.49775653112314, 40.36131887511954], [115.49775453157999, 40.36140893647278], [115.49787226557304, 40.3614104659794], [115.49787026617743, 40.36150052733597], [115.49810573450371, 40.36150358599947], [115.49810373541223, 40.36159364736425], [115.49822146974545, 40.36159517652115], [115.4982194708015, 40.36168523788926], [115.49833720530033, 40.3616867669312], [115.49833120888411, 40.36195695104115], [115.4980957389561, 40.36195389280847], [115.49809373981952, 40.3620439541658], [115.49797600471247, 40.36204242486491], [115.49797200609912, 40.36222254756542], [115.49773653528577, 40.362219488584884], [115.49773453565244, 40.36230954992324], [115.49761680010273, 40.362308020248406], [115.49761480030378, 40.362398081580416], [115.49596650136343, 40.36237665348573], [115.49596449936344, 40.36246671474845], [115.49514034946088, 40.362455991861566], [115.49513834635587, 40.36254605308886], [115.49454966734227, 40.36253839026558], [115.49455167123014, 40.36244832906253], [115.49443393561111, 40.362446796143296], [115.49443193156667, 40.3625368573415], [115.49431419580009, 40.362535324297625], [115.4943162000011, 40.362445263104284], [115.49419846440017, 40.362443729945454], [115.49419646004255, 40.362533791133934], [115.49407872429407, 40.362532257850454], [115.49408072880824, 40.36244219666682], [115.49396299322538, 40.36244066326838], [115.49396098855463, 40.36253072444717], [115.4934900456873, 40.36252458963597], [115.49349205098433, 40.3624345284766], [115.49278563789414, 40.362425322694804], [115.49278764412155, 40.362335261563075], [115.49266990879475, 40.36233372685166], [115.49266790241079, 40.36242378797852], [115.49243243147122, 40.36242071818655], [115.49243042476505, 40.362510779302234], [115.49219495354853, 40.36250770902134], [115.49219696056787, 40.36241764791537], [115.49184375428074, 40.36241304161007], [115.49184174679169, 40.36250310270144], [115.49148854011635, 40.362498495303335], [115.49149054807509, 40.36240843422654], [115.49137281269134, 40.36240689819242], [115.49137080457601, 40.36249695926435], [115.49089986250527, 40.362490813910405], [115.49089785375459, 40.3625808749614], [115.490780118103, 40.36257933831854], [115.49078212701023, 40.36248927727242], [115.49054665604736, 40.36248620363701], [115.49054464682696, 40.36257626467341], [115.4903091755872, 40.362573190549064], [115.4903071660446, 40.362663251574254], [115.49018943028175, 40.3626617143275], [115.49019143998089, 40.362571653307185], [115.49007370438368, 40.3625701159455], [115.49007169452794, 40.36266017696096], [115.48983622304755, 40.36265710186845], [115.48983421286961, 40.362747162872694], [115.48971647698644, 40.362745625141855], [115.48971848732097, 40.36265556414249], [115.48960075160343, 40.36265402629673], [115.48959874111235, 40.36274408729124], [115.48901006187792, 40.36273639624101], [115.48901207315187, 40.36264633527083], [115.48865886618977, 40.362641719217656], [115.48866087792437, 40.362551658260614], [115.4880722006186, 40.362543962466916], [115.48806817557463, 40.36272408433082], [115.48771496836068, 40.36271946538774], [115.48771698135691, 40.36262940447114], [115.48736377469439, 40.36262478446444], [115.48736176122843, 40.36271484536641], [115.48700855417793, 40.362710224266856], [115.48701056811363, 40.3626201633795], [115.48630415519739, 40.36261091797494], [115.48630012543806, 40.36279103968962], [115.48641786121453, 40.362792580899644], [115.48640980221316, 40.36315282433064], [115.486527538625, 40.36315436544036], [115.48652350938293, 40.36333448715667], [115.48664124611703, 40.36333602815635], [115.48663923163895, 40.36342608901714], [115.48675696853869, 40.36342762990188], [115.4867549542081, 40.36351769076606], [115.4868726912735, 40.36351923153587], [115.48687067709041, 40.363609292403446], [115.48698841432149, 40.36361083305832], [115.48698640028587, 40.36370089392928], [115.48710413768262, 40.363702434469225], [115.4871021237945, 40.36379249534356], [115.48733759892842, 40.36379557607378], [115.48733357175125, 40.363975697837475], [115.48745130964498, 40.363977238032625], [115.48744929619936, 40.364067298917114], [115.48756703425876, 40.364068838997326], [115.48756502096064, 40.3641588998852], [115.48768275918572, 40.36416043985047], [115.48768074603508, 40.36425050074172], [115.48779848442582, 40.36425204059206], [115.48779445841052, 40.36443216237985], [115.4879121971235, 40.36443370212012], [115.4879101842588, 40.364523763016635], [115.48802792313745, 40.36452530264197], [115.48802591042026, 40.364615363541894], [115.48814364946459, 40.36461690305227], [115.4881416368949, 40.36470696395556], [115.48825937610489, 40.36470850335102], [115.48825736368273, 40.364798564257704], [115.48837510305837, 40.36480010353821], [115.48837309078371, 40.36489016444825], [115.48849083032505, 40.364891703613814], [115.4884888181979, 40.364981764527265], [115.48860655790486, 40.364983303577894], [115.48860454592523, 40.365073364494705], [115.4887222857979, 40.36507490343038], [115.48872027396577, 40.365164964350576], [115.48883801400409, 40.36516650317132], [115.48883600231949, 40.36525656409488], [115.48895374252349, 40.36525810280068], [115.48895173098639, 40.36534816372763], [115.48906947135605, 40.36534970231847], [115.48906745996649, 40.36543976324881], [115.48918520050181, 40.36544130172471], [115.48918318925976, 40.365531362658416], [115.48930092996075, 40.365532901019364], [115.48929690776265, 40.36571302289205], [115.4894146487859, 40.365714561142916], [115.48941263782982, 40.365804622081896], [115.48953037901876, 40.36580616021781], [115.4895283682102, 40.365896221160185], [115.48964610956479, 40.36589775918114], [115.48964409890378, 40.365987820126875], [115.48976184042404, 40.365989358032884], [115.48975982991054, 40.36607941898199], [115.48987757159648, 40.366080956773054], [115.4898755612305, 40.36617101772555], [115.48999330308212, 40.36617255540167], [115.48999129286368, 40.366262616357524], [115.49010903488096, 40.36626415391867], [115.49010702481006, 40.36635421487791], [115.49022476699298, 40.366355752324125], [115.49022275706962, 40.36644581328673], [115.49034049941821, 40.36644735061799], [115.4903384896424, 40.36653741158397], [115.49045623215666, 40.36653894880026], [115.49045422252838, 40.36662900976961], [115.4905719652083, 40.36663054687096], [115.49056794623776, 40.366810668814935], [115.49068568923997, 40.36681220580618], [115.4906836798977, 40.366902266780805], [115.49091916624252, 40.36690534041355], [115.49091715720442, 40.366995401396395], [115.49127038725943, 40.36700001096145], [115.49127239582772, 40.36690994996401], [115.49150788226316, 40.36691302239854], [115.4915058740081, 40.36700308340571], [115.49174136079297, 40.36700615537066], [115.49173935284203, 40.36709621638607], [115.49185709640469, 40.367097752193665], [115.4918550886013, 40.36718781321243], [115.49197283232961, 40.36718934890507], [115.49196680933494, 40.36745953196701], [115.49232004198369, 40.36746413836972], [115.4923180347705, 40.367554199401965], [115.49243577916147, 40.36755573463474], [115.49243979326555, 40.36737561255906], [115.49255753735235, 40.3673771476623], [115.49255553046144, 40.36746720870574], [115.49267327471392, 40.36746874369401], [115.49267528144821, 40.36737868264571], [115.49314625792213, 40.36738482138114], [115.49314826402092, 40.3672947603119], [115.49303052004548, 40.36729322581264], [115.49303453252912, 40.36711310367945], [115.49338776354297, 40.36711770678862], [115.4933897693014, 40.36702764570523], [115.49362525637599, 40.36703071383585], [115.4936232509308, 40.367120774928964], [115.49374099463824, 40.3671223088194], [115.4937369840339, 40.367302431010835], [115.49361924001323, 40.3673008971107], [115.49361723454086, 40.36739095819935], [115.49349949037261, 40.36738942417453], [115.4934974847346, 40.36747948525683], [115.49314425181429, 40.36747488244886], [115.49314023957147, 40.36765500457985], [115.4932579841824, 40.367656538978714], [115.49325597820403, 40.36774660004682], [115.49313823343648, 40.36774506564311], [115.49313622729244, 40.36783512670488], [115.49301848237731, 40.36783359217649], [115.49301446974887, 40.368013714285844], [115.49289672452956, 40.36801217962791], [115.49289271155166, 40.368192301721606], [115.4927749660282, 40.36819076693412], [115.49277295936903, 40.368280827973884], [115.49253746803602, 40.36827775802973], [115.49253947500839, 40.368187696999684], [115.4923039840248, 40.36818462658594], [115.49230599130136, 40.36809456556413], [115.49218824597976, 40.368093030182365], [115.49219226081892, 40.36791290814399], [115.49207451581961, 40.367911372652124], [115.49207652338224, 40.36782131163556], [115.49219426822492, 40.367822847122575], [115.49219627562188, 40.36773278609965], [115.4918430415908, 40.36772817929373], [115.491841033724, 40.367818240302064], [115.49148779930461, 40.367813632403134], [115.49148980764123, 40.36772357140937], [115.49137206300948, 40.36772203520827], [115.49137407149368, 40.36763197421789], [115.4912563270276, 40.367630437901816], [115.49125833565934, 40.36754037691481], [115.49114059135896, 40.367538840483775], [115.49114460890846, 40.367358718515014], [115.4909091209613, 40.367355645312934], [115.49091313910097, 40.36717552335764], [115.49079539545423, 40.36717398658658], [115.49079941387085, 40.36699386463507], [115.49068167054638, 40.36699232775393], [115.49067966118598, 40.367082388725564], [115.49032643079708, 40.367077777348584], [115.49032241110943, 40.367257899258206], [115.49020466735139, 40.367256361883165], [115.49020265733738, 40.36734642283088], [115.49008491343179, 40.367344885331164], [115.49007888286546, 40.367615068150755], [115.49043211601892, 40.367619680334236], [115.49043010628183, 40.3677097412857], [115.49101882916864, 40.367717425886], [115.49101682020557, 40.36780748686031], [115.49125230973698, 40.36781055987137], [115.49125030107804, 40.367900620853916], [115.49136804601396, 40.36790215718456], [115.4913660375026, 40.36799221817048], [115.49148378260418, 40.36799375438616], [115.49147574909459, 40.36835399833436], [115.49159349483169, 40.36835553444966], [115.49158947833577, 40.36853565642455], [115.49170722439518, 40.368537192429756], [115.49170521629026, 40.36862725341981], [115.49194070874947, 40.36863032508043], [115.49193870094872, 40.368720386078735], [115.49205644734853, 40.36872192173417], [115.49205443969535, 40.368811982735835], [115.49217218626085, 40.36881351827628], [115.49217017875522, 40.36890357928132], [115.4920524320331, 40.368902043736014], [115.49204239358606, 40.36935234871455], [115.49180689860279, 40.36934927721582], [115.49180489057295, 40.36943933819734], [115.49109840490075, 40.36943012079602], [115.49109639592211, 40.369520181746886], [115.49086090045728, 40.36951710831139], [115.49085889115631, 40.36960716925104], [115.4905056475572, 40.36960255818446], [115.4905036377773, 40.36969261910802], [115.4903858897724, 40.36969108184129], [115.4903838798268, 40.3697811427585], [115.49003063539669, 40.369776530224726], [115.49002862497215, 40.36986659112585], [115.4897931284175, 40.36986351549443], [115.4897911176706, 40.369953576384326], [115.4894378724368, 40.369948962023834], [115.48943586121095, 40.37003902289763], [115.48920036412052, 40.3700359460484], [115.48919835257233, 40.370126006911], [115.48908060388408, 40.37012446830175], [115.48907859217022, 40.37021452915798], [115.48884309450769, 40.37021145157024], [115.48884108247147, 40.37030151241524], [115.48837008662883, 40.37029535578227], [115.48836807395698, 40.3703854166063], [115.4878970776331, 40.370379258036465], [115.48789506432567, 40.37046931883952], [115.4869530708608, 40.37045699590872], [115.4869510562912, 40.37054705667128], [115.48671555770261, 40.37054397473046], [115.48671757258548, 40.37045391397764], [115.48636432524061, 40.37044929018227], [115.48636634058428, 40.37035922944262], [115.48613084271311, 40.37035614632294], [115.48613285836093, 40.370266085591524], [115.48577961209227, 40.3702614600279], [115.48578162820093, 40.37017139930964], [115.48566387961951, 40.370169857220304], [115.48566186335425, 40.37025991793367], [115.48542636590545, 40.37025683338574], [115.48542838248399, 40.370166772682126], [115.48531063392986, 40.370165230233276], [115.48531265065593, 40.37007516953306], [115.48519490226754, 40.370073626969265], [115.48519691914115, 40.369983566272424], [115.48507917091848, 40.36998202359367], [115.4850811879396, 40.36989196290023], [115.4843746997345, 40.36988270434052], [115.48437671768627, 40.369792643674884], [115.484141222004, 40.36978955653941], [115.48414929497312, 40.369429313901044], [115.4843847894024, 40.36943240099744], [115.4843908430939, 40.369162218973706], [115.48450858985234, 40.36916376232752], [115.48451060757468, 40.36907370164508], [115.4847461008056, 40.36907678798341], [115.48474811820559, 40.3689867272897], [115.48486586467808, 40.36898827027424], [115.4848719163536, 40.368718088169565], [115.48475417035098, 40.36871654519967], [115.48475618771458, 40.3686264845], [115.48463844187765, 40.368624941415156], [115.48464045938876, 40.368534880718876], [115.48475820506907, 40.368536423798844], [115.48476022241444, 40.368446363096204], [115.48464247689077, 40.368444820021125], [115.4846465118675, 40.368264698621125], [115.48476425707793, 40.36826624168644], [115.48478442984934, 40.367365634548214], [115.48490217350277, 40.367367177444876], [115.48490419057326, 40.367277116717965], [115.4851396775942, 40.367280202142055], [115.48514169434237, 40.36719014140388], [115.48584815468392, 40.36719939477109], [115.48585017048335, 40.36710933400216], [115.48632114359982, 40.36711550049768], [115.48632315876372, 40.367025439707746], [115.48691187458083, 40.36703314510675], [115.48691388895264, 40.366943084290945], [115.4864429169072, 40.366936920230884], [115.48644493189634, 40.366846859433096], [115.4863271890643, 40.3668453181234], [115.48632920420096, 40.366755257329004], [115.48644694687638, 40.36675679863381], [115.48644896184733, 40.366666737833036], [115.48633121932849, 40.366665196533106], [115.48633323444697, 40.36657513573572], [115.48645097680918, 40.36657667703078], [115.48645500670565, 40.36639655542179], [115.48657274876376, 40.36639809658726], [115.48657879307046, 40.36612791414795], [115.48646105148215, 40.3661263729971], [115.48646306638948, 40.3660363121859], [115.48634532496686, 40.366034770920095], [115.48635137010409, 40.36576458849217], [115.4861158882257, 40.365761505630395], [115.48612193422069, 40.36549132321832], [115.48576871288064, 40.36548669807094], [115.4857666970883, 40.36557675886183], [115.48564895650321, 40.365575216901526], [115.48565097245215, 40.36548515611552], [115.48529775122121, 40.36548052953035], [115.48529976763085, 40.365390468757504], [115.4847110665442, 40.365382755410344], [115.4847130837277, 40.36529269466041], [115.48459534369427, 40.36529115163642], [115.48459736102525, 40.365201090889876], [115.48447962115752, 40.36519954775094], [115.48448567356563, 40.36492936551704], [115.48436793417676, 40.364927822272946], [115.48437802212457, 40.36447751854436], [115.48426028352772, 40.36447597520489], [115.48426230124657, 40.36438591445958], [115.48402682439334, 40.36438282743095], [115.48402884241625, 40.36429276669392], [115.48379336591262, 40.36428967919582], [115.48379538423958, 40.36419961846708], [115.48367764615803, 40.364198074543204], [115.48367966463248, 40.364108013817855], [115.48356192671659, 40.36410646977905], [115.48356394533852, 40.364016409057086], [115.48332846984721, 40.36401332062983], [115.4833365454965, 40.3636530777662], [115.48321880839084, 40.3636515333924], [115.48322082743695, 40.36356147267766], [115.48310309049698, 40.36355992818894], [115.48311116721672, 40.36319968533458], [115.48299343091216, 40.363198140745624], [115.48299545022591, 40.36310808003319], [115.48146488113113, 40.36308798953792], [115.48146690247121, 40.36299792888758], [115.4809959590706, 40.36299174314295], [115.48099393710423, 40.36308180377372], [115.47911016245641, 40.36305704154818], [115.47910813797574, 40.363147102099084], [115.47875493001973, 40.36314245575269], [115.47875088009155, 40.36332257682064], [115.47886861638091, 40.36332412573238], [115.47886456672936, 40.363504246804176], [115.47898230334098, 40.36350579560592], [115.47898027865807, 40.36359585614447], [115.47909801543543, 40.3635974048313], [115.47909396635535, 40.36377752591375], [115.47921170345498, 40.36377907449058], [115.47920967905783, 40.363869135034456], [115.47944515359765, 40.363872231838506], [115.4794431295045, 40.3639622923907], [115.47956086694468, 40.36396384061791], [115.47955884299903, 40.364053901173506], [115.47979431821993, 40.364056997278304], [115.47979229457827, 40.3641470578422], [115.479910032359, 40.364148605719784], [115.47990800886483, 40.36423866628711], [115.48002574681128, 40.36424021404977], [115.48002372346453, 40.36433027462049], [115.4801414615767, 40.36433182226826], [115.4801394383774, 40.364421882842386], [115.48025717665524, 40.36442343037523], [115.48025515360345, 40.36451349095276], [115.480372892047, 40.3645150383707], [115.48037086914265, 40.36460509895166], [115.48048860775192, 40.364606646254664], [115.480486584995, 40.364696706839], [115.48060432377, 40.364698254027104], [115.48060230116054, 40.364788314614856], [115.48083777905109, 40.36479140864143], [115.48083575674568, 40.36488146923748], [115.48095349586121, 40.36488301607594], [115.48095147370327, 40.3649730766754], [115.48106921298452, 40.364974623398936], [115.48107123498588, 40.36488456279459], [115.48118897411963, 40.364886109393424], [115.4811869522749, 40.36497617000267], [115.48154017020069, 40.36498080909498], [115.4815381488166, 40.365070869717414], [115.48165588830001, 40.36507241584679], [115.48165386706337, 40.36516247647263], [115.48177160671251, 40.36516402248708], [115.48176958562334, 40.36525408311632], [115.48200506526214, 40.36525717479556], [115.48200304447705, 40.36534723543309], [115.48223852446549, 40.36535032664287], [115.48223650398447, 40.36544038728868], [115.48235424414895, 40.365441932718745], [115.4823562644734, 40.36535187206804], [115.48247400449038, 40.365353417373385], [115.48247198432253, 40.365443478028986], [115.48258972450527, 40.365445023219415], [115.48258770448489, 40.36553508387842], [115.48282318519084, 40.36553817390962], [115.48282116547455, 40.365628234576896], [115.48293890599777, 40.36562977941765], [115.48294092555749, 40.365539718745474], [115.48317640631808, 40.365542808057775], [115.48317842555548, 40.36545274737432], [115.48341390603935, 40.365455836197604], [115.4834098681818, 40.36563595758253], [115.48352760875058, 40.365637501824224], [115.48352558996474, 40.36572756251935], [115.4832901085231, 40.36572447390639], [115.48328607029772, 40.365904595272625], [115.48340381132718, 40.365906139648786], [115.48340179235743, 40.36599620033454], [115.48245986312406, 40.365983841931296], [115.48245784289244, 40.36607390257645], [115.48222236036203, 40.36607081176769], [115.4822203398081, 40.36616087240159], [115.48210259839995, 40.36615932681259], [115.4821046191105, 40.36606926618359], [115.4817513954106, 40.36606462871236], [115.48175543774393, 40.36588450747924], [115.48163769684203, 40.36588296142564], [115.48163971815163, 40.36579290081174], [115.48152197741544, 40.36579135464322], [115.48152399887252, 40.365701294032704], [115.48128851774074, 40.36569820134601], [115.48129053950184, 40.3656081407438], [115.48117279910625, 40.36560659422563], [115.48117482101485, 40.365516533626824], [115.48093934056416, 40.365513440240825], [115.48094136277682, 40.36542337965031], [115.48082362272176, 40.36542183278248], [115.48082564508188, 40.36533177219538], [115.48070790519252, 40.365330225212624], [115.48070992770012, 40.36524016462892], [115.48059218797647, 40.365238617531254], [115.48059421063155, 40.36514855695095], [115.48047647107363, 40.36514700973837], [115.48047849387615, 40.36505694916149], [115.48024301510085, 40.36505385438667], [115.48024503820744, 40.36496379381808], [115.48012729899007, 40.36496224625585], [115.4801293222441, 40.36487218569067], [115.48001158319245, 40.36487063801353], [115.48001360659396, 40.36478057745174], [115.479895867708, 40.36477902965969], [115.47989789125695, 40.364688969101316], [115.47966241382564, 40.36468587316757], [115.4796664615225, 40.36450575206595], [115.47943098475403, 40.36450265567255], [115.47943300890194, 40.364412595129316], [115.47931527068798, 40.3644110467578], [115.47931729498333, 40.364320986217955], [115.4791995569351, 40.36431943773154], [115.47920158137791, 40.3642293771951], [115.47908384349537, 40.36422782859377], [115.47908586808565, 40.36413776806074], [115.47896813036883, 40.36413621934451], [115.47897015510654, 40.3640461588149], [115.47873468001346, 40.364043061032795], [115.4787367050552, 40.36395300051149], [115.47861896767895, 40.36395145144563], [115.47862099286814, 40.36386139092774], [115.47850325565759, 40.36385984174698], [115.47850933164005, 40.363589660199075], [115.47839159490837, 40.3635881109132], [115.47839564583082, 40.363407989883605], [115.47827790942145, 40.363406440487736], [115.47827993502553, 40.363316379975615], [115.47792672632194, 40.3633117310839], [115.47792875238662, 40.363221670585], [115.47710460016084, 40.36321081901215], [115.47710662731238, 40.36312075854609], [115.4766356840108, 40.36311455503127], [115.47663365623296, 40.363204615477706], [115.47639818432393, 40.363201512991644], [115.4763961562238, 40.36329157342677], [115.47651389233032, 40.363293124734604], [115.47651186437763, 40.363383185173134], [115.47627639186057, 40.36338008242784], [115.47627436358559, 40.363470142855064], [115.47603889079197, 40.36346703962073], [115.47603686219468, 40.36355710003664], [115.475565916091, 40.363550892110666], [115.47556794531461, 40.36346083171439], [115.47486152737316, 40.36345151626074], [115.4748594972101, 40.36354157662752], [115.474741760762, 40.363540023627685], [115.47473973043324, 40.363630083988056], [115.47462199383772, 40.363628530863494], [115.4746199633432, 40.363718591217484], [115.47438448986648, 40.363715484599105], [115.47438245904965, 40.36380554494176], [115.47402924843358, 40.36380088410091], [115.47403127972015, 40.36371082377302], [115.4726184399596, 40.36369216968609], [115.47261640679412, 40.363782229954964], [115.47238093331592, 40.36377911925335], [115.47237889982813, 40.36386917951089], [115.47179021551025, 40.36386140063565], [115.47178411264316, 40.364131581325466], [115.4716663753374, 40.36413002517622], [115.47166434087343, 40.36422008539827], [115.47178207833578, 40.36422164155242], [115.4717780096935, 40.36440176200187], [115.47189574747817, 40.36440331804607], [115.47188964491563, 40.36467349872382], [115.47200738317927, 40.364675054662975], [115.47200331507152, 40.36485517511719], [115.47212105365749, 40.36485673094639], [115.47211495189681, 40.365126911631286], [115.47199721284112, 40.36512535578732], [115.47199924692708, 40.365035295565434], [115.47152829142235, 40.36502907101111], [115.47153032612549, 40.36493901080744], [115.47141258742883, 40.36493745437426], [115.47141055256908, 40.36502751457301], [115.47105733606443, 40.36502284453983], [115.47105530072577, 40.36511290472231], [115.47093756175265, 40.36511134780003], [115.47093552624821, 40.3652014079761], [115.4710532653779, 40.365202964903304], [115.47105123002088, 40.3652930250828], [115.47116896931634, 40.36529458189512], [115.47116693410672, 40.365384642078055], [115.47128467356795, 40.3653861987755], [115.47128263850574, 40.365476258961856], [115.47140037813274, 40.3654778155444], [115.47139427336077, 40.36574799610933], [115.47162975358185, 40.36575110894453], [115.47162771895269, 40.365841169139706], [115.47186319952368, 40.3658442815055], [115.47186116519852, 40.365934341709035], [115.47209664611938, 40.36593745360542], [115.47209461209823, 40.36602751381731], [115.47221235272902, 40.3660290695907], [115.47221031885529, 40.36611912980602], [115.47268128209659, 40.36612535172114], [115.47267924884007, 40.36621541195466], [115.47279698982992, 40.36621696713882], [115.47279495672082, 40.366307027375754], [115.47338366259059, 40.36631480152392], [115.47338975954145, 40.3660446207348], [115.47327201881895, 40.36604306615956], [115.47327608372021, 40.36586294563587], [115.47351156454803, 40.36586605464685], [115.47350953241516, 40.36595611491929], [115.47374501359282, 40.36595922346084], [115.47374298176398, 40.366049283741624], [115.47409620406903, 40.36605394567012], [115.47409417270082, 40.36614400596416], [115.47421191364406, 40.3661455597056], [115.47420785119334, 40.366325680299035], [115.47432559245894, 40.3663272339305], [115.47432356137644, 40.36641729422989], [115.4744413028078, 40.36641884774646], [115.47443927187274, 40.36650890804929], [115.47455701346988, 40.36651046145095], [115.47455092107944, 40.3667806423652], [115.47466866315555, 40.366782195661784], [115.47466663249703, 40.366872255968474], [115.47478437473889, 40.366873809150164], [115.47478031370756, 40.36705392976888], [115.47489805627177, 40.36705548284057], [115.47489399551702, 40.367235603463165], [115.4747762526396, 40.36723405038165], [115.474772191535, 40.36741417098843], [115.4746544483535, 40.36741261777726], [115.47465038689907, 40.367592738368245], [115.47476813039376, 40.367594291589256], [115.47476406921587, 40.36777441218411], [115.47488181303291, 40.36777596529513], [115.4748777521316, 40.36795608589385], [115.47464226388021, 40.36795297953234], [115.47464023310259, 40.36804303981964], [115.47475797738034, 40.36804459306521], [115.47475391611084, 40.368224713645155], [115.47487166071096, 40.368226266780745], [115.47486963021908, 40.36831632707339], [115.47498737498498, 40.36831788009406], [115.47498534464054, 40.36840794039013], [115.4751030895722, 40.368409493295886], [115.47510105937525, 40.3684995535954], [115.47533654957927, 40.36850265905726], [115.47533451968637, 40.3685927193651], [115.47557001024022, 40.3685958243575], [115.47556798065142, 40.36868588467366], [115.47592121702074, 40.36869054127829], [115.4759191878926, 40.368780601607696], [115.47615467916448, 40.368783705421464], [115.47615265034042, 40.368873765759204], [115.47638814196216, 40.36887686910349], [115.47638611344219, 40.368966929449556], [115.47650385942339, 40.368968480946855], [115.4765018310509, 40.36905854129634], [115.47661957719788, 40.36906009267873], [115.47661754897284, 40.36915015303163], [115.47685304160747, 40.36915325544675], [115.47685101368654, 40.36924331580797], [115.47696876017422, 40.36924486684069], [115.47696673240074, 40.36933492720533], [115.47708447905417, 40.369336478123124], [115.47708245142817, 40.36942653849119], [115.47720019824737, 40.36942808929407], [115.47719817076884, 40.36951814966554], [115.47731591775383, 40.3695197003535], [115.47731389042278, 40.36960976072838], [115.47743163757349, 40.36961131130141], [115.47742961038995, 40.36970137167972], [115.47754735770644, 40.36970292213782], [115.47754533067037, 40.36979298251953], [115.47766307815263, 40.36979453286271], [115.47766105126404, 40.36988459324784], [115.47789654656926, 40.36988769358451], [115.47789451998474, 40.36997775397798], [115.47801226780771, 40.36997930397147], [115.4780102413707, 40.37006936436833], [115.47812798935941, 40.370070914246895], [115.4781259630699, 40.37016097464717], [115.47836145938803, 40.3701640740546], [115.4783594334026, 40.370254134463195], [115.47859493007053, 40.3702572334011], [115.47859290438925, 40.370347293818], [115.47953489267947, 40.37035968481545], [115.47953286824206, 40.370449745270086], [115.47976836571922, 40.3704528418309], [115.47976634158599, 40.370542902293835], [115.48023733727636, 40.37054909399703], [115.4802353137605, 40.37063915447807], [115.48011756466758, 40.37063760672712], [115.48011554098595, 40.37072766720178], [115.47999779174553, 40.37072611932609], [115.47999576789816, 40.37081617979435], [115.4798780185102, 40.37081463179395], [115.47988004251425, 40.370724571330584], [115.47976229329207, 40.370723023215234], [115.47976026913142, 40.3708130836737], [115.47964251976174, 40.37081153543361], [115.47964049543533, 40.37090159588569], [115.47975824496164, 40.37090314413067], [115.47975622078273, 40.370993204586156], [115.47963847109978, 40.37099165633627], [115.4796364467551, 40.37108171678536], [115.47951869692466, 40.371080168410735], [115.47952072142596, 40.370990107966556], [115.4794029717613, 40.370988559476984], [115.47940094710334, 40.37107861991628], [115.47928319729117, 40.37107707130198], [115.4792771227926, 40.37134725259621], [115.47915937251967, 40.371345703847375], [115.479155322495, 40.37152582469293], [115.4790375719179, 40.37152427581446], [115.47903554673523, 40.37161433623009], [115.47891779601063, 40.37161278722687], [115.4789157706622, 40.37170284763612], [115.47868026892714, 40.37169974926036], [115.47867824325628, 40.37178980965832], [115.4783249902523, 40.37178516118115], [115.47832296410238, 40.37187522156292], [115.47820521296268, 40.371873671825945], [115.47820318664697, 40.37196373220131], [115.4780854353598, 40.37196218233959], [115.47808340887832, 40.37205224270854], [115.47784790601807, 40.37204914261578], [115.47784587921416, 40.37213920297343], [115.47772812764111, 40.37213765274238], [115.4777261006714, 40.37222771309365], [115.47760834895087, 40.37222616273786], [115.47760632181536, 40.37231622308273], [115.47748856994731, 40.37231467260217], [115.47748654264603, 40.372404732940645], [115.4772510386241, 40.37240163161021], [115.47724901100037, 40.37249169193736], [115.47701350670174, 40.37248859011775], [115.47701147875557, 40.3725786504336], [115.47677597418026, 40.372575548124786], [115.47677394591165, 40.37266560842934], [115.4765384410596, 40.372662505631325], [115.47653641246856, 40.37275256592457], [115.47641865989964, 40.37275101434089], [115.47641663114278, 40.37284107462773], [115.47618112571907, 40.37283797109102], [115.47617909663975, 40.37292803136654], [115.476061343785, 40.372926479413515], [115.4760593145399, 40.37301653968263], [115.47594156153761, 40.37301498760485], [115.47593953212672, 40.37310504786756], [115.47570402583634, 40.37310194334263], [115.47570199610297, 40.373192003594035], [115.47558424281488, 40.37319045114689], [115.47558018300738, 40.373370571635384], [115.47534467583205, 40.373367466361906], [115.47534264560124, 40.373457526594095], [115.47475387703992, 40.37344976128848], [115.4747518460167, 40.373539821494596], [115.47369206177373, 40.373525836349884], [115.47369002933148, 40.37361589651028], [115.47345452150948, 40.37361278737218], [115.47344639039551, 40.37397302795944], [115.47321088135693, 40.373969918302585], [115.47320884824221, 40.37405997843584], [115.47309109358001, 40.37405842342272], [115.47308906029947, 40.37414848354955], [115.47297130548979, 40.37414692841167], [115.4729692720434, 40.37423698853208], [115.47285151708626, 40.37423543326944], [115.47284948347402, 40.37432549338343], [115.47261397327392, 40.37432238248873], [115.4726119393392, 40.3744124425914], [115.47237642886247, 40.374409331207445], [115.47237439460528, 40.374499391298784], [115.47155010712923, 40.37448849764518], [115.47154807176622, 40.37457855770055], [115.47060602823412, 40.37456610058027], [115.47060399160864, 40.37465616059471], [115.47001521391635, 40.37464837097473], [115.47001317649838, 40.37473843096305], [115.46954215388334, 40.37473219709001], [115.46954011582952, 40.37482225705711], [115.46906909273496, 40.37481602124672], [115.4690670540453, 40.3749060811926], [115.46824276288724, 40.374895163875564], [115.46824072309178, 40.37498522378541], [115.4664743840647, 40.37496180968501], [115.46647234191005, 40.37505186951926], [115.46635458589193, 40.375050307615474], [115.46635254357142, 40.375140367443294], [115.46599927510233, 40.375135680998], [115.46599723230261, 40.375225740809505], [115.46517293843402, 40.37521480154102], [115.46517089452844, 40.375304861316415], [115.46458211268703, 40.375297043932896], [115.46458006798889, 40.37538710368206], [115.46434455500355, 40.37538397587978], [115.46434250998287, 40.375474035617565], [115.4641069967211, 40.37547090732597], [115.46410495137786, 40.375560967052344], [115.46375168108443, 40.3755562737012], [115.46374963526196, 40.37564633341125], [115.4632786077066, 40.37564007391197], [115.46327656124824, 40.375730133600705], [115.46315880422581, 40.3757285684213], [115.46315471096806, 40.3759086877844], [115.46303695364152, 40.37590712247523], [115.46303490684213, 40.37599718214958], [115.46256387700164, 40.375990919694544], [115.46256592442772, 40.37590086004001], [115.46209489536169, 40.37589459568711], [115.4620969434052, 40.37580453605089], [115.46186142924097, 40.37580140316522], [115.46186347758857, 40.375711343537425], [115.46174572067697, 40.37570977691978], [115.46174776917199, 40.37561971729544], [115.4616300124263, 40.375618150562886], [115.46163410970198, 40.375438031319675], [115.46151635327885, 40.37543646447719], [115.46151840205948, 40.37534640485829], [115.46104737708612, 40.37534013630962], [115.46104532767883, 40.37543019590868], [115.46092757130194, 40.37542862846691], [115.46092552172877, 40.37551868805952], [115.46080776520444, 40.375517120492944], [115.46080571546534, 40.37560718007909], [115.46068795879361, 40.37560561238771], [115.46068590888859, 40.37569567196739], [115.46045039525953, 40.37569253621515], [115.46044834503195, 40.37578259578343], [115.46009507418775, 40.375777891241256], [115.4600930234809, 40.37586795079315], [115.45973975224996, 40.375863245157404], [115.45973770106386, 40.37595330469291], [115.4591489150807, 40.37594545954476]], [[115.45419858023274, 40.37092460403734], [115.45431632839662, 40.37092617818644], [115.45431838643535, 40.37083611880246], [115.45420063842809, 40.37083454465835], [115.45419858023274, 40.37092460403734]], [[115.46559642197545, 40.366932421013225], [115.465949647546, 40.3669371079065], [115.46595168981128, 40.36684704796756], [115.46559846471052, 40.36684236108912], [115.46559642197545, 40.366932421013225]], [[115.46936416566659, 40.366982358945855], [115.47089481423114, 40.36700261118404], [115.47089684991924, 40.366912551037814], [115.4710145920242, 40.36691410805864], [115.47101255649272, 40.36700416820979], [115.47160126793831, 40.367011951541215], [115.47160330268679, 40.366921891365436], [115.47219201357886, 40.36692967167676], [115.47220218326865, 40.36647937065238], [115.47208444185486, 40.36647781485436], [115.47208647592188, 40.366387754649935], [115.4719687346739, 40.36638619873704], [115.47197076888833, 40.36629613853604], [115.4718530278061, 40.366294582508246], [115.47185506216799, 40.36620452231068], [115.47197280309359, 40.36620607833356], [115.47197483728971, 40.36611601812958], [115.47185709652065, 40.366114462111625], [115.47185913086416, 40.36602440191107], [115.4715059090819, 40.36601973315311], [115.47150794388604, 40.36592967296585], [115.47127246305693, 40.36592655987131], [115.47127449816506, 40.3658364996924], [115.47103901768587, 40.365833386128465], [115.471041053098, 40.36574332595792], [115.47092331302878, 40.365741769001154], [115.47092738413863, 40.365561648665434], [115.4706919046541, 40.36555853441217], [115.4706959763536, 40.3653784140902], [115.47057823693828, 40.36537685679371], [115.47058027293085, 40.36528679663542], [115.47046253368129, 40.36528523922403], [115.47046660595205, 40.36510511891282], [115.47023112810686, 40.365102003750344], [115.47023316454163, 40.365011943602354], [115.46987994831248, 40.36500726997484], [115.4698819852078, 40.36491720984016], [115.46964650808083, 40.3649140934993], [115.46964854528015, 40.36482403337298], [115.46953080688702, 40.364822475027765], [115.46953284423374, 40.36473241490488], [115.46929736778822, 40.36472929786488], [115.46929940543892, 40.36463923775036], [115.46918166738651, 40.36463767905558], [115.46918370518459, 40.36454761894452], [115.46894822942056, 40.3645445012054], [115.4689502675226, 40.364454441102716], [115.46883252981098, 40.36445288205837], [115.46883456806042, 40.36436282195911], [115.46871683051454, 40.364361262799896], [115.46871886891134, 40.36427120270409], [115.46848339416036, 40.364268084036105], [115.46848543286113, 40.36417802394867], [115.46813222127336, 40.36417334506295], [115.46813426043468, 40.36408328498883], [115.4677810493994, 40.36407860503966], [115.46776473209341, 40.364799085472384], [115.46788247034861, 40.364800645614736], [115.46786207445388, 40.36570124607069], [115.46797981428412, 40.365702806142615], [115.46797165629498, 40.366063046302955], [115.4680893967608, 40.3660646062748], [115.46808531802422, 40.36624472635589], [115.46820305881243, 40.3662462862178], [115.46819898035223, 40.366426406302786], [115.46831672146283, 40.36642796605475], [115.46831264327902, 40.36660808614364], [115.46843038471202, 40.36660964578566], [115.46842630680463, 40.366789765878444], [115.46854404856, 40.36679132541052], [115.46854200974911, 40.36688138545962], [115.46936620339048, 40.36689229886373], [115.46936416566659, 40.366982358945855]], [[115.47372266297151, 40.36694988646735], [115.47395814763098, 40.36695299463785], [115.47396627400516, 40.36659275352612], [115.47384853229724, 40.36659119952045], [115.47385056402447, 40.36650113924371], [115.47373282248232, 40.36649958512314], [115.47372266297151, 40.36694988646735]], [[115.49350350162149, 40.36720930200547], [115.49362124547652, 40.367210836020575], [115.4936232509308, 40.367120774928964], [115.49350550723236, 40.3671192409187], [115.49350350162149, 40.36720930200547]], [[115.4880913197022, 40.36695848605355], [115.48820906282711, 40.36696002557079], [115.48821107546718, 40.36686996469988], [115.48809333249886, 40.36686842518752], [115.4880913197022, 40.36695848605355]], [[115.48856430442655, 40.366874582518065], [115.48891753346763, 40.36687919925784], [115.48891954515898, 40.36678913835622], [115.48880180229281, 40.36678759956765], [115.48880381413169, 40.36669753866941], [115.4886860714312, 40.36669599976589], [115.48868405943571, 40.36678606065926], [115.48856631658771, 40.36678452163105], [115.48856430442655, 40.366874582518065]], [[115.47325982389513, 40.36658342769484], [115.47337756555724, 40.36658498229961], [115.47337959791084, 40.36649492204254], [115.47326185640534, 40.36649336744269], [115.47325982389513, 40.36658342769484]], [[115.48939654985469, 40.36652510954006], [115.48951429229642, 40.36652664771493], [115.48951630316847, 40.366436586782996], [115.48939856088334, 40.36643504861301], [115.48939654985469, 40.36652510954006]], [[115.4881094345453, 40.36614793820557], [115.48822717626078, 40.366149477678974], [115.4882291888191, 40.366059416794656], [115.4883469303871, 40.366060956143365], [115.48834894277977, 40.365970895252666], [115.48846668420019, 40.36597243447669], [115.48847272085395, 40.36570225178109], [115.48835497990329, 40.36570071257168], [115.48835699225965, 40.36561065167504], [115.48823925147468, 40.3656091123507], [115.48824126397854, 40.36551905145743], [115.488005782749, 40.36551597245902], [115.488007795557, 40.36542591157402], [115.48777231467697, 40.3654228321061], [115.48776828842554, 40.365602953855124], [115.48788602917422, 40.36560449365874], [115.48788200319966, 40.36578461541156], [115.48776426213779, 40.3657830755982], [115.48776224898027, 40.36587313646751], [115.48764450777091, 40.365871596529466], [115.48764652108503, 40.36578153566502], [115.48752878004133, 40.36577999561203], [115.48752475309087, 40.36596011732966], [115.4879957185729, 40.36596627686172], [115.48799370571042, 40.36605633773778], [115.48811144726024, 40.36605787732613], [115.4881094345453, 40.36614793820557]], [[115.48729128419731, 40.365866975996404], [115.48740902537942, 40.365868516293915], [115.48741103900672, 40.36577845543922], [115.48729329798121, 40.36577691514659], [115.48729128419731, 40.365866975996404]], [[115.4874251341434, 40.365148029414726], [115.48754287408184, 40.365149569553424], [115.48754488747987, 40.365059508681945], [115.48742714769801, 40.36505796854812], [115.4874251341434, 40.365148029414726]], [[115.48488124648587, 40.3630427182098], [115.48499898262294, 40.363044260872115], [115.4850030158814, 40.36286413927372], [115.48488528005748, 40.36286259662116], [115.48488124648587, 40.3630427182098]], [[115.47417338927158, 40.36263165339128], [115.4744088589539, 40.362634760370895], [115.47441088965165, 40.36254470000885], [115.47417542028245, 40.36254159303906], [115.47417338927158, 40.36263165339128]], [[115.46946604060176, 40.36247935301105], [115.46958377491477, 40.36248091134785], [115.46958581202253, 40.362390851186184], [115.46946807786611, 40.3623892928543], [115.46946604060176, 40.36247935301105]], [[115.48583321343499, 40.36260475197583], [115.48630415519739, 40.36261091797494], [115.48630818492032, 40.362430796254294], [115.4858372444105, 40.362424630294214], [115.48583321343499, 40.36260475197583]], [[115.46665470680814, 40.361811496688524], [115.46689017280998, 40.361814618923546], [115.4668922134543, 40.36172455886494], [115.46665674776558, 40.36172143663979], [115.46665470680814, 40.361811496688524]], [[115.4889084172484, 40.36201436990744], [115.4890261518155, 40.362015908437954], [115.48902816301688, 40.361925847455865], [115.48938136630294, 40.36193046231397], [115.48937935557129, 40.36202052331066], [115.48949709017467, 40.36202206136197], [115.48949910074977, 40.36193200036041], [115.48961683520567, 40.36193353828705], [115.48961884561515, 40.36184347727912], [115.48985431424101, 40.36184655276326], [115.48985230414468, 40.36193661378091], [115.49008777311998, 40.361939688795566], [115.49008978290317, 40.36184962776819], [115.49020751724782, 40.36185116509096], [115.4902055076212, 40.36194122612319], [115.4911473839574, 40.361953520431385], [115.49115140069655, 40.36177339828759], [115.49103366643592, 40.3617718619281], [115.49103768345199, 40.36159173978806], [115.49068448166392, 40.36158713001996], [115.49068649062802, 40.3614970689623], [115.49056875687336, 40.361495532138186], [115.49056674775267, 40.36158559319098], [115.49021354607338, 40.361580981985284], [115.49021153647392, 40.36167104302199], [115.48962286640689, 40.36166335525883], [115.48962487678914, 40.36157329424644], [115.4895071429595, 40.36157175633927], [115.48950915348925, 40.36148169533027], [115.48927368617032, 40.36147861916628], [115.48927569700413, 40.361388558165515], [115.48904023003459, 40.36138548153205], [115.48904224117247, 40.36129542053955], [115.48892450785787, 40.361293882047974], [115.48892651914323, 40.36120382105883], [115.4884555866018, 40.3611976659141], [115.48845357469021, 40.361287726883766], [115.48833584142098, 40.36128618779322], [115.48833382934374, 40.361376248756514], [115.48798062912084, 40.361371630751464], [115.48797660399975, 40.36155175264437], [115.4882120714322, 40.361554831453674], [115.48821005917118, 40.36164489240763], [115.48868099477124, 40.36165104860816], [115.48867898312737, 40.361741109580116], [115.48879671720665, 40.361742648335614], [115.48879269420486, 40.361922770284785], [115.48891042860635, 40.36192430893023], [115.4889084172484, 40.36201436990744]], [[115.47902077058096, 40.36179464508997], [115.47913850422691, 40.3617961936788], [115.47914052857061, 40.361706133105514], [115.4790227950812, 40.36170458452159], [115.47902077058096, 40.36179464508997]], [[115.4869170010032, 40.361537892072384], [115.48703473463317, 40.361539432615125], [115.48703674845075, 40.3614493717084], [115.4872722154248, 40.361452452424764], [115.48727422892014, 40.361362391506816], [115.4875096956174, 40.36136547173422], [115.48751372195464, 40.36118534987433], [115.48716052286177, 40.36118072938276], [115.48715850922802, 40.36127079029884], [115.4869230428984, 40.36126770936238], [115.4869170010032, 40.361537892072384]], [[115.487747175211, 40.36127849054349], [115.48786490843483, 40.36128003023304], [115.48786692112925, 40.36118996928773], [115.48774918806197, 40.36118842960307], [115.487747175211, 40.36127849054349]], [[115.47974943126125, 40.360813268168336], [115.4798671632398, 40.36081481598448], [115.47987120983854, 40.36063469474483], [115.47963574651672, 40.360631599012336], [115.4796337229088, 40.36072165962312], [115.47975145472171, 40.36072320755415], [115.47974943126125, 40.360813268168336]], [[115.48846765788083, 40.360657300064844], [115.4887031222547, 40.36066037781837], [115.48870513378967, 40.36057031682854], [115.48846966972891, 40.36056723908476], [115.48846765788083, 40.360657300064844]], [[115.48164122778101, 40.360477776072365], [115.48175895927933, 40.360479321952226], [115.4817609800419, 40.36038926124887], [115.48164324870014, 40.3603877153739], [115.48164122778101, 40.360477776072365]], [[115.49083636408035, 40.36005762846363], [115.49095409534821, 40.36005916497034], [115.49095811233309, 40.359879042783426], [115.49107584329691, 40.359880579160624], [115.49107785161921, 40.35979051806006], [115.49084239001373, 40.35978744519562], [115.49083636408035, 40.36005762846363]], [[115.47177012083145, 40.35953695187425], [115.47212330882252, 40.35954161920922], [115.4721253423397, 40.35945155889483], [115.4720076131567, 40.359450003241214], [115.47201168047663, 40.359269882617824], [115.47212940934654, 40.359271438261594], [115.47213347631667, 40.35909131762238], [115.47201574775985, 40.35908976198846], [115.47201371412284, 40.35917982230389], [115.47177825672361, 40.359176710666844], [115.47177012083145, 40.35953695187425]]]}}, {"type": "Feature", "properties": {"year": 2024, "water_area_km2": 0.0071}, "geometry": {"type": "Polygon", "coordinates": [[[115.72884969385849, 40.3596758234853], [115.72885138575674, 40.3595857532913], [115.72861590109476, 40.3595831645306], [115.7286175932986, 40.359493094343335], [115.72826436683269, 40.35948921031585], [115.72826605949872, 40.3593991401394], [115.72803057553953, 40.359396550196806], [115.72803226851116, 40.359306480027094], [115.72791452669962, 40.35930518488014], [115.72791791293317, 40.35912504454453], [115.72780017144248, 40.359123749285956], [115.7278018647044, 40.359033679120046], [115.72768412337797, 40.359032383745735], [115.72768751019213, 40.35885224341772], [115.72780525120535, 40.358853538783826], [115.72780694444434, 40.358763468613525], [115.72768920358774, 40.35876217325152], [115.72769428372872, 40.358491962744104], [115.72792976450997, 40.35849455332368], [115.72792807145048, 40.35858462350249], [115.72804581200916, 40.35858591861664], [115.72804411909864, 40.35867598879808], [115.72816185982157, 40.358677283796496], [115.72816016706001, 40.358767353980575], [115.72827790794717, 40.35876864886327], [115.72827621533457, 40.35885871904997], [115.72839395638599, 40.35886001381695], [115.72838887897225, 40.35913022438056], [115.7286243620376, 40.359132813579606], [115.72862266986431, 40.35922288377273], [115.7288581532734, 40.35922547250066], [115.7288564614057, 40.35931554270052], [115.7289742032783, 40.35931683688884], [115.72897251155956, 40.35940690709133], [115.7292079956409, 40.35940949511669], [115.72920630422776, 40.3594995653259], [115.72944178865284, 40.35950215288012], [115.72944009754528, 40.35959222309605], [115.7293223551723, 40.35959092937476], [115.72932066390052, 40.359680999585144], [115.72884969385849, 40.3596758234853]]]}}, {"type": "Feature", "properties": {"year": 2024, "water_area_km2": 0.32}, "geometry": {"type": "Polygon", "coordinates": [[[115.51544156517437, 40.365781389281736], [115.51544551778832, 40.36560126525743], [115.51532777556046, 40.36559975351068], [115.51532975201067, 40.36550969150108], [115.51474104178813, 40.365502130993946], [115.51474301901243, 40.36541206900679], [115.51450753529903, 40.365409043974765], [115.51450951282763, 40.3653189819957], [115.51427402946312, 40.36531595649396], [115.51427600729599, 40.365225894522965], [115.51415826578373, 40.365224381597166], [115.51416024376425, 40.365134319629476], [115.51404250241751, 40.36513280658864], [115.51404645866502, 40.364952682658384], [115.51392871764038, 40.3649511695073], [115.5139346524145, 40.36468098361512], [115.51405239296935, 40.36468249675183], [115.51405437105294, 40.36459243478002], [115.51417211146013, 40.36459394779214], [115.51417606728735, 40.36441382383445], [115.51429380739023, 40.364415336717165], [115.5142957851339, 40.36432527473131], [115.51441352508913, 40.36432678748942], [115.51441550266725, 40.3642367254973], [115.51465098229129, 40.36423975064451], [115.5146529595473, 40.364149688641305], [115.51477069921611, 40.3641512010304], [115.51477267630663, 40.36406113902094], [115.51524363444467, 40.36406718736006], [115.5152456108999, 40.363977125329946], [115.51548108970923, 40.36398014877104], [115.51548306584239, 40.36389008672989], [115.51560080510383, 40.363891598265944], [115.51560278107146, 40.36380153621852], [115.51595599843952, 40.36380607009342], [115.51595797392847, 40.36371600803016], [115.51666440796566, 40.36372507251632], [115.51666638250616, 40.36363501042289], [115.51678412138696, 40.363636520746454], [115.51678609576197, 40.36354645864675], [115.51666835703779, 40.36354494832797], [115.51667033156049, 40.36345488623157], [115.51678807012811, 40.36345639654558], [115.51679399317301, 40.36318621023312], [115.51691173127979, 40.36318772041296], [115.51691370545369, 40.363097658301065], [115.51714918138076, 40.363100678291794], [115.51715312907554, 40.36292055404439], [115.51727086673925, 40.362922063850476], [115.51727284041671, 40.362832001719774], [115.51739057793276, 40.36283351140128], [115.51739649844193, 40.36256332498591], [115.51751423549713, 40.362564834533266], [115.51751620882582, 40.36247477238706], [115.51739847192718, 40.362473262844475], [115.51740439232951, 40.36220307641126], [115.51752212875843, 40.362204585939516], [115.51752015545647, 40.36229464809019], [115.5177556286541, 40.36229766679683], [115.51775365565639, 40.36238772895556], [115.51822460278483, 40.36239376495025], [115.51822657515622, 40.362303702772415], [115.51834431180399, 40.362305211466804], [115.51834825620696, 40.36212508709712], [115.51823051987233, 40.36212357841228], [115.51823249221704, 40.36203351622998], [115.51835022839508, 40.36203502491004], [115.51835220057431, 40.36194496272148], [115.51858767264393, 40.361947979712625], [115.51858964450115, 40.361857917513035], [115.51882511629319, 40.3618609340154], [115.51882314474915, 40.36195099622454], [115.5189408808151, 40.361952504300795], [115.51893890941874, 40.362042566513225], [115.51952759066471, 40.36205010512124], [115.51952956127816, 40.36196004288495], [115.51964729739746, 40.36196155024237], [115.51964926784548, 40.361871487999835], [115.51976700381708, 40.361872995232666], [115.51976503352564, 40.36196305747998], [115.51988276966271, 40.36196456459777], [115.51988079951896, 40.36205462684837], [115.51999853582149, 40.362056133851134], [115.51998671571178, 40.36259650735207], [115.51986897846979, 40.362595000320695], [115.51986700826382, 40.36268506256088], [115.5199847456624, 40.36268656959702], [115.51998277560413, 40.36277663184048], [115.52033598832293, 40.36278115224437], [115.52033795791144, 40.362691089986605], [115.52057343278858, 40.36269410298062], [115.52057737131267, 40.36251397844154], [115.52081284559901, 40.36251699093723], [115.52081678346124, 40.36233686637316], [115.52105225715678, 40.36233987837056], [115.52105619435717, 40.36215975378147], [115.52129166746192, 40.36216276528058], [115.52129560400049, 40.361982640666476], [115.52141334025305, 40.36198414622679], [115.52141727644295, 40.361804021597216], [115.52153501239121, 40.3618055270282], [115.52153698031627, 40.36171546470642], [115.5211837729678, 40.361710948068364], [115.52118180457302, 40.36180101037585], [115.52071086093976, 40.36179498649542], [115.52071282996084, 40.36170492420699], [115.52059509423131, 40.36170341794214], [115.52059903255997, 40.361523293370354], [115.52071676797635, 40.36152479962568], [115.52071873697078, 40.361434737332786], [115.52083647223948, 40.361436243463544], [115.52083844106845, 40.3613461811644], [115.52095617618947, 40.36134768717058], [115.52095814485298, 40.36125762486519], [115.5210758798263, 40.3612591307468], [115.52107784832438, 40.36116906843515], [115.52119558315003, 40.3611705741922], [115.52119755148266, 40.3610805118743], [115.52131528616059, 40.361082017506774], [115.52132315877601, 40.360721768201266], [115.52120542472434, 40.36072026258785], [115.52120739301257, 40.36063020026252], [115.52132512690768, 40.360631705871185], [115.52132709503047, 40.36054164353959], [115.5214448287779, 40.360543149023684], [115.52144679673523, 40.36045308668586], [115.52132906314436, 40.36045158120653], [115.52133103124942, 40.36036151887198], [115.52121329782399, 40.36036001327763], [115.52121526607672, 40.36026995094635], [115.52109753281675, 40.360268445236954], [115.52109950121714, 40.360178382908956], [115.52098176812261, 40.360176877084534], [115.5209837366707, 40.360086814759825], [115.5208660037416, 40.36008530882036], [115.52086797243737, 40.359995246498926], [115.52063250691896, 40.35999223427014], [115.52063447591897, 40.35990217195675], [115.52051674332964, 40.359900665667425], [115.52051871247733, 40.35981060335732], [115.52040098005344, 40.359809096952965], [115.52040294934878, 40.35971903464613], [115.52028521709036, 40.35971752812675], [115.52028718653338, 40.359627465823195], [115.52040491863526, 40.35962897233781], [115.52040688791284, 40.359538910028014], [115.52052461986706, 40.35954041641807], [115.5205265889792, 40.359450354102], [115.52064432078572, 40.3594518603675], [115.52064628973245, 40.35936179804518], [115.52111721642115, 40.359367821890096], [115.52111524810067, 40.359457884231475], [115.52146844368012, 40.35946240087161], [115.52147631503013, 40.359102151440005], [115.52135858378765, 40.359100646032154], [115.52136251972252, 40.35892052131696], [115.52148025065188, 40.3589220267153], [115.52148221844942, 40.3588319643507], [115.52159994923113, 40.35883346962447], [115.52160585210088, 40.3585632825075], [115.52172358242181, 40.35856478764718], [115.52172554987075, 40.35847472526712], [115.521843280044, 40.358476230282264], [115.52184524732752, 40.35838616789595], [115.5219629773531, 40.35838767278653], [115.52196494447121, 40.358297610393976], [115.5220826743491, 40.358299115159994], [115.52208070738752, 40.35838917755732], [115.52219843743084, 40.35839068220832], [115.52219647061695, 40.35848074460892], [115.5224319310433, 40.35848375356105], [115.52242996453364, 40.35857381596968], [115.52231223415949, 40.35857231154875], [115.52231026748441, 40.35866237395114], [115.5224279980151, 40.35866387837684], [115.52242603148771, 40.358753940782485], [115.52230830080046, 40.35875243635203], [115.52230240069537, 40.35902262354581], [115.52242013185227, 40.35902412799056], [115.52242406495144, 40.35884400318667], [115.52265952666565, 40.35884701169771], [115.52266149288883, 40.35875694928402], [115.52277922360267, 40.358758453355094], [115.52278118966044, 40.35866839093516], [115.52301665080167, 40.35867139870841], [115.5230127193035, 40.35885152356583], [115.52313045020051, 40.358853027282294], [115.52313438138557, 40.35867290241535], [115.52325211197838, 40.358674406002486], [115.52325604281486, 40.35849428112008], [115.5233737731034, 40.35849578457791], [115.52337770359135, 40.358315659680045], [115.52349543357565, 40.358317163008564], [115.52349936371503, 40.358137038095244], [115.52361709339512, 40.35813854129445], [115.52361905829495, 40.3580484788308], [115.52373678782737, 40.35804998190548], [115.5237387525618, 40.35795991943558], [115.52385648194652, 40.3579614223857], [115.52385844651556, 40.357871359909566], [115.52397617575261, 40.35787286273515], [115.52397814015623, 40.35778280025277], [115.52409586924557, 40.357784302953796], [115.52409783348381, 40.35769424046518], [115.52421556242547, 40.357695743041674], [115.52421752649828, 40.35760568054681], [115.52433525529227, 40.357607182998755], [115.52434507474074, 40.357156870478356], [115.52446280276088, 40.35715837278674], [115.52446476646747, 40.357068310273455], [115.52481795011143, 40.35707281646563], [115.52481598687446, 40.35716287899318], [115.52493371493003, 40.35716438082242], [115.52493175184075, 40.357254443353234], [115.52504948006171, 40.35725594506744], [115.52505144299447, 40.35716588253187], [115.52528689914988, 40.35716888559141], [115.52528886176069, 40.35707882304486], [115.52540658969514, 40.35708032439019], [115.52540855214055, 40.356990261837396], [115.52564400772292, 40.35699326415921], [115.52564596984641, 40.356903201595415], [115.52588142515111, 40.35690620342859], [115.52588338695269, 40.35681614085381], [115.52600111446178, 40.35681764158598], [115.52600307609794, 40.35672757900497], [115.52623853082959, 40.356730580100425], [115.52624049214384, 40.356640517508424], [115.52635821936641, 40.35664201787174], [115.52636018051528, 40.3565519552735], [115.52659563467387, 40.35655495563125], [115.52659759550085, 40.35646489302206], [115.52671532243686, 40.35646639301651], [115.52671728309844, 40.356376330401076], [115.52695273668397, 40.356379330021134], [115.52695469702363, 40.35628926739471], [115.52742560367463, 40.35629526517844], [115.52742756337933, 40.356205202531555], [115.52754528990766, 40.35620670167328], [115.52754724944697, 40.35611663902016], [115.52778270221708, 40.356119636934785], [115.5277846614345, 40.356029574270686], [115.52802011392689, 40.356032571696694], [115.5280220728224, 40.35594250902163], [115.52813979892532, 40.35594400755022], [115.52814175765548, 40.355853944868926], [115.52849493554763, 40.35585843972176], [115.52849689379937, 40.35576837702475], [115.52873234545858, 40.355771372984925], [115.52873430338842, 40.35568131027695], [115.5289697547699, 40.3556843057485], [115.52897171237785, 40.35559424302958], [115.52932488904675, 40.35559873532433], [115.52932293190838, 40.355688798057464], [115.52920520618673, 40.35568730074093], [115.52920129157044, 40.3558674261933], [115.52908356554458, 40.3558659287475], [115.52908160806666, 40.35595599146671], [115.52884615572833, 40.35595299620628], [115.52884419792854, 40.35604305891453], [115.52872647161607, 40.3560415610999], [115.52872451365091, 40.35613162380192], [115.52860678719077, 40.35613012586278], [115.52860482906024, 40.35622018855859], [115.5284871024524, 40.356218690494906], [115.52848514415648, 40.35630875318447], [115.52824969065423, 40.35630575668828], [115.52824773203642, 40.356395819366895], [115.52801227825644, 40.356392822382084], [115.52801031931673, 40.35648288504971], [115.52777486525903, 40.35647988757628], [115.5277729059974, 40.35656995023293], [115.52765517882527, 40.356568451311794], [115.5276532193983, 40.35665851396223], [115.52741776476746, 40.356655515751115], [115.52741580501856, 40.35674557839057], [115.52729807755988, 40.356744079100594], [115.52729611764559, 40.35683414173383], [115.52717839003921, 40.35683264231931], [115.52717642995957, 40.3569227049463], [115.5270587022055, 40.356921205407254], [115.52705674196046, 40.35701126802803], [115.52693901405868, 40.35700976836445], [115.52693705364827, 40.35709983097898], [115.52681932559878, 40.357098331190876], [115.52681736502299, 40.35718839379916], [115.52669963682584, 40.35718689388653], [115.52669767608464, 40.357276956488604], [115.52646221940377, 40.35727395629445], [115.52646025834066, 40.357364018885534], [115.52634252985695, 40.357362518604035], [115.52634056862844, 40.35745258118888], [115.52622283999705, 40.357451080782845], [115.52622087860314, 40.35754114336147], [115.5259854210538, 40.35753814218053], [115.52598345933798, 40.35762820474817], [115.52586573042004, 40.35762670397327], [115.52586376853881, 40.35771676653466], [115.5256283104164, 40.357713764615994], [115.52562634821324, 40.35780382716641], [115.52550861900875, 40.357802326022636], [115.5255066566402, 40.35789238856681], [115.52527119794469, 40.35788938591039], [115.52526923525421, 40.35797944844358], [115.52515150576318, 40.35797794693094], [115.52514954290731, 40.35806800945789], [115.52491408363875, 40.35806500606373], [115.52491212046091, 40.35815506857969], [115.52455893115483, 40.358150562575766], [115.52455696749851, 40.35824062507597], [115.52443923759098, 40.35823912283032], [115.52443727376925, 40.35832918532428], [115.52420181366767, 40.358326180464104], [115.524199849524, 40.35841624294708], [115.52408211932996, 40.35841474033254], [115.52408015502084, 40.358504802809286], [115.52384469434625, 40.35850179721133], [115.52384076507526, 40.358681922141315], [115.52372303443816, 40.35868041915314], [115.52372106963283, 40.35877048161113], [115.52360333884802, 40.35876897849841], [115.52359940889765, 40.358949103400455], [115.5234816778086, 40.35894760015842], [115.52347971266356, 40.359037662602454], [115.52336198142686, 40.359036159235856], [115.52335805079709, 40.35921628410995], [115.52324031925612, 40.35921478061405], [115.52323638827775, 40.35939490547269], [115.52311865643254, 40.35939340184748], [115.52311079374321, 40.35975365152787], [115.52322852621467, 40.35975515517212], [115.52321083605402, 40.36056571690886], [115.52309310217352, 40.36056421322178], [115.52309506793895, 40.360474150817296], [115.52297733422388, 40.36047264701518], [115.52297340237102, 40.36065277181316], [115.52273793434122, 40.360649763830494], [115.52273596808834, 40.360739826217724], [115.52238276564047, 40.360735313330935], [115.52238079890904, 40.36082537570241], [115.5221453303417, 40.360822366502674], [115.5221413962259, 40.36100249122212], [115.52202366164242, 40.36100098643303], [115.5220157926781, 40.36136123583502], [115.52236899833407, 40.361365749900024], [115.52237096511875, 40.36127568753748], [115.52260643528729, 40.3612786963056], [115.52260840174995, 40.36118863393203], [115.52307934156717, 40.36119465001161], [115.52307737573081, 40.3612847124042], [115.52366605148471, 40.36129222983187], [115.52366801653824, 40.361202167415485], [115.52402122162725, 40.361206676420146], [115.52402318620221, 40.36111661398801], [115.52414092109304, 40.3611181167452], [115.52414484990321, 40.36093799186695], [115.52438031908515, 40.36094099700291], [115.52438424723363, 40.36076087209968], [115.52450198152475, 40.36076237447845], [115.52450394542912, 40.36067231201986], [115.52462167957255, 40.360673814274065], [115.52462757076279, 40.360403626875105], [115.52474530444539, 40.360405128995254], [115.52474923154814, 40.36022500404566], [115.52498469831363, 40.360228007907544], [115.52498666153859, 40.36013794542102], [115.52510439477805, 40.360139447167505], [115.52510832088828, 40.359959322180494], [115.52522605382347, 40.35996082379768], [115.52522801670875, 40.35987076129719], [115.52534574949624, 40.35987226278982], [115.5253477122161, 40.35978220028309], [115.52546544485588, 40.359783701651175], [115.52546740741033, 40.35969363913821], [115.5255851399024, 40.35969514038174], [115.52558906467162, 40.359515015341856], [115.52570679685944, 40.3595165164561], [115.52570875907422, 40.35942645392916], [115.5258264911143, 40.35942795491886], [115.52582845316368, 40.35933789238569], [115.52594618505609, 40.359339393250835], [115.52594814694005, 40.35924933071144], [115.52606587868472, 40.35925083145204], [115.52606784040329, 40.3591607689064], [115.52630330360611, 40.35916377001871], [115.52630722639044, 40.358983644904], [115.526424957692, 40.35898514527096], [115.52642888012787, 40.3588050201408], [115.52654661112516, 40.35880652037847], [115.52655249424292, 40.358536332657856], [115.52667022477942, 40.35853783276149], [115.5266741465006, 40.35835770759747], [115.52679187673284, 40.35835920757182], [115.52679383742361, 40.35826914498285], [115.52691156750817, 40.35827064483264], [115.52691548855007, 40.35809051964075], [115.52726867791748, 40.35809501844296], [115.52727063795551, 40.35800495583053], [115.52738836760581, 40.35800645518693], [115.5273962070434, 40.35764620470341], [115.52751393607633, 40.35764770392106], [115.527517855429, 40.35746757866088], [115.52740012670917, 40.35746607945273], [115.52740404633954, 40.3572859541961], [115.5275217747463, 40.35728745339477], [115.52751981509208, 40.35737751602856], [115.52775527224522, 40.35738051407602], [115.52775331289521, 40.357470576717816], [115.52787104164157, 40.3574720755666], [115.52786320477942, 40.35783232613792], [115.528098663551, 40.35783532351407], [115.52809670462646, 40.357925386162655], [115.52821443418205, 40.35792688467579], [115.52821051661954, 40.35810700997803], [115.52832824649708, 40.358108508380845], [115.52832628785912, 40.358198571034464], [115.5279730977834, 40.3581940754524], [115.52797113866696, 40.35828413809031], [115.52773567834757, 40.35828114042716], [115.5277395971978, 40.35810101516883], [115.52750413753995, 40.35809801704547], [115.52749629855174, 40.35845826751826], [115.5273785681099, 40.35845676825791], [115.52737268830623, 40.35872695608268], [115.52725495740357, 40.358725456688305], [115.5272529972948, 40.35881551928884], [115.52701753520287, 40.358812520131224], [115.52701361433257, 40.35899264530885], [115.52689588298676, 40.35899114554087], [115.52689392238179, 40.35908120812271], [115.52677619088828, 40.359079708230176], [115.52678207314634, 40.35880952049444], [115.52666434213133, 40.35880802049634], [115.52666042032169, 40.358988145645505], [115.52654268900243, 40.35898664551814], [115.5265348446508, 40.3593468957796], [115.52641711271417, 40.359345395513444], [115.52641319017216, 40.35952552062577], [115.52629545793124, 40.35952402023032], [115.52628172765964, 40.360154458043425], [115.52616399433163, 40.360152957494925], [115.52616203267232, 40.36024302002895], [115.52604429919661, 40.36024151935591], [115.52604233737185, 40.36033158188371], [115.52592460374844, 40.360330081086126], [115.5259226417583, 40.3604201436077], [115.52580490798715, 40.36041864268555], [115.52580098366717, 40.36059876771472], [115.52568324959175, 40.36059726666328], [115.5256793249232, 40.360777391677], [115.5255615905435, 40.360775890496264], [115.52555374047392, 40.36113614048688], [115.52543600547682, 40.361134639167325], [115.52543404278073, 40.36122470165652], [115.52531630763589, 40.36122320021239], [115.52531238190399, 40.36140332517681], [115.52507691101458, 40.36140032191018], [115.52507298462098, 40.36158044684965], [115.52495524887641, 40.36157894502711], [115.52494935874984, 40.361849132410896], [115.52483162254443, 40.36184763045431], [115.52482573186842, 40.36211781781045], [115.5247079952021, 40.362116315719796], [115.52470603146914, 40.36220637816411], [115.52458829465512, 40.36220487594889], [115.52458633075673, 40.362294938386974], [115.52446859379498, 40.36229343604718], [115.52446662973114, 40.36238349847903], [115.52434889262169, 40.36238199601468], [115.5243469283924, 40.36247205844029], [115.52422919113522, 40.362470555851374], [115.52422526233691, 40.36265068068862], [115.52410752477543, 40.36264917797038], [115.52410359562852, 40.36282930279215], [115.52398585776272, 40.36282779994459], [115.5239819282672, 40.36300792475092], [115.5238641900971, 40.36300642177404], [115.52386222517944, 40.36309648417022], [115.52374448686163, 40.36309498106878], [115.52374252177854, 40.36318504345871], [115.52350704485634, 40.36318203688687], [115.5235050794512, 40.36327209926579], [115.52338734084681, 40.36327059579539], [115.52338930640853, 40.36318053342122], [115.52291835270601, 40.363174518360545], [115.52291638651795, 40.36326458071568], [115.52268090940672, 40.36326157245694], [115.5226789428966, 40.36335163480107], [115.52220798815426, 40.36334561682682], [115.52220208669166, 40.36361580379317], [115.52208434755848, 40.36361429898578], [115.52208041289254, 40.36379442361305], [115.52196267345506, 40.363792918676324], [115.52196070595218, 40.36388298098297], [115.5201946131067, 40.363860392482955], [115.52019264324608, 40.36395045471663], [115.5200749036375, 40.36394894785334], [115.52007687365472, 40.36385888562444], [115.51995913421163, 40.3638573786461], [115.51995519385513, 40.3640375030929], [115.51983745410774, 40.36403599598521], [115.51983351340253, 40.364216120416515], [115.51971577335084, 40.36421461317946], [115.5197138028283, 40.36430467538813], [115.51959606262893, 40.364303168026495], [115.51959409194089, 40.3643932302289], [115.51947635159381, 40.36439172274268], [115.5194743807403, 40.36448178493881], [115.51935664024552, 40.36448027732802], [115.51935269819862, 40.364660401706296], [115.51923495739955, 40.36465889396613], [115.51923298620615, 40.36474895614825], [115.51911524525937, 40.36474744828351], [115.51911130253272, 40.36492757263379], [115.51899356128165, 40.364926064639675], [115.5189915897484, 40.36501612680781], [115.51887384834959, 40.365014618689095], [115.51887187665085, 40.36510468085097], [115.51863639356671, 40.365101664244555], [115.5186344215459, 40.3651917263954], [115.51851667986055, 40.36519021790769], [115.51851470767423, 40.36528028005227], [115.51745503149745, 40.36526669822804], [115.51745305789278, 40.36535676032816], [115.51721757408264, 40.365353740817426], [115.51721560015591, 40.36544380290648], [115.51662689000341, 40.3654362520089], [115.51662491528474, 40.36552631407258], [115.51638943097288, 40.365523292865234], [115.5163854808824, 40.365703416969026], [115.51614999597979, 40.365700395263275], [115.51614802060799, 40.36579045730338], [115.51544156517437, 40.365781389281736]], [[115.52215123144879, 40.36055217941237], [115.52226896525832, 40.36055368405785], [115.52227093211972, 40.360463621686684], [115.5225063994523, 40.36046663060872], [115.5225103325222, 40.360286505842886], [115.52262806588868, 40.36028801011467], [115.52263199860998, 40.36010788533337], [115.52274973167219, 40.360109389475845], [115.5227536640449, 40.35992926467906], [115.52251819855556, 40.359926256293356], [115.52252016504174, 40.35983619390226], [115.52228469990105, 40.35983318504688], [115.52228273310175, 40.359923247428455], [115.52216500038816, 40.35992174281631], [115.52216303342342, 40.36001180519164], [115.52204530056213, 40.36001030045492], [115.52204333343198, 40.360100362824], [115.52192560042299, 40.36009885796274], [115.52191969850962, 40.36036904504677], [115.52203743198828, 40.36037054992233], [115.52203546482264, 40.36046061228545], [115.52215319846674, 40.36046211704597], [115.52215123144879, 40.36055217941237]], [[115.52289105656861, 40.35903014457158], [115.52300878776988, 40.35903164841733], [115.52301075354112, 40.35894158599234], [115.52289302249642, 40.35894008215133], [115.52289105656861, 40.35903014457158]]]}}, {"type": "Feature", "properties": {"year": 2024, "water_area_km2": 0.0109}, "geometry": {"type": "Polygon", "coordinates": [[[115.72722162825882, 40.35857685030124], [115.72722501624938, 40.358396709991354], [115.72698953587303, 40.35839411798208], [115.72698784156837, 40.35848418812955], [115.7267523609094, 40.358481595632774], [115.72675405552727, 40.3583915254935], [115.72663631536585, 40.358390229069485], [115.72663801013267, 40.35830015893286], [115.72652027013551, 40.35829886239312], [115.72652196505129, 40.358208792259134], [115.72640422521836, 40.358207495603665], [115.7264059202831, 40.35811742547232], [115.72628818061442, 40.358116128701134], [115.72629157103415, 40.35793598844225], [115.72617383168634, 40.35793469155945], [115.7261755270413, 40.3578446214319], [115.72605778785773, 40.3578433244334], [115.72605948336168, 40.357753254308506], [115.72594174434235, 40.35775195719426], [115.72594343999523, 40.357661887072005], [115.72582570114014, 40.357660589842055], [115.72582739694197, 40.35757051972243], [115.72570965825112, 40.35756922237677], [115.7257113542019, 40.35747915225979], [115.7255936156753, 40.35747785479842], [115.72559531177501, 40.35738778468408], [115.72583078852269, 40.357390379478794], [115.7258341800728, 40.35721023922929], [115.72595191814494, 40.3572115364387], [115.72595022253027, 40.35730160656829], [115.72606796076667, 40.357302903661996], [115.7260696562247, 40.35721283352831], [115.72618739431213, 40.35721413049808], [115.72618569901066, 40.35730420063588], [115.7265389137886, 40.357308090838615], [115.72653721894928, 40.35739816098728], [115.72665495738048, 40.357399457485975], [115.7266532626901, 40.35748952763726], [115.72677100128551, 40.35749082402025], [115.72676930674409, 40.35758089417417], [115.72688704550377, 40.35758219044145], [115.72688365671118, 40.35776233075312], [115.72700139579169, 40.35776362690876], [115.72699970154054, 40.357853697066496], [115.72711744078529, 40.357854993106436], [115.72711574668307, 40.3579450632668], [115.72723348609206, 40.35794635919102], [115.72723179213882, 40.35803642935402], [115.72746727129292, 40.358039020851194], [115.72746388398988, 40.358219161189204], [115.72758162389161, 40.358220456766254], [115.72757484982027, 40.35858073744107], [115.72722162825882, 40.35857685030124]], [[115.72687179569633, 40.35839282179771], [115.72698953587303, 40.35839411798208], [115.72699292445945, 40.35821397768276], [115.72687518459594, 40.358212681506586], [115.72687179569633, 40.35839282179771]]]}}, {"type": "Feature", "properties": {"year": 2024, "water_area_km2": 0.0057}, "geometry": {"type": "Polygon", "coordinates": [[[115.46693567478822, 40.354608248856074], [115.46693771485279, 40.354518188683016], [115.46658455392833, 40.354513505991875], [115.4665865944532, 40.35442344583213], [115.46623343408109, 40.354418762077906], [115.46623547506627, 40.3543287019315], [115.46588231524652, 40.354324017114216], [115.46588435669199, 40.35423395698115], [115.46576663692699, 40.354232395140805], [115.46577072010327, 40.354052274880054], [115.4656530006605, 40.354050712929826], [115.46565708411292, 40.353870592673], [115.46648111821487, 40.35388152374034], [115.46647907758873, 40.3539715839041], [115.46671451629942, 40.35397470599821], [115.46671247597708, 40.354064766170346], [115.46683019550272, 40.35406632704271], [115.46682815532765, 40.354156387218296], [115.46694587501901, 40.35415794797582], [115.46694383499127, 40.35424800815486], [115.4670615548483, 40.35424956879756], [115.46705339527126, 40.354609809518536], [115.46693567478822, 40.354608248856074]]]}}, {"type": "Feature", "properties": {"year": 2024, "water_area_km2": 0.0075}, "geometry": {"type": "Polygon", "coordinates": [[[115.51238239717276, 40.3549315789137], [115.51238437679719, 40.35484151685788], [115.51226665344981, 40.35484000232661], [115.51227259273912, 40.35456981616462], [115.51239031561695, 40.3545713306815], [115.51239625435633, 40.35430114449175], [115.51251397677353, 40.354302658874474], [115.51251793557547, 40.35412253473095], [115.51298882408143, 40.35412859102581], [115.51299080284295, 40.354038528932655], [115.51310852483525, 40.35404004270214], [115.51311050343135, 40.35394998060271], [115.51334594712968, 40.353953007772795], [115.51334396884663, 40.35404306988182], [115.5134616908657, 40.354044583292], [115.51345773458581, 40.354224707515165], [115.51357545692683, 40.35422622081515], [115.51357150092433, 40.35440634504193], [115.51345377827026, 40.35440483173237], [115.51344982191901, 40.35458495594363], [115.51333209896086, 40.35458344250472], [115.51333012061534, 40.35467350460333], [115.51309467441277, 40.354670477356585], [115.51309269574527, 40.35476053944413], [115.51285724926538, 40.35475751170871], [115.51285527027594, 40.354847573785186], [115.51273754689286, 40.35484605973302], [115.51273556773796, 40.35493612180321], [115.51238239717276, 40.3549315789137]]]}}, {"type": "Feature", "properties": {"year": 2024, "water_area_km2": 0.0164}, "geometry": {"type": "Polygon", "coordinates": [[[115.54355474103438, 40.35100418614916], [115.54355667891689, 40.35091412276999], [115.5434389607492, 40.35091264008553], [115.54344089877947, 40.35082257670956], [115.54355861679066, 40.35082405938933], [115.54356249251197, 40.35064393262356], [115.54344477481378, 40.350642449953185], [115.5434467128178, 40.35055238657276], [115.54356443035951, 40.35055386923845], [115.54356636819833, 40.35046380585186], [115.5434486508131, 40.35046232319087], [115.54345252677749, 40.3502821964226], [115.54333480971397, 40.35028071365122], [115.54333674783955, 40.35019065026957], [115.54310131405177, 40.35018768437691], [115.54310519090262, 40.35000755762792], [115.54298747433481, 40.35000607451133], [115.54299522855756, 40.34964582101429], [115.5431129444994, 40.349647304112096], [115.54311488287675, 40.34955724072943], [115.54323259867087, 40.34955872370278], [115.54323066045, 40.34964878709014], [115.54346609237743, 40.349651752686945], [115.54346996818445, 40.34947162589199], [115.54358768384832, 40.34947310850137], [115.5435915593074, 40.349292981691065], [115.54370927466702, 40.34929446417131], [115.54371121222697, 40.34920440075925], [115.54394664265949, 40.349207365351084], [115.54394857989774, 40.34911730192814], [115.5440662949706, 40.34911878403974], [115.54406823204364, 40.34902872061063], [115.54418594696878, 40.34903020259777], [115.54418788387659, 40.34894013916249], [115.54407016910793, 40.34893865718004], [115.54407210616348, 40.34884859374796], [115.54395439156005, 40.34884711165044], [115.54395632876336, 40.34875704822158], [115.54419175766601, 40.34876001228748], [115.54418982077566, 40.34885007572572], [115.54430753539658, 40.34885155758373], [115.54430559865399, 40.34894162102518], [115.54442331344009, 40.348943102768125], [115.54441944024167, 40.34912322965596], [115.5445371553495, 40.34912471128853], [115.54453521889364, 40.349214774734904], [115.54441750362933, 40.349213293097655], [115.54440394709849, 40.34984373714795], [115.54452166345818, 40.34984521881802], [115.54451972693248, 40.34993528225253], [115.54440201041628, 40.34993380057776], [115.54439813702568, 40.35011392743295], [115.54416270339354, 40.350110963705376], [115.54414720697773, 40.35083147099173], [115.54402948892285, 40.35082998891077], [115.54402755167506, 40.3509200523102], [115.54379211527849, 40.35091708777962], [115.54379017770897, 40.351007151168176], [115.54355474103438, 40.35100418614916]], [[115.54393501904649, 40.34974774585749], [115.54405273521473, 40.34974922800192], [115.5440566094744, 40.349569101163006], [115.54382117777253, 40.34956613677316], [115.54381924033412, 40.34965620018398], [115.54393695633715, 40.349657682443464], [115.54393501904649, 40.34974774585749]]]}}, {"type": "Feature", "properties": {"year": 2024, "water_area_km2": 0.0878}, "geometry": {"type": "Polygon", "coordinates": [[[115.53193634377202, 40.35464095457093], [115.5319422045125, 40.3543707660011], [115.53205992808915, 40.35437226049171], [115.53206188149515, 40.35428219762739], [115.5321796049241, 40.354283691993494], [115.5321815581648, 40.35419362912297], [115.53229928144603, 40.354195123364576], [115.53230123452138, 40.35410506048782], [115.53241895765493, 40.35410655460492], [115.53242091056494, 40.35401649172198], [115.53253863355077, 40.35401798571456], [115.53254253903137, 40.353837859934735], [115.53266026171296, 40.35383935379809], [115.53266221428355, 40.353749290901234], [115.53277993681743, 40.35375078464009], [115.53278188922268, 40.353660721737015], [115.53254644447675, 40.353657734148975], [115.5325483971862, 40.353567671253856], [115.53219523060291, 40.353563188987685], [115.5321991369345, 40.35338306322138], [115.5320814150707, 40.35338156890256], [115.53208922825422, 40.35302131737105], [115.53220694949196, 40.353022811670954], [115.53220499636583, 40.353112874560786], [115.53232271776889, 40.353114368745636], [115.53232467073852, 40.35302430585107], [115.5324423919939, 40.35302579991143], [115.53244043918076, 40.353115862810725], [115.53279360346924, 40.35312034428734], [115.53279555581284, 40.35303028137387], [115.53291327710346, 40.35303177495514], [115.53291132491636, 40.35312183787334], [115.53302904637226, 40.35312333133957], [115.53303099840286, 40.35303326841664], [115.53314871971108, 40.353034761758366], [115.53315067157634, 40.35294469882922], [115.53326839273686, 40.35294619204645], [115.53327034443681, 40.352856129111096], [115.53315262343283, 40.35285463589859], [115.53315457528048, 40.352764572966485], [115.53327229612796, 40.35276606617427], [115.53327424781031, 40.35267600323594], [115.5333919685101, 40.352677496319224], [115.53339392002714, 40.35258743337469], [115.53362936114011, 40.35259041917251], [115.53362545872325, 40.352770545078975], [115.53339001698424, 40.352767559262276], [115.53338806544961, 40.352857622203835], [115.53350578647121, 40.352859115176805], [115.53350188368853, 40.35303924106493], [115.5333841623539, 40.353037748082514], [115.533380259223, 40.35321787395523], [115.53349798087062, 40.3532193669471], [115.53349993228397, 40.35312930400676], [115.53373537529265, 40.35313228962173], [115.53373927746689, 40.35295216371767], [115.53385699867141, 40.35295365633605], [115.53386090049746, 40.35277353041661], [115.53409634230687, 40.35277651527517], [115.53409829289365, 40.35268645230378], [115.53433373442523, 40.3526894366738], [115.53433568469022, 40.35259937369148], [115.53445340531273, 40.352600865692125], [115.5344573055033, 40.352420739713565], [115.53457502582157, 40.352422231584995], [115.53457697574714, 40.35233216858878], [115.53481241609707, 40.35233515196288], [115.53481436570085, 40.352245088955726], [115.53493208573249, 40.352246580458406], [115.53493403517099, 40.352156517445046], [115.53505175505491, 40.35215800882324], [115.5350537043281, 40.352067945803675], [115.53517142406433, 40.35206943705738], [115.53517337317223, 40.351979374031615], [115.53529109276074, 40.35198086516083], [115.53529499063717, 40.35180073909541], [115.53541270992147, 40.35180223009543], [115.53541465869, 40.35171216705577], [115.5355323778266, 40.351713657931306], [115.53553432642983, 40.35162359488543], [115.5356520454187, 40.35162508563648], [115.53565594228581, 40.35144495953087], [115.5357736609705, 40.351446450152714], [115.53577755748944, 40.35126632403173], [115.53589527586993, 40.35126781452438], [115.53589917204074, 40.35108768838801], [115.536016890117, 40.351089178751465], [115.53602468172721, 40.35072892644206], [115.53614239918628, 40.35073041666688], [115.53614629462568, 40.350550290493835], [115.53626401178057, 40.35055178058945], [115.53627764444633, 40.349921338904004], [115.53639536051459, 40.349922828846864], [115.53641483343986, 40.3490221976943], [115.53653254795208, 40.349023687470236], [115.53653449503982, 40.3489336243421], [115.53665220940434, 40.34893511399359], [115.53665610324052, 40.34875498772342], [115.53677381730085, 40.348756477245715], [115.53677771078895, 40.34857635096019], [115.53701313831007, 40.348579329626666], [115.53701703113715, 40.34839920331633], [115.5372524580675, 40.348402181484936], [115.53725440415491, 40.34831211831813], [115.53737211747676, 40.34831360721809], [115.53737406339896, 40.348223544045084], [115.53784491614827, 40.34822949842857], [115.53784880671452, 40.34804937204041], [115.53890822309724, 40.348062762313035], [115.53891016695894, 40.34797269907435], [115.53902787977775, 40.34797418627895], [115.5390298234742, 40.34788412303406], [115.53891211081189, 40.34788263583416], [115.53891405465608, 40.347792572592525], [115.53903176716193, 40.3477940597877], [115.53903371084085, 40.34770399653987], [115.53973998512124, 40.347712917168046], [115.53973804238112, 40.34780298044412], [115.54020889270251, 40.34780892515339], [115.54020695057949, 40.3478989884468], [115.54032466333821, 40.34790047432944], [115.54032272136293, 40.34799053762608], [115.54044043428688, 40.347992023393665], [115.54043849245932, 40.34808208669352], [115.54055620554848, 40.34808357234607], [115.54055232217999, 40.34826369895071], [115.54078774901055, 40.348266669915354], [115.54078580762611, 40.34835673322486], [115.54090352121098, 40.34835821853225], [115.54090157997426, 40.348448281844966], [115.54196100404037, 40.34846164426494], [115.54196294386882, 40.34837158090994], [115.5423160849123, 40.34837603288029], [115.54231802426256, 40.348285969509696], [115.54255345135566, 40.34828893688177], [115.54255539038422, 40.348198873500316], [115.54279081719936, 40.348201840383986], [115.54279275590623, 40.348111776991665], [115.54314589572512, 40.34811622640495], [115.54314783395382, 40.34802616299706], [115.54373639971108, 40.348033576267355], [115.54373833714868, 40.34794351283451], [115.5440914762385, 40.347947959345596], [115.54408953927032, 40.348038022792515], [115.5442072524742, 40.34803950472807], [115.54420337882456, 40.348219631626826], [115.54408566530775, 40.34821814968189], [115.54408372831334, 40.34830821312435], [115.54396601464876, 40.348306731054976], [115.54396407748916, 40.34839679449127], [115.54384636367686, 40.34839531229745], [115.54384442635202, 40.34848537572756], [115.54360899844067, 40.34848241097128], [115.54360706079417, 40.34857247439054], [115.54348934669511, 40.34857099182807], [115.5434874088834, 40.34866105524114], [115.54336969463661, 40.34865957255423], [115.54336775665965, 40.34874963596112], [115.54325004226513, 40.348748153149764], [115.54324810412297, 40.34883821655048], [115.54289496052243, 40.348833767383816], [115.54289302190206, 40.34892383076897], [115.54242216326453, 40.348917896851376], [115.5424202240095, 40.34900796021627], [115.54194936488602, 40.34900202436381], [115.54194742499632, 40.34909208770842], [115.54124113563472, 40.34908318030889], [115.5412391947974, 40.34917324362383], [115.54100376476725, 40.3491702735232], [115.54100570591754, 40.34908021021765], [115.5407702762354, 40.34907723964741], [115.54077221768988, 40.34898717634979], [115.54053678835571, 40.34898420530992], [115.54053873011439, 40.348894142020214], [115.54042101561693, 40.34889265632535], [115.54042295752335, 40.34880259303886], [115.54018752886766, 40.348799621299264], [115.54019141328011, 40.34861949474065], [115.54007369927835, 40.34861800870063], [115.54007564162794, 40.348527945423804], [115.5399579277914, 40.34852645926873], [115.53995987028867, 40.348436395995115], [115.5397244429549, 40.348433423335116], [115.53972832854905, 40.34825329680226], [115.53949290187622, 40.34825032368207], [115.5394948449731, 40.34816026042283], [115.53925941864826, 40.34815728683304], [115.53926136204933, 40.34806722358173], [115.53902593607249, 40.34806424952236], [115.5390239923585, 40.34815431276425], [115.53878856610378, 40.34815133821646], [115.53878662206807, 40.34824140144746], [115.5385511955355, 40.348238426411264], [115.53854925117805, 40.34832848963138], [115.53831382436762, 40.34832551410673], [115.53831187968845, 40.34841557731594], [115.53807645260015, 40.34841260130287], [115.53807450759928, 40.348502664501176], [115.53783908023313, 40.348499687999684], [115.53783713491052, 40.34858975118709], [115.53771942108412, 40.348588262752], [115.53771747559628, 40.34867832593321], [115.53736433370031, 40.34867385989529], [115.53736238773426, 40.34876392306087], [115.53724467363001, 40.348762434137335], [115.53724272749871, 40.34885249729673], [115.53712501324678, 40.34885100824876], [115.5371230669502, 40.34894107140194], [115.53700535255057, 40.34893958222949], [115.53699951313874, 40.34920977166601], [115.53688179827843, 40.349208282359655], [115.53687011827886, 40.34974866116435], [115.53698783407803, 40.34975015049898], [115.53697615470125, 40.35029052927851], [115.53685843796315, 40.35028903991558], [115.53685454445431, 40.35046916615411], [115.53673682741203, 40.35046767666201], [115.53673098661343, 40.35073786599453], [115.53661326911045, 40.35073637636852], [115.53660937488785, 40.35091650257335], [115.53649165708065, 40.35091501281815], [115.53648386790407, 40.35127526519113], [115.53636614947965, 40.3512737752973], [115.53636030703551, 40.3515439645473], [115.5362425881504, 40.35154247451957], [115.53623869283071, 40.35172260066937], [115.53612097364139, 40.35172111051245], [115.53611513012646, 40.35199129971188], [115.53599741047643, 40.35198980942102], [115.53599351444286, 40.35216993553711], [115.5358757944886, 40.35216844511707], [115.53587189810689, 40.35234857121779], [115.53575417784842, 40.35234708066853], [115.53575222948787, 40.35243714371195], [115.53551678868428, 40.352434162244705], [115.53551289131079, 40.352614288308224], [115.53539517060918, 40.35261279738551], [115.53539322175274, 40.35270286041031], [115.5352755009034, 40.35270136936312], [115.53527355188169, 40.35279143238172], [115.53503810989635, 40.35278844991857], [115.53503616055282, 40.352878512926246], [115.53491843941683, 40.3528770215103], [115.534916489908, 40.35296708451177], [115.5347987686243, 40.35296559297133], [115.53479681895016, 40.35305565596661], [115.53467909751875, 40.353054164301675], [115.53467714767929, 40.35314422729073], [115.53455942610019, 40.35314273550131], [115.53455747609544, 40.35323279848416], [115.5344397543686, 40.35323130657024], [115.53443585401966, 40.35341143252206], [115.53431813198861, 40.35340994047892], [115.53431618164444, 40.35350000344788], [115.53408073729567, 40.35349701899285], [115.53407878662968, 40.35358708195087], [115.533961064312, 40.35358558953897], [115.53395911348069, 40.35367565249079], [115.53384139101527, 40.353674159954394], [115.53383944001865, 40.35376422290001], [115.53372171740553, 40.353762730239104], [115.53371781507283, 40.35394285611643], [115.53348236924694, 40.353939870416426], [115.53348041775436, 40.3540299333434], [115.5333626946981, 40.35402844030901], [115.5333607430402, 40.35411850322978], [115.53324301983622, 40.35411701007089], [115.53324106801301, 40.35420707298545], [115.53312334466132, 40.35420557970206], [115.53312139267277, 40.35429564261041], [115.53300366917337, 40.3542941492025], [115.53300171701952, 40.35438421210464], [115.53276626973407, 40.35438122492007], [115.53276431725834, 40.35447128781128], [115.53264659347231, 40.35446979403459], [115.5326446408313, 40.35455985691957], [115.53252691689755, 40.35455836301839], [115.53252496409118, 40.35464842589717], [115.53193634377202, 40.35464095457093]], [[115.53266611939827, 40.35356916510304], [115.53278384161912, 40.353570658832446], [115.53278579400676, 40.35348059592639], [115.53266807194242, 40.353479102201725], [115.53266611939827, 40.35356916510304]], [[115.5331448159541, 40.35321488761219], [115.53326253758416, 40.353216380843605], [115.53326448931053, 40.353126317912704], [115.53314676783701, 40.35312482468602], [115.5331448159541, 40.35321488761219]]]}}, {"type": "Feature", "properties": {"year": 2024, "water_area_km2": 0.0069}, "geometry": {"type": "Polygon", "coordinates": [[[115.77165279968095, 40.350228605123625], [115.77165606845537, 40.350048461496506], [115.77153834078476, 40.35004721099521], [115.77153997531745, 40.349957139183424], [115.77142224781075, 40.34995588856628], [115.77142715183423, 40.34968567313401], [115.7715448788713, 40.34968692373927], [115.77154651337449, 40.34959685192164], [115.771428786494, 40.34959560132033], [115.77143205579135, 40.34941545768859], [115.7713143292313, 40.34941420697542], [115.77131596402548, 40.349324135161304], [115.77178686968374, 40.349329137279426], [115.77178523551574, 40.34941920910937], [115.7720206887022, 40.34942170945759], [115.7720190548399, 40.34951178129398], [115.77225450836893, 40.34951428117093], [115.77225287481238, 40.349604353013795], [115.7726060556308, 40.34960810194265], [115.77260278943483, 40.34978824564768], [115.77272051670212, 40.349789495058964], [115.77271888374965, 40.34987956691324], [115.7724834289093, 40.34987706796298], [115.77248179563635, 40.34996713980788], [115.7723640680707, 40.34996589014911], [115.77236243463383, 40.3500559619886], [115.77212697921152, 40.350053462303755], [115.7721253454542, 40.35014353413387], [115.77200761759757, 40.3501422841078], [115.77200598367632, 40.3502323559325], [115.77165279968095, 40.350228605123625]]]}}, {"type": "Feature", "properties": {"year": 2024, "water_area_km2": 0.1708}, "geometry": {"type": "Polygon", "coordinates": [[[115.53197346045565, 40.35292976006951], [115.53197541387719, 40.35283969718617], [115.5320931347931, 40.35284119159637], [115.53209508804933, 40.35275112870681], [115.53221280881756, 40.352752622992526], [115.53221476190848, 40.35266256009673], [115.53197932069385, 40.35265957141501], [115.53198127408896, 40.35256950852722], [115.53186355365136, 40.35256801401142], [115.53186550719418, 40.35247795112685], [115.53151234640379, 40.352473466875054], [115.53151430040731, 40.3523834040032], [115.53127886023745, 40.35238041391263], [115.53128081454516, 40.35229035104876], [115.53116309462996, 40.352288855828554], [115.53116504908533, 40.35219879296792], [115.53104732933545, 40.352197297632685], [115.53104928393854, 40.35210723477529], [115.53116700353192, 40.3521087301058], [115.53117091239861, 40.35192860437711], [115.53140635098582, 40.3519315946599], [115.53141221328075, 40.35166140602735], [115.53129449445223, 40.35165991096002], [115.53129840291777, 40.35147978520702], [115.53141612143328, 40.35148128026486], [115.53141807549635, 40.35139121738141], [115.53153579386417, 40.35139271231477], [115.53153774776193, 40.35130264942509], [115.53165546598207, 40.35130414423395], [115.53165741971449, 40.35121408133806], [115.53177513778698, 40.351215576022426], [115.53177904491241, 40.35103545021671], [115.5320144804578, 40.35103843920724], [115.53201643369432, 40.3509483762927], [115.53213415132375, 40.35094987060358], [115.53213610439498, 40.35085980768284], [115.53225382187672, 40.35086130186924], [115.53225577478261, 40.350771238942265], [115.53237349211668, 40.35077273300419], [115.53237544485731, 40.350682670071], [115.53249316204366, 40.35068416400841], [115.53249706718549, 40.35050403812813], [115.53261478406769, 40.350505531936335], [115.53261673646891, 40.35041546898924], [115.53273445320343, 40.35041696267296], [115.53273640543934, 40.350326899719654], [115.53285412202618, 40.350328393278886], [115.53285607409681, 40.350238330319364], [115.53297379053596, 40.350239823754116], [115.53297574244131, 40.35014976078837], [115.53321117503303, 40.35015274728913], [115.53321898131443, 40.34979249537354], [115.53333669699757, 40.349793988425375], [115.5333405997725, 40.34961386244922], [115.53345831515146, 40.34961535537185], [115.5334641687784, 40.349345166382314], [115.53358188369671, 40.34934665917102], [115.5335838347316, 40.349256596166796], [115.53370154950227, 40.349258088831014], [115.53370350037186, 40.3491680258206], [115.53335035655576, 40.349163547482846], [115.53334840521671, 40.34925361047908], [115.53311297573701, 40.34925062431235], [115.53311102407622, 40.34934068729767], [115.53299330919309, 40.349339194029945], [115.53299135736698, 40.34942925700904], [115.5328736423362, 40.34942776361684], [115.5328716903448, 40.34951782658972], [115.53275397516634, 40.349516333073026], [115.5327500708442, 40.3496964590049], [115.53251463988774, 40.34969347159335], [115.53251268740051, 40.3497835345476], [115.53239497177898, 40.34978204065745], [115.53239301912647, 40.349872103605485], [115.53203987184534, 40.349867621202335], [115.53204182496734, 40.349777558268485], [115.53192410938107, 40.34977606389932], [115.53192606265071, 40.3496860009687], [115.53180834722974, 40.34968450648451], [115.5318103006471, 40.34959444355714], [115.53169258539141, 40.34959294895791], [115.53169649251258, 40.3494128231082], [115.5315787775787, 40.34941132839868], [115.53158659234124, 40.349051076700334], [115.53146887804206, 40.34904958188998], [115.53147278568342, 40.348869456041356], [115.53159049966963, 40.348870950842255], [115.5315944069628, 40.34869082497821], [115.5317121206449, 40.34869231964989], [115.53171602758984, 40.34851219377047], [115.5318337409678, 40.348513688312934], [115.53183569427058, 40.34842362536625], [115.53195340750086, 40.34842511978424], [115.53195536063838, 40.34833505683135], [115.532073073721, 40.348336551124845], [115.53207697965665, 40.348156425205154], [115.53231240522243, 40.348159413413995], [115.53231435786408, 40.348069350442465], [115.53254978315216, 40.34807233816284], [115.5325517354721, 40.34798227518037], [115.53278716048246, 40.347985262412294], [115.53278911248061, 40.34789519941888], [115.53290682484254, 40.347896692850505], [115.53290877667544, 40.34780662985087], [115.53314420111276, 40.34780961634539], [115.53314615262391, 40.347719553334834], [115.5332638646993, 40.34772104639774], [115.53326776738228, 40.34754092036272], [115.53315005561984, 40.34753942730926], [115.53315200710458, 40.34744936429424], [115.53303429550739, 40.34744787112576], [115.53304210198424, 40.347087619069754], [115.53315981295556, 40.34708911221934], [115.53316176439631, 40.346999049196896], [115.53327947521998, 40.347000542222], [115.53328142649548, 40.34691047919335], [115.53351684785629, 40.346913464874866], [115.53351879881005, 40.34682340183529], [115.53375421989317, 40.34682638702839], [115.5337561705252, 40.346736323977865], [115.53399159133058, 40.346739308682544], [115.53399354164088, 40.3466492456211], [115.53422896216854, 40.346652229837346], [115.53423091215713, 40.34656216676497], [115.53434862227769, 40.34656365868876], [115.53435057210105, 40.34647359561017], [115.53458599205561, 40.34647657908906], [115.53458794155728, 40.346386515999555], [115.53494107108571, 40.34639099030567], [115.5349430201092, 40.34630092720051], [115.53517843952586, 40.346303909463096], [115.53518038822763, 40.346213846347005], [115.53541580736656, 40.346216828121186], [115.53541775574662, 40.346126764994175], [115.5355354651728, 40.34612825569694], [115.53553741338763, 40.346038192563725], [115.53589054124954, 40.346042663939386], [115.53589248898622, 40.34595260079054], [115.53612790729184, 40.34595558109951], [115.53612985470681, 40.34586551793974], [115.53624756371636, 40.345867007909895], [115.53624561645783, 40.34595707107437], [115.53648103481618, 40.345960050664885], [115.53647908786176, 40.346050113837315], [115.53659679721058, 40.346051603457674], [115.53659485040384, 40.34614166663332], [115.53671255991789, 40.34614315613867], [115.53670671991439, 40.34641334567085], [115.536589009931, 40.346411856151384], [115.53658706308916, 40.34650191932109], [115.53646935295808, 40.346500429677164], [115.53646740595097, 40.34659049284068], [115.53611427514105, 40.34658602317628], [115.53611232765581, 40.34667608632415], [115.53599461724694, 40.34667459619181], [115.53599266959644, 40.346764659333495], [115.53575724849216, 40.34676167870015], [115.53575530051995, 40.34685174183091], [115.53563758982452, 40.346850251329904], [115.53563564168707, 40.34694031445447], [115.53551793084398, 40.346938823828985], [115.53551598254127, 40.34702888694736], [115.53539827155048, 40.34702739619741], [115.53539632308252, 40.34711745930957], [115.53527861194408, 40.34711596843518], [115.53527666331087, 40.34720603154113], [115.53515895202474, 40.347204540542265], [115.5351570032263, 40.34729460364201], [115.53574556052715, 40.34730205746246], [115.53574750854328, 40.347211994339126], [115.53610064255987, 40.34721646518028], [115.53610259009783, 40.34712640204131], [115.53645572372405, 40.3471308717906], [115.53645767078382, 40.34704080863598], [115.53681080401972, 40.34704527729339], [115.5368088574293, 40.347135340462145], [115.53692656868198, 40.34713682977985], [115.53692462223928, 40.347226892951824], [115.53704233365718, 40.347228382154476], [115.53703649474579, 40.347498571675644], [115.53691878285849, 40.347497082458844], [115.53691294339866, 40.347767271952506], [115.53620666944286, 40.347758334052116], [115.5362047219999, 40.34784839718542], [115.53585158467116, 40.34784392660446], [115.53584963674999, 40.34793398972212], [115.53573192416818, 40.34793249928427], [115.53572997608177, 40.34802256239572], [115.53561226335226, 40.34802107183338], [115.53561031510058, 40.34811113493865], [115.5354926022234, 40.34810964425184], [115.53549065380646, 40.348199707350894], [115.5353729407816, 40.34819821653962], [115.5353709921994, 40.34828827963248], [115.53548870538073, 40.34828977044846], [115.53548675694621, 40.34837983354454], [115.53572218364818, 40.34838281482671], [115.53572023551781, 40.348472877930746], [115.53583794903845, 40.34847436839692], [115.5358340530643, 40.34865449460997], [115.53595176690668, 40.348655984965816], [115.53593423599641, 40.3494665528935], [115.53581652074571, 40.34946506249519], [115.53581067648138, 40.34973525176354], [115.53569296077, 40.34973376123133], [115.53569101250783, 40.34982382431309], [115.53545558079853, 40.349820842879964], [115.5354536322146, 40.34991090595079], [115.53533591621665, 40.349909415049886], [115.53533396746744, 40.34999947811452], [115.53521625132178, 40.349997987089125], [115.53521430240728, 40.350088050147555], [115.53509658611395, 40.35008655899768], [115.53509073884825, 40.35035674814991], [115.53497302209425, 40.350355256866116], [115.53497107283162, 40.35044531990917], [115.53485335592991, 40.35044382850089], [115.534851406502, 40.35053389153775], [115.53473368945258, 40.35053240000499], [115.5347317398594, 40.350622463035634], [115.53461402266228, 40.3506209713784], [115.53461207290381, 40.35071103440284], [115.53449435555902, 40.35070954262112], [115.53449045570265, 40.350889668656094], [115.53437273805366, 40.35088817674517], [115.53436883784917, 40.35106830276477], [115.534251119896, 40.35106681072464], [115.5342472193433, 40.351246936728856], [115.53412950108594, 40.35124544455951], [115.53412560018508, 40.35142557054833], [115.53400788162351, 40.35142407824979], [115.53400398037446, 40.35160420422322], [115.5338862615087, 40.35160271179546], [115.53388431071447, 40.351692774775245], [115.53376659170102, 40.351691282222994], [115.53376464074151, 40.35178134519655], [115.53364692158033, 40.35177985251982], [115.53364301932189, 40.35195997845303], [115.53340758039998, 40.35195699272136], [115.53340562894455, 40.35204705567629], [115.53328790934029, 40.35204556262608], [115.53328595771957, 40.35213562557481], [115.53269735904782, 40.352128158503625], [115.53269540663578, 40.352218221427236], [115.53257768677135, 40.352216727648965], [115.53256792379649, 40.352667042221064], [115.532332482529, 40.35266405425794], [115.5323285766514, 40.35284418005748], [115.53221085571785, 40.35284268588681], [115.5322089026093, 40.352932748779615], [115.53197346045565, 40.35292976006951]]]}}, {"type": "Feature", "properties": {"year": 2024, "water_area_km2": 0.0069}, "geometry": {"type": "Polygon", "coordinates": [[[115.53519013160461, 40.345763530744314], [115.53519208025365, 40.34567346761933], [115.53495666302733, 40.34567048542281], [115.53496250986039, 40.34540029606723], [115.53484480172978, 40.345398804803516], [115.53485064895305, 40.34512861544874], [115.53473294130058, 40.34512712407946], [115.53473683971838, 40.34494699784495], [115.53485454705795, 40.34494848920479], [115.53485649609722, 40.34485842608059], [115.53497420328914, 40.344859917315986], [115.53497615216318, 40.34476985418557], [115.535446980393, 40.3447758179109], [115.53544113562191, 40.345046007354284], [115.53555884317068, 40.34504749800042], [115.53555689505251, 40.345137561149976], [115.53567460276652, 40.3451390516811], [115.53567265479603, 40.34522911483387], [115.53579036267527, 40.34523060524997], [115.53578257133121, 40.34559085786508], [115.53566486282617, 40.345589367430115], [115.53566096678853, 40.34576949371933], [115.53519013160461, 40.345763530744314]]]}}, {"type": "Feature", "properties": {"year": 2024, "water_area_km2": 0.0304}, "geometry": {"type": "Polygon", "coordinates": [[[115.53980991792983, 40.34447063824044], [115.5398138027529, 40.344290511576936], [115.53969609629627, 40.344289025283715], [115.53969998139719, 40.34410889862368], [115.53958227526219, 40.34410741222013], [115.53958810331717, 40.34383722223308], [115.53947039766025, 40.34383573572389], [115.5394762261057, 40.34356554573758], [115.53935852092687, 40.3435640591228], [115.53936629269049, 40.34320380580574], [115.53948399724361, 40.34320529240173], [115.53948594000619, 40.34311522906404], [115.5396036444116, 40.34311671553557], [115.53960558700898, 40.34302665219172], [115.53984099553325, 40.34302962476618], [115.53984293780898, 40.342939561411434], [115.54019605019182, 40.34294401936104], [115.54019799198952, 40.34285395599069], [115.54137503227048, 40.34286880799332], [115.54137697249509, 40.34277874457447], [115.5418477882268, 40.34278468200431], [115.54184584862793, 40.34287474544194], [115.54196355273915, 40.342876229504775], [115.54196161328794, 40.342966292945626], [115.54207931756436, 40.34296777689343], [115.54205604534476, 40.34404853812419], [115.54193833919109, 40.344047054120026], [115.54193639962617, 40.34413711754158], [115.54181869332479, 40.34413563341298], [115.54181675359466, 40.34422569682836], [115.54158134070532, 40.34422272820258], [115.54157940065357, 40.344312791607074], [115.54075545472143, 40.34430239761226], [115.5407535135658, 40.34439246098238], [115.54040039354261, 40.34438800460305], [115.5403984519089, 40.34447806795757], [115.53980991792983, 40.34447063824044]], [[115.54029239570507, 40.343936202132426], [115.54064551335539, 40.34394065880044], [115.54064745462368, 40.34385059542762], [115.54076516036818, 40.34385208073945], [115.54076710147126, 40.34376201736043], [115.5408848070681, 40.34376350254783], [115.54088674800599, 40.34367343916263], [115.54100445345513, 40.3436749242256], [115.54100639422782, 40.34358486083423], [115.54112409952928, 40.34358634577275], [115.54112798073552, 40.34340621897613], [115.54077486579604, 40.343401763829526], [115.54077680685535, 40.34331170044308], [115.54007057815137, 40.34330278694532], [115.54006475213134, 40.343572977015555], [115.54018245736275, 40.343574462911945], [115.54017857361846, 40.34375458962742], [115.54029627917153, 40.34375607541349], [115.54029239570507, 40.343936202132426]]]}}, {"type": "Feature", "properties": {"year": 2024, "water_area_km2": 0.0053}, "geometry": {"type": "Polygon", "coordinates": [[[115.54456078934976, 40.34254859440421], [115.54456272531576, 40.34245853085269], [115.54432731828177, 40.3424555679223], [115.54432925455191, 40.3423655043787], [115.54421155120446, 40.3423640227386], [115.54421348762227, 40.342273959198195], [115.5444488940131, 40.34227692234927], [115.54445083010935, 40.34218685879801], [115.54586326731055, 40.34220462759113], [115.54586133309144, 40.34229469119864], [115.54597903640467, 40.342296171157855], [115.54597323416426, 40.34256636198552], [115.54456078934976, 40.34254859440421]]]}}, {"type": "Feature", "properties": {"year": 2024, "water_area_km2": 0.1653}, "geometry": {"type": "Polygon", "coordinates": [[[115.53841687981169, 40.34355216189411], [115.53842076821401, 40.34337203531387], [115.53830306342692, 40.34337054763091], [115.53830695210704, 40.34319042105413], [115.53807154318494, 40.34318744534785], [115.53807348782473, 40.34309738206666], [115.53795578353328, 40.34309589403863], [115.53795772832069, 40.34300583076067], [115.53784002419445, 40.34300434261762], [115.53784196912954, 40.34291427934288], [115.53772426516849, 40.342912791084814], [115.53772621025124, 40.342822727813285], [115.53760850645538, 40.3428212394402], [115.5376104516858, 40.342731176171924], [115.53749274805516, 40.34272968768381], [115.53749469343322, 40.34263962441876], [115.5373769899678, 40.34263813581563], [115.53737893549349, 40.34254807255379], [115.53726123219326, 40.342546583835656], [115.53726317786662, 40.342456520577045], [115.53702777160535, 40.34245354279102], [115.5370297175828, 40.34236347954034], [115.53655890579128, 40.34235752255041], [115.53655695918813, 40.342447585782224], [115.53643925610575, 40.3424460962307], [115.53643730933739, 40.34253615945632], [115.5363196061074, 40.34253466978036], [115.53631765917383, 40.34262473299979], [115.53584684571591, 40.34261877307983], [115.53584879327518, 40.34252870987927], [115.5356133869118, 40.34252572921035], [115.53561533477514, 40.34243566601775], [115.53549763176306, 40.342434175508416], [115.53549957977405, 40.34234411231904], [115.53538187692716, 40.3423426216947], [115.5353838250858, 40.34225255850856], [115.53526612240412, 40.34225106776922], [115.5352680707104, 40.34216100458631], [115.53515036819395, 40.34215951373196], [115.53515426509298, 40.34197938737114], [115.53503656289816, 40.34197789640648], [115.53503851149091, 40.341887833228554], [115.53492080946133, 40.34188634214891], [115.5349227582017, 40.34179627897421], [115.5348050563373, 40.34179478777957], [115.53480700522533, 40.34170472460812], [115.53468930352614, 40.34170323329845], [115.5346912525618, 40.34161317013023], [115.53457355102782, 40.34161167870557], [115.53457744938558, 40.341431552374125], [115.53445974817323, 40.34143006083918], [115.53446559611321, 40.34115987134502], [115.53434789537891, 40.34115837970452], [115.53435179427441, 40.3409782533771], [115.53458719512615, 40.3409812365195], [115.53459109336083, 40.34080111016725], [115.53400259286164, 40.340793651460565], [115.53400454274787, 40.340703588305814], [115.5336514430231, 40.34069911165935], [115.53365339336976, 40.34060904851729], [115.53353569363551, 40.340607556067084], [115.53354544601893, 40.34015724035813], [115.53342774707554, 40.34015574781182], [115.53343164828014, 40.339975621527294], [115.53354934691073, 40.339977114064155], [115.53355129734342, 40.339887050914925], [115.53343359886924, 40.33988555838279], [115.53343554944956, 40.339795495236814], [115.53355324776732, 40.33979698776423], [115.53356299975488, 40.33934667198845], [115.53368069729943, 40.33934816437254], [115.53368654791717, 40.339077974875075], [115.53403963919598, 40.33908245126652], [115.5340415889151, 40.33899238808357], [115.53427698283215, 40.33899537173653], [115.5342789322297, 40.33890530854265], [115.534632022702, 40.338909783110076], [115.53463397162153, 40.338819719900556], [115.53475166830682, 40.33882121117888], [115.53475361706117, 40.338731147963145], [115.53487131359886, 40.33873263911705], [115.53487326218803, 40.338642575895115], [115.53499095857812, 40.338644066924594], [115.53499290700209, 40.338554003696444], [115.53511060324455, 40.338555494601486], [115.53511255150335, 40.338465431367126], [115.53523024759821, 40.338466922147745], [115.53523219569183, 40.338376858907196], [115.5354675875951, 40.338379840099854], [115.5354714831304, 40.33819971359543], [115.53558917878242, 40.33820120400276], [115.5355911263805, 40.3381111407436], [115.53582651739814, 40.338114121189705], [115.53582846467464, 40.338024057919625], [115.53594616004021, 40.3380255479584], [115.53594810715155, 40.33793548468212], [115.53606580236952, 40.337936974596474], [115.53606969625308, 40.33775684803003], [115.53618739116706, 40.33775833781524], [115.53618933793926, 40.337668274525065], [115.53630703270564, 40.33766976418586], [115.53631481908111, 40.337309510991496], [115.53643251323072, 40.33731100051373], [115.53643640605301, 40.33713087389818], [115.536671793753, 40.337133852564676], [115.5366737398382, 40.33704378924526], [115.53749759596988, 40.33705421077425], [115.53749565097938, 40.33714427412664], [115.53761334490395, 40.33714576244239], [115.53761140006107, 40.337235825798025], [115.53772909415079, 40.33723731399878], [115.53770186761868, 40.338498200887614], [115.53758417133946, 40.338496712620916], [115.53758222636499, 40.338586775954276], [115.53769992280061, 40.338588264225685], [115.53769797797376, 40.33867832756226], [115.53758028138172, 40.33867683928615], [115.53757444637934, 40.33894702927286], [115.53769214344057, 40.33894851756311], [115.53767852922276, 40.339578960846445], [115.53779622738757, 40.33958044904994], [115.53777094473314, 40.34075127215867], [115.53788864494004, 40.34075276030369], [115.53788281074004, 40.34102295023036], [115.53800051142497, 40.3410244382698], [115.53798884372665, 40.34156481811129], [115.53810654535886, 40.34156630605926], [115.53809876734357, 40.34192655927608], [115.53821646961023, 40.341928047123154], [115.5382125808628, 40.342108173732065], [115.53833028345109, 40.34210966146884], [115.53832445073348, 40.342379851385196], [115.5384421537998, 40.34238133901638], [115.53842854491343, 40.34301178213556], [115.53854624908352, 40.34301326967995], [115.53854041704142, 40.343283459580036], [115.5386581216896, 40.34328494701884], [115.53865229003786, 40.343555136919676], [115.53841687981169, 40.34355216189411]]]}}, {"type": "Feature", "properties": {"year": 2024, "water_area_km2": 0.0369}, "geometry": {"type": "Polygon", "coordinates": [[[115.54441057001235, 40.33858283420696], [115.54441250590699, 40.33849277059953], [115.54417711267233, 40.3384898076029], [115.54417904887106, 40.338399744003375], [115.54406135242323, 40.33839826233017], [115.5440632887696, 40.33830819873386], [115.54394559248692, 40.33830671694564], [115.54395333841066, 40.33794646256427], [115.54407103406778, 40.33794794433372], [115.54408652424493, 40.337227435462225], [115.54420421865964, 40.33722891707447], [115.54421777101146, 40.33659847170119], [115.54433546434021, 40.336599953160885], [115.54433740019915, 40.33650988952551], [115.54563202567127, 40.336526177630226], [115.54563009153253, 40.33661624131716], [115.54598317185915, 40.33662068102781], [115.54597930449383, 40.33680080842533], [115.54609699826624, 40.336802288098845], [115.54608926405649, 40.3371625428948], [115.54597156965852, 40.337161063202565], [115.54596190091817, 40.337611381640734], [115.54607959609808, 40.337612861356384], [115.54606219322349, 40.33842343449375], [115.54594449663604, 40.33842195473594], [115.54594062892183, 40.338602082074104], [115.54441057001235, 40.33858283420696]]]}}, {"type": "Feature", "properties": {"year": 2024, "water_area_km2": 0.0075}, "geometry": {"type": "Polygon", "coordinates": [[[115.54679156534685, 40.33735154597969], [115.54679349799149, 40.33726148225781], [115.5466758033848, 40.33726000327912], [115.54667773617709, 40.337169939560425], [115.54656004173555, 40.33716846046672], [115.54656197467551, 40.337078396751224], [115.54644428039904, 40.33707691754249], [115.54645007963579, 40.336806726401136], [115.54633238583722, 40.33680524708675], [115.54634011865636, 40.33644499222958], [115.54622242549205, 40.336443512814206], [115.54622822548399, 40.336173321669804], [115.54634591817916, 40.336174801071124], [115.5463497844841, 40.335994673624725], [115.54646747687524, 40.335996152896996], [115.54647520875496, 40.335635897967684], [115.5465929005293, 40.335637377101506], [115.54659676610412, 40.335457249618585], [115.54683214905344, 40.33546020750842], [115.54680702625976, 40.33663103616303], [115.54692471978042, 40.33663251498924], [115.54690926011861, 40.33735302484336], [115.54679156534685, 40.33735154597969]]]}}, {"type": "Feature", "properties": {"year": 2024, "water_area_km2": 0.0161}, "geometry": {"type": "Polygon", "coordinates": [[[115.57172607867162, 40.32730203052089], [115.57172987629637, 40.32712190078571], [115.57161219801215, 40.32712044747975], [115.57161409696796, 40.32703038261453], [115.57149641884862, 40.3270289291935], [115.57150021704724, 40.32684879946783], [115.57138253924909, 40.32684734593635], [115.57138633772608, 40.32666721621395], [115.57126866024912, 40.326665762571984], [115.57127245900448, 40.32648563285288], [115.57115478184868, 40.326484179100454], [115.5711585808824, 40.32630404938462], [115.57127625772556, 40.32630550312783], [115.57127815707325, 40.3262154382631], [115.57163118718518, 40.32621979876095], [115.57163308605539, 40.32612973388091], [115.57186843919352, 40.326132640271965], [115.57187033774254, 40.32604257538126], [115.57210569060233, 40.32604548128445], [115.57210758883018, 40.32595541638305], [115.57246061771514, 40.32595977432658], [115.5724625154655, 40.32586970940991], [115.5725801916213, 40.32587116181382], [115.57258208920679, 40.32578109689109], [115.57305279329033, 40.32578690529172], [115.57303572033996, 40.32659748970854], [115.57291804289945, 40.32659603774651], [115.57291614570588, 40.326686102669704], [115.5726807905379, 40.32668319837747], [115.57267889302315, 40.32677326328999], [115.57256121529568, 40.32677181095977], [115.57255931761604, 40.326861875866214], [115.57232396187418, 40.32685897083758], [115.57232016586397, 40.327039100627644], [115.57220248769322, 40.32703764792461], [115.57220058951894, 40.32712771281285], [115.57208291120047, 40.32712625998557], [115.57207911451363, 40.327306389748344], [115.57172607867162, 40.32730203052089]]]}}, {"type": "Feature", "properties": {"year": 2024, "water_area_km2": 0.1153}, "geometry": {"type": "Polygon", "coordinates": [[[115.5751273958235, 40.32788451457372], [115.57512929015817, 40.327794449582505], [115.57501161053162, 40.32779299971482], [115.57503055497168, 40.32689234976717], [115.57514823303505, 40.32689379958896], [115.5751520215079, 40.326713669572484], [115.57526969926717, 40.32671511926543], [115.57527159333445, 40.326625054250385], [115.57538927094596, 40.32662650381908], [115.57539116484838, 40.32653643879796], [115.5755088423121, 40.32653788824239], [115.57551073604971, 40.32644782321521], [115.57562841336565, 40.32644927253539], [115.57563030693836, 40.326359207502136], [115.57621869286464, 40.326366452285136], [115.57621680007348, 40.32645651734132], [115.57645215481638, 40.32645941442602], [115.57645026232929, 40.3265494794899], [115.57656793986986, 40.32655092785733], [115.57656604753056, 40.32664099292432], [115.57668372523595, 40.326642441176666], [115.57668183304443, 40.326732506246756], [115.57691718879349, 40.32673540240163], [115.57691529690608, 40.3268254674794], [115.5770329749497, 40.326826915381915], [115.57703108321009, 40.3269169804628], [115.57750179609523, 40.32692277089452], [115.57750746941275, 40.32665257559247], [115.57762514718641, 40.326654022887496], [115.57762892904285, 40.32647389266956], [115.57774660651239, 40.32647533983574], [115.5777503880221, 40.32629520960275], [115.57786806518756, 40.326296656640096], [115.57787751803097, 40.32584633100875], [115.57693610719843, 40.3258347515425], [115.57693799899201, 40.32574468644845], [115.57634961828052, 40.32573744541588], [115.5763477257054, 40.32582751048702], [115.57493561099291, 40.32581011974814], [115.57493371653355, 40.325900184762745], [115.57422765870078, 40.325891482903934], [115.57422955409795, 40.32580141791687], [115.57411187797872, 40.32579996719285], [115.57411377352366, 40.325709902208914], [115.57399609756928, 40.325708451369806], [115.57400178462173, 40.325438256422835], [115.5741194601072, 40.32543970724816], [115.57412135561795, 40.32534964225829], [115.57447438165673, 40.32535399400252], [115.57447248661491, 40.32544405900617], [115.57494318874481, 40.32544985967491], [115.57494508316145, 40.3253597946529], [115.57529810937967, 40.32536414388424], [115.57530000331884, 40.32527407884698], [115.57577070443755, 40.32527987612849], [115.57577259774295, 40.325189811071404], [115.57600794804091, 40.32519270898501], [115.57600984102517, 40.32510264391726], [115.57636286606726, 40.32510698987647], [115.57636475857409, 40.3250169247935], [115.57660010833222, 40.325019821492155], [115.57660200051791, 40.32492975639853], [115.57683734999758, 40.324932652609384], [115.5768392418621, 40.324842587505124], [115.57707459106331, 40.32484548322817], [115.57707648260671, 40.324755418113234], [115.57731183152943, 40.32475831334848], [115.5773231787352, 40.32421792257286], [115.57720550520737, 40.32421647504256], [115.57721117916401, 40.323946279648524], [115.5770935061136, 40.32394483201231], [115.57709728902128, 40.32376470175137], [115.57697961629196, 40.32376325400468], [115.5769815078893, 40.32367318887656], [115.57674616276887, 40.32367029303337], [115.57674805467028, 40.32358022791295], [115.57627736515695, 40.32357443480903], [115.57628115018449, 40.323394304600434], [115.57651649429891, 40.323397201373346], [115.57651838648728, 40.32330713625767], [115.57675373032326, 40.32331003254281], [115.57675562219052, 40.32321996741647], [115.57722630933972, 40.3232257585326], [115.57722820057327, 40.32313569338645], [115.57816957403072, 40.32314726983871], [115.57816768404746, 40.3232373350215], [115.57852069970355, 40.32324167423058], [115.57851881018061, 40.32333173942562], [115.5786364822393, 40.3233331855939], [115.57863459286412, 40.323423250792075], [115.57875226508762, 40.32342469684529], [115.57875037586022, 40.32351476204653], [115.57863270348042, 40.32351331598874], [115.57862703527826, 40.323783511569864], [115.5785093624381, 40.32378206537868], [115.57850369369035, 40.32405226093275], [115.57862136699934, 40.32405370713767], [115.57861191969745, 40.3245040330544], [115.57872959379648, 40.32450547916255], [115.57872581512866, 40.32468560952803], [115.57884348954883, 40.324687055525665], [115.57883971115953, 40.3248671858944], [115.57895738590081, 40.324868631781534], [115.57895360779003, 40.32504876215348], [115.57907128285242, 40.32505020793012], [115.57906750502016, 40.325230338305296], [115.5791851804037, 40.32523178397141], [115.5791832916311, 40.32532184916137], [115.57930096717945, 40.3253232947124], [115.57929907855463, 40.32541335990545], [115.5794167542678, 40.32541480534138], [115.57941297730522, 40.325594935732184], [115.57953065333953, 40.325596381057615], [115.57952876500177, 40.32568644625537], [115.57964644120091, 40.325687891465705], [115.57964455301094, 40.32577795666656], [115.57976222937488, 40.32577940176182], [115.57976034133273, 40.32586946696576], [115.5798780178615, 40.325870911945934], [115.57987612996712, 40.32596097715296], [115.57999380666071, 40.32596242201804], [115.57999003115906, 40.32614255243682], [115.58010770817378, 40.326143997191366], [115.58010582056649, 40.326234062403124], [115.58022349774605, 40.32623550704258], [115.58022161028656, 40.326325572257424], [115.58033928763092, 40.32632701678179], [115.5803279636331, 40.326867408067145], [115.58021028535082, 40.32686596351534], [115.58020839783174, 40.32695602871981], [115.57997304098011, 40.326953139248054], [115.5799711531399, 40.32704320444191], [115.57961811745733, 40.32703886932302], [115.57961622913962, 40.32712893450166], [115.57926319306478, 40.32712459829202], [115.57926130426958, 40.32721466345547], [115.578555231412, 40.32720598777767], [115.57855334167036, 40.32729605291217], [115.57796494707515, 40.32728881986685], [115.57796683759835, 40.32719875475525], [115.57773148013258, 40.327195860708585], [115.5777352617787, 40.32701573049926], [115.57738222658192, 40.32701138855923], [115.57738033529417, 40.32710145365088], [115.57726265675596, 40.32710000609362], [115.57725887384224, 40.327280136263354], [115.57714119499997, 40.32727868857726], [115.57713930337397, 40.32736875365531], [115.57619787169224, 40.32735716782176], [115.57619597880716, 40.32744723286166], [115.57596062065946, 40.327444335197384], [115.5759568342384, 40.32762446525441], [115.57583915486471, 40.3276230162336], [115.57583536809685, 40.32780314627552], [115.57571768841905, 40.327801697125864], [115.575715794866, 40.32789176214001], [115.5751273958235, 40.32788451457372]]]}}, {"type": "Feature", "properties": {"year": 2024, "water_area_km2": 0.0301}, "geometry": {"type": "Polygon", "coordinates": [[[115.56873303366392, 40.32411193840364], [115.56873493624448, 40.32402187360468], [115.56849959075906, 40.32401896096383], [115.5685014936436, 40.3239288961726], [115.56826614850509, 40.32392598306237], [115.56826805169366, 40.323835918278874], [115.56803270690206, 40.32383300469924], [115.56803461039462, 40.32374293992349], [115.56744624934731, 40.32373565390352], [115.56744815361272, 40.32364558914935], [115.56733048158533, 40.32364413159101], [115.56733619479891, 40.323373937333464], [115.56745386635744, 40.323375394877964], [115.567457674811, 40.32319526535629], [115.56757534606557, 40.323196722771904], [115.56757725012315, 40.32310665800424], [115.5679302634695, 40.323111029519346], [115.56793216704968, 40.32302096473636], [115.56828518000445, 40.323025335160786], [115.56828327689313, 40.32311539995761], [115.56840094805152, 40.32311685653107], [115.56839904508789, 40.32320692133101], [115.56875205908337, 40.32321129034728], [115.56875015658004, 40.32330135515959], [115.56898549959915, 40.32330426724806], [115.56898359739981, 40.32339433206812], [115.56910126907853, 40.32339578793748], [115.56910887719927, 40.323035528629994], [115.56922654826143, 40.32303698436128], [115.56923035195776, 40.32285685468945], [115.56934802271593, 40.32285831029186], [115.56934992439494, 40.32276824544911], [115.56958526562443, 40.32277115628578], [115.5695871669823, 40.32268109143234], [115.56994017842202, 40.322685456776156], [115.56994207930249, 40.32259539190743], [115.57041276071696, 40.322601210672325], [115.57041466096373, 40.3225111457837], [115.57065000140983, 40.32251405443905], [115.57064810147563, 40.32260411933689], [115.57076577186781, 40.322605573489696], [115.57076387208133, 40.32269563839067], [115.57088154263836, 40.32269709242843], [115.57086824498701, 40.323327546725984], [115.57075057333597, 40.323326092656], [115.57074867348095, 40.32341615754513], [115.5706310016822, 40.323414703350906], [115.57062910166232, 40.32350476823393], [115.57051142971584, 40.32350331391545], [115.5705095295311, 40.323593378792395], [115.57039185743692, 40.32359192434965], [115.57038615636236, 40.32386211895783], [115.5702684838079, 40.323860664381606], [115.57026658327626, 40.323950729243435], [115.57014891057406, 40.32394927454296], [115.57014700987759, 40.324039339398695], [115.56967631852935, 40.324033519381835], [115.56967821985097, 40.323943454544526], [115.56944287454088, 40.32394054382738], [115.56944667778362, 40.32376041416672], [115.56921133313297, 40.32375750298939], [115.56920943120333, 40.32384756781125], [115.56909175873459, 40.32384611203848], [115.56908795453697, 40.32402624166853], [115.56885260900007, 40.324023329745614], [115.56885070657579, 40.324113394549194], [115.56873303366392, 40.32411193840364]], [[115.56909936702691, 40.32348585276065], [115.56921703887048, 40.323487308514956], [115.56921894076584, 40.3233972436872], [115.56910126907853, 40.32339578793748], [115.56909936702691, 40.32348585276065]]]}}, {"type": "Feature", "properties": {"year": 2024, "water_area_km2": 0.0384}, "geometry": {"type": "Polygon", "coordinates": [[[115.5804185470362, 40.32254427629235], [115.58043175547749, 40.32191381929027], [115.58054942517188, 40.32191526347097], [115.58055131190176, 40.321825198174466], [115.5806689814484, 40.32182664223093], [115.58067086801346, 40.32173657692838], [115.58090620681969, 40.32173946467323], [115.58090809306371, 40.32164939936006], [115.5810257623233, 40.32165084304845], [115.58102764840255, 40.32156077772922], [115.58114531751437, 40.321562221293384], [115.58114908933479, 40.32138209064136], [115.58126675814256, 40.321383534076745], [115.58126864388372, 40.32129346874395], [115.58138631254374, 40.32129491205512], [115.58138819812014, 40.32120484671628], [115.58150586663236, 40.32120628990323], [115.58150775204398, 40.321116224558324], [115.58162542040847, 40.32111766762106], [115.5816273056553, 40.32102760227012], [115.58174497387199, 40.321029045208654], [115.58174685895405, 40.32093897985167], [115.58198219510042, 40.32094186536066], [115.58198407986146, 40.320851799993044], [115.5821017477911, 40.32085324256351], [115.58210363238736, 40.32076317718985], [115.58222130016924, 40.320764619636115], [115.58222318460074, 40.32067455425642], [115.58234085223485, 40.32067599657846], [115.58234273650157, 40.32058593119271], [115.58246040398792, 40.32058737339054], [115.58246228808986, 40.320497307998764], [115.58269762277553, 40.320500192026365], [115.58269950655644, 40.320410126623976], [115.58293484096353, 40.3204130101639], [115.5829367244234, 40.320322944750885], [115.58340739271446, 40.32032871037677], [115.5834092755408, 40.320238644944034], [115.58364460942475, 40.32024152703001], [115.58364649193003, 40.32015146158666], [115.58376415872848, 40.32015290244563], [115.58376604106904, 40.320062836996236], [115.58388370771969, 40.320064277731], [115.5838855898955, 40.31997421227558], [115.58400325639839, 40.31997565288614], [115.58400702041196, 40.31979552196174], [115.58412468661082, 40.31979696244354], [115.58412656844862, 40.31970689697455], [115.5842442344997, 40.31970833733216], [115.58424611617275, 40.31961827185714], [115.58448144798784, 40.3196211522043], [115.58448332933988, 40.31953108671869], [115.58483632665737, 40.31953540632847], [115.58483444577409, 40.319625471827756], [115.5849521117198, 40.319626911462954], [115.58495023098435, 40.31971697696532], [115.5850678970948, 40.319718416485436], [115.58506225530625, 40.31998861299734], [115.584944588727, 40.31998717346355], [115.5849427079576, 40.320077238959996], [115.58482504123056, 40.320075799302], [115.5848231602964, 40.32016586479242], [115.58470549342158, 40.320164425010226], [115.58469985009941, 40.32043462145892], [115.58458218276428, 40.320433181543414], [115.58457842019453, 40.32061331249269], [115.58446075255533, 40.320611872448424], [115.58445887110146, 40.32070193791628], [115.5843412033145, 40.32070049774783], [115.58433932169588, 40.32079056320964], [115.58422165376112, 40.32078912291698], [115.58421977197774, 40.32087918837276], [115.58386676775558, 40.320874866763205], [115.58386488549489, 40.320964932203836], [115.58374721728154, 40.32096349142346], [115.5837453348561, 40.32105355685805], [115.58350999814232, 40.32105067492926], [115.58350811539586, 40.321140740353236], [115.58327277840348, 40.32113785793675], [115.58327089533599, 40.32122792335013], [115.58280022082806, 40.32122215706316], [115.58279833712697, 40.3213122224568], [115.58268066836496, 40.32131078058137], [115.5826787844991, 40.321400845968974], [115.5825611155893, 40.32139940396935], [115.58255923155866, 40.321489469350894], [115.58244156250109, 40.32148802722705], [115.58243967830566, 40.321578092602564], [115.58232200910031, 40.32157665035451], [115.58232012474011, 40.32166671572398], [115.582202455387, 40.32166527335171], [115.58220057086201, 40.321755338715136], [115.58208290136113, 40.32175389621865], [115.58208101667137, 40.32184396157602], [115.58196334702271, 40.32184251895534], [115.58196146216817, 40.321932584306666], [115.58184379237171, 40.32193114156175], [115.5818419073524, 40.32202120690703], [115.58160656747243, 40.32201832104913], [115.58160468213205, 40.32210838638382], [115.58148701204854, 40.32210694327082], [115.58148512654338, 40.322197008599424], [115.5813674563121, 40.32219556536223], [115.58136557064216, 40.32228563068479], [115.58113022989252, 40.322282743842294], [115.58112834390154, 40.322372809154245], [115.58089300287337, 40.322369921824], [115.58089111656129, 40.32245998712533], [115.58065577525458, 40.32245709930736], [115.58065388862143, 40.32254716459807], [115.5804185470362, 40.32254427629235]]]}}, {"type": "Feature", "properties": {"year": 2024, "water_area_km2": 0.0179}, "geometry": {"type": "Polygon", "coordinates": [[[115.56850369534276, 40.318253355133976], [115.56850559783442, 40.31816329025254], [115.5670936476355, 40.31814580651835], [115.5670955519935, 40.31805574169079], [115.56686022739304, 40.3180528260695], [115.56686213205495, 40.3179627612497], [115.5672151184998, 40.31796713448835], [115.56721702268437, 40.31787706965321], [115.56862896736149, 40.31789455178582], [115.56863086966257, 40.31780448689386], [115.56933684152702, 40.317813221472555], [115.56933874288207, 40.31772315655147], [115.56980939033822, 40.31772897719292], [115.56981129105974, 40.31763891225192], [115.57004661452676, 40.317641821845676], [115.5700485149272, 40.317551756894], [115.57051916133913, 40.317557574627536], [115.57052106110605, 40.317467509655955], [115.57087404553624, 40.3174718716862], [115.57087594482586, 40.317381806699345], [115.57134659022773, 40.31738762104649], [115.57134848888383, 40.31729755603972], [115.57205445630605, 40.31730627394402], [115.57205635401614, 40.317216208908185], [115.57240933737408, 40.31722056623156], [115.57240554288278, 40.31740069632934], [115.57217022001063, 40.31739779154833], [115.57216832243965, 40.31748785658579], [115.5718153377269, 40.31748349850325], [115.57181343967866, 40.31757356352545], [115.57146045457422, 40.31756920435245], [115.57145855604867, 40.317659269359375], [115.57134089420808, 40.317657816057846], [115.57133899551772, 40.317747881058686], [115.57110367154972, 40.31774497408756], [115.57110177253833, 40.317835039077714], [115.57074878618184, 40.317830677710006], [115.57074688669313, 40.31792074268487], [115.57051156218583, 40.31791783449904], [115.57050966237607, 40.31800789946322], [115.57027433759053, 40.318004990789674], [115.57027243745975, 40.318095055743164], [115.56991944987696, 40.31809069182179], [115.56991754926884, 40.31818075675998], [115.56921157339727, 40.318172025659614], [115.56920967184311, 40.318262090568695], [115.56850369534276, 40.318253355133976]]]}}, {"type": "Feature", "properties": {"year": 2024, "water_area_km2": 0.0204}, "geometry": {"type": "Polygon", "coordinates": [[[115.58192107084407, 40.318238461131024], [115.58192295550636, 40.3181483957236], [115.58156996585728, 40.318144067346466], [115.58157185097981, 40.31805400195125], [115.58121886187598, 40.31804967251114], [115.58122074745877, 40.31795960712815], [115.58098542174457, 40.31795672024573], [115.58098730763133, 40.317866654870386], [115.58086964494325, 40.3178652112543], [115.58087153097775, 40.31777514588206], [115.58063620593957, 40.31777225830013], [115.58063809227808, 40.31768219293554], [115.580520429928, 40.317680748969714], [115.58052231641422, 40.31759068360822], [115.58040465422891, 40.31758923952732], [115.58040654086288, 40.31749917416892], [115.5802888788423, 40.31749772997296], [115.580290765624, 40.317407664617654], [115.58076141313236, 40.317413440665426], [115.58075952697563, 40.317503506039024], [115.58099485109335, 40.31750639335427], [115.5809929652406, 40.31759645873552], [115.5813459519497, 40.31760078882489], [115.58134406655718, 40.317690854218355], [115.58157939138493, 40.317693740355594], [115.58157750629641, 40.317783805756726], [115.58204815667888, 40.31778957661388], [115.58205004114241, 40.31769951119449], [115.58228536607214, 40.31770239589615], [115.58228725021469, 40.31761233046615], [115.58252257486593, 40.317615214680146], [115.5825244586875, 40.317525149239536], [115.58287744525933, 40.31752947464964], [115.58287932860365, 40.31743940919384], [115.5832323147832, 40.31744373351358], [115.5832341976503, 40.31735366804262], [115.58358718343754, 40.317357991272004], [115.58358906582744, 40.317267925785885], [115.58394205122235, 40.31727224792493], [115.583943933135, 40.317182182423636], [115.58441457982208, 40.317187943582645], [115.58441269853436, 40.31727800910218], [115.5845303603836, 40.31727944909743], [115.58452847924364, 40.31736951462002], [115.58476380328001, 40.31737239426074], [115.58476192244409, 40.31746245979098], [115.5846442602654, 40.317461020025874], [115.58464237926475, 40.31755108555009], [115.58440705462036, 40.31754820565188], [115.58440517329873, 40.31763827116549], [115.5841698483758, 40.31763539077965], [115.58416608508207, 40.317815521784176], [115.58393075956809, 40.317812640901586], [115.583928877596, 40.31790270639252], [115.58369355180348, 40.31789982502227], [115.5836916695104, 40.3179898905026], [115.58357400647061, 40.31798844963347], [115.58357212401282, 40.31807851510777], [115.58321913447567, 40.318074191768886], [115.58321725154065, 40.31816425722801], [115.58274659831832, 40.318158491083075], [115.5827447147498, 40.31824855652246], [115.58192107084407, 40.318238461131024]]]}}, {"type": "Feature", "properties": {"year": 2024, "water_area_km2": 0.0594}, "geometry": {"type": "Polygon", "coordinates": [[[115.57553696968901, 40.3196014277258], [115.57553886292533, 40.31951136258921], [115.57483287146415, 40.31950266555715], [115.57483476562948, 40.31941260044661], [115.57448177048298, 40.31940825032927], [115.57448366510854, 40.319318185231005], [115.57436600023304, 40.31931673495721], [115.5743678950063, 40.319226669862054], [115.57425023029562, 40.31922521947322], [115.57425212521662, 40.31913515438117], [115.57401679613338, 40.31913225325377], [115.57402058657472, 40.3189521230836], [115.57390292235844, 40.31895067234963], [115.57390671307809, 40.31877054218273], [115.57378904918286, 40.31876909133831], [115.57380421296958, 40.31804857064827], [115.57392187561481, 40.31805002145595], [115.57391998032764, 40.31814008655197], [115.57403764313767, 40.31814153724462], [115.57403385285016, 40.31832166744143], [115.57415151598124, 40.31832311802363], [115.57414772597207, 40.318503248223685], [115.5742653894242, 40.31850469869544], [115.57426349456303, 40.31859476379785], [115.57438115817993, 40.31859621415455], [115.57437926346648, 40.31868627926006], [115.57461459103844, 40.31868917962376], [115.57461269662896, 40.31877924473697], [115.57508335250043, 40.318785044047125], [115.57508145870739, 40.31887510917721], [115.5755521153405, 40.318880906591566], [115.57555400850853, 40.31879084144313], [115.5756716725319, 40.31879229049304], [115.57567356553514, 40.31870222533853], [115.57590889329498, 40.31870512307027], [115.57591078597717, 40.31861505790512], [115.57602844971365, 40.31861650658696], [115.57603223473991, 40.31843637624303], [115.57614989817243, 40.318437824796064], [115.57615179051649, 40.31834775961728], [115.5762694538013, 40.31834920804611], [115.57627134598059, 40.31825914286126], [115.57638900911766, 40.31826059116587], [115.57639279313817, 40.318080460782575], [115.57651045597129, 40.31808190895837], [115.5765123478125, 40.31799184375992], [115.57663001049788, 40.317993291811504], [115.57663190217431, 40.317903226607], [115.57674956471199, 40.31790467453436], [115.57675145622363, 40.31781460932378], [115.57686911861362, 40.31781605712694], [115.57687100996048, 40.317725991910294], [115.57698867220273, 40.31772743958925], [115.57699245455841, 40.317547309142356], [115.5771101164967, 40.31754875669251], [115.57711200750549, 40.317458691462264], [115.57722966929607, 40.317460138888215], [115.5772315601401, 40.3173700736519], [115.57734922178297, 40.31737152095363], [115.57735111246222, 40.317281455711246], [115.57746877395738, 40.31728290288878], [115.57747066447185, 40.31719283764035], [115.57770598717526, 40.31719573162734], [115.57770787736874, 40.31710566636826], [115.57782553857697, 40.31710711317775], [115.57782742860569, 40.317017047912614], [115.57806275073528, 40.31701994116352], [115.57806464044299, 40.31692987588776], [115.5782999622942, 40.316932768651014], [115.5783018516809, 40.316842703364586], [115.5786548340529, 40.31684704159854], [115.57865672296236, 40.316756976296915], [115.57959800841249, 40.316768539620604], [115.57959612075292, 40.316858604958824], [115.57971378162874, 40.31686004984055], [115.5797156691321, 40.316769984497746], [115.57983332986018, 40.31677142925526], [115.5798314425131, 40.316861494602634], [115.58018442521715, 40.316865828171146], [115.58018065143486, 40.317045958888905], [115.58006299021253, 40.31704451447656], [115.58006110315236, 40.31713457982863], [115.57970811906767, 40.31713024586008], [115.57971000659656, 40.31704018052171], [115.57947468422844, 40.31703729062036], [115.57947657206128, 40.31694722528968], [115.57935891104627, 40.316945780164126], [115.57935702305718, 40.317035845490246], [115.57923936189444, 40.317034400240495], [115.57923747374059, 40.31712446556055], [115.57911981243011, 40.3171230201866], [115.5791160357844, 40.31730315081314], [115.57899837416996, 40.31730170531042], [115.57899459717773, 40.31748183592189], [115.5788769352593, 40.31748039029038], [115.57887315792048, 40.31766052088676], [115.5787554956981, 40.317659075126464], [115.57875360685968, 40.31774914041787], [115.57863594448956, 40.31774769453337], [115.57863216647466, 40.317927825102586], [115.57851450380056, 40.3179263790893], [115.5785107254391, 40.31810650964343], [115.57839306246105, 40.31810506350136], [115.57839117311129, 40.318195128771634], [115.57827350998548, 40.31819368250534], [115.57827162047094, 40.31828374776955], [115.57815395719743, 40.31828230137907], [115.57815017783031, 40.31846243189389], [115.57803251425281, 40.318460985374614], [115.57803062440021, 40.31855105062521], [115.577912960675, 40.31854960398172], [115.57791107065762, 40.318639669226286], [115.57779340678466, 40.318638222458574], [115.57779151660252, 40.31872828769707], [115.57767385258182, 40.31872684080514], [115.57767007187945, 40.31890697126854], [115.57755240755478, 40.31890552424782], [115.57755051703455, 40.318995589472706], [115.57743285256214, 40.318994142327774], [115.57743096187714, 40.31908420754661], [115.577313297257, 40.31908276027746], [115.57731140640722, 40.31917282549023], [115.57719374163935, 40.31917137809686], [115.57718995960168, 40.31935150850879], [115.57707229452983, 40.31935006098662], [115.57707040334195, 40.31944012618579], [115.57695273812239, 40.31943867853941], [115.57695084676969, 40.3195287437325], [115.5764801853517, 40.319522951932264], [115.57647829336547, 40.319613017105546], [115.57553696968901, 40.3196014277258]]]}}, {"type": "Feature", "properties": {"year": 2024, "water_area_km2": 0.0234}, "geometry": {"type": "Polygon", "coordinates": [[[115.59556244534355, 40.30741408831376], [115.5955661769805, 40.30723395610042], [115.59544853200518, 40.30723252762224], [115.5954503979672, 40.30714246151789], [115.59533275315647, 40.30714103292464], [115.5953420836212, 40.30669070240323], [115.5952244395997, 40.30668927371302], [115.59522817203903, 40.30650914150315], [115.59511052833827, 40.30650771270239], [115.59511239470146, 40.30641764659976], [115.5949947511653, 40.306416217683946], [115.59499661767623, 40.30632615158437], [115.59511426105624, 40.30632758049567], [115.5951161274026, 40.30623751439007], [115.59523377063488, 40.30623894317726], [115.59523190444467, 40.306329009287374], [115.59546719124678, 40.30633186651203], [115.59546905712465, 40.306241800392876], [115.59535141387555, 40.30624037184485], [115.59535327990119, 40.30615030572875], [115.59523563681667, 40.306148877065674], [115.59523750299002, 40.30605881095262], [115.59547278885516, 40.30606166815014], [115.59547465470781, 40.305971602026545], [115.59594522591442, 40.30597731496851], [115.59594149545, 40.30615744725038], [115.596059138585, 40.30615887519595], [115.59605727349634, 40.30624894133918], [115.59617491679593, 40.3062503691697], [115.59617678172843, 40.30616030302194], [115.59629442488026, 40.30616173072835], [115.59628883052599, 40.30643192918074], [115.59640647415469, 40.30643335678111], [115.5964102034203, 40.30625322447196], [115.59652784674512, 40.30625465194372], [115.59652598227267, 40.306344718103546], [115.59676126925983, 40.306347572697334], [115.59675754091438, 40.30652770503065], [115.59758104782044, 40.30653769240523], [115.59757918472825, 40.306627758601294], [115.59769682876176, 40.30662918489525], [115.59769496581731, 40.30671925109435], [115.59781261001538, 40.30672067727324], [115.59780888441365, 40.30690080967603], [115.59769123990326, 40.3068993834881], [115.5976875139556, 40.30707951587595], [115.59756986914127, 40.3070780895594], [115.59756800599867, 40.307168155746595], [115.59745036103658, 40.30716672930594], [115.5974484977294, 40.30725679548714], [115.5972132075181, 40.307253942238034], [115.59721134389017, 40.30734400840873], [115.59697605340016, 40.30734115467224], [115.5969741894515, 40.307431220832406], [115.596150671908, 40.30742122895602], [115.59615253694986, 40.30733116282748], [115.59591724661118, 40.307328306938395], [115.59591538125697, 40.307418373057885], [115.59556244534355, 40.30741408831376]], [[115.59628510091443, 40.30661206147495], [115.59640274485548, 40.30661348908437], [115.5964046095093, 40.30652342293347], [115.59628696572442, 40.30652199532859], [115.59628510091443, 40.30661206147495]], [[115.59616932194794, 40.3065205676041], [115.59628696572442, 40.30652199532859], [115.59628883052599, 40.30643192918074], [115.59617118690569, 40.30643050146078], [115.59616932194794, 40.3065205676041]], [[115.59546532536048, 40.306421932629696], [115.5955829689303, 40.306423361067175], [115.59558483466046, 40.30633329494499], [115.59546719124678, 40.30633186651203], [115.59546532536048, 40.306421932629696]]]}}, {"type": "Feature", "properties": {"year": 2024, "water_area_km2": 0.0299}, "geometry": {"type": "Polygon", "coordinates": [[[115.58994394183227, 40.300318808417956], [115.58994581464832, 40.30022874241869], [115.58959291705519, 40.30022444009486], [115.5895947903311, 40.30013437410775], [115.58947715797306, 40.30013293976522], [115.58948090481182, 40.29995280779564], [115.58936327277443, 40.29995137334264], [115.58936514633724, 40.29986130736018], [115.58912988260006, 40.2998584381046], [115.58913363032477, 40.299678306153396], [115.58901599878105, 40.29967687135535], [115.58901974678416, 40.299496739407324], [115.58878448434653, 40.29949386947076], [115.58878635864764, 40.2994038035036], [115.5886687275976, 40.29940236836052], [115.58867060204635, 40.29931230239644], [115.58855297116088, 40.299310867138345], [115.58855109655602, 40.299400933097886], [115.58831583449823, 40.29939806221396], [115.58831770941529, 40.2993079962635], [115.58808244770351, 40.299305124910454], [115.58808807334057, 40.2990349270775], [115.58820570372392, 40.29903636280016], [115.58820757876326, 40.29894629684835], [115.58832520899895, 40.29894773244692], [115.58832708387376, 40.29885766648906], [115.58809182372299, 40.29885479518146], [115.58809369890153, 40.29876472923122], [115.5876231793259, 40.29875898519957], [115.58762693090638, 40.29857885333104], [115.58739167179372, 40.2985759806161], [115.58739354788348, 40.29848591468869], [115.58727591849592, 40.298484478156446], [115.5872777947333, 40.29839441223212], [115.58716016551031, 40.29839297558487], [115.58717142369355, 40.297852580035155], [115.58705379541557, 40.29785114329563], [115.5870575483878, 40.297671011443], [115.58693992043048, 40.297669574593044], [115.58694179706, 40.29757950866905], [115.58682416926723, 40.297578071704095], [115.58682604604438, 40.29748800578316], [115.58694367368106, 40.297489442743576], [115.5869474268978, 40.297309310888195], [115.58706505423073, 40.297310747719976], [115.5870631777827, 40.29740081365294], [115.58718080528021, 40.29740225036972], [115.58717705267092, 40.29758238224033], [115.58729468048908, 40.29758381884665], [115.58729280432784, 40.29767388478429], [115.58741043231053, 40.29767532127561], [115.58740855629692, 40.29776538721631], [115.58776144076406, 40.297769695986624], [115.58775768964802, 40.29794982789089], [115.58799294662609, 40.29795269982488], [115.58799107136755, 40.29804276578388], [115.58810870002539, 40.298044201576104], [115.58810682491449, 40.298134267538174], [115.58822445373687, 40.29813570321539], [115.58822257877362, 40.29822576918051], [115.58834020776054, 40.29822720474273], [115.58833645812088, 40.298407336677656], [115.58845408742845, 40.29840877212939], [115.58845221275203, 40.298498838099185], [115.58833458328834, 40.29849740264289], [115.58833083359796, 40.29867753456893], [115.58868372295092, 40.29868184060644], [115.58868934606892, 40.298411642674246], [115.58880697540185, 40.29841307776734], [115.58880884960152, 40.29832301178245], [115.58939699561243, 40.29833018543198], [115.58938575497055, 40.29887058145544], [115.58926812481491, 40.29886914693739], [115.58926625118892, 40.29895921293159], [115.58961914214957, 40.29896351614071], [115.58961539580888, 40.299143648151905], [115.58973302645819, 40.29914508232493], [115.58972740735211, 40.29941528034425], [115.58984503847819, 40.29941671441133], [115.5898469113659, 40.29932664840183], [115.59008217333118, 40.29932951616826], [115.59008030075569, 40.29941958218684], [115.59019793190707, 40.299421015895255], [115.59019980432646, 40.29933094987214], [115.59043506634241, 40.29933381692124], [115.59043319423525, 40.299423882953434], [115.59031556306694, 40.29942244948412], [115.59030994622643, 40.299692647558224], [115.59042757786307, 40.29969408104116], [115.59042383357273, 40.299874213092224], [115.59054146553, 40.29987564646468], [115.59053959352828, 40.29996571249254], [115.59030432930994, 40.29996284561902], [115.59030245698757, 40.30005291163633], [115.5900671924908, 40.3000500442755], [115.59006344719627, 40.30023017628752], [115.59018107975265, 40.30023161003679], [115.59017920724882, 40.30032167604512], [115.58994394183227, 40.300318808417956]], [[115.58832145922405, 40.29912786435816], [115.5884390897804, 40.29912929984627], [115.58844283924313, 40.29894916792593], [115.58832520899895, 40.29894773244692], [115.58832145922405, 40.29912786435816]]]}}, {"type": "Feature", "properties": {"year": 2024, "water_area_km2": 0.0051}, "geometry": {"type": "Polygon", "coordinates": [[[115.58550843677517, 40.29296745773266], [115.58551031499343, 40.29287739179091], [115.5853926954264, 40.29287595350865], [115.58540208717078, 40.29242562380054], [115.58528446839252, 40.292424185421524], [115.58529010380563, 40.29215398759256], [115.58552534043436, 40.29215686420375], [115.58552721857637, 40.2920667982487], [115.58576245492686, 40.29206967437269], [115.58576057709695, 40.29215974033684], [115.58587819544096, 40.292161178224106], [115.58588007311482, 40.29207111225539], [115.58599769131123, 40.29207255001858], [115.58599393626713, 40.29225268196364], [115.58611155478411, 40.29225411961639], [115.58610967740542, 40.29234418559125], [115.58622729608689, 40.29234562312904], [115.58622541885579, 40.29243568910697], [115.58610780001824, 40.29243425156462], [115.58610592262261, 40.292524317536525], [115.58598830363748, 40.292522879870106], [115.58598642607733, 40.29261294583596], [115.5861040452185, 40.292614383506944], [115.58610216780593, 40.29270444947587], [115.58598454850872, 40.29270301180035], [115.58598267093163, 40.292793077763264], [115.58586505148682, 40.29279163996365], [115.58586317374522, 40.29288170592054], [115.58562793456886, 40.29287882995365], [115.5856260565067, 40.292968895899946], [115.58550843677517, 40.29296745773266]]]}}, {"type": "Feature", "properties": {"year": 2024, "water_area_km2": 0.0775}, "geometry": {"type": "Polygon", "coordinates": [[[115.4471818566708, 40.240293370848946], [115.44718391468834, 40.24020330972957], [115.44694887269755, 40.24020015521324], [115.44695093101703, 40.24011009410236], [115.44683341019116, 40.24010851667027], [115.44683752711346, 40.239928394454026], [115.44672000660807, 40.239926816912636], [115.44672618238873, 40.23965663359208], [115.44660866235944, 40.23965505594639], [115.44661483852339, 40.239384872627376], [115.44649731897013, 40.239383294877406], [115.44650143667756, 40.23920317266726], [115.4463839174448, 40.239201594807994], [115.44638597644018, 40.23911153370567], [115.44626845737228, 40.23910995573215], [115.44627257564642, 40.23892983353301], [115.44615505689899, 40.23892825545019], [115.44615711617772, 40.23883819435339], [115.44603959759516, 40.2388366161563], [115.44604165702022, 40.238746555062995], [115.44592413860255, 40.238744976751626], [115.44592825773594, 40.23856485457053], [115.44581073963874, 40.238563276149875], [115.4458148590462, 40.238383153972826], [115.44569734126945, 40.238381575442894], [115.44570558059533, 40.238021331090835], [115.44582309774971, 40.23802290960078], [115.4458251574024, 40.23793284850403], [115.4468828108094, 40.2379470496812], [115.44688486905251, 40.23785698853799], [115.44711990293385, 40.23786014303315], [115.44712196085652, 40.23777008187845], [115.44782706178965, 40.23777954247145], [115.44782911876956, 40.237689481285315], [115.44876925262155, 40.237702088690156], [115.44877130834749, 40.23761202746259], [115.44924137487358, 40.237618328282544], [115.44923931976996, 40.237708389530056], [115.44935683658022, 40.237709964441855], [115.44935889152825, 40.23761990318935], [115.4495939248654, 40.237623052645155], [115.44959597949301, 40.23753299138118], [115.45006604565607, 40.23753928884158], [115.45006399165081, 40.2376293501255], [115.45041654183707, 40.237634071983415], [115.4504144882893, 40.23772413328079], [115.45064952210424, 40.23772728059967], [115.45065157534087, 40.23763721929233], [115.45100412566597, 40.23764193936116], [115.45099796732863, 40.23791212332357], [115.45088045007758, 40.23791055007161], [115.45087839712437, 40.23800061138446], [115.450760879727, 40.23799903800824], [115.45075677348164, 40.23817916061946], [115.45063925578235, 40.238177587114016], [115.45063720249021, 40.238267648412396], [115.45051968464459, 40.23826607478269], [115.4505176311876, 40.238356136074614], [115.45040011319563, 40.23835456232065], [115.45039805957379, 40.23844462360609], [115.4502805414355, 40.23844304972786], [115.45027848764883, 40.238533111006824], [115.45016096936418, 40.23853153700434], [115.45015891541266, 40.23862159827681], [115.4500413969817, 40.23862002415007], [115.45003934286532, 40.23871008541607], [115.44992182428804, 40.238708511165065], [115.4499197700068, 40.2387985724246], [115.44980225128316, 40.23879699804933], [115.44980019683709, 40.23888705930238], [115.44968267796712, 40.23888548480285], [115.44968062335617, 40.23897554604942], [115.44956310433987, 40.23897397142562], [115.4495610495641, 40.23906403266571], [115.44944353040147, 40.239062457917655], [115.44944147546082, 40.239152519151254], [115.44920643685215, 40.23914936928735], [115.44920438159104, 40.23923943050948], [115.44908686214501, 40.23923785539361], [115.44908480671906, 40.23932791660928], [115.44896728712669, 40.23932634136914], [115.44896523153588, 40.239416402578314], [115.44884771179719, 40.23941482721391], [115.4488456560415, 40.239504888416604], [115.44872813615648, 40.239503312927944], [115.44872608023593, 40.23959337412416], [115.44860856020456, 40.23959179851121], [115.44860650411914, 40.23968185970095], [115.44848898394146, 40.23968028396374], [115.44848692769118, 40.23977034514699], [115.44836940736715, 40.239768769285504], [115.448367350952, 40.23985883046227], [115.44813231002055, 40.239855678371505], [115.44813025328493, 40.23994573953678], [115.44801273267754, 40.23994416330748], [115.44801067577703, 40.24003422446627], [115.4478931550233, 40.240032648112695], [115.4478910979579, 40.24012270926503], [115.44777357705784, 40.24012113278719], [115.4477715198276, 40.240211193933], [115.44765399878119, 40.24020961733088], [115.44765194138607, 40.24029967847024], [115.4471818566708, 40.240293370848946]]]}}, {"type": "Feature", "properties": {"year": 2024, "water_area_km2": 77.9996}, "geometry": {"type": "Polygon", "coordinates": [[[115.7481576059009, 40.39817411042133], [115.74816094283328, 40.397993969894884], [115.74804313274136, 40.397992694235285], [115.74804980714343, 40.39763241318094], [115.7479319976867, 40.39763113741749], [115.74793366642531, 40.39754106715428], [115.74781585713306, 40.39753979127487], [115.74781752602104, 40.39744972101425], [115.74769971689322, 40.39744844501888], [115.74770138593058, 40.39735837476082], [115.74758357696722, 40.39735709864949], [115.74758691533317, 40.39717695813705], [115.74746910669117, 40.39717568191382], [115.74747244534083, 40.3969955414036], [115.74735463702017, 40.39699426506846], [115.74735630649062, 40.39690419481517], [115.74712069018572, 40.396901641793], [115.74712235996245, 40.39681157154634], [115.74688674400149, 40.396809018052274], [115.74688841408452, 40.396718947812225], [115.74677060627225, 40.39671767088924], [115.74677227650463, 40.39662760065179], [115.74665446885682, 40.39662632361287], [115.74665613923857, 40.39653625337798], [115.74653833175519, 40.396534976223116], [115.7465400022863, 40.3964449059908], [115.74642219496737, 40.39644362871997], [115.74642553632079, 40.396263488259045], [115.74630772932322, 40.396262210876316], [115.74631775414402, 40.39572178948261], [115.74619994809537, 40.395720512004154], [115.74619660620479, 40.39590065246651], [115.7460787998499, 40.39589937485998], [115.74608047095587, 40.39580930463358], [115.7458448585825, 40.39580674906866], [115.74584820139938, 40.395626608627644], [115.74573039553782, 40.3956253306733], [115.74573206709186, 40.39553526045464], [115.74584987279651, 40.39553653840494], [115.74585154418612, 40.395446468180786], [115.74573373863834, 40.39544519023452], [115.74573541017729, 40.39535512001291], [115.74561760479395, 40.39535384195072], [115.74562429150188, 40.394993561065895], [115.74550648675368, 40.394992282899885], [115.7455081585687, 40.394902212679064], [115.74539035398494, 40.39490093439712], [115.7453920259493, 40.39481086417888], [115.74527422152995, 40.394809585781005], [115.74527589364368, 40.394719515565335], [115.74504028514144, 40.39471695841774], [115.74504362997378, 40.3945368179982], [115.74480802212929, 40.39453426038687], [115.74480969484793, 40.394444190182995], [115.7446918910939, 40.394442911201395], [115.74469356396187, 40.3943528410001], [115.74457576037229, 40.39435156190258], [115.74458077940159, 40.394081351302056], [115.74446297629021, 40.394080072096706], [115.74446464944175, 40.39399000189764], [115.74434684649482, 40.39398872257636], [115.74435186637483, 40.393718511982534], [115.74423406390609, 40.39371723255341], [115.7442374107688, 40.393537092158304], [115.74411960862136, 40.39353581261732], [115.74412295576761, 40.393355672224445], [115.7440051539415, 40.393354392571574], [115.74400850137131, 40.39317425218095], [115.74389069986651, 40.3931729724162], [115.7439057643387, 40.392362340622284], [115.74378796425336, 40.39236106077402], [115.7437913121445, 40.392180920367366], [115.74367351238044, 40.392179640407214], [115.74368523085964, 40.39154914896609], [115.74380302952562, 40.39155042889789], [115.74380637728082, 40.39137028846485], [115.74392417564063, 40.391371568268575], [115.74393087043295, 40.39101128736873], [115.7438130727006, 40.3910100075812], [115.74381976799953, 40.39064972667412], [115.74358417381232, 40.390647166771586], [115.74358752204391, 40.39046702632545], [115.74346972527538, 40.390465746202345], [115.74347307379047, 40.39028560575846], [115.74359087024528, 40.39028688587347], [115.74359589249066, 40.39001667518449], [115.74347809650641, 40.39001539508163], [115.74348144494594, 40.38983525462311], [115.74336364928295, 40.38983397440838], [115.74336532364823, 40.38974390418096], [115.74360091466808, 40.38974646448232], [115.74360426274858, 40.38956632400689], [115.74372205795613, 40.38956760396953], [115.74372540569273, 40.38938746348015], [115.74348981591258, 40.38938490345111], [115.74349149008324, 40.389294833212304], [115.74313810594022, 40.389290992281225], [115.74313978057388, 40.38920092205313], [115.74302198603151, 40.3891996415069], [115.74302366081446, 40.389109571281395], [115.74290586643646, 40.38910829061926], [115.74290754136872, 40.38901822039632], [115.74278974715513, 40.38901693961829], [115.74279142223666, 40.38892686939795], [115.7426736281875, 40.38892558850402], [115.74267530341832, 40.388835518286264], [115.74279309731062, 40.38883679917615], [115.74279477237702, 40.38874672895287], [115.74255918491365, 40.38874416706126], [115.74256253565116, 40.388564026626554], [115.74244474224449, 40.388562745508914], [115.74245311974018, 40.388112394416744], [115.74233532712526, 40.388111113199436], [115.74233700275856, 40.38802104298067], [115.74210141786513, 40.3880184801943], [115.74210309380453, 40.38792840998216], [115.74222088609062, 40.38792969143126], [115.7422242376331, 40.3877495509945], [115.7423420296131, 40.38775083231553], [115.74234538081164, 40.3875706918648], [115.74199200583537, 40.38756684756615], [115.74200373808559, 40.38693635602757], [115.74212152863896, 40.386937637552], [115.74211817691895, 40.387117778007045], [115.74223596779353, 40.387119059419646], [115.74224769758351, 40.38648856777301], [115.74236548736786, 40.38648984903729], [115.7423805665706, 40.385679216778215], [115.74249835495111, 40.385680497886064], [115.74250170548824, 40.385500357359824], [115.74261949356267, 40.385501638339626], [115.74262284375595, 40.38532149779941], [115.7427406315243, 40.385322778651165], [115.74274398137372, 40.385142638097], [115.74286176883598, 40.3851439188207], [115.74286679308297, 40.38487370796629], [115.74298458008235, 40.3848749885579], [115.74299127834533, 40.38451470738197], [115.743109064725, 40.384515987837425], [115.74310571592227, 40.38469612843644], [115.74322350262315, 40.38469740878006], [115.74322015410381, 40.38487754938131], [115.74333794112587, 40.38487882961311], [115.74333626701167, 40.38496889991556], [115.74439635196133, 40.38498041664094], [115.74439969735951, 40.38480027596165], [115.74451748430023, 40.38480155499002], [115.74452082935458, 40.38462141429675], [115.74440304272748, 40.384620135276485], [115.74440638806524, 40.38443999458547], [115.74417081546089, 40.38443743620131], [115.7441724884321, 40.38434736586169], [115.74370134394123, 40.38434224767033], [115.7437030175321, 40.38425217734546], [115.74358523158507, 40.38425089750183], [115.7435869053252, 40.38416082717953], [115.74346911954252, 40.38415954722001], [115.74346744564558, 40.384249617538266], [115.74334965971364, 40.38424833745475], [115.74335133376741, 40.384158267140556], [115.74323354799984, 40.38415698694117], [115.74324191893933, 40.38370663536848], [115.74335970392288, 40.383707915547625], [115.74337979152561, 40.38262707157513], [115.74349757463507, 40.38262835158571], [115.74351263821227, 40.381817718431456], [115.74339485651392, 40.38181643845732], [115.74340322568753, 40.38136608667393], [115.7437565684534, 40.38136992617581], [115.74375489510415, 40.38145999654757], [115.74387267619798, 40.38146127614573], [115.74387100299795, 40.38155134652007], [115.74375322174734, 40.38155006691785], [115.74375154838297, 40.38164013728668], [115.7436337669831, 40.381638857560496], [115.74361870495298, 40.38244949077758], [115.74385427058253, 40.38245205018291], [115.74385929038644, 40.38218183909944], [115.74397707274214, 40.382183118610065], [115.74398041892675, 40.38200297787234], [115.74433376509842, 40.382006815660375], [115.74433543770903, 40.38191674527715], [115.74445321962456, 40.381918024295935], [115.74445656450953, 40.38173788351702], [115.74457434611905, 40.38173916240779], [115.74458437965218, 40.38119874001161], [115.74446659898341, 40.381197461145135], [115.74446827136931, 40.38110739074469], [115.74423271036798, 40.381104832660064], [115.7442377284211, 40.38083462147422], [115.7441199484021, 40.380833342264175], [115.74412329404667, 40.3806532014744], [115.74424107375211, 40.38065448067636], [115.7442544547743, 40.37993391742625], [115.74437223323307, 40.379935196475905], [115.74437390567009, 40.379845126059], [115.74460946229671, 40.37984768379047], [115.74460611804219, 40.380027824638994], [115.74472389668034, 40.380029103332944], [115.74472724062132, 40.37984896247632], [115.74484501895348, 40.37985024104226], [115.74485672141185, 40.37921974796963], [115.74497449865413, 40.379221026387334], [115.74498452809796, 40.378680603672244], [115.7451023044072, 40.37868188194576], [115.74510731855699, 40.378411670556304], [115.7452250944035, 40.37841294869777], [115.74522843681879, 40.37823280775605], [115.7453462123593, 40.37823408576953], [115.74534955443092, 40.378053944813864], [115.74546732966543, 40.37805522269933], [115.74547401309115, 40.37769494075425], [115.74559178770618, 40.37769621850364], [115.74559847038427, 40.37733593651896], [115.74548069639629, 40.37733465878574], [115.7454823672037, 40.377244588289955], [115.74560014103494, 40.37724586601912], [115.74560515294176, 40.37697565451083], [115.74525183288145, 40.376971821000005], [115.74525684613117, 40.37670160951493], [115.74513907326308, 40.37670033145031], [115.74514408691518, 40.37643011996419], [115.74502631452488, 40.3764288417918], [115.74502297178417, 40.37660898277593], [115.7449051990879, 40.37660770447553], [115.74490352754947, 40.37669777496136], [115.74478575470398, 40.376696496537015], [115.74478241129104, 40.37687663749618], [115.7445468649957, 40.37687408027163], [115.74454519296441, 40.37696415074091], [115.74430964638574, 40.37696159302864], [115.74431131873055, 40.37687152256745], [115.74407577249558, 40.376868964383654], [115.74407242717142, 40.37704910528838], [115.74419020059865, 40.37705038444832], [115.74418852808199, 40.37714045490254], [115.74407075449804, 40.37713917573854], [115.74406908181709, 40.37722924618725], [115.7443046293061, 40.377231804403415], [115.74430295693111, 40.377321874858765], [115.74442073084369, 40.37732315379104], [115.74441738638461, 40.37750329470541], [115.74453516061824, 40.37750457352587], [115.74453348853413, 40.37759464398491], [115.74476903733753, 40.377597201274206], [115.74476736555941, 40.37768727173986], [115.74394294378224, 40.37767831910059], [115.74394127089926, 40.37776838953647], [115.74382349623309, 40.37776711010432], [115.74382182318578, 40.37785718053467], [115.74370404837043, 40.37785590097857], [115.74370237515882, 40.3779459714034], [115.74393792511066, 40.377948530403806], [115.74393123344286, 40.3783088121209], [115.74404900905716, 40.378310091457436], [115.7440456634915, 40.37849023231528], [115.74392788756369, 40.378488952970656], [115.74392119571475, 40.3788492346526], [115.74368564262768, 40.37884667557121], [115.74368396933303, 40.378936745979935], [115.74356619264407, 40.37893546625532], [115.74356786609546, 40.37884539585066], [115.74309676004209, 40.378840275769285], [115.74310178223219, 40.378570064595074], [115.74298400620803, 40.37856878428712], [115.74298568041306, 40.378478713896826], [115.74310345628045, 40.37847999420075], [115.74310513032115, 40.37838992380495], [115.74298735461053, 40.37838864350508], [115.74298902880045, 40.37829857311188], [115.74287125325411, 40.37829729269615], [115.74287292759324, 40.37820722230553], [115.74275515221125, 40.37820594177395], [115.74275180321193, 40.378386082545624], [115.74263402752395, 40.37838480188603], [115.74263235285618, 40.37847487226561], [115.742514577019, 40.37847359148204], [115.74252295106605, 40.37802323958973], [115.74240517602024, 40.37802195870652], [115.74241020082805, 40.377751747565725], [115.7425279754036, 40.37775302843677], [115.74253299967313, 40.377482817270604], [115.74241522556787, 40.377481536411715], [115.74241690046601, 40.377391466024115], [115.74253467441453, 40.377392746878954], [115.7425396985934, 40.37712253569521], [115.74265747207922, 40.37712381641798], [115.74266417025159, 40.37676353480293], [115.74278194311793, 40.37676481538959], [115.74278361748539, 40.37667474497812], [115.74290139020256, 40.37667602544081], [115.7429047386013, 40.37649588460536], [115.74302251101251, 40.376497164940055], [115.74302418504381, 40.37640709451608], [115.74314195730585, 40.376408374726815], [115.74314530503229, 40.376228233866364], [115.74326307698836, 40.3762295139491], [115.74326475068351, 40.37613944351263], [115.74338252249039, 40.37614072347141], [115.74338586954454, 40.375960582585975], [115.7435036410455, 40.375961862416744], [115.74350698775596, 40.37578172151734], [115.74362475895099, 40.37578300122012], [115.74362977848982, 40.375512789847896], [115.74386531996207, 40.375515348869456], [115.7438669928131, 40.37542527840101], [115.74398476340379, 40.3754265577279], [115.74398643609055, 40.37533648725394], [115.74433974743769, 40.37534032450304], [115.74433640299709, 40.37552046547378], [115.7444541737747, 40.375521744325106], [115.74445250169983, 40.375611814812316], [115.74468804359117, 40.37561437216338], [115.74468470004575, 40.37579451314959], [115.74480247131623, 40.37579579165337], [115.74480748615282, 40.37552558015972], [115.74492525696061, 40.37552685853145], [115.74492191405724, 40.375706999536774], [115.74503968518606, 40.375708277796704], [115.74503801387979, 40.375798348301224], [115.74527355647352, 40.37580090446947], [115.7452752274663, 40.37571083395686], [115.7455107697767, 40.375713389637426], [115.74551244044846, 40.37562331911527], [115.74563021145823, 40.37562459677166], [115.7456318819657, 40.375534526244], [115.74574965282626, 40.375535803776444], [115.7457529935051, 40.375355662708635], [115.74587076405972, 40.375356940113086], [115.74587243423109, 40.375266869572954], [115.74610797504947, 40.3752694240141], [115.74610964489983, 40.37517935346442], [115.7462274151636, 40.3751806305011], [115.74622908484967, 40.375090559945896], [115.74634685496422, 40.375091836858644], [115.74635019400034, 40.37491169573577], [115.74646796380893, 40.374912972520534], [115.74646963315895, 40.37482290195286], [115.74658740281836, 40.37482417861369], [115.74658907200411, 40.37473410804051], [115.7467068415143, 40.374735384577406], [115.74670851053581, 40.37464531399873], [115.74682627989677, 40.37464659041169], [115.74682794875402, 40.37455651982751], [115.7469457179658, 40.37455779611652], [115.74694905534419, 40.37437765493568], [115.74706682425004, 40.374378931096736], [115.7470684927712, 40.37428886050008], [115.74718626152784, 40.37429013653719], [115.74718792988477, 40.37420006593504], [115.7473056984922, 40.37420134184823], [115.74730736668486, 40.37411127124057], [115.74742513514309, 40.374112547029824], [115.74742680317148, 40.374022476416656], [115.74754457148052, 40.37402375208197], [115.74754790720128, 40.37384361084318], [115.74766567520439, 40.373844886380546], [115.74767401359098, 40.37339453323775], [115.74779178081798, 40.373395808635024], [115.74780178569327, 40.37285538479113], [115.7476840194066, 40.37285410941807], [115.74768735461831, 40.372673968133135], [115.7478051205915, 40.372675243498136], [115.7478117902977, 40.37231496089451], [115.74792955565158, 40.37231623612349], [115.74793289014613, 40.37213609480483], [115.74805065519409, 40.37213736990584], [115.74805398934511, 40.37195722857325], [115.74817175408714, 40.3719585035463], [115.74818008854952, 40.371508150169035], [115.74829785251553, 40.37150942500203], [115.74829951922872, 40.37141935431815], [115.74841728304555, 40.37142062902723], [115.74841894959452, 40.371330558337846], [115.7486544769373, 40.37133310738829], [115.74865614316535, 40.371243036689386], [115.74877390669131, 40.37124431103074], [115.74877557275512, 40.371154240326334], [115.74889333613189, 40.37115551454379], [115.74889833380811, 40.37088530240968], [115.74901609672227, 40.37088657649515], [115.74901776244262, 40.37079650577682], [115.74913552520758, 40.37079777973838], [115.74913719076372, 40.37070770901457], [115.74925495337949, 40.370708982852214], [115.74925828415579, 40.370528841392115], [115.74937604646567, 40.370530115101815], [115.74937937689849, 40.37034997362778], [115.7494971389025, 40.370351247209555], [115.74950046899188, 40.37017110572162], [115.74961823069, 40.37017237917545], [115.74961989556671, 40.37008230842525], [115.74973765711563, 40.370083581755175], [115.74973932182816, 40.369993510999485], [115.74985708322788, 40.36999478420551], [115.74985874777619, 40.36990471344431], [115.75009427028478, 40.36990725948867], [115.75009593451217, 40.36981718871796], [115.75092026243189, 40.36982609606892], [115.7509219255549, 40.36973602526856], [115.75103968655961, 40.36973729726373], [115.75104134951843, 40.36964722645788], [115.75115911037393, 40.369648498329155], [115.75116077316855, 40.36955842751782], [115.75127853387487, 40.3695596992652], [115.75128019650528, 40.36946962844838], [115.75139795706242, 40.369470900071846], [115.75140128198736, 40.36929075842575], [115.75151904223858, 40.36929202992131], [115.75152236682013, 40.369111888261294], [115.75164012676548, 40.36911315962894], [115.75164178888832, 40.36902308879271], [115.75175954868449, 40.369024360036455], [115.75176287259428, 40.36884421835156], [115.75188063208456, 40.36884548946739], [115.75188561742294, 40.36857527691702], [115.75200337645063, 40.3685765479009], [115.75200669965872, 40.36839640618528], [115.75212445838055, 40.368397677041244], [115.75212778124524, 40.368217535311736], [115.7522455396612, 40.3682188060398], [115.75224720092562, 40.36812873516882], [115.75236495919238, 40.36813000577298], [115.75236662029263, 40.36803993489652], [115.75248437841022, 40.3680412053768], [115.75248936119593, 40.36777099272658], [115.75260711885095, 40.36777226307492], [115.7526121010992, 40.367502050399445], [115.75272985829166, 40.36750332061587], [115.75273484000243, 40.36723310791517], [115.75285259673237, 40.367234377999665], [115.75285591752206, 40.36705423618384], [115.75297367394613, 40.367055506140446], [115.75297533417306, 40.3669654352263], [115.75309309044795, 40.366966705059006], [115.7530947505107, 40.366876634139395], [115.75321250663642, 40.36687790384823], [115.75321582642613, 40.36669776199657], [115.75333358224597, 40.3666990315775], [115.75334354049538, 40.36615860596332], [115.75346129538269, 40.36615987540028], [115.75346461442592, 40.36597973350913], [115.75358236900736, 40.365981002818195], [115.75358402836108, 40.3658909318664], [115.75370178279337, 40.365892201051594], [115.753705101165, 40.3657120591356], [115.7538228552914, 40.36571332819288], [115.7538261733198, 40.365533186263015], [115.75394392714036, 40.36553445519242], [115.75394558598667, 40.365444384221256], [115.75406333965803, 40.36544565302678], [115.75406665701486, 40.36526551107206], [115.75418441038042, 40.365266779749696], [115.75418606889093, 40.36517670876612], [115.7543038221073, 40.365177977319895], [115.75430713879257, 40.36499783534033], [115.7544248917031, 40.3649991037662], [115.75442654987785, 40.364909032770214], [115.7541910443776, 40.36490649580662], [115.75419270285819, 40.36481642481719], [115.7538394451339, 40.36481261848494], [115.75384110407701, 40.364722547506084], [115.75348784689005, 40.36471874010719], [115.75348950629564, 40.36462866913893], [115.75337175407162, 40.364627399770264], [115.75337341362636, 40.364537328804566], [115.75325566156648, 40.36453605932007], [115.7532573212704, 40.36444598835692], [115.75313956937468, 40.36444471875659], [115.75314122922777, 40.36435464779598], [115.75302347749616, 40.364353378079805], [115.75302679749318, 40.364173236162266], [115.7529090460824, 40.36417196633429], [115.75291236636274, 40.36399182441891], [115.75279461527276, 40.363990554479116], [115.75279793583645, 40.363810412565925], [115.75268018506725, 40.36380914251433], [115.75268350591429, 40.36362900060332], [115.7525657554659, 40.3636277304399], [115.75256741603482, 40.36353765948622], [115.75244966575055, 40.36353638920697], [115.75245132646864, 40.36344631825585], [115.7523335763485, 40.363445047860765], [115.75233689807551, 40.36326490596218], [115.75221914827615, 40.3632636354553], [115.75222247028647, 40.36308349355889], [115.7521047208079, 40.36308222294021], [115.75211967089318, 40.36227158437009], [115.75223741896197, 40.362272854952586], [115.75224074080745, 40.362092713023976], [115.75235848857044, 40.36209398347858], [115.75236014932528, 40.362003912508065], [115.75247789693914, 40.362005182838814], [115.75248121811309, 40.36182504088532], [115.75259896542119, 40.3618263110882], [115.75260062584029, 40.361736240105245], [115.75271837299923, 40.36173751018425], [115.75272003325419, 40.361647439195806], [115.75283778026397, 40.361648709150955], [115.75283944035485, 40.36155863815702], [115.7529571872155, 40.3615599079883], [115.75296216697325, 40.3612896949857], [115.75307991337148, 40.36129096468508], [115.75308489259194, 40.36102075165724], [115.7529671466636, 40.36101948196992], [115.7529688065454, 40.360929410961724], [115.75249782353342, 40.3609243310301], [115.7524961630251, 40.361014402022214], [115.75237841713418, 40.36101313173569], [115.75237675646176, 40.36110320272231], [115.75214126438918, 40.3611006617817], [115.75213960339599, 40.361190732758836], [115.75143312641833, 40.36118310703672], [115.75143146447789, 40.36127317798825], [115.75096047934954, 40.36126809176063], [115.75095881677507, 40.3613581626946], [115.75084107035508, 40.361356890834074], [115.75083940761647, 40.36144696176254], [115.75072166104738, 40.36144568977814], [115.75071999814462, 40.36153576070112], [115.7506022514264, 40.36153448859285], [115.75059892528513, 40.36171463042638], [115.75048117826113, 40.36171335819023], [115.7504795150226, 40.36180342910076], [115.75036176784948, 40.36180215674074], [115.75036010444683, 40.36189222764579], [115.75024235712458, 40.3618909551619], [115.75023403921551, 40.362341309645025], [115.75011629111756, 40.36234003702115], [115.75011129981215, 40.362610249681374], [115.7499935512518, 40.362608976925564], [115.74999188731167, 40.362699047805364], [115.7498741386022, 40.36269777492569], [115.74987081038614, 40.3628779166728], [115.74975306137088, 40.362876643665224], [115.74975139709495, 40.36296671453257], [115.74963364793057, 40.36296544140111], [115.74963198349047, 40.36305551226295], [115.74951423417696, 40.36305423900762], [115.74951256957272, 40.36314430986397], [115.74963031904288, 40.36314558312333], [115.74962865458778, 40.36323565398224], [115.74974640422211, 40.363236927125776], [115.74974473991612, 40.363326997987265], [115.74998023952057, 40.36332954392286], [115.74997857552039, 40.36341961479093], [115.75021407546818, 40.3634221602552], [115.75021241177379, 40.36351223112986], [115.75056566222169, 40.36351604843948], [115.75056399898972, 40.363606119324764], [115.75068174931066, 40.36360739152562], [115.75068008622786, 40.36369746241346], [115.75079783671298, 40.363698734498506], [115.7507911849333, 40.36405901805134], [115.75067343382159, 40.364057745950205], [115.75067177070126, 40.36414781683072], [115.75031851694119, 40.364143999796106], [115.75032018053149, 40.36405392892765], [115.74961367415393, 40.364046291646574], [115.74961200962372, 40.36413636249085], [115.74937650724463, 40.36413381576363], [115.74937484239362, 40.364223886598374], [115.74913933973126, 40.36422133938366], [115.74913767455944, 40.36431141020889], [115.74901992308288, 40.364310136417735], [115.74901825774687, 40.36440020723747], [115.74890050612119, 40.36439893332243], [115.74889384407543, 40.364759216570555], [115.74877609183062, 40.36475794251953], [115.74877109474743, 40.365028154928176], [115.74865334204017, 40.36502688074519], [115.74865001030048, 40.365207022335554], [115.74853225728741, 40.36520574802466], [115.74853059124963, 40.36529581881362], [115.74841283808742, 40.365294544378834], [115.74841783664817, 40.36502433201967], [115.7485355893404, 40.365025606442366], [115.74853725535563, 40.36493553564901], [115.74841950282006, 40.36493426123036], [115.74842116898444, 40.36484419043959], [115.74818566424912, 40.36484164125079], [115.74818399777145, 40.36493171203349], [115.74806624525841, 40.364930437255275], [115.74806124531027, 40.36520064958252], [115.74817899829328, 40.36520192437283], [115.74817566527025, 40.36538206592508], [115.7482934185741, 40.36538334060362], [115.74829008583433, 40.36556348215806], [115.74817233221715, 40.36556220747146], [115.74816733258109, 40.36583241978007], [115.74804957850144, 40.365831144961504], [115.74804624505981, 40.366011286485175], [115.74792849067437, 40.36601001153868], [115.74792515688932, 40.36619015304843], [115.74804291158812, 40.366191428002985], [115.74803457777726, 40.3666417817719], [115.74791682229511, 40.366640506797154], [115.7479134884048, 40.3668206482864], [115.74779573261684, 40.366819373183745], [115.7477790611472, 40.36772008050174], [115.74766130379999, 40.36771880523885], [115.74765963645498, 40.36780887595856], [115.7475418789586, 40.367807600571766], [115.74754021144938, 40.36789767128597], [115.74718693853536, 40.36789384439429], [115.74718360255429, 40.3680739857941], [115.74706584461795, 40.36807270991573], [115.74706250829338, 40.368252851301584], [115.74694475005123, 40.36825157529527], [115.74694308172097, 40.36834164598196], [115.74682532332966, 40.36834036985174], [115.7468236548352, 40.36843044053293], [115.74623486220808, 40.36842405806359], [115.74623319292267, 40.36851412872312], [115.74611543426317, 40.3685128518656], [115.74611376481353, 40.36860292251963], [115.74599600600486, 40.368601645538185], [115.74599767561119, 40.36851157488821], [115.74576215832982, 40.368509020573825], [115.7457588184829, 40.36868916185616], [115.74564105954013, 40.36868788451108], [115.74563938944867, 40.36877795514601], [115.74552163035678, 40.368776677677005], [115.74551996010108, 40.36886674830643], [115.74563771934969, 40.36886802577948], [115.74563604924315, 40.368958096411475], [115.74504725229211, 40.36895170782735], [115.74504558139458, 40.369041778437676], [115.74481006235357, 40.369039222156836], [115.74480839113512, 40.369129292757584], [115.74457287181086, 40.36912673598917], [115.74457120027152, 40.36921680658038], [115.74421792087163, 40.369212970516585], [115.74421624885467, 40.36930304109418], [115.74409848891308, 40.36930176216246], [115.74409681673188, 40.36939183273455], [115.74374353648237, 40.36938799520799], [115.74374186382354, 40.36947806576647], [115.74279978223669, 40.369467827055495], [115.74280145614905, 40.36937775652942], [115.74244817614864, 40.36937391504705], [115.74244650176622, 40.36946398556096], [115.74185770113317, 40.36945758067265], [115.74185937629908, 40.369367510178975], [115.74174161635185, 40.369366228845756], [115.74174329166686, 40.36927615835469], [115.74150777210843, 40.36927359533672], [115.74151112334259, 40.36909345436643], [115.74127560444117, 40.3690908908852], [115.74127728036026, 40.36900082040597], [115.74104176180246, 40.368998256453374], [115.74104343802739, 40.368908185980786], [115.74069016071745, 40.368904339165034], [115.7406918374049, 40.368814268703154], [115.7403385606331, 40.368810420820736], [115.74034023778303, 40.36872035036958], [115.7402224790309, 40.36871906750642], [115.74022415632996, 40.36862899705786], [115.73998863916181, 40.36862643098007], [115.73999199436395, 40.36844629009479], [115.7398742361046, 40.36844500688421], [115.73987759158982, 40.368264866001184], [115.73952431779729, 40.36826101567461], [115.73952599599856, 40.36817094524309], [115.73917272274424, 40.3681670938499], [115.73917440140801, 40.368077023429095], [115.73893888625635, 40.36807445524243], [115.7389405652259, 40.3679843848283], [115.73882280781811, 40.36798310055922], [115.73882448693678, 40.36789303014768], [115.73858897245728, 40.36789046125807], [115.73859065188172, 40.367800390853205], [115.73835513774588, 40.36779782149226], [115.73835849719879, 40.36761768069438], [115.73824074045558, 40.36761639584225], [115.73824242032732, 40.36752632544517], [115.7381246637484, 40.36752504047725], [115.73812634376922, 40.36743497008277], [115.73789083094745, 40.36743239979544], [115.7378941915931, 40.36725225901838], [115.73777643550693, 40.36725097370306], [115.73777811597505, 40.36716090331639], [115.73766036005316, 40.367159617885264], [115.73766372128, 40.36697947711568], [115.73742821008562, 40.36697690591013], [115.73742989100101, 40.36688683553128], [115.7370766247363, 40.36688297783619], [115.73707830611414, 40.36679290746808], [115.73696055086441, 40.366791621334066], [115.73696223239132, 40.366701550968564], [115.73684447730585, 40.366700264718766], [115.73684615898186, 40.36661019435586], [115.73672840406063, 40.36660890799028], [115.73673008588571, 40.36651883762997], [115.73661233112875, 40.36651755114859], [115.73661064914702, 40.36660762150482], [115.73637513934251, 40.36660504817433], [115.7363768216376, 40.366514977826256], [115.73625906690341, 40.366513690985286], [115.73626074934758, 40.366423620639814], [115.73614299477765, 40.366422333683076], [115.73614131217683, 40.366512404024476], [115.7360235574578, 40.3665111169438], [115.7360252402153, 40.36642104660646], [115.73555422204186, 40.36641589710145], [115.7355525386577, 40.36650596742247], [115.73496376532843, 40.36649952782398], [115.73496544949595, 40.36640945752334], [115.73484769500955, 40.366408169248146], [115.73486285358511, 40.36559753651304], [115.7347451005163, 40.36559624815469], [115.7347484693184, 40.36541610753892], [115.73463071657049, 40.36541481906886], [115.7346324011168, 40.36532474876285], [115.73439689595709, 40.36532217147132], [115.73439858080911, 40.365232101172026], [115.73416307599315, 40.365229523409226], [115.73416476115088, 40.365139453116605], [115.73392925667864, 40.365136874882566], [115.73393094214207, 40.36504680459663], [115.73345993391547, 40.365041646706615], [115.7334582478254, 40.36513171697623], [115.73334049563111, 40.36513042720002], [115.7333354368453, 40.365400637987776], [115.73321768418863, 40.365399348079464], [115.73321262486438, 40.365669558841795], [115.73309487174535, 40.36566826880138], [115.73309318513206, 40.36575833904846], [115.73285767860351, 40.36575575859989], [115.73285599166928, 40.365845828837344], [115.73273823825977, 40.365844538429194], [115.73273992535064, 40.36575446819582], [115.73250441886776, 40.36575188702812], [115.73250610626435, 40.365661816801435], [115.73238835319101, 40.36566052604188], [115.73239004073666, 40.36557045581782], [115.73227228782756, 40.36556916494249], [115.73227397552226, 40.36547909472106], [115.73215622277743, 40.365477803729966], [115.73215791062118, 40.36538773351115], [115.73192240546771, 40.36538515117756], [115.73192409361714, 40.36529508096546], [115.73133533165004, 40.36528862305449], [115.73133702057515, 40.36519855286136], [115.7309837639563, 40.3651946766888], [115.73098545334375, 40.36510460650647], [115.73074994928258, 40.36510202180035], [115.73075163897575, 40.36501195162471], [115.73063388711326, 40.365010659095965], [115.73063557695544, 40.36492058892297], [115.73040007356664, 40.3649180035141], [115.73040345385473, 40.36473786318007], [115.73028570248508, 40.36473657030403], [115.730289083056, 40.36455642997232], [115.73017133200726, 40.36455513698463], [115.73017471286096, 40.36437499665524], [115.73005696213315, 40.36437370355587], [115.73005865270521, 40.36428363339307], [115.7298231515858, 40.36428104684297], [115.72982484246354, 40.3641909766869], [115.72947159131158, 40.36418709597517], [115.7294732826516, 40.36409702582989], [115.72923778223507, 40.36409443809768], [115.72923947388078, 40.36400436795915], [115.72912172384062, 40.36400307391737], [115.72912341563534, 40.363913003781455], [115.72900566575944, 40.36391170962392], [115.72901074156775, 40.36364149921967], [115.72912849097372, 40.36364279336492], [115.72914371657667, 40.36283216203616], [115.7292614645805, 40.3628334560247], [115.72926484765061, 40.362653315705096], [115.72950034305461, 40.362655903306276], [115.72949865183665, 40.36274597347501], [115.72961639970673, 40.36274726709991], [115.72962485493706, 40.36229691622119], [115.72950710785015, 40.36229562261675], [115.72950879902999, 40.36220555244069], [115.72939105210732, 40.36220425872048], [115.72939274343615, 40.36211418854706], [115.72927499667776, 40.36211289471113], [115.7292766881556, 40.36202282454034], [115.72915894156147, 40.362021530588656], [115.72916232480748, 40.36184139025086], [115.72904457853423, 40.36184009618752], [115.72904965381589, 40.36156988568212], [115.7289319080202, 40.36156859151123], [115.72893529181638, 40.361388451175166], [115.72881754634157, 40.36138715689264], [115.72882093042048, 40.36120701655889], [115.72823220472715, 40.36120054338964], [115.72823389753827, 40.36111047324107], [115.72799840762762, 40.36110788314272], [115.72800010074438, 40.361017813000856], [115.72776461117753, 40.36101522243137], [115.72776630459988, 40.36092515229625], [115.72753081537685, 40.36092256125561], [115.72753250910479, 40.36083249112722], [115.72729702022555, 40.360829899615446], [115.7272987142591, 40.3607398294938], [115.7270632257237, 40.3607372375109], [115.72706492006284, 40.36064716739598], [115.72694717596323, 40.360645871228876], [115.72695225940465, 40.36037566088764], [115.72730549031688, 40.36037954899254], [115.72730379631389, 40.36046961912005], [115.727774771597, 40.36047480159866], [115.72777307821286, 40.36056487174111], [115.72800856621348, 40.36056746226961], [115.72801025928439, 40.360477392118966], [115.72848123475082, 40.360482571721576], [115.72848292718763, 40.36039250155305], [115.7286006709167, 40.360393796150014], [115.72860236318924, 40.360303725975946], [115.72895559395242, 40.36030760903557], [115.72895390214974, 40.36039767922194], [115.73013134008919, 40.36041061500586], [115.73013303032569, 40.36032054477855], [115.73048626138639, 40.36032442316471], [115.73048795114543, 40.36023435292366], [115.73060569469095, 40.3602356454753], [115.73061076345247, 40.3599654347311], [115.73049302037678, 40.35996414219175], [115.73049639982627, 40.35978400169646], [115.73037865707143, 40.359782709045454], [115.73038034694132, 40.359692638799714], [115.73026260435073, 40.359691346032974], [115.73026598438092, 40.35951120554526], [115.73014824211116, 40.35950991266687], [115.73014993227142, 40.359419842424906], [115.7300321901659, 40.35941854943078], [115.73003388047518, 40.35932847919144], [115.7299161385339, 40.359327186081586], [115.72991782899211, 40.35923711584487], [115.72980008721508, 40.359235822619276], [115.72980177782229, 40.3591457523852], [115.72968403620949, 40.359144459043854], [115.7296857269657, 40.35905438881241], [115.72956798551712, 40.359053095355335], [115.72956967642229, 40.3589630251265], [115.72945193513796, 40.358961731553705], [115.72945362619211, 40.35887166132751], [115.72933588507203, 40.35887036763898], [115.72934095865853, 40.358600156963874], [115.72922321801586, 40.35859886316779], [115.72922490935274, 40.35850879294392], [115.72910716887431, 40.358507499032115], [115.72910886036013, 40.35841742881087], [115.72899112004595, 40.358416134783326], [115.72899281168073, 40.35832606456472], [115.72887507153078, 40.35832477042146], [115.72887676331453, 40.35823470020547], [115.72875902332883, 40.358233405946486], [115.72876071526157, 40.35814333573313], [115.72864297544007, 40.35814204135841], [115.72864635959584, 40.3579619009355], [115.7285286200952, 40.35796060644915], [115.72853200453362, 40.357780466028565], [115.72841426535379, 40.35777917143059], [115.72841934242398, 40.35750896080101], [115.72830160372156, 40.35750766609551], [115.72830329621962, 40.3574175958868], [115.72818555768146, 40.3574163010656], [115.72818725032846, 40.35732623085952], [115.72806951195453, 40.35732493592256], [115.7280712047505, 40.35723486571914], [115.72795346654078, 40.35723357066647], [115.72795515948572, 40.35714350046567], [115.72783742144024, 40.357142205297286], [115.72783911453412, 40.35705213509912], [115.72760363877926, 40.357049544411076], [115.72760533217868, 40.35695947421965], [115.72736985676757, 40.356956883060526], [115.72737155047255, 40.356866812875836], [115.72725381293505, 40.35686551712065], [115.72725550678896, 40.356775446938606], [115.72702003205005, 40.35677285507698], [115.72702172620949, 40.35668278490165], [115.72690398900811, 40.356681488795225], [115.7269056833165, 40.35659141862253], [115.7266702092498, 40.35658882605843], [115.72667190386373, 40.35649875589248], [115.72655416699845, 40.3564974594348], [115.72655586176131, 40.35640738927148], [115.72643812506027, 40.3564060926981], [115.72644320977273, 40.35613588221167], [115.725972264924, 40.35613069476922], [115.7259739604392, 40.35604062462056], [115.72585622440272, 40.356039327464515], [115.72585792006684, 40.35594925731851], [115.7257401841946, 40.355947960046755], [115.72574188000767, 40.35585788990337], [115.72562414429966, 40.35585659251591], [115.72562584026166, 40.35576652237519], [115.72491942711375, 40.35575873555898], [115.72491773021225, 40.35584880567506], [115.72479999455781, 40.35584750744892], [115.72479829749209, 40.35593757755942], [115.72468056168871, 40.35593627920935], [115.72467886445875, 40.35602634931429], [115.72479660041871, 40.35602764766847], [115.72479320624898, 40.35620778788219], [115.72420452495993, 40.35620129487202], [115.72420622283154, 40.356111224786446], [115.72408848675329, 40.356109925829074], [115.72409018477383, 40.356019855746155], [115.72397244885984, 40.35601855667309], [115.7239741470293, 40.355928486592816], [115.72385641127954, 40.35592718740404], [115.72385810959791, 40.355837117326416], [115.72350490286435, 40.35583321905356], [115.72350660164481, 40.355743148986804], [115.72338886623886, 40.35574184932701], [115.72339056516823, 40.355651779262885], [115.7231550946925, 40.355649179592085], [115.72315849315457, 40.35546903947593], [115.72304075824135, 40.355467739469034], [115.72304245761747, 40.35537766941286], [115.72292472286848, 40.35537636929028], [115.72292642239353, 40.35528629923675], [115.72269095323173, 40.35528369864038], [115.72269265306227, 40.35519362859362], [115.72257491864943, 40.35519232811982], [115.72257661862886, 40.35510225807572], [115.72245888438027, 40.35510095748624], [115.72246058450861, 40.35501088744479], [115.72222511634762, 40.355008285914636], [115.72222681678143, 40.35491821587994], [115.72210908286901, 40.35491691493926], [115.72211078345174, 40.35482684490723], [115.72175758223023, 40.35482294137871], [115.72175928327499, 40.35473287135755], [115.72164154970642, 40.354731569945876], [115.72164325090007, 40.354641499927375], [115.72117231732881, 40.35463629309909], [115.72117401914105, 40.3545462230956], [115.72082081951292, 40.35454231672878], [115.72082252178721, 40.35445224673619], [115.71893879411, 40.354431394635085], [115.71893708933058, 40.35452146456167], [115.71929028858989, 40.35452537667924], [115.71928858427252, 40.354615446616755], [115.72058365053744, 40.354629781868056], [115.72058194793466, 40.354719851849474], [115.7208174149413, 40.354722456709545], [115.72081571264395, 40.35481252669774], [115.72105117999448, 40.35481513108684], [115.72104947800261, 40.35490520108179], [115.72128494569696, 40.35490780499989], [115.72128324401056, 40.35499787500163], [115.72151871204879, 40.35500047844874], [115.72151701066785, 40.35509054845725], [115.72187021325247, 40.355094452741696], [115.7218685123336, 40.35518452276109], [115.72210398107487, 40.355187125026575], [115.72210228046146, 40.355277195052764], [115.72233774954657, 40.35527979684724], [115.72233604923865, 40.355369866880174], [115.72245378394928, 40.35537116760182], [115.72245208379027, 40.35546123763741], [115.72256981866516, 40.35546253824335], [115.7225664186373, 40.35564267831837], [115.722684153833, 40.355643978812736], [115.72268245396413, 40.35573404885217], [115.723035660067, 40.35573794962875], [115.72303396066022, 40.35582801967903], [115.72315169619975, 40.35582931970238], [115.72314829767635, 40.35600945980683], [115.7232660335367, 40.35601075971859], [115.7232643344201, 40.356100829772714], [115.723499806477, 40.35610342924504], [115.72349810766586, 40.35619349930594], [115.72373358006656, 40.356196098307215], [115.72373188156095, 40.35628616837487], [115.72396735430549, 40.35628876690513], [115.72396565610539, 40.35637883697952], [115.72408339264572, 40.35638013606905], [115.72408169459455, 40.356470206146106], [115.72419943129913, 40.35647150511991], [115.72419603548698, 40.35665164527784], [115.72431377251239, 40.356652944140066], [115.72431037698277, 40.356833084300355], [115.72419263964416, 40.35683178542992], [115.72419433756941, 40.356741715354616], [115.72395886322838, 40.356739117262514], [115.72396056145911, 40.356649047193955], [115.72360735047478, 40.35664514916952], [115.72360395306612, 40.35682528928046], [115.7232507412112, 40.35682139015299], [115.72325244038916, 40.35673132011059], [115.72313470327612, 40.35673002016592], [115.72313640260298, 40.35663995012616], [115.72290092871306, 40.35663734988559], [115.72290262834542, 40.35654727985259], [115.72266715479934, 40.35654467914098], [115.72266885473722, 40.35645460911476], [115.72208017178917, 40.356448105259545], [115.72208187250232, 40.35635803525244], [115.72172866329531, 40.356354131513875], [115.72173036447052, 40.35626406151766], [115.72161262824012, 40.35626276003597], [115.72161432956423, 40.356172690042406], [115.7214965934981, 40.356171388445006], [115.72149829497113, 40.356081318454095], [115.72126282317504, 40.35607871490811], [115.72126452495354, 40.35598864492397], [115.72067584638059, 40.355982133982884], [115.72067754893433, 40.35589206401789], [115.72044207787206, 40.355889458811006], [115.72044378073129, 40.35579938885278], [115.72032604536827, 40.35579808607375], [115.72032434235246, 40.35588815602784], [115.72020660684052, 40.355886853124865], [115.72020831001292, 40.3557967831749], [115.72009057466525, 40.35579548015623], [115.72009227798655, 40.35570541020892], [115.71985680762742, 40.35570280382041], [115.71985851125419, 40.355612733879866], [115.71962304123896, 40.35561012702036], [115.71962644909574, 40.35542998715138], [115.71927324507004, 40.355426075988305], [115.7192698362738, 40.355606215832516], [115.71915210130078, 40.355604911863615], [115.71915551041018, 40.35542477202766], [115.71868457184765, 40.35541955498695], [115.71868116148562, 40.35559969478987], [115.71856342655109, 40.355598390221914], [115.71856172120195, 40.35568846011706], [115.717502105728, 40.355676713576734], [115.71750381248631, 40.355586643718766], [115.7165619338412, 40.35557619423549], [115.71656534983998, 40.35539605458133], [115.71632988088204, 40.35539344102894], [115.71633158918303, 40.355303371207924], [115.7162138548722, 40.35530206425616], [115.71621556332205, 40.3552119944378], [115.71598009503667, 40.35520938018311], [115.71598180379196, 40.35511931037156], [115.71586406981739, 40.35511800306863], [115.71586577872155, 40.35502793325978], [115.71563031110871, 40.35502531830277], [115.71563202031828, 40.354935248500716], [115.71551428668, 40.35493394084664], [115.71551599603846, 40.35484387104725], [115.71539826256446, 40.354842563277515], [115.71539997207178, 40.3547524934808], [115.71516450546005, 40.35474987759017], [115.71516792507782, 40.354569738008884], [115.71493245912323, 40.35456712165559], [115.71493416923367, 40.35447705187103], [115.71481643642453, 40.35447574351882], [115.71481814668384, 40.354385673736935], [115.71470041403897, 40.35438436526906], [115.71470212444711, 40.354294295489844], [115.71434892702851, 40.3542903693798], [115.71435063789863, 40.35420029961154], [115.71411517330462, 40.3541976816141], [115.71411688448016, 40.354107611852676], [115.71388142023015, 40.35410499338431], [115.71388313171111, 40.3540149236297], [115.7136476678051, 40.35401230469041], [115.7136493795915, 40.35392223494261], [115.71341391602951, 40.35391961553239], [115.71341562812128, 40.35382954579143], [115.71329789650844, 40.353828235910754], [115.71329960874905, 40.353738166172455], [115.71294641442655, 40.35373423582407], [115.71294812712912, 40.35364416609676], [115.71271266459921, 40.353641545273774], [115.71271437760718, 40.35355147555328], [115.71259664651038, 40.35355016496625], [115.71260007281626, 40.35337002552916], [115.7124823420403, 40.353368714830616], [115.71248405533822, 40.35327864511402], [115.71236632472653, 40.353277334299825], [115.71236975161227, 40.353097194870514], [115.71225202132145, 40.35309588394481], [115.7122537349093, 40.353005814232105], [115.71213600478276, 40.35300450319077], [115.71213771851941, 40.352914433480755], [115.71201998855716, 40.35291312232374], [115.71202341632039, 40.35273298290759], [115.71190568667899, 40.35273167163909], [115.71190740070558, 40.35264160193297], [115.71178967122843, 40.35264029054882], [115.71179138540386, 40.35255022084539], [115.71167365609101, 40.35254890934559], [115.71167537041522, 40.35245883964484], [115.71143991212585, 40.35245621629416], [115.71144162675543, 40.35236614660025], [115.71132389777888, 40.352364834749366], [115.7113256125573, 40.35227476505812], [115.71120788374505, 40.35227345309159], [115.71120959867227, 40.352183383403045], [115.71109187002429, 40.35218207132087], [115.71109358510033, 40.352092001635015], [115.71097585661664, 40.352090689437205], [115.7109792870586, 40.35191055006937], [115.71086155889574, 40.35190923776007], [115.71086498961982, 40.35172909839468], [115.71074726177783, 40.351727785973885], [115.71075069278403, 40.35154764661093], [115.71063296526286, 40.35154633407867], [115.7106346809109, 40.35145626439915], [115.71051695355402, 40.35145495175123], [115.71052038513999, 40.351274812396085], [115.7104026581039, 40.35127349963669], [115.7104043740418, 40.35118342996108], [115.71028664717002, 40.351182117086054], [115.71028836325675, 40.35109204741312], [115.71017063654924, 40.351090734422456], [115.71017235278472, 40.35100066475221], [115.71005462624152, 40.35099935164591], [115.71005805900239, 40.35081921230933], [115.70994033277998, 40.35081789909156], [115.70994204930534, 40.350727829425225], [115.70982432324722, 40.350726516091804], [115.70982947324644, 40.35045630709648], [115.7097117476657, 40.35045499365575], [115.70973063212182, 40.34946422727225], [115.70984835598074, 40.34946554066724], [115.70985522219728, 40.34910526192167], [115.70997294543784, 40.34910657518026], [115.70998152725164, 40.348656226694494], [115.71009924971735, 40.34865753981253], [115.71010439824316, 40.34838733069097], [115.71022212024704, 40.348388643676756], [115.71022555224584, 40.34820850424674], [115.71034327394442, 40.348209817104426], [115.7103467055992, 40.348029677660236], [115.7104644269925, 40.34803099038983], [115.7104695739471, 40.34776078120009], [115.71058729487856, 40.34776209379744], [115.71059244129398, 40.347491884582006], [115.71071016176366, 40.34749319704712], [115.71071359235556, 40.34731305755453], [115.71083131251993, 40.34731436989156], [115.71083817298484, 40.34695409087213], [115.71072045344648, 40.34695277855172], [115.71072216869989, 40.34686270879734], [115.71060444932579, 40.3468613963613], [115.71060616472793, 40.34677132660962], [115.71048844551808, 40.34677001405795], [115.71049016106902, 40.34667994430895], [115.71025472298554, 40.346677318854624], [115.7102581546902, 40.346497179368846], [115.70978727986818, 40.34649192705617], [115.70978556339371, 40.34658199678317], [115.70955012571613, 40.346579369899885], [115.70954840892091, 40.34666943961711], [115.70931297096129, 40.346666812246426], [115.70931125384531, 40.34675688195386], [115.7089580964945, 40.34675293998707], [115.70895637890123, 40.346843009680555], [115.70872094039308, 40.34684038109551], [115.70871922247903, 40.34693045077921], [115.70848378368886, 40.34692782170676], [115.70848206545409, 40.347017891380666], [115.7082466263819, 40.34701526182079], [115.70824490782634, 40.34710533148491], [115.70800946847216, 40.34710270143762], [115.70800774959584, 40.34719277109196], [115.70765459015315, 40.34718882511023], [115.70765287079955, 40.3472788947506], [115.70753515084432, 40.34727757917964], [115.70753343132647, 40.347367648814384], [115.70729799112625, 40.34736501730482], [115.70729627128762, 40.34745508692976], [115.70717855104265, 40.347453770991166], [115.7071768310397, 40.34754384061046], [115.707059110646, 40.34754252454791], [115.70705567030384, 40.34772266377381], [115.70693794960485, 40.347721347583146], [115.70693622926562, 40.34781141718972], [115.7068185084179, 40.34781010087513], [115.70681678791439, 40.34790017047606], [115.70669906691788, 40.34789885403752], [115.70669734625011, 40.34798892363282], [115.70657962510485, 40.34798760707033], [115.70657790427282, 40.348077676660004], [115.70646018297882, 40.348076359973575], [115.70645846198248, 40.348166429557615], [115.70634074053973, 40.34816511274724], [115.7063390193791, 40.34825518232563], [115.7062212977876, 40.34825386539132], [115.7062195764627, 40.348343934964085], [115.70598413298994, 40.34834130072775], [115.70598241134424, 40.34843137029071], [115.705864689463, 40.34843005298871], [115.705862967653, 40.34852012254603], [115.70562752360078, 40.34851748757436], [115.70562580146999, 40.34860755712188], [115.70550807929902, 40.34860623945222], [115.70550635700393, 40.34869630899408], [115.7053886346842, 40.34869499120045], [115.70538691222481, 40.34878506073668], [115.70515146729564, 40.34878242478175], [115.70514974451544, 40.348872494308175], [115.70479657671038, 40.348868539464895], [115.70479485345285, 40.348958608977334], [115.70444168524817, 40.34895465304351], [115.70444340897525, 40.3488645835436], [115.70420796385737, 40.34886194566383], [115.70420968788973, 40.34877187617078], [115.70385652074083, 40.34876791846529], [115.70385824523498, 40.34867784898332], [115.70362280082097, 40.34867520992244], [115.70362452562036, 40.34858514044736], [115.70338908155054, 40.34858250091572], [115.70339080665518, 40.3484924314475], [115.70327308478846, 40.34849111150619], [115.70327481004186, 40.34840104204069], [115.70315708833941, 40.34839972198379], [115.70315881374155, 40.34830965252099], [115.70304109220343, 40.34830833234849], [115.7030428177543, 40.3482182628884], [115.70292509638047, 40.348216942600295], [115.70292682208004, 40.34812687314293], [115.70280910087052, 40.34812555273921], [115.70281082671885, 40.34803548328456], [115.70257538463619, 40.34803284212617], [115.70257711078975, 40.3479427726784], [115.70139990240887, 40.347929559741644], [115.70139817469017, 40.3480196291476], [115.70116273279444, 40.348016985114555], [115.70116446082619, 40.34792691571698], [115.70081129851066, 40.347922948781665], [115.70081302700414, 40.34783287939518], [115.70069530640438, 40.347831556848035], [115.7006970350466, 40.34774148746426], [115.70057931461116, 40.34774016480153], [115.70058104340207, 40.34765009542048], [115.70034560286761, 40.347647449744066], [115.70034733196375, 40.347557380369906], [115.6994055713901, 40.347546792906776], [115.6994038410419, 40.347636862247434], [115.6992861208488, 40.347635538271355], [115.69928439033625, 40.34772560760633], [115.69904894966045, 40.34772295928649], [115.69904721882708, 40.34781302861162], [115.69892949834438, 40.34781170426783], [115.69892776734669, 40.34790177358731], [115.69881004671528, 40.347900449119564], [115.69880831555328, 40.34799051843336], [115.69869059477315, 40.34798919384166], [115.69868886344683, 40.348079263149806], [115.698571142518, 40.348077938434145], [115.69856594802262, 40.34834814633718], [115.69844822663208, 40.34834682148915], [115.69844649496147, 40.34843689078303], [115.69821105189078, 40.34843424071923], [115.6982127838744, 40.34834417143374], [115.69797734114799, 40.34834152089922], [115.69797907343684, 40.34825145162065], [115.6978613522419, 40.34825012617792], [115.69786828194523, 40.347889849065695], [115.69775056138413, 40.34788852351996], [115.69775229394693, 40.34779845424245], [115.69763457355018, 40.347797128581135], [115.69765363294685, 40.346806366477516], [115.69753591427948, 40.34680504074259], [115.69753764706152, 40.34671497145583], [115.69741992855846, 40.346713645605334], [115.69742166148917, 40.34662357632129], [115.69695078818117, 40.3466182717384], [115.69694905462445, 40.34670834100565], [115.69659589925604, 40.346704361298286], [115.69659416522198, 40.34679443055147], [115.69635872803582, 40.346791776805986], [115.69635699368092, 40.346881846049286], [115.69588611877646, 40.34687653710426], [115.69588785375736, 40.346786467877756], [115.6956524166651, 40.346783812695016], [115.69565415195117, 40.346693743475434], [115.69553643357328, 40.34669241570861], [115.69553816900806, 40.34660234649177], [115.69542045079447, 40.346601018609384], [115.69542392195352, 40.346420880179686], [115.6953062040608, 40.346419552185935], [115.69530967550152, 40.34623941375879], [115.69519195792961, 40.34623808565367], [115.695195429652, 40.34605794722905], [115.69507771240094, 40.346056619012565], [115.6950794484069, 40.345966549802256], [115.69496173132016, 40.34596522147022], [115.69496346747476, 40.34587515226264], [115.69472803363774, 40.345872495247676], [115.69472977009752, 40.345782426047045], [115.69414118642459, 40.34577578143474], [115.69413944918234, 40.34586585061433], [115.69402173231475, 40.34586452132837], [115.69401999490819, 40.345954590502295], [115.69390227789195, 40.345953261092355], [115.69390054032101, 40.346043330260606], [115.69378282315613, 40.34604200072669], [115.69378108542087, 40.34613206988926], [115.69366336810731, 40.34613074023137], [115.69365989230029, 40.3463108785437], [115.69354217468157, 40.34630954875761], [115.69353869853019, 40.34648968705564], [115.69342098060632, 40.34648835714137], [115.69341924236238, 40.346578426283976], [115.69330152428984, 40.34657709624573], [115.69329978588155, 40.34666716538265], [115.69318206766036, 40.34666583522042], [115.69317859050726, 40.34684597348144], [115.69306087198089, 40.34684464319103], [115.69305913323608, 40.34693471231512], [115.69294141456106, 40.34693338190072], [115.69293967565187, 40.34702345101915], [115.69282195682821, 40.34702212048076], [115.69282021775467, 40.3471121895935], [115.69270249878235, 40.34711085893114], [115.6927007595445, 40.347200928038184], [115.69258304042349, 40.347199597251844], [115.69258130102126, 40.34728966635322], [115.69222814323585, 40.3472856732629], [115.6922385823486, 40.34674525870848], [115.69235630066352, 40.346746589833074], [115.69236151964442, 40.34647638252338], [115.69247923749771, 40.34647771351557], [115.69248271646607, 40.346297575293335], [115.6926004340142, 40.34629890615733], [115.69260565193842, 40.34602869880032], [115.69272336902489, 40.3460300295319], [115.69272510816079, 40.34593996040576], [115.6928428250986, 40.34594129101336], [115.69284456407016, 40.34585122188154], [115.69296228085932, 40.34585255236517], [115.69296575846587, 40.345672414088675], [115.69308347494992, 40.34567374444412], [115.69308521358492, 40.34558367529946], [115.69320292992032, 40.34558500553093], [115.69321336062683, 40.34504459060683], [115.69309564523037, 40.34504326040063], [115.69309738381052, 40.34495319124568], [115.69286195335417, 40.3449505304824], [115.69286369223941, 40.344860461334406], [115.6919219719797, 40.3448498135245], [115.69192023184253, 40.34493988263878], [115.6918025166889, 40.3449385511194], [115.69180077638741, 40.34502862022801], [115.69168306108512, 40.345027288584646], [115.69167958014559, 40.345207426789024], [115.69132643334694, 40.34520343111508], [115.6913281742901, 40.34511336202627], [115.69121045886276, 40.34511202989963], [115.69121219995453, 40.34502196081359], [115.69109448469153, 40.34502062857141], [115.69109796716454, 40.34484049040331], [115.69098025222235, 40.34483915804981], [115.69098199360354, 40.34474908896778], [115.69062884929359, 40.344745091201354], [115.69062710744295, 40.34483516027074], [115.69039167762926, 40.344832494485885], [115.69038993545779, 40.34492256354535], [115.69015450536259, 40.34491989727301], [115.69015102037007, 40.34510003537068], [115.69003330502129, 40.34509870204642], [115.69003156235675, 40.34518877108883], [115.68991384685931, 40.34518743764059], [115.68991210403044, 40.345277506677306], [115.68920581027213, 40.34526950344753], [115.6892162727611, 40.344729089357166], [115.68933398742888, 40.34473042350287], [115.68933747454932, 40.344550285452534], [115.689455188912, 40.34455161947004], [115.68945867568803, 40.34437148140539], [115.68957638974561, 40.34437281529468], [115.68957987617719, 40.34419267721572], [115.68969758992966, 40.34419401097681], [115.68969933297718, 40.3441039419309], [115.68981704658106, 40.344105275568005], [115.68982227520699, 40.34383506840881], [115.6899399883493, 40.3438364019135], [115.68994347374765, 40.34365626379156], [115.69006118658484, 40.343657597168054], [115.69006292911574, 40.34356752810066], [115.69018064180432, 40.34356886135318], [115.6901823841709, 40.3434787922801], [115.69030009671087, 40.34348012540863], [115.6903018389131, 40.343390056329866], [115.69018412652962, 40.34338872320556], [115.69018586888046, 40.34329865412955], [115.69006815666131, 40.343297320889675], [115.69006989916078, 40.3432072518164], [115.68995218710597, 40.34320591846103], [115.68995392975404, 40.34311584939051], [115.68983621786356, 40.34311451591959], [115.68983796066026, 40.34302444685182], [115.68960253721582, 40.34302177955916], [115.6896042803176, 40.34293171049836], [115.68948656876364, 40.34293037667662], [115.689488312014, 40.34284030761859], [115.6893706006244, 40.34283897368131], [115.68937234402338, 40.34274890462603], [115.6892546327981, 40.34274757057321], [115.68925637634571, 40.34265750152069], [115.68902095423167, 40.34265483306426], [115.68902269808433, 40.342564764018704], [115.6887872763147, 40.34256209509172], [115.68878902047244, 40.342472026053144], [115.6885535990472, 40.34246935665561], [115.68855534351002, 40.34237928762401], [115.6883199224292, 40.34237661775591], [115.68832166719707, 40.342286548731295], [115.68820395682494, 40.34228521362184], [115.68820570174141, 40.34219514459998], [115.6878525711416, 40.34219113856581], [115.6878543165196, 40.34210106955516], [115.68761889647203, 40.34209839827543], [115.6876206421551, 40.342008329271756], [115.68750293229958, 40.34200699345649], [115.6875046781312, 40.34191692445558], [115.68726925875677, 40.34191425247426], [115.68727100489345, 40.34182418348033], [115.6871532953745, 40.341822847314276], [115.68715504165978, 40.34173277832312], [115.68680191361955, 40.34172876911914], [115.68680366036634, 40.34163870013921], [115.68656824202517, 40.34163602674628], [115.68656998907699, 40.341545957773334], [115.6864522800747, 40.34154462090148], [115.68645402727509, 40.34145455193129], [115.68633631843713, 40.341453214943925], [115.68633806578612, 40.3413631459765], [115.68622035711249, 40.341361808873614], [115.68622385209972, 40.341181670942824], [115.68587072706491, 40.34117765894109], [115.68587247501608, 40.341087589986195], [115.68563705867854, 40.3410849147281], [115.68563880693472, 40.34099484578021], [115.68469714315171, 40.340984139991974], [115.68469539364389, 40.341074208905994], [115.68445997746413, 40.341071531253014], [115.68445822763547, 40.341161600157086], [115.68316343749028, 40.34114686445729], [115.68316518903993, 40.34105679559987], [115.68292977306548, 40.341054114833526], [115.68293152492014, 40.34096404598311], [115.6824606936919, 40.34095868303046], [115.68246244616446, 40.34086861419555], [115.68210932329565, 40.34086459073648], [115.68211107622969, 40.34077452191283], [115.68164024647444, 40.34076915564132], [115.68164200002637, 40.34067908683319], [115.68128887826232, 40.34067506088499], [115.68129063227572, 40.34058499208814], [115.68081980399357, 40.3405796224978], [115.68082155862483, 40.340489553716466], [115.68046843796569, 40.340485525279185], [115.68046668286507, 40.340575594047756], [115.68011356180783, 40.34057156452004], [115.68011180622996, 40.34066163327441], [115.67999409907027, 40.34066028985475], [115.679992343328, 40.34075035860339], [115.67987463601979, 40.34074901505975], [115.67986936827612, 40.34101922128408], [115.6799870760537, 40.34102056484047], [115.67998356449793, 40.341200702324514], [115.68010127259636, 40.34120204576968], [115.68009425001556, 40.34156232073712], [115.68021195874772, 40.34156366407954], [115.6802102032392, 40.341653732821975], [115.68009249435057, 40.3416523894753], [115.6800889829968, 40.34183252694726], [115.67961814626983, 40.34182715232908], [115.6796199025765, 40.34173708361086], [115.6793844845735, 40.341734395591786], [115.67938799778891, 40.341554258167925], [115.67927028911218, 40.341552913987286], [115.67927555934526, 40.34128270785323], [115.67915785114585, 40.3412813635656], [115.6791596080308, 40.34119129485557], [115.67904189999577, 40.341189950452446], [115.67904365702925, 40.341099881745194], [115.67892594915861, 40.341098537226586], [115.67892770634063, 40.341008468522126], [115.67880999863435, 40.341007123888026], [115.67881351328752, 40.34082698648319], [115.67869580590208, 40.340825641737865], [115.67869756337322, 40.34073557303751], [115.67799132016577, 40.34072750207651], [115.67798956175592, 40.340817570751334], [115.67787185442597, 40.34081622516781], [115.67787009585172, 40.34090629383691], [115.67739926598551, 40.34090091028835], [115.67740102518555, 40.340810841636284], [115.67716561061296, 40.340808149152075], [115.67716737011797, 40.340718080507074], [115.67693195589001, 40.340715387552414], [115.6769337157, 40.34062531891447], [115.6768160087544, 40.34062397226179], [115.67681776871288, 40.340533903626635], [115.67658235515837, 40.34053120997055], [115.67658411542183, 40.34044114134247], [115.67623099561894, 40.340437099973094], [115.6762362777697, 40.34016689411834], [115.67611857165397, 40.34016554676853], [115.67612033251145, 40.34007547815162], [115.6760026265601, 40.34007413068633], [115.67600614856413, 40.33989399345659], [115.67577073731104, 40.33989129818388], [115.67577425990906, 40.33971116096532], [115.67518573347985, 40.33970442073074], [115.67518397140259, 40.33979448931942], [115.67506626598416, 40.33979314090902], [115.67506450374249, 40.33988320949197], [115.67494679817555, 40.33988186095756], [115.6749450357695, 40.33997192953476], [115.67482733005409, 40.339970580876354], [115.67482380490526, 40.3401507180178], [115.67470609888485, 40.340149369231106], [115.6747043361421, 40.340239437795354], [115.6744689238123, 40.340236739854234], [115.67446716074865, 40.34032680840847], [115.6736432167498, 40.3403173618128], [115.67364498090858, 40.340227293288464], [115.67352727481128, 40.34022594330011], [115.67352903911852, 40.34013587477857], [115.67341133318565, 40.340134524674745], [115.67341309764139, 40.340044456156015], [115.67329539187291, 40.340043105936736], [115.67329892107338, 40.3398629689034], [115.67271039391488, 40.339856216053626], [115.67270862853641, 40.33994628454966], [115.67223780632715, 40.33994088009746], [115.6722395723314, 40.33985081161853], [115.67212186695544, 40.33984946021041], [115.67212363310817, 40.33975939173429], [115.67200592789662, 40.33975804021071], [115.67201299305364, 40.339397766308664], [115.67213069763943, 40.33939911781513], [115.6721359959542, 40.339128912360295], [115.67201829183774, 40.339127560866665], [115.67202182432065, 40.338947423897984], [115.67190412052501, 40.33894607229317], [115.67190588691096, 40.33885600381089], [115.67167047965647, 40.338853300250626], [115.6716722463473, 40.33876323177544], [115.67131913599465, 40.33875917554987], [115.67132090314684, 40.338669107086055], [115.67120319986833, 40.33866775477568], [115.67120496716895, 40.33857768631468], [115.67073415476038, 40.338572275892965], [115.67073238683399, 40.338662344336846], [115.67049698036469, 40.33865963839904], [115.67049521211749, 40.338749706832864], [115.67037750873834, 40.338748353680096], [115.67037574032673, 40.33883842210819], [115.67025803679915, 40.338837068831374], [115.67025096244717, 40.3391973425119], [115.67013325830183, 40.33919598909823], [115.67012087678363, 40.339826467952506], [115.67000317155117, 40.339825114389114], [115.66999963358988, 40.34000525118281], [115.66976422252314, 40.34000254367965], [115.66976245321763, 40.340092612065725], [115.66940933620805, 40.340088549900116], [115.66940756642522, 40.34017861827186], [115.66928986061485, 40.34017726397289], [115.6692880906676, 40.340267332338875], [115.66905267875799, 40.34026462337316], [115.66905090848987, 40.34035469172908], [115.66846237807336, 40.34034791719788], [115.66846414912371, 40.340257848863395], [115.66811103143898, 40.34025378272068], [115.66811280295069, 40.340163714397576], [115.66775968580723, 40.34015964719007], [115.66776145778027, 40.34006957887837], [115.6671729301499, 40.34006279782589], [115.66717115739465, 40.340152866116135], [115.66693574608558, 40.34015015284839], [115.66693397300942, 40.34024022112857], [115.66681626721045, 40.3402388643108], [115.66681272072127, 40.34041900085813], [115.66669501461739, 40.34041764391202], [115.66669324120434, 40.34050771217919], [115.66657553495202, 40.34050635510906], [115.66657021419557, 40.340776559888845], [115.66645250748189, 40.34077520268609], [115.66644895995805, 40.34095533918999], [115.66621354592893, 40.34095262440805], [115.66621177184209, 40.34104269264921], [115.66597635753207, 40.34103997737971], [115.66597458312434, 40.3411300456108], [115.66562146124998, 40.34112597179559], [115.66561968636488, 40.341216040012306], [115.66538427150911, 40.341213323528194], [115.66538249630311, 40.341303391734854], [115.66526478873078, 40.34130203330888], [115.66526301336029, 40.341392101509754], [115.66502759792677, 40.34138938428999], [115.66502582223536, 40.34147945248079], [115.66479040652098, 40.341476734773444], [115.66478863050867, 40.34156680295418], [115.66467092250703, 40.34156544391659], [115.66466914633027, 40.341655512091556], [115.66443373003811, 40.341652793648535], [115.66443195354042, 40.34174286181342], [115.66419653696741, 40.34174014288283], [115.66419476014877, 40.341830211037625], [115.6639593432949, 40.34182749161944], [115.66395756615537, 40.34191755976416], [115.663839857584, 40.34191619987115], [115.66383808027999, 40.3420062680101], [115.66372037156019, 40.34200490799304], [115.66371859409169, 40.342094976126226], [115.66360088522345, 40.3420936159851], [115.66359910759047, 40.342183684112506], [115.66348139857378, 40.34218232384733], [115.66348317636321, 40.34209225572424], [115.66324775866681, 40.34208953484329], [115.66324953676114, 40.341999466727316], [115.66336724544887, 40.34200082722337], [115.66337080130054, 40.34182069097845], [115.66313538455894, 40.341817969883834], [115.66313716278567, 40.34172790176777], [115.66290174638907, 40.341725180202786], [115.66290352492067, 40.34163511209387], [115.66266810886906, 40.341632390058535], [115.66267166653402, 40.341452253853504], [115.66255395883317, 40.34145089266484], [115.66256107469263, 40.34109062025435], [115.66267878176771, 40.341091981425784], [115.66268411810871, 40.34082177708956], [115.66280182472245, 40.34082313812833], [115.6628053819301, 40.34064300188818], [115.66292308823895, 40.3406443627986], [115.66292664510162, 40.340464226543965], [115.66304435110561, 40.34046558732603], [115.6630461293685, 40.34037551919219], [115.66316383522404, 40.340376879850204], [115.66316561332245, 40.34028681171059], [115.66340102474473, 40.340289532658794], [115.66340280252224, 40.3401994645091], [115.66352050808896, 40.34020082479929], [115.66352228570199, 40.34011075664381], [115.66363999112029, 40.340112116809955], [115.66365065569144, 40.339571707820355], [115.6637683601791, 40.33957306784093], [115.66377369188712, 40.33930286331336], [115.66389139591351, 40.33930422320129], [115.66389495003256, 40.33912408683359], [115.6640126537541, 40.33912544659318], [115.66401620752822, 40.33894531021099], [115.6641339109449, 40.338946669842244], [115.6641356876635, 40.33885660164464], [115.66425339093178, 40.33885796115184], [115.6642551674859, 40.33876789294846], [115.66460827686949, 40.33877197073879], [115.66461005294633, 40.338681902521024], [115.66484545892924, 40.33868462044065], [115.66485078617312, 40.33841441575275], [115.66473308364695, 40.338413056865704], [115.66474551469737, 40.33778257923916], [115.6646278132742, 40.3377812202625], [115.66462958926293, 40.33769115202854], [115.66451188800421, 40.33768979293646], [115.66451366414135, 40.337599724705356], [115.66427826196079, 40.33759700617059], [115.66428003840277, 40.337506937946614], [115.6640446365671, 40.33750421894155], [115.66404285981228, 40.33759428715694], [115.66310125153885, 40.33758340631321], [115.66310302954506, 40.337493338132255], [115.66298532870339, 40.33749197749234], [115.66298888500457, 40.33731184113466], [115.66287118448376, 40.337310480383614], [115.66287296277875, 40.33722041220687], [115.66275526242237, 40.337219051340405], [115.66275704086577, 40.3371289831665], [115.66252164048993, 40.337126261083014], [115.6625251979783, 40.336946124748025], [115.66240749811526, 40.33694476353531], [115.66240927700383, 40.336854695369915], [115.66229157730524, 40.336853334041784], [115.66229513537112, 40.3366731977152], [115.66217743599337, 40.33667183627597], [115.66218099434002, 40.336491699952106], [115.66206329528312, 40.336490338401774], [115.66207041250576, 40.33613006575362], [115.662188110937, 40.33613142728672], [115.66219166918732, 40.33595129094519], [115.66230936731377, 40.33595265234994], [115.66231114627048, 40.33586258417267], [115.66219344830046, 40.33586122277221], [115.66219522740558, 40.33577115459777], [115.6623129252192, 40.33577251599391], [115.66231470415987, 40.335682447813696], [115.66207930885345, 40.335679724910314], [115.66208108809892, 40.335589656737234], [115.66184569313742, 40.3355869333636], [115.66184747268768, 40.33549686519766], [115.66137668348665, 40.335491417031015], [115.66137846365447, 40.33540134888087], [115.6612607665307, 40.335399986544225], [115.66126254684693, 40.33530991839691], [115.66114484988759, 40.335308555944856], [115.66115731297114, 40.33467807890262], [115.66127500883567, 40.334679441324475], [115.66128034956755, 40.33440923684278], [115.6611626541722, 40.33440787443385], [115.6611644345565, 40.334317806274655], [115.66104673932558, 40.334316443750325], [115.66105030038287, 40.33413630743615], [115.66093260547278, 40.334134944800745], [115.66093794746767, 40.33386474033136], [115.66070255860996, 40.33386201472727], [115.66070612052529, 40.33368187842425], [115.66058842642128, 40.33368051545127], [115.66059020752328, 40.33359044730187], [115.6604725135837, 40.33358908421349], [115.66047607607638, 40.33340894791889], [115.6603583824576, 40.33340758471943], [115.6603601638483, 40.33331751657425], [115.66024247039394, 40.333316153259396], [115.660244251933, 40.33322608511705], [115.65930270583858, 40.33321517432332], [115.65930092304843, 40.33330524243114], [115.65918322966644, 40.33330387803891], [115.65917966374924, 40.333484014241485], [115.6590619700625, 40.333482649720914], [115.65905483750603, 40.33384292209113], [115.65917253181836, 40.333844286628974], [115.65915648450336, 40.33465489941468], [115.65903878878348, 40.33465353483796], [115.65903522231223, 40.33483367098773], [115.6592706143856, 40.33483640003872], [115.65926883145072, 40.33492646812003], [115.65938652765587, 40.33492783247027], [115.65938474486933, 40.335017900554426], [115.65962013761657, 40.33502062890442], [115.65961657264499, 40.33520076508559], [115.65973426934349, 40.33520212908964], [115.65973248700205, 40.33529219718235], [115.65961479014715, 40.33529083317398], [115.65961300764124, 40.33538090126088], [115.65949531063801, 40.33537953712847], [115.65949352796765, 40.33546960520958], [115.65937583081605, 40.33546824095315], [115.65937226513843, 40.33564837710234], [115.65925456768205, 40.33564701271754], [115.65925100165946, 40.33582714885219], [115.6591333038983, 40.33582578433904], [115.65913152071853, 40.33591585239984], [115.65901382280899, 40.335914487762636], [115.65901203946477, 40.336004555817645], [115.65889434140688, 40.33600319105643], [115.6588925578982, 40.336093259105645], [115.65877485969195, 40.336091894220374], [115.65877664335703, 40.336001826175476], [115.65865894531522, 40.336000461174805], [115.6586553776642, 40.33618059725449], [115.6588907743815, 40.33618332715338], [115.65888720732393, 40.336363463244446], [115.65900490600745, 40.33636482802295], [115.65899955583001, 40.336635032161475], [115.65911725499085, 40.33663639683322], [115.65911368847847, 40.33681653292683], [115.65899598900482, 40.33681516824645], [115.65899420558016, 40.33690523628674], [115.65887650595815, 40.33690387148232], [115.658874722369, 40.3369939395168], [115.65875702259864, 40.336992574588336], [115.65875523884505, 40.33708264261703], [115.65863753892627, 40.337081277564515], [115.658632187148, 40.33735148162881], [115.65851448676803, 40.3373501164436], [115.65851270266941, 40.33744018445777], [115.65827730162077, 40.33743745371955], [115.6582790860322, 40.337347385714025], [115.65839678639608, 40.33734875113868], [115.65840213911288, 40.33707854710031], [115.65828443921825, 40.33707718168863], [115.6582862235975, 40.33698711367722], [115.65781542472516, 40.33698165085051], [115.65781720972204, 40.33689158285491], [115.65758181064699, 40.336888850731874], [115.6575800253373, 40.33697891871882], [115.65746232565544, 40.336977552473385], [115.65746411112156, 40.33688748449076], [115.65734641160418, 40.33688611812993], [115.65734819721867, 40.336796050150156], [115.65723049786573, 40.33679468367393], [115.65723228362859, 40.336704615697016], [115.65711458444015, 40.3367032491054], [115.65711101259356, 40.3368833850491], [115.65687561361517, 40.33688065148938], [115.65687382736698, 40.33697071945038], [115.65675612773344, 40.336969352486605], [115.65675255490004, 40.337149488395504], [115.65663485496175, 40.33714812130336], [115.65663306837654, 40.33723818925128], [115.65651536828987, 40.33723682203509], [115.65651358154018, 40.337326889977206], [115.65639588130516, 40.33732552263695], [115.656394094391, 40.337415590573265], [115.65651179478245, 40.33741695791786], [115.65650643446085, 40.33768716173096], [115.65685953709132, 40.3376912630853], [115.65685775077058, 40.33778133103305], [115.65721085394284, 40.33778543132282], [115.65720906808332, 40.33787549928208], [115.65815067814842, 40.33788642815477], [115.65815246275653, 40.33779636016093], [115.6585055661945, 40.337800456499714], [115.65850378205566, 40.33789052450652], [115.65862148337419, 40.33789188971766], [115.65862326735659, 40.33780182170652], [115.65874096852673, 40.33780318679361], [115.65874275234468, 40.33771311877669], [115.65886045336644, 40.33771448373972], [115.6588622370199, 40.337624415717], [115.6589799378933, 40.337625780556], [115.65898172138232, 40.3375357125275], [115.65909942210732, 40.33753707724244], [115.65909585543409, 40.3377172133066], [115.65921355647997, 40.337718577910465], [115.65920820687909, 40.337988782008644], [115.65932590840228, 40.337990146505724], [115.65932412534231, 40.33808021453983], [115.65955952872571, 40.33808294318345], [115.65955774597056, 40.3381730112247], [115.65967544783075, 40.338174375371246], [115.65967366522399, 40.33826444341535], [115.65979136724862, 40.33826580744647], [115.65978958479026, 40.338355875493434], [115.66002498917652, 40.33835860320513], [115.66002320702296, 40.338448671259236], [115.66025861175426, 40.33845139850064], [115.66025682990552, 40.33854146656192], [115.66049223498182, 40.33854419333303], [115.66049401651769, 40.33845412526313], [115.66061171891147, 40.338455488464774], [115.66061350028289, 40.33836542038909], [115.66084890478167, 40.338368146424564], [115.66084712372312, 40.338458214508876], [115.66096482614098, 40.33845957735134], [115.66096304523082, 40.3385496454385], [115.66119845040352, 40.33855237077284], [115.6611966697982, 40.338642438867154], [115.66143207531589, 40.3386451637312], [115.66143029501539, 40.33873523183267], [115.66131259209611, 40.33873386945621], [115.66131081163114, 40.33882393755191], [115.65989837534903, 40.338807579643415], [115.65990015769118, 40.33871751159951], [115.65954704927078, 40.338713419441376], [115.65954883207418, 40.338623351408934], [115.65919572419546, 40.338619258186185], [115.6591975074601, 40.33852919016524], [115.65884440012306, 40.33852509587787], [115.65884618384896, 40.338435027868414], [115.65872848157579, 40.33843366287081], [115.65873026545006, 40.3383435948642], [115.65849486124073, 40.33834086451846], [115.65849664541982, 40.33825079651901], [115.65837894348364, 40.33824943117086], [115.65838072781109, 40.33815936317428], [115.65814532427576, 40.33815663212744], [115.65814353963547, 40.33824670011539], [115.6561426082265, 40.338223466807634], [115.65614439552604, 40.33813339889323], [115.65590899229684, 40.33813066329672], [115.65591077990119, 40.338040595389494], [115.6555576755871, 40.33803649110976], [115.65555946365266, 40.33794642321404], [115.6554417623872, 40.33794505488567], [115.65544355060112, 40.33785498699283], [115.65532584950014, 40.33785361854906], [115.65532763786241, 40.337763550659076], [115.6550922359975, 40.33776081342103], [115.65509581332353, 40.33758067765395], [115.65497811271601, 40.337579308864015], [115.65497990152333, 40.337489240982606], [115.65509760197443, 40.33749060976822], [115.65510296787878, 40.33722040610215], [115.65522066786869, 40.33722177475506], [115.65522245633092, 40.337131706859076], [115.65510475649741, 40.33713033821052], [115.65510654510798, 40.337040270317424], [115.65498884543901, 40.33703890155346], [115.65499063419792, 40.33694883366322], [115.65475523519696, 40.33694609578481], [115.65475702426065, 40.336856027901746], [115.65440392628896, 40.336851920199216], [115.65440571581382, 40.33676185232768], [115.65417031751923, 40.33675911326938], [115.65417210734886, 40.33666904540506], [115.65381901043675, 40.33666493593269], [115.65382080072754, 40.3365748680799], [115.65358540313933, 40.33657212784173], [115.65358719373485, 40.336482059996136], [115.65299870068777, 40.33647520732727], [115.65300049205729, 40.3363851395019], [115.65252969839071, 40.33637965522918], [115.65253149037778, 40.3362895874197], [115.65241379213774, 40.33628821605656], [115.65241558427316, 40.33619814824993], [115.65182709397628, 40.33619128966016], [115.65182530105884, 40.33628135744507], [115.6513545083413, 40.336275868400925], [115.65135271479011, 40.33636593616699], [115.65123501647454, 40.33636456360232], [115.6512314290351, 40.33654469912133], [115.65111373041479, 40.33654332642824], [115.65111014263013, 40.33672346193267], [115.65087474478815, 40.33672071616995], [115.65087295057087, 40.33681078391127], [115.65075525150561, 40.33680941084598], [115.65075345712383, 40.33689947858148], [115.65063575791022, 40.336898105392116], [115.65063396336393, 40.336988173121796], [115.65051626400204, 40.33698679980837], [115.65050908511023, 40.33734707069497], [115.65039138513075, 40.33734569724442], [115.65038959023113, 40.33743576495806], [115.65015418998362, 40.3374330176891], [115.65015598519606, 40.337342949984176], [115.65003828524088, 40.33734157617446], [115.65005444319621, 40.336530966803004], [115.65017214174368, 40.33653234057358], [115.65017752711381, 40.33626213741019], [115.65029522520013, 40.336263511048], [115.65029881509356, 40.33608337558968], [115.65041651287518, 40.33608474909907], [115.65042010242341, 40.33590461362618], [115.6505377999003, 40.33590598700715], [115.65054138910337, 40.33572585151966], [115.6507767834558, 40.33572859790509], [115.65077857773237, 40.33563853015044], [115.65089627476432, 40.33563990315923], [115.65089806887639, 40.33554983539876], [115.65101576576004, 40.33555120828349], [115.65101755970761, 40.33546114051721], [115.65125295318636, 40.33546388591883], [115.65125474681305, 40.33537381814237], [115.65149014001135, 40.335376563056435], [115.65149193331713, 40.33528649526982], [115.65160962977203, 40.33528786754294], [115.6516114229133, 40.33519779975051], [115.65172911921988, 40.335199171899575], [115.6517309121967, 40.33510910410132], [115.65184860835494, 40.33511047612632], [115.65185040116728, 40.335020408322265], [115.65196809717719, 40.3350217802232], [115.65197168246479, 40.33484164460197], [115.65220707388332, 40.334844388027335], [115.6522088662022, 40.334754320205846], [115.6523265617672, 40.334755691734614], [115.65232835392156, 40.3346656239073], [115.65244604933825, 40.33466699531202], [115.65244784132817, 40.33457692747888], [115.65256553659654, 40.33457829875955], [115.65256732842197, 40.3344882309206], [115.65244963330998, 40.33448685964428], [115.65245142528373, 40.33439679180819], [115.65233373033624, 40.33439542041649], [115.65233731457226, 40.3342152847486], [115.65221961994565, 40.33421391324587], [115.65222678894627, 40.33385364190976], [115.6521090949533, 40.33385227030469], [115.65211088733965, 40.333762202471334], [115.6522285811762, 40.33376357407206], [115.65223754220467, 40.33331323486141], [115.6523552352674, 40.33331460632073], [115.65236061131833, 40.33304440276365], [115.65247830391998, 40.33304577409022], [115.6524800957644, 40.332955706230585], [115.65259778821773, 40.33295707743312], [115.6525995798977, 40.332867009567664], [115.65248188760074, 40.33286563836947], [115.652483679429, 40.33277557050687], [115.65283675587497, 40.33277968372933], [115.652838547226, 40.332689615852246], [115.65295623923444, 40.33269098668264], [115.65295803042102, 40.33260091879975], [115.65284033856894, 40.332599547973686], [115.65284212990383, 40.332509480093655], [115.6529598215995, 40.33251085091538], [115.65296340393225, 40.33233071514222], [115.65284571254935, 40.33232934432917], [115.65285287774338, 40.33196907278253], [115.65273518699408, 40.33196770186713], [115.65273876985536, 40.33178756609365], [115.6526210794269, 40.33178619506724], [115.65262466256863, 40.33160605929654], [115.65238928236138, 40.33160331690197], [115.65239107423287, 40.331513249023104], [115.65250876417608, 40.331514620275904], [115.65251055588311, 40.33142455239121], [115.65239286609629, 40.331423181142746], [115.65239644979884, 40.33124304537763], [115.65251413927295, 40.3312444166174], [115.65251593095574, 40.331154348728305], [115.65239824163801, 40.33115297749287], [115.65240003346908, 40.33106290960663], [115.65228234431584, 40.33106153825584], [115.6522841362952, 40.330971470372475], [115.65216644730639, 40.33097009890632], [115.65216465517064, 40.33106016678535], [115.65192927690451, 40.331057423485284], [115.65192748444797, 40.331147491354145], [115.65180979517066, 40.331146119520234], [115.65181158778357, 40.3310560516557], [115.65157620956596, 40.33105330763744], [115.65157800248355, 40.33096323978012], [115.65146031354323, 40.33096186759579], [115.65146389966688, 40.33078173188543], [115.6513462110474, 40.33078035959009], [115.65134800425344, 40.33069029173702], [115.6512303157984, 40.33068891932633], [115.65123210915273, 40.33059885147616], [115.65111442086214, 40.33059747895012], [115.65111621436478, 40.3305074111028], [115.65099852623864, 40.33050603846141], [115.65100031988952, 40.33041597061697], [115.65088263192786, 40.330414597860226], [115.65088083812061, 40.3305046657003], [115.65076315001068, 40.33050329281952], [115.65076494397428, 40.33041322498379], [115.65064725602879, 40.33041185198764], [115.65064905014069, 40.330321784154776], [115.65053136235964, 40.330320411043296], [115.6505331566198, 40.33023034321329], [115.64970934347375, 40.330220728111875], [115.64970754811905, 40.33031079591146], [115.64935448499453, 40.330306673345255], [115.64935268916265, 40.330396741130286], [115.64923500131432, 40.330395366697815], [115.64923140931354, 40.33057550225479], [115.64911372116059, 40.33057412769391], [115.64911192499169, 40.33066419546582], [115.64899423669044, 40.33066282078091], [115.64899244035708, 40.33075288854701], [115.64863937503291, 40.33074876376103], [115.6486411718354, 40.33065869600799], [115.64840579530588, 40.33065594556089], [115.64840759241295, 40.33056587781509], [115.64828990431671, 40.33056450241635], [115.64829170157206, 40.33047443467343], [115.64793863780108, 40.3304703077721], [115.64794043551743, 40.330380240040775], [115.64770506002337, 40.33037748818347], [115.64770685804432, 40.33028742045938], [115.6475891704658, 40.33028604435553], [115.64759995935937, 40.32974563800614], [115.6477176459997, 40.32974701408383], [115.64771944396391, 40.32965694634942], [115.64783713045597, 40.329658322303075], [115.64783892825571, 40.32956825456284], [115.64795661459956, 40.32956963039245], [115.64796919787607, 40.32893915613903], [115.64855762424452, 40.328946033339335], [115.64855582743967, 40.329036101116], [115.648673512894, 40.329037476201364], [115.64867171623742, 40.32912754398092], [115.64878940185625, 40.32912891895093], [115.64878760534789, 40.32921898673335], [115.64902297692254, 40.32922173632303], [115.64902118071879, 40.329311804112685], [115.64913886667462, 40.32931317873233], [115.64914066272202, 40.329223110938315], [115.64925834852959, 40.32922448543392], [115.64926014441251, 40.32913441763409], [115.64937783007183, 40.32913579200565], [115.64937962579032, 40.329045724199986], [115.6494973113014, 40.32904709844752], [115.6495080845041, 40.32850669155648], [115.64939039993112, 40.32850531733505], [115.64939219559291, 40.328415249519075], [115.64998061775698, 40.3284221194076], [115.64998241262892, 40.3283320515684], [115.6497470440517, 40.32832930398075], [115.64974883922827, 40.32823923614876], [115.64927810279637, 40.32823373955463], [115.64927989859021, 40.32814367173858], [115.64916221465882, 40.32814229729519], [115.6491658065349, 40.32796216166737], [115.6490481229243, 40.327960787112985], [115.64904991900653, 40.327870719301224], [115.64893223556038, 40.327869344631516], [115.64893403179086, 40.327779276822625], [115.64869866523556, 40.32777652713285], [115.64870046177059, 40.32768645933119], [115.64811204630587, 40.327679583034055], [115.64811024898913, 40.327769650813956], [115.64787488254728, 40.32776689944861], [115.64787308490973, 40.32785696721831], [115.64693161821603, 40.32784595693477], [115.64693341710432, 40.32775588919992], [115.64681573396045, 40.32775451238025], [115.64681753299696, 40.32766444464828], [115.64646448408308, 40.327660313484266], [115.64646628358052, 40.327570245763894], [115.64658396638735, 40.327571622933895], [115.64658576572032, 40.3274815552077], [115.64670344837894, 40.32748293225365], [115.64670704670786, 40.3273027967881], [115.6465893643619, 40.32730141975087], [115.64658756504518, 40.32739148748003], [115.64646988255102, 40.32739011031875], [115.64647708039462, 40.32702983941075], [115.64635939853395, 40.32702846214724], [115.64636119813089, 40.326938394420914], [115.64624351643464, 40.32693701704208], [115.64624711591686, 40.32675688159373], [115.64612943454142, 40.32675550410393], [115.64613123442668, 40.3266654363819], [115.64601355321568, 40.3266640587768], [115.64601535324914, 40.326573991057664], [115.64613303430382, 40.326575368658425], [115.64614023373124, 40.32621509774969], [115.64602255330189, 40.32621372016638], [115.64602435329478, 40.32612365243988], [115.64590667302987, 40.32612227474126], [115.64590847317098, 40.32603220701763], [115.64579079307052, 40.326030829203695], [115.64579259335984, 40.32594076148296], [115.64555723349594, 40.32593800550478], [115.6455590340898, 40.32584793779131], [115.64544135432635, 40.32584655962707], [115.6454431550684, 40.32575649191648], [115.6453254754694, 40.32575511363692], [115.64532727635965, 40.325665045929235], [115.64497423808041, 40.32566091038561], [115.64497603943151, 40.325570842689515], [115.64474068093195, 40.325568085070806], [115.64474248258755, 40.325478017381975], [115.64438944536812, 40.32547388006944], [115.6443912474846, 40.32538381239224], [115.64392053193109, 40.32537829431757], [115.64392233466472, 40.32528822665636], [115.64415769211257, 40.3252909859243], [115.64416490171523, 40.32493071522978], [115.64404722361252, 40.32492933567312], [115.64404902614919, 40.32483926800018], [115.6438136702808, 40.324836508536556], [115.64381547312196, 40.32474644087087], [115.64393315089578, 40.32474782065814], [115.6439349535725, 40.32465775298661], [115.6440526311981, 40.324659132649856], [115.6440544337104, 40.32456906497249], [115.6441721111878, 40.324570444511686], [115.64417391353565, 40.324480376828475], [115.64429159086488, 40.32448175624365], [115.64429339304827, 40.3243916885546], [115.64441107022934, 40.32439306784573], [115.64441287224827, 40.324303000150834], [115.64453054928114, 40.32430437931794], [115.64453955847236, 40.32385404079957], [115.64442188222104, 40.32385266165429], [115.64442368419122, 40.32376259395057], [115.64407065595498, 40.32375845580987], [115.64407245838596, 40.32366838811775], [115.64383710658173, 40.32366562876769], [115.6438389093172, 40.323575561082855], [115.64325053073047, 40.3235686606354], [115.64325233423935, 40.32347859297093], [115.64289930765383, 40.32347445127959], [115.64289750367601, 40.32356451893094], [115.64266215234707, 40.32356175719631], [115.64266034804852, 40.323651824837455], [115.64254267223995, 40.32365044378629], [115.64254447669481, 40.32356037614951], [115.64242680105069, 40.32355899498303], [115.64242319182021, 40.32373913024636], [115.64218783993114, 40.32373636753694], [115.64218423004287, 40.323916502776875], [115.64206655379793, 40.32391512123391], [115.64206474868527, 40.32400518884731], [115.64194707229217, 40.324003807180304], [115.64193624050739, 40.324544212803445], [115.64181856318453, 40.324542830990524], [115.64181495221185, 40.324722966177696], [115.64169727458452, 40.32472158423637], [115.64169546892963, 40.324811651823374], [115.6415777911541, 40.32481026975801], [115.64157237367165, 40.325080472497035], [115.64145469543534, 40.32507909029888], [115.64144385931259, 40.3256194957109], [115.64132618014648, 40.325618113366815], [115.64132256772773, 40.32579824848361], [115.64120488825714, 40.325796866011075], [115.64120127549316, 40.32597700111323], [115.64108359571803, 40.32597561851229], [115.64107817604202, 40.32624582114133], [115.64096049580604, 40.32624443840758], [115.64095507558771, 40.32651464101022], [115.64107275629264, 40.32651602375711], [115.64106914308566, 40.32669615882692], [115.64095146206803, 40.32669477607128], [115.6409478485158, 40.326874911126446], [115.64083016719367, 40.32687352824237], [115.64082836024902, 40.326963595763374], [115.6407106787787, 40.32696221275525], [115.64070887166955, 40.32705228027039], [115.64059119005104, 40.32705089713821], [115.6405893827774, 40.32714096464749], [115.64047170101072, 40.32713958139124], [115.6404698935726, 40.32722964889467], [115.64035221165774, 40.32722826551438], [115.64035040405511, 40.32731833301195], [115.64023272199208, 40.327316949507605], [115.64023091422497, 40.32740701699934], [115.63999554981066, 40.32740424962282], [115.63999374172273, 40.32749431710431], [115.63869923630769, 40.327479087928076], [115.63870104611533, 40.3273890204948], [115.63858336401016, 40.32738763531053], [115.63858517396599, 40.327297567880144], [115.63846749202534, 40.32729618258058], [115.63846930212935, 40.32720611515311], [115.63835162035318, 40.32720472973825], [115.63835343060536, 40.3271146623137], [115.63800038579485, 40.32711050536422], [115.63799857507368, 40.32720057277561], [115.63729248473523, 40.32719225561899], [115.63729067306787, 40.32728232300258], [115.63681994571364, 40.327276775820344], [115.63681813341276, 40.32736684318492], [115.6367004514383, 40.32736545608577], [115.6367022638955, 40.327275388725596], [115.6361138549275, 40.32726845145662], [115.6361156681582, 40.32717838411693], [115.63599798654548, 40.32717699630849], [115.63600342665752, 40.326906794293755], [115.63588574552196, 40.32690540637881], [115.6358893725351, 40.32672527170375], [115.63565401091385, 40.3267224955324], [115.63565582472083, 40.32663242820144], [115.63553814407882, 40.32663103994066], [115.63553995803392, 40.32654097261261], [115.63542227755642, 40.32653958423654], [115.63542590575473, 40.326359449584814], [115.63530822559807, 40.32635806109787], [115.6353100398413, 40.32626799377419], [115.63519235984913, 40.326266605171945], [115.6351941742405, 40.32617653785121], [115.63507649441286, 40.32617514913369], [115.63507830895234, 40.326085081815854], [115.63496062928921, 40.326083692983055], [115.63496244397687, 40.32599362566814], [115.63484476447823, 40.325992236720076], [115.63484657931403, 40.32590216940808], [115.6341405034321, 40.32589383323288], [115.63414231919764, 40.32580376594581], [115.6339069609485, 40.325800986272164], [115.6339087770185, 40.32571091899241], [115.63379109806255, 40.32570952898047], [115.63379291428069, 40.325619461703646], [115.63367523548922, 40.32561807157644], [115.63368613356394, 40.32507766791091], [115.63380381141747, 40.32507905801172], [115.63380744373086, 40.32489892343593], [115.63392512127994, 40.32490031340827], [115.63392693726806, 40.32481024611377], [115.63416229207817, 40.324813025690645], [115.63416410774548, 40.32472295838588], [115.63451713955313, 40.32472712684046], [115.63451895474327, 40.32463705952101], [115.63463663187255, 40.324638448762144], [115.6346384468982, 40.32454838143682], [115.63499147786621, 40.32455254842901], [115.63499329241473, 40.324462481089036], [115.63511096926413, 40.324463869842695], [115.63509826834682, 40.32509434122236], [115.63498059040325, 40.32509295243793], [115.63496425865634, 40.325903558351754], [115.63508193800682, 40.32590494717576], [115.6350837525218, 40.325814879853496], [115.63520143172413, 40.325816268553424], [115.63519961736549, 40.325906335880084], [115.63543497610739, 40.32590911292972], [115.63543316205322, 40.32599918026369], [115.63555084159277, 40.326000568613395], [115.63554902768675, 40.32609063595028], [115.6356667073908, 40.32609202418471], [115.63566489363293, 40.32618209152452], [115.63601793326315, 40.32618625552293], [115.63601974655205, 40.32609618816993], [115.63625510603377, 40.3260989635617], [115.63625691900182, 40.32600889619846], [115.6364922782036, 40.326011671102755], [115.63649952874353, 40.32565140159988], [115.63661720773138, 40.325652788854946], [115.63662083263965, 40.32547265408587], [115.63673851132303, 40.32547404121249], [115.63674213588594, 40.32529390642875], [115.63685981426488, 40.32529529342692], [115.63687068681956, 40.324754889013946], [115.63698836426876, 40.32475627586609], [115.63699379996683, 40.32448607362653], [115.63711147695525, 40.32448746034584], [115.63711328868195, 40.32439739292531], [115.6372309655222, 40.32439877952057], [115.63723458863848, 40.32421864466633], [115.63735226517429, 40.324220031133144], [115.63735588794525, 40.3240398962642], [115.6374735641766, 40.32404128260257], [115.6374753753935, 40.32395121516153], [115.63759305147676, 40.32395260137584], [115.63759486252918, 40.3238625339289], [115.63771253846426, 40.323863920019164], [115.63771434935222, 40.32377385256638], [115.63783202513916, 40.32377523853258], [115.63783383586264, 40.323685171073954], [115.63795151150143, 40.323686556916094], [115.63795332206045, 40.32359648945159], [115.63807099755111, 40.32359787516969], [115.63807461833201, 40.32341774022748], [115.63819229351823, 40.323419125817146], [115.63819410374015, 40.32332905833944], [115.6383117787782, 40.32333044380507], [115.6383153988849, 40.32315030883645], [115.63843307361854, 40.32315169417364], [115.63843488350334, 40.323061626682744], [115.6385525580888, 40.32306301189588], [115.63855436780915, 40.32297294439912], [115.6386720422465, 40.32297432948822], [115.63867566135008, 40.32279419448152], [115.63879333548299, 40.32279557944217], [115.63880419166009, 40.32225517436036], [115.638686518465, 40.322253789426], [115.63869013743799, 40.32207365439571], [115.63810177314784, 40.32206672797288], [115.63809996288394, 40.322156795466846], [115.63798228989411, 40.322155409818905], [115.63797323767065, 40.32260574724467], [115.63785556390748, 40.32260436145516], [115.63785194264835, 40.32278449640636], [115.63773426858074, 40.32278311048842], [115.63773245778263, 40.32287317795742], [115.6376147835669, 40.322871791915425], [115.63761297260432, 40.32296185937856], [115.63737762388477, 40.32295908692681], [115.6373758126014, 40.323049154379696], [115.63702278911445, 40.32304499479144], [115.637020977354, 40.32313506222969], [115.63678562809098, 40.32313228856376], [115.63678200392036, 40.32331242341828], [115.63666432898849, 40.32331103639705], [115.63665889220235, 40.32358123865459], [115.63654121680973, 40.32357985150052], [115.63653759193217, 40.32375998632272], [115.6364199162351, 40.32375859904021], [115.63641629101221, 40.32393873384774], [115.6362986150107, 40.32393734643676], [115.63629680223072, 40.324027413833925], [115.63617912608107, 40.324026026298895], [115.6361755001839, 40.32420616108003], [115.63594014728392, 40.324203385633396], [115.63593833401043, 40.324293453012956], [115.63558530425286, 40.32428928893234], [115.63558349050228, 40.32437935629725], [115.63534813705884, 40.32437657963638], [115.63534995112207, 40.32428651228027], [115.63523227456892, 40.32428512377472], [115.63523771717841, 40.32401492171072], [115.63535539326263, 40.32401631020307], [115.63535902131542, 40.32383617547757], [115.63547669709519, 40.323837563841465], [115.63547851095299, 40.3237474964721], [115.63559618658462, 40.32374888471195], [115.63559981396311, 40.32356874996002], [115.63571748929031, 40.32357013807141], [115.63572111632345, 40.32339000330479], [115.63583879134625, 40.32339139128772], [115.6358442313657, 40.32312118911356], [115.63572655681185, 40.32311980114381], [115.63572837029162, 40.32302973375387], [115.63549302152103, 40.32302695746415], [115.63549120772866, 40.32311702484532], [115.63537353319934, 40.32311563651657], [115.63537171924247, 40.323205703891865], [115.63525404456503, 40.32320431543907], [115.6352522304437, 40.323294382808484], [115.63513455561812, 40.32329299423163], [115.63513092703829, 40.32347312895725], [115.63501325190829, 40.32347174025193], [115.6350114374498, 40.32356180760813], [115.63489376217169, 40.323560418778776], [115.6348919475487, 40.323650486129104], [115.63465659670439, 40.32364770810258], [115.63465478176062, 40.323737775442645], [115.63453710619446, 40.323736386245486], [115.63453529108617, 40.32382645357967], [115.63429993966578, 40.323823674817575], [115.6342981242367, 40.32391374214149], [115.63406277253641, 40.32391096289195], [115.63406095678653, 40.32400103020559], [115.6338256048064, 40.323998250468584], [115.63382378873571, 40.324088317771945], [115.63335308424853, 40.32408275684435], [115.6333512675444, 40.32417282412864], [115.63323359128677, 40.324171433593186], [115.63323177441814, 40.32426150087159], [115.63299642161483, 40.32425871943286], [115.6329946044254, 40.32434878670099], [115.63275925134226, 40.32434600477479], [115.632757433832, 40.32443607203264], [115.63263975714642, 40.32443468088564], [115.63263612178868, 40.324614815388124], [115.63251844479865, 40.32461342411265], [115.63251662695117, 40.32470349135727], [115.63228127268312, 40.324700708438485], [115.63227945451482, 40.324790775672824], [115.6319264227053, 40.32478660038394], [115.63192460405983, 40.324876667603576], [115.6318069266501, 40.324875275596874], [115.63180874545188, 40.32478520838163], [115.63145571374078, 40.324781031656734], [115.6314575330033, 40.324690964453225], [115.6312221788829, 40.32468817938044], [115.63122399844984, 40.324598112184276], [115.63110632155825, 40.32459671947278], [115.63111178067878, 40.324326517888686], [115.63099410426433, 40.324325125070764], [115.6309995637799, 40.324054923486614], [115.6311172397254, 40.324056316291326], [115.63112269869819, 40.32378611468068], [115.63124037418297, 40.32378750735249], [115.63124219366784, 40.32369744014159], [115.63147754434944, 40.32370022511742], [115.63147936351349, 40.323610157896226], [115.63242076531749, 40.32362129297772], [115.63241894740389, 40.323711360234164], [115.6327719736846, 40.32371553392849], [115.63277015623171, 40.32380560119667], [115.63288783183133, 40.32380699219319], [115.6328896491279, 40.323716924920596], [115.6331250000391, 40.323719706545845], [115.63312681701488, 40.323629639262975], [115.63336216764624, 40.32363242040076], [115.63336398430121, 40.32354235310761], [115.63359933465274, 40.32354513375794], [115.6336011509869, 40.323455066454514], [115.63371882601862, 40.323456456595785], [115.6337206421883, 40.323366389286484], [115.63383831707193, 40.32336777930368], [115.6338401330771, 40.323277711988524], [115.63407548255634, 40.32328049165514], [115.63407729824071, 40.323190424329695], [115.63419497283631, 40.323191813979115], [115.63419678835619, 40.323101746647794], [115.63431446280367, 40.323103136173145], [115.63431627815905, 40.32301306883597], [115.63443395245842, 40.32301445823725], [115.63443758283204, 40.32283432354966], [115.634555256827, 40.322835712822496], [115.63455707184524, 40.3227456454721], [115.63467474569205, 40.32274703462087], [115.63467656054581, 40.322656967264585], [115.63479423424452, 40.3226583562893], [115.6347960489338, 40.32256828892715], [115.63491372248438, 40.32256967782782], [115.63491553700918, 40.32247961045981], [115.63503321041166, 40.32248099923641], [115.63503502477198, 40.322390931862515], [115.63515269802636, 40.32239232051507], [115.63515451222219, 40.32230225313532], [115.63527218532845, 40.32230364166381], [115.6352739993598, 40.32221357427818], [115.63539167231794, 40.32221496268262], [115.6353934861848, 40.32212489529112], [115.63551115899483, 40.32212628357152], [115.63551297269723, 40.322036216174155], [115.63574831802924, 40.32203899236718], [115.63575013141087, 40.32194892495955], [115.63610314900137, 40.32195308833849], [115.63610496190594, 40.32186302091621], [115.63634030669456, 40.3218657958951], [115.63634936953183, 40.32141545871761], [115.63646704115695, 40.32141684600561], [115.63647247829235, 40.32114664366824], [115.63659014945677, 40.32114803082342], [115.63659377386027, 40.32096789591571], [115.6367114447203, 40.320969282942436], [115.63672412878107, 40.32033881068821], [115.63684179855528, 40.320340197564576], [115.636843610375, 40.32025013008939], [115.63672594075707, 40.32024874321743], [115.63674406006756, 40.319348068428475], [115.63662639202056, 40.31934668148076], [115.63663182812316, 40.31907647902851], [115.63651416055316, 40.31907509197432], [115.6365159727273, 40.31898502449166], [115.63639830532173, 40.31898363732222], [115.63640192995801, 40.31880350236129], [115.63628426287318, 40.318802115081006], [115.63628970023508, 40.31853191264171], [115.63617203362723, 40.31853052525495], [115.6361847216128, 40.317900052875764], [115.63606705610697, 40.3178986654001], [115.63607068148467, 40.317718530430135], [115.63595301629951, 40.317717142843605], [115.63595664195702, 40.31753700787653], [115.63583897709258, 40.31753562017915], [115.63584260302989, 40.317355485214975], [115.63572493848613, 40.31735409740674], [115.63572856470327, 40.31717396244544], [115.6356109004802, 40.31717257452636], [115.63561271373277, 40.31708250704789], [115.63549504967412, 40.31708111901357], [115.63549686307475, 40.31699105153802], [115.63537919918056, 40.31698966338846], [115.63538101272925, 40.316899595915835], [115.6351456852779, 40.316896819266596], [115.63514749913094, 40.31680675180129], [115.63467684495143, 40.31680119708476], [115.63467865942128, 40.31671112963555], [115.63338436282163, 40.31669584434362], [115.63338254663297, 40.31678591174444], [115.63291189294469, 40.31678034984982], [115.63291007612285, 40.31687041723156], [115.63255708547389, 40.316866244541224], [115.6325552681751, 40.316956311908264], [115.63220227713113, 40.316952138127995], [115.63220045935537, 40.31704220548038], [115.63184746791644, 40.31703803061017], [115.63184564966375, 40.31712809794786], [115.63137499390163, 40.31712252976173], [115.63137317501568, 40.31721259708029], [115.63090251875981, 40.317207026962365], [115.63090069924066, 40.31729709426184], [115.63066537084941, 40.317294308476235], [115.63066355100953, 40.3173843757654], [115.63054588666998, 40.317382982688734], [115.63054406666565, 40.317473049972016], [115.63030873769864, 40.31747026345096], [115.63030509704029, 40.317650397995465], [115.6301874322566, 40.31764900454666], [115.63018561175886, 40.31773907181229], [115.6300679468271, 40.317737678239425], [115.63006430549444, 40.31791781275744], [115.62994664025841, 40.31791641905611], [115.62994299858039, 40.318096553559414], [115.62982533304, 40.31809515972962], [115.62982351203243, 40.31818522697465], [115.62970584634401, 40.31818383302081], [115.62970220399167, 40.31836396749759], [115.62958453799894, 40.31836257341529], [115.6295827166542, 40.31845264064707], [115.62946505051342, 40.3184512464407], [115.62946140748673, 40.318631380890984], [115.62934374104164, 40.318629986556154], [115.6293419193597, 40.318720053774676], [115.62922425276656, 40.3187186593158], [115.62922607460474, 40.31862859210169], [115.6291084081761, 40.31862719752758], [115.62911023016234, 40.318537130316415], [115.62899256389817, 40.31853573562708], [115.62899803027638, 40.31826553399798], [115.6288803644892, 40.318264139202256], [115.6288821867551, 40.318174071994015], [115.628999852386, 40.31817546678534], [115.62900349658062, 40.31799533235562], [115.62912116190722, 40.31799672701846], [115.6291302714687, 40.317546390896275], [115.62901260692338, 40.3175449962555], [115.62901625100295, 40.31736486180512], [115.62878092256202, 40.31736207218233], [115.62878274490198, 40.317272004963755], [115.62842975277098, 40.31726781964553], [115.62843157557151, 40.31717775243874], [115.62796092013694, 40.3171721703572], [115.62795909671141, 40.31726223754633], [115.62760610475308, 40.31725804971575], [115.62760428085056, 40.31734811689014], [115.62736895260694, 40.31734532439607], [115.62736712838368, 40.317435391560146], [115.62724946411798, 40.317433995129235], [115.62724581533426, 40.317614129444124], [115.62701048620248, 40.3176113362057], [115.62700866148576, 40.31770140335209], [115.62689099677597, 40.317700006549], [115.62688917189476, 40.317790073689494], [115.62665384218732, 40.31778727971557], [115.62665201698536, 40.31787734684574], [115.62653435198773, 40.317875949674885], [115.62653252662129, 40.31796601679917], [115.62641486147562, 40.31796461950427], [115.62641121040554, 40.31814475373954], [115.62629354495559, 40.318143356316135], [115.62628441635493, 40.318593691856385], [115.6261667501319, 40.318592294291236], [115.6261649242308, 40.318682361390444], [115.62592959149693, 40.31867956589236], [115.62592776527505, 40.31876963298123], [115.6254570992811, 40.318764040531676], [115.62545527242594, 40.318854107601375], [115.62521993916585, 40.31885131064989], [115.62521628480572, 40.31903144476715], [115.62509861787551, 40.31903004610308], [115.62509496316989, 40.31921018020558], [115.62497729593537, 40.319208781413025], [115.62497546841394, 40.319298848457635], [115.62485780103138, 40.319297449541004], [115.62485597334542, 40.31938751657971], [115.62473830581487, 40.31938611753901], [115.6247364779644, 40.31947618457182], [115.6246188102858, 40.31947478540704], [115.62461698227082, 40.31956485243393], [115.62449931444421, 40.31956345314508], [115.6244974862647, 40.319653520166064], [115.62437981829005, 40.31965212075313], [115.62437798994603, 40.31974218776823], [115.62426032182337, 40.31974078823122], [115.62425849331483, 40.319830855240404], [115.62414082504412, 40.319829455579324], [115.62413899637106, 40.319919522582595], [115.62402132795232, 40.31991812279744], [115.62401949911475, 40.320008189794805], [115.62390183054798, 40.32000678988558], [115.62389817253553, 40.32018692386702], [115.62378050366446, 40.32018552382927], [115.62377318691547, 40.32054579175672], [115.62389085641162, 40.32054719181219], [115.62388902736004, 40.32063725879479], [115.62400669702075, 40.32063865873506], [115.62400303920536, 40.320818792704706], [115.62412070918687, 40.32082019253417], [115.62409693461436, 40.32199106325062], [115.62397926260114, 40.321989663363546], [115.62397377549449, 40.3222598642494], [115.62385610302063, 40.32225846422937], [115.62384512764685, 40.32279886593465], [115.62372745424348, 40.322797465768375], [115.62372379540696, 40.32297759964946], [115.62360612169924, 40.32297619935467], [115.6236042921123, 40.32306626628858], [115.62313359673875, 40.323060663895056], [115.62313725715474, 40.322880530061255], [115.62301958364459, 40.32287912917259], [115.62302873532164, 40.32242879458442], [115.62291106260119, 40.32242739359828], [115.62291289306815, 40.32233732668066], [115.62279522051227, 40.322335925579296], [115.62280071233243, 40.322065724830864], [115.62233002406698, 40.322060119282064], [115.62232636161148, 40.32224025308034], [115.62220868925318, 40.32223885138512], [115.62220502645204, 40.32241898516862], [115.62208735378942, 40.32241758334487], [115.62208185905689, 40.32268778399574], [115.6221995321884, 40.32268918583279], [115.62219770075066, 40.3227792527179], [115.62208002746286, 40.3227778508764], [115.62207086936877, 40.32322818525762], [115.62195319530775, 40.323226783274265], [115.6219495316997, 40.323406917007546], [115.62159650862836, 40.323402710312926], [115.62160933439426, 40.322772242313846], [115.62149166114779, 40.322770839874075], [115.6215008229427, 40.32232050556694], [115.62138315048594, 40.32231910302969], [115.6213886479326, 40.32204890244102], [115.621270975953, 40.32204749979744], [115.62127280857496, 40.32195743293604], [115.62103746495312, 40.3219546272988], [115.62104113079744, 40.32177449358933], [115.62092345931148, 40.32177309060012], [115.62092529237754, 40.32168302374761], [115.62104296370721, 40.32168442673238], [115.62105029526357, 40.32132415928983], [115.62093262455906, 40.32132275632281], [115.62093445758377, 40.321232689462924], [115.62081678704381, 40.32123128638071], [115.62081862021654, 40.32114121952378], [115.62046560911512, 40.32113700957252], [115.62046744274842, 40.321046942727435], [115.62023210236805, 40.3210441355039], [115.62023026842215, 40.32113420234009], [115.61940657625743, 40.32112437325758], [115.61941208135218, 40.32085417283794], [115.61952975116776, 40.3208555773382], [115.6195315860265, 40.32076551052425], [115.61964925569407, 40.32076691490042], [115.61965109038826, 40.32067684808055], [115.62000409897179, 40.32068106047781], [115.62000593318886, 40.320590993643144], [115.62024127197334, 40.320593801300845], [115.6202431058696, 40.32050373445579], [115.62059611363954, 40.32050794503166], [115.62059794705868, 40.32041787817181], [115.62048027795005, 40.32041647477062], [115.6204821115172, 40.32032640791374], [115.61977609797674, 40.32031798502062], [115.61977426347191, 40.320408051850826], [115.61965659442119, 40.320406647612096], [115.61965842908228, 40.32031658078632], [115.6194230913182, 40.320313771958794], [115.61942492628357, 40.32022370514044], [115.61930725757021, 40.32022230055166], [115.61931092778867, 40.320042166919414], [115.61919325939614, 40.32004076221988], [115.61919509464924, 40.31995069540599], [115.61931276288549, 40.319952100101084], [115.61931459797404, 40.31986203328126], [115.6194322660623, 40.31986343785227], [115.61943410098628, 40.319773371026535], [115.61955176892657, 40.319774775473434], [115.61955360368599, 40.31968470864177], [115.61967127147827, 40.3196861129646], [115.61967310607317, 40.31959604612702], [115.61979077371743, 40.31959745032574], [115.61979260814778, 40.31950738348225], [115.6196749406598, 40.31950597928797], [115.61968044437005, 40.319235778761936], [115.6197981113892, 40.31923718294288], [115.61979994578648, 40.31914711609348], [115.6202706133209, 40.31915273160306], [115.62026877954871, 40.31924279847024], [115.62038644660925, 40.31924420205297], [115.62038461298505, 40.31933426892313], [115.62073761468511, 40.31933847896678], [115.62073578152146, 40.319428545848794], [115.62097111634205, 40.31943135195523], [115.62097294919317, 40.319341285064354], [115.62109061645958, 40.319342687933656], [115.62109244914618, 40.31925262103687], [115.6212101162646, 40.319254023782094], [115.62121378130043, 40.31907388997518], [115.62180211545379, 40.31908090186229], [115.62180028372136, 40.319170968788676], [115.62191795073309, 40.31917237081161], [115.62191428755595, 40.31935250466883], [115.62203195488847, 40.319353906581], [115.62203012344378, 40.319443973511824], [115.62214779094084, 40.31944537530879], [115.62214412833924, 40.3196255091749], [115.62261479966021, 40.31963111520178], [115.62261663034006, 40.31954104825173], [115.62273429803467, 40.319542449454886], [115.62273612854999, 40.31945238249892], [115.62285379609659, 40.319453783578005], [115.62285562644739, 40.31936371661612], [115.62297329384599, 40.319365117571124], [115.62297512403227, 40.31927505060333], [115.62309279128282, 40.31927645143426], [115.62309645131808, 40.31909631748536], [115.62321411826437, 40.31909771818778], [115.62321594811333, 40.31900765120669], [115.6233336149116, 40.31900905178503], [115.62333727427226, 40.31882891780954], [115.62345494076625, 40.31883031825938], [115.62346042927656, 40.31856011727178], [115.62322509723442, 40.31855731627907], [115.6232269270339, 40.31846724928913], [115.6227562636737, 40.31846164588575], [115.62275443324918, 40.31855171285795], [115.62251910130608, 40.318548910429556], [115.62252276277191, 40.318368776501394], [115.62240509712527, 40.3183673751166], [115.62240692800208, 40.31827730815474], [115.62252459349243, 40.31827870953509], [115.6225264242047, 40.318188642567335], [115.62240875887059, 40.318187241191424], [115.62241058973086, 40.31809717422661], [115.62217525939994, 40.31809437112474], [115.622189908485, 40.31737383542412], [115.62230757239628, 40.317375236999396], [115.62231489611561, 40.31701496909593], [115.62219723282932, 40.31701356753841], [115.6222082190981, 40.316473165665556], [115.62209055675756, 40.31647176401503], [115.6220923879297, 40.31638169703549], [115.62197472575367, 40.31638029526977], [115.62197838838567, 40.31620016131515], [115.6218607265304, 40.31619875943867], [115.62186255799027, 40.31610869246358], [115.6217448962995, 40.31610729047191], [115.62174672790734, 40.316017223499784], [115.62162906638109, 40.31601582139292], [115.6216308981369, 40.315925754423745], [115.62127791407643, 40.3159215473987], [115.6212760818519, 40.31601161435455], [115.62104075887373, 40.31600880906416], [115.62103892632842, 40.316098876009654], [115.62080360307085, 40.316096070231865], [115.62080177020479, 40.316186137166994], [115.62068410843217, 40.31618473409421], [115.62068227540162, 40.316274801023425], [115.62056461348098, 40.31627339782656], [115.62056094708258, 40.31645353167168], [115.62044328485773, 40.316452128346306], [115.62044145148988, 40.316542195262215], [115.62032378911708, 40.31654079181278], [115.62032012204406, 40.316720925631266], [115.62020245936702, 40.3167195220533], [115.62020062566185, 40.31680958895589], [115.62008296283683, 40.31680818525384], [115.62007929508921, 40.31698831904572], [115.61996163195997, 40.31698691521516], [115.61995979791749, 40.31707698210444], [115.61984213464025, 40.31707557814979], [115.61984030043327, 40.31716564503314], [115.61972263700807, 40.317164240954426], [115.61972080263654, 40.31725430783186], [115.61960313906336, 40.31725290362906], [115.61960130452731, 40.317342970500576], [115.61936597709324, 40.31734016172718], [115.61936414223644, 40.31743022858834], [115.61912881452295, 40.317427419327515], [115.61912697934534, 40.317517486178296], [115.61877398736846, 40.31751327137647], [115.6187721517138, 40.31760333821241], [115.6185368234581, 40.31760052773745], [115.61853498748265, 40.31769059456303], [115.61818199469243, 40.317686377939964], [115.61818015823994, 40.31777644475073], [115.61759183630726, 40.31776941463064], [115.61758999906522, 40.31785948141768], [115.61735467003764, 40.31785666852327], [115.6173528324748, 40.317946735299934], [115.61711750316783, 40.31794392191808], [115.61711566528417, 40.31803398868434], [115.61688033569787, 40.31803117481504], [115.61687849749342, 40.31812124157092], [115.61664316762774, 40.31811842721416], [115.61664132910249, 40.31820849395966], [115.61628833389739, 40.318204271513856], [115.61628649489505, 40.31829433824451], [115.61593349929582, 40.31829011470861], [115.61593165981643, 40.31838018142442], [115.61557866382309, 40.318375956798384], [115.61557682386658, 40.31846602349935], [115.61498849659569, 40.3184589800409], [115.6149903373335, 40.31836891336224], [115.61451967629122, 40.31836327645983], [115.6145178349284, 40.31845334312064], [115.61416483876513, 40.318449114174236], [115.61416299692523, 40.318539180820196], [115.61404533139782, 40.31853777092766], [115.61404348939331, 40.31862783756766], [115.61392582371798, 40.31862642755102], [115.6139239815489, 40.31871649418509], [115.6138063157256, 40.31871508404435], [115.61380447339197, 40.31880515067249], [115.6136868074207, 40.31880374040763], [115.61368312241598, 40.31898387365054], [115.6135654561405, 40.31898246325712], [115.61356361346941, 40.319072529871896], [115.61344594704597, 40.31907111935436], [115.6134441042103, 40.3191611859632], [115.6133264376389, 40.319159775321566], [115.61332459463868, 40.31924984192446], [115.61320692791934, 40.31924843115872], [115.61320508475451, 40.31933849775567], [115.6130874178872, 40.31933708686582], [115.61308557455781, 40.31942715345682], [115.61296790754257, 40.319425742442874], [115.61296606404856, 40.319515809027926], [115.61273072973047, 40.319512986632155], [115.61272888591566, 40.319603053206805], [115.61261121861278, 40.31960164182499], [115.61260937463338, 40.31969170839369], [115.61225637230591, 40.319687473516964], [115.61225452784937, 40.31977754007078], [115.61201919269345, 40.31977471621247], [115.61202103746254, 40.31968464966758], [115.61155036787564, 40.319679000533114], [115.61154852248147, 40.31976906706011], [115.61143085494928, 40.31976765447291], [115.61141424462085, 40.32057825310925], [115.61129657569049, 40.32057684036216], [115.61129472990056, 40.32066690686545], [115.61117706082229, 40.320665493994234], [115.61117521486774, 40.32075556049158], [115.6109398764236, 40.32075273438128], [115.61093803014818, 40.320842800868185], [115.61058502207558, 40.32083856079195], [115.61058317532299, 40.32092862726396], [115.61034783633701, 40.32092579993927], [115.61034598926355, 40.32101586640088], [115.60940463240266, 40.321004552280364], [115.60940278407062, 40.32109461870466], [115.6091674446262, 40.321091788969085], [115.60916559597324, 40.321181855382946], [115.60904792610725, 40.32118044033121], [115.60904607728969, 40.32127050673912], [115.60892840727577, 40.32126909156325], [115.60892655829359, 40.32135915796522], [115.6088088881317, 40.32135774266521], [115.60880703898492, 40.3214478090612], [115.6086893686751, 40.32144639363707], [115.60868751936367, 40.32153646002712], [115.60856984890592, 40.321535044478864], [115.60856799942987, 40.32162511086293], [115.60845032882418, 40.321623695190546], [115.6084484791835, 40.32171376156867], [115.60821313768454, 40.321710929855946], [115.60821128772297, 40.32180099622364], [115.60809361682973, 40.32179958018332], [115.60809176670351, 40.321889646545046], [115.60797409566231, 40.32188823038061], [115.60797039507229, 40.32206836309065], [115.60773505238983, 40.32206553038486], [115.6077332017697, 40.322155596728706], [115.60738018733974, 40.32215134675918], [115.60738574058159, 40.32188114776359], [115.60750341158104, 40.3218825645263], [115.60750896427892, 40.321612365503945], [115.60762663481786, 40.321613782133554], [115.60763033626213, 40.32143364943563], [115.60774800649686, 40.32143506593662], [115.60774985705022, 40.32134499958096], [115.60786752713702, 40.32134641595781], [115.60786937752572, 40.32125634959618], [115.60798704746458, 40.32125776584891], [115.60799074790441, 40.321077633112274], [115.60810841753903, 40.321079049236374], [115.60811211763291, 40.32089891648486], [115.60822978696335, 40.320900332480356], [115.60823533657279, 40.32063013332856], [115.60835300544271, 40.320631549190956], [115.60835670482807, 40.32045141640675], [115.60776836212456, 40.32044433594314], [115.60776651165466, 40.320534402313555], [115.60611915100725, 40.32051456103971], [115.60611729834118, 40.32060462734585], [115.60588196092692, 40.32060179095484], [115.60588010793994, 40.32069185725053], [115.60564477024657, 40.32068902037195], [115.60564291693868, 40.320779086657176], [115.60540757896618, 40.32077624929102], [115.60540572533739, 40.3208663155658], [115.6052880562074, 40.32086489669875], [115.60528620241395, 40.320954962967576], [115.60516853313604, 40.32095354397641], [115.60516667917797, 40.32104361023923], [115.60504900975214, 40.321042191123915], [115.60504715562945, 40.321132257380775], [115.60492948605571, 40.321130838141315], [115.60492763176833, 40.32122090439222], [115.60480996204669, 40.321219485028614], [115.60480810759469, 40.32130955127355], [115.60469043772511, 40.3213081317858], [115.60468858310847, 40.32139819802475], [115.60445324308186, 40.32139535868134], [115.60445138814428, 40.32148542490983], [115.60433371798726, 40.32148400505416], [115.60433186288503, 40.32157407127668], [115.60339050067977, 40.32156270808788], [115.60339235703223, 40.32147264190133], [115.60303934681222, 40.321468378744804], [115.6030374899909, 40.321558444917855], [115.60280214957355, 40.32155560220625], [115.60280029243128, 40.321645668368824], [115.60268262207887, 40.321644246829045], [115.60267890745666, 40.321824379140764], [115.60256123680007, 40.321822957472335], [115.60255752183177, 40.32200308976915], [115.60243985087098, 40.32200166797207], [115.60243427788686, 40.32227186639269], [115.6023166064656, 40.322270444462454], [115.60230917507766, 40.3226307089846], [115.6021915030396, 40.32262928691671], [115.6021877869828, 40.3228094191599], [115.60207011464055, 40.322807996963355], [115.60206825644326, 40.32289806307824], [115.60195058395311, 40.32289664075753], [115.60194872559116, 40.32298670686643], [115.6018310529531, 40.32298528442157], [115.60182733589147, 40.32316541662592], [115.60170966294919, 40.3231639940524], [115.60170780424953, 40.32325406014787], [115.60159013115934, 40.323252637450175], [115.60158641342224, 40.32343276962765], [115.60146874002787, 40.3234313468013], [115.6014650219446, 40.32361147896386], [115.60134734824602, 40.323610056008846], [115.60134548903554, 40.32370012208341], [115.60122781518902, 40.323698699004225], [115.60122409643029, 40.3238788311399], [115.60098874813724, 40.32387598460454], [115.6009868884327, 40.32396605066114], [115.60086921414243, 40.32396462720946], [115.6008673542732, 40.3240546932601], [115.60074967983506, 40.32405326968426], [115.60074781980114, 40.3241433357289], [115.60051247063738, 40.324140488209224], [115.60051061028246, 40.32423055424337], [115.60039293555685, 40.32422913029954], [115.60039107503725, 40.32431919632771], [115.60003805044192, 40.3243149237647], [115.60003618944504, 40.32440498977786], [115.59980083944416, 40.32440214079521], [115.59979897812626, 40.32449220679786], [115.59956362784636, 40.32448935732755], [115.59956176620743, 40.32457942331972], [115.59944409092378, 40.32457799840056], [115.59944222912019, 40.32466806438673], [115.59920687826545, 40.32466521418039], [115.59920501614083, 40.324755280156076], [115.59896966500708, 40.324752429462066], [115.59896780256145, 40.32484249542724], [115.59873245114869, 40.32483964424555], [115.59873058838204, 40.32492971020022], [115.59849523669028, 40.32492685853085], [115.59849337360261, 40.32501692447502], [115.59837569761301, 40.325015498456324], [115.59837383436064, 40.32510556439452], [115.59825615822317, 40.32510413825164], [115.59825429480607, 40.32519420418382], [115.59801894224368, 40.32519135153006], [115.59801707850559, 40.325281417451734], [115.59754637285643, 40.32527571069015], [115.59754450848469, 40.325365776592285], [115.59601471402232, 40.32534721633545], [115.59601284761013, 40.32543728217737], [115.59577749442951, 40.32543442494922], [115.59577562769628, 40.32552449078061], [115.59506956741869, 40.32551591619706], [115.59507143508979, 40.32542585039282], [115.59413002310855, 40.32541441094969], [115.59413189202171, 40.325324345180185], [115.59401421571827, 40.32532291471583], [115.5940160847793, 40.32523284894937], [115.59389840864063, 40.32523141836988], [115.59390027784953, 40.325141352606465], [115.59378260187557, 40.325139921911834], [115.5937863405807, 40.324959790389634], [115.59366866492782, 40.32495835958441], [115.59367053442404, 40.32486829382561], [115.59355285893588, 40.32486686290525], [115.59355659821564, 40.32468673139229], [115.59343892304851, 40.324685300361324], [115.59344079283206, 40.32459523460716], [115.59332311782967, 40.32459380346107], [115.59332872759859, 40.32432360620327], [115.59321105307355, 40.324322174951114], [115.59323349326579, 40.32324138584124], [115.59311582062475, 40.3232399545238], [115.59312143095191, 40.32296975722664], [115.5932391031241, 40.32297118853051], [115.59324471290651, 40.322700991206474], [115.59312704120318, 40.322699559916195], [115.59312891127007, 40.32260949414309], [115.59242288216505, 40.32260090391591], [115.59242475316123, 40.32251083816852], [115.59230708182956, 40.32250940604973], [115.59230895297357, 40.32241934030539], [115.5921912818066, 40.3224179080715], [115.59219315309849, 40.3223278423302], [115.59207548209626, 40.32232640998119], [115.59208483921043, 40.32187608127524], [115.59220250943125, 40.32187751360159], [115.59220438067247, 40.321787447851435], [115.59243972082687, 40.32179031213612], [115.5924415917471, 40.321700246375414], [115.59338295145191, 40.3217116986919], [115.5933810817819, 40.32180176448886], [115.59420477306027, 40.32181177901592], [115.59420290447582, 40.32190184484308], [115.5944382452295, 40.32190470506874], [115.59443637694918, 40.321994770903494], [115.59455404749495, 40.32199620084137], [115.5945521793625, 40.32208626667917], [115.59478752079184, 40.322089126205015], [115.59478565296352, 40.322179192050385], [115.59502099473913, 40.32218205110669], [115.59502286225488, 40.322091985252264], [115.59514053299904, 40.32209341459641], [115.59513866563958, 40.32218348045536], [115.59525633654845, 40.322184909684374], [115.59525820375161, 40.322094843820906], [115.59549354528203, 40.322097701910955], [115.59549541216423, 40.32200763603695], [115.59561308278579, 40.32200906489796], [115.59561494950327, 40.32191899901796], [115.59573261997696, 40.32192042775482], [115.59573448652974, 40.32183036186881], [115.59585215685556, 40.32183179048149], [115.59585402324365, 40.32174172458948], [115.59597169342162, 40.32174315307799], [115.595973559645, 40.32165308717998], [115.59609122967511, 40.32165451554431], [115.59609309573379, 40.32156444964031], [115.59621076561604, 40.321565877880474], [115.59621263151001, 40.32147581197047], [115.59633030124438, 40.32147724008646], [115.59633216697368, 40.32138717417046], [115.5964498365602, 40.32138860216229], [115.5964517021248, 40.32129853624028], [115.5966870410105, 40.32130139185593], [115.59668890625412, 40.32121132592342], [115.59692424486092, 40.32121418105145], [115.59692610978358, 40.32112411510842], [115.5970437789433, 40.321125542488446], [115.59704564370129, 40.32103547653941], [115.59716331271316, 40.32103690379527], [115.59716704189134, 40.32085677188375], [115.59728471059908, 40.32085819901092], [115.5972865750193, 40.32076813304842], [115.59740424357913, 40.320769560051424], [115.59740610783466, 40.32067949408294], [115.59752377624665, 40.32068092096179], [115.59752564033751, 40.3205908549873], [115.59764330860162, 40.320592281741995], [115.59764703644554, 40.32041214977954], [115.59776470440553, 40.32041357640556], [115.59776656815859, 40.32032351041759], [115.59788423597074, 40.32032493691944], [115.59788609955912, 40.32023487092549], [115.59800376722337, 40.320236297303175], [115.59800563064711, 40.320146231303234], [115.59812329816351, 40.32014765755677], [115.59812516142256, 40.320057591550835], [115.59824282879109, 40.32005901768021], [115.59824841804904, 40.31978881963998], [115.59836608495716, 40.31979024563617], [115.59837167367067, 40.31952004756911], [115.5984893401184, 40.31952147343211], [115.59850237906205, 40.31889101119228], [115.59838471370816, 40.31888958536087], [115.598397753334, 40.31825912308019], [115.5985154175941, 40.31826054888001], [115.59852100541039, 40.31799035072402], [115.59863866921012, 40.31799177639065], [115.59864053164249, 40.31790171033119], [115.5987581952944, 40.317903135873685], [115.5987600575621, 40.31781306980823], [115.59887772106615, 40.31781449522658], [115.59887958316921, 40.317724429155135], [115.59899724652539, 40.31772585444934], [115.59899910846383, 40.317635788371895], [115.59911677167213, 40.317637213541964], [115.59911863344593, 40.31754714745853], [115.59935395957525, 40.31754999743073], [115.59935582102814, 40.317459931336806], [115.59959114687855, 40.31746278082145], [115.59959300801054, 40.317372714717024], [115.59994599638037, 40.31737698803324], [115.59994413571714, 40.31746705415119], [115.60170908104242, 40.317488404649474], [115.60171093936195, 40.31739833846393], [115.60218159114226, 40.31740402736609], [115.6021834488284, 40.31731396116106], [115.60241877445634, 40.31731680488536], [115.6024206318216, 40.31722673866985], [115.60265595717055, 40.317229581906595], [115.60265781421494, 40.3171395156806], [115.60289313928489, 40.31714235842984], [115.60289499600842, 40.317052292193374], [115.60513058287397, 40.31707927435911], [115.60512872911914, 40.31716934068098], [115.60654068214872, 40.31718635985121], [115.60654253402856, 40.317096293475466], [115.6068955220052, 40.317100545562845], [115.60689737340793, 40.31701047917215], [115.60701503592728, 40.317011896290865], [115.60701873839525, 40.31683176349609], [115.60713640061044, 40.31683318048619], [115.60713825167565, 40.316743114082094], [115.60725591374292, 40.316744530948085], [115.60725961553584, 40.316564398126495], [115.60737727729897, 40.31656581486389], [115.60737912802666, 40.3164757484464], [115.60749678964191, 40.31647716505967], [115.60749864020501, 40.31638709863621], [115.60761630167235, 40.31638851512539], [115.60761815207086, 40.31629844869596], [115.60785347471811, 40.31630128130644], [115.60785532479578, 40.31621121486657], [115.6082083083605, 40.31621546287161], [115.60821015796111, 40.31612539641684], [115.60856314113218, 40.31612964333177], [115.60856499025573, 40.31603957686207], [115.60891797303313, 40.31604382268691], [115.60891982167962, 40.31595375620229], [115.60927280406334, 40.31595800093705], [115.60927465223277, 40.31586793443751], [115.60939231288778, 40.31586934910536], [115.60939416089263, 40.31577928259986], [115.60951182139974, 40.315780697143616], [115.60951366924002, 40.31569063063217], [115.60974898996673, 40.315693459351834], [115.60975083748625, 40.315603392829956], [115.60986849770583, 40.31560480700587], [115.60987034506077, 40.31551474047803], [115.6099880051325, 40.31551615452984], [115.60998985232283, 40.31542608799605], [115.61010751224666, 40.31542750192376], [115.61010935927244, 40.31533743538402], [115.61046233862511, 40.31534167643598], [115.61046418517387, 40.31525160988134], [115.61152312227546, 40.315264326537175], [115.61152127713284, 40.31535439313207], [115.61210957659507, 40.31536145377633], [115.61210773222528, 40.3154515203921], [115.61328433333587, 40.31546563275341], [115.61328617614329, 40.31537556609297], [115.61352149615267, 40.315378387120795], [115.6135233386393, 40.31528832044993], [115.61364099850023, 40.315289730779945], [115.61364284082231, 40.315199664103154], [115.61387816025662, 40.31520248439536], [115.61388000225793, 40.31511241770816], [115.6139976618313, 40.31511382767037], [115.61399950366808, 40.31502376097722], [115.61411716309352, 40.31502517081534], [115.61411900476575, 40.31493510411625], [115.61423666404328, 40.31493651383029], [115.61423850555097, 40.31484644712528], [115.61435616468059, 40.31484785671522], [115.61435800602374, 40.31475779000425], [115.61447566500539, 40.31475919947012], [115.614477506184, 40.31466913275322], [115.61459516501775, 40.314670542094994], [115.61459700603183, 40.31458047537216], [115.61483232341176, 40.31458329368791], [115.61483416410509, 40.31449322695468], [115.61506948120577, 40.31449604478302], [115.61507132157831, 40.31440597803939], [115.61542429682288, 40.31441020387136], [115.61542245691902, 40.314500270628365], [115.61565777410267, 40.31450308726049], [115.61565593450295, 40.314593154024934], [115.61589125203226, 40.314595970187476], [115.61588941273672, 40.31468603695935], [115.61612473061167, 40.31468885265232], [115.61612289162031, 40.31477891943164], [115.61624055072646, 40.31478032710314], [115.61623871188301, 40.31487039388544], [115.61647403043266, 40.314873208878495], [115.61647219189338, 40.31496327566822], [115.61706048919372, 40.31497031107968], [115.61706232695182, 40.31488024426769], [115.61717998628052, 40.31488165098665], [115.6171818238741, 40.3147915841687], [115.61729948305485, 40.31479299076359], [115.6173013204839, 40.31470292393974], [115.61741897951673, 40.31470433041055], [115.61742081678126, 40.314614263580765], [115.61753847566612, 40.3146156699275], [115.61754031276614, 40.31452560309178], [115.61765797150305, 40.314527009314446], [115.61765980843857, 40.31443694247279], [115.61777746702754, 40.31443834857137], [115.61777930379853, 40.3143482817238], [115.61789696223956, 40.31434968769832], [115.61790063544422, 40.314169553989835], [115.61801829358109, 40.314170959835835], [115.61802931205895, 40.31363055864825], [115.61779399766823, 40.31362774689005], [115.61779583436467, 40.313537680029185], [115.61767817733798, 40.31353627397512], [115.61768001418234, 40.31344620711722], [115.61744470046624, 40.313443394659124], [115.61744653761477, 40.313353327808656], [115.61721122424422, 40.31335051488099], [115.61721306169692, 40.31326044803795], [115.6170954051803, 40.31325904139915], [115.61709908037326, 40.31307890771755], [115.61698142417738, 40.31307750096802], [115.61698326191765, 40.31298743412948], [115.61686560588629, 40.31298602726479], [115.61687295738936, 40.31262575991363], [115.61675530199112, 40.31262435294715], [115.61675897800536, 40.31244421927162], [115.61664132292786, 40.31244281219441], [115.61664316107877, 40.3123527453589], [115.61652550616577, 40.31235133816655], [115.61652918275513, 40.31217120449997], [115.61641152816283, 40.31216979719691], [115.61641888186692, 40.31180952986389], [115.61653653583436, 40.31181093714911], [115.61654205055672, 40.31154073662048], [115.61642439705791, 40.311539329348605], [115.61642623543833, 40.31144926250723], [115.61630858210401, 40.3114478551202], [115.6163122591524, 40.31126772144192], [115.61619460613876, 40.3112663139442], [115.6161964448067, 40.311176247107305], [115.61572583345998, 40.31117061593815], [115.61572767274444, 40.3110805491176], [115.6156100200847, 40.311079141030746], [115.61561369894117, 40.31089900739414], [115.61526074194893, 40.3108947824427], [115.61525890205624, 40.31098484924836], [115.6146706397874, 40.310977805248164], [115.61467248046111, 40.31088773846479], [115.61443717592411, 40.310884920036386], [115.61443901690191, 40.31079485326047], [115.61432136480207, 40.31079344387131], [115.61432320592776, 40.31070337709837], [115.61420555399239, 40.31070196759407], [115.614207395266, 40.31061190082412], [115.61408974349516, 40.31061049120468], [115.61409158491665, 40.31052042443772], [115.6139739333103, 40.31051901470314], [115.6139757748797, 40.31042894793915], [115.61385812343786, 40.31042753808943], [115.61386180686414, 40.31024740456596], [115.61374415574299, 40.31024599460556], [115.61374783944842, 40.31006586108513], [115.61363018864797, 40.31006445101404], [115.61363203064441, 40.30997438425607], [115.61292612695337, 40.309965921344705], [115.61292796987868, 40.30987585461204], [115.61281031944878, 40.309874443712665], [115.61281216252198, 40.309784376983], [115.61269451225658, 40.30978296596849], [115.61269635547765, 40.30969289924182], [115.61257870537675, 40.30969148811217], [115.61258423545866, 40.309421287936686], [115.61246658583465, 40.309419876700844], [115.61246842933485, 40.30932980997719], [115.61235077987536, 40.309328398626214], [115.61235446716319, 40.30914826518343], [115.61223681802436, 40.30914685372179], [115.61223866181201, 40.30905678700265], [115.61212101283769, 40.309055375425885], [115.61212470070038, 40.308875241992105], [115.61200705204675, 40.30887383030468], [115.61200889612181, 40.30878376359005], [115.6118912476327, 40.308782351787485], [115.6118930918556, 40.30869228507584], [115.611775443531, 40.308690873158156], [115.61177728790179, 40.30860080644952], [115.61165963974166, 40.308599394416696], [115.61166148426032, 40.308509327711036], [115.6115438362647, 40.308507915563105], [115.61154568093123, 40.30841784886043], [115.6114280331001, 40.30841643659737], [115.61142987791447, 40.308326369897706], [115.61131223024786, 40.30832495751951], [115.61132145497585, 40.30787462402137], [115.61120380809845, 40.307873211545946], [115.61121487843455, 40.30733281132628], [115.6113325243749, 40.307334223774895], [115.61133436924563, 40.30724415706198], [115.61121672346144, 40.30724274461785], [115.61122041349027, 40.30706261119652], [115.61110276802675, 40.307061198641755], [115.61110645833463, 40.306881065223465], [115.6112241034858, 40.30688247776929], [115.61122594847109, 40.30679241105347], [115.61134359347443, 40.30679382347524], [115.61134543829523, 40.306703756753464], [115.61122779344807, 40.30670234433615], [115.61123148337705, 40.30652221089711], [115.61111383885054, 40.30652079836917], [115.61111752905857, 40.30634066493317], [115.61099988485272, 40.30633925229458], [115.61100173010043, 40.306249185578835], [115.61088408605906, 40.306247772825124], [115.6108914675913, 40.30588750596526], [115.611009111008, 40.30588891870107], [115.61101280141189, 40.305708785253344], [115.61089515830749, 40.30570737252647], [115.61089700365311, 40.30561730580486], [115.61077936071318, 40.30561589296288], [115.61078120620662, 40.30552582624426], [115.6106635634312, 40.305524413287166], [115.61066540907248, 40.30543434657155], [115.61043012385889, 40.305431520307565], [115.61043196980415, 40.30534145359942], [115.61031432736603, 40.30534004029252], [115.61031617345913, 40.305249973587365], [115.61019853118546, 40.30524856016536], [115.61019668493618, 40.305338626866046], [115.6100790425147, 40.30533721331997], [115.61007719610095, 40.30542728001469], [115.60995955353162, 40.30542586634458], [115.60995770695338, 40.30551593303334], [115.60984006423622, 40.305514519239175], [115.60983637074244, 40.30569465260333], [115.60960108470849, 40.305691824638316], [115.60959739055677, 40.30587195797867], [115.60936210393147, 40.305869129517404], [115.60936025653079, 40.30595919617641], [115.60924261307447, 40.30595778176192], [115.60923891793581, 40.30613791506654], [115.60912127417551, 40.30613650052351], [115.60911942643752, 40.30622656716914], [115.60888413862959, 40.306223737715364], [115.60888229057092, 40.30631380435056], [115.6087646465233, 40.3063123894398], [115.60876279830015, 40.306402456069016], [115.60864515410466, 40.30640104103421], [115.60864330571701, 40.306491107657486], [115.60852566137373, 40.3064896924986], [115.60852381282159, 40.30657975911593], [115.60840616833046, 40.306578343832975], [115.60840062215547, 40.30684854366261], [115.60828297720418, 40.30684712824663], [115.60827927940018, 40.307027261450045], [115.60816163414489, 40.30702584590552], [115.6081505395957, 40.30756624545341], [115.60803289341175, 40.307564829762406], [115.60802364694388, 40.308015162655956], [115.60790599998738, 40.30801374682295], [115.60790045153806, 40.308283946527915], [115.60778280412134, 40.30828253056186], [115.60777910480107, 40.30846266368214], [115.60766145708034, 40.30846124758752], [115.60765960725152, 40.30855131414098], [115.60754195938296, 40.30854989792228], [115.6075382593879, 40.30873003101578], [115.60742061121532, 40.308728614668524], [115.60741876104908, 40.30881868120857], [115.60730111272865, 40.30881726473722], [115.60729926239792, 40.30890733127131], [115.60718161392965, 40.30890591467589], [115.60717976343437, 40.30899598120402], [115.60706211481828, 40.308994564484514], [115.60706026415846, 40.30908463100668], [115.60694261539452, 40.30908321416309], [115.60694076457018, 40.30917328067929], [115.6068231156584, 40.309171863711626], [115.60681941367231, 40.30935199673061], [115.60670176445649, 40.30935057963437], [115.60669991329473, 40.30944064613717], [115.60658226393109, 40.30943922891685], [115.60658041260481, 40.309529295413675], [115.6064627630933, 40.30952787806927], [115.60646091160247, 40.309617944560145], [115.60634326194315, 40.30961652709163], [115.60634141028778, 40.309706593576536], [115.6062237604806, 40.30970517598394], [115.60622190866071, 40.309795242462876], [115.6061042587057, 40.3097938247462], [115.60610240672126, 40.30988389121919], [115.6059847566184, 40.309882473378416], [115.60598290446943, 40.30997253984542], [115.60586525421873, 40.309971121880565], [115.60586340190518, 40.31006118834161], [115.60574575150666, 40.31005977025266], [115.60574389902858, 40.310149836707744], [115.60562624848222, 40.31014841849469], [115.60562439583958, 40.3102384849438], [115.60550674514539, 40.31023706660667], [115.60550489233819, 40.31032713304982], [115.60538724149617, 40.31032571458859], [115.60538538852443, 40.31041578102577], [115.60526773753455, 40.31041436244045], [115.60526588439825, 40.310504428871646], [115.60514823326054, 40.31050301016223], [115.60514267333295, 40.31077320943351], [115.605025021735, 40.31077179059102], [115.6050231682529, 40.31086185700733], [115.6049055165071, 40.310860438040734], [115.6049018092054, 40.311040570859944], [115.60466650511411, 40.311037732549984], [115.60466279715418, 40.311217865345306], [115.60442749247153, 40.311215026538946], [115.60442563816662, 40.31130509292541], [115.60430798568163, 40.31130367333832], [115.60430613121214, 40.3113937397188], [115.60418847857932, 40.31139232000762], [115.60418662394528, 40.311482386382124], [115.6039513183923, 40.31147954659195], [115.6039494634375, 40.31156961295599], [115.60347885180714, 40.31156393192234], [115.6034807073868, 40.31147386557627], [115.60277479112956, 40.31146534046453], [115.60277293461269, 40.31155540678361], [115.60265528177625, 40.31155398550852], [115.60265342509484, 40.31164405182163], [115.60253577211054, 40.31164263042244], [115.60253205841018, 40.31182276303521], [115.60241440512186, 40.31182134150742], [115.6024125481029, 40.31191140780708], [115.60229489466677, 40.311909986155165], [115.60229303748321, 40.31200005244885], [115.60217538389925, 40.31199863067284], [115.60217166919463, 40.31217876324679], [115.60205401530662, 40.312177341342164], [115.60205215778555, 40.31226740762242], [115.60193450374969, 40.312265985593676], [115.60193264606403, 40.31235605186795], [115.60181499188036, 40.312354629715095], [115.60181313403011, 40.31244469598339], [115.60169547969858, 40.31244327370642], [115.60169362168375, 40.31253333996874], [115.60157596720441, 40.31253191756764], [115.60157225083717, 40.31271205007885], [115.60145459605377, 40.312710627549144], [115.60145273770136, 40.31280069379802], [115.60133508277016, 40.31279927114421], [115.60133322425317, 40.31288933738709], [115.60109791410345, 40.31288649171161], [115.60109605526564, 40.31297655794403], [115.60097840004715, 40.312975134922354], [115.60097654104474, 40.31306520114879], [115.60085888567842, 40.313063778003006], [115.60085702651142, 40.31315384422344], [115.60073937099726, 40.31315242095353], [115.60073751166566, 40.313242487168], [115.60061985600366, 40.31324106377397], [115.60061799650745, 40.31333112998245], [115.60050034069764, 40.313329706464295], [115.60049848103684, 40.31341977266679], [115.60038082507917, 40.313418349024516], [115.60037896525374, 40.313508415221044], [115.60014365305119, 40.31350556756864], [115.60014179290496, 40.31359563375465], [115.59978882419536, 40.31359136136541], [115.59978696357207, 40.313681427536416], [115.59931633811858, 40.31367572932477], [115.599314476862, 40.31376579547627], [115.59872619445292, 40.31375866999778], [115.59872433240685, 40.313848736125244], [115.59790073629327, 40.313838755399864], [115.59789887314528, 40.313928821494265], [115.59754590303967, 40.313924542232726], [115.5975440394146, 40.31401460831209], [115.59730872574045, 40.31401175486395], [115.59730686179454, 40.314101820932805], [115.59718920481384, 40.31410039402479], [115.59718734070331, 40.314190460087644], [115.59706968357482, 40.314189033055506], [115.59706781929965, 40.31427909911237], [115.59695016202332, 40.31427767195609], [115.59694829758354, 40.31436773800695], [115.5968306401594, 40.314366310726534], [115.59682877555497, 40.314456376771396], [115.59671111798302, 40.314454949366834], [115.59670738843649, 40.3146350814431], [115.5965897305605, 40.314633653909894], [115.59658600066786, 40.3148137859712], [115.59646834248781, 40.314812358309325], [115.59645528650506, 40.31544282044574], [115.59633762723983, 40.3154413926326], [115.59633576190959, 40.31553145864165], [115.59621810249652, 40.31553003070437], [115.59621623700161, 40.31562009670743], [115.59598091788828, 40.31561724046496], [115.5959790520725, 40.3157073064575], [115.59586139237219, 40.31570587815231], [115.59585952639175, 40.31579594413884], [115.59574186654366, 40.31579451570951], [115.59573813424504, 40.315974647669094], [115.59562047409288, 40.315973219111086], [115.59561300876972, 40.316333482994445], [115.59549534800104, 40.31633205429872], [115.59548414882636, 40.31687245005226], [115.59536648712864, 40.31687102120977], [115.59536275369057, 40.31705115310673], [115.59524509168878, 40.31704972413557], [115.5952432248009, 40.31713979007733], [115.59512556265129, 40.31713836098201], [115.59511996146831, 40.3174085587848], [115.59500229885838, 40.31740712955628], [115.59500416608404, 40.31731706362802], [115.59488650363879, 40.317315634284384], [115.59489210573396, 40.3170454365043], [115.59477444376586, 40.317044007054626], [115.59477817876636, 40.3168638752029], [115.59466051711915, 40.31686244564264], [115.59467732561066, 40.3160518522774], [115.5947949858517, 40.316053281796925], [115.59479872066693, 40.31587314991267], [115.5949163806039, 40.31587457930353], [115.59492011507298, 40.31569444740431], [115.5950377747059, 40.31569587666649], [115.59503964177158, 40.31560581071013], [115.59515730125669, 40.31560723984818], [115.59516103505031, 40.31542710792199], [115.5952786942314, 40.315428536931364], [115.59528056095931, 40.31533847096152], [115.59539821999259, 40.31533989984674], [115.59540008655588, 40.3152498338709], [115.59551774544133, 40.315251262631975], [115.5955252109854, 40.31489099869575], [115.59564286925438, 40.3148924273191], [115.59564846785537, 40.31462222933785], [115.59576612566406, 40.31462365782803], [115.59577172372065, 40.3143534598199], [115.59588938106907, 40.31435488817688], [115.59589124691487, 40.31426482216669], [115.5960089041155, 40.314266250399555], [115.59601263546942, 40.314086118365694], [115.59613029236603, 40.31408754646987], [115.59613215787414, 40.313997480446226], [115.59624981462291, 40.31399890842627], [115.5962516799664, 40.3139088423966], [115.59636933656739, 40.313910270252514], [115.59637120174624, 40.313820204216846], [115.59660651466099, 40.31382305956079], [115.59660837951898, 40.31373299351461], [115.59672603583276, 40.313734421002636], [115.59672790052615, 40.31364435495046], [115.5968455566921, 40.313645782314346], [115.59684742122084, 40.31355571625618], [115.59708273326555, 40.31355857061608], [115.59708459747347, 40.313468504547394], [115.59731990923936, 40.313471358419804], [115.59732177312644, 40.313381292340594], [115.5976747403697, 40.31338557223853], [115.59767660377969, 40.31329550614432], [115.59802957062993, 40.313299784952164], [115.5980314335629, 40.31320971884293], [115.59826674452594, 40.3132125707744], [115.59826860713808, 40.313122504654636], [115.59873922854014, 40.31312820706417], [115.59874109051901, 40.31303814092488], [115.59944702193673, 40.313046690923684], [115.59944888296991, 40.31295662475585], [115.59980184832344, 40.31296089812693], [115.5998037088796, 40.3128708319441], [115.599921363858, 40.31287225615739], [115.59992322424958, 40.31278218996858], [115.60004087908017, 40.31278361405774], [115.60004273930711, 40.31269354786294], [115.60016039398987, 40.31269497182798], [115.60016225405224, 40.3126049056272], [115.60039756313051, 40.31260775318946], [115.60039942287206, 40.31251768697816], [115.60051707726755, 40.31251911057536], [115.60052079641306, 40.312338978139344], [115.60063845050455, 40.312340401607926], [115.60064030990851, 40.31225033538318], [115.60075796385216, 40.31225175872765], [115.60075982309154, 40.312161692496936], [115.60087747688735, 40.312163115717276], [115.60088119502855, 40.311982983242395], [115.60099884852035, 40.31198440633412], [115.60100070742214, 40.311894340089964], [115.60111836076612, 40.31189576305757], [115.60112021950334, 40.31180569680743], [115.60123787269949, 40.31180711965093], [115.60123973127212, 40.3117170533948], [115.60135738432045, 40.31171847611418], [115.60136110112815, 40.311538343588495], [115.60147875387246, 40.311539766179266], [115.60148061210755, 40.311449699909694], [115.60159826470402, 40.31145112237635], [115.60160012277453, 40.311361056100814], [115.6017177752232, 40.31136247844336], [115.6017196331291, 40.311272412161834], [115.60183728542992, 40.31127383438027], [115.60184100090423, 40.31109370180378], [115.60195865290105, 40.31109512389361], [115.60196051046944, 40.31100505759864], [115.60207816231842, 40.31100647956436], [115.60208001972222, 40.310916413263406], [115.60219767142338, 40.31091783510503], [115.60219952866262, 40.31082776879811], [115.60243483177769, 40.31083061211352], [115.60243668869614, 40.310740545796136], [115.60255434011005, 40.31074196726993], [115.60255619686393, 40.31065190094654], [115.60279149940446, 40.31065474352632], [115.60279335583759, 40.31056467719247], [115.6036169138997, 40.3105746224227], [115.60361876923109, 40.31048455605589], [115.60385407129746, 40.310487396464815], [115.60385592630809, 40.310397330087525], [115.60397357719765, 40.31039875010809], [115.60397728688142, 40.310218617340084], [115.60409493746693, 40.31022003723206], [115.6040967921401, 40.310129970841345], [115.60421444257778, 40.31013139060922], [115.60421629708637, 40.31004132421255], [115.60433394737625, 40.310042743856314], [115.60433765605595, 40.30986261104954], [115.6044553060418, 40.309864030564725], [115.60445716021292, 40.309773964154616], [115.60457481005092, 40.309775383545706], [115.60457666405749, 40.309685317129635], [115.60481196344622, 40.30968815554403], [115.60481381713207, 40.3095980891175], [115.60504911624184, 40.309600927044514], [115.60505096960694, 40.30951086060751], [115.60516861901819, 40.30951227938712], [115.60517047221873, 40.309422212944156], [115.60528812148216, 40.30942363159969], [115.60528997451814, 40.30933356515074], [115.60540762363374, 40.30933498368217], [115.6054094765052, 40.309244917227275], [115.60552712547296, 40.30924633563461], [115.60552897817988, 40.30915626917375], [115.60564662699979, 40.309157687457], [115.60564847954218, 40.30906762099016], [115.60576612821427, 40.309069039149335], [115.6057698329616, 40.30888890620224], [115.60588748132969, 40.30889032423283], [115.60588933353463, 40.30880025775258], [115.60600698175486, 40.30880167565908], [115.60600883379529, 40.30871160917288], [115.6061264818677, 40.308713026955296], [115.60613018561112, 40.308532893969456], [115.60624783337953, 40.30853431162331], [115.6062496850825, 40.308444245123695], [115.60636733270309, 40.308445662653455], [115.60637103577169, 40.308265529640806], [115.60648868308826, 40.30826694704199], [115.60649053445384, 40.30817688052897], [115.60660818162258, 40.30817829780608], [115.60661188401636, 40.30799816476662], [115.6067295308811, 40.30799958191517], [115.60673323292912, 40.30781944886082], [115.60685087948985, 40.30782086588079], [115.60685828286105, 40.30746059973644], [115.60697592880543, 40.307462016618885], [115.60698518205078, 40.307011683882784], [115.60710282722266, 40.3070131006232], [115.60711022904404, 40.3066528343898], [115.60722787359958, 40.30665425099269], [115.60723342440951, 40.30638405128867], [115.6073510685049, 40.306385467758524], [115.60735846884334, 40.30602520144788], [115.6072408253726, 40.30602378499595], [115.60724452580409, 40.30584365184074], [115.6073621689625, 40.30584506828369], [115.6073658690483, 40.3056649351136], [115.60713058336445, 40.30566210212604], [115.60713243370715, 40.305572035547755], [115.60666186306422, 40.30556636815557], [115.60666371402317, 40.30547630159375], [115.60642842906411, 40.30547346718914], [115.60643028032706, 40.30538340063479], [115.60619499571368, 40.305380565760835], [115.60619314413843, 40.30547063230619], [115.60607550168811, 40.305469214685345], [115.60607364994834, 40.30555928122473], [115.60595600735023, 40.30555786347981], [115.60595230353331, 40.30573799654521], [115.6054817319751, 40.30573232433378], [115.60547987942947, 40.305822390846295], [115.60524459338815, 40.30581955401411], [115.60524088764723, 40.30599968701676], [115.60488795771096, 40.305995430844625], [115.6048898110541, 40.30590536435752], [115.60465452478404, 40.3059025263205], [115.60465637843112, 40.3058124598409], [115.6044210925068, 40.305809621334525], [115.60441923854741, 40.305899687805145], [115.60418395234421, 40.30589684881144], [115.60418580661593, 40.30580678234982], [115.60395052075853, 40.305803942886776], [115.60395237533422, 40.30571387643266], [115.60371708982255, 40.30571103650027], [115.6037189447022, 40.30562097005366], [115.60360130211507, 40.30561954991259], [115.60359759203513, 40.305799682795325], [115.60347994914406, 40.30579826252567], [115.6034780939354, 40.305888328960336], [115.60288987882474, 40.30588122579584], [115.6028880228269, 40.30597129220653], [115.60324095233666, 40.30597555447746], [115.60323909679893, 40.30606562090017], [115.60288616682068, 40.30606135861573], [115.6028843108061, 40.30615142502348], [115.60264902388347, 40.3061485828936], [115.60264716754818, 40.306238649290854], [115.60252952394326, 40.306237228042036], [115.60253138043471, 40.30614716164927], [115.60206080672339, 40.30614147547615], [115.6020589496073, 40.30623154185092], [115.60182366248958, 40.30622869803784], [115.60181994760764, 40.30640883076492], [115.601702303749, 40.306407408670005], [115.60170044613932, 40.30649747502681], [115.6015828021329, 40.3064960528078], [115.60157908657604, 40.30667618550802], [115.60146144226569, 40.306674763160416], [115.60145772636298, 40.3068548958457], [115.60134008174867, 40.30685347336951], [115.60133822362857, 40.30694353970544], [115.60122057886647, 40.30694211710515], [115.60121872058183, 40.3070321834351], [115.60086578587732, 40.307027914903195], [115.6008639271158, 40.30711798121815], [115.60074628207488, 40.307116558130495], [115.60074814099255, 40.307026491820054], [115.60051285124821, 40.307023645295], [115.60051656968311, 40.30684351268769], [115.60039892513583, 40.30684208925479], [115.60039706576642, 40.30693215555468], [115.60004413170644, 40.30692788452493], [115.60004599154436, 40.30683781823856], [115.59969305802838, 40.30683354614605], [115.59969119772197, 40.306923612418906], [115.59933826381298, 40.306919339236565], [115.5993401245879, 40.30682927297726], [115.59886954678471, 40.30682357374464], [115.59887326955868, 40.30664344125767], [115.59852033723145, 40.30663916560461], [115.59851661352049, 40.30681929806451], [115.59839896911586, 40.306817872598614], [115.598395245059, 40.30699800504358], [115.59827760035043, 40.306996579449084], [115.59828132471962, 40.30681644701314], [115.59792839158135, 40.3068121695392], [115.59793025422185, 40.306722103332554], [115.59804789843672, 40.30672352927228], [115.59805534829007, 40.30636326441285], [115.5984082791111, 40.30636754146034], [115.59840641712884, 40.306457607690945], [115.59852406090882, 40.306459033138786], [115.5985259227349, 40.30636896690366], [115.59864356636712, 40.306370392227386], [115.59863984301884, 40.306550524705195], [115.59899277490281, 40.30655479998596], [115.59899835850713, 40.306284601226444], [115.59911600201676, 40.30628602606734], [115.59911414097986, 40.306376092326495], [115.59946707202754, 40.30638036614517], [115.59946893259595, 40.30629029987248], [115.59958657613912, 40.30629172423502], [115.59958843654297, 40.30620165795635], [115.60005901017495, 40.30620735419264], [115.6000627297082, 40.306027221594775], [115.59982744350008, 40.306024373733834], [115.59982930356644, 40.305934307441696], [115.59959401770419, 40.30593145911144], [115.5995921573255, 40.306021525394556], [115.5994745142508, 40.30602010104554], [115.59947265370758, 40.30611016732267], [115.59923736727103, 40.30610731825686], [115.59923922812659, 40.30601725198874], [115.5990039420359, 40.306014402453634], [115.5990058031954, 40.30592433619307], [115.59888816031882, 40.30592291125064], [115.59889002162606, 40.30583284499312], [115.59877237891402, 40.305831419935615], [115.59876865597882, 40.306011552440175], [115.59853336995532, 40.306008701948386], [115.5985315081628, 40.30609876818943], [115.59841386500749, 40.30609734275963], [115.59841572695616, 40.306007276523104], [115.59829808396539, 40.30600585097824], [115.59829622186058, 40.30609591721027], [115.59817857872203, 40.3060944915413], [115.5981841654798, 40.305824292854375], [115.59806652281814, 40.30582286707938], [115.59806838521008, 40.305732800851956], [115.5978331002243, 40.30572994895224], [115.59783496292015, 40.30563988273238], [115.597717320596, 40.30563845660767], [115.59771545774399, 40.30572852282301], [115.59712724546851, 40.305721390383106], [115.59712910910133, 40.30563132419033], [115.5970114668276, 40.305629897348126], [115.59701333060816, 40.30553983115839], [115.59689568849898, 40.30553840420111], [115.59689941634717, 40.30535827182625], [115.59654649100703, 40.30535399026404], [115.59654276222192, 40.3055341226118], [115.59642512014636, 40.3055326951762], [115.59642325558504, 40.305622761343336], [115.59618797114688, 40.30561990610435], [115.59618610626482, 40.30570997226098], [115.59595082154799, 40.30570711653463], [115.59595268674232, 40.305617050387035], [115.59559976019864, 40.30561276591419], [115.59559789453579, 40.305702832048205], [115.59548025221524, 40.30570140364692], [115.59548211803421, 40.30561133751742], [115.5953644758782, 40.30560990900106], [115.59536260990308, 40.30569997512603], [115.59524496759934, 40.305698546485566], [115.5952412353115, 40.30587867872205], [115.59512359270389, 40.30587724995296], [115.59512172639118, 40.30596731606445], [115.59500408363581, 40.305965887171254], [115.59500221715855, 40.306055953276754], [115.59488457425542, 40.30605452425945], [115.59488830751387, 40.305874392056026], [115.5946530223575, 40.30587153368076], [115.5946604900226, 40.305511269292374], [115.59477813197195, 40.3055126985217], [115.59478186544169, 40.30533256630959], [115.59489950708715, 40.30533399541029], [115.59489577392972, 40.30551412763145], [115.5950134158959, 40.3055155566216], [115.59502088155247, 40.30515529215527], [115.59478559887776, 40.30515243409156], [115.59478746558317, 40.30506236798033], [115.59490510676017, 40.30506379706745], [115.59491070635741, 40.304793598711306], [115.59502834707439, 40.304795027665286], [115.59503021343382, 40.3047049615391], [115.594912572873, 40.30470353258964], [115.59491630587891, 40.304523400341864], [115.5947986656388, 40.304521971281886], [115.59480053228528, 40.304431905160314], [115.59456525214262, 40.30442904669068], [115.59456711909297, 40.304338980576674], [115.59433183929626, 40.30433612163777], [115.59433370655047, 40.30424605553134], [115.5942160668209, 40.304244625887044], [115.59421793422284, 40.30415455978366], [115.59410029465782, 40.304153130024325], [115.59410402974875, 40.30397299782216], [115.59386875126856, 40.30397013796287], [115.59387061911366, 40.30388007186864], [115.59422353637815, 40.30388436146461], [115.59421980161636, 40.304064493678794], [115.59445508045937, 40.304067352829684], [115.59445321337813, 40.3041574189436], [115.59480613217421, 40.3041617067867], [115.59480799878703, 40.30407164065921], [115.59492563824641, 40.304073069696564], [115.59492750469467, 40.30398300356307], [115.59480986539141, 40.30398157453023], [115.59481173198738, 40.303891508399786], [115.59457645371843, 40.303888649984444], [115.59457832061828, 40.303798583861564], [115.5942254037464, 40.303794295355324], [115.59422727110626, 40.30370422924454], [115.59399199354607, 40.30370136965156], [115.59399572886505, 40.30352123744367], [115.59387809040986, 40.303519807476874], [115.59388556157128, 40.303159543061454], [115.59376792374907, 40.303158112993195], [115.5937735275001, 40.3028879146797], [115.59365589015472, 40.30288648450544], [115.59365775821102, 40.302796418402515], [115.5935401210302, 40.30279498811322], [115.59354385742978, 40.30261485591198], [115.59342622056963, 40.30261342551218], [115.59342808891292, 40.30252335941386], [115.59331045221734, 40.30252192889902], [115.59331232070834, 40.30243186280377], [115.5931946841773, 40.302430432173885], [115.593196552816, 40.30234036608167], [115.59307891644953, 40.302338935336756], [115.59308265401391, 40.30215880315695], [115.5929650179681, 40.30215737230152], [115.59296688689379, 40.302067306213935], [115.59284925101254, 40.30206587524348], [115.59285298915087, 40.30188574307293], [115.59273535359029, 40.301884311991955], [115.5927503070554, 40.30116378328688], [115.59263267275226, 40.30116235212259], [115.59263828063094, 40.300892153847386], [115.59275591446574, 40.30089358499808], [115.59276339089485, 40.30053332059231], [115.59252812448261, 40.30053045820759], [115.59253373265263, 40.300260259914936], [115.5924160999275, 40.30025882855682], [115.59241796945676, 40.30016876246085], [115.59230033689617, 40.300167330987726], [115.59229659751699, 40.300347463169146], [115.59206133179667, 40.30034459984609], [115.59205759175933, 40.30052473200345], [115.59182232544826, 40.30052186818403], [115.59182045510471, 40.300611934251435], [115.59158518851518, 40.3006090699447], [115.59158331785096, 40.30069913600156], [115.59134805098292, 40.300696271207514], [115.59135179292738, 40.300516139110464], [115.59170469230538, 40.30052043609498], [115.59170656279662, 40.30043037003064], [115.59147129684843, 40.30042750550292], [115.59147316764343, 40.30033743944616], [115.59170843327942, 40.3003403039648], [115.59171404467722, 40.30007010575846], [115.59206694178945, 40.30007440159894], [115.59206881177019, 40.29998433551359], [115.59242170849, 40.29998863026445], [115.59241983897759, 40.30007869636339], [115.59253747139049, 40.30008012771242], [115.59253560202578, 40.30017019381442], [115.59265323460323, 40.30017162504842], [115.59265884220375, 40.29990142672441], [115.59277647432128, 40.29990285782528], [115.59277460528565, 40.2999929239393], [115.59289223756774, 40.29999435492512], [115.59289036867979, 40.30008442104219], [115.5927727362416, 40.30008299005183], [115.59276525998106, 40.30044325448716], [115.59288289304368, 40.300444685495656], [115.59287541727275, 40.30080494992545], [115.59299305096827, 40.3008063808325], [115.5929911821606, 40.30089644694078], [115.59357935154524, 40.30090359970523], [115.59359429552617, 40.3001830706164], [115.59347666288133, 40.30018164033884], [115.59348039910455, 40.30000150806091], [115.59371566377824, 40.30000436847833], [115.59371753156499, 40.299914302328084], [115.59383516375837, 40.29991573235292], [115.59383703138059, 40.299825666196675], [115.59395466342627, 40.29982709609743], [115.59395653088397, 40.29973702993518], [115.59407416278195, 40.299738459711854], [115.59407229548037, 40.29982852587863], [115.59418992754291, 40.29982995554028], [115.59418059168925, 40.30028028637462], [115.59441585740066, 40.300283145384505], [115.59442705852646, 40.29974274832453], [115.59419179468837, 40.29973988936897], [115.59419552895406, 40.29955975702193], [115.59396026577409, 40.29955689760625], [115.59396586804611, 40.29928669910175], [115.59373060583643, 40.29928383923499], [115.59373247355582, 40.29919377307293], [115.59361484261971, 40.29919234296475], [115.59361671048678, 40.299102276805726], [115.59349907971522, 40.299100846582526], [115.59350094772996, 40.299010780426556], [115.59338331712293, 40.299009350088326], [115.59339078972204, 40.298649085467765], [115.59327315974784, 40.298647655028105], [115.59327502803265, 40.2985575888738], [115.5929221386289, 40.29855329685106], [115.59292400737358, 40.29846323070887], [115.59280637774528, 40.29846179980004], [115.59280824663763, 40.29837173366091], [115.59269061717384, 40.29837030263707], [115.59269248621388, 40.298280236500965], [115.59245722762381, 40.2982773741037], [115.59245909696762, 40.2981873079752], [115.59222383872344, 40.29818444510878], [115.592225708371, 40.29809437898786], [115.59210807941766, 40.298092947379864], [115.59210994921288, 40.298002881262], [115.5918746916437, 40.29800001769642], [115.59187656174267, 40.297909951586135], [115.5916413045194, 40.29790708755142], [115.59164317492213, 40.29781702144873], [115.59129028961874, 40.29781272451367], [115.59129216048133, 40.29772265842309], [115.59117453221982, 40.29772122587684], [115.59117266120116, 40.29781129196288], [115.59105503279201, 40.29780985929254], [115.59105690396676, 40.297719793211044], [115.59093927572214, 40.2977183604257], [115.59094114704456, 40.297628294347255], [115.59023537869064, 40.29761969515189], [115.59023350643164, 40.29770976120311], [115.58988062190036, 40.29770545997791], [115.5898824946276, 40.29761539394031], [115.58964723862782, 40.297612525868196], [115.58964911165882, 40.29752245983819], [115.58953148382767, 40.297521025627354], [115.58953335700629, 40.29743095960042], [115.5894157293397, 40.29742952527457], [115.58941760266597, 40.29733945925069], [115.58929997516391, 40.297338024809854], [115.58930184863783, 40.297247958789036], [115.58906659397121, 40.297245089557784], [115.58906846774885, 40.297155023544576], [115.58883321342825, 40.29715215384422], [115.5888350875096, 40.29706208783861], [115.5884822065603, 40.297057782405126], [115.58848408110147, 40.29696771641168], [115.58824882748972, 40.296964845534056], [115.5882507023346, 40.29687477954822], [115.58789782244864, 40.296870472348836], [115.58790157304952, 40.29669034039999], [115.58778394674997, 40.29668890443686], [115.58778769762921, 40.296508772491194], [115.58755244567975, 40.29650590022451], [115.58755432141885, 40.296415834258546], [115.58743669561291, 40.29641439795044], [115.58743481971771, 40.296504463911845], [115.58731719376414, 40.29650302747965], [115.58731906981538, 40.29641296152279], [115.58708381824579, 40.29641008830886], [115.58708194188236, 40.29650015425662], [115.58696431595416, 40.296498717465795], [115.58696619247365, 40.296408651522576], [115.58684856671, 40.29640721461676], [115.58685044337713, 40.29631714867661], [115.58696806898472, 40.296318585577886], [115.5869699454873, 40.29622851963171], [115.58685232003579, 40.29622708273499], [115.586854196686, 40.29613701679187], [115.58673657139904, 40.296135579780156], [115.586732817778, 40.296315711655794], [115.58637994103144, 40.29631139987612], [115.58638181831444, 40.29622133395269], [115.58626419290528, 40.29621989645826], [115.58626607033585, 40.29612983053789], [115.58614844509123, 40.29612839292848], [115.58615220023918, 40.29594826109244], [115.58591695039964, 40.295945385533194], [115.58592070613801, 40.29576525370944], [115.58580308154309, 40.29576381575961], [115.58580683755976, 40.29558368393904], [115.58557158901962, 40.29558080769898], [115.5855753456267, 40.29540067589072], [115.58534009774473, 40.295397799190724], [115.58533821913328, 40.295487865086486], [115.58522059504892, 40.29548642655263], [115.58522435257551, 40.29530629476872], [115.58498910505651, 40.29530341736062], [115.58498722598532, 40.2953934832442], [115.58475197818805, 40.29539060534883], [115.58475009879623, 40.29548067122182], [115.58463247475426, 40.29547923209027], [115.58463059519788, 40.29556929795722], [115.58474821939595, 40.29557073709333], [115.58474633998718, 40.29566080296336], [115.5842758426215, 40.29565504568352], [115.58427772265458, 40.29556497983169], [115.58404247433474, 40.29556210048364], [115.58404435467149, 40.295472034639474], [115.58392673068035, 40.29547059479071], [115.58392861116467, 40.29538052894962], [115.58369336352003, 40.29537764890259], [115.58369524430802, 40.295287583069126], [115.58357762065447, 40.295286142870864], [115.58358138251714, 40.295106011208645], [115.58369900585856, 40.29510745139778], [115.5837008866211, 40.295017385559895], [115.58405375622797, 40.29502170539643], [115.58405187593361, 40.29511177124801], [115.58416949930896, 40.295113210959], [115.58417513969832, 40.2948430133862], [115.58429276261393, 40.29484445296399], [115.5842984024588, 40.29457425536419], [115.58441602491465, 40.29457569480876], [115.58442354396489, 40.294215431303435], [115.58430592213327, 40.294213991877065], [115.58431344167215, 40.293853728366294], [115.58419582047324, 40.29385228883864], [115.58419770049284, 40.293762222961796], [115.58431532153566, 40.293763662484906], [115.58431720139072, 40.29367359660203], [115.58443482228597, 40.29367503600105], [115.58443670197647, 40.29358497011213], [115.58455432272412, 40.29358640938705], [115.58455620225011, 40.29349634349212], [115.58467382285018, 40.29349778264296], [115.58467194348026, 40.29358784854245], [115.58478956424487, 40.29358928757832], [115.58478768502253, 40.293679353480904], [115.58490530595166, 40.29368079240181], [115.5849034268769, 40.29377085830746], [115.58478580579173, 40.293769419382], [115.58478016804845, 40.29403961707643], [115.58466254650354, 40.29403817801778], [115.58465878765354, 40.29421830979755], [115.58454116580496, 40.29421687061026], [115.5845392862112, 40.29430693649336], [115.5846569082158, 40.29430837568522], [115.58465502876962, 40.2943984415714], [115.5848902731164, 40.29440131960562], [115.58488839397388, 40.294491385499434], [115.58500601631606, 40.29449282434179], [115.5850041373211, 40.294582890238686], [115.58512175982783, 40.29458432896608], [115.58511988098047, 40.29467439486605], [115.58523750365171, 40.29467583347846], [115.58523562495195, 40.294765899381495], [115.58535324778774, 40.29476733787892], [115.58535136923558, 40.29485740378505], [115.58546899223592, 40.29485884216749], [115.58546711383137, 40.29494890807669], [115.58476137502005, 40.29494027596168], [115.58475761631269, 40.29512040772098], [115.58499286317351, 40.29512328558901], [115.58499098411923, 40.29521335147555], [115.58534385494222, 40.29521766739475], [115.58534197634773, 40.29530773329346], [115.58581247152127, 40.295313486197095], [115.58581059354255, 40.295403552112575], [115.58663396151474, 40.29541361512361], [115.58663020771698, 40.295593747013804], [115.586747832059, 40.29559518411775], [115.58675346227474, 40.295324986266586], [115.58663583840094, 40.29532354917628], [115.58664334586106, 40.29496328537221], [115.58652572262, 40.29496184818057], [115.58652759961994, 40.294871782230416], [115.5864099765434, 40.29487034492378], [115.58641748508279, 40.294510081126525], [115.58653510753506, 40.29451151841495], [115.58653886144185, 40.294331386498364], [115.58665648359046, 40.29433282365815], [115.58666023715125, 40.29415269172654], [115.58677785899619, 40.29415412875769], [115.58678348880572, 40.29388393083553], [115.58701873158459, 40.29388680451195], [115.58702248412443, 40.293706672538256], [115.58690486304289, 40.293705235768904], [115.58691424502463, 40.2932549058315], [115.58703186532591, 40.29325634257811], [115.58703561774728, 40.293076210583706], [115.58680037777744, 40.29307333698915], [115.58680225428752, 40.292983270998825], [115.58668463447135, 40.29298183402682], [115.58668651112905, 40.29289176803955], [115.5865688914774, 40.29289033095256], [115.58657076828268, 40.29280026496838], [115.58645314879554, 40.292798827766404], [115.5864550257484, 40.2927087617853], [115.58621978711163, 40.29270588703188], [115.58622166436815, 40.29261582105839], [115.58645690269283, 40.292618695802716], [115.58645877962879, 40.29252862981864], [115.5866940176752, 40.29253150407575], [115.5866958942906, 40.292441438081106], [115.5871663698608, 40.29244718514283], [115.58716449386962, 40.29253725115567], [115.58728211293936, 40.29253868762685], [115.58728023709577, 40.29262875364276], [115.58716261786998, 40.29262731716704], [115.58716074186187, 40.29271738317693], [115.58727836124372, 40.29271881965718], [115.58727460951424, 40.292898951681615], [115.58750984892754, 40.292901824301765], [115.58752110214184, 40.29236142815615], [115.58740348336728, 40.29235999193312], [115.58740535902943, 40.29226992590823], [115.58728774041938, 40.292268489570226], [115.58728961622914, 40.29217842354839], [115.5870543793465, 40.29217555052291], [115.58705625545988, 40.29208548450871], [115.5869386371873, 40.29208404782124], [115.58694051344828, 40.291993981810094], [115.5868228953402, 40.29199254500763], [115.58682101892319, 40.29208261101423], [115.58658578242031, 40.29207973704167], [115.58658390568273, 40.29216980303767], [115.58646628728793, 40.29216836586756], [115.58646816418157, 40.2920782998761], [115.5863505459513, 40.292076862590996], [115.5863486689016, 40.29216692857791], [115.58623105052374, 40.292165491168745], [115.58623480492675, 40.29198535920254], [115.58611718686942, 40.291983921682956], [115.58611906421426, 40.29189385570217], [115.58600144632149, 40.29189241806762], [115.5859995688206, 40.29198248404385], [115.58576433274831, 40.291979608407054], [115.58576621056127, 40.29188954243993], [115.58553097483497, 40.29188666633415], [115.58553285295156, 40.29179660037467], [115.58529761757121, 40.2917937237999], [115.5853013744032, 40.291613591894695], [115.58506613968089, 40.29161071486007], [115.58506426095707, 40.2917007808043], [115.58494664345257, 40.29169934210314], [115.58494852233245, 40.29160927616347], [115.58483090499249, 40.29160783734735], [115.58482902595655, 40.291697903282476], [115.58447617351936, 40.291693586103314], [115.58447429400682, 40.29178365202329], [115.58435667638868, 40.29178221271998], [115.58435855605723, 40.291692146804564], [115.5842409386036, 40.29169070738629], [115.58423717894588, 40.29187083920651], [115.58411956118863, 40.29186939965959], [115.58411768119103, 40.29195946556295], [115.58423529910431, 40.29196090511442], [115.58423153939576, 40.292141036925784], [115.58411392117038, 40.29213959736519], [115.58411204114734, 40.292229663264095], [115.58399442277437, 40.29222822357943], [115.5839925425868, 40.29231828947229], [115.58352206855555, 40.29231252952013], [115.5835201877353, 40.29240259539328], [115.58328495045846, 40.292399714690944], [115.58328306931766, 40.292489780553495], [115.58316545053592, 40.29248834001847], [115.58316168791671, 40.29266847173001], [115.58304406883137, 40.292667031066344], [115.58303842437078, 40.29293722860889], [115.58292080482576, 40.29293578781201], [115.58291704149752, 40.293115919490525], [115.58279942164887, 40.293114478564995], [115.58279753981599, 40.293204544397454], [115.58267991981977, 40.29320310334784], [115.5826761558164, 40.293383234999226], [115.58255853551655, 40.293381793820956], [115.58255477116712, 40.29356192545729], [115.58243715056365, 40.29356048415038], [115.58243903289868, 40.29347041833752], [115.58232141245973, 40.29346897691562], [115.58231576496107, 40.29373917433609], [115.58255100678376, 40.29374205708773], [115.58254912457934, 40.29383212290072], [115.58243150350769, 40.2938306815801], [115.58242773876127, 40.294010813192514], [115.58254536014505, 40.29401225452225], [115.58254724236645, 40.29392218871222], [115.58266486360264, 40.29392362991787], [115.58266674565948, 40.2938335641018], [115.58278436674811, 40.29383500518335], [115.58278248484731, 40.293925071004], [115.58290010610048, 40.29392651197058], [115.58289634258557, 40.29410664361653], [115.5827787210203, 40.29410520264082], [115.58277495715932, 40.29428533427175], [115.58289257903674, 40.29428677525657], [115.58288693364985, 40.29455697270554], [115.58300455600391, 40.294558413584525], [115.58300079268236, 40.2947385452189], [115.5834712834321, 40.294744307576], [115.58346940238285, 40.29483437340921], [115.58335177952662, 40.29483293299468], [115.58334801709056, 40.295013064647534], [115.58311277077928, 40.29501018344162], [115.58311465231368, 40.294920117625054], [115.58299702932686, 40.29491867684735], [115.58299326593742, 40.29509880846989], [115.58252277282632, 40.295093044127235], [115.58252465514957, 40.29500297833495], [115.58158367058343, 40.294991443948476], [115.58158178701164, 40.29508150970424], [115.58146416382301, 40.29508006736346], [115.58146228008665, 40.29517013311317], [115.58134465675047, 40.29516869064829], [115.58134277284955, 40.295258756391945], [115.58122514936576, 40.29525731380296], [115.58122326530028, 40.295347379540594], [115.58110564166894, 40.2953459368275], [115.5811037574389, 40.295436002559065], [115.58098613365998, 40.295434559721876], [115.58098236486224, 40.29561469117146], [115.58086474077965, 40.29561324820559], [115.58086285621197, 40.295703313923575], [115.58074523198182, 40.295701870833604], [115.58074334724958, 40.295791936545555], [115.58062572287186, 40.295790493331474], [115.58062195306967, 40.29597062474179], [115.5805043283883, 40.29596918139903], [115.5805024433184, 40.29605924709741], [115.58038481848943, 40.29605780363053], [115.58038293325497, 40.296147869322866], [115.58026530827843, 40.296146425731884], [115.58026153747181, 40.296326557102944], [115.58014391219163, 40.29632511338328], [115.5801420266195, 40.29641517906202], [115.58002440119174, 40.29641373521826], [115.58002062970976, 40.296593866562155], [115.57978537825545, 40.296590978497704], [115.57978349218956, 40.296681044158305], [115.57966586631909, 40.29667959994219], [115.57966209384962, 40.29685973124978], [115.57954446767546, 40.296858286904985], [115.5795331491264, 40.297398680764815], [115.57941552202428, 40.297397236273035], [115.57941363541356, 40.29748730190659], [115.57929600816385, 40.297485857290695], [115.57929789493063, 40.29739579166172], [115.57906264076891, 40.29739290208044], [115.57906452783936, 40.29730283645913], [115.57918215475989, 40.29730428130497], [115.57919158920411, 40.296853953153345], [115.57930921535271, 40.29685539785677], [115.57931110205996, 40.29676533221743], [115.57919347606742, 40.29676388751859], [115.57919536292222, 40.29667382188234], [115.57931298875869, 40.296675266576614], [115.5793186488038, 40.29640506964528], [115.57955389956577, 40.29640795864777], [115.5795557859183, 40.29631789299189], [115.57967341115597, 40.29631933730925], [115.57967529734393, 40.29622927164731], [115.57979292243401, 40.29623071584056], [115.57979858047861, 40.29596051883215], [115.57991620510897, 40.29596196289215], [115.57991997678404, 40.29578183153667], [115.58003760111075, 40.29578327546798], [115.58004702936924, 40.29533294703053], [115.58016465292408, 40.29533439081945], [115.58017030930894, 40.295064193725516], [115.58028793240409, 40.295065637381185], [115.58029547350728, 40.29470537455027], [115.58041309598664, 40.29470681806812], [115.58041498108511, 40.29461675235213], [115.5802973587618, 40.294615308838836], [115.58030112924538, 40.29443517741154], [115.58006588524853, 40.29443229004466], [115.58006777078968, 40.29434222433793], [115.57971490532634, 40.29433789240482], [115.57971679132717, 40.29424782671034], [115.57924630478605, 40.29424204914437], [115.57924819140264, 40.29415198346669], [115.5788953270543, 40.29414764905086], [115.57889721413054, 40.294057583385424], [115.57842672907613, 40.29405180250919], [115.57842861676814, 40.29396173686057], [115.57642905945974, 40.29393714687824], [115.57642716911472, 40.294027212449], [115.57607430584777, 40.29402286944071], [115.57607241502605, 40.29411293499625], [115.57560193016519, 40.29410714262678], [115.57560003871073, 40.294197208162494], [115.57524717468647, 40.29419286261656], [115.57524528275529, 40.29428292813703], [115.57477479688481, 40.29427713238401], [115.57477290432082, 40.29436719788466], [115.57453766112467, 40.29436429928178], [115.57453955400076, 40.29427423379032], [115.57442193257154, 40.294272784314174], [115.57442003953939, 40.294362849801054], [115.57406717483477, 40.29435850064167], [115.57406528132591, 40.2944485661133], [115.57394765961871, 40.294447116149854], [115.57394387226323, 40.2946272470795], [115.57382625025245, 40.29462579698734], [115.57382435640585, 40.29471586244536], [115.57370673424755, 40.29471441222907], [115.57370484023632, 40.294804477681], [115.57358721793051, 40.2948030273406], [115.5735815353774, 40.295073223673754], [115.57346391261194, 40.29507177320003], [115.57346201825442, 40.29516183863686], [115.5733443953414, 40.29516038803903], [115.5733425008193, 40.295250453469784], [115.57310725470677, 40.295247551906314], [115.57311104436673, 40.29506742106168], [115.57299342163543, 40.295065970109825], [115.57299531660867, 40.29497590468989], [115.57287769404195, 40.29497445362309], [115.57287958916271, 40.29488438820626], [115.57276196676062, 40.29488293702453], [115.57276007148381, 40.29497300243677], [115.57240720386062, 40.2949686481606], [115.57240530810705, 40.295058713557566], [115.57228768542704, 40.2950572618885], [115.57228578950885, 40.29514732727939], [115.57169767545662, 40.29514006711812], [115.57169577874954, 40.29523013248456], [115.57146053287637, 40.29522722757412], [115.57145863584863, 40.29531729292985], [115.57098814358069, 40.29531148165617], [115.5709862459201, 40.29540154699203], [115.57086862271845, 40.29540009387017], [115.5708705205351, 40.2953100285389], [115.57075289749807, 40.295308575302116], [115.57075669341782, 40.29512844464433], [115.57063907070146, 40.29512699129721], [115.57064096880458, 40.295036925970706], [115.57052334625286, 40.29503547250864], [115.57052144799368, 40.29512553783055], [115.5702862026038, 40.29512263053863], [115.57028430402391, 40.29521269584985], [115.57040192687064, 40.295214149560174], [115.5704000284383, 40.29530421487451], [115.57028240543549, 40.29530276115959], [115.57028050683849, 40.29539282646784], [115.56981001428865, 40.295387010394364], [115.56980431657345, 40.29565720625503], [115.5696866929892, 40.295655751923995], [115.56967719584559, 40.29610607830579], [115.56955957148955, 40.296104623832214], [115.56955767187904, 40.29619468909952], [115.5694400473755, 40.29619323450181], [115.56943624781665, 40.296373365022774], [115.5692009982109, 40.29637045545029], [115.56919339774186, 40.2967307164376], [115.56907577232752, 40.296729261453635], [115.56907387203276, 40.296819326692145], [115.5689562464709, 40.29681787158403], [115.5689543460115, 40.29690793681647], [115.56883672030217, 40.2969064815842], [115.56883481967809, 40.29699654681055], [115.56895244554352, 40.296998002047424], [115.56895054506695, 40.29708806727689], [115.56883291904545, 40.29708661203541], [115.56882341575373, 40.29753693813752], [115.56870578896036, 40.297535482753446], [115.56870388812023, 40.297625547964834], [115.56846863424707, 40.297622636828855], [115.56847243654312, 40.29744250642307], [115.56835480993158, 40.29744105068498], [115.56835290863177, 40.297531115884006], [115.56823528187269, 40.297529660021766], [115.56823147893513, 40.29770979040617], [115.5681138518725, 40.29770833441516], [115.56811004858847, 40.297888464784414], [115.56799242122221, 40.29788700866465], [115.56798671576361, 40.29815720419359], [115.5678690879377, 40.29815574794044], [115.56786528394355, 40.29833587827646], [115.567747655814, 40.29833442189456], [115.56774575364798, 40.29842448705572], [115.56762812537092, 40.29842303054965], [115.56762622304022, 40.29851309570472], [115.56750859461567, 40.298511639074505], [115.5675066921203, 40.29860170422349], [115.56738906354822, 40.2986002474691], [115.56738525821957, 40.298780377753395], [115.56726762934387, 40.29877892087025], [115.56726192081828, 40.29904911627175], [115.56737955016226, 40.299050573168735], [115.56737574474784, 40.29923070343823], [115.56725811509163, 40.29922924653202], [115.56726001795926, 40.29913918140263], [115.56702475898484, 40.29913626724077], [115.56702666215608, 40.29904620211911], [115.56679140352819, 40.29904328748829], [115.56679330700302, 40.2989532223744], [115.56667567785803, 40.298951764884265], [115.56667758148038, 40.298861699773504], [115.5665599525001, 40.298860242168445], [115.56656185626993, 40.2987701770608], [115.56644422745431, 40.29876871934082], [115.56644803528046, 40.29858858913034], [115.5663304067856, 40.298587131300025], [115.56633611892867, 40.298316935987046], [115.5662184909107, 40.29831547805104], [115.56622610760564, 40.29795521763145], [115.56610848022059, 40.29795375959434], [115.5661160974025, 40.29759349916953], [115.56599847065038, 40.29759204103135], [115.56600608831921, 40.297231780601294], [115.56588846220002, 40.29723032236204], [115.56590179388242, 40.29659986658473], [115.56578416886435, 40.29659840825826], [115.56578797815135, 40.29641827803207], [115.56590560285724, 40.29641973634931], [115.56591702957562, 40.295879345607496], [115.56603465335367, 40.295880803777486], [115.56604036612869, 40.29561060837274], [115.56615798944713, 40.29561206640936], [115.56616179760876, 40.2954319361229], [115.56627942062363, 40.29543339403075], [115.56628513233348, 40.295163198576084], [115.56640275488873, 40.29516465635056], [115.5664103697574, 40.29480439570513], [115.566527991697, 40.29480585334161], [115.56653179876771, 40.29462572300079], [115.56664942040375, 40.2946271805085], [115.56665513047726, 40.29435698497231], [115.56677275165372, 40.294358442346656], [115.56677655801437, 40.294178311972566], [115.56689417888727, 40.294179769218154], [115.56689608189865, 40.294089704024266], [115.56701370262411, 40.294091161145715], [115.56701560547084, 40.294001095945745], [115.56713322604881, 40.294002552943056], [115.56713512873092, 40.29391248773697], [115.5672527491614, 40.29391394461014], [115.56725465167888, 40.293823879397976], [115.56748989225348, 40.29382679277649], [115.56749179445026, 40.29373672755363], [115.56772703474705, 40.29373964044482], [115.56772893662317, 40.29364957521125], [115.56784655662835, 40.29365103147294], [115.56784845833984, 40.29356096623327], [115.56820131793876, 40.293565334287365], [115.56820321917348, 40.29347526903239], [115.56832083890087, 40.293476724806744], [115.56832464103255, 40.29329659428315], [115.5684422604564, 40.29329804992877], [115.56844416135333, 40.29320798466014], [115.56856178062971, 40.29320944018162], [115.56856558208574, 40.2930293096307], [115.56868320105858, 40.293030765023445], [115.5686851016177, 40.29294069974116], [115.56880272044307, 40.29294215500977], [115.56880462083757, 40.29285208972139], [115.56892223951546, 40.29285354486587], [115.56893174057915, 40.29240321837873], [115.56881412268147, 40.29240176325727], [115.56881602302455, 40.29231169796002], [115.56858078756704, 40.292308787367766], [115.56858268821361, 40.29221872207823], [115.56775936547459, 40.292208531272685], [115.56775746373569, 40.29229859652995], [115.56716937554197, 40.292291313774456], [115.56717127806108, 40.292201248540245], [115.56705366060412, 40.292199791635184], [115.5670574659287, 40.29201966117155], [115.56693984879239, 40.2920182041562], [115.5669436543947, 40.291838073695864], [115.56706127121895, 40.291839530701985], [115.56706317385121, 40.29174946546498], [115.56718079052797, 40.29175092234697], [115.5671826929956, 40.291660857103864], [115.56730030952491, 40.291662313861714], [115.56730221182795, 40.29157224861254], [115.5676550609992, 40.29157661815516], [115.56765696282554, 40.291486552890674], [115.56777457907707, 40.291488009161235], [115.56777838239194, 40.29130787861856], [115.56789599833996, 40.29130933476038], [115.56789789982851, 40.2912192694822], [115.56801551562909, 40.2912207254999], [115.56801741695301, 40.29113066021564], [115.56813503260612, 40.29113211610922], [115.56813693376546, 40.29104205081886], [115.56825454927109, 40.291043506588316], [115.56825645026582, 40.29095344129187], [115.56849168099075, 40.290956352463], [115.56849358166484, 40.29086628715585], [115.56872881211201, 40.2908691978397], [115.56873071246545, 40.29077913252186], [115.56884832754585, 40.29078058767991], [115.56885212791497, 40.29060045703059], [115.56896974269186, 40.29060191205991], [115.56897164270755, 40.29051184672841], [115.569089257337, 40.29051330163362], [115.56909685668991, 40.29015304027442], [115.56921447070381, 40.29015449504167], [115.56924486424856, 40.28871344929427], [115.569127252731, 40.2887119946007], [115.56914624914312, 40.287811340862135], [115.56926385910056, 40.28781279550963], [115.56927145680154, 40.287452533954315], [115.56938906614351, 40.287453988463895], [115.56939286463061, 40.287273857668154], [115.56951047366913, 40.287275312049026], [115.56951427180995, 40.28709518123814], [115.56963188054502, 40.28709663549031], [115.56963567833961, 40.2869165046643], [115.56975328677123, 40.286917958787754], [115.56975708421956, 40.2867378279466], [115.56987469234775, 40.28673928194136], [115.56988988055062, 40.2860187584807], [115.56977227367042, 40.28601730452278], [115.56977796957324, 40.285747108214416], [115.56966036316956, 40.2857456541508], [115.5696622619427, 40.285655588716324], [115.5695446557036, 40.28565413453783], [115.56954655462418, 40.28556406910647], [115.56942894854961, 40.285562614813095], [115.56943084761761, 40.285472549384856], [115.56931324170762, 40.28547109497657], [115.56931514092305, 40.285381029551466], [115.56919753517761, 40.28537957502831], [115.56919943454047, 40.285289509606315], [115.56896422338724, 40.285286600210725], [115.56896612305351, 40.28519653479647], [115.56873091224655, 40.28519362493212], [115.5687328122162, 40.28510355952559], [115.56861520698155, 40.28510210441879], [115.56861710709866, 40.28501203901539], [115.56849950202856, 40.2850105837937], [115.56850330254903, 40.28483045299168], [115.56838569779949, 40.28482899765972], [115.56838759820285, 40.28473893226109], [115.56826999361783, 40.28473747681425], [115.56827189416862, 40.28464741141876], [115.56815428974816, 40.28464595585703], [115.56815619044637, 40.28455589046465], [115.56792098194316, 40.28455297899195], [115.56792288294474, 40.284462913607335], [115.56780527886195, 40.284461457696345], [115.56780718001096, 40.28437139231485], [115.56768957609276, 40.284369936288996], [115.56769147738916, 40.28427987091062], [115.56745626989043, 40.284276958509665], [115.56745817149023, 40.28418689313904], [115.5673405679097, 40.284185436763934], [115.5673424696569, 40.284095371396425], [115.56722486624092, 40.28409391490646], [115.56722676813551, 40.284003849542096], [115.5671091648841, 40.28400239293724], [115.56711106692612, 40.283912327576], [115.56699346383925, 40.28391087085628], [115.56699536602865, 40.28382080549817], [115.56605454289031, 40.28380914747581], [115.56605644631898, 40.28371908215313], [115.56535083026154, 40.28371033364567], [115.56535273461745, 40.28362026834921], [115.5651175296456, 40.283617351233424], [115.56511943430486, 40.283527285944714], [115.5650018319878, 40.28352582721221], [115.56500564159256, 40.283345696639586], [115.56488803959603, 40.283344237796825], [115.56489184947839, 40.283164107227535], [115.56500945116298, 40.28316556606105], [115.56501326069902, 40.282985435476576], [115.56513086208025, 40.28298689418137], [115.56513276667943, 40.28289682888229], [115.56525036791326, 40.28289828746299], [115.56525227234789, 40.282808222157804], [115.56536987343435, 40.282809680614406], [115.56537177770443, 40.28271961530312], [115.56548937864349, 40.28272107363563], [115.56549509093426, 40.28245087767907], [115.56537749046309, 40.28244941936042], [115.56537939469881, 40.28235935404322], [115.56526179439216, 40.282357895609714], [115.56526369877525, 40.28226783029566], [115.56514609863318, 40.28226637174729], [115.56514800316364, 40.28217630643636], [115.5650304031861, 40.282174847773135], [115.56503230786396, 40.28208478246535], [115.56491470805096, 40.28208332368726], [115.56492042250086, 40.28181312776887], [115.56503802184596, 40.2818145865331], [115.56503992648946, 40.28172452121938], [115.56515752568718, 40.281725979859516], [115.56515943016613, 40.28163591453971], [115.56574742550376, 40.28164320592516], [115.5657455218046, 40.28173327126806], [115.5663335181366, 40.28174055968967], [115.56633161520867, 40.28183062505418], [115.56691961253495, 40.281837910511946], [115.56691771037825, 40.28192797589802], [115.56727050934485, 40.28193234575278], [115.56726860764746, 40.282022411151225], [115.56738620747609, 40.28202386753514], [115.5673843059261, 40.28211393293671], [115.56750190591927, 40.28211538920575], [115.56750000451667, 40.28220545461044], [115.56761760467438, 40.282206910764614], [115.56761380215539, 40.28238704157877], [115.56773140263361, 40.2823884976227], [115.56773330374142, 40.282298432211746], [115.56785090407224, 40.28229988813157], [115.56785280501553, 40.282209822714535], [115.56808800539098, 40.28221273418654], [115.56808990601377, 40.28212266875879], [115.56820750605836, 40.28212412431097], [115.56820940651662, 40.28203405887713], [115.56832700641382, 40.282035514305214], [115.56832890670756, 40.2819454488653], [115.56844650645735, 40.281946904169295], [115.56844840658654, 40.28185683872329], [115.56868360579996, 40.28185974896365], [115.56868550560866, 40.28176968350693], [115.5689207045444, 40.28177259326016], [115.56892260403262, 40.281682527792775], [115.56915780269073, 40.281685437058876], [115.56915970185844, 40.28159537158079], [115.5697476978737, 40.2816026426322], [115.56974959625305, 40.281512577129604], [115.57010239349704, 40.28151693831291], [115.57010429139997, 40.28142687279503], [115.57033948929349, 40.28142977964399], [115.57034138687594, 40.281339714115425], [115.57045898567958, 40.28134116735608], [115.57046088309752, 40.28125110182144], [115.57069608041853, 40.281254007935146], [115.57069797751599, 40.28116394238981], [115.5708155760334, 40.28116539526284], [115.57081747296633, 40.281075329711435], [115.57093507133632, 40.281076782460396], [115.57093696810476, 40.28098671690291], [115.57105456632733, 40.28098816952778], [115.57105646293128, 40.28089810396422], [115.57117406100645, 40.28089955646503], [115.57117595744589, 40.28080949089539], [115.57129355537366, 40.28081094327212], [115.57129545164858, 40.28072087769639], [115.57141304942893, 40.28072232994907], [115.57141494553935, 40.280632264367256], [115.57153254317232, 40.280633716495856], [115.57153443911824, 40.280543650907966], [115.5716520366038, 40.28054510291249], [115.57165393238522, 40.280455037318525], [115.57177152972336, 40.28045648919899], [115.57177342534028, 40.280366423598956], [115.5720086197303, 40.28036932699226], [115.57201051502678, 40.280279261381544], [115.57212811207869, 40.280280712894395], [115.57213000721063, 40.2801906472776], [115.57236520102815, 40.280193549935696], [115.57236709583967, 40.28010348430823], [115.57248469260529, 40.28010493545347], [115.57248658725231, 40.28001486981994], [115.57272178049729, 40.280017771742834], [115.57272367482388, 40.27992770609863], [115.57284127130322, 40.279929156876264], [115.57284316546534, 40.279839091226], [115.57296076179729, 40.27984054187959], [115.5729626557949, 40.27975047622322], [115.5731978481725, 40.2797533771628], [115.57319974184969, 40.279663311495774], [115.57331733789533, 40.279664761781774], [115.5733211249122, 40.279484630434105], [115.57343872065452, 40.27948608059144], [115.5734406139942, 40.2793960149108], [115.5735582095891, 40.27939746494408], [115.5735601027643, 40.27930739925737], [115.5736776982118, 40.27930884916659], [115.5736795912225, 40.279218783473794], [115.5737971865226, 40.27922023325895], [115.57379907936883, 40.2791301675601], [115.57403426968273, 40.27913306676283], [115.57403616220856, 40.279043001053324], [115.57427135224468, 40.279045899769024], [115.5742732444501, 40.278955834048844], [115.57450843420845, 40.278958732277495], [115.57451032609345, 40.278868666546664], [115.57509829985895, 40.2788759100047], [115.57510019095572, 40.27878584424944], [115.57557056949783, 40.27879163684714], [115.57557245996232, 40.27870157107207], [115.57580764897264, 40.278704466644946], [115.57580953911672, 40.27861440085923], [115.57604472784925, 40.2786172959451], [115.57604661767293, 40.27852723014872], [115.57616421189604, 40.278528677507886], [115.57616610155526, 40.27843861170545], [115.57628369563095, 40.27844005894055], [115.5762855851257, 40.27834999313205], [115.576403179054, 40.278351440243114], [115.57640695770608, 40.27817130861255], [115.57652455133099, 40.278172755594966], [115.57652644048834, 40.27808268977288], [115.57664403396583, 40.27808413663126], [115.57664781194308, 40.27790400497348], [115.57676540511724, 40.27790545170324], [115.57677107155143, 40.27763525419173], [115.57688866426629, 40.27763670078828], [115.57689244153467, 40.27745656909737], [115.57701003394618, 40.2774580155653], [115.57701381086864, 40.27727788385932], [115.5771314029768, 40.27727933019863], [115.5771370678288, 40.277009132614815], [115.57725465947773, 40.277010578820935], [115.57725843569132, 40.27683044708184], [115.57737602703686, 40.27683189315933], [115.57737980290457, 40.27665176140517], [115.5774973939468, 40.276653207354045], [115.5775219342299, 40.275482350748106], [115.5774043452146, 40.27548090485875], [115.57741189640524, 40.27512064125569], [115.57729430802212, 40.275119195265184], [115.57731885047795, 40.273948338451255], [115.57720126413014, 40.273946892400815], [115.57720504007669, 40.27376676057025], [115.5770874540492, 40.27376531440952], [115.57709123027352, 40.27358518258219], [115.57697364456635, 40.27358373631119], [115.57697553282165, 40.27349367039989], [115.57685794727888, 40.27349222401401], [115.57685983568155, 40.27340215810581], [115.5767422503032, 40.27340071160507], [115.57673847317751, 40.27358084341083], [115.5766208874959, 40.2735793967815], [115.57661899876439, 40.27366946267758], [115.57650141293537, 40.27366801592423], [115.57651274613205, 40.273127620553], [115.57639516124692, 40.273126173707674], [115.57639705023914, 40.27303610781187], [115.57627946551843, 40.27303466085169], [115.57628513291162, 40.27276446316915], [115.57616754866713, 40.272763016103276], [115.57617321645132, 40.27249281842116], [115.57605563268302, 40.27249137124959], [115.57605752208329, 40.27240130535717], [115.57593993847938, 40.27239985807074], [115.57594182802703, 40.272309792181424], [115.57582424458754, 40.27230834478015], [115.57582613428254, 40.27221827889393], [115.57570855100745, 40.2722168313778], [115.57571233068367, 40.2720366996101], [115.57559474772889, 40.27203525198369], [115.57559663771009, 40.27194518610221], [115.57536147213789, 40.27194229050025], [115.57536336242235, 40.27185222462645], [115.5752457798049, 40.2718507766509], [115.57524767023673, 40.27176071078021], [115.5750125053392, 40.27175781447996], [115.57501439607427, 40.27166774861697], [115.57489681379418, 40.27166630029229], [115.57489870467661, 40.27157623443238], [115.57478112256094, 40.27157478599284], [115.57478490461199, 40.271394654277785], [115.57443215925137, 40.27139030827008], [115.57442459324454, 40.271750571639224], [115.57454217564641, 40.27175202044625], [115.57454028427928, 40.2718420862894], [115.57418753663156, 40.27183773949628], [115.57418942846637, 40.27174767366687], [115.57407184609006, 40.271746224501534], [115.57408319785503, 40.27120582952153], [115.57396561642256, 40.271204380264294], [115.57396940058774, 40.27102424860163], [115.57385181947556, 40.271022799234146], [115.57385938832705, 40.270662535909416], [115.57374180784691, 40.27066108644084], [115.5737474848636, 40.270390888945506], [115.57386506487612, 40.27039233840031], [115.57387263348873, 40.270032075034145], [115.57399021288629, 40.27003352435114], [115.57399399682967, 40.269853392649985], [115.57411157592401, 40.26985484183839], [115.57411346772705, 40.269764775981], [115.57423104667403, 40.26976622504539], [115.57423293831266, 40.269676159181934], [115.57435051711232, 40.2696776081223], [115.57435240858653, 40.26958754225277], [115.57446998723888, 40.269588991069135], [115.57447187854869, 40.26949892519354], [115.57470703556717, 40.26950182245879], [115.57470892655675, 40.269411756572545], [115.57482650492291, 40.26941320502144], [115.57482839574811, 40.269323139129135], [115.57494597396693, 40.26932458745402], [115.57494975528, 40.26914445565579], [115.57506733319559, 40.26914590385209], [115.57506922368349, 40.269055837946155], [115.57518680145175, 40.26905728601844], [115.57518869177524, 40.268967220106454], [115.5753062693962, 40.26896866805472], [115.57530815955528, 40.26887860213667], [115.57542573702888, 40.268880049960934], [115.57542951700981, 40.268699918111224], [115.57554709418021, 40.268701365806876], [115.57555087381532, 40.26852123394208], [115.5756684506825, 40.26852268150916], [115.57567222997183, 40.26834254962928], [115.57578980653582, 40.26834399706776], [115.5757973643888, 40.267983733271905], [115.57591494033787, 40.26798518057263], [115.57593572201647, 40.2669944549615], [115.57581814778176, 40.26699300771118], [115.57582948374349, 40.266452611875316], [115.5757119104524, 40.26645116453308], [115.57571568934985, 40.26627103258511], [115.57548054341657, 40.26626813756072], [115.57548243316421, 40.266178071593686], [115.57465942375701, 40.2661679352789], [115.57465753291848, 40.266258001213835], [115.57442238713861, 40.26625510404002], [115.57442049597988, 40.26634516996431], [115.5741853499224, 40.26634227230365], [115.57418345844346, 40.26643233821727], [115.57383073895367, 40.26642799081693], [115.5738288469987, 40.26651805671531], [115.57324098057379, 40.266510808636845], [115.57323908783104, 40.26660087451079], [115.57288636761095, 40.266596524216965], [115.57288447439214, 40.266686590075665], [115.57241418026149, 40.266680787993714], [115.57241228641074, 40.266770853832575], [115.57194199179334, 40.26676504982163], [115.57194009731067, 40.26685511564061], [115.57158737596976, 40.26685076136476], [115.571585481011, 40.26694082716847], [115.57111518538603, 40.266935019777144], [115.57111897654174, 40.26675488820501], [115.57100140296855, 40.26675343606782], [115.57101846414879, 40.26594284396131], [115.57090089198672, 40.26594139174611], [115.57091037090025, 40.26549106276923], [115.57102794228314, 40.26549251496144], [115.5710336290612, 40.265222317543746], [115.57115119998514, 40.26522376960276], [115.57115499081611, 40.26504363797438], [115.57127256143694, 40.26504508990479], [115.57127635192207, 40.26486495826126], [115.57139392223976, 40.26486641006307], [115.57139581731369, 40.26477634423451], [115.57151338748409, 40.26477779591231], [115.57151528239363, 40.26468773007765], [115.57186799248862, 40.26469208438083], [115.57186988692213, 40.26460201853093], [115.5722225966265, 40.26460637174566], [115.57222070266047, 40.26469643760936], [115.57280855311767, 40.26470369060211], [115.57281044630454, 40.26461362471543], [115.57316315621381, 40.26461797506444], [115.573166941627, 40.2644378432591], [115.57328451130215, 40.264439293127445], [115.57328829636957, 40.26425916130702], [115.5734058657416, 40.26426061104677], [115.57340775810668, 40.264170545129744], [115.57352532733145, 40.264171994745496], [115.57352721953218, 40.2640819288224], [115.57364478860963, 40.26408337831417], [115.57364668064598, 40.26399331238501], [115.57376424957616, 40.26399476175278], [115.57376803331165, 40.26381462988081], [115.57388560193868, 40.263816079120005], [115.57388749363783, 40.26372601317723], [115.57400506211758, 40.26372746229242], [115.57400884517862, 40.26354733039324], [115.57412641335523, 40.263548779379846], [115.57412830471716, 40.26345871342345], [115.5742458727465, 40.26346016228608], [115.57424965513309, 40.26328003035965], [115.57436722285931, 40.26328147909372], [115.57436911388399, 40.2631914131237], [115.57448668146294, 40.263192861733756], [115.5744904631751, 40.26301272978011], [115.57460803045092, 40.26301417826159], [115.57460992113842, 40.26292411227797], [115.57472748826694, 40.26292556063547], [115.5747312693047, 40.2627454286546], [115.57484883613012, 40.26274687688353], [115.57485072648039, 40.2626568108863], [115.57496829315853, 40.262658258991245], [115.57497018334449, 40.262568192987935], [115.57508774987531, 40.2625696409689], [115.57508963989693, 40.26247957495952], [115.57520720628047, 40.262481022816516], [115.57520909613775, 40.26239095680107], [115.575326662374, 40.262392404534076], [115.57532855206695, 40.262302338512576], [115.5754461181559, 40.2623037861216], [115.57544800768453, 40.262213720094024], [115.57556557362619, 40.262215167579065], [115.57556746299048, 40.26212510154544], [115.57568502878486, 40.26212654890651], [115.57568691798483, 40.26203648286681], [115.5758044836319, 40.26203793010388], [115.57580637266751, 40.261947864058136], [115.57592393816732, 40.26194931117124], [115.57592582703862, 40.26185924511942], [115.57604339239113, 40.261860692108556], [115.5760452810981, 40.26177062605068], [115.57616284630332, 40.261772072915825], [115.57616473484597, 40.26168200685188], [115.57628229990388, 40.26168345359306], [115.57628418828222, 40.26159338752306], [115.57640175319283, 40.26159483414027], [115.57640364140686, 40.26150476806419], [115.57652120617018, 40.26150621455743], [115.57652687029376, 40.261236016306626], [115.5766444345982, 40.26123746266671], [115.57665009817777, 40.260967264388846], [115.57676766202327, 40.260968710615806], [115.5767695497103, 40.26087864451564], [115.57688711340855, 40.26088009061864], [115.57688900093126, 40.26079002451242], [115.57712412804166, 40.26079291635107], [115.57712601524429, 40.26070285023422], [115.57700845184063, 40.260701404379155], [115.57701600118922, 40.26034113991524], [115.57689843841726, 40.260339693959125], [115.57690410080673, 40.26006949560938], [115.57678653851067, 40.2600680495476], [115.57678842611261, 40.25997798343265], [115.57667086398087, 40.25997653725606], [115.57668407804667, 40.259346074441964], [115.57680163908789, 40.25934752058649], [115.5768054141471, 40.25916738833142], [115.57692297488522, 40.25916883434741], [115.57692486224627, 40.25907876821307], [115.57727754404439, 40.259083105531005], [115.57727565715071, 40.25917317167908], [115.57739321792289, 40.259174617217525], [115.5773856708862, 40.25953488181332], [115.57750323229007, 40.2595363272507], [115.57749945903228, 40.259716459548876], [115.57761702075621, 40.25971790487602], [115.57761513427035, 40.25980797102746], [115.57773269615856, 40.2598094162398], [115.57772892347289, 40.25998954854741], [115.57784648568122, 40.25999099364951], [115.57783328210415, 40.26062145671153], [115.57771571880524, 40.2606200115774], [115.57771383239015, 40.260710077718635], [115.57759626894396, 40.26070863246052], [115.57759438236454, 40.26079869859569], [115.57747681877106, 40.26079725321363], [115.57747493202734, 40.260887319342736], [115.57735736828657, 40.2608858738367], [115.57735170753695, 40.26115607220141], [115.57746927174514, 40.261157517721195], [115.57746738496739, 40.26124758384438], [115.57758494933988, 40.26124902924934], [115.57758306270944, 40.261339095375625], [115.57781819179152, 40.261341985836516], [115.57781630546418, 40.26143205197048], [115.57805143489192, 40.261434941962946], [115.5780495488677, 40.261525008104584], [115.57828467864103, 40.26152789762861], [115.57828279291991, 40.261617963777915], [115.5794584438547, 40.26163240428021], [115.57945655968315, 40.26172247047378], [115.58122004001491, 40.26174410890928], [115.58122192184935, 40.261654042647194], [115.58133948711689, 40.26165548424984], [115.58133760543828, 40.26174555051649], [115.58180786721648, 40.26175131575136], [115.58181351035722, 40.26148111689224], [115.58193107535554, 40.26148255788878], [115.58193483709535, 40.26130242529951], [115.58181727240866, 40.2613009843121], [115.58182855835936, 40.26076058653617], [115.58194612211126, 40.2607620274962], [115.58195176450475, 40.260491828574594], [115.58206932779774, 40.260493269401536], [115.58207308903938, 40.2603131367706], [115.58219065202925, 40.260314577469046], [115.58219441292542, 40.26013444482308], [115.58231197561216, 40.26013588539301], [115.58231385589174, 40.26004581906324], [115.58243141843116, 40.26004725950922], [115.58243517865328, 40.25986712683611], [115.58255274088958, 40.25986856715358], [115.58255462083213, 40.25977850081026], [115.58267218292112, 40.259779941003785], [115.58267594246922, 40.25959980830357], [115.5827935042551, 40.259601248368575], [115.58279726345769, 40.259421115653325], [115.58291482494047, 40.25942255558983], [115.58291670437326, 40.25933248922543], [115.58303426570873, 40.259333929038], [115.58303614497724, 40.25924386266755], [115.583271267362, 40.25924674192541], [115.58327314631047, 40.25915667554436], [115.58339070735977, 40.259158114989646], [115.583392586144, 40.25906804860258], [115.58362770795641, 40.25907092712589], [115.58362958642059, 40.25898086072822], [115.58374714718373, 40.25898229980624], [115.58374902548366, 40.258892233402534], [115.58386658609945, 40.25889367235661], [115.5838684642351, 40.258803605946866], [115.58410358518054, 40.258806483487774], [115.58410546299618, 40.25871641706745], [115.5842230233258, 40.258717855654254], [115.58422490097718, 40.25862778922788], [115.5843424611595, 40.258629227690776], [115.58434433864662, 40.25853916125837], [115.5844618986816, 40.25854059959731], [115.58446377600448, 40.25845053315888], [115.58458133589212, 40.25845197137388], [115.58458321305076, 40.258361904929416], [115.58470077279112, 40.25836334302049], [115.58470264978551, 40.25827327656999], [115.58482020937852, 40.25827471453712], [115.58482396303036, 40.25809458162258], [115.58494152232029, 40.258096019461235], [115.58494339897773, 40.25800595299717], [115.58506095812031, 40.25800739071189], [115.58506471109827, 40.25782725777026], [115.58518226993776, 40.25782869535649], [115.58518602257031, 40.25764856239984], [115.58530358110671, 40.25764999985758], [115.58530545725452, 40.25755993337249], [115.5854230156436, 40.257561370706306], [115.58542676760229, 40.257381237722576], [115.58554432568826, 40.257382674927904], [115.58554620149917, 40.257292608429275], [115.58566375943782, 40.25729404551068], [115.58566751072269, 40.25711391249987], [115.58590262600228, 40.257116786286346], [115.58590450132047, 40.257026719769634], [115.58602205881719, 40.25702815647925], [115.58602393397113, 40.25693808995649], [115.58614149132053, 40.256939526542205], [115.58614336631028, 40.25684946001343], [115.58649603794186, 40.25685376904063], [115.58649791245583, 40.25676370249672], [115.58661546952746, 40.25676513859583], [115.58661734387721, 40.2566750720459], [115.58673490080156, 40.25667650802107], [115.58673864916418, 40.25649637490769], [115.58697376241508, 40.25649924648174], [115.58697563627219, 40.25640917991373], [115.58709319275455, 40.256410615517154], [115.58709506644743, 40.25632054894312], [115.58733017912597, 40.25632341978274], [115.58733392586333, 40.25614328661206], [115.58745148190374, 40.25614472184372], [115.58745522829577, 40.25596458865804], [115.5875727840331, 40.25596602376123], [115.58757465706067, 40.25587595716162], [115.58769221265067, 40.25587739214091], [115.58769408551404, 40.25578732553527], [115.58781164095673, 40.25578876039065], [115.58781725902891, 40.25551856055125], [115.58793481401273, 40.25551999527362], [115.58795353881371, 40.254619329000775], [115.58783598538744, 40.25461789432384], [115.58784160313039, 40.25434769442679], [115.58772405017986, 40.254346259644116], [115.5877277956111, 40.254166126381115], [115.58784534825014, 40.254167561154695], [115.58787156314297, 40.25290662808442], [115.58798911360999, 40.252908062675026], [115.58799660265254, 40.25254779601212], [115.58811415250504, 40.2525492304652], [115.58811976873112, 40.25227903043888], [115.58823731812484, 40.252280464758975], [115.58824106192189, 40.25210033139161], [115.58835861101258, 40.25210176558328], [115.5883623544644, 40.25192163220092], [115.58847990325206, 40.25192306626414], [115.5884817748096, 40.2518329995662], [115.58859932344996, 40.25183443350552], [115.5886011948433, 40.25174436680157], [115.58871874333637, 40.251745800616995], [115.58872248578632, 40.25156566719555], [115.58884003397634, 40.251567100882546], [115.58884190503292, 40.25147703416508], [115.58895945307567, 40.251478467728184], [115.58896132396809, 40.25138840100469], [115.58907887186355, 40.2513898344439], [115.58908261331159, 40.251209700983395], [115.58920016090404, 40.251211134294174], [115.58920577254568, 40.25094093407872], [115.58932331967937, 40.25094236725653], [115.58932893077798, 40.25067216701414], [115.5894464774529, 40.25067360005899], [115.58945021783168, 40.25049346654761], [115.58956776420361, 40.25049489946402], [115.5895733742414, 40.250224699172236], [115.58969092015458, 40.2502261319557], [115.58969465982616, 40.25004599841137], [115.58981220543636, 40.2500474310664], [115.58981594476279, 40.2498672975071], [115.58993349006994, 40.24986873003372], [115.58993535956482, 40.249778663247305], [115.59005290472467, 40.24978009565003], [115.5900547740554, 40.249690028857614], [115.59017231906799, 40.24969146113647], [115.59017979568372, 40.24933119393385], [115.59029734008185, 40.24933262607521], [115.590299209059, 40.249242559266314], [115.59018166481657, 40.249241127129494], [115.59018540305705, 40.249060993516366], [115.59006785913448, 40.24905956126926], [115.5900697283978, 40.24896949446501], [115.58995218463934, 40.2489680621031], [115.58995405404993, 40.24887799530192], [115.58971896686975, 40.248875130229145], [115.58972083658335, 40.24878506343555], [115.58936820634345, 40.24878076494494], [115.58937007651573, 40.24869069816347], [115.5891349900427, 40.24868783191543], [115.58913686051798, 40.24859776514157], [115.5887842313388, 40.24859346488807], [115.58878236039642, 40.248683531648304], [115.58842973082601, 40.24867923030712], [115.58842785940806, 40.248769297052256], [115.58831031607909, 40.248767863028625], [115.58831218765276, 40.24867779628803], [115.58807710133155, 40.248674927891834], [115.5880789732082, 40.24858486115885], [115.58784388723214, 40.24858199229437], [115.58784575941176, 40.248491925568985], [115.58749313097813, 40.248487621390844], [115.58749125833141, 40.24857768810261], [115.58690354366566, 40.24857051206284], [115.58690541709093, 40.24848044537382], [115.58678787433881, 40.24847900981239], [115.58679911564738, 40.24793860967441], [115.58691665746527, 40.24794004520855], [115.58691853083144, 40.24784997850915], [115.58703607250206, 40.247851413919435], [115.58703794570407, 40.24776134721402], [115.58715548722745, 40.247762782500395], [115.58715736026531, 40.24767271578897], [115.58727490164142, 40.247674150951475], [115.58727677451515, 40.24758408423401], [115.587394315744, 40.24758551927265], [115.58739618845358, 40.24749545254915], [115.58798389394596, 40.247502625929485], [115.58798202201488, 40.24759269267568], [115.58809956329438, 40.24759412699827], [115.58809769151054, 40.24768419374754], [115.58845031586675, 40.24768849601294], [115.58844844454158, 40.24777856277433], [115.58856598616623, 40.24777999662867], [115.58856785733569, 40.24768992986273], [115.58868539881306, 40.24769136359319], [115.5886872698184, 40.24760129682122], [115.5888048111485, 40.2476027304278], [115.58880855282244, 40.247422596870344], [115.58892609384958, 40.2474240303485], [115.5889335764735, 40.24706376319771], [115.58858095528572, 40.247059462459696], [115.5885828263877, 40.24696939568191], [115.58834774594942, 40.24696652793564], [115.58834961735437, 40.24687646116547], [115.58823207730357, 40.24687502711788], [115.58823394885576, 40.246784960350766], [115.58811640896913, 40.24678352618839], [115.58812015235956, 40.24660339265882], [115.58800261279274, 40.24660195838619], [115.58800635646084, 40.24642182485978], [115.58788881721381, 40.2464203904769], [115.58789443311974, 40.24615019018984], [115.58801197189969, 40.24615162455909], [115.58801384369578, 40.24606155778924], [115.58813138232847, 40.24606299203462], [115.58813325396041, 40.24597292525875], [115.58825079244585, 40.24597435938025], [115.58826202112627, 40.24543395866671], [115.58814448357495, 40.24543252457245], [115.58814635514784, 40.24534245778623], [115.58802881776063, 40.24534102357719], [115.58803068948077, 40.24525095679403], [115.58779561504304, 40.24524808802705], [115.5877974870661, 40.24515802125149], [115.58685719089821, 40.24514654144682], [115.58685906415829, 40.245056474706146], [115.5866239905121, 40.24505360357081], [115.58662773762961, 40.24487347010321], [115.58651020113055, 40.244872034365635], [115.58651207483233, 40.244781967634175], [115.5863945384974, 40.244780531781835], [115.5863964123464, 40.244690465053424], [115.58627887617557, 40.2446890290863], [115.58628075017182, 40.24459896236097], [115.58616321416513, 40.244597526279065], [115.58616508830858, 40.24450745955681], [115.58604755246601, 40.24450602336013], [115.58604942675672, 40.244415956640935], [115.58581435540829, 40.24441308389872], [115.58581623000187, 40.24432301718715], [115.58546362350961, 40.24431870719255], [115.58546549856176, 40.24422864049314], [115.58534796323693, 40.24422720359418], [115.58534983843631, 40.24413713689785], [115.58523230327559, 40.24413569988411], [115.58523605396036, 40.24395556649611], [115.58511851911945, 40.24395412937216], [115.5851222700817, 40.24377399598735], [115.58500473556057, 40.24377255875318], [115.58500848680038, 40.243592425371546], [115.58489095259904, 40.243590988027165], [115.58489282836192, 40.24350092133868], [115.58477529432473, 40.24349948387953], [115.58477904613645, 40.24331935050724], [115.58466151241903, 40.243317912937876], [115.58466338846789, 40.24322784625405], [115.5845458549146, 40.24322640856993], [115.58454773111065, 40.24313634188919], [115.58443019772147, 40.2431349040903], [115.58443207406474, 40.24304483741263], [115.58431454083969, 40.243043399498966], [115.58431641733016, 40.24295333282438], [115.58419888426923, 40.242951894795965], [115.5842007609069, 40.24286182812445], [115.5840832280101, 40.24286038998127], [115.5840869815714, 40.24268025664291], [115.58396944899435, 40.242678818389514], [115.58398446414637, 40.24195828501342], [115.58410199547811, 40.24195972323037], [115.58410762555357, 40.24168952317626], [115.58422515642683, 40.24169096126025], [115.58422890945685, 40.241510827874336], [115.58434644002725, 40.2415122658299], [115.58435019271214, 40.24133213242896], [115.58446772297968, 40.2413335702561], [115.5844695991538, 40.24124350354886], [115.58458712927415, 40.241244941252134], [115.58459088128572, 40.24106480782413], [115.58470841110324, 40.24106624539898], [115.58471028694068, 40.2409761786782], [115.58482781661101, 40.2409776161292], [115.58483156794924, 40.24079748267411], [115.58494909731672, 40.240798919996706], [115.5849509728175, 40.240708853262376], [115.58506850203781, 40.2407102904611], [115.58507037737448, 40.240620223720754], [115.58518790644759, 40.240621660795625], [115.58519165678432, 40.240441527301385], [115.58530918555459, 40.24044296424785], [115.58531481052933, 40.24017276398175], [115.58543233884112, 40.24017420079525], [115.58543608847074, 40.23999406726802], [115.58555361647973, 40.239995503953125], [115.58555736576425, 40.23981537041088], [115.58567489347038, 40.23981680696757], [115.58567676794435, 40.23972674018969], [115.58579429550329, 40.23972817662253], [115.58579616981315, 40.23963810983862], [115.58591369722492, 40.23963954614761], [115.5859155713707, 40.23954947935766], [115.5861506259083, 40.23955235160862], [115.58615249973437, 40.239462284808106], [115.58638755399446, 40.23946515657278], [115.5863894275008, 40.23937508976169], [115.58662448148341, 40.23937796104005], [115.58662635467005, 40.239287894218386], [115.58674388151837, 40.239289329674065], [115.58674575454091, 40.23919926284638], [115.58698080795165, 40.23920213339074], [115.58698268065449, 40.23911206655249], [115.58710020721689, 40.23911350164118], [115.58710207975564, 40.239023434796884], [115.58721960617086, 40.23902486976172], [115.58722335091178, 40.23884473605965], [115.58734087702416, 40.23884617089609], [115.58734274922632, 40.238756104038295], [115.5874602751915, 40.2387575387509], [115.58746214722963, 40.23866747188706], [115.58769719887404, 40.2386703409453], [115.58769907059246, 40.2385802740709], [115.5878165962717, 40.23858170841652], [115.58781846782604, 40.2384916415361], [115.58817104444746, 40.23849594384355], [115.58817291552648, 40.238405876948036], [115.58840796633835, 40.23840874454743], [115.58840983709767, 40.23831867764135], [115.58864488763204, 40.23832154475446], [115.58864675807168, 40.238231477837836], [115.5888818083285, 40.23823434446468], [115.58888367844844, 40.23814427753748], [115.58911872842772, 40.23814714367805], [115.589120598228, 40.238057076740304], [115.58947317279323, 40.23806137504283], [115.5894750421182, 40.23797130808999], [115.58982761629242, 40.23797560530523], [115.58982948514209, 40.23788553833731], [115.59006453432244, 40.2378884025419], [115.59006640285243, 40.23779833556343], [115.59053650069168, 40.23780406252294], [115.59053836859074, 40.237713995524835], [115.59089094159174, 40.237718289478266], [115.59089280901551, 40.23762822246509], [115.59101033321039, 40.23762965353977], [115.59101220047012, 40.2375395865206], [115.5912472485739, 40.23754244830302], [115.59124911551395, 40.2374523812733], [115.59136663942283, 40.23745381198103], [115.59136850619886, 40.2373637449453], [115.59148602996054, 40.2373651755292], [115.59148789657254, 40.23727510848746], [115.591605420187, 40.23727653894755], [115.59160728663498, 40.237186471899804], [115.59172481010222, 40.23718790223606], [115.59172667638616, 40.237097835182304], [115.59184419970622, 40.23709926539473], [115.5918479319376, 40.23691913127373], [115.59196545495483, 40.23692056135783], [115.59197105277195, 40.236650360151636], [115.59126591759593, 40.23664177793927], [115.59126778445183, 40.23655171089477], [115.59103273977169, 40.23654884921205], [115.59103834122264, 40.236278648096864], [115.59115586309167, 40.23628007898427], [115.59115773006954, 40.23619001193839], [115.59127525179137, 40.23619144270199], [115.59127711860522, 40.23610137565009], [115.59139464017983, 40.23610280628986], [115.59139650682967, 40.23601273923195], [115.59163154969292, 40.23601560014456], [115.59163341602313, 40.23592553307613], [115.5918684586088, 40.23592839350251], [115.59187032461936, 40.23583832642353], [115.5921053669275, 40.23584118636372], [115.59210723261842, 40.235751119274205], [115.59222475362948, 40.23575254906084], [115.59222661915638, 40.235662481965306], [115.59246166089254, 40.235665341171654], [115.5924635260998, 40.2355752740656], [115.59281608830027, 40.23557956196688], [115.5928179530323, 40.23548949484577], [115.59340555608979, 40.23549663893952], [115.59340369213578, 40.235586706083275], [115.59387377535542, 40.2355924192292], [115.59387191201546, 40.23568248638955], [115.59410695398691, 40.235685342255834], [115.59410509094975, 40.23577540942375], [115.59422261210366, 40.23577683718249], [115.59422074921373, 40.23586690435345], [115.59445579185798, 40.2358697595221], [115.59445392927087, 40.235959826700636], [115.59468897225995, 40.235962681401155], [115.59468710997564, 40.23605274858726], [115.59503967498905, 40.23605702975695], [115.59503781316319, 40.23614709695512], [115.59539037871897, 40.23615137706475], [115.59538851735157, 40.236241444275], [115.59550603937588, 40.23624287074415], [115.59550417815571, 40.23633293795745], [115.59573922254074, 40.23633579054692], [115.59573736162339, 40.23642585776777], [115.5958548839841, 40.23642728388807], [115.595853023214, 40.23651735111196], [115.59597054573871, 40.236518777117496], [115.59596868511582, 40.236608844344424], [115.59608620780455, 40.23661027023518], [115.59608434732891, 40.23670033746515], [115.59620187018162, 40.23670176324113], [115.5962000098532, 40.23679183047413], [115.59643505589506, 40.23679468167726], [115.59643319586948, 40.23688474891781], [115.59702081189887, 40.236891874860554], [115.59702267114636, 40.23680180759742], [115.59725771730557, 40.23680465713045], [115.59725957623341, 40.23671458985682], [115.5974946221149, 40.23671743890365], [115.59749648072314, 40.23662737161952], [115.59761400352082, 40.23662879595948], [115.59761772040096, 40.236448661377764], [115.59773524289577, 40.23645008558941], [115.59773710116767, 40.23636001829183], [115.59785462351525, 40.236361442379675], [115.59785648162313, 40.236271375076115], [115.5979740038235, 40.23627279904015], [115.5979758617674, 40.2361827317306], [115.59809338382051, 40.23618415557084], [115.59809524160042, 40.2360940882553], [115.59821276350628, 40.23609551197174], [115.59821462112222, 40.23600544465021], [115.59833214288085, 40.23600686824285], [115.59833400033277, 40.23591680091534], [115.59845152194418, 40.23591822438418], [115.59845337923214, 40.23582815705068], [115.5985709006963, 40.23582958039574], [115.59857461493587, 40.235649445715296], [115.59869213609716, 40.235650868932034], [115.59869584999203, 40.23547073423664], [115.5988133708505, 40.23547215732509], [115.59882079791733, 40.2351118878986], [115.59893831816173, 40.23511331084973], [115.59894945757732, 40.234572906638604], [115.59906697689647, 40.23457432944341], [115.59907440238374, 40.23421405992176], [115.59919192108886, 40.23421548258926], [115.59919563347108, 40.23403534781056], [115.59931315187336, 40.234036770349775], [115.59931871991719, 40.23376656815712], [115.59943623786103, 40.233767990563535], [115.59943994953723, 40.23358785575205], [115.59955746717826, 40.23358927803016], [115.59955932284824, 40.233499210617694], [115.59967684034201, 40.23350063277203], [115.59967869584803, 40.23341056535358], [115.59979621319458, 40.23341198738413], [115.59979806853663, 40.23332191995971], [115.60003310294368, 40.233324763653954], [115.60003495796617, 40.23323469621905], [115.60015247502666, 40.233236117882754], [115.60015432988519, 40.23314605044185], [115.60027184679845, 40.23314747198177], [115.60029039336811, 40.232246797446614], [115.60040790873386, 40.232248218822235], [115.60040976318926, 40.232158151356096], [115.60052727840778, 40.232159572607955], [115.60053098698235, 40.23197943766224], [115.60064850189805, 40.23198085878581], [115.60065035601721, 40.231890791306235], [115.60076787078569, 40.23189221230604], [115.60077157868778, 40.23171207733345], [115.60088909315346, 40.231713498204975], [115.60089465447717, 40.231443295721526], [115.60101216848449, 40.23144471646028], [115.60101402208676, 40.23135464895834], [115.60113153594682, 40.23135606957332], [115.6011333893852, 40.231266002065404], [115.60125090309803, 40.231267422556634], [115.60125275637246, 40.231177355042746], [115.60148778351206, 40.23118019565837], [115.60148963646698, 40.231090128134], [115.60172466332884, 40.23109296826355], [115.60172651596426, 40.23100290072872], [115.60207905585294, 40.23100716001503], [115.60208090801329, 40.23091709246522], [115.6025509606928, 40.23092276982588], [115.6025528122225, 40.23083270225662], [115.60302286441323, 40.230838377690986], [115.6030247153123, 40.23074831010228], [115.60337725407625, 40.23075256541226], [115.60337910450023, 40.23066249780858], [115.60361413007341, 40.23066533407657], [115.60361598017795, 40.23057526646246], [115.60373349282146, 40.230576684413066], [115.60373534276209, 40.23048661679296], [115.60385285525838, 40.2304880346198], [115.60385655480343, 40.2303078993662], [115.60409157919875, 40.230310734644135], [115.60409342864764, 40.23022066700614], [115.60456347691604, 40.230226336112835], [115.60456162808943, 40.230316403768775], [115.60467914033293, 40.23031782075177], [115.60467544296587, 40.23049795606822], [115.60479295552885, 40.23049937294092], [115.60479110698839, 40.23058944060143], [115.60490861971527, 40.230590857359346], [115.6049049229205, 40.23077099268489], [115.60502243596687, 40.23077240933251], [115.60502058771254, 40.23086247699755], [115.60537312736835, 40.23086672623828], [115.60537127957241, 40.2309567939153], [115.60548879296326, 40.23095821009482], [115.60547955463662, 40.231408548480225], [115.6053620404679, 40.23140713227827], [115.60535464903435, 40.23176740294206], [115.6054721638254, 40.23176881916196], [115.60547031610176, 40.23185888682871], [115.60558783105671, 40.23186030293382], [115.60558598348034, 40.23195037060356], [115.60570349859918, 40.231951786593875], [115.60570165117008, 40.232041854266626], [115.60581916645285, 40.23204327014215], [115.60581731917098, 40.23213333781792], [115.60593483461766, 40.232134753578656], [115.60593298748306, 40.23222482125744], [115.60605050309364, 40.23222623690337], [115.6060486561063, 40.232316304585154], [115.6061661718808, 40.232317720116306], [115.60616432504074, 40.2324077878011], [115.60628184097912, 40.23240920321744], [115.60627999428631, 40.23249927090525], [115.60639751038863, 40.23250068620681], [115.60639381728919, 40.23268082158694], [115.60651133371103, 40.23268223677819], [115.60650579446623, 40.232952439850756], [115.60662331136314, 40.23295385493617], [115.60661961880284, 40.23313399031946], [115.60673713601925, 40.23313540529457], [115.60672052048629, 40.23394601448663], [115.60660300186952, 40.23394459947119], [115.6065937699486, 40.234394937837145], [115.60647625056214, 40.23439352268001], [115.6064725574243, 40.23457365800709], [115.60635503773497, 40.23457224272171], [115.60635134425263, 40.23475237803392], [115.60623382426039, 40.234750962620296], [115.60622828350765, 40.23502116556408], [115.60611076305692, 40.23501975001771], [115.60610152752444, 40.23547008820542], [115.60598400630401, 40.23546867251736], [115.60598215901692, 40.235558740145976], [115.60609968039296, 40.235560155838535], [115.60608859742929, 40.2361005616062], [115.60620611974734, 40.23610197720636], [115.60618580191388, 40.23709272102501], [115.606068277884, 40.23709130537553], [115.606057194071, 40.23763171099258], [115.60593966911568, 40.23763029519691], [115.60593782162874, 40.237720362790085], [115.60605534673968, 40.237721778590256], [115.60604610995821, 40.23817211655648], [115.60616363585561, 40.238173532259765], [115.60615994139599, 40.238353667444876], [115.60627746761298, 40.23835508303784], [115.6062756205263, 40.23844515063267], [115.60639314690727, 40.2384465661108], [115.6063912999679, 40.238536633708634], [115.60650882651282, 40.23853804907195], [115.60650697972078, 40.238628116672785], [115.60662450642964, 40.23862953192128], [115.6066226597849, 40.23871959952513], [115.60685771353889, 40.238722429673174], [115.60685586719711, 40.238812497284506], [115.60709092129565, 40.2388153269643], [115.60708907525681, 40.23890539458313], [115.60744165693394, 40.23890963822149], [115.60743981135371, 40.23899970585228], [115.60779239357264, 40.239003948430344], [115.60778870332103, 40.23918408371434], [115.60790623105524, 40.239185497677376], [115.60790069608238, 40.23945570060577], [115.60778316788122, 40.23945428662929], [115.60777947754644, 40.239634421898536], [115.60719183510905, 40.2396273501818], [115.60719368105882, 40.23953728257031], [115.60648851134242, 40.2395287926], [115.6064866644588, 40.2396188601846], [115.60625160764197, 40.23961602923109], [115.60624976043873, 40.23970609680523], [115.60613223188717, 40.239704681145035], [115.60613038451997, 40.23979474871322], [115.60601285582108, 40.23979333292924], [115.60601100828991, 40.23988340049148], [115.60589347944371, 40.2398819845837], [115.60589163174856, 40.23997205213997], [115.60577410275503, 40.239970636108396], [115.60577225489592, 40.240060703658706], [115.60565472575507, 40.240059287503335], [115.60565287773197, 40.24014935504769], [115.60553534844382, 40.24014793876853], [115.60553350025675, 40.240238006306924], [115.60541597082128, 40.24023658990396], [115.60541227411085, 40.24041672496735], [115.60529474437242, 40.24041530843612], [115.60529289584905, 40.2405053759611], [115.60517536596329, 40.24050395930607], [115.60517166858025, 40.24068409434265], [115.60505413839155, 40.24068267755933], [115.60505044066387, 40.24086281258102], [115.60493291017218, 40.24086139566942], [115.60491996677318, 40.241491868167415], [115.60480243520026, 40.2414904511051], [115.60480058595425, 40.24158051859441], [115.60491811768283, 40.24158193566122], [115.60491626858416, 40.24167200315356], [115.60503380047675, 40.24167342010555], [115.6050319515254, 40.241763487600885], [115.60514948358195, 40.24176490443806], [115.60514393714487, 40.24203510692868], [115.60502640462133, 40.24203369007805], [115.60502455563665, 40.2421237575675], [115.60467195764899, 40.242119506286265], [115.60467010818898, 40.24220957376075], [115.60455257538744, 40.2422081564239], [115.60454887613109, 40.242388291359475], [115.60466640924395, 40.24238970870532], [115.60466271026557, 40.24256984364396], [115.6047802436981, 40.24257126087947], [115.60477839435207, 40.24266132835107], [115.60489592794859, 40.24266274547173], [115.6048940787499, 40.24275281294636], [115.60501161251041, 40.24275422995218], [115.60500976345904, 40.24284429742981], [115.60524483131644, 40.24284713109251], [115.60524298256807, 40.24293719857763], [115.6055955848837, 40.24294144819023], [115.60559373659399, 40.24303151568734], [115.6066515453917, 40.24304425812222], [115.6066496984947, 40.2431343256582], [115.60735490566853, 40.24314281527224], [115.6073475217334, 40.24350308550893], [115.60722998656094, 40.24350167085364], [115.60722814040066, 40.24359173840465], [115.60699306976936, 40.24358890872714], [115.60699122328944, 40.24367897626771], [115.60687368783059, 40.243677561245484], [115.60687184118665, 40.24376762878009], [115.60663676998259, 40.24376479836871], [115.60663492301896, 40.24385486589288], [115.60651738727375, 40.243853450503714], [115.60651554014615, 40.24394351802193], [115.60628046836933, 40.24394068687667], [115.60627862092203, 40.244030754384454], [115.60604354886716, 40.24402792275293], [115.60604170110021, 40.244117990250245], [115.60580662876731, 40.244115158132466], [115.60580478068064, 40.244205225619325], [115.605687244371, 40.24420380937696], [115.60568539612035, 40.244293876857874], [115.60556785966335, 40.2442924604917], [115.60556416282567, 40.24447259544013], [115.60568169959403, 40.24447401181528], [115.60567615474204, 40.2447442142403], [115.60579369198574, 40.24474563050957], [115.60578629935586, 40.24510590040687], [115.60590383723063, 40.24510731657476], [115.60590014117707, 40.24528745152352], [115.60601767937156, 40.24528886758104], [115.6060121356958, 40.24555907000656], [115.60612967436568, 40.245560485958215], [115.60611673992052, 40.24619095826411], [115.60599920016082, 40.24618954228107], [115.60598072011702, 40.24709021683344], [115.6060982614337, 40.24709163286131], [115.60609271772522, 40.24736183521169], [115.60621025951737, 40.24736325113369], [115.606204716201, 40.24763345348422], [115.60632225846858, 40.24763486930033], [115.6063167155444, 40.24790507165102], [115.60619917280971, 40.24790365582145], [115.60619547717384, 40.248083790705564], [115.60607793413605, 40.248082374747696], [115.60607608614991, 40.24817244218307], [115.60595854296476, 40.24817102610137], [115.60595484665609, 40.24835116095867], [115.60583730316783, 40.24834974474866], [115.60583360651442, 40.248529879591096], [115.60571606272308, 40.248528463252775], [115.6057105172133, 40.2487986654919], [115.60559297296317, 40.24879724902077], [115.60558927560356, 40.24897738383049], [115.6054717310503, 40.248975967231054], [115.60546988220229, 40.249066034629216], [115.60535233750166, 40.249064617905944], [115.60534863946918, 40.24924475268886], [115.60523109446545, 40.24924333583727], [115.605229245281, 40.24933340322202], [115.6051117001299, 40.249331986246595], [115.60510985078136, 40.249422053625395], [115.6049923054829, 40.249420636526125], [115.60499045597032, 40.249510703898956], [115.60487291052445, 40.24950928667586], [115.60487106084781, 40.24959935404273], [115.60475351525457, 40.249597936695785], [115.60474981556484, 40.24977807141612], [115.6046322696685, 40.249776653940856], [115.60462301951965, 40.250226990693356], [115.60450547285302, 40.25022557307631], [115.60450362264251, 40.25031564041789], [115.6043860758285, 40.25031422267699], [115.604382375071, 40.25049435734676], [115.60414728084505, 40.25049152148895], [115.6041435794313, 40.250671656134834], [115.60402603201938, 40.250670238017925], [115.60402233026076, 40.25085037264892], [115.60413987798412, 40.2508517907748], [115.60413432575083, 40.251121992723704], [115.60401677756026, 40.25112057458434], [115.60401122478467, 40.25139077650647], [115.60412877344243, 40.25139219465932], [115.60412692265628, 40.25148226196823], [115.6045971179936, 40.251487933404], [115.60459896815682, 40.25139786607713], [115.6050691630047, 40.25140353558525], [115.60507101253664, 40.25131346823894], [115.60565875550539, 40.25132055241615], [115.60566060425033, 40.25123048504594], [115.60648344366646, 40.25124039784972], [115.60648159601166, 40.251330465251314], [115.60659914468874, 40.251331880893204], [115.60659544966563, 40.25151201570097], [115.6067129986625, 40.25151343123247], [115.60670745653259, 40.251783633446465], [115.60658990706848, 40.25178221790151], [115.60658805951945, 40.25187228529875], [115.60647050990798, 40.251870869629975], [115.60646681447342, 40.25205100441102], [115.60634926455879, 40.252049588613914], [115.60634741667329, 40.25213965599775], [115.60622986661122, 40.2521382400768], [115.60622617050376, 40.25231837483107], [115.60610862013854, 40.252316958781776], [115.60609937894533, 40.25276729561919], [115.60621693008926, 40.25276871169091], [115.60621323386513, 40.25294884642451], [115.60633078532888, 40.252950262385816], [115.60632893736006, 40.25304032975488], [115.6064464889879, 40.25304174560132], [115.6064446411665, 40.25313181297339], [115.6065621929584, 40.25313322870495], [115.60656034528442, 40.25322329608002], [115.6066778972404, 40.2532247116967], [115.60667604971384, 40.253314779074785], [115.60679360183391, 40.25331619457658], [115.60679175445479, 40.25340626195767], [115.60690930673893, 40.253407677344576], [115.60690745950723, 40.253497744728676], [115.60702501195543, 40.253499160000715], [115.60702316487115, 40.25358922738781], [115.60714071748345, 40.25359064254495], [115.60713887054658, 40.25368070993506], [115.60725642332295, 40.253682124977324], [115.60725457653352, 40.253772192370434], [115.60737212947397, 40.25377360729781], [115.60737028283197, 40.25386367469393], [115.60748783593648, 40.25386508950643], [115.6074859894419, 40.25395515690555], [115.6076035427105, 40.25395657160315], [115.60760169636337, 40.25404663900526], [115.60771924979606, 40.25404805358799], [115.60770447996534, 40.25476859278767], [115.60758692528657, 40.25476717816912], [115.6075850788645, 40.25485724555794], [115.60746752403831, 40.25485583081554], [115.6074638308577, 40.25503596557984], [115.60734627572832, 40.25503455070909], [115.60734258220286, 40.25521468545852], [115.60722502677028, 40.25521327045944], [115.6072213329, 40.25539340519399], [115.60710377716418, 40.255391990066585], [115.60709823582903, 40.25566219214389], [115.60698067963426, 40.25566077688367], [115.60697883235011, 40.25575084423533], [115.60686127600789, 40.25574942885126], [115.60685942855964, 40.25583949619698], [115.60674187207, 40.25583808068903], [115.60674002445765, 40.25592814802878], [115.60662246782054, 40.255926732396986], [115.60661877225935, 40.25610686706308], [115.60650121531904, 40.25610545130295], [115.60649751941298, 40.256285585954174], [115.60637996216944, 40.2562841700657], [115.60636887331663, 40.25682457395703], [115.60648643149479, 40.25682598987241], [115.6064845834793, 40.256916057186956], [115.60660214182158, 40.25691747298743], [115.60660029395348, 40.25700754030498], [115.6068354109746, 40.257010371556774], [115.60683356340975, 40.25710043888181], [115.60706868077574, 40.25710326966505], [115.60707052802903, 40.25701320233105], [115.60742320367312, 40.25701744759713], [115.60742505045076, 40.2569273802482], [115.60754260885965, 40.25692879509365], [115.60754445547319, 40.25683872773878], [115.60766201373463, 40.25684014246036], [115.60766386018405, 40.25675007509953], [115.60801653455101, 40.2567543185346], [115.60800361250163, 40.257384790123474], [115.60788605328052, 40.25738337573315], [115.60786759094474, 40.25828404926124], [115.60798515172368, 40.25828546369636], [115.60798330560013, 40.25837553104553], [115.60821842749458, 40.25837835956657], [115.60821658167427, 40.258468426923216], [115.60833414278977, 40.258469841009145], [115.60833229711692, 40.25855990836878], [115.60844985839653, 40.25856132233978], [115.60844801287118, 40.25865138970246], [115.60856557431488, 40.25865280355854], [115.60856372893699, 40.258742870924195], [115.60868129054482, 40.25874428466539], [115.6086794453144, 40.258834352034036], [115.60879700708634, 40.25883576566031], [115.60879516200339, 40.258925833031974], [115.60891272393944, 40.258927246543344], [115.60890718910807, 40.25919744866286], [115.60902475151983, 40.259198862068274], [115.6090155274135, 40.259649198926994], [115.60913309061257, 40.2596506122354], [115.60912940122344, 40.2598307469775], [115.60924696474241, 40.259832160175456], [115.6092432756316, 40.26001229492061], [115.60936083947051, 40.26001370800812], [115.60935899505843, 40.26010377538296], [115.60947655906146, 40.26010518835556], [115.60947287052396, 40.26028532310974], [115.60959043484691, 40.260286735971896], [115.6095738374189, 40.26109734233292], [115.60969140315244, 40.26109875511595], [115.609689559108, 40.261188822486474], [115.60980712500569, 40.26119023515458], [115.6098034372035, 40.26137036990018], [115.6099210034211, 40.26137178245782], [115.6099173158973, 40.261551917206454], [115.61003488243483, 40.26155332965365], [115.61001091474536, 40.26272420543399], [115.60989334618218, 40.26272279292864], [115.60989150229975, 40.262812860281564], [115.60977393358905, 40.26281144765234], [115.60977208954249, 40.26290151499929], [115.60965452068427, 40.26290010224619], [115.60964345529531, 40.263440506270115], [115.60976102508847, 40.263441919050045], [115.60975918098372, 40.26353198638668], [115.60987675094105, 40.26353339905169], [115.60987490698379, 40.26362346639131], [115.61011004723504, 40.263626291372034], [115.61010820358112, 40.26371635871914], [115.61022577387507, 40.263717771034855], [115.61022393036868, 40.263807838384935], [115.61045907129312, 40.26381066266711], [115.6104572280901, 40.263900730024666], [115.61057479872062, 40.26390214199111], [115.61057295566512, 40.263992209351656], [115.61080809726276, 40.263995032935256], [115.61080625451059, 40.26408510030328], [115.61104139645315, 40.264087923418174], [115.61103955400435, 40.26417799079365], [115.6112746962918, 40.26418081343985], [115.61127285414638, 40.26427088082279], [115.6115079967787, 40.264273703000285], [115.61150615493666, 40.26436377039068], [115.61162372642112, 40.26436518130478], [115.6116218847266, 40.26445524869818], [115.61173945637519, 40.26445665949734], [115.61173761482823, 40.26454672689371], [115.61185518664097, 40.26454813757793], [115.61185150383378, 40.2647282723752], [115.61196907596648, 40.264729682948925], [115.61196539343779, 40.26490981774922], [115.61208296589048, 40.264911228212476], [115.61208112476955, 40.26500129561488], [115.61219869738638, 40.265002705963184], [115.61219501543123, 40.26518284077249], [115.61231258836806, 40.265184251010304], [115.61230890669141, 40.26536438582264], [115.61242647994823, 40.265365795949975], [115.61242279855007, 40.26554593076535], [115.61254037212689, 40.26554734078219], [115.61253853157119, 40.26563740819211], [115.61265610531214, 40.265638818094025], [115.61265242448758, 40.26581895291838], [115.61276999854854, 40.265820362709796], [115.61276815827965, 40.26591043012423], [115.61288573250474, 40.26591183980068], [115.6128820522538, 40.26609197463403], [115.6129996267989, 40.266093384200005], [115.61299778681683, 40.266183451618936], [115.61323293624359, 40.26618627040155], [115.61323109656493, 40.26627633782792], [115.61334867144662, 40.26627774704455], [115.61334683191554, 40.26636781447392], [115.61346440696136, 40.266369223575595], [115.6134625675778, 40.26645929100795], [115.61358014278778, 40.266460699994674], [115.61355991073599, 40.267451441702164], [115.61344233381159, 40.26745003266636], [115.61344049432853, 40.26754010008101], [115.61332291725654, 40.26753869092131], [115.61331923795383, 40.26771882573723], [115.61320166057843, 40.267717416449194], [115.61319982075877, 40.26780748385048], [115.61308224323578, 40.26780607443856], [115.61307856325983, 40.26798620922776], [115.61296098543343, 40.26798479968748], [115.61295914527716, 40.268074867075406], [115.61284156730316, 40.26807345741124], [115.61283788665399, 40.26825359217374], [115.61272030837658, 40.268252182381225], [115.61271294635516, 40.26861245187064], [115.61259536746257, 40.26861104194083], [115.61257696026942, 40.26951171551643], [115.61245937982638, 40.26951030542254], [115.61245569797642, 40.26969044011101], [115.61233811722992, 40.26968902988876], [115.61232522940239, 40.27031950122066], [115.61220764757303, 40.270318090847724], [115.61220580626572, 40.27040815817047], [115.61208822428877, 40.27040674767362], [115.61208638281728, 40.270496814990445], [115.61196880069274, 40.27049540436968], [115.61196695905706, 40.270585471680555], [115.61184937678493, 40.2705840609359], [115.61184753498509, 40.270674128240834], [115.6117299525654, 40.27067271737228], [115.61172811060132, 40.27076278467126], [115.61149294547508, 40.270759962566885], [115.61149110319093, 40.27085002985545], [115.61125593778613, 40.2708472072644], [115.61125409518189, 40.27093727454256], [115.61113651233609, 40.270935863063414], [115.61113466956766, 40.27102593033561], [115.61101708657425, 40.27102451873255], [115.61101524364163, 40.271114585998816], [115.61089766050064, 40.27111317427184], [115.61089213118527, 40.27138337604836], [115.61077454758492, 40.27138196418854], [115.61076717442451, 40.271742233185364], [115.61064959020887, 40.27174082118821], [115.61064590326701, 40.271920955668826], [115.61076348779442, 40.27192236767491], [115.61075242770474, 40.27246277110813], [115.61087001317583, 40.27246418302161], [115.61086448348651, 40.27273438473169], [115.61098206943362, 40.27273579653913], [115.61098022634312, 40.27282586377734], [115.61109781245445, 40.27282727546981], [115.61109412656033, 40.27300740995075], [115.61121171299177, 40.273008821532706], [115.61120249889062, 40.27345915773156], [115.6113200861099, 40.27346056921641], [115.61130902984975, 40.274000972633125], [115.61142661801281, 40.27400238402536], [115.61142293283812, 40.274182518494726], [115.61154052132133, 40.274183929776434], [115.61153499396472, 40.27445413148281], [115.61165258292397, 40.27445554265848], [115.61164889828987, 40.274635677130945], [115.61176648756926, 40.27463708819609], [115.61176464539565, 40.27472715543458], [115.61188223483929, 40.27472856638474], [115.6118803928133, 40.27481863362622], [115.61199798242112, 40.27482004446138], [115.61199614054274, 40.27491011170586], [115.61223132009518, 40.274912933026755], [115.61222947852032, 40.27500300027868], [115.6124646584178, 40.2750058211307], [115.61246281714651, 40.27509588839008], [115.61281558752272, 40.27510011878556], [115.6128137467109, 40.275190186056875], [115.61293133700882, 40.275191595954254], [115.61292949634463, 40.275281663228554], [115.61304708680677, 40.27528307301095], [115.61304524629018, 40.27537314028822], [115.61316283691657, 40.27537454995561], [115.6131609965476, 40.275464617235876], [115.61327858733819, 40.27546602678828], [115.61327674711686, 40.27555609407155], [115.6135119290348, 40.27555891282688], [115.61351008911703, 40.275648980117595], [115.61362768024436, 40.275650389320546], [115.61362584047421, 40.27574045661423], [115.61386102306562, 40.27574327467068], [115.61385918359902, 40.27583334197182], [115.61409436653545, 40.275836159559354], [115.61409252737243, 40.27592622686793], [115.61479807731628, 40.27593467679025], [115.61479991554374, 40.27584460945491], [115.61515269015977, 40.27584883278998], [115.61515085240012, 40.27593890013869], [115.61538603583077, 40.27594171510702], [115.61538419837466, 40.27603178246316], [115.61573697405056, 40.276036004033074], [115.61573513705396, 40.276126071401116], [115.61597032119117, 40.27612888519266], [115.61596848449814, 40.276218952568136], [115.61608607673512, 40.27622035928916], [115.61608424018974, 40.27631042666761], [115.6162018325909, 40.27631183327363], [115.61619815978719, 40.276491968035025], [115.6163157525085, 40.27649337453049], [115.61631024370863, 40.27676357667485], [115.61642783690603, 40.276764983064226], [115.61642600077877, 40.276855050447175], [115.61654359414037, 40.276856456721525], [115.61654175816079, 40.276946524107466], [115.6167769452207, 40.276949336306686], [115.61677510954472, 40.27703940370006], [115.61701029694963, 40.27704221543033], [115.61700846157721, 40.27713228283111], [115.61712605544803, 40.277133688521495], [115.6171242202233, 40.27722375592526], [115.6173594083016, 40.27722656695654], [115.61735757338046, 40.277316634367715], [115.61771035602779, 40.277320850032], [115.61770852156621, 40.27741091745504], [115.61806130475581, 40.277415132057456], [115.61805947075379, 40.277505199492396], [115.6181770653228, 40.27750660412538], [115.61817523146843, 40.2775966715633], [115.61841042094314, 40.27759948047975], [115.6184085873924, 40.27768954792507], [115.61864377721206, 40.277692356372555], [115.61864194396495, 40.27778242382529], [115.61875953904311, 40.27778382787427], [115.61875770594368, 40.277873895329975], [115.61887530118605, 40.27787529926395], [115.6188734682343, 40.27796536672262], [115.6189910636409, 40.27796677054155], [115.61898739802449, 40.27814690546337], [115.61910499375121, 40.27814830917174], [115.61910316108657, 40.27823837663487], [115.61922075697751, 40.278239780228205], [115.61921892446055, 40.2783298476943], [115.61945411657915, 40.27833265453145], [115.61945228436579, 40.27842272200497], [115.61968747682934, 40.27842552837311], [115.61968564491963, 40.27851559585404], [115.6199208377281, 40.27851840175318], [115.61991900612205, 40.27860846924151], [115.62015419927548, 40.278611274671654], [115.62015236797305, 40.278701342167395], [115.62038756147139, 40.27870414712853], [115.62038573047263, 40.278794214631674], [115.62050332739013, 40.278795616937465], [115.62050149653905, 40.27888568444358], [115.62073669071073, 40.27888848870563], [115.62073486016331, 40.27897855621915], [115.6208524574175, 40.278979958175405], [115.62085062701777, 40.27907002569189], [115.62096822443614, 40.27907142753311], [115.62096639418412, 40.27916149505254], [115.62108399176671, 40.27916289677873], [115.62108216166239, 40.279252964301136], [115.62119975940921, 40.27925436591229], [115.62119792945259, 40.27934443343766], [115.62131552736359, 40.279345834933764], [115.62131369755468, 40.2794359024621], [115.62143129562988, 40.279437303843174], [115.62142763629926, 40.27961743890429], [115.62154523469462, 40.279618840174756], [115.62154340517287, 40.27970890770752], [115.62166100373246, 40.279710308862946], [115.62165734497616, 40.27989044393296], [115.62177494385591, 40.27989184497778], [115.62177311462136, 40.279981912515005], [115.62189071366531, 40.27998331344479], [115.62188705548337, 40.28016344852369], [115.6220046548475, 40.28016484934286], [115.62200282590011, 40.28025491688453], [115.62212042542848, 40.28025631758865], [115.62211859662881, 40.280346385133285], [115.62223619632137, 40.28034778572237], [115.6222343676694, 40.280437853269966], [115.62235196752617, 40.28043925374401], [115.62235013902196, 40.28052932129455], [115.62246773904295, 40.280530721653534], [115.6224640823217, 40.28071085675907], [115.62258168266284, 40.28071225700745], [115.62257985444585, 40.28080232456245], [115.62269745495118, 40.28080372469578], [115.62269379880436, 40.2809838598102], [115.62281139962991, 40.28098525983291], [115.62280957170009, 40.28107532739234], [115.62292717268986, 40.281076727300004], [115.62292351711744, 40.2812568624233], [115.6230411184274, 40.28125826222035], [115.6230392907848, 40.28134832978422], [115.62315689225896, 40.281349729466214], [115.62315323726102, 40.28152986459839], [115.62327083905535, 40.28153126416976], [115.62326718433637, 40.28171139930488], [115.6233847864509, 40.281712798765646], [115.62338113201095, 40.28189293390374], [115.62349873444568, 40.281894333253874], [115.6234950802847, 40.28207446839492], [115.62361268303961, 40.282075867634404], [115.6236072022043, 40.282346070348225], [115.6237248054354, 40.28234746948153], [115.62370471012079, 40.28333821270065], [115.62358710517387, 40.28333681351862], [115.62358162399256, 40.28360701617048], [115.6234640185859, 40.28360561685565], [115.62346036411186, 40.28378575194065], [115.62334275840145, 40.28378435249747], [115.62333179384564, 40.28432475769048], [115.62344940049199, 40.28432615716024], [115.62343843657553, 40.284866562326705], [115.62355604416612, 40.284867961703554], [115.62355056256466, 40.28513816428016], [115.62366817063148, 40.2851395635508], [115.62366451650131, 40.28531969860335], [115.6237821248884, 40.28532109776335], [115.62378029796697, 40.28541116529185], [115.62389790651828, 40.285412564336774], [115.62389607974461, 40.285502631868226], [115.6240136884602, 40.28550403079808], [115.62401186183428, 40.28559409833249], [115.62412947071411, 40.28559549714727], [115.6241258177496, 40.2857756322205], [115.62424342694966, 40.28577703092463], [115.62424160061107, 40.28586709846347], [115.6244768193479, 40.285869895522076], [115.6244749933131, 40.28595996306831], [115.62459260284986, 40.285961361422785], [115.62459077696283, 40.28605142897195], [115.62470838666385, 40.28605282721135], [115.6247065609246, 40.28614289476347], [115.62494178066336, 40.28614569089262], [115.62493812978418, 40.286325826010135], [115.62505573997792, 40.28632722390431], [115.62505208937787, 40.28650735902479], [115.62516969989186, 40.2865087568083], [115.62516604957091, 40.28668889193172], [115.62528366040516, 40.28669028960458], [115.62528001036331, 40.286870424730964], [115.62539762151783, 40.28687182229316], [115.62539397175512, 40.28705195742248], [115.62551158322991, 40.287053354874026], [115.6255079337463, 40.28723349000629], [115.62562554554134, 40.287234887347175], [115.6256200717223, 40.28750509004779], [115.62573768399362, 40.287506487282435], [115.62573403505183, 40.28768662241765], [115.62585164764344, 40.287688019541626], [115.6258479989808, 40.28786815467979], [115.62596561189267, 40.287869551693106], [115.62596013930508, 40.28813975440255], [115.62607775269328, 40.288141151309624], [115.62607410457244, 40.28832128645074], [115.62619171828091, 40.288322683247145], [115.62618624650611, 40.288592885961], [115.6263038606909, 40.288594282651154], [115.62630021311196, 40.28877441779522], [115.626417827617, 40.28877581437469], [115.6264087093059, 40.28922615223109], [115.62652632459938, 40.28922754871316], [115.6265172068629, 40.2896778865548], [115.62663482294474, 40.28967928293946], [115.62662388232586, 40.29021968832728], [115.62674149935219, 40.290221084618935], [115.62673055937357, 40.29076148998018], [115.62684817734439, 40.29076288617884], [115.62682994494942, 40.29166356170709], [115.62694756448899, 40.29166495783043], [115.62694027192502, 40.29202522801812], [115.62705789209701, 40.292026624039615], [115.62705424607782, 40.29220675913344], [115.62717186657015, 40.29220815504425], [115.62716822083021, 40.29238829014101], [115.62728584164287, 40.292389685941124], [115.62728401891663, 40.292479753491726], [115.62740163989359, 40.29248114917672], [115.62739799472855, 40.29266128428231], [115.62751561602585, 40.29266267985662], [115.62751379358707, 40.292752747411626], [115.62763141504865, 40.29275414287081], [115.62762777045857, 40.29293427798524], [115.62774539224048, 40.29293567333373], [115.62774357008918, 40.29302574089314], [115.62786119203538, 40.293027136126526], [115.62785572600038, 40.293297338809154], [115.62797334842298, 40.293298733936254], [115.62797152655095, 40.2933888014986], [115.62808914913785, 40.293390196510586], [115.62808732741368, 40.293480264075875], [115.62820495016484, 40.29348165897273], [115.62820130700398, 40.29366179410772], [115.62831893007554, 40.29366318889388], [115.62831528719394, 40.29384332403178], [115.62843291058583, 40.29384471870724], [115.62842744667007, 40.29411492141631], [115.6285450705384, 40.29411631598546], [115.62853960701696, 40.2943865186945], [115.6286572313617, 40.29438791315736], [115.6286517682346, 40.29465811586637], [115.6287693930558, 40.29465951022293], [115.62876210939567, 40.29501978049862], [115.62887973484938, 40.29502117475331], [115.62887427248633, 40.29529137745783], [115.62899189841652, 40.295292771606206], [115.62898279509425, 40.29574310943965], [115.62910042181309, 40.295744503490546], [115.62909313963186, 40.29610477374842], [115.62921076698325, 40.29610616769742], [115.62920530572939, 40.29637637038858], [115.62932293355725, 40.29637776423127], [115.62931565239492, 40.29673803448315], [115.62943328085535, 40.29673942822395], [115.6294205395979, 40.29736990113883], [115.62953816915923, 40.29737129479097], [115.6295327089655, 40.29764149745989], [115.62941507893585, 40.29764010379451], [115.6293823134123, 40.299261319449855], [115.62926468058095, 40.299259925585496], [115.62924465417882, 40.3002506682022], [115.6293622887275, 40.300252062115106], [115.62934954522906, 40.30088253462734], [115.62923190958752, 40.30088114068355], [115.62922826820181, 40.30106127566494], [115.62934590415563, 40.301062669617565], [115.62933862191024, 40.30142293958031], [115.62945625849675, 40.30142433343102], [115.62945261763706, 40.301604468412364], [115.62957025454408, 40.30160586215232], [115.62955205131442, 40.3025065370147], [115.62943441284605, 40.30250514323062], [115.6294325923218, 40.30259521070433], [115.6293149537055, 40.302593816796254], [115.6293131330169, 40.302683884264084], [115.62919549425266, 40.30268249023203], [115.62919367339971, 40.30277255769398], [115.62907603448754, 40.302771163537926], [115.6290723924447, 40.30295129844855], [115.62895475322847, 40.3029499041641], [115.62895293203862, 40.30303997161278], [115.62883529267445, 40.30303857720435], [115.62883164995776, 40.30321871208846], [115.62871401028951, 40.30321731755161], [115.62871036722768, 40.30339745242101], [115.62859272725537, 40.303396057755755], [115.62858908384841, 40.30357619261041], [115.62847144357201, 40.303574797816744], [115.62846779981986, 40.30375493265667], [115.62835015923937, 40.3037535377346], [115.62834651514208, 40.303933672559786], [115.62822887425753, 40.303932277509304], [115.62822522981506, 40.30411241231976], [115.6281075886264, 40.30411101714086], [115.62810394383878, 40.30429115193659], [115.62798630234603, 40.30428975662927], [115.62798447978372, 40.3043798240205], [115.62786683814306, 40.30437842858918], [115.62786136993837, 40.304648630740786], [115.62774372783745, 40.30464723517664], [115.62773825909032, 40.304917437301704], [115.6278559016597, 40.3049188328791], [115.62785225609947, 40.305098967630606], [115.62796989898939, 40.30510036309726], [115.62796807635313, 40.30519043047522], [115.62808571940742, 40.305191825826704], [115.62808389691911, 40.305281893207614], [115.62831918336468, 40.305284683560664], [115.62831736118042, 40.305374750948914], [115.6285526479712, 40.30537754083245], [115.62855082609109, 40.30546760822808], [115.62878611322705, 40.3054703976421], [115.62878429165102, 40.305560465045076], [115.62890193538749, 40.305561859577125], [115.62890011395943, 40.30565192698303], [115.62901775786027, 40.3056533213999], [115.62901593658016, 40.30574338880876], [115.62913358064539, 40.305744783110455], [115.62913175951321, 40.30583485052225], [115.6292494037428, 40.30583624470878], [115.62924576176619, 40.306016379536764], [115.62936340631633, 40.30601777361254], [115.62936158547186, 40.30610784102873], [115.62947923018638, 40.306109234989314], [115.62947740948988, 40.306199302408444], [115.62959505436876, 40.30620069625386], [115.62959323382022, 40.306290763675925], [115.62982852391501, 40.30629355101681], [115.62982670367059, 40.306383618446226], [115.62994434888643, 40.30638501194169], [115.62994252878997, 40.30647507937405], [115.63006017417023, 40.30647647275434], [115.63005653426502, 40.30665660762344], [115.63017417996582, 40.306658000892966], [115.63017236015708, 40.30674806832972], [115.63029000602228, 40.30674946148405], [115.6302881863615, 40.30683952892373], [115.63040583239103, 40.30684092196289], [115.63040401287824, 40.306930989405515], [115.63063930527431, 40.30693377513387], [115.63063748606565, 40.30702384258383], [115.63075513243218, 40.30702523527304], [115.63075331337149, 40.30711530272593], [115.63098860644149, 40.30711808775436], [115.63098678768496, 40.3072081552146], [115.63133972782, 40.30721233187352], [115.63133790952378, 40.30730239934551], [115.63192614402709, 40.30730935807384], [115.63192432650357, 40.30739942556639], [115.63227726777242, 40.307403599381466], [115.63227545070924, 40.30749366688575], [115.63251074524183, 40.30749644883996], [115.63250892848282, 40.30758651635158], [115.63274422336053, 40.307589297836216], [115.63274240690568, 40.30767936535516], [115.632860054513, 40.30768075592248], [115.63285823820615, 40.30777082344436], [115.63309353375773, 40.307773604229034], [115.63309171775505, 40.307863671758234], [115.63332701365177, 40.30786645207331], [115.63332519795324, 40.307956519609846], [115.63356049419508, 40.30795929945534], [115.63355867880075, 40.30804936699919], [115.63379397538769, 40.30805214637509], [115.63379216029756, 40.30814221392627], [115.63390980875948, 40.30814360343923], [115.63390799381735, 40.30823367099334], [115.63402564244365, 40.308235060391084], [115.63402201284718, 40.30841519550366], [115.63413966179405, 40.30841658479061], [115.63413603247723, 40.3085967199061], [115.63437133102023, 40.30859949813878], [115.63436951666193, 40.3086895657031], [115.63460481555006, 40.308692343466184], [115.63460300149595, 40.30878241103784], [115.63495595035806, 40.308786576798646], [115.63495413676434, 40.308876644381996], [115.63577768548882, 40.308886360335244], [115.6357794979892, 40.308796292721134], [115.63613244709661, 40.308800454893884], [115.63613425912027, 40.30871038726511], [115.63648720783264, 40.30871454834828], [115.63648901937952, 40.30862448070487], [115.63672431824959, 40.30862725415353], [115.63672612947595, 40.30853718649986], [115.63696142806627, 40.30853995946134], [115.63696323897209, 40.308449891797416], [115.63708088812332, 40.30845127809436], [115.63708269886477, 40.308361210424586], [115.63731799687936, 40.30836398265091], [115.63731980730029, 40.308273914970876], [115.63767275391483, 40.308278072400185], [115.63767456385904, 40.30818800470552], [115.6379098613305, 40.30819077571829], [115.63791167095415, 40.30810070801338], [115.63814696814592, 40.308103478538975], [115.63814877744902, 40.30801341082382], [115.63850172282928, 40.30801756570208], [115.63850353165569, 40.3079274979723], [115.63932707006848, 40.30793718847159], [115.63932526233536, 40.30802725623205], [115.64003115365853, 40.308035557736254], [115.64002934685439, 40.30812562552152], [115.64097053699103, 40.30813668753125], [115.64096873142823, 40.30822675535007], [115.64179227431862, 40.308236428360225], [115.64179046984098, 40.30832649620819], [115.64214341738463, 40.308330640003085], [115.64214161336746, 40.30842070786271], [115.64249456145288, 40.30842485059431], [115.64249275789612, 40.308514918465555], [115.64284570652333, 40.30851906013387], [115.64284390342702, 40.30860912801677], [115.64307920286488, 40.30861188853969], [115.6430774000728, 40.30870195642985], [115.64319504996013, 40.30870333651628], [115.6431932473161, 40.30879340440933], [115.6434285474275, 40.308796164232135], [115.64342674508775, 40.30888623213246], [115.64354439531184, 40.30888761186881], [115.64354079092033, 40.30906774767376], [115.64365844146491, 40.30906912729925], [115.64365483735328, 40.309249263107034], [115.64377248821842, 40.30925064262166], [115.64376888438666, 40.30943077843229], [115.64388653557228, 40.30943215783605], [115.64388113023233, 40.30970236155403], [115.64399878189471, 40.30970374085127], [115.6439915752858, 40.310064012472104], [115.64410922758107, 40.3100653916672], [115.64410382300768, 40.31033559538045], [115.64422147577972, 40.310336974469045], [115.64421607160183, 40.31060717818211], [115.6443337248506, 40.3106085571642], [115.64433012233714, 40.310788692974285], [115.64444777590646, 40.31079007184549], [115.64444417367291, 40.3109702076584], [115.64456182756275, 40.31097158641872], [115.64456002659, 40.31106165432733], [115.64467768064418, 40.3110630329724], [115.64467587981953, 40.31115310088391], [115.64479353403803, 40.31115447941374], [115.64479173336149, 40.31124454732812], [115.64502704213528, 40.311247304037664], [115.64502524176302, 40.311337371959304], [115.64514289631833, 40.31133875013903], [115.64514109609415, 40.31142881806355], [115.64537640554153, 40.311431574072856], [115.64537460562167, 40.31152164200465], [115.64619819003663, 40.31153128429989], [115.64619639120217, 40.31162135226072], [115.64643170142047, 40.3116241061344], [115.64642990289032, 40.3117141741025], [115.64666521345349, 40.31171692750643], [115.64666341522766, 40.31180699548176], [115.64678107067762, 40.31180837200867], [115.64677927259991, 40.31189843998687], [115.64701458383662, 40.311901192690556], [115.64701278606323, 40.311991260676], [115.64713044184994, 40.31199263685278], [115.64712864422465, 40.31208270484111], [115.64724630017572, 40.31208408090262], [115.64724450269856, 40.31217414889383], [115.64736215881393, 40.312175524840086], [115.64736036148487, 40.31226559283418], [115.64747801776458, 40.31226696866517], [115.64747622058363, 40.31235703666215], [115.64759387702767, 40.31235841237788], [115.64759207999485, 40.312448480377746], [115.64770973660322, 40.312449855978194], [115.64770793971852, 40.31253992398095], [115.64782559649119, 40.31254129946614], [115.64782379975459, 40.31263136747177], [115.64794145669163, 40.3126327428417], [115.64793966010316, 40.312722810850204], [115.64805731720449, 40.31272418610487], [115.64805552076415, 40.312814254116255], [115.64817317802982, 40.312815629255645], [115.6481713817376, 40.312905697269926], [115.6482890391676, 40.31290707229406], [115.64828724302349, 40.312997140311204], [115.64840490061783, 40.31299851522006], [115.64840310462185, 40.31308858324008], [115.64852076238049, 40.313089958033686], [115.64851896653265, 40.31318002605659], [115.64863662445563, 40.31318140073492], [115.64863482875592, 40.3132714687607], [115.64875248684321, 40.31327284332375], [115.64875069129165, 40.313362911352414], [115.64886834954328, 40.31336428580019], [115.64886655413983, 40.31345435383172], [115.64910187097982, 40.31345710237712], [115.64910007588074, 40.313547170415895], [115.64921773446912, 40.3135485445135], [115.64921593951817, 40.31363861255515], [115.64933359827087, 40.31363998653748], [115.64933180346807, 40.313730054582], [115.64980243918474, 40.313735549332506], [115.64980423336263, 40.31364548127059], [115.6501572097664, 40.313649601064355], [115.6501625908454, 40.313379396830626], [115.65028024919414, 40.31338076984292], [115.65028383622725, 40.313200633671066], [115.65040149427162, 40.313202006555045], [115.6504032876198, 40.31311193846255], [115.65075626133276, 40.31311605638374], [115.65075446845324, 40.31320612448928], [115.65087212652996, 40.31320749689477], [115.65086854105917, 40.31338763311008], [115.65098619945644, 40.31338900540465], [115.65097544378739, 40.313929414041354], [115.65085778445273, 40.31392804172072], [115.65085061322006, 40.31428831409834], [115.65096827317967, 40.31428968643636], [115.65096110244261, 40.314649958807806], [115.65107876303524, 40.314651331043564], [115.65107517793066, 40.314831467229126], [115.65119283884388, 40.31483283935393], [115.65119104643573, 40.31492290744886], [115.65130870751325, 40.31492427945839], [115.65130691525324, 40.31501434755617], [115.65142457649512, 40.31501571945042], [115.65142278438326, 40.31510578755107], [115.65295238329387, 40.31512361134626], [115.65295417337454, 40.31503354318918], [115.65318949609251, 40.31503628350838], [115.65319128585264, 40.314946215341145], [115.65330894706749, 40.314947585316965], [115.65331073666327, 40.31485751714392], [115.65342839772997, 40.31485888699577], [115.65343018716145, 40.31476881881692], [115.65354784807995, 40.314770188544806], [115.65355142660626, 40.31459005217402], [115.65366908722034, 40.3145914217736], [115.65367266540186, 40.314411285388246], [115.65379032571155, 40.314412654859524], [115.65379569245462, 40.31414245025745], [115.65391335230363, 40.31414381959609], [115.65391692977954, 40.31396368317868], [115.65403458932417, 40.31396505238903], [115.65403637789377, 40.313874984173786], [115.65427169669478, 40.31387772222694], [115.65427348494386, 40.313787654001544], [115.65450880346462, 40.31379039156754], [115.65451059139318, 40.31370032333201], [115.65462825050943, 40.313701691931236], [115.65463003827367, 40.3136116236899], [115.65474769724176, 40.31361299216517], [115.65475127243359, 40.31343285566942], [115.65486893109727, 40.31343422401639], [115.65487071852486, 40.313344155761975], [115.65498837704037, 40.313345523985], [115.65499016430368, 40.31325545572477], [115.655107822671, 40.31325682382384], [115.65510960977002, 40.3131667555578], [115.65522726798918, 40.313168123532925], [115.65522905492391, 40.3130780552611], [115.6553467129949, 40.31307942311226], [115.65534849976535, 40.312989354834635], [115.65546615768818, 40.312990722561835], [115.65546794429432, 40.31290065427841], [115.65558560206898, 40.31290202188167], [115.65558738851085, 40.31281195359242], [115.65582270377188, 40.31281468843142], [115.6558244898932, 40.312724620132045], [115.65605980487399, 40.3127273544839], [115.6560580190651, 40.31281742279194], [115.65617567672379, 40.31281878979274], [115.65617210539428, 40.31299892641304], [115.65605444742313, 40.31299755940355], [115.65605087574895, 40.3131776960093], [115.65593321747339, 40.313176328871535], [115.65590642654658, 40.31452735316193], [115.65602408716568, 40.3145287203646], [115.65601872923156, 40.314798925195916], [115.65613639032743, 40.314800292291956], [115.65612388929293, 40.31543077021042], [115.65600622710335, 40.31542940308409], [115.65599372458044, 40.31605988090013], [115.65587606130518, 40.31605851362388], [115.65587248877077, 40.31623865012083], [115.65599015235857, 40.31624001740574], [115.65598658010444, 40.31642015390546], [115.65610424401281, 40.31642152107939], [115.6561024580299, 40.31651158933137], [115.65622012210258, 40.31651295639001], [115.6562183362679, 40.31660302464483], [115.65633600050487, 40.31660439158814], [115.65633421481839, 40.31669445984584], [115.65645187921967, 40.31669582667384], [115.6564500936814, 40.31678589493438], [115.65668542282066, 40.316788628240126], [115.65668363758684, 40.316878696507835], [115.65680130232481, 40.31688006298559], [115.65679951723921, 40.31697013125617], [115.65691718214147, 40.316971497618596], [115.65691539720407, 40.31706156589203], [115.65703306227066, 40.31706293213913], [115.65703127748148, 40.31715300041541], [115.65726660795131, 40.31715573255937], [115.6572648234666, 40.31724580084283], [115.6577354851279, 40.317251263712336], [115.6577337012602, 40.31734133201163], [115.65796903245162, 40.317344062737185], [115.65796724888841, 40.31743413104364], [115.65820258042456, 40.31743686129928], [115.65820079716582, 40.31752692961289], [115.65867146095967, 40.31753238870576], [115.65866967831795, 40.3176224570352], [115.65937567518749, 40.317630642111126], [115.65937389347533, 40.317720710465], [115.65984455884082, 40.31772616480672], [115.65984277774568, 40.31781623317638], [115.66031344386475, 40.31782168562106], [115.66031166338665, 40.317911754006516], [115.66078233025928, 40.317917204554156], [115.66078055039823, 40.3180072729554], [115.6611335511058, 40.318011359622794], [115.66113177170554, 40.31810142803551], [115.66148477295413, 40.31810551363905], [115.66148299401465, 40.31819558206322], [115.66171832853304, 40.31819830520931], [115.66171654989809, 40.31828837364061], [115.66206955220464, 40.318292457475344], [115.66206777403046, 40.3183825259181], [115.66230310925414, 40.31838524788498], [115.66230133138451, 40.318475316334904], [115.66265433474899, 40.31847939840079], [115.66265255734014, 40.31856946686215], [115.66359390124828, 40.318580347141165], [115.6635921250816, 40.318670415635495], [115.6638274614513, 40.31867313451739], [115.66382568558919, 40.318763203018854], [115.66406102230349, 40.31876592143076], [115.66405924674591, 40.31885598993937], [115.66417691527133, 40.31885734897016], [115.66417513986202, 40.318947417481596], [115.66429280855174, 40.31894877639703], [115.6642910332907, 40.3190388449113], [115.6644087021447, 40.31904020371139], [115.66440692703195, 40.31913027222848], [115.66452459605023, 40.31913163091322], [115.66452104611322, 40.319311767951596], [115.66463871545209, 40.31931312652528], [115.66463516579563, 40.31949326356638], [115.66475283545505, 40.31949462202902], [115.6647510607711, 40.31958469055165], [115.6649864004265, 40.31958740712658], [115.66498462604712, 40.31967747565636], [115.6652199660471, 40.319680191761286], [115.66521819197227, 40.31977026029818], [115.66615955354247, 40.31978111996617], [115.66616132636702, 40.319691051394905], [115.66674967682684, 40.31969783477723], [115.666751448862, 40.31960776618301], [115.66698678878932, 40.31961047868978], [115.6669885605039, 40.31952041008551], [115.66710623032324, 40.31952176615514], [115.66710800187357, 40.3194316975451], [115.66746101091074, 40.319435765023165], [115.66745746873983, 40.31961590226752], [115.66757513874741, 40.31961725786281], [115.66757336780627, 40.31970732648708], [115.66792637834583, 40.319711392567946], [115.66793700105988, 40.319170980723065], [115.66829000885824, 40.31917504564986], [115.6682882388947, 40.319265114307214], [115.66840590833307, 40.3192664690478], [115.66840413851781, 40.31935653770796], [115.66828646892317, 40.31935518296309], [115.66828469894368, 40.319445251617516], [115.6684023686946, 40.31944660636668], [115.6683952893219, 40.319806880986775], [115.66851295970594, 40.31980823563343], [115.66851118999908, 40.319898304289076], [115.66862886054739, 40.319899658820376], [115.66862709098885, 40.31998972747882], [115.66874476170145, 40.31999108189475], [115.6687429922912, 40.32008115055602], [115.66897833405288, 40.32008385903749], [115.66897656494723, 40.32017392770586], [115.66909423599633, 40.3201752817714], [115.669092467039, 40.3202653504426], [115.6693278094737, 40.32026805822328], [115.66932604082096, 40.32035812690156], [115.66944371220656, 40.320359480616716], [115.66944194370214, 40.32044954929781], [115.66967728680986, 40.32045225637771], [115.66967551861005, 40.320542325065915], [115.66979319033216, 40.32054367843067], [115.66979142228067, 40.32063374712167], [115.66990909416704, 40.32063510037104], [115.66990732626387, 40.320725169064865], [115.6701426703731, 40.320727875213215], [115.67014090277455, 40.32081794391414], [115.67037624722828, 40.320820649592434], [115.67037447993434, 40.32091071830044], [115.67049215232946, 40.32091207096438], [115.67049038518381, 40.32100213967521], [115.6706080577432, 40.32100349222377], [115.6706062907459, 40.32109356093739], [115.67084163620116, 40.32109626568411], [115.67083986950847, 40.32118633440484], [115.67107521530819, 40.32118903868149], [115.67107344892015, 40.3212791074093], [115.67130879506433, 40.32128181121586], [115.67130702898092, 40.32137187995075], [115.67154237546954, 40.32137458328724], [115.67154060969077, 40.32146465202923], [115.67165828310333, 40.321466003522254], [115.67165651747288, 40.32155607226705], [115.6717741910497, 40.3215574236447], [115.67177066007748, 40.321737561138455], [115.67188833397489, 40.321738912404975], [115.67188656863314, 40.32182898115393], [115.67200424269481, 40.32183033230507], [115.6720024775014, 40.32192040105682], [115.67212015172731, 40.32192175209259], [115.67211838668226, 40.322011820847145], [115.67223606107244, 40.322013171767516], [115.67223253127105, 40.32219330928076], [115.67235020598179, 40.322194660090034], [115.67234844122545, 40.32228472884873], [115.67246611610047, 40.32228607954262], [115.67246258687653, 40.32246621706413], [115.67258026207213, 40.3224675676469], [115.67257849760452, 40.322557636409734], [115.67269617296436, 40.32255898687712], [115.67269440864514, 40.32264905564275], [115.67281208416924, 40.322650405994736], [115.67281031999835, 40.32274047476318], [115.67292799568673, 40.322741824999774], [115.67292623166419, 40.322831893771024], [115.67316158337745, 40.32283459389377], [115.67315981965956, 40.32292466267209], [115.67351284775802, 40.32292871197153], [115.67351108450113, 40.32301878076119], [115.67362876070617, 40.323020130292605], [115.67363052380675, 40.322930061498674], [115.67374819986343, 40.32293141090616], [115.67374643691916, 40.323021479704366], [115.67386411314011, 40.32302282899644], [115.67386587592806, 40.32293276019397], [115.67457193248278, 40.322940853407836], [115.67457369432493, 40.322850784578264], [115.67469137028888, 40.32285213302414], [115.67469313196678, 40.32276206418883], [115.67481080778238, 40.322763412510774], [115.674823138211, 40.322132930592545], [115.67494081294039, 40.32213427876495], [115.67494257424211, 40.32204420990934], [115.67506024882313, 40.32204555795781], [115.6750620099606, 40.321955489096446], [115.67517968439329, 40.321956837020984], [115.67518144536649, 40.32186676815391], [115.6752991196508, 40.321868115954516], [115.67530088045979, 40.3217780470817], [115.6755362287396, 40.32178074231539], [115.67553798922805, 40.321690673432556], [115.67577333722701, 40.32169336817907], [115.67577509739493, 40.32160329928625], [115.67612811898402, 40.32160734049577], [115.67612987867508, 40.321517271588675], [115.67636522612824, 40.32151996512152], [115.67636698549875, 40.321429896204435], [115.6767200062691, 40.32143393559345], [115.67672176516277, 40.32134386666212], [115.67731013249049, 40.32135059656261], [115.67731189059474, 40.32126052760848], [115.67766491061765, 40.32126456410007], [115.67766666824507, 40.321174495131714], [115.67778434144559, 40.32117584038533], [115.6777860989088, 40.32108577141123], [115.67790377196093, 40.32108711654093], [115.67791080110932, 40.3207268406128], [115.6780284735442, 40.32072818560581], [115.67803023065518, 40.320638116615854], [115.67814790294169, 40.320639461484944], [115.67814965988848, 40.32054939248925], [115.67826733202662, 40.32055073723443], [115.67826908880919, 40.32046066823301], [115.67838676079894, 40.32046201285427], [115.67838851741729, 40.32037194384713], [115.6785061892587, 40.32037328834448], [115.67850794571282, 40.32028321933159], [115.67874328910682, 40.32028590795883], [115.67874504524045, 40.320195838935966], [115.67909805992196, 40.32019987096661], [115.67909981557881, 40.32010980192952], [115.67992351568542, 40.32011920578328], [115.67992176112264, 40.32020927485013], [115.6800394327544, 40.32021061778345], [115.68003767833997, 40.32030068685308], [115.68015535013595, 40.320302029670984], [115.68015008731413, 40.32057223688382], [115.68026775958685, 40.320573579594814], [115.68026600545339, 40.320663648667086], [115.680619022788, 40.320667676094864], [115.68061726911549, 40.320757745178405], [115.68108795963089, 40.32076311342389], [115.68108620657566, 40.320853182522946], [115.68132155219337, 40.32085586593624], [115.68131979944283, 40.320945935042324], [115.68143747241983, 40.32094727657372], [115.6814357198177, 40.3210373456826], [115.68155339295892, 40.32103868709857], [115.68154813557396, 40.32130889442909], [115.68143046196384, 40.32130755300035], [115.6814269566884, 40.32148769120486], [115.6813092827736, 40.32148634964796], [115.68130402433226, 40.32175655693094], [115.68118634995645, 40.32175521524166], [115.68118284397674, 40.32193535341447], [115.68094749462361, 40.32193266965992], [115.68094574130932, 40.32202273873561], [115.68059271687001, 40.32201871219357], [115.68059096307887, 40.322108781255054], [115.6803556131796, 40.322106096286866], [115.68035385906795, 40.322196165338376], [115.68023618397386, 40.32219482267054], [115.68023442969799, 40.32228489171632], [115.68011675445551, 40.322283548924574], [115.68010798217587, 40.32273389411025], [115.67999030615978, 40.322732551177566], [115.67998855152379, 40.32282262020605], [115.67987087535931, 40.32282127714945], [115.6798691205591, 40.32291134617219], [115.67975144424621, 40.322910002991684], [115.67974968928175, 40.32300007200872], [115.6792789834841, 40.32299469807297], [115.67928073907377, 40.322904629072944], [115.67916306280047, 40.32290328529409], [115.67916481853855, 40.32281321629686], [115.67904714242947, 40.3228118724026], [115.67904889831594, 40.322721803408136], [115.67893122237108, 40.322720459398454], [115.67893473443289, 40.32254032141367], [115.67881705880856, 40.32253897729283], [115.6788188149839, 40.322448908302476], [115.67858346407165, 40.322446219710315], [115.67858170758372, 40.322536288692156], [115.67834635639055, 40.32253359961281], [115.67834459958206, 40.32262366858467], [115.67810924810799, 40.32262097901816], [115.67810749097895, 40.322711047980036], [115.67787213922394, 40.32270835792634], [115.67787038177435, 40.32279842687823], [115.67728200174399, 40.322791699628524], [115.67728024350494, 40.32288176855765], [115.67716256736632, 40.32288042274445], [115.67716080896304, 40.32297049166784], [115.67727848525794, 40.3229718374853], [115.67727672700302, 40.32306190641148], [115.67774743288719, 40.32306728850169], [115.6777456752496, 40.32315735744343], [115.67786335189678, 40.323158702671066], [115.67786159440757, 40.32324877161562], [115.67797927121897, 40.32325011672784], [115.67797224180813, 40.32361039250831], [115.67785456437146, 40.323609047379044], [115.67784401907949, 40.324149460980095], [115.67772634071282, 40.324148115705604], [115.67771579419754, 40.32468852922816], [115.67759811490087, 40.32468718380846], [115.6775945990197, 40.32486732162902], [115.67747691941828, 40.32486597608112], [115.6774593379734, 40.32576666505316], [115.6775770191381, 40.32576801064365], [115.67756647082858, 40.326308423981835], [115.67768415293922, 40.3263097694782], [115.67767712119962, 40.32667004502463], [115.67779480394357, 40.326671390418355], [115.67779128833888, 40.32685152819125], [115.67790897140347, 40.32685287347381], [115.677903698406, 40.32712308013492], [115.67802138194752, 40.32712442531056], [115.67801962442218, 40.32721449419893], [115.67813730812799, 40.327215839259146], [115.67812852116414, 40.32766618370013], [115.67801083667663, 40.32766483861862], [115.67800907910372, 40.32775490749815], [115.67812676374761, 40.32775625258392], [115.67811973400217, 40.32811652810436], [115.67823741927937, 40.328117873087464], [115.67821633115838, 40.32919869955873], [115.67809864400489, 40.329197354524524], [115.67809161375213, 40.329557629950855], [115.67820930153106, 40.329558975002094], [115.67820578666985, 40.32973911271495], [115.67832347476946, 40.329740457655], [115.67832171748333, 40.3298305265135], [115.6784394057472, 40.329831871338094], [115.6784376486095, 40.329921940199355], [115.67890840236977, 40.32992731831785], [115.678910158882, 40.329837249439564], [115.67914553549694, 40.329839937772114], [115.67914729168851, 40.32974986888385], [115.67938266802241, 40.329752556729105], [115.67938442389332, 40.329662487830845], [115.67961979994617, 40.329665175188815], [115.67962155549642, 40.32957510628059], [115.67985693126822, 40.32957779315127], [115.67985868649785, 40.32948772423307], [115.68009406198854, 40.32949041061646], [115.68009581689753, 40.32940034168828], [115.68044887972388, 40.32940437035289], [115.68045063415586, 40.32931430141049], [115.68056832162411, 40.32931564405506], [115.68057007589182, 40.32922557510693], [115.68080545053932, 40.329228260028486], [115.6808072044864, 40.32913819107039], [115.68092489166565, 40.32913953334738], [115.68092664544844, 40.329049464383566], [115.68104433247927, 40.32905080653661], [115.6810460860978, 40.328960737567094], [115.68116377298016, 40.32896207959618], [115.6811655264344, 40.328872010620934], [115.6812832131683, 40.32887335252609], [115.6812849664583, 40.32878328354513], [115.68140265304375, 40.32878462532634], [115.68140440616946, 40.32869455633966], [115.68152209260647, 40.32869589799694], [115.68152384556791, 40.328605829004545], [115.68175921815293, 40.32860851195153], [115.6817627234267, 40.32842837394534], [115.68199809541791, 40.328431056396575], [115.68199984773024, 40.32834098738277], [115.68211753358133, 40.328342328424604], [115.68211928572939, 40.3282522594051], [115.68247234286106, 40.328256281799725], [115.68247059118207, 40.328346350831964], [115.68258827706477, 40.32834769139504], [115.68258652553422, 40.328437760430056], [115.68282189763606, 40.3284404412056], [115.68282014641034, 40.32853051024764], [115.6831732050914, 40.32853453052601], [115.68317145432684, 40.328624599579285], [115.68493675114316, 40.32864468487628], [115.68493500271609, 40.328734753991675], [115.68646493009159, 40.328752139520034], [115.68646667648596, 40.32866207034961], [115.68658436310598, 40.32866340685585], [115.68658960177284, 40.328393199323074], [115.68647191562192, 40.328391862829505], [115.6864789010262, 40.32803158611548], [115.6863612155086, 40.328030249519145], [115.68636470847619, 40.32785011116177], [115.68624702327917, 40.32784877445422], [115.68625051652795, 40.327668636099425], [115.68613283165149, 40.32766729928064], [115.68613632518148, 40.327487160928435], [115.6860186406256, 40.32748582399843], [115.68602213443678, 40.3273056856488], [115.68590445020148, 40.32730434860758], [115.68590794429385, 40.32712421026055], [115.68579026037911, 40.32712287310809], [115.68579550192757, 40.326852665589215], [115.68567781848978, 40.326851328329774], [115.68568830231197, 40.32631091327774], [115.68580598481172, 40.32631225051177], [115.68580947904339, 40.32613211214088], [115.68592716123835, 40.32613344924677], [115.68592890818603, 40.32604338005487], [115.68604659023252, 40.32604471703685], [115.68604833701598, 40.32595464783925], [115.6864013827337, 40.32595865805441], [115.68640312904027, 40.32586858884266], [115.68687385614882, 40.325873934103726], [115.68687560182215, 40.32578386487357], [115.687110965111, 40.325786536777564], [115.68711271046382, 40.3256964675375], [115.68734807347148, 40.325699138954306], [115.68734981850372, 40.32560906970429], [115.68758518123019, 40.32561174063393], [115.68758692594191, 40.325521671374], [115.68841069463805, 40.3255310158282], [115.68840895102068, 40.3256210851177], [115.68852663245079, 40.32562241956524], [115.68852314550513, 40.325802558148276], [115.68840546376234, 40.3258012236923], [115.68840372012137, 40.3258912929774], [115.68828603823013, 40.32588995839752], [115.68828429442495, 40.325980027676906], [115.68816661238523, 40.32597869297312], [115.68816312443863, 40.326158831519066], [115.68804544209408, 40.326157496687145], [115.68804369795265, 40.32624756595367], [115.68792601545965, 40.32624623099784], [115.68792252684047, 40.32642636951806], [115.68780484404265, 40.32642503443409], [115.68779961058587, 40.32669524219072], [115.68768192732689, 40.326693906974405], [115.68767843800366, 40.32687404546301], [115.68756075443986, 40.32687271011855], [115.68755900961011, 40.32696277935642], [115.68744132589781, 40.32696144388804], [115.68743609089228, 40.32723165158018], [115.6875537750736, 40.327232987061244], [115.68755028534325, 40.327413125523776], [115.68766796984514, 40.3274144608936], [115.68766448039602, 40.32759459935874], [115.68778216521848, 40.327595934617335], [115.68778042063846, 40.32768600385191], [115.68789810562514, 40.32768733899504], [115.6878963611936, 40.327777408232365], [115.68801404634449, 40.32777874326004], [115.68801230206145, 40.327868812500135], [115.68824767269955, 40.32787148220486], [115.68824418473527, 40.328051620697536], [115.68836187037883, 40.32805295537882], [115.68835663884246, 40.32832316311948], [115.68847432496295, 40.32832449769374], [115.68846735009647, 40.32868477467762], [115.68858503685027, 40.32868610914908], [115.68858329327034, 40.32877617839561], [115.68870098018836, 40.32877751275161], [115.68869923675693, 40.32886758200088], [115.68881692383916, 40.328868916241404], [115.68881518055622, 40.328958985493436], [115.68893286780269, 40.328960319618496], [115.68893112466826, 40.329050388873284], [115.68904881207895, 40.329051722882866], [115.68904706909302, 40.329141792140405], [115.68916475666794, 40.32914312603451], [115.68916127098521, 40.329323264553615], [115.68927895888072, 40.32932459833648], [115.68927721618392, 40.32941466759805], [115.68939490424366, 40.32941600126544], [115.68939316169538, 40.32950607052976], [115.68951084991933, 40.32950740408166], [115.68950910751957, 40.32959747334875], [115.68962679590773, 40.32959880678517], [115.68962505365647, 40.329688876055016], [115.68986043076912, 40.32969154257722], [115.68985868882275, 40.32978161185401], [115.68997637754723, 40.3297829449398], [115.68997463574935, 40.32987301421935], [115.69021001353462, 40.32987568004025], [115.69020827204166, 40.329965749326774], [115.69044365017108, 40.329968414677325], [115.69044190898298, 40.33005848397081], [115.69055959821586, 40.33005981647075], [115.69055785717627, 40.330149885766986], [115.69079323597829, 40.33015255041621], [115.69079149524362, 40.33024261971941], [115.69090918481278, 40.330243951868695], [115.6909074442266, 40.33033402117464], [115.69114282370124, 40.330336685122525], [115.69114108341995, 40.330426754435436], [115.69125877332543, 40.33042808623405], [115.69125703319267, 40.33051815554971], [115.69137472326236, 40.330519487232834], [115.69137298327813, 40.330609556551224], [115.69149067351204, 40.33061088811887], [115.69148893367634, 40.33070095744001], [115.6916066240745, 40.33070228889216], [115.69160488438732, 40.330792358216065], [115.69172257494968, 40.330793689552735], [115.69172083541105, 40.33088375887936], [115.6918385261376, 40.33088509010053], [115.69183504734956, 40.33106522875783], [115.69195273839675, 40.33106655986772], [115.69195099914731, 40.33115662919838], [115.69206869035875, 40.33115796019278], [115.69206695125786, 40.3312480295262], [115.69218464263348, 40.33124936040512], [115.69218116472095, 40.33142949907594], [115.69229885641721, 40.33143082984357], [115.69229711760555, 40.33152089918099], [115.69241480946602, 40.331522229833126], [115.69241307080289, 40.331612299173294], [115.69253076282757, 40.33161362970994], [115.69252902431303, 40.33170369905284], [115.69264671650194, 40.331705029473994], [115.6926449781359, 40.33179509881964], [115.69276267048906, 40.331796429125305], [115.69276093227157, 40.331886498473686], [115.69287862478893, 40.33188782866385], [115.69287688672, 40.331977898014976], [115.69299457940161, 40.331979228089644], [115.69299284148121, 40.33206929744352], [115.69311053432705, 40.33207062740267], [115.6931087965552, 40.33216069675928], [115.69322648956523, 40.33216202660295], [115.69322475194195, 40.33225209596231], [115.69346013829832, 40.33225475529893], [115.6934636129115, 40.33207461656191], [115.69358130578867, 40.33207594604225], [115.69358304292713, 40.331985876667325], [115.69370073565574, 40.33198720602375], [115.69370247262995, 40.33189713664315], [115.69382016521001, 40.33189846587564], [115.69382190202003, 40.33180839648937], [115.69393959445155, 40.331809725597964], [115.69394133109734, 40.33171965620601], [115.69405902338028, 40.33172098519068], [115.69406075986187, 40.33163091579306], [115.69417845199627, 40.331632244653804], [115.69418018831361, 40.33154217525051], [115.69429788029947, 40.33154350398735], [115.69429961645262, 40.331453434578385], [115.69441730828991, 40.33145476319131], [115.69441904427885, 40.33136469377666], [115.6945367359676, 40.33136602226569], [115.69453847179233, 40.33127595284536], [115.69465616333252, 40.33127728121047], [115.69465789899301, 40.33118721178447], [115.69477559038467, 40.331188540025664], [115.69477732588095, 40.33109847059401], [115.69489501712405, 40.3310997987113], [115.69490716428429, 40.33046931261906], [115.69478947413586, 40.33046798453118], [115.69479294499536, 40.33028784564287], [115.6946752551675, 40.33028651744371], [115.69467699074188, 40.33019644800156], [115.69455930107821, 40.33019511968691], [115.69456277251628, 40.3300149808066], [115.69444508317318, 40.330013652380664], [115.69444681903683, 40.32992358294251], [115.69432912985792, 40.32992225440107], [115.694334337871, 40.329652046090416], [115.6944520265808, 40.32965337461925], [115.69445376241313, 40.32956330517521], [115.69504220529765, 40.32956994600282], [115.69504047024715, 40.32966001546788], [115.69562891410915, 40.32966665332404], [115.69562717983267, 40.32975672280863], [115.69633331366343, 40.329764684311186], [115.69633158031736, 40.329854753819504], [115.69668464780742, 40.32985873296744], [115.69668291492262, 40.32994880248688], [115.69691829360113, 40.32995145466207], [115.6969165610213, 40.33004152418845], [115.69703425052863, 40.330042850100696], [115.69703251809734, 40.3301329196298], [115.69726789744824, 40.33013557110357], [115.69726443318773, 40.33031571017416], [115.69738212318762, 40.33031703573989], [115.69738039120202, 40.33040710527718], [115.69749808136613, 40.33040843072741], [115.69749461768421, 40.33058856980596], [115.6976123081689, 40.330589895144875], [115.69760711305659, 40.330860103764294], [115.69772480401821, 40.33086142899609], [115.69771960930476, 40.33113163761486], [115.697601917874, 40.33113031237049], [115.69759845437989, 40.33131045143394], [115.69748076264418, 40.33130912606148], [115.69747903072903, 40.33139919558681], [115.69736133884474, 40.331397870090434], [115.6973596067654, 40.33148793961009], [115.69724191473257, 40.33148661398982], [115.69724018248901, 40.33157668350382], [115.69712249030759, 40.33157535775964], [115.69712075789987, 40.33166542726798], [115.69688537324768, 40.331662775412106], [115.69688364051936, 40.33175284491057], [115.69676594804864, 40.33175151879888], [115.69676421515608, 40.33184158829169], [115.69664652253678, 40.33184026205608], [115.69664478948005, 40.33193033154322], [115.69652709671216, 40.33192900518372], [115.69652363026245, 40.33210914414519], [115.69640593718964, 40.33210781765758], [115.69639900357086, 40.33246809554611], [115.69651669726926, 40.332469422050515], [115.69650803085183, 40.332919769399126], [115.69662572534001, 40.332921095804814], [115.69661879269093, 40.333281373674055], [115.69650109757717, 40.33328004725158], [115.69649416417742, 40.33364032508053], [115.69637646844586, 40.333638998521536], [115.69637300138628, 40.33381913741881], [115.69625530534974, 40.33381781073169], [115.69625357165182, 40.33390788017392], [115.69613587546672, 40.33390655336289], [115.69613414160456, 40.33399662279945], [115.69601644527089, 40.33399529586451], [115.69601471124452, 40.33408536529541], [115.69589701476224, 40.33408403823655], [115.69589528057165, 40.334174107661774], [115.69577758394078, 40.334172780478994], [115.69576544329271, 40.33480326638501], [115.69564774557483, 40.33480193905311], [115.69564427643502, 40.334982077861774], [115.69552657841214, 40.33498075040174], [115.69551790464362, 40.335431097376706], [115.6954002058465, 40.33542976977594], [115.69539500102225, 40.33569997793069], [115.6956303995628, 40.3357026330377], [115.69562866491856, 40.33579270242808], [115.69586406380324, 40.3357953570646], [115.69586232946402, 40.335885426461914], [115.6959800290745, 40.335886753604775], [115.69597829488389, 40.33597682300483], [115.69609599465862, 40.33597815003219], [115.69609426061656, 40.33606821943496], [115.69621196055553, 40.33606954634678], [115.69620849276085, 40.33624968515633], [115.6963261930205, 40.336251011956826], [115.69632792676532, 40.33616094254859], [115.69668102712187, 40.33616492221912], [115.69668276038962, 40.33607485279682], [115.69680046036771, 40.33607617911002], [115.69680219347121, 40.33598610968205], [115.69703759313798, 40.33598876194086], [115.69703932592083, 40.335898692503015], [115.6971570256095, 40.33590001844865], [115.69715875822814, 40.335809949005146], [115.69739415731611, 40.33581260052882], [115.69739762190426, 40.33563246162062], [115.69763302039782, 40.335635112648625], [115.69764341209778, 40.33509469583844], [115.69776111041777, 40.335096021147685], [115.69776284218402, 40.33500595166998], [115.69788054035541, 40.33500727685531], [115.69788227195745, 40.33491720737195], [115.69847076214958, 40.33492383148178], [115.69846903132961, 40.33501390098611], [115.6989398242495, 40.33501919813577], [115.69894155444382, 40.334929128614675], [115.69929464874645, 40.33493310020727], [115.69929637846374, 40.33484303067214], [115.69953177439166, 40.334845677793545], [115.69953350378833, 40.334755608248564], [115.70035738868692, 40.334764869372975], [115.70035566038514, 40.33485493894728], [115.7004733584154, 40.33485626149035], [115.70047508656079, 40.33476619191187], [115.7009458781341, 40.334771480870224], [115.70094760564604, 40.33468141127352], [115.70118300116663, 40.33468405502601], [115.70118472835794, 40.33459398541948], [115.70130242597354, 40.334595307111954], [115.70130415300065, 40.33450523749976], [115.70153954794236, 40.33450788051718], [115.70154127464887, 40.334417810895175], [115.701658971975, 40.33441913222012], [115.70166069851732, 40.33432906259245], [115.70177839569483, 40.33433038379351], [115.7017922065018, 40.33360982668582], [115.70190990243587, 40.3336111477337], [115.70191335474695, 40.333431008433735], [115.7017956591257, 40.33342968739423], [115.70180256428002, 40.3330694087934], [115.70215564929036, 40.33307337150262], [115.70215392348264, 40.33316344116757], [115.70227161865806, 40.333164761835405], [115.70226989299896, 40.333254831503076], [115.70238758833858, 40.33325615205536], [115.7023858628281, 40.33334622172574], [115.70262125384342, 40.33334886247954], [115.70262297904111, 40.333258792800805], [115.70297606515327, 40.3332627530211], [115.70297778987398, 40.33317268332836], [115.70321318034154, 40.3331753228683], [115.70321490474164, 40.33308525316574], [115.70345029492752, 40.333087892218465], [115.70345201900706, 40.33299782250609], [115.703805103875, 40.3330017801748], [115.70380682747758, 40.332911710448414], [115.70404221711561, 40.3329143482873], [115.7040353239098, 40.33327462721741], [115.7039176284613, 40.333273308341134], [115.70391590498403, 40.3333633780658], [115.70379820938689, 40.33336205906563], [115.70379648574543, 40.333452128784664], [115.7036787899997, 40.333450809660604], [115.70367706619407, 40.33354087937399], [115.70344167441311, 40.33353824075837], [115.70343995028688, 40.33362831046194], [115.70332225425167, 40.33362699097037], [115.70331880566309, 40.333807130364775], [115.70320110932285, 40.33380581074513], [115.70319938486051, 40.333895880435946], [115.70343477786159, 40.33389851956385], [115.7034296053663, 40.33416872865257], [115.70354730234772, 40.33417004804947], [115.70354385429145, 40.33435018744295], [115.70366155159344, 40.33435150672849], [115.70365982771007, 40.334441576427196], [115.7041306176215, 40.33444685238887], [115.70412889435596, 40.334536922102814], [115.70448198734039, 40.33454087782953], [115.70448371013669, 40.334450808103064], [115.70507219781743, 40.33445739856565], [115.7050739198239, 40.33436732881685], [115.70542701205632, 40.334371281645254], [115.70542873358582, 40.334281211882484], [115.70566412813346, 40.33428384649447], [115.70566584934235, 40.33419377672189], [115.70590124360822, 40.33419641084666], [115.70590296449657, 40.33410634106428], [115.70613835848067, 40.334108974701834], [115.70614007904844, 40.334018904909634], [115.70625777589572, 40.33402022154468], [115.70626121669517, 40.33384008194754], [115.7063789132374, 40.33384139845453], [115.70638063346908, 40.33375132864959], [115.70649832986265, 40.333752645032696], [115.70650176998993, 40.33357250541008], [115.70661946607848, 40.33357382166513], [115.70662118597406, 40.33348375184747], [115.70673888191395, 40.333485067978636], [115.70674232136906, 40.33330492833056], [115.70686001700393, 40.333306244333684], [115.70686173656345, 40.33321617450327], [115.70697943204966, 40.3332174903825], [115.706981151445, 40.33312742054647], [115.70709884678259, 40.33312873630182], [115.70710056601379, 40.333038666460155], [115.70721826120271, 40.333039982091634], [115.70722169932907, 40.33285984239556], [115.70733939421295, 40.33286115789899], [115.7073411131081, 40.33277108804458], [115.70745880784337, 40.33277240342414], [115.70746052657435, 40.332682333564115], [115.70769591575531, 40.332684963955764], [115.70769763416574, 40.33259489408592], [115.7079330230649, 40.332597523990394], [115.70793474115482, 40.332507454110775], [115.70852321275632, 40.33251402675617], [115.70852493005653, 40.33242395685429], [115.70899570685157, 40.332429212799134], [115.70899742351844, 40.332339142879135], [115.70923281164966, 40.33234177012498], [115.709234527996, 40.33225170019519], [115.70958760978169, 40.33225564015364], [115.70958932565112, 40.33216557020992], [115.70970701943875, 40.33216688328582], [115.70970873514406, 40.33207681333648], [115.70982642878305, 40.332078126288515], [115.70982814432422, 40.33198805633354], [115.70994583781457, 40.33198936916172], [115.70994926856093, 40.33180922923906], [115.71006696174621, 40.33181054193922], [115.7100686769514, 40.33172047197152], [115.71018636998805, 40.33172178454782], [115.71018808502912, 40.331631714574506], [115.71042347081283, 40.33163433935963], [115.71042518553337, 40.33154426937656], [115.71066057103525, 40.33154689367454], [115.71066399982757, 40.331366753687355], [115.71125246215372, 40.3313733122959], [115.71125074854335, 40.331463382310986], [115.7114861338407, 40.33146600492474], [115.71148442053537, 40.331556074946675], [115.7117198061764, 40.33155869708989], [115.71171809317613, 40.33164876711864], [115.71207117216477, 40.33165269944812], [115.71206945962594, 40.33174276948784], [115.712187152794, 40.33174408002906], [115.71218544040381, 40.33183415007147], [115.71230313373599, 40.33183546049713], [115.7123014214945, 40.33192553054222], [115.71241911499077, 40.331926840852326], [115.71241740289796, 40.33201691090009], [115.71253509655834, 40.332018221094614], [115.71253338461416, 40.33210829114507], [115.71265107843868, 40.33210960122405], [115.71264936664319, 40.332199671277166], [115.7127670606318, 40.332200981240575], [115.71276534898502, 40.33229105129639], [115.71288304313774, 40.33229236114422], [115.71287962013372, 40.33247250125975], [115.71299731460698, 40.33247381099616], [115.71298875774383, 40.33292416128], [115.71287106248859, 40.33292285152285], [115.7128676393765, 40.33310299161782], [115.71274994381618, 40.333101681732664], [115.71274652036043, 40.33328182181348], [115.71262882449503, 40.33328051180032], [115.71262711259915, 40.33337058183438], [115.71250941658508, 40.33336927169736], [115.71250770452507, 40.3334593417258], [115.71239000836233, 40.3334580314649], [115.7123882961382, 40.33354810148773], [115.71227059982675, 40.333546791102975], [115.71226888743851, 40.33363686112019], [115.7121511909784, 40.33363555061157], [115.71214776586594, 40.333815690633294], [115.71203006910072, 40.33381437999666], [115.71202664364455, 40.33399452000422], [115.71190894657425, 40.33399320923957], [115.7118935302313, 40.33480383916363], [115.71201122870927, 40.33480514996563], [115.71200951590008, 40.334895219954], [115.71212721454219, 40.33489653064041], [115.71212378921342, 40.33507667062106], [115.71224148817609, 40.33507798119605], [115.71223977565653, 40.335168051188326], [115.71235747478335, 40.33516936164774], [115.71235576241247, 40.3352594316427], [115.71247346170342, 40.33526074198654], [115.71247174948125, 40.33535081198417], [115.71258944893634, 40.33535212221243], [115.71258773686287, 40.33544219221274], [115.71270543648211, 40.33544350232542], [115.71270201262485, 40.33562364232994], [115.71281971256464, 40.33562495233119], [115.71281628898932, 40.33580509233813], [115.71293398924965, 40.33580640222795], [115.71293227760685, 40.335896472233365], [115.71304997803135, 40.335897782007606], [115.71304826653721, 40.3359878520157], [115.71316596712586, 40.335989161674355], [115.71316425578043, 40.336079231685126], [115.71328195653322, 40.3360805412282], [115.7132802453365, 40.336170611241656], [115.7135156471781, 40.33617322997692], [115.7135139362865, 40.33626329999718], [115.7136316373753, 40.336264609189364], [115.71362992663242, 40.33635467921231], [115.71374762788534, 40.336355988288894], [115.71374591729118, 40.33644605831452], [115.71386361870827, 40.33644736727554], [115.71386190826281, 40.33653743730383], [115.71397960984402, 40.336538746149245], [115.71397789954727, 40.33662881618023], [115.71409560129266, 40.336630124910066], [115.71409389114461, 40.33672019494371], [115.71421159305413, 40.33672150355795], [115.7142098830548, 40.33681157359429], [115.71432758512844, 40.33681288209293], [115.71432587527786, 40.33690295213193], [115.71444357751564, 40.336904260515006], [115.71444186781376, 40.336994330556685], [115.71455957021568, 40.336995638824156], [115.71455786066254, 40.33708570886851], [115.71467556322862, 40.33708701702038], [115.71467214441202, 40.33726715711296], [115.71478984729868, 40.33726846515339], [115.71478813803523, 40.337358535201616], [115.71490584108604, 40.33735984312645], [115.71490413197135, 40.33744991317736], [115.71513953840892, 40.33745252867611], [115.71513782959939, 40.33754259873382], [115.71537323638066, 40.337545213761906], [115.7153715278763, 40.337635283826444], [115.71560693500128, 40.33763789838387], [115.71560351859516, 40.337818038525064], [115.71572122248207, 40.33781934563244], [115.715717806358, 40.33799948577606], [115.71583551056551, 40.338000792771986], [115.71583209472352, 40.338180932918], [115.7159497992516, 40.33818223980246], [115.71594638369166, 40.33836237995087], [115.71606408854035, 40.33836368672386], [115.71606238090527, 40.338453756800014], [115.7161800859181, 40.33845506345741], [115.7161766709377, 40.33863520361356], [115.71629437627112, 40.338636510159496], [115.71629266892583, 40.33872658023951], [115.71664578544159, 40.338730499171255], [115.71664407855793, 40.33882056926221], [115.71687948991982, 40.33882318129294], [115.71687778334135, 40.33891325139069], [115.71699548919031, 40.33891455723058], [115.71699378276058, 40.339004627331], [115.71711148877368, 40.33900593305529], [115.71710807620404, 40.33918607325998], [115.71722578253771, 40.33918737887279], [115.71722237025021, 40.33936751907989], [115.71734007690448, 40.33936882458123], [115.71733666489908, 40.33954896479073], [115.71745437187396, 40.339550270180574], [115.71744754839662, 40.33991055059851], [115.717565256005, 40.33991185588515], [115.71756013878559, 40.340182066195574], [115.71767784687103, 40.340183371374856], [115.71767102442989, 40.340543651784756], [115.71778873314888, 40.34054495686081], [115.71778532219507, 40.34072509706523], [115.71790303123466, 40.340726402029794], [115.71790132590269, 40.340816472133945], [115.71813674431785, 40.3408190817121], [115.71813333425665, 40.34099922193248], [115.71825104378871, 40.3410005265502], [115.7182442241999, 40.341360806989904], [115.71812651404201, 40.34135950235567], [115.71812310388853, 40.34153964255846], [115.71800539342539, 40.341538337796216], [115.7180019829282, 40.34171847798487], [115.7178842721598, 40.34171717309462], [115.7178808613189, 40.34189731326916], [115.71776315024526, 40.341896008250885], [115.71776144465682, 40.341986078331814], [115.7176437334344, 40.34198477318967], [115.71764202768179, 40.342074843265], [115.71752431631057, 40.342073537998964], [115.71752261039379, 40.34216360806871], [115.71740489887382, 40.34216230267877], [115.71740319279287, 40.34225237274293], [115.71728548112411, 40.34225106722911], [115.717283774879, 40.342341137287654], [115.71704835125163, 40.3423385258925], [115.71704664468587, 40.342428595941314], [115.71692893272727, 40.34242729005998], [115.71692722599732, 40.34251736010318], [115.71669180179025, 40.34251474797295], [115.71669009473969, 40.34260481800642], [115.71657238249122, 40.342603511757545], [115.71657067527644, 40.34269358178541], [115.71645296287922, 40.34269227541265], [115.71645125550029, 40.34278234543492], [115.71633354295427, 40.34278103893826], [115.71633183541115, 40.342871108954924], [115.71621412271635, 40.34286980233437], [115.71621241500907, 40.34295987234543], [115.71609470216552, 40.34295856560099], [115.716092994294, 40.34304863560646], [115.71597528130168, 40.34304732873812], [115.71597357326604, 40.34313739873797], [115.7158558601249, 40.343136091745734], [115.71585415192507, 40.343226161739985], [115.71632500516164, 40.34323138900693], [115.71632671273557, 40.343141318996125], [115.71667985227444, 40.34314523817646], [115.71667302381027, 40.34350551826048], [115.71679073763121, 40.34350682443094], [115.71678903065241, 40.343596894452425], [115.71702445863038, 40.343599506442345], [115.71702275195682, 40.34368957647062], [115.71714046611385, 40.34369088229007], [115.71713875958909, 40.343780952321], [115.71796275999907, 40.343790089732785], [115.71796446542845, 40.34370001967292], [115.71831760810724, 40.343703933897736], [115.71831590314734, 40.34379400396999], [115.7190221896515, 40.34380182921082], [115.71902389367249, 40.34371175911381], [115.71949475086974, 40.34371697352929], [115.7194964542571, 40.343626903414304], [115.71973188258887, 40.34362950989523], [115.71973358565558, 40.343539439770524], [115.72032215583698, 40.343545953856406], [115.72032385811362, 40.343455883709616], [115.72091242770455, 40.34346239478088], [115.72091412919109, 40.34337232461201], [115.72138498437606, 40.34337753129685], [115.72138668522896, 40.34328746111004], [115.72162211255454, 40.34329006372565], [115.72162381308682, 40.34319999352914], [115.72197695366324, 40.343203896542015], [115.72197865371842, 40.34311382633167], [115.72256722071675, 40.343120328937374], [115.72256891998185, 40.34303025870498], [115.72480547334928, 40.34305494122336], [115.72480716963359, 40.34296487091138], [115.72504259615165, 40.342967466548046], [115.72504429211534, 40.34287739622639], [115.72527971835103, 40.34287999137581], [115.72528141399413, 40.342789921044464], [115.72539912696698, 40.34279121843544], [115.72540082244593, 40.34270114809852], [115.72551853526994, 40.342702445365624], [115.7255236211915, 40.342432234333764], [115.72564133355372, 40.34243353146879], [115.7256447238169, 40.34225339076534], [115.72576243587382, 40.342254687772396], [115.72576413083746, 40.34216461741437], [115.72588184274557, 40.342165914297574], [115.72588523233696, 40.341985773568915], [115.72600294393978, 40.341987070324144], [115.72600463856752, 40.341896999953505], [115.7262400614831, 40.3418995930965], [115.72624175579027, 40.34180952271619], [115.72635946710304, 40.34181081910394], [115.7263611612461, 40.341720748718075], [115.72647887241006, 40.34172204498197], [115.726480566389, 40.34163197459052], [115.72659827740412, 40.34163327073057], [115.72659997121895, 40.341543200333554], [115.72671768208524, 40.34154449634975], [115.72671937573598, 40.34145442594716], [115.72683708645341, 40.3414557218395], [115.72683877994004, 40.34136565143133], [115.72707420108493, 40.341368242848546], [115.72707589425097, 40.34127817243074], [115.72719360467843, 40.34127946795561], [115.72719529768035, 40.34118939753222], [115.72754842853908, 40.34119328337605], [115.72755012106398, 40.34110321293889], [115.7277855413617, 40.341105802894475], [115.72778723356605, 40.34101573244766], [115.7279049435699, 40.34101702724173], [115.72790663561013, 40.340926956789346], [115.72802434546513, 40.340928251459566], [115.72802603734127, 40.340838181001615], [115.72814374704745, 40.34083947554799], [115.7281454387595, 40.34074940508448], [115.72826314831683, 40.340750699507], [115.72826483986478, 40.34066062903792], [115.72838254927329, 40.340661923336604], [115.72838424065715, 40.34057185286198], [115.72850194991683, 40.3405731470368], [115.72850364113658, 40.3404830765566], [115.72862135024744, 40.34048437060758], [115.7286230413031, 40.34039430012182], [115.72874075026512, 40.34039559404896], [115.72874413204065, 40.34021545306484], [115.72886184069738, 40.34021674686406], [115.72886522212947, 40.3400366058659], [115.72874751378569, 40.34003531207489], [115.72875258634602, 40.33976510057893], [115.72863487847923, 40.33976380668046], [115.7286382604609, 40.33958366568403], [115.72852055291463, 40.339582371674], [115.72852393517869, 40.33940223067988], [115.72840622795296, 40.3394009365583], [115.72841130176121, 40.339130725068436], [115.72829359501246, 40.3391294308394], [115.72830036060913, 40.33876914884877], [115.72818265449382, 40.33876785451638], [115.72818434603035, 40.33867778401916], [115.72806664007913, 40.33867648957113], [115.72806833176449, 40.33858641907652], [115.72795062597731, 40.338585124512846], [115.72795570145696, 40.338314913032576], [115.72807340677477, 40.33831620758395], [115.72807509842961, 40.33822613708348], [115.72819280359862, 40.33822743151104], [115.72819449508938, 40.33813736100502], [115.72831220010956, 40.338138655308725], [115.72831389143624, 40.33804858479715], [115.7285493011866, 40.33805117303716], [115.72854761017281, 40.338141243556926], [115.72890072532492, 40.33814512503119], [115.72889903477282, 40.33823519556178], [115.72913444522523, 40.33823778262079], [115.7291327549784, 40.338327853158106], [115.72936816577422, 40.33833043974633], [115.72936647583265, 40.33842051029037], [115.7298372981415, 40.338425682046314], [115.72983560881809, 40.338515752605254], [115.73030643187467, 40.33852092246172], [115.73030474316943, 40.33861099303556], [115.73042244910907, 40.338612285204405], [115.73042076055266, 40.33870235578088], [115.73053846665637, 40.33870364783409], [115.73053508983361, 40.33888378899081], [115.73065279625783, 40.33888508093246], [115.73065110799146, 40.33897515151269], [115.73076881457976, 40.33897644333867], [115.7307654383371, 40.339156584502966], [115.73088314524591, 40.339157876217385], [115.73088145726962, 40.339247946801414], [115.73099916434248, 40.33924923840018], [115.73099747651503, 40.33933930898683], [115.73111518375195, 40.33934060046993], [115.73111012069326, 40.33961081223337], [115.73122782840719, 40.33961210360899], [115.7312126402282, 40.34042273885693], [115.73109493110614, 40.34042144744453], [115.73109155555859, 40.340601588586445], [115.73097384613123, 40.3406002970461], [115.73096878228344, 40.340870508735705], [115.73085107239429, 40.34086921706335], [115.73084769614476, 40.34104935817425], [115.7307299859503, 40.34104806637397], [115.73072660935738, 40.341228207470834], [115.73060889885761, 40.34122691554263], [115.73060552192126, 40.341407056625435], [115.73048781111616, 40.34140576456929], [115.7304861224801, 40.341495835104425], [115.73036841152617, 40.34149454292443], [115.73036503391825, 40.34167468398209], [115.73024732265898, 40.34167339167418], [115.73024563368713, 40.341763462196724], [115.730127922279, 40.34176216976496], [115.73012623314304, 40.341852240281945], [115.73000852158607, 40.34185094772633], [115.73000514297837, 40.34203108874773], [115.72976971926138, 40.34202850326087], [115.72976802963315, 40.34211857376119], [115.72965031762962, 40.34211728083403], [115.72964862783728, 40.342207351328774], [115.7295309156849, 40.34220605827778], [115.72952922572847, 40.34229612876698], [115.72941151342724, 40.342294835592114], [115.72940982330671, 40.34238490607577], [115.72929211085663, 40.34238361277706], [115.72929042057199, 40.342473683255136], [115.72917270797304, 40.34247238983258], [115.72917101752431, 40.34256246030511], [115.72905330477653, 40.3425611667587], [115.72905161416368, 40.34265123722566], [115.72893390126701, 40.342649943555394], [115.72893221049007, 40.34274001401679], [115.7288144974446, 40.34273872022268], [115.72881280650354, 40.34282879067852], [115.72869509330918, 40.34282749676055], [115.72869340220402, 40.342917567210826], [115.72857568886081, 40.34291627316901], [115.72857399759154, 40.343006343613716], [115.72833857061507, 40.34300375516262], [115.7283368790252, 40.343093825597656], [115.72821916539193, 40.34309253118837], [115.72821747363795, 40.34318260161786], [115.72798204608131, 40.343180012431795], [115.72798035400676, 40.34327008285164], [115.72786264008339, 40.343268788074866], [115.72786094784469, 40.34335885848913], [115.72774323377251, 40.343357563588505], [115.7277415413697, 40.3434476339972], [115.72762382714866, 40.343446338972704], [115.72761536423766, 40.34389669097374], [115.72773307924115, 40.34389798601873], [115.7277280018724, 40.34416819721405], [115.72784571735299, 40.34416949215158], [115.727840640385, 40.344439703346], [115.7279583563427, 40.34444099817605], [115.7279549719722, 40.3446211389732], [115.72807268825052, 40.34462243369168], [115.72806930416247, 40.34480257449116], [115.7281870207614, 40.34480386909807], [115.72818532886244, 40.344893939499705], [115.72877391275406, 40.344900410758235], [115.72877560387056, 40.3448103403361], [115.72889332051528, 40.344811634224406], [115.72889501146767, 40.344721563796725], [115.72901272796351, 40.34472285756117], [115.72901441875175, 40.34463278712792], [115.72924985145335, 40.34463537428932], [115.72925154192099, 40.34454530384642], [115.72936925812672, 40.34454659724338], [115.72937094843024, 40.344456526794914], [115.72948866448712, 40.34445782006801], [115.7294903546265, 40.344367749613994], [115.72972578645015, 40.344370335792696], [115.72972747626892, 40.344280265329026], [115.72984519203568, 40.34428155823465], [115.72984688169038, 40.344191487765414], [115.73031774420764, 40.34419665817384], [115.73031605517895, 40.34428672865943], [115.73114006597291, 40.34429577229187], [115.73114175390617, 40.344205701777646], [115.73149490103405, 40.34420957581137], [115.73149321357026, 40.34429964633786], [115.73161092945126, 40.34430093744699], [115.73160924213637, 40.344391007976085], [115.7317269581815, 40.344392298969545], [115.7317286453399, 40.344302228436355], [115.73184636123612, 40.34430351930596], [115.7318446742342, 40.34439358984323], [115.73219782243804, 40.34439746174569], [115.73219613589798, 40.344487532293755], [115.73278471717232, 40.34449398308963], [115.73278303140715, 40.344584053656654], [115.73384247958843, 40.34459565758066], [115.73384079522411, 40.34468572818294], [115.73442937859548, 40.34469217063593], [115.73442769500603, 40.34478224125714], [115.7345454118596, 40.344783529392515], [115.73454709529254, 40.34469345876721], [115.73466481199718, 40.34469474677874], [115.73466649526605, 40.344604676147924], [115.73490192838516, 40.34460725180353], [115.73490361133342, 40.344517181163084], [115.73502132774784, 40.344518468807166], [115.73502301053203, 40.34442839816118], [115.73537615935143, 40.344432260362574], [115.73537784165852, 40.3443421897029], [115.73549555779034, 40.34434347685976], [115.73549387563972, 40.34443354752351], [115.73561159193562, 40.34443483456467], [115.73561327392973, 40.344344763896856], [115.73573099007673, 40.344346050814174], [115.73572930823909, 40.344436121486076], [115.73631788987029, 40.34444255429657], [115.73631957092545, 40.344352483604304], [115.73643728711794, 40.344353769803035], [115.73643896800901, 40.34426369910524], [115.7365566840526, 40.34426498518014], [115.7365583647796, 40.34417491447679], [115.73726466026132, 40.34418262838663], [115.73726298047329, 40.34427269911439], [115.73714526438422, 40.344271413758094], [115.73714358443212, 40.3443614844803], [115.73702586819412, 40.344360199000185], [115.73702082782283, 40.344630411145815], [115.73690311112296, 40.344629125533714], [115.73689807021393, 40.34489933765395], [115.73713350456028, 40.3449019087828], [115.73713182455512, 40.34499197949476], [115.73724954189615, 40.34499326488361], [115.73725122174481, 40.34490319416758], [115.73760437334388, 40.34490704960328], [115.73760605271548, 40.344816978873595], [115.73784148683973, 40.34481954855709], [115.73784316589075, 40.344729477817786], [115.73819631666447, 40.344733331432565], [115.73819799523841, 40.34464326067961], [115.73843342881243, 40.34464582914916], [115.73843846354987, 40.34437561685712], [115.73832074722857, 40.34437433269443], [115.73832242561573, 40.34428426193154], [115.73808699330884, 40.34428169325498], [115.73808867200144, 40.34419162249876], [115.73832410399535, 40.344194191167205], [115.73832578236737, 40.34410412040139], [115.73867892994554, 40.344107972493596], [115.73868060784051, 40.344017901714125], [115.73879832355854, 40.34401918550127], [115.73880000128946, 40.34392911471627], [115.73903543243526, 40.343931681923124], [115.73903710984563, 40.34384161112855], [115.73915482527337, 40.343842894548274], [115.73915985698963, 40.34357268214353], [115.73904214203134, 40.343571398736], [115.73904381941145, 40.34348132793554], [115.73892610461722, 40.34348004441232], [115.73892778214623, 40.343389973614464], [115.73857463827844, 40.34338612233838], [115.73857631626936, 40.343296051551256], [115.73822317293912, 40.34329219920949], [115.73822485139192, 40.34320212843309], [115.73798942285593, 40.34319955961458], [115.73799110161414, 40.34310948884485], [115.73787338751399, 40.34310820426001], [115.7378750664211, 40.34301813349289], [115.737757352485, 40.34301684879235], [115.73777078472119, 40.342296282635125], [115.73788849740544, 40.34229756730312], [115.7378985703256, 40.34175714259928], [115.73778085858022, 40.34175585795566], [115.73778253753021, 40.34166578717063], [115.73766482594888, 40.34166450241135], [115.73766650504777, 40.341574431628906], [115.73754879363048, 40.34157314675392], [115.7375555105762, 40.3412128636258], [115.73790864297317, 40.34121671784268], [115.73791032172126, 40.34112664704479], [115.73849887508526, 40.34113306832418], [115.73850055304342, 40.34104299750451], [115.73873597412909, 40.34104556516987], [115.73873765176674, 40.34095549434059], [115.73897307256973, 40.340958061518826], [115.73897642719648, 40.340777919839624], [115.73909413729639, 40.34077920324098], [115.73909581444195, 40.34068913239512], [115.73921352439295, 40.34069041567267], [115.73922526310484, 40.3400599196822], [115.73934297196817, 40.340061202811555], [115.73934967901127, 40.339700919339975], [115.73946738725633, 40.339702202333335], [115.73946906384174, 40.33961213145771], [115.7395867719379, 40.339613414327275], [115.73958844835926, 40.339523343446125], [115.73982386426135, 40.339525908817876], [115.73982218815287, 40.339615979707155], [115.7399398962717, 40.33961726221748], [115.73993822031213, 40.33970733310935], [115.74076217845084, 40.33971630735708], [115.7407638533152, 40.339626236436814], [115.7412346860777, 40.3396313619277], [115.74122798907828, 40.33999164566488], [115.74111028025047, 40.33999036445556], [115.74110693139251, 40.34017050630726], [115.74098922225934, 40.34016922497007], [115.74097917456541, 40.34070965046566], [115.740861464501, 40.34070836898439], [115.74085978970243, 40.34079843989114], [115.74074207948912, 40.34079715828605], [115.74073872955641, 40.34097730008704], [115.74062101903772, 40.3409760183541], [115.74061766876183, 40.34115616014111], [115.74049995793774, 40.3411548782803], [115.74049493199783, 40.341425090937655], [115.7403772207119, 40.34142380894492], [115.74035376323565, 40.34268480111484], [115.74047147671226, 40.342686083164395], [115.74046309946556, 40.343136437461496], [115.74058081373215, 40.34313771941158], [115.74057746309354, 40.343317861128284], [115.74069517768068, 40.34331914296672], [115.74069350250652, 40.34340921382694], [115.74081121725769, 40.34341049554966], [115.74080786719966, 40.3435906372738], [115.74092558227137, 40.343591918884876], [115.74092055759719, 40.343862131472285], [115.74103827314589, 40.34386341297577], [115.74103324887321, 40.34413362556215], [115.74115096489894, 40.34413490695804], [115.74113421839715, 40.34503561552469], [115.74101650080642, 40.34503433408823], [115.74101482595819, 40.34512440493279], [115.74113254370542, 40.34512568637329], [115.74112751958491, 40.345395898910326], [115.7412452378092, 40.345397180243225], [115.74124356324374, 40.34548725109002], [115.7413612816321, 40.3454885323072], [115.7413596072156, 40.3455786031566], [115.741477325768, 40.345579884258065], [115.74147565150045, 40.34566995511005], [115.74194652641161, 40.34567507833439], [115.74194820005314, 40.34558500746619], [115.74218363724101, 40.345587568351625], [115.74218531056196, 40.34549749747386], [115.7423030290107, 40.34549877773286], [115.74230470216763, 40.34540870684957], [115.7424224204674, 40.34540998698475], [115.74242409346026, 40.34531991609595], [115.74254181161112, 40.3453211961073], [115.7425434844399, 40.34523112521297], [115.74277892045122, 40.34523368486827], [115.74278059295949, 40.345143613964396], [115.74289831081994, 40.345144893608335], [115.74289998316415, 40.345054822698934], [115.74301770087568, 40.34505610221905], [115.74301937305584, 40.344966031304125], [115.74313709061839, 40.344967310700426], [115.74313876263452, 40.344877239780004], [115.74325648004809, 40.344878519052486], [115.74325815190016, 40.34478844812654], [115.74372902100396, 40.34479356400258], [115.7437273497779, 40.34488363494473], [115.74431593710975, 40.34489002711519], [115.74431426665863, 40.344980098076086], [115.74502057264452, 40.34498776475252], [115.74501890312489, 40.34507783573624], [115.74560749243605, 40.34508422135978], [115.7456058236914, 40.34517429236224], [115.74572354173272, 40.34517556913167], [115.74572521032088, 40.34508549812518], [115.7463137998579, 40.3450918801556], [115.74631213205225, 40.3451819511823], [115.74642985013874, 40.345183227233115], [115.74642818248206, 40.345273298262384], [115.74689905552921, 40.34527840128406], [115.74690072255984, 40.34518833023864], [115.74713615881555, 40.34519088102277], [115.74713782552567, 40.34510080996782], [115.74725554350829, 40.345102085176194], [115.74725721005439, 40.345012014115724], [115.74737492788802, 40.34501328920029], [115.74737659427011, 40.34492321813433], [115.74761202964694, 40.34492576793608], [115.74761369570851, 40.344835696860585], [115.7480845659263, 40.34484079501071], [115.74808290049073, 40.34493086610234], [115.74820061822048, 40.34493214034448], [115.7481989529339, 40.34502221143869], [115.74831667082763, 40.345023485565086], [115.74831500569007, 40.345113556661865], [115.74843272374783, 40.34511483067252], [115.74843105875922, 40.345204901771865], [115.74854877698102, 40.34520617566678], [115.7485454472943, 40.34538631786914], [115.74866316583659, 40.34538759165236], [115.7486615011385, 40.34547766275536], [115.7487792198448, 40.345478936422836], [115.74877755529569, 40.345569007528425], [115.748895274166, 40.34557028108014], [115.74889360976589, 40.3456603521883], [115.74901132880024, 40.34566162562428], [115.74900966454912, 40.34575169673499], [115.74912738374746, 40.34575297005524], [115.74912571964536, 40.34584304116852], [115.749478877755, 40.345846860422704], [115.74947721411489, 40.34593693154661], [115.7495949336563, 40.34593820439582], [115.74959327016519, 40.34602827552228], [115.74971098987062, 40.34602954825575], [115.74970932652853, 40.346119619384766], [115.74982704639797, 40.34612089200248], [115.74982538320488, 40.346210963134084], [115.74994310323832, 40.34621223563605], [115.74994144019426, 40.34630230677022], [115.75005916039171, 40.346303579156434], [115.75005749749666, 40.34639365029315], [115.75041065860356, 40.346397466745216], [115.75040899617055, 40.346487537892564], [115.750644437259, 40.34649008160311], [115.75064277513152, 40.346580152757035], [115.75087821656301, 40.34658269599651], [115.75087655474105, 40.34667276715702], [115.75099427562456, 40.34667403860112], [115.7509909522712, 40.34685418092582], [115.75110867347523, 40.34685545225818], [115.75110701194383, 40.34694552342234], [115.75122473331187, 40.34694679463896], [115.75122307192949, 40.34703686580569], [115.7514585150011, 40.34703940788762], [115.75145685392425, 40.34712947906093], [115.75157457562781, 40.34713074992626], [115.7515729147, 40.347220821102134], [115.75169063656757, 40.34722209185169], [115.75168565420874, 40.34749230538259], [115.75156793187162, 40.34749103462095], [115.75156294897579, 40.347761248126616], [115.75144522617659, 40.34775997723314], [115.75144356503979, 40.347850048394726], [115.75156128799553, 40.347851319292246], [115.75155796601254, 40.348031461619094], [115.75167568928883, 40.34803273240486], [115.75167402844261, 40.348122803570114], [115.7519094753307, 40.34812534479032], [115.75190781479009, 40.348215415962166], [115.752260985648, 40.34821922690616], [115.75226264571904, 40.34812915572225], [115.7523803691968, 40.348130425793336], [115.75238202910386, 40.34804035460396], [115.75249975243258, 40.34804162455123], [115.7525047316392, 40.34777141096225], [115.75262245450583, 40.34777268077767], [115.75262743317552, 40.34750246716346], [115.75274515558006, 40.34750373684705], [115.75274847434271, 40.34732359442223], [115.7528661964417, 40.347324863977995], [115.75286785565528, 40.34723479275936], [115.75298557760522, 40.34723606219134], [115.75298723665477, 40.34714599096723], [115.75310495845568, 40.3471472602754], [115.75310661734126, 40.3470571890458], [115.75345978231933, 40.347060996239584], [115.75345812390333, 40.34715106748124], [115.75357584573416, 40.34715233631028], [115.75357750399364, 40.347062265064615], [115.75416611247742, 40.34706860739308], [115.75416776994683, 40.346978536125896], [115.7542854915095, 40.34697980422823], [115.75428714881492, 40.34688973295555], [115.7547580345143, 40.34689480415107], [115.75475969118615, 40.346804732860875], [115.75499513376765, 40.346807267731926], [115.75499679011901, 40.34671719643224], [115.75511451126444, 40.346718463684084], [115.7551161674518, 40.34662839237894], [115.75523388844819, 40.346629659506995], [115.75523554447156, 40.34653958819637], [115.75547098617373, 40.34654212208511], [115.75547264187661, 40.346452050765016], [115.7557080832956, 40.346454584166636], [115.75570973867801, 40.34636451283705], [115.75582745924218, 40.34636577935418], [115.75582911446058, 40.346275708019114], [115.75606455529832, 40.34627824068604], [115.75606621019624, 40.34618816934148], [115.75618393046979, 40.34618943549127], [115.75618558520372, 40.34609936414126], [115.75630330532823, 40.346100630167264], [115.75630661446067, 40.345920487454826], [115.75642433427961, 40.34592175335304], [115.75642764306917, 40.34574161062674], [115.75654536258254, 40.34574287639716], [115.75654701680965, 40.345652805027804], [115.75666473617397, 40.345654070674435], [115.75666804429274, 40.345473927923344], [115.75678576335153, 40.3454751934422], [115.7567890711274, 40.34529505067722], [115.75690678988066, 40.34529631606829], [115.75692332674747, 40.344395602115576], [115.75680560955925, 40.34439433676456], [115.7568072633614, 40.34430426536525], [115.75692498039311, 40.34430553071226], [115.75692828766202, 40.34412538790123], [115.75681057094334, 40.34412412256223], [115.75681718601766, 40.343763836938635], [115.7566994699324, 40.34376257149589], [115.75670277773779, 40.34358242868331], [115.75682049351005, 40.34358369411805], [115.75682214724507, 40.343493622705566], [115.75705757849902, 40.343496153207745], [115.75705592507698, 40.34358622462824], [115.75740907248333, 40.34359001949525], [115.75740741952333, 40.3436800909263], [115.75776056746625, 40.34368388472743], [115.75776221995679, 40.34359381328438], [115.75811536749733, 40.34359760599561], [115.75811371547628, 40.34368767745067], [115.75823143149451, 40.343688941452214], [115.75823308335907, 40.34359886999316], [115.75858623098901, 40.34360266126719], [115.75858788237664, 40.34351258979466], [115.7587055981117, 40.34351385330915], [115.75870724933536, 40.34342378183116], [115.75894268051483, 40.34342630849282], [115.75894433141806, 40.34333623700539], [115.7590620468625, 40.343337500152565], [115.7590636976018, 40.343247428659666], [115.75918141289719, 40.343248691683094], [115.75918306347255, 40.343158620184724], [115.75906534833365, 40.343157357165296], [115.75906699905808, 40.34306728566946], [115.75918471404046, 40.34306854868489], [115.75918636460094, 40.34297847718361], [115.7593040794343, 40.342979740075265], [115.75930572983084, 40.34288966856851], [115.75965887390608, 40.34289345651293], [115.759657223979, 40.342983528031674], [115.75977493884213, 40.342984790444284], [115.7597732890641, 40.343074861965555], [115.76024414921694, 40.34307991043433], [115.76024250005743, 40.34316998197012], [115.76047793049148, 40.343172505493904], [115.76047463277611, 40.34335264857707], [115.76059234831727, 40.34335391016731], [115.76058245593161, 40.343894339405665], [115.7609356054166, 40.34389812352963], [115.76093890196927, 40.343717980432075], [115.76105661816615, 40.343719241559214], [115.76105826627486, 40.34362917000424], [115.76129369837793, 40.34363169189125], [115.76129534616618, 40.34354162032682], [115.76141306207238, 40.34354288108668], [115.76141635731362, 40.34336273794548], [115.76153407291424, 40.343363998577594], [115.76153572036725, 40.343273927000816], [115.76165343581883, 40.34327518750917], [115.7616567303895, 40.34309504434324], [115.76177444553552, 40.34309630472385], [115.7617727984104, 40.34318637631152], [115.76189051372036, 40.34318763657636], [115.76189380765021, 40.34300749339155], [115.76177609265325, 40.343006233134695], [115.76178597520344, 40.342465803569084], [115.76213911739985, 40.34246958390856], [115.76213747079619, 40.34255965551845], [115.76249061352893, 40.34256343479201], [115.7624889673873, 40.34265350641241], [115.76260668180286, 40.34265476593473], [115.76260832778803, 40.34256469431034], [115.76272604205454, 40.34256595370892], [115.76272768787578, 40.34247588207909], [115.76260997376573, 40.342474622684506], [115.762618203543, 40.34202426453336], [115.7625004902228, 40.34202300503895], [115.7625054284695, 40.34175279014268], [115.76238771562618, 40.34175153054046], [115.76238936185005, 40.341661458909435], [115.76227164917064, 40.34166019919145], [115.76227329554357, 40.341570127562946], [115.76250872059684, 40.341572646871185], [115.76251036664938, 40.341482575233236], [115.76262807903069, 40.34148383470373], [115.76262972491931, 40.34139376306033], [115.76274743715156, 40.341395022407085], [115.7627490828763, 40.34130495075825], [115.7628667949595, 40.34130620998125], [115.76286844052032, 40.341216138326956], [115.76298615245447, 40.34121739742622], [115.76298779785141, 40.34112732576648], [115.7631055096365, 40.341128584741995], [115.76310386439604, 40.34121865640571], [115.76333928830145, 40.341221174005454], [115.76333764336654, 40.34131124567568], [115.76392620404225, 40.34131753759919], [115.76392784819481, 40.341227465909036], [115.76416327220406, 40.34122998183217], [115.76416491603624, 40.341139910132604], [115.76428262789553, 40.34114116791055], [115.7642842715638, 40.341051096205526], [115.764401983274, 40.34105235385975], [115.7644036267784, 40.3409622821493], [115.7649921846583, 40.34096856860411], [115.76499054193627, 40.34105864033446], [115.76522596545307, 40.34106115408605], [115.76522432303659, 40.34115122582289], [115.76569517078495, 40.341156251904906], [115.76569352898697, 40.34124632365621], [115.76581124109904, 40.34124757988129], [115.76580959945015, 40.34133765163511], [115.76592731172612, 40.34133890774441], [115.76592567022627, 40.34142897950074], [115.76604338266613, 40.34143023549425], [115.76604174131536, 40.34152030725309], [115.7661594539191, 40.34152156313084], [115.76615781271741, 40.34161163489219], [115.76627552548504, 40.34161289065415], [115.76627388443241, 40.341702962418], [115.76639159736392, 40.341704218064166], [115.76638503370536, 40.3420645051209], [115.76626732014795, 40.34206324945883], [115.76626239685687, 40.34233346472411], [115.76638011088374, 40.34233472039811], [115.76637846992838, 40.34242479215424], [115.76649618411916, 40.34242604771244], [115.76649454331289, 40.34251611947109], [115.76661225766756, 40.342517374913506], [115.76660897634581, 40.34269751843437], [115.76672669102082, 40.342698773764965], [115.76672176945216, 40.34296898904722], [115.76660405430768, 40.3429677337047], [115.7666007729119, 40.34314787721093], [115.76648305746183, 40.34314662174069], [115.76647977572347, 40.34332676523315], [115.7663620599678, 40.3433255096352], [115.76635877788686, 40.34350565311384], [115.7664764939555, 40.34350690871974], [115.76647321215793, 40.34368705220048], [115.76670864494342, 40.34368956306886], [115.76670536374223, 40.34386970655964], [115.76682308045909, 40.343870961822134], [115.7668214400039, 40.34396103356929], [115.7669391568846, 40.34396228871599], [115.76693587626502, 40.34414243221389], [115.76681815907128, 40.34414117705926], [115.76681651859387, 40.34423124880204], [115.76669880125105, 40.34422999352366], [115.76669716060977, 40.34432006526101], [115.76646172563328, 40.344317554336996], [115.76646008467158, 40.344407626064935], [115.76622464941171, 40.344405114653895], [115.7662230081296, 40.34449518637243], [115.76598757258634, 40.34449267447433], [115.76598593098383, 40.34458274618345], [115.76586821306681, 40.34458149005078], [115.76586328774529, 40.34485170515741], [115.76574556936617, 40.344850448893034], [115.76573900154112, 40.34521073566551], [115.76562128254336, 40.34520947926546], [115.7656179982734, 40.34538962263496], [115.76550027897004, 40.34538836610719], [115.76549370971514, 40.34574865281273], [115.76561142964454, 40.34574990935642], [115.76560978746882, 40.34583998103314], [115.76572750756213, 40.34584123746102], [115.76572258146003, 40.34611145249432], [115.76525169925304, 40.34610642601635], [115.76525005657813, 40.34619649767528], [115.7651323358884, 40.34619524075237], [115.76513890716963, 40.3458349541238], [115.76502118711333, 40.34583369709703], [115.76502283007163, 40.3457436254402], [115.76490511017928, 40.34574236829763], [115.76490675328668, 40.34565229664333], [115.76514219276577, 40.345654810800745], [115.76514383555273, 40.34556473913703], [115.76479067681474, 40.34556096773318], [115.76478903355824, 40.34565103938496], [115.76467131383724, 40.34564978200682], [115.76466802698897, 40.34582992529804], [115.76455030696236, 40.345828667792155], [115.76454537616485, 40.34609888270609], [115.7644276556761, 40.34609762506849], [115.76441121763727, 40.34699834131335], [115.7645289396912, 40.346999598990756], [115.7645256523075, 40.34717974223013], [115.7646433746819, 40.347180999795725], [115.76464173113543, 40.347271071417204], [115.76511262133323, 40.34727610049765], [115.76511097840546, 40.34736617213359], [115.76522870112996, 40.347367429108225], [115.76522212997088, 40.34772771565324], [115.7653398533289, 40.347728972524], [115.76533492535137, 40.347999187429345], [115.76521720152375, 40.34799793054665], [115.76521391585528, 40.3481780738016], [115.76533163999596, 40.348179330692254], [115.76532671190726, 40.348449545575676], [115.76544443652492, 40.34845080235847], [115.76544607907203, 40.34836073072816], [115.76568152801654, 40.348363243926435], [115.76567824354106, 40.34854338720151], [115.76579596833747, 40.34854464362892], [115.76579432624516, 40.34863471526824], [115.76591205120552, 40.348635971579846], [115.76591040926233, 40.34872604322169], [115.76602813438664, 40.34872729941747], [115.76602649259259, 40.34881737106183], [115.76637966847957, 40.348821138942384], [115.76638130980403, 40.34873106728611], [115.76673448528805, 40.34873483407664], [115.76673120357094, 40.34891497741157], [115.76708438006078, 40.34891874314784], [115.76708766083868, 40.348738599789066], [115.76720538603702, 40.34873985478697], [115.76720702625833, 40.34864978310141], [115.76744247636415, 40.348652292729895], [115.767444116265, 40.34856222103493], [115.76756184117247, 40.34856347566553], [115.76756020142817, 40.34865354736446], [115.76767792649954, 40.34865480187922], [115.7676762869044, 40.348744873580664], [115.76779401213972, 40.34874612797962], [115.76779073324028, 40.348926271386034], [115.76767300769187, 40.348925016979145], [115.76767136807453, 40.3490150886762], [115.76778909377946, 40.349016343087065], [115.76778745431125, 40.34910641478662], [115.76790518018014, 40.349107669081654], [115.76790354086106, 40.349197740783715], [115.7681389929341, 40.349200249022374], [115.76813735392071, 40.34929032073093], [115.76872598501534, 40.34929658925103], [115.76872434677726, 40.349386660977956], [115.76884207317492, 40.34938791432656], [115.76884043508598, 40.34947798605599], [115.76895816164757, 40.349479239288776], [115.76895652370779, 40.349569311020716], [115.7691919771662, 40.34957181713484], [115.76919033953213, 40.34966188887324], [115.77013215491351, 40.349671908569746], [115.77013051852438, 40.3497619803384], [115.77024824563685, 40.34976323226536], [115.7702466093969, 40.349853304036515], [115.77036433667325, 40.349854555847635], [115.7703627005825, 40.34994462762129], [115.77048042802278, 40.34994587931658], [115.77047879208118, 40.35003595109273], [115.77083197491596, 40.350039705471715], [115.77083033943663, 40.35012977725828], [115.77094806721954, 40.35013102848232], [115.77094643188936, 40.3502211002714], [115.77106415983616, 40.35022235137959], [115.77106252465516, 40.35031242317115], [115.77118025276592, 40.35031367416351], [115.77117861773408, 40.350403745957585], [115.77141407429083, 40.35040624759083], [115.7714124395647, 40.35049631939135], [115.77153016801068, 40.35049757003224], [115.77152853343377, 40.35058764183524], [115.77188171928557, 40.35059139305099], [115.77188008517093, 40.35068146486442], [115.77235100036947, 40.350686464824086], [115.77234936687366, 40.350776536651885], [115.77446848954332, 40.35079901282139], [115.77446685885813, 40.35088908471886], [115.7745845881218, 40.3508903322608], [115.77458621865046, 40.35080026035938], [115.77599896850954, 40.35081522147099], [115.77600059715218, 40.35072514952075], [115.77647151338083, 40.3507301327086], [115.77646988536438, 40.35082020467461], [115.77658761459645, 40.350821450176014], [115.77658598672922, 40.3509115221445], [115.77670371612518, 40.350912767530055], [115.77670534383587, 40.350822695557625], [115.77705853159819, 40.35082643098366], [115.77706015883186, 40.350736358997935], [115.77729561706367, 40.350738848675086], [115.77729724397689, 40.35064877668001], [115.77765043090999, 40.35065251028542], [115.77764880446641, 40.350742582292305], [115.77788426277161, 40.350745070771445], [115.77788263663382, 40.35083514278473], [115.77800036595396, 40.35083638684855], [115.77799873996538, 40.35092645886431], [115.77846965794555, 40.35093143393732], [115.77846803257587, 40.35102150596735], [115.77858576224581, 40.35102274944005], [115.77858413702535, 40.351112821472576], [115.77917278626774, 40.35111903705867], [115.77917116182273, 40.351209109109405], [115.77928889184976, 40.35121035187115], [115.77928239462267, 40.35157064007522], [115.7795178559512, 40.35157312527077], [115.77951623193923, 40.35166319732601], [115.77963396277103, 40.351664439748006], [115.77962421948477, 40.3522048720723], [115.77974195126329, 40.352206114398086], [115.77973383243946, 40.35265647464779], [115.77985156500816, 40.352657716873445], [115.77984831774047, 40.35283786097096], [115.77996605062961, 40.35283910308466], [115.77996442714138, 40.35292917513515], [115.78019989325476, 40.352931659011], [115.78019827007235, 40.353021731067884], [115.78055146976708, 40.35302545599488], [115.78054984704704, 40.35311552806211], [115.78078531385997, 40.35311801075559], [115.78078369144573, 40.3532080828292], [115.78101915860107, 40.35321056505129], [115.78101753649271, 40.35330063713131], [115.78148847151746, 40.353305600153476], [115.78148685002807, 40.35339567224774], [115.78160458395914, 40.35339691270769], [115.78160296261899, 40.35348698480442], [115.7818384308162, 40.35348946537271], [115.7818368097819, 40.35357953747584], [115.78207227832151, 40.35358201757274], [115.78207065759305, 40.353672089682256], [115.7821883920304, 40.35367332955492], [115.78218677145124, 40.35376340166688], [115.78230450605248, 40.35376464142365], [115.78230288562257, 40.35385471353808], [115.7824206203877, 40.353855953178964], [115.78241900010704, 40.35394602529587], [115.78265446997239, 40.35394850422604], [115.78267066931836, 40.35304778291286], [115.78255293594782, 40.3530465435469], [115.78255779607882, 40.35277632713625], [115.78244006318529, 40.35277508766224], [115.78244330354923, 40.35259494338901], [115.78232557097614, 40.352593703803045], [115.78233205224258, 40.35223341525472], [115.78244978418941, 40.35223465482499], [115.78245140433117, 40.352144582680324], [115.78315779522609, 40.35215201756241], [115.78315617602374, 40.35224208973061], [115.78327390802168, 40.35224332846223], [115.78327228896858, 40.35233340063287], [115.7833900211304, 40.3523346392486], [115.78338678331541, 40.35251478359335], [115.78350451579769, 40.35251602209712], [115.78350289703582, 40.35260609427123], [115.78362062968195, 40.352607332659105], [115.7836157738222, 40.35287754918442], [115.78373350694535, 40.352878787464256], [115.78372865148961, 40.35314900398817], [115.7838463850898, 40.35315024215995], [115.78384476674653, 40.353240314335586], [115.78396250051057, 40.35324155239147], [115.78395926411528, 40.353421696746196], [115.78407699819977, 40.3534229346901], [115.78407538014777, 40.35351300686919], [115.78419311439615, 40.35351424469721], [115.78419149649339, 40.353604316878766], [115.78430923090563, 40.35360555459087], [115.78430761315217, 40.35369562677487], [115.78442534772833, 40.35369686437111], [115.78442049489387, 40.353967080926104], [115.78453822994703, 40.353968318414275], [115.78453661247755, 40.354058390600265], [115.7846543476946, 40.35405962797253], [115.78465111304688, 40.35423977234796], [115.78476884858438, 40.35424100960824], [115.78476723140616, 40.35433108179768], [115.78488496710754, 40.35433231894206], [115.78488335007863, 40.354422391133966], [115.78500108594389, 40.35442362816246], [115.78499785217733, 40.3546037725497], [115.78511558836304, 40.3546050094662], [115.78511235488047, 40.35478515385542], [115.78523009138667, 40.35478639065993], [115.78522847479103, 40.354876462856275], [115.7853462114611, 40.354877699544886], [115.78534297856113, 40.355057843941], [115.7854607155517, 40.35505908051762], [115.78545909924733, 40.3551491527174], [115.78557683640177, 40.355150389178114], [115.78557522024673, 40.35524046138035], [115.78569295756503, 40.35524169772515], [115.78569134155929, 40.35533176992983], [115.78580907904151, 40.355333006158745], [115.78580746318505, 40.35542307836588], [115.78592520083113, 40.35542431447887], [115.78592358512401, 40.355514386688476], [115.78604132293397, 40.35551562268556], [115.78603970737613, 40.35560569489759], [115.7862751833311, 40.355608166540115], [115.78627356807917, 40.35569823875853], [115.78650904437649, 40.3557007099296], [115.78650742943046, 40.35579078215435], [115.7867429060701, 40.35579325285395], [115.78674129142999, 40.355883325085074], [115.78685902991734, 40.35588456025906], [115.78685580092844, 40.35606470472475], [115.78697353973625, 40.35606593978672], [115.78697192538748, 40.35615601202127], [115.78708966435919, 40.35615724696734], [115.78708643595299, 40.356337391439894], [115.78720417524517, 40.35633862627395], [115.78720256118773, 40.35642869851194], [115.78743804010715, 40.35643116782839], [115.78743481259687, 40.356611312315636], [115.78790577177585, 40.35661624954188], [115.7879041586362, 40.35670632179894], [115.78813963858258, 40.356708789700924], [115.78813802574885, 40.35679886196433], [115.78849124619278, 40.35680256293031], [115.7884896338216, 40.35689263520398], [115.78966703734015, 40.35690496400761], [115.78966542652772, 40.35699503631883], [115.78990090763187, 40.356997500649435], [115.78989929712542, 40.357087572966996], [115.79013477857184, 40.35709003682608], [115.79013316837133, 40.35718010914997], [115.79060413197774, 40.35718503544583], [115.7906025223964, 40.35727510778384], [115.79107348674543, 40.35728003217803], [115.79107509570036, 40.35718995982442], [115.79119283664916, 40.357191190619496], [115.79119122785087, 40.35728126297701], [115.79142671008346, 40.357283724215456], [115.7914251015911, 40.357373796579296], [115.79177832546424, 40.35737748754996], [115.79177671743446, 40.357467559924025], [115.79212994184272, 40.357471249827896], [115.79212833427552, 40.357561322212185], [115.79236381756385, 40.35756378155673], [115.79236221030263, 40.357653853947326], [115.79283317759271, 40.357658771214034], [115.79283157095068, 40.357748843618744], [115.79330253898318, 40.35775375898372], [115.7932993269303, 40.35793390381986], [115.79365255397043, 40.357937589108694], [115.79365415953066, 40.35784751667968], [115.7938896439471, 40.35784997293199], [115.79389124918683, 40.35775990049374], [115.79542189656341, 40.35777585439956], [115.79542349975996, 40.35768578190937], [115.79554124175989, 40.3576870082902], [115.79554444781806, 40.35750686329766], [115.795662189512, 40.3575080895509], [115.79566379237362, 40.35741801704855], [115.7957815339182, 40.35741924317807], [115.79577993121316, 40.357509315684304], [115.79589767292157, 40.35751054169786], [115.79589927546996, 40.35742046918776], [115.79601701702897, 40.35742169507763], [115.79601861941356, 40.357331622562185], [115.79625410224004, 40.357334073974656], [115.79625570430416, 40.357244001450006], [115.79649118684635, 40.357246452375406], [115.79649278859003, 40.35715637984153], [115.79719923545032, 40.35716372971854], [115.79719763464628, 40.357253802275686], [115.79743311730407, 40.35725625128381], [115.79743151680603, 40.357346323847246], [115.79754925830237, 40.35734754817543], [115.79754765795373, 40.35743762074128], [115.79766539961388, 40.35743884495351], [115.79766379941465, 40.35752891752179], [115.79778154123863, 40.357530141618064], [115.7977799411888, 40.35762021418873], [115.79801542517163, 40.35762266202956], [115.79801382542779, 40.357712734606515], [115.79824930975273, 40.35771518197576], [115.7982477103149, 40.35780525455901], [115.7983654526448, 40.35780647806776], [115.79836385335639, 40.357896550653415], [115.79848159585012, 40.3578977740462], [115.79847839756484, 40.35807791922088], [115.79836065475787, 40.35807669582036], [115.79835745613052, 40.358256840981454], [115.79823971301752, 40.358255617453345], [115.79823331504973, 40.35861590774253], [115.7981155713175, 40.3586146840791], [115.79811397165088, 40.35870475664388], [115.79799622776923, 40.35870353285673], [115.79799302810112, 40.358883677974156], [115.79752205139368, 40.35887878159623], [115.79752045092232, 40.35896885413727], [115.79763819524496, 40.35897007841537], [115.79763659492299, 40.359060150958804], [115.79775433940948, 40.35906137512095], [115.79774953887014, 40.35933159275414], [115.79798502880452, 40.359334040742176], [115.79798662867826, 40.35924396819149], [115.79810437349967, 40.35924519200187], [115.79810277378255, 40.35933526455644], [115.79822051876776, 40.35933648825085], [115.79821891920005, 40.35942656080782], [115.79833666434914, 40.35942778438626], [115.79833506493082, 40.35951785694565], [115.79845281024375, 40.35951908040814], [115.79845121097485, 40.35960915296993], [115.79856895645163, 40.35961037631645], [115.79856735733215, 40.35970044888066], [115.79868510297277, 40.35970167211121], [115.7986819050254, 40.35988181724299], [115.7987996509865, 40.35988304036145], [115.79879805215863, 40.359973112929005], [115.79891579828356, 40.3599743359315], [115.79891260091946, 40.36015448106999], [115.79903034736486, 40.36015570396038], [115.79902874882862, 40.360245776531315], [115.79926424205435, 40.360248221960305], [115.79926264382415, 40.360338294537506], [115.80032236510638, 40.36034929307054], [115.8003207682787, 40.36043936568111], [115.80067400930571, 40.36044302971321], [115.80067241294074, 40.3605331023339], [115.80149664335222, 40.36054164757467], [115.80149504807653, 40.36063172022096], [115.80208378508385, 40.360637820388355], [115.80208219058412, 40.360727893052506], [115.80219993816381, 40.36072911273032], [115.80219834381352, 40.36081918539684], [115.80231609155705, 40.360820404958666], [115.80231449735619, 40.36091047762759], [115.80254999317809, 40.36091291639942], [115.80254839928334, 40.36100298907462], [115.80266614736172, 40.361004208284626], [115.80266455361642, 40.36109428096221], [115.80278230185861, 40.36109550005624], [115.80278070826279, 40.36118557273621], [115.80313395350245, 40.36118922931077], [115.80313236036933, 40.361279302000874], [115.803367857545, 40.36128173912573], [115.803366264718, 40.361371811822075], [115.80348401347325, 40.36137303020859], [115.80348242079567, 40.36146310290734], [115.80360016971477, 40.361464321177856], [115.80359857718669, 40.36155439387901], [115.80371632626961, 40.36155561203353], [115.80371473389096, 40.36164568473708], [115.8038324831377, 40.36164690277561], [115.80383089090853, 40.36173697548155], [115.8039486403191, 40.361738193404086], [115.80394704823941, 40.36182826611242], [115.8035937995593, 40.361824611973695], [115.80359539210892, 40.36173453927693], [115.80312439459595, 40.3617296654295], [115.80312598776501, 40.3616395927467], [115.80300823856138, 40.36163837398907], [115.80300983187989, 40.361548301308666], [115.80206783976287, 40.36153854696402], [115.8020662451912, 40.36162861961355], [115.8019484960523, 40.361627399777284], [115.8019469013168, 40.361717472421496], [115.80182915202843, 40.36171625246154], [115.80182755712909, 40.36180632510043], [115.8017098076913, 40.36180510501675], [115.8017082126281, 40.361895177650325], [115.80159046304082, 40.361893957442945], [115.80158248683371, 40.36234432056961], [115.80170023720422, 40.362345540796305], [115.80168907130856, 40.362976049139384], [115.80180682278282, 40.362977269273266], [115.80180522778274, 40.36306734189174], [115.8021584827187, 40.36307100158582], [115.8021568881814, 40.36316107421442], [115.8023923918213, 40.363163513418925], [115.80239079759012, 40.36325358605377], [115.8027440535739, 40.36325724397321], [115.80274245980551, 40.36334731661816], [115.803095716324, 40.36335097347047], [115.80309412301838, 40.363441046125544], [115.80332962771328, 40.36344348343551], [115.80332803471383, 40.363533556096854], [115.80344578722871, 40.36353477457591], [115.80344419437868, 40.36362484723964], [115.80367969974337, 40.3636272838459], [115.80367810719949, 40.36371735651587], [115.80391361290624, 40.36371979265042], [115.8039120206685, 40.36380986532665], [115.80414752671729, 40.363812300989466], [115.80414593478571, 40.36390237367195], [115.80426368797755, 40.36390359132743], [115.80426050440614, 40.36408373669572], [115.80437825791849, 40.36408495423904], [115.80437666627867, 40.36417502692486], [115.80449441995488, 40.36417624435217], [115.80449282846455, 40.364266317040375], [115.80461058230459, 40.36426753435168], [115.80460739961572, 40.36444767973142], [115.80472515377629, 40.364448896930575], [115.80472356257775, 40.36453896962211], [115.80484131690216, 40.36454018670526], [115.80483813479688, 40.36472033209164], [115.80495588944181, 40.36472154906264], [115.80495429853508, 40.36481162175749], [115.80507205334384, 40.364812838612465], [115.80506887182219, 40.364992984005504], [115.80530438208795, 40.364995417371276], [115.8053027916297, 40.36508549007331], [115.80577381287398, 40.3650903553819], [115.80577222303525, 40.365180428097865], [115.80565446755674, 40.36517921194666], [115.80565287755418, 40.36526928465732], [115.80577063318937, 40.36527050081237], [115.80576904333628, 40.36536057352543], [115.80541577598225, 40.36535692468914], [115.80541736630533, 40.365266851987634], [115.8052996106917, 40.365265635472994], [115.80529802021192, 40.36535570817065], [115.80518026444877, 40.365354491532294], [115.80517867380516, 40.36544456422464], [115.80529642972498, 40.36544578086685], [115.80529483923087, 40.36553585356158], [115.80576586360863, 40.36554071894716], [115.80576427373404, 40.36563079165583], [115.80599978627933, 40.36563322363712], [115.80599819671092, 40.36572329635203], [115.80635146605265, 40.36572694343653], [115.80635305515102, 40.36563687071006], [115.80647081145594, 40.36563808616132], [115.80647716715103, 40.365277795225516], [115.80635941147281, 40.36527657978965], [115.80636417863887, 40.36500636158404], [115.80695295475148, 40.36501243750702], [115.80695136648667, 40.365102510262915], [115.80777565444193, 40.365111011547725], [115.80777406726666, 40.36520108432907], [115.80859835666952, 40.36520957976744], [115.80859677058382, 40.36529965257421], [115.80883228221956, 40.36530207877122], [115.80883386799191, 40.36521200595677], [115.8090693793429, 40.36521443166664], [115.80906779388387, 40.36530450448876], [115.81142291210003, 40.3653287352939], [115.81142132976741, 40.365418808191265], [115.81153908590989, 40.36542001847677], [115.81153750372681, 40.3655100913765], [115.81177301634654, 40.36551251159556], [115.81177459821627, 40.365422438688164], [115.81189235438018, 40.36542364861408], [115.8118939360861, 40.365333575701406], [115.81212944812195, 40.36533599518595], [115.81213419225689, 40.36506577641621], [115.81236970338122, 40.36506819539834], [115.8123712844319, 40.36497812246449], [115.81248903984812, 40.36497933177193], [115.81249062073499, 40.364889258832825], [115.81272613127543, 40.36489167708045], [115.81272771184184, 40.36480160413224], [115.81296322209745, 40.364804021892766], [115.81296480234337, 40.36471394893543], [115.8134358223135, 40.36471878300282], [115.81342950379377, 40.36507907488461], [115.8135472594308, 40.365080283117095], [115.81354094142378, 40.365440574990835], [115.81365869769462, 40.365441783118754], [115.81364922141037, 40.365982220908556], [115.81376697862844, 40.36598342893955], [115.81376224086016, 40.36625364782622], [115.81387999855541, 40.36625485574881], [115.81387684032097, 40.366435001673615], [115.81399459833669, 40.36643620948398], [115.81398986140168, 40.366706428371714], [115.81410761989459, 40.366707636073684], [115.8141060410587, 40.36679770903716], [115.81445931705025, 40.36680133143528], [115.8144577386773, 40.366891404408776], [115.81481101520302, 40.36689502573952], [115.81480943729302, 40.366985098723006], [115.8151627143529, 40.366988718986335], [115.8151611369058, 40.367078791979836], [115.8159854513914, 40.367087235092114], [115.81598387503406, 40.36717730811088], [115.81610163443142, 40.3671785137941], [115.81610005822367, 40.36726858681521], [115.81645333692852, 40.367272203157086], [115.81645176118374, 40.36736227618816], [115.81668728066924, 40.367364686491], [115.81668570523073, 40.367454759528286], [115.81692122505804, 40.367457169359255], [115.81691964992582, 40.367547242402686], [115.81739069029251, 40.367552060641366], [115.81738911577996, 40.36764213369858], [115.81786015688711, 40.3676469500345], [115.81785858299422, 40.36773702310551], [115.81821186436922, 40.367740634110184], [115.81821029093932, 40.36783070719116], [115.81868133349884, 40.36783552020101], [115.81866717795162, 40.368646178001335], [115.81854941589079, 40.368644974894416], [115.81854626982215, 40.36882512104861], [115.81866403219641, 40.368826324163145], [115.81866245930814, 40.368916397241854], [115.81854469677721, 40.36891519412352], [115.81853997759974, 40.36918541333949], [115.81795116270088, 40.36917939589245], [115.81795273655068, 40.36908932284096], [115.81724615984663, 40.369082097971265], [115.81724773462956, 40.36899202494118], [115.81607010892502, 40.36897997393924], [115.81606853257502, 40.36907004693119], [115.81583300720602, 40.3690676352846], [115.81583143053551, 40.36915770826745], [115.81594919337316, 40.36915891415451], [115.81594761685223, 40.36924898713972], [115.81571209087062, 40.369246575238094], [115.81571051402916, 40.369336648214215], [115.81559275089234, 40.369335442079766], [115.81559117388704, 40.369425515050615], [115.81570893718062, 40.36942672118887], [115.81570578346212, 40.36960686713381], [115.8158235470762, 40.369608073159846], [115.8158172401807, 40.3699683650475], [115.81593500442877, 40.36996957096891], [115.81593027465259, 40.3702397898808], [115.81604803937788, 40.37024099569376], [115.81604488647163, 40.37042114163535], [115.81616265151747, 40.37042234733605], [115.81615792257494, 40.37069256624896], [115.81592239155002, 40.37069015470476], [115.81591923825921, 40.37087030062414], [115.81603700408154, 40.370871506463814], [115.8160354275822, 40.370961579425135], [115.81627095956162, 40.37096399075244], [115.81626938336862, 40.37105406371994], [115.8173292790385, 40.37106490879267], [115.81732770424888, 40.37115498179303], [115.8174454706267, 40.371156186205475], [115.8174470452596, 40.371066113201294], [115.81803587647154, 40.371072133446084], [115.81803430262225, 40.371162206469315], [115.81862313479535, 40.371168223735886], [115.81862156172258, 40.3712582967767], [115.81897486158176, 40.37126190570936], [115.81897328897207, 40.37135197876013], [115.81920882256047, 40.371354384123414], [115.81920725025712, 40.37144445718033], [115.81944278418736, 40.37144686207164], [115.81944121219037, 40.371536935134706], [115.8196767464624, 40.37153933955406], [115.81967517477179, 40.37162941262331], [115.82085284812466, 40.37164142756455], [115.82085127799422, 40.37173150067034], [115.82108681306327, 40.371733902227476], [115.82108524323921, 40.3718239753394], [115.82132077865006, 40.371826376424565], [115.82131920913238, 40.37191644954264], [115.82143697700515, 40.37191764990917], [115.82143540763714, 40.3720077230296], [115.82178871176814, 40.372011323421226], [115.82178714286323, 40.37210139655159], [115.82214044752813, 40.37210499587556], [115.82213887908631, 40.372195069015845], [115.82260995269885, 40.372199866451126], [115.82260838487692, 40.37228993960513], [115.82272615345447, 40.372291138668004], [115.82272458578217, 40.37238121182436], [115.82284235452354, 40.37238241077113], [115.8228345168397, 40.37283277654998], [115.82295228637182, 40.37283397539582], [115.82294601672439, 40.373194268007836], [115.82306378689054, 40.37319546674897], [115.82305595045585, 40.373645832500145], [115.82317372141277, 40.37364703114033], [115.82316745276474, 40.37400732373021], [115.8232852243557, 40.374008522265676], [115.82328365733277, 40.374098595413294], [115.82316588558504, 40.374097396874035], [115.82316431839827, 40.3741874700164], [115.82328209030274, 40.37418866855945], [115.82328052326567, 40.37427874170415], [115.82316275120445, 40.37427754315731], [115.82316118400354, 40.374367616296766], [115.8232789562215, 40.374368814847394], [115.82327582211198, 40.37454896112952], [115.82339359465053, 40.374550159567825], [115.82339046082623, 40.37473030585169], [115.82350823368535, 40.374731504177696], [115.82350039978468, 40.37518186988081], [115.82361817343462, 40.37518306810586], [115.82361347347967, 40.37545328752161], [115.82373124760696, 40.37545448563813], [115.82372654805864, 40.37572470505214], [115.82384432266328, 40.37572590306012], [115.82383962352165, 40.37599612247239], [115.82395739860364, 40.37599732037183], [115.82395113360958, 40.376357612916266], [115.8240689093257, 40.376358810710954], [115.8240657770998, 40.376538956981996], [115.82418355313652, 40.376540154664355], [115.82418198716974, 40.3766302278015], [115.82429976337029, 40.37663142536773], [115.8242981975532, 40.37672149850718], [115.8244159739176, 40.376722695957284], [115.8244128425758, 40.37690284223943], [115.82453061926076, 40.376904039577205], [115.82452905373603, 40.37699411271987], [115.82476460744073, 40.37699650704323], [115.8247630422225, 40.37708658019202], [115.82488081924221, 40.37708777717762], [115.82487925417367, 40.377177850328735], [115.8252325857455, 40.377181440577395], [115.82523102114023, 40.37727151373842], [115.8254665758703, 40.37727390664551], [115.8254650115715, 40.37736397981264], [115.82558278910389, 40.3773651760901], [115.8255812249548, 40.37745524925957], [115.82628789123801, 40.37746242442873], [115.82628320157038, 40.3777326439965], [115.82616542336854, 40.37773144842342], [115.82616229657462, 40.37791159478708], [115.82604451806628, 40.37791039908651], [115.82604295450196, 40.37800047226237], [115.8259251758439, 40.3779992764381], [115.82592361211577, 40.378089349608715], [115.82580583330797, 40.37808815366074], [115.82580270551694, 40.37826829999003], [115.82568492640266, 40.37826710391457], [115.82568179826983, 40.37844725023046], [115.82556401884905, 40.3784460540275], [115.82555932612654, 40.37871627347905], [115.82567710601768, 40.37871746969337], [115.82567554191951, 40.37880754284475], [115.8257933219745, 40.378808738942936], [115.82579175802607, 40.378898812096644], [115.82590953824489, 40.37890000807869], [115.82590797444618, 40.37899008123474], [115.82602575482886, 40.37899127710063], [115.82602262752384, 40.37917142341592], [115.82614040822715, 40.37917261916946], [115.82613728120748, 40.379352765486466], [115.82625506223141, 40.37935396112766], [115.82625193549714, 40.37953410744643], [115.8263697168417, 40.37953530297525], [115.82636815362075, 40.37962537613622], [115.8262503721194, 40.379624180603614], [115.8262456819439, 40.379894400066426], [115.82636346391564, 40.37989559561039], [115.82636190066648, 40.37998566876554], [115.82624411853796, 40.379984473217796], [115.82624255512495, 40.38007454636771], [115.82636033741029, 40.38007574191922], [115.82635408431493, 40.38043603451939], [115.8264718672345, 40.38043722996613], [115.8264687409581, 40.38061737626503], [115.82658652419832, 40.380618571599406], [115.82658496120635, 40.38070864475045], [115.82682052802156, 40.380711035066945], [115.82682209069993, 40.38062096190834], [115.8269398739613, 40.38062215688291], [115.82693674891111, 40.38080230320623], [115.82717231608218, 40.380804692810706], [115.82717075386012, 40.38089476597776], [115.82728853761303, 40.380895960603866], [115.82728541346134, 40.38107610694113], [115.82740319753495, 40.38107730145488], [115.82740007366867, 40.381257447793885], [115.82751785806289, 40.38125864219524], [115.82751629627599, 40.38134871536634], [115.82739851172495, 40.38134752096119], [115.8273969497742, 40.381437594127064], [115.82727916507338, 40.38143639959819], [115.82727604083712, 40.381616545917964], [115.82715825582976, 40.3816153512616], [115.82715669354424, 40.38170542441553], [115.82703890838712, 40.381704229635446], [115.82703734593775, 40.38179430278414], [115.82715513125169, 40.381795497568], [115.82715356895206, 40.381885570719014], [115.82727135442987, 40.38188676538671], [115.82727291657265, 40.38179669223192], [115.8273907019007, 40.38179788677591], [115.82738913991469, 40.381887959934474], [115.8275069254066, 40.3818891543623], [115.82750536357035, 40.381979227523196], [115.82762314922608, 40.38198042183487], [115.82762158753962, 40.38207049499808], [115.82773937335922, 40.382071689193594], [115.82773625027876, 40.3822518355232], [115.82785403641904, 40.382253029606325], [115.82785091362405, 40.38243317593769], [115.82773312717015, 40.38243198184699], [115.82772375767512, 40.38297242078335], [115.8278415450699, 40.38297361489672], [115.82783842216217, 40.38315376120474], [115.82795620987766, 40.38315495520571], [115.82796089375823, 40.38288473573017], [115.82819646826941, 40.382887123349626], [115.82819334631668, 40.383067269683224], [115.82831113389648, 40.38306846332059], [115.8283080122292, 40.38324860965592], [115.82842580012971, 40.3832498031809], [115.82842423944231, 40.38333987635017], [115.82854202750664, 40.38334106975898], [115.82854046696906, 40.383431142930554], [115.82865825519725, 40.3834323362232], [115.82865201360374, 40.38379262891003], [115.8287698024663, 40.38379382209784], [115.82876824220713, 40.38388389526968], [115.82888603123355, 40.38388508834131], [115.82888447112417, 40.38397516151547], [115.82912004951174, 40.38397754730646], [115.82911692989921, 40.38415769366551], [115.82923471941722, 40.38415888638863], [115.8292300404161, 40.38442910592759], [115.82911225042761, 40.38442791319313], [115.82911069058966, 40.3845179863661], [115.82922848073498, 40.384519179104316], [115.82922536135163, 40.38469932545342], [115.82934315181767, 40.384700518079256], [115.82933847316036, 40.38497073760328], [115.82945626410392, 40.384971930120486], [115.8294515858538, 40.38524214964273], [115.8295693772749, 40.3852433420513], [115.82956158083485, 40.38569370791142], [115.82967937304716, 40.3856949002189], [115.82967781389488, 40.38578497339033], [115.8297956062711, 40.385786165581635], [115.8297940472686, 40.38587623875537], [115.83014742490997, 40.38587981462085], [115.83014586637097, 40.38596988780444], [115.83026365908901, 40.38597107952347], [115.83026210069984, 40.386061152709395], [115.83049768647065, 40.386063535795124], [115.83049612838815, 40.386153608987115], [115.83073171450079, 40.38615599160056], [115.83072704115213, 40.386426211190425], [115.8308448346895, 40.38642740232852], [115.83084171940227, 40.386607548722026], [115.83107730712555, 40.38660993065342], [115.83107574978507, 40.386700003855516], [115.83119354381412, 40.38670119464504], [115.83119042942582, 40.386881341052415], [115.83130822377557, 40.38688253172952], [115.83130666672771, 40.38697260493479], [115.83142446124134, 40.3869737954957], [115.83142290434331, 40.38706386870329], [115.83154069902083, 40.38706505914801], [115.83153914227265, 40.38715513235789], [115.831656937114, 40.38715632268642], [115.83165226729786, 40.38742654231862], [115.83235903931696, 40.38743368183843], [115.83235748363866, 40.38752375506886], [115.83247527915658, 40.387524944572725], [115.83247061255014, 40.38779516426652], [115.83258840854566, 40.38779635366173], [115.83258529775331, 40.38797650012449], [115.83270309406959, 40.38797768940726], [115.83270153881975, 40.388067762640226], [115.83258374234661, 40.388066573353704], [115.83257907608439, 40.388336793032565], [115.8324612791477, 40.388335603614784], [115.83245350111929, 40.388785969698255], [115.83268909656833, 40.388788348451484], [115.83268754125532, 40.38887842167134], [115.83280533914721, 40.38887961087176], [115.83280222881389, 40.38905975731463], [115.83303782524622, 40.38906213537063], [115.83303627038279, 40.389152208597395], [115.83315406876633, 40.389153397449206], [115.83315251405274, 40.38924347067828], [115.83327031260018, 40.38924465941388], [115.83326875803643, 40.38933473264525], [115.83338655674775, 40.38933592126465], [115.83338500233386, 40.38942599449834], [115.83373839898053, 40.389429559648], [115.83373684503023, 40.389519632891506], [115.83397244314348, 40.38952200906561], [115.83397088949992, 40.389612082315175], [115.83420648795496, 40.38961445801692], [115.83420493461813, 40.38970453127254], [115.83444053341495, 40.38970690650192], [115.83443898038485, 40.38979697976362], [115.83455677995065, 40.389798167202116], [115.83455367418318, 40.38997831372862], [115.83443587430365, 40.38997712628262], [115.83443432125253, 40.39006719953995], [115.8343165212231, 40.390066011970205], [115.8343149680081, 40.39015608522231], [115.83396156749131, 40.39015252178199], [115.83395846009901, 40.390332668259276], [115.83407626057802, 40.390333856200215], [115.83407470702825, 40.39042392944042], [115.83431030832105, 40.39042630496988], [115.83430720182798, 40.39060645146096], [115.83442500279864, 40.39060763905325], [115.83442344969848, 40.390697712300366], [115.83454125083303, 40.39069889977644], [115.83453193302613, 40.3912393392511], [115.834649735109, 40.39124052662974], [115.83464662943105, 40.391420673117125], [115.83452882703443, 40.39141948573099], [115.8345257210147, 40.39159963220505], [115.83440791831129, 40.39159844469141], [115.83440636513403, 40.3916885179225], [115.83428856228072, 40.39168733028512], [115.8342854555914, 40.39186747673541], [115.83440325875846, 40.39186866438032], [115.83440015235487, 40.3920488108323], [115.83451795584273, 40.39204999836473], [115.83451640278729, 40.3921400715923], [115.83439859914257, 40.392138884056116], [115.83439704592324, 40.39222895727844], [115.83451484972488, 40.3922301448184], [115.83450863740511, 40.39259043770824], [115.83462644184132, 40.39259162514323], [115.83462488890075, 40.39268169836583], [115.83450708430763, 40.39268051092707], [115.83449931871516, 40.393130876999315], [115.83438151334457, 40.3931296894218], [115.83437840674473, 40.39330983583297], [115.83426060106733, 40.39330864812794], [115.8342590476, 40.39339872132759], [115.83414124177273, 40.39339753349881], [115.83413968814145, 40.39348760669325], [115.83437530011685, 40.39348998223832], [115.83437685343429, 40.39339990903638], [115.8344946592756, 40.393401096625176], [115.83449310611506, 40.39349116983088], [115.8347287181325, 40.393493544656046], [115.83472716527875, 40.39358361786782], [115.83449155294751, 40.393581243035136], [115.83448844659138, 40.39376138943927], [115.83472405955024, 40.39376376428697], [115.83472250667548, 40.39385383749436], [115.83484031332232, 40.39385502474199], [115.83483876059745, 40.39394509795168], [115.83495656740821, 40.393946285083075], [115.83495190966228, 40.394216504714684], [115.83506971695078, 40.39421769173736], [115.83507126938285, 40.39412761852453], [115.83518907652143, 40.39412880542345], [115.83518752424627, 40.39421887864004], [115.83530533154877, 40.39422006542273], [115.83530222729124, 40.39440021185906], [115.83542003491458, 40.39440139852927], [115.83541848293221, 40.394491471749], [115.83565409851367, 40.39449384473696], [115.83565254683813, 40.394583917962734], [115.83553473888699, 40.394582731525], [115.83553163520108, 40.39476287796468], [115.83564944346605, 40.39476406440993], [115.83564789176953, 40.394854137631334], [115.83553008334763, 40.394852951182344], [115.83552853148717, 40.39494302439855], [115.83541072291538, 40.3949418378258], [115.83540606682124, 40.395212057454394], [115.8352882577857, 40.39521087075038], [115.83528670558339, 40.39530094395323], [115.83516889639793, 40.39529975712548], [115.83516734403172, 40.39538983032313], [115.83504953469634, 40.39538864337163], [115.8350479821662, 40.39547871656406], [115.83493017268094, 40.3954775294888], [115.83492706728576, 40.39565767586179], [115.83480925749366, 40.39565648865902], [115.83480770462866, 40.395746561839566], [115.83492551457769, 40.3957477490461], [115.83492396186259, 40.39583782222895], [115.83504177197554, 40.395839009319225], [115.83503866683819, 40.39601915568808], [115.83515647727198, 40.39602034266588], [115.83515492484972, 40.39611041585188], [115.83527273544745, 40.39611160271344], [115.83526807860937, 40.39638182227394], [115.8353858896849, 40.39638300902678], [115.83538433754846, 40.39647308221444], [115.8355021487879, 40.39647426885102], [115.83550059680138, 40.39656434204099], [115.83561840820475, 40.396565528561325], [115.83561685636818, 40.3966556017536], [115.83573466793545, 40.39665678815769], [115.8357331162488, 40.396746861352256], [115.83596873971827, 40.39674923380795], [115.83597029109107, 40.39665916060587], [115.83608810267937, 40.396660346649966], [115.83608965388825, 40.39657027344267], [115.83632527677202, 40.396572645163346], [115.836323725877, 40.396662718378124], [115.83644153748628, 40.396663904062216], [115.83643688523001, 40.39693412370911], [115.83631907314992, 40.39693293801377], [115.83631752222689, 40.39702301122272], [115.83655314670794, 40.39702538250092], [115.83654694420132, 40.39738567535221], [115.83666475708006, 40.3973868608263], [115.83666165609866, 40.397567007250714], [115.83677946929825, 40.397568192612304], [115.836777918954, 40.397658265826074], [115.83701354568807, 40.39766063619674], [115.83701044560628, 40.39784078263492], [115.83712825929769, 40.397841967647736], [115.83712515950181, 40.39802211408758], [115.83724297351408, 40.39802329898791], [115.83724142376258, 40.39811337220939], [115.83735923793881, 40.398114556993455], [115.83735613872872, 40.39829470343955], [115.83747395322578, 40.3982958881111], [115.83746930482903, 40.39856610778056], [115.83758711980393, 40.39856729234335], [115.83758557048132, 40.39865736556736], [115.83770338562015, 40.398658550013884], [115.83770183644748, 40.39874862324016], [115.83793746706, 40.39875099178069], [115.83793591819423, 40.398841065012995], [115.83805373366792, 40.398842249107], [115.8380521849521, 40.39893232234161], [115.83793436932147, 40.39893113824387], [115.83793282044172, 40.39902121147326], [115.8381684520239, 40.39902357955623], [115.83816690345103, 40.39911365279168], [115.83392553360424, 40.39907095371664], [115.83392708782718, 40.398980880616314], [115.83380927228464, 40.39897969231444], [115.83380771790476, 40.39906976541102], [115.75074943673073, 40.3982021447516], [115.75075276675865, 40.39802200404775], [115.75063495650127, 40.39802073102802], [115.75063662166089, 40.39793066067792], [115.75051881156796, 40.39792938754221], [115.75052047687694, 40.39783931719469], [115.75028485702747, 40.39783677057137], [115.75028818825061, 40.39765662988801], [115.75005256905884, 40.39765408280083], [115.75005756677868, 40.39738387178901], [115.7499397576648, 40.39738259807752], [115.74994142371331, 40.39729252774134], [115.74982361476386, 40.3972912539139], [115.74982694715212, 40.39711111324522], [115.74970913852404, 40.397109839305834], [115.74971080486378, 40.397019768973344], [115.749475187944, 40.39701722074266], [115.74947018796067, 40.3972874317116], [115.74958799688756, 40.39728870589902], [115.7495829973073, 40.39755891686687], [115.74970080671244, 40.39756019094639], [115.74969914032755, 40.397650261270115], [115.7495813307655, 40.39764898718655], [115.74957966421618, 40.39773905750478], [115.74946185450474, 40.3977377832972], [115.74945518760462, 40.39809806453931], [115.74933737727302, 40.39809679019561], [115.74933571037228, 40.398186860498434], [115.7481576059009, 40.39817411042133]], [[115.83016634927205, 40.39840235752237], [115.83028416365514, 40.3984035495219], [115.83028572269414, 40.398313476528116], [115.83040353692734, 40.39831466840388], [115.83040509580235, 40.39822459540485], [115.83052290988566, 40.39822578715683], [115.83052602730068, 40.39804564114687], [115.83064384107715, 40.3980468327713], [115.83064695815017, 40.397866686747975], [115.83052914468757, 40.397865495131086], [115.83052758599766, 40.39795556813971], [115.83040977238517, 40.39795437639905], [115.83040665467031, 40.39813452240438], [115.830288840751, 40.39813333053617], [115.83028728172609, 40.398223403532874], [115.83016946765686, 40.398222211540876], [115.83016634927205, 40.39840235752237]], [[115.7491267639485, 40.39674318655092], [115.74936237988173, 40.39674573547733], [115.74937404718665, 40.396115243162704], [115.74925624031461, 40.39611396878771], [115.74925957407643, 40.39593382812128], [115.74914176752571, 40.39593255363438], [115.74914510157124, 40.39575241297014], [115.74902729534188, 40.395751138371324], [115.74902896251025, 40.39566106804104], [115.7489111564453, 40.39565979332626], [115.74891282376305, 40.39556972299855], [115.74879501786252, 40.39556844816783], [115.74879668532967, 40.39547837784269], [115.74867887959356, 40.39547710289601], [115.74868054721006, 40.39538703257343], [115.74844493607422, 40.395384482328204], [115.748446603997, 40.39529441201224], [115.74821099320503, 40.39529186129514], [115.74821266143408, 40.395201790985794], [115.74809485620631, 40.39520051545131], [115.74809819295558, 40.39502037483626], [115.74798038804913, 40.395019099189874], [115.74798205656938, 40.394929028884185], [115.74786425182734, 40.39492775312184], [115.74786592049696, 40.394837682818746], [115.74774811591934, 40.394836406940456], [115.74774978473832, 40.39474633663991], [115.74763198032511, 40.3947450606457], [115.74763364929345, 40.39465499034774], [115.74751584504467, 40.39465371423756], [115.74751751416237, 40.394563643942185], [115.74739971007804, 40.39456236771607], [115.74740137934509, 40.39447229742325], [115.74728357542516, 40.3944710210812], [115.74728524484158, 40.39438095079095], [115.74716744108606, 40.394379674332974], [115.74716911065183, 40.394289604045305], [115.74693350347721, 40.39428705077746], [115.74693517334923, 40.39419698049641], [115.74669956651852, 40.39419442675674], [115.74670123669677, 40.3941043564823], [115.7465834334496, 40.39410307943654], [115.7465851037772, 40.39401300916469], [115.74646730069448, 40.39401173200299], [115.74646897117144, 40.39392166173369], [115.74623336534235, 40.39391910705845], [115.74623503612553, 40.393829036795786], [115.74599943064034, 40.393826481648716], [115.74600110172977, 40.39373641139268], [115.74588329915537, 40.393735133643226], [115.74588664162535, 40.39355499313483], [115.74576883937229, 40.39355371527349], [115.74577218212583, 40.39337357476731], [115.74565438019408, 40.39337229679407], [115.74565605171642, 40.393282226542844], [115.74542044818926, 40.393279670244546], [115.74543047904756, 40.392739248754886], [115.74531267823656, 40.39273797045006], [115.74531936595204, 40.392377689443826], [115.74520156577609, 40.39237641103521], [115.74520323784296, 40.39228634078404], [115.7447320378421, 40.39228122596601], [115.74473036514773, 40.392371296201], [115.74484816529349, 40.3923725750895], [115.74484482019587, 40.39255271556317], [115.7449626206629, 40.392553994339806], [115.74495760343046, 40.39282420505147], [115.74507540437571, 40.39282548372027], [115.74507038754598, 40.393095694430905], [115.74518818896941, 40.39309697299186], [115.74518651683461, 40.393187043229844], [115.74530431842246, 40.39318832167488], [115.745300974444, 40.39336846215454], [115.74518317254241, 40.39336718370142], [115.74518150038499, 40.39345725393502], [115.74506369833405, 40.39345597535787], [115.74506202601219, 40.39354604558596], [115.74517982822002, 40.39354732416715], [115.7451781560475, 40.39363739439782], [115.7450603536828, 40.39363611581256], [115.74505868134585, 40.39372618603773], [115.7449408788318, 40.393724907328476], [115.74494255132565, 40.393634837107356], [115.74482474897604, 40.393633558282175], [115.7448264216192, 40.39354348806365], [115.74470861943401, 40.393542209122536], [115.74471363778886, 40.3932719984703], [115.74459583608187, 40.39327071942135], [115.74458245239627, 40.393991281098955], [115.74470025535832, 40.39399256018028], [115.74469858252053, 40.39408263038743], [115.744816385647, 40.39408390935283], [115.74481471295856, 40.39417397956257], [115.74528592616753, 40.39417909424057], [115.74528258202308, 40.39435923468802], [115.74540038565796, 40.39436051306566], [115.74539871373133, 40.394450583291245], [115.74563432133749, 40.3944531396947], [115.74563599295035, 40.39436306946102], [115.74575379660786, 40.39436434747874], [115.74575045368837, 40.39454448795269], [115.7458682576672, 40.39454576585851], [115.74586491503132, 40.39472590633467], [115.7457471107387, 40.39472462842077], [115.74574209625764, 40.394994839111924], [115.74585990102092, 40.394996117037955], [115.74585822966905, 40.39508618726945], [115.74621164447485, 40.3950900203398], [115.74621331535606, 40.39499995009618], [115.74633112014949, 40.395001227542295], [115.74632777869336, 40.39518136803616], [115.74644558380815, 40.39518264537038], [115.74644391322565, 40.395272715619164], [115.74667952379163, 40.39527526993572], [115.74667785351541, 40.39536534019112], [115.7467956589666, 40.39536661717348], [115.74679064856338, 40.395636827943], [115.74702626042975, 40.395639381571996], [115.74702459059408, 40.39572945183366], [115.74714239669547, 40.39573072847222], [115.74714072700914, 40.395820798736445], [115.74737633954834, 40.3958233516617], [115.74737467016828, 40.39591342193255], [115.74772808950426, 40.395917250432646], [115.74772642058738, 40.39600732071415], [115.74796203382951, 40.39600987245569], [115.7479603652189, 40.396099942743795], [115.74807817200815, 40.39610121843864], [115.74807650354693, 40.396191288729305], [115.74819431050062, 40.39619256430819], [115.74819097386937, 40.39637270489323], [115.74830878114442, 40.396373980360195], [115.7483071129744, 40.39646405065455], [115.74854272786084, 40.3964666012366], [115.74854439571702, 40.39637653093417], [115.74866220301463, 40.39637780604117], [115.74866053531534, 40.396467876347636], [115.74877834277738, 40.396469151338685], [115.74877667522748, 40.39655922164772], [115.74901229048794, 40.39656177127793], [115.74901062324433, 40.39665184159356], [115.74912843104272, 40.39665311623272], [115.7491267639485, 40.39674318655092]], [[115.8315956951437, 40.397515923178155], [115.8317135080418, 40.39751711369992], [115.83171662220566, 40.39733696759128], [115.83195224739522, 40.39733934825974], [115.83195536090325, 40.3971592021302], [115.83183754861882, 40.397158011863496], [115.8318359917114, 40.39724808492523], [115.83171817927705, 40.39724689453477], [115.83172129339874, 40.397066748417366], [115.83183910551922, 40.3970679388003], [115.83184377617827, 40.396797719601985], [115.83172596452857, 40.39679652923034], [115.83172440749233, 40.396886602294146], [115.83160659569273, 40.39688541179875], [115.8316034812853, 40.39706555791442], [115.83148566917887, 40.39706436729149], [115.8314809970442, 40.3973345864428], [115.83159880962143, 40.39733577707704], [115.8315956951437, 40.397515923178155]], [[115.8334838118121, 40.39735481090448], [115.83360162450869, 40.397355999498664], [115.83360317906917, 40.397265926381934], [115.83348536652953, 40.39726473779151], [115.8334838118121, 40.39735481090448]], [[115.83337843792077, 40.396633037275784], [115.83349624935491, 40.396634225959886], [115.83350246795794, 40.39627393345261], [115.83362027877138, 40.39627512200167], [115.83362183324766, 40.39618504886745], [115.83350402259113, 40.396183860322154], [115.83350868644871, 40.39591364092204], [115.83339087626997, 40.39591245226802], [115.83339243103205, 40.3958223791355], [115.83327462101727, 40.39582119036525], [115.8332777308342, 40.39564104410335], [115.83351335024314, 40.39564342150879], [115.83351490482724, 40.395553348368146], [115.83327928573213, 40.39555097097022], [115.83328239550698, 40.395370824699576], [115.83316458628381, 40.395369635828146], [115.83316769634443, 40.395189489559186], [115.83293207854676, 40.395187111471394], [115.83293052320613, 40.395277184599074], [115.83281271416092, 40.39527599537143], [115.83281115865637, 40.395366068493885], [115.83269334946124, 40.39536487914247], [115.83269490512272, 40.39527480602377], [115.83257709609155, 40.395273616556125], [115.83257865190294, 40.39518354343974], [115.83246084303569, 40.39518235385587], [115.83246239899695, 40.395092280741785], [115.83234459029364, 40.39509109104169], [115.83234770250897, 40.39491094481669], [115.83222989412651, 40.39490975500413], [115.83222833786546, 40.3949998281136], [115.83211052933312, 40.39499863817726], [115.83210586003705, 40.395268857485625], [115.83222366904015, 40.39527004743324], [115.832222112751, 40.395360120536886], [115.83233992191803, 40.395361310368266], [115.83233836577878, 40.39545138347422], [115.83222055645483, 40.39545019363907], [115.83221900015164, 40.39554026673978], [115.83233680963251, 40.3955414565787], [115.83233369731889, 40.39572160278331], [115.83209807773649, 40.39571922297041], [115.83209340827187, 40.395989442243796], [115.83197559802045, 40.395988252146054], [115.83197248469509, 40.39616839831349], [115.83173686358562, 40.39616601774294], [115.83173530659856, 40.39625609081695], [115.8318531173067, 40.39625728116598], [115.83185156046952, 40.396347354242295], [115.83196937134161, 40.3963485444751], [115.83196781465433, 40.39643861755371], [115.83208562569037, 40.39643980767028], [115.83208718222072, 40.3963497345879], [115.83232280400001, 40.396352114453514], [115.8323243602095, 40.396262041362135], [115.83244217095273, 40.39626323111118], [115.83244372699828, 40.39617315801459], [115.83291496941379, 40.396177915795704], [115.83291341399597, 40.39626798890736], [115.8331490355597, 40.39627036708545], [115.83314437020563, 40.396540586434234], [115.83337999273897, 40.39654296415492], [115.83337843792077, 40.396633037275784]], [[115.83185778777607, 40.39598706192832], [115.83197559802045, 40.395988252146054], [115.83197715467261, 40.39589817906015], [115.83185934458513, 40.39589698884618], [115.83185778777607, 40.39598706192832]], [[115.8292706449409, 40.39569062777689], [115.82938845455983, 40.39569182062324], [115.82939157471937, 40.39551167460712], [115.82950938403151, 40.39551286732593], [115.82952186313278, 40.39479228317294], [115.82940405507597, 40.39479109048434], [115.82940249505603, 40.394881163504785], [115.82928468684935, 40.39487997069241], [115.82927688585953, 40.39533033575391], [115.82939469485076, 40.395331528585174], [115.82939313478859, 40.39542160159687], [115.82927532564044, 40.39542040876185], [115.8292706449409, 40.39569062777689]], [[115.8337536324699, 40.395375578985345], [115.83398925099344, 40.39537795540826], [115.8339939127786, 40.395107735923666], [115.83375829519653, 40.395105359523306], [115.83375674096135, 40.39519543267878], [115.83363893202392, 40.39519424429485], [115.8336373776248, 40.39528431744509], [115.83375518671913, 40.39528550583279], [115.8337536324699, 40.395375578985345]], [[115.83211364216204, 40.394818491964415], [115.83223145038055, 40.39481968189319], [115.83223300662756, 40.394729608780814], [115.83211519856596, 40.39472841885579], [115.83211364216204, 40.394818491964415]], [[115.83199894706517, 40.39463715570447], [115.83211675496287, 40.39463834574572], [115.83211831135274, 40.39454827263418], [115.83200050361197, 40.3945470825967], [115.83199894706517, 40.39463715570447]], [[115.83023338834381, 40.39452921763545], [115.83035119597915, 40.394530409472814], [115.83035275471566, 40.39444033641636], [115.83023494723723, 40.394439144582776], [115.83023338834381, 40.39452921763545]], [[115.8321198677356, 40.3944581995212], [115.83223767532648, 40.39445938943493], [115.83223923154539, 40.39436931631672], [115.83212142411143, 40.39436812640676], [115.8321198677356, 40.3944581995212]], [[115.83330571792376, 40.39401972748394], [115.8334235248003, 40.39402091617895], [115.83342507941504, 40.39393084301581], [115.83330727269544, 40.393929654324566], [115.83330571792376, 40.39401972748394]], [[115.83401411311836, 40.393936784672235], [115.83413191988005, 40.39393797264355], [115.83413347354634, 40.393847899456404], [115.83425128015816, 40.39384908730397], [115.83425283366054, 40.39375901411161], [115.83401722075777, 40.393756638304005], [115.83401411311836, 40.393936784672235]], [[115.8335444405925, 40.393841958418726], [115.83366224716924, 40.393843146866246], [115.83366380145617, 40.393753073692686], [115.83354599503632, 40.393751885248925], [115.8335444405925, 40.393841958418726]], [[115.74437194521543, 40.392637669475405], [115.74448974580918, 40.39263894873597], [115.74449141883994, 40.392548878513466], [115.74437361840307, 40.39254759925695], [115.74437194521543, 40.392637669475405]], [[115.83414279539694, 40.39330746030293], [115.83426060106733, 40.39330864812794], [115.83426215452766, 40.39321857492684], [115.83414434901417, 40.39321738710559], [115.83414279539694, 40.39330746030293]], [[115.74486321785932, 40.39156194288546], [115.74498101660082, 40.39156322161757], [115.74498603351633, 40.39129301084439], [115.74510383179474, 40.3912942894444], [115.74511219238535, 40.39084393810623], [115.74499439489124, 40.39084265952644], [115.7449977393884, 40.39066251898901], [115.74487994221553, 40.39066124029734], [115.74488161460967, 40.39057117003048], [115.7447638176012, 40.39056989122291], [115.74476214505022, 40.39065996148573], [115.74464434789247, 40.390658682554154], [115.74464100245414, 40.39083882306731], [115.74475879992565, 40.39084010200698], [115.74475712735202, 40.390930172265406], [115.74463932972367, 40.39092889332168], [115.74463096595805, 40.39137924457161], [115.74474876437073, 40.39138052353556], [115.74474709175182, 40.39147059378521], [115.7448648903289, 40.39147187263324], [115.74486321785932, 40.39156194288546]], [[115.74533775654723, 40.39138691655588], [115.74545555500515, 40.39138819480004], [115.74546056999301, 40.39111798396952], [115.74522497402589, 40.39111542738549], [115.74522330205707, 40.391205497655704], [115.74534110019373, 40.39120677601175], [115.74533775654723, 40.39138691655588]], [[115.74534611560692, 40.39093656518457], [115.74546391328055, 40.3909378434085], [115.7454672565379, 40.39075770284164], [115.74534945917802, 40.39075642462579], [115.74534611560692, 40.39093656518457]], [[115.74453324215574, 40.39029712247491], [115.74476883520884, 40.39029968042567], [115.74477218024289, 40.39011953988683], [115.74500777269874, 40.39012209734155], [115.74500944489073, 40.39003202706186], [115.74477385274857, 40.39002946961523], [115.74477552524672, 40.389939399342154], [115.7446577293438, 40.38993812044295], [115.74465438402626, 40.390118260979534], [115.7445365878172, 40.390116981952275], [115.74453324215574, 40.39029712247491]], [[115.74394760688509, 40.390110585016565], [115.74418319923527, 40.39011314415073], [115.74418487252524, 40.39002307389936], [115.74442046459194, 40.39002563254559], [115.74442213756065, 40.38993556228465], [115.74406874994251, 40.38993172414751], [115.74406707650323, 40.390021794396304], [115.74394928048876, 40.39002051477329], [115.74394760688509, 40.390110585016565]], [[115.74359589249066, 40.39001667518449], [115.74371368848249, 40.39001795516739], [115.74371536239231, 40.389927884930735], [115.74359756655734, 40.3899266049519], [115.74359589249066, 40.39001667518449]], [[115.74383148448184, 40.390019235030316], [115.74394928048876, 40.39002051477329], [115.74395095408488, 40.38993044452855], [115.74383315823482, 40.38992916478963], [115.74383148448184, 40.390019235030316]], [[115.74489332115718, 40.38994067812139], [115.74501111707517, 40.389941956780675], [115.74501278925207, 40.38985188649805], [115.74489499349093, 40.38985060784282], [115.74489332115718, 40.38994067812139]], [[115.74465940199127, 40.38984805017245], [115.74477719773733, 40.38984932906761], [115.74477887022039, 40.38975925879161], [115.74466107463117, 40.38975797990049], [115.74465940199127, 40.38984805017245]], [[115.74371871018933, 40.38974774445306], [115.74383650571812, 40.389749024303846], [115.74383817944846, 40.389658954058774], [115.74372038407651, 40.389657674212025], [115.74371871018933, 40.38974774445306]], [[115.82795064498141, 40.39027192418707], [115.82853964565463, 40.39027789328517], [115.82854120657062, 40.39018782022058], [115.82865900656951, 40.39018901367651], [115.82866056732156, 40.390098940606705], [115.82877836717064, 40.39010013393888], [115.82877992775877, 40.39001006086384], [115.828897727458, 40.39001125407226], [115.82889928788222, 40.389921180991976], [115.82878148833986, 40.38991998778733], [115.8287846094809, 40.38973984162995], [115.82890240870955, 40.389741034827054], [115.82890552950869, 40.38956088865629], [115.828669931686, 40.38955850215721], [115.82867149238872, 40.389468429077205], [115.8285536936448, 40.38946723565149], [115.82855525449739, 40.38937716257379], [115.82843745591737, 40.38937596903188], [115.82843901691979, 40.3892858959565], [115.82820342009462, 40.38928350852034], [115.82819717478777, 40.38964380078288], [115.82807937575829, 40.389642606869735], [115.82807625274886, 40.38982275298471], [115.8281940520921, 40.38982394690542], [115.82819092936822, 40.390004093022114], [115.82807312971123, 40.39000289909385], [115.82807000664542, 40.39018304519715], [115.82795220668174, 40.390181851141364], [115.82795064498141, 40.39027192418707]], [[115.8278359685753, 40.390090583922245], [115.82795376837504, 40.39009177809423], [115.8279553300613, 40.39000170504563], [115.82783753041842, 40.39000051087743], [115.8278359685753, 40.390090583922245]], [[115.74314145519998, 40.38911085182355], [115.74325924959305, 40.38911213224577], [115.74326259850889, 40.388931991774136], [115.74302701035765, 40.38892943082595], [115.74302533558985, 40.3890195010544], [115.74314312981852, 40.389020781592514], [115.74314145519998, 40.38911085182355]], [[115.7429092162934, 40.388928150171935], [115.74302701035765, 40.38892943082595], [115.74302868511793, 40.388839360596045], [115.74291089121051, 40.388838079946076], [115.7429092162934, 40.388928150171935]], [[115.82666266117987, 40.38980841657856], [115.8267804604385, 40.38980961193891], [115.82678202367232, 40.389719538923735], [115.82666422457058, 40.389718343567175], [115.82666266117987, 40.38980841657856]], [[115.82654642547585, 40.38971714809063], [115.82666422457058, 40.389718343567175], [115.82666578795423, 40.38962827055431], [115.82749038071657, 40.389636635504445], [115.82749194299505, 40.38954656246368], [115.82772754067686, 40.389548951362144], [115.82772910263459, 40.389458878312354], [115.8278469013292, 40.38946007257785], [115.82785314846208, 40.389099780348985], [115.82749975428183, 40.389096197237926], [115.82750131651802, 40.38900612418841], [115.82679452928905, 40.38899895474988], [115.82679296611165, 40.38908902777671], [115.82667516810797, 40.38908783244663], [115.82667673144225, 40.38899775942357], [115.82644113576978, 40.38899536841105], [115.82643957212177, 40.38908544142654], [115.82655737011135, 40.38908663699656], [115.82655580661316, 40.389176710014375], [115.8267914029272, 40.38917910080209], [115.8267898397357, 40.389269173826015], [115.82667204141826, 40.38926797848835], [115.82667047806285, 40.38935805150703], [115.82655267959561, 40.38935685604562], [115.82654955254984, 40.389537002071044], [115.82643175377595, 40.38953580648211], [115.8264301900856, 40.389625879488825], [115.82654798901639, 40.38962707508156], [115.82654642547585, 40.38971714809063]], [[115.82560559776775, 40.3896175069806], [115.82619459224522, 40.389623487943474], [115.82619615624927, 40.3895334149443], [115.82607835749654, 40.389532218995456], [115.82608148579726, 40.38935207300031], [115.82643488113544, 40.389355660464254], [115.8264364448046, 40.38926558745314], [115.82620084821916, 40.38926319593804], [115.8262039761638, 40.389083049926576], [115.8260861781954, 40.38908185399665], [115.826087742314, 40.38899178099252], [115.82561655113844, 40.388986996088285], [115.82561811587743, 40.38889692309784], [115.82538252064573, 40.38889452993348], [115.82538095559302, 40.38898460291636], [115.8252631578309, 40.388983406150444], [115.8252647230405, 40.38889333317136], [115.82514692544233, 40.388892136289265], [115.82514066393409, 40.38925242818171], [115.82525846215974, 40.38925362507896], [115.82525533167698, 40.38943377102402], [115.82537313022343, 40.38943496780887], [115.82537156512835, 40.389525040783], [115.82560716255617, 40.38952743400036], [115.82560559776775, 40.3896175069806]], [[115.74433111066271, 40.38849315871617], [115.74456669741164, 40.388495716984856], [115.7445683700952, 40.38840564669498], [115.74468616332413, 40.388406925645334], [115.74468449079745, 40.38849699593927], [115.74492007759166, 40.38849955348824], [115.74493178292433, 40.3878690613433], [115.74481399062134, 40.387867782657125], [115.74481231829675, 40.3879578529639], [115.74469452584445, 40.38795657415372], [115.74469285335547, 40.38804664445498], [115.74445726815986, 40.38804408646667], [115.74445057687379, 40.38840436762465], [115.74433278365996, 40.38840308843439], [115.74433111066271, 40.38849315871617]], [[115.82855525449739, 40.38937716257379], [115.82867305308444, 40.38937835599574], [115.8286746137731, 40.38928828291279], [115.82855681534294, 40.38928708949462], [115.82855525449739, 40.38937716257379]], [[115.82808562169262, 40.38928231462231], [115.82820342009462, 40.38928350852034], [115.82820498140373, 40.38919343545106], [115.82808718315859, 40.389192241556806], [115.82808562169262, 40.38928231462231]], [[115.82938296424253, 40.38920536779537], [115.82950076256512, 40.38920656036997], [115.82950232214162, 40.389116487257695], [115.82973791849422, 40.389118872039454], [115.82973635923143, 40.389208945159275], [115.83020755264847, 40.38921371329827], [115.83020911128379, 40.38912364016336], [115.83009131307584, 40.389122448312335], [115.83009287186098, 40.38903237517974], [115.82985727577993, 40.389029991125334], [115.82986195303434, 40.38875977174145], [115.82997975060077, 40.38876096381732], [115.82998130951464, 40.38867089068267], [115.82986351210509, 40.38866969861057], [115.82986974831766, 40.38830940607249], [115.8297519515426, 40.38830821389551], [115.82975506992042, 40.38812806762527], [115.82963727346612, 40.38812687533588], [115.82963883280131, 40.38803680220234], [115.82916764768189, 40.38803203186024], [115.82916608771922, 40.38812210497868], [115.82904829130011, 40.38812091208947], [115.82904673117356, 40.388210985202676], [115.82892893460462, 40.38820979218972], [115.82893205516437, 40.38802964596941], [115.82904985141961, 40.38803083897481], [115.82905141153208, 40.38794076585869], [115.82893361543371, 40.38793957285706], [115.82893829619942, 40.38766935351127], [115.82882050057869, 40.38766816040102], [115.8288220609767, 40.38757808728662], [115.82846867462725, 40.38757450724739], [115.82847179634327, 40.387394361036876], [115.82835400122126, 40.3873931674581], [115.82835712322282, 40.38721302124932], [115.82823932842153, 40.387211827558126], [115.82823620610627, 40.387391973759364], [115.82800061589744, 40.387389586002], [115.82800217737231, 40.387299512909685], [115.82788438243531, 40.38729831885484], [115.82788125916484, 40.38747846503048], [115.82776346392119, 40.38747727084814], [115.82776190211854, 40.387567343929994], [115.82787969751904, 40.387568538116135], [115.82787813586617, 40.38765861120031], [115.82799593143058, 40.38765980527025], [115.82799749292657, 40.38756973218231], [115.82811528834117, 40.387570926128525], [115.82811216565584, 40.387751072310536], [115.82822996139119, 40.387752266144346], [115.8282268389914, 40.38793241232809], [115.82810904294232, 40.38793121848673], [115.828107481575, 40.388021291572635], [115.82822527778092, 40.388022485417785], [115.82822215533884, 40.388202631592776], [115.82798656230659, 40.388200243767415], [115.82798500076126, 40.38829031684518], [115.82810279743073, 40.38829151082162], [115.82810123603521, 40.3883815839017], [115.82821903286859, 40.388382777761954], [115.82821747162289, 40.388472850844344], [115.82845306562447, 40.388475238212514], [115.82845150468546, 40.388565311301015], [115.82927608501089, 40.38857366333713], [115.82927452516286, 40.388663736450596], [115.82939232253723, 40.38866492912253], [115.82938764342154, 40.38893514846551], [115.82926984557658, 40.38893395578225], [115.82926828570042, 40.38902402888989], [115.82938608370223, 40.389025221576915], [115.82938296424253, 40.38920536779537]], [[115.82703325071002, 40.38882119896943], [115.82715104826426, 40.38882239392827], [115.82715261094991, 40.388732320885715], [115.82727040835435, 40.388733515720816], [115.82727509589839, 40.388463296573065], [115.82715729896456, 40.38846210174931], [115.82715886162201, 40.38837202870093], [115.82751225197411, 40.38837561280096], [115.82751381415392, 40.388285539739776], [115.82727822089252, 40.38828315046728], [115.82727978337898, 40.3881930774122], [115.82716198691575, 40.388191882599784], [115.82716354955204, 40.38810180954704], [115.82692795696039, 40.38809941956988], [115.82692639401037, 40.388189492615076], [115.82610181906377, 40.38818112388972], [115.8261002550087, 40.388271196906985], [115.82621805156535, 40.38827239280285], [115.82621648766006, 40.38836246582243], [115.82656987784289, 40.38836605280161], [115.82656831440113, 40.38845612583108], [115.82633272062515, 40.38845373462403], [115.82633115686261, 40.38854380764448], [115.82644895390395, 40.388545003311776], [115.82644739029122, 40.38863507633454], [115.82668298470877, 40.38863746731678], [115.82668142140271, 40.38872754034568], [115.82703481355253, 40.38873112593065], [115.82703325071002, 40.38882119896943]], [[115.82997819167986, 40.38885103695051], [115.83009598941017, 40.38885222891019], [115.83009754817422, 40.388762155773215], [115.82997975060077, 40.38876096381732], [115.82997819167986, 40.38885103695051]], [[115.74234538081164, 40.3875706918648], [115.74246317248551, 40.387571973057774], [115.74246484791662, 40.38748190282616], [115.74234705639958, 40.38748062163724], [115.74234538081164, 40.3875706918648]], [[115.82597933001408, 40.38845014691372], [115.82609712687737, 40.38845134293712], [115.8261002550087, 40.388271196906985], [115.82598245845914, 40.388270000891154], [115.82597933001408, 40.38845014691372]], [[115.82751068978725, 40.38846568586067], [115.82774628370427, 40.388468074668424], [115.8277478455774, 40.38837800160114], [115.82751225197411, 40.38837561280096], [115.82751068978725, 40.38846568586067]], [[115.74246484791662, 40.38748190282616], [115.74258263944124, 40.38748318389514], [115.74258431470794, 40.387393113658], [115.74246652334016, 40.38739183259307], [115.74246484791662, 40.38748190282616]], [[115.8258740480235, 40.387728366675404], [115.82599184362488, 40.38772956278848], [115.82599340779447, 40.387639489766265], [115.82587561234995, 40.38763829365697], [115.8258740480235, 40.387728366675404]], [[115.82729384544008, 40.38738241985088], [115.8274116404987, 40.387383614509304], [115.8274147650099, 40.38720346836099], [115.82753255976186, 40.38720466289188], [115.82753412185004, 40.38711458981175], [115.82765191645217, 40.3871157842189], [115.82765347837648, 40.387025711133546], [115.8278890672882, 40.387028099580434], [115.82789219048821, 40.3868479533902], [115.82812777880073, 40.38685034134213], [115.82812621751795, 40.38694041444554], [115.82824401184163, 40.38694160824535], [115.82824245070863, 40.38703168135107], [115.82836024519621, 40.38703287503469], [115.82836336714143, 40.38685272881424], [115.82824557296756, 40.38685153513816], [115.82824713408644, 40.386761462029526], [115.82812934007649, 40.386760268237275], [115.82813246260683, 40.386580122023204], [115.82801466891758, 40.38657892811855], [115.82801779173346, 40.38639878190618], [115.82789999836496, 40.38639758788913], [115.82790312146632, 40.3862174416785], [115.82778532841854, 40.38621624754904], [115.8277868901155, 40.38612617444532], [115.82766909723163, 40.38612498019969], [115.82766597351697, 40.38630512639813], [115.8271948007972, 40.38630034818582], [115.82719636328542, 40.38621027510244], [115.82707857027997, 40.38620908025326], [115.82708169554894, 40.38602893408972], [115.82684611018652, 40.38602654404661], [115.82684298429015, 40.38620669019502], [115.82672519130583, 40.386205494985965], [115.8267189388011, 40.386565787250184], [115.82683673241279, 40.38656698247437], [115.8268336064318, 40.38674712860528], [115.82671581250642, 40.38674593337354], [115.82671112301148, 40.387016152547645], [115.82682891740744, 40.38701734779074], [115.8268257913559, 40.38719749390708], [115.82706138079634, 40.38719988404853], [115.82705981807372, 40.38728995711208], [115.82729540785607, 40.38729234678124], [115.82729384544008, 40.38738241985088]], [[115.82211243916849, 40.387239663216896], [115.82223023375938, 40.38724086314975], [115.82223180291292, 40.38715079024157], [115.8225851862575, 40.38715438930902], [115.8225867549334, 40.38706431638796], [115.82282234355146, 40.38706671515888], [115.8228239119066, 40.386976642228795], [115.82305950023927, 40.38697904051228], [115.82305793219786, 40.38706911344996], [115.8234113152205, 40.38707270998689], [115.82340974764254, 40.38716278293449], [115.82364533667338, 40.38716518003357], [115.82364847119482, 40.38698503412174], [115.82376626540714, 40.38698623248376], [115.82377253373774, 40.38662594062742], [115.8236547401528, 40.386624742280574], [115.82365630737463, 40.386534669316646], [115.82353851395361, 40.38653347085363], [115.8235400813252, 40.38644339789202], [115.82342228806812, 40.386442199312846], [115.82342385558948, 40.38635212635358], [115.82330606249631, 40.386350927658235], [115.82330763016743, 40.38626085470132], [115.82307204431599, 40.38625845695836], [115.82307361229373, 40.38616838400756], [115.82295581953547, 40.386167184959945], [115.82295895578343, 40.38598703906156], [115.82272337091547, 40.38598464062165], [115.82272180248137, 40.38607471356398], [115.82260400990116, 40.386073514160294], [115.8225993040858, 40.386343732967156], [115.82248151104214, 40.38634253343213], [115.82247994226601, 40.38643260636103], [115.82236214907262, 40.38643140670226], [115.82236058013258, 40.38652147962591], [115.8221249934533, 40.3865190799409], [115.82212342419248, 40.3866091528555], [115.8220056307066, 40.386607952829266], [115.82200406128186, 40.3866980257386], [115.82188626764625, 40.38669682558861], [115.82188469805757, 40.38678689849271], [115.82176690427218, 40.38678569821896], [115.82176533451957, 40.386875771117786], [115.82188312846182, 40.38687697139534], [115.82187998924907, 40.38705711719622], [115.8221155777822, 40.38705951740664], [115.82211243916849, 40.387239663216896]], [[115.82495046997586, 40.38663791749827], [115.82506826363853, 40.386639114525586], [115.82506982897819, 40.386549041516176], [115.82554100307213, 40.38655382841074], [115.82554726185066, 40.386193536297895], [115.82566505476443, 40.3861947327065], [115.82566818379763, 40.38601458663377], [115.82578597640476, 40.38601578291485], [115.82579379808007, 40.385565417688575], [115.82567600625714, 40.38556422142642], [115.82567444177937, 40.385654294470804], [115.825438857841, 40.38565190157907], [115.82543729304248, 40.385741974614426], [115.82531950092704, 40.38574077798485], [115.82531793596463, 40.385830851014944], [115.82472897470922, 40.3858248660488], [115.82472584319477, 40.386005012066775], [115.8244902581147, 40.386002617225486], [115.82448399374631, 40.38636290921362], [115.8246017869102, 40.386364106709394], [115.82460022095725, 40.38645417970657], [115.82471801428504, 40.38645537708618], [115.8247164484819, 40.3865454500857], [115.8248342419736, 40.38654664734915], [115.8248358076199, 40.386456574345836], [115.82495360096182, 40.386457771485546], [115.82495046997586, 40.38663791749827]], [[115.82637650311128, 40.38593168945966], [115.82649429560391, 40.385932885017226], [115.82649585900498, 40.38584281195073], [115.82637806666918, 40.38584161639694], [115.82637650311128, 40.38593168945966]], [[115.82626027434044, 40.385840420723206], [115.82637806666918, 40.38584161639694], [115.82637963022005, 40.38575154333276], [115.82626183804814, 40.3857503476628], [115.82626027434044, 40.385840420723206]], [[115.82567757072786, 40.385474148380574], [115.82579536239396, 40.385475344638934], [115.82579692670078, 40.38538527158784], [115.82567913519152, 40.38538407533327], [115.82567757072786, 40.385474148380574]], [[115.74442311430133, 40.383539291042474], [115.74454089904677, 40.383540570014176], [115.74454424388982, 40.3833604292799], [115.74442645945798, 40.3833591503163], [115.74442311430133, 40.383539291042474]], [[115.82512774158081, 40.38321633914292], [115.82524552929088, 40.38321753590636], [115.82525022401313, 40.3829473166962], [115.82513243677353, 40.38294611994412], [115.82513556686666, 40.38276597380429], [115.82489999303588, 40.38276357995545], [115.82489529694466, 40.38303379914028], [115.82501308432695, 40.38303499613603], [115.82501151910593, 40.38312506919851], [115.8251293066521, 40.38312626607811], [115.82512774158081, 40.38321633914292]], [[115.7425246258528, 40.37793316920688], [115.7426424007494, 40.37793444996611], [115.74264407537181, 40.37784437957774], [115.74252630063197, 40.377843098822545], [115.7425246258528, 40.37793316920688]], [[115.8226932308511, 40.37418267464518], [115.82281100272728, 40.37418387366784], [115.82281257038429, 40.374093800536855], [115.82269479866486, 40.37409260151799], [115.8226932308511, 40.37418267464518]], [[115.82257859491592, 40.37400132925437], [115.82269636647152, 40.37400252838934], [115.82269793427115, 40.37391245525923], [115.82258016287226, 40.37391125612803], [115.82257859491592, 40.37400132925437]], [[115.74107193269415, 40.36737698772274], [115.74118968914902, 40.367378269685936], [115.74119136508115, 40.36728819918293], [115.74154463402101, 40.3672920443412], [115.74154798492256, 40.367111903306444], [115.7416657409376, 40.36711318477802], [115.7416674162204, 40.367023114254394], [115.741549660362, 40.36702183278687], [115.74155133579386, 40.366931762265835], [115.74131582441312, 40.366929198979314], [115.74131750015079, 40.36683912846492], [115.74108198911362, 40.36683656470704], [115.74108366515706, 40.36674649419931], [115.74002386727425, 40.366734951392296], [115.74002554472017, 40.36664488091962], [115.73943676916679, 40.36663846407422], [115.73943509093753, 40.36672853452659], [115.73919958045582, 40.366725966941274], [115.73919622334792, 40.366906107825365], [115.73907846780509, 40.366904823844784], [115.73907678908309, 40.36699489428057], [115.73919454478258, 40.36699617826521], [115.73919286620968, 40.36708624870359], [115.73942837794476, 40.367088816321406], [115.73942669967762, 40.36717888676645], [115.74001547993116, 40.3671853037337], [115.74001715741491, 40.36709523326835], [115.74060593707426, 40.36710164721872], [115.7406042603739, 40.36719171770437], [115.74095752873029, 40.36719556464842], [115.74095585249238, 40.367285635144775], [115.741073608783, 40.36728691722379], [115.74107193269415, 40.36737698772274]], [[115.8049415710229, 40.365532203263804], [115.80517708315436, 40.36553463691552], [115.80517867380516, 40.36544456422464], [115.80494316198703, 40.36544213058063], [115.8049415710229, 40.365532203263804]], [[115.75595899248931, 40.36483544029801], [115.75631225061733, 40.36483924015808], [115.75631390627059, 40.36474916909497], [115.75737367964801, 40.36476056216692], [115.75737533388387, 40.3646704910663], [115.75749308636202, 40.3646717563599], [115.75749143228283, 40.36476182746451], [115.75760918492512, 40.36476309264228], [115.75761083884765, 40.36467302153365], [115.75772859134074, 40.36467428658753], [115.75772693757487, 40.36476435770016], [115.75855120633192, 40.364773209749465], [115.75855285900118, 40.36468313860883], [115.75867061155394, 40.36468440270388], [115.7586772215298, 40.36432411811064], [115.75855946960365, 40.36432285403159], [115.75856112223565, 40.36423278288363], [115.75797236350017, 40.36422646071061], [115.75797071008493, 40.36431653183856], [115.75749970260418, 40.36431147192677], [115.75749804855484, 40.36440154303724], [115.75714479255265, 40.364397746832914], [115.7571431380259, 40.36448781792993], [115.75667212950088, 40.36448275463018], [115.75667047434, 40.364572825709686], [115.75596396083658, 40.3645652271404], [115.7559623047283, 40.36465529819441], [115.75584455234718, 40.36465403134268], [115.7558428960748, 40.36474410239121], [115.75596064861253, 40.36474536924694], [115.75595899248931, 40.36483544029801]], [[115.74962532565503, 40.36341579569568], [115.74974307560265, 40.363417068847276], [115.74974473991612, 40.363326997987265], [115.74962699012517, 40.36332572483969], [115.74962532565503, 40.36341579569568]], [[115.80135975046569, 40.36162129879827], [115.80183074692057, 40.36162617982117], [115.80183234180552, 40.361536107179376], [115.80195009078061, 40.36153732713162], [115.80195487492236, 40.36126710918583], [115.80183712641721, 40.36126588924516], [115.80183872127341, 40.36117581659751], [115.80172097293209, 40.361174596540856], [115.80172256793772, 40.36108452389561], [115.80148707158999, 40.361082083430496], [115.80148866690169, 40.360992010791506], [115.80137091889524, 40.360990790383056], [115.8013725143564, 40.36090071774646], [115.80078377521541, 40.36089461392579], [115.80078537145255, 40.36080454130706], [115.80007888566087, 40.360797212790544], [115.80007728848392, 40.36088728538607], [115.8001950362545, 40.36088850710897], [115.80019343922694, 40.36097857970691], [115.80031118716136, 40.360979801313825], [115.80030959028326, 40.36106987391417], [115.80054508648698, 40.3610723167762], [115.80054348991497, 40.36116238938281], [115.8008967347445, 40.36116605278861], [115.80089513863518, 40.361256125405376], [115.80101288708276, 40.36125734630481], [115.80101129112289, 40.361347418923955], [115.80124678835288, 40.361349860371035], [115.8012451926991, 40.36143993299645], [115.80136294148156, 40.36144115354408], [115.80135975046569, 40.36162129879827]], [[115.79422200795825, 40.359024598127476], [115.79445749651916, 40.359027053282475], [115.79445910106993, 40.35893698084379], [115.7949300776521, 40.35894188970019], [115.79493168156918, 40.35885181724451], [115.7948139375694, 40.35885059021405], [115.79481554163584, 40.35876051776078], [115.79352035983892, 40.358747012559256], [115.79352196562095, 40.35865694014729], [115.7932864784289, 40.35865448310602], [115.79328487233361, 40.358744555510214], [115.79340261608264, 40.35874578409465], [115.79340101013675, 40.358835856501294], [115.79363649796977, 40.35883831331844], [115.79363489232985, 40.35892838573138], [115.79422361282228, 40.35893452569657], [115.79422200795825, 40.359024598127476]], [[115.79540105435007, 40.35894679663922], [115.79551879854264, 40.35894802307439], [115.7955204016766, 40.358857950599294], [115.79540265764064, 40.358856724168014], [115.79540105435007, 40.35894679663922]], [[115.79669624086601, 40.35896028083506], [115.79704947370394, 40.35896395582645], [115.7970510748018, 40.35887388330093], [115.79752205139368, 40.35887878159623], [115.79752525231478, 40.35869863650981], [115.79728976463088, 40.358696187617326], [115.79729136539382, 40.35860611507967], [115.79682039073917, 40.35860121587219], [115.79681718795308, 40.358781360915025], [115.79669944399424, 40.358780135805816], [115.79669624086601, 40.35896028083506]], [[115.79575588977018, 40.358860403102355], [115.79587363382782, 40.35886162917413], [115.79587523648468, 40.35877155668594], [115.79575749258366, 40.35877033061804], [115.79575588977018, 40.358860403102355]], [[115.79175420425592, 40.35872857300752], [115.79222517891853, 40.35873349285768], [115.79223160889447, 40.35837320337218], [115.7921138658444, 40.35837197360496], [115.79211547347687, 40.35828190123381], [115.79187998771174, 40.358279441347655], [115.7918815956502, 40.358189368982856], [115.7916461102273, 40.35818690862516], [115.79164771847172, 40.358096836266675], [115.7914122333911, 40.35809437543744], [115.79141384194152, 40.35800430308527], [115.79117835720314, 40.35800184178449], [115.79117996605949, 40.35791176943867], [115.79023802864931, 40.357901919473456], [115.79023480842348, 40.358082064101296], [115.79035255088758, 40.35808329577416], [115.79035094092038, 40.35817336808978], [115.79058642618357, 40.358175831083784], [115.79058481652234, 40.35826590340576], [115.79070255932146, 40.35826713472691], [115.79070094980959, 40.35835720705131], [115.79081869277258, 40.35835843825654], [115.79081708341005, 40.35844851058337], [115.79128805596105, 40.3584534342215], [115.79128644721776, 40.35854350656245], [115.79152193385002, 40.35854596767032], [115.7915203254127, 40.35863604001759], [115.79175581238727, 40.3586385006539], [115.79175420425592, 40.35872857300752]], [[115.78543647022093, 40.356410163360984], [115.78555420956769, 40.356411399876485], [115.78555582581751, 40.35632132769323], [115.78567356501497, 40.356322564085005], [115.78568002931499, 40.355962275321765], [115.7855622907439, 40.35596103894566], [115.7855639069573, 40.355870966755106], [115.7854461685501, 40.35586973026308], [115.78544940126817, 40.35568958588543], [115.78533166318147, 40.35568834928142], [115.78533327968614, 40.35559827709431], [115.78521554176335, 40.3555970403744], [115.78521715841734, 40.355506968189744], [115.78498168290677, 40.35550449439827], [115.78498329986665, 40.35541442221998], [115.78474782469846, 40.35541194795706], [115.78474944196422, 40.355321875785144], [115.78439622973646, 40.35531816350386], [115.7843946120009, 40.35540823566403], [115.78427687444966, 40.35540699799336], [115.78427363864347, 40.35558714230149], [115.78439137650791, 40.35558837997997], [115.78438975875048, 40.35567845213575], [115.78427202072945, 40.35567721445335], [115.7842704028081, 40.35576728660375], [115.78438814098574, 40.35576852429007], [115.7843865232137, 40.355858596442914], [115.78450426155523, 40.35585983401333], [115.7845026439325, 40.35594990616866], [115.78462038243791, 40.35595114362317], [115.78461876496448, 40.35604121578094], [115.78473650363378, 40.35604245311955], [115.78473488630966, 40.35613252527976], [115.78485262514286, 40.35613376250246], [115.78485424231042, 40.356043690338325], [115.7850897196855, 40.35604616441642], [115.78508810283117, 40.356136236588384], [115.78532358054863, 40.356138710195026], [115.78532034744447, 40.35631885455023], [115.78543808662734, 40.35632009118166], [115.78543647022093, 40.356410163360984]], [[115.71868968733297, 40.35514934527154], [115.71880742149234, 40.355150649699056], [115.71880912648216, 40.35506057978685], [115.71869139247934, 40.35505927536347], [115.71868968733297, 40.35514934527154]], [[115.71845592449684, 40.3550566661573], [115.71869139247934, 40.35505927536347], [115.71869309761807, 40.35496920545395], [115.71857536377952, 40.35496790091489], [115.7185770690671, 40.35487783100801], [115.71834160172627, 40.35487522157873], [115.7183433073193, 40.354785151678655], [115.71822557381701, 40.354783846788436], [115.71822727955892, 40.35469377689101], [115.71810954622086, 40.35469247188511], [115.71810442850236, 40.35496268156057], [115.71845762994869, 40.35496659625603], [115.71845592449684, 40.3550566661573]], [[115.7840381629365, 40.355584666585045], [115.78415590078633, 40.35558590450317], [115.78416075495441, 40.355315688050574], [115.78427849234177, 40.35531692583713], [115.78428011022663, 40.35522685367942], [115.78404463577236, 40.35522437799434], [115.78404625396308, 40.35513430584301], [115.78416399102997, 40.35513554374154], [115.78416560905679, 40.35504547158483], [115.78404787214652, 40.35504423369021], [115.78405272665294, 40.35477401722306], [115.78393499021973, 40.35477277922038], [115.78393822683402, 40.35459263490948], [115.78370275461582, 40.35459015856035], [115.7837043732252, 40.35450008641053], [115.7833511654224, 40.35449637099997], [115.78334954634325, 40.35458644313802], [115.78323181026701, 40.35458520442428], [115.78322695251603, 40.354855420817884], [115.78334468906205, 40.35485665954338], [115.78334306995369, 40.354946731675575], [115.7834608066636, 40.35494797028519], [115.78345918770452, 40.35503804241985], [115.78357692457831, 40.35503928091356], [115.78357530576854, 40.35512935305068], [115.78369304280622, 40.355130591428484], [115.78369142414573, 40.355220663568055], [115.78380916134729, 40.35522190182997], [115.7838075428361, 40.355311973972], [115.78392528020157, 40.35531321211801], [115.78392204347045, 40.35549335640553], [115.78403978115641, 40.35549459443956], [115.7840381629365, 40.355584666585045]], [[115.77834867737968, 40.351110334399536], [115.77846640719885, 40.35111157799595], [115.77846803257587, 40.35102150596735], [115.77835030291327, 40.351020262374874], [115.77834867737968, 40.351110334399536]], [[115.73158224406271, 40.3458321362424], [115.73205311830478, 40.34583729975911], [115.73205480511547, 40.34574722923712], [115.7324079604074, 40.34575110060479], [115.73240964674095, 40.34566103006906], [115.73276280163182, 40.34566490034654], [115.73276448748827, 40.34557482979711], [115.73311764197808, 40.3455786989844], [115.73311932735739, 40.34548862842125], [115.73453194412268, 40.34550409434204], [115.73453362761634, 40.34541402372847], [115.73476906353726, 40.345416599696975], [115.73477074671035, 40.3453265290738], [115.73488846452568, 40.345327816874324], [115.73489014753468, 40.345237746245616], [115.73524330055673, 40.345241608916346], [115.73524498308863, 40.345151538273925], [115.73536270062135, 40.34515282558722], [115.73536774770203, 40.344882613638966], [115.73489687949478, 40.34487746371607], [115.73489519651613, 40.34496753435065], [115.73465976214507, 40.34496495866244], [115.73465807884585, 40.3450550292874], [115.73406949226856, 40.34504858795053], [115.73407117635027, 40.34495851734595], [115.73301172239832, 40.34494691543086], [115.73301340788093, 40.344856844861546], [115.73289569096966, 40.344855555165104], [115.73289400533055, 40.34494562573034], [115.73230542010579, 40.34493917543123], [115.73230710652737, 40.34484910488639], [115.73195395595329, 40.344845233281966], [115.73195564283674, 40.34475516274794], [115.73066075970596, 40.34474095768784], [115.730659071101, 40.3448310281769], [115.7304236375905, 40.34482844387355], [115.73042194866497, 40.34491851435297], [115.73030423176463, 40.34491722201756], [115.73030254267499, 40.345007292491424], [115.73018482562578, 40.34500600003214], [115.73018313637202, 40.345096070500446], [115.73006541917393, 40.34509477791731], [115.73006372975603, 40.34518484838008], [115.72982829506974, 40.345182262846315], [115.72982660533124, 40.34527233329942], [115.729708887843, 40.34527104034879], [115.72970381811223, 40.34554125168703], [115.7299392540353, 40.34554383749306], [115.72994094364016, 40.345453767040276], [115.73076496851539, 40.34546281356001], [115.730763280006, 40.345552884041446], [115.73111643410773, 40.345556759337036], [115.73111474606024, 40.34564682982928], [115.73135018247916, 40.345649412769], [115.73134849473705, 40.345739483267934], [115.7315839314994, 40.345742065736765], [115.73158224406271, 40.3458321362424]], [[115.73019496098841, 40.34446557719149], [115.73031267709865, 40.344466869626224], [115.73031436614261, 40.34437679914357], [115.73019665018887, 40.34437550671292], [115.73019496098841, 40.34446557719149]], [[115.71573473027114, 40.343314924612514], [115.7158524437175, 40.34331623173278], [115.71585415192507, 40.343226161739985], [115.71573643863516, 40.34322485462385], [115.71573473027114, 40.343314924612514]], [[115.76165178852234, 40.34336525908993], [115.76176950413783, 40.34336651948251], [115.76177115127784, 40.34327644789776], [115.76165343581883, 40.34327518750917], [115.76165178852234, 40.34336525908993]], [[115.76485475803644, 40.342048172172674], [115.76532561195509, 40.3420531998509], [115.76532889661584, 40.34187305639704], [115.76544660980106, 40.34187431300924], [115.76545153626722, 40.34160409780553], [115.76533382355143, 40.34160284120526], [115.76533546584847, 40.34151276947173], [115.7651000407521, 40.34151025591988], [115.76510332594988, 40.34133011246438], [115.76498561372576, 40.341328855516764], [115.76498397097409, 40.34141892724127], [115.76474854623515, 40.34141641297882], [115.76474690316311, 40.3415064846939], [115.76462919064828, 40.341505227379066], [115.76462261766014, 40.34186551420888], [115.76474033080088, 40.34186677153963], [115.7647386876918, 40.3419568432474], [115.76485640099646, 40.341958100462385], [115.76485475803644, 40.342048172172674]], [[115.6583842964419, 40.33797922717667], [115.65850199790879, 40.337980592511855], [115.65850378205566, 40.33789052450652], [115.65838608074522, 40.33788915917567], [115.6583842964419, 40.33797922717667]], [[115.65510833371049, 40.336950202422834], [115.65522603323116, 40.336951571062734], [115.65522782166919, 40.33686150316235], [115.65511012230493, 40.33686013452678], [115.65510833371049, 40.336950202422834]], [[115.65675791413807, 40.336879284529935], [115.65687561361517, 40.33688065148938], [115.65687739985533, 40.33679058352691], [115.65675970053464, 40.33678921657178], [115.65675791413807, 40.336879284529935]], [[115.65476418043468, 40.3364957563548], [115.65499957787152, 40.33649849418989], [115.65500315528448, 40.33631835839025], [115.65488545687487, 40.336316989541245], [115.654883668016, 40.33640705743746], [115.65476596945803, 40.336405688464396], [115.65476418043468, 40.3364957563548]], [[115.65853411132159, 40.3363593681906], [115.65865180998098, 40.33636073332827], [115.6586535938266, 40.33627066529211], [115.65853589532361, 40.336269300158754], [115.65853411132159, 40.3363593681906]], [[115.65391567458454, 40.33180126977425], [115.65415105562727, 40.33180400907395], [115.65415463470329, 40.33162387319049], [115.65427232492402, 40.33162524265211], [115.65427411429353, 40.33153517470384], [115.65415642422919, 40.33153380524654], [115.654158213747, 40.33144373730113], [115.65404052384707, 40.331442367728464], [115.65404231351322, 40.33135229978592], [115.65357155461979, 40.331346820315616], [115.65356976432818, 40.33143688824083], [115.65380514407148, 40.33143962822404], [115.65380335408454, 40.33152969615645], [115.65368566405249, 40.33152832622036], [115.6536838739011, 40.33161839414695], [115.65380156408953, 40.331619764087385], [115.65379977408644, 40.33170983201685], [115.65391746443933, 40.33171120184191], [115.65391567458454, 40.33180126977425]], [[115.65509615669502, 40.331634825531914], [115.65533153727364, 40.33163756242026], [115.65533511318986, 40.33145742644424], [115.65545280317853, 40.331458794700204], [115.65545637874976, 40.33127865870963], [115.65522099940601, 40.33127592209533], [115.65522278749228, 40.3311858541065], [115.65498740849353, 40.33118311702207], [115.65498562009452, 40.33127318500224], [115.65510330974624, 40.33127455360863], [115.65509615669502, 40.331634825531914]], [[115.65321848553452, 40.331342709456045], [115.65333617522154, 40.331344079862276], [115.65333796581781, 40.33125401194426], [115.65345565535652, 40.33125538222645], [115.65345923621213, 40.33107524637734], [115.65334154698613, 40.33107387610384], [115.65335049976562, 40.330623536476985], [115.65346818820976, 40.3306249067288], [115.65347176895229, 40.33044477085907], [115.65323639269754, 40.33044203025308], [115.65323818336942, 40.33035196232469], [115.65312049541053, 40.33035059184649], [115.6531222862307, 40.33026052392095], [115.65300459843625, 40.3302591533274], [115.6530028074597, 40.33034922124859], [115.65288511951697, 40.330347850531005], [115.65287795490461, 40.330708122183694], [115.65299564347282, 40.330709492918636], [115.65298668830744, 40.33115983247306], [115.65310437766554, 40.33116120311], [115.65310258676462, 40.3312512710208], [115.65322027628717, 40.331252641542385], [115.65321848553452, 40.331342709456045]], [[115.65345386491663, 40.3313454501488], [115.65357155461979, 40.331346820315616], [115.65357334490334, 40.33125675238894], [115.65345565535652, 40.33125538222645], [115.65345386491663, 40.3313454501488]], [[115.65486971900627, 40.3311817483003], [115.65498740849353, 40.33118311702207], [115.65498919688447, 40.33109304904042], [115.65487150755355, 40.331091680323], [115.65486971900627, 40.3311817483003]], [[115.65251772263045, 40.33106428083772], [115.65263541179986, 40.33106565194912], [115.65263720331014, 40.33097558405273], [115.65251951429708, 40.33097421294567], [115.65251772263045, 40.33106428083772]], [[115.65181338038843, 40.330965983789696], [115.651931069353, 40.33096735561494], [115.65193286179338, 40.330877287743114], [115.65181517298518, 40.33087591592222], [115.65181338038843, 40.330965983789696]], [[115.65241436782681, 40.33034236646369], [115.65253205573723, 40.33034373766006], [115.6525338473392, 40.330253669756225], [115.65241615958516, 40.33025229856418], [115.65241436782681, 40.33034236646369]], [[115.65229847183919, 40.33025092725247], [115.65241615958516, 40.33025229856418], [115.65241795133542, 40.33016223066322], [115.65230026374581, 40.330160859355836], [115.65229847183919, 40.33025092725247]], [[115.65276922287158, 40.3302564117812], [115.65288691064987, 40.33025778261414], [115.65288870177469, 40.330167714695826], [115.65277101415275, 40.33016634386721], [115.65276922287158, 40.3302564117812]], [[115.65218257616428, 40.33015948792875], [115.65230026374581, 40.330160859355836], [115.65230205564437, 40.33007079145775], [115.6521843682192, 40.33006942003501], [115.65218257616428, 40.33015948792875]], [[115.65230205564437, 40.33007079145775], [115.6524197430776, 40.330072162760786], [115.65242153481171, 40.329982094856874], [115.65230384753482, 40.32998072355817], [115.65230205564437, 40.33007079145775]], [[115.65266944911315, 40.32935436166578], [115.65278713531978, 40.329355732575024], [115.65278892652017, 40.329265664646314], [115.65267124046991, 40.3292642937414], [115.65266944911315, 40.32935436166578]], [[115.64671064500433, 40.32712266131667], [115.64682832704568, 40.327124038225506], [115.64683012602542, 40.32703397048322], [115.64671244414038, 40.327032593578735], [115.64671064500433, 40.32712266131667]], [[115.64637379508228, 40.3263079202954], [115.6464914756923, 40.326309297524034], [115.64649507443558, 40.326129162037624], [115.64673043505465, 40.326131916118435], [115.64673223410145, 40.32604184836429], [115.6475559954295, 40.32605148384684], [115.64755419747704, 40.32614155163147], [115.64802491903966, 40.32614705500605], [115.64802312170436, 40.32623712280663], [115.64849384402201, 40.326242624283786], [115.64849204730393, 40.326332692100316], [115.64908045116498, 40.3263395662758], [115.64908763486203, 40.32597929491381], [115.64896995469896, 40.32597792033548], [115.6489717507593, 40.325887852495654], [115.64885407076063, 40.325886477801994], [115.64885586696921, 40.32579640996505], [115.64873818713497, 40.32579503515606], [115.64873998349177, 40.325704967322004], [115.64850462416027, 40.32570221735371], [115.6485064208216, 40.32561214952686], [115.64827106183516, 40.32560939908858], [115.64827285880105, 40.32551933126898], [115.64803750015969, 40.325516580360706], [115.64803929743012, 40.32542651254834], [115.64768625999781, 40.32542238530145], [115.64768805772913, 40.32533231750067], [115.64757037875756, 40.32533094151671], [115.64756858086996, 40.32542100931313], [115.64674482720184, 40.32541137404409], [115.64674662618376, 40.32532130627816], [115.64651126837855, 40.32531855227582], [115.64651306766494, 40.32522848451714], [115.64639538893083, 40.325227107340815], [115.64639718836546, 40.32513703958502], [115.64627950979576, 40.325135662293384], [115.64628130937862, 40.32504559454046], [115.64592827418724, 40.3250414619606], [115.64592467407553, 40.325221597438784], [115.645806995382, 40.3252202196641], [115.64579979443589, 40.32558049058532], [115.64627051175987, 40.32558600103581], [115.64626871212833, 40.325676068779885], [115.64638639163596, 40.32567744609768], [115.64637379508228, 40.3263079202954]], [[115.60895059441148, 40.32018829462459], [115.60942126701595, 40.32019395439518], [115.60942311526465, 40.3201038879561], [115.60965845130433, 40.32010671711457], [115.60966029923215, 40.32001665066506], [115.60977796710823, 40.32001806506035], [115.60978535811101, 40.31965779922965], [115.60943235638304, 40.31965355573859], [115.60943050817602, 40.31974362218504], [115.60931284079376, 40.31974220744426], [115.60931099242215, 40.319832273884764], [115.60919332489196, 40.31983085901985], [115.60919147635572, 40.3199209254544], [115.60907380867759, 40.31991951046537], [115.60907195997677, 40.320009576893945], [115.60895429215071, 40.3200081617808], [115.60895059441148, 40.32018829462459]], [[115.61572951202065, 40.31099048229559], [115.61584716453248, 40.31099189025837], [115.61585084274756, 40.310811756600984], [115.61561553835696, 40.31080894057364], [115.61561369894117, 40.31089900739414], [115.61573135128852, 40.31090041547209], [115.61572951202065, 40.31099048229559]], [[115.61122225849219, 40.30697254448364], [115.61133990380786, 40.306973956914355], [115.61134174864532, 40.30688389019554], [115.6112241034858, 40.30688247776929], [115.61122225849219, 40.30697254448364]], [[115.61134728310773, 40.3066136900302], [115.61146492780703, 40.30661510232344], [115.61146677245503, 40.306525035594255], [115.61134912791188, 40.30652362330547], [115.61134728310773, 40.3066136900302]], [[115.61229212803647, 40.30644485150519], [115.61240977248998, 40.30644626283277], [115.61241161587202, 40.306356196064876], [115.61252926017768, 40.30635760726841], [115.61253294660449, 40.30617747371923], [115.61265059060614, 40.30617888479424], [115.61265427668737, 40.30599875123023], [115.61253663299804, 40.30599734016415], [115.61253478980542, 40.30608740694242], [115.61241714596825, 40.306085995752284], [115.61241530261114, 40.306176062524614], [115.61229765862615, 40.306174651210426], [115.61229581510456, 40.30626471797683], [115.6121781709717, 40.30626330653859], [115.61217632728565, 40.30635337329904], [115.61229397157467, 40.30635478474175], [115.61229212803647, 40.30644485150519]], [[115.59537940337637, 40.30488937994801], [115.59549704428316, 40.30489080842818], [115.59549891002641, 40.30480074228538], [115.59538126927578, 40.304799313809724], [115.59537940337637, 40.30488937994801]], [[115.59550637291531, 40.30444047769937], [115.59562401304974, 40.304441906037376], [115.59563147517946, 40.304081641409624], [115.59527855667507, 40.30407735609119], [115.59527482469016, 40.30425748838088], [115.59539246449552, 40.30425891694898], [115.5953905986466, 40.304348983096126], [115.59550823861649, 40.30435041154919], [115.59550637291531, 40.30444047769937]], [[115.61362857724956, 40.30438883246877], [115.61398150013429, 40.30439306183841], [115.61398334129518, 40.304302994978485], [115.61421862294753, 40.30430581395143], [115.61422046378785, 40.30421574708111], [115.61410282311365, 40.304214337658884], [115.61410650508166, 40.30403420392276], [115.6134006630847, 40.30402574493185], [115.61340250499313, 40.303935678088344], [115.61328486484551, 40.303934267842465], [115.61327749653738, 40.30429453518977], [115.61363041887891, 40.304298765622235], [115.61362857724956, 40.30438883246877]], [[115.59669209525293, 40.30400442470656], [115.59680973469077, 40.3040058518262], [115.59681159863231, 40.303915785618884], [115.5969292379224, 40.30391721261442], [115.5969348292282, 40.30364701397008], [115.5970524680583, 40.3036484408325], [115.5970561952412, 40.30346830838651], [115.59693855672342, 40.30346688153313], [115.59694042045838, 40.30337681531243], [115.59682278210515, 40.303375388344016], [115.59682091821401, 40.30346545456018], [115.59670327971304, 40.303464027467655], [115.59670700779914, 40.30328389504287], [115.59647173144697, 40.30328104051716], [115.59646986709583, 40.30337110672127], [115.5963522287762, 40.303369679274546], [115.59634663520393, 40.30363987786441], [115.59646427399198, 40.303641305324696], [115.59646240960721, 40.303731371522886], [115.59658004855982, 40.30373279886812], [115.59657818432278, 40.30382286506934], [115.59669582343993, 40.30382429229951], [115.59669209525293, 40.30400442470656]], [[115.59517771211115, 40.30326533207645], [115.59529535019053, 40.30326676071438], [115.59529721609461, 40.303176694554004], [115.59541485402627, 40.30317812306784], [115.59541671976581, 40.30308805690146], [115.59553435754975, 40.3030894852912], [115.59553622312474, 40.302999419118834], [115.59565386076095, 40.303000847384475], [115.59565759157344, 40.30282071502625], [115.5961281409533, 40.30282642685696], [115.59613187048306, 40.30264629445666], [115.59601423343776, 40.30264486668737], [115.59601609834617, 40.30255480048953], [115.59578082459302, 40.30255194460129], [115.59577895937234, 40.30264201079011], [115.59566132235224, 40.30264058266212], [115.59565945696706, 40.30273064884492], [115.59542418263985, 40.30272779222119], [115.59542231693395, 40.30281785839348], [115.59530467962685, 40.30281642989774], [115.5953028137564, 40.302906496064026], [115.59518517630156, 40.302905067444186], [115.59518331026659, 40.30299513360446], [115.59506567266405, 40.30299370486054], [115.59506194025657, 40.30317383716762], [115.59517957817138, 40.3031752659206], [115.59517771211115, 40.30326533207645]], [[115.59694414790316, 40.30319668286663], [115.59706178595253, 40.30319810970644], [115.59706364950615, 40.3031080434768], [115.59729892531787, 40.3031108967887], [115.59730078855083, 40.30302083054854], [115.59706551305139, 40.30301797724567], [115.59706737658823, 40.30292791101308], [115.59694973900726, 40.302926484186806], [115.59695160269182, 40.302836417957245], [115.59671632786736, 40.302833563955005], [115.5967200558358, 40.30265343150952], [115.59648478166947, 40.30265057704709], [115.59648664595336, 40.30256051083116], [115.59625137213294, 40.30255765589948], [115.5962495075368, 40.30264772210637], [115.59636714459893, 40.30264914963651], [115.59636528015052, 40.30273921584644], [115.59660055461228, 40.30274207055705], [115.59659869046773, 40.30283213677455], [115.5964810530765, 40.3028307094745], [115.59647918876743, 40.302920775686], [115.59659682631475, 40.30292220299055], [115.59659496215339, 40.30301226920508], [115.59683023758559, 40.303015123464526], [115.59682837372809, 40.303105189686605], [115.59694601161291, 40.30310661664149], [115.59694414790316, 40.30319668286663]], [[115.59613373523536, 40.30255622825429], [115.59625137213294, 40.30255765589948], [115.59625323672067, 40.30246758969112], [115.59613559997919, 40.30246616205045], [115.59613373523536, 40.30255622825429]], [[115.59660801110645, 40.302381805672326], [115.59696092098856, 40.30238608678725], [115.59696278462269, 40.302296020548816], [115.59731569411204, 40.30230030057408], [115.59731383094629, 40.302390366826074], [115.59849019801813, 40.30240462585015], [115.59849205962257, 40.30231455955302], [115.59884496943947, 40.302318834915134], [115.59884869168638, 40.302138702289376], [115.59861341909125, 40.30213585218559], [115.59861714192914, 40.30195571957198], [115.59849950595641, 40.30195429434976], [115.59850136751888, 40.301864228045254], [115.59826609591087, 40.30186137725113], [115.5982679577772, 40.301771310954166], [115.59803268651503, 40.30176845969081], [115.59803082433645, 40.30185852597876], [115.59779555279562, 40.30185567422811], [115.59779369029638, 40.30194574050554], [115.59744078257974, 40.30194146196927], [115.59743891960373, 40.30203152823167], [115.5972036475224, 40.3020286752673], [115.59720178422575, 40.302118741519195], [115.59696651186574, 40.302115888067526], [115.59696837547466, 40.302025821824664], [115.59673310346056, 40.302022967903746], [115.59673496737334, 40.301932901668444], [115.596617331535, 40.30193147453315], [115.59661919559551, 40.30184140830089], [115.5965015599217, 40.30183998105055], [115.59650528832974, 40.30165984859061], [115.5963876529766, 40.30165842122974], [115.59638951732414, 40.30156835500208], [115.59615424695534, 40.30156549993069], [115.5961561116067, 40.301475433710586], [115.5956855715945, 40.301469722151126], [115.59568370631864, 40.30155978835314], [115.59509553071207, 40.301552646190984], [115.59509366464718, 40.301642712368924], [115.59521129990779, 40.301644141045], [115.5952094339906, 40.301734207225984], [115.59509179857386, 40.301732778545386], [115.59508620030347, 40.30200297706588], [115.59520383618859, 40.302004405760044], [115.59520197023774, 40.30209447193511], [115.59579015057018, 40.302101613635095], [115.59578828539158, 40.30219167983129], [115.59602355789566, 40.302194535683356], [115.59602542276201, 40.30210446947812], [115.59614305887057, 40.30210589722028], [115.59614119416034, 40.302195963430044], [115.5963764667149, 40.3021988185647], [115.59637460230853, 40.302288884782016], [115.59660987520897, 40.30229173944743], [115.59660801110645, 40.302381805672326]], [[115.59331792613075, 40.302161664509114], [115.59343556220182, 40.302163095005845], [115.593437430503, 40.30207302890014], [115.59331979458806, 40.30207159840793], [115.59331792613075, 40.302161664509114]], [[115.59355319828134, 40.302164525383], [115.59367083436925, 40.3021659556406], [115.59367270235815, 40.30207588952584], [115.59355506642636, 40.302074459272774], [115.59355319828134, 40.302164525383]], [[115.59497789561598, 40.30155121739986], [115.59509553071207, 40.301552646190984], [115.59510299488745, 40.30119238146447], [115.5948677259527, 40.30118952379885], [115.59486585960924, 40.30127958997363], [115.59474822499834, 40.30127816095696], [115.59474449197391, 40.30145829329308], [115.59497976182857, 40.301461151224984], [115.59497789561598, 40.30155121739986]], [[115.59397893971942, 40.29865623587284], [115.59409656974415, 40.298657665595194], [115.59409843693629, 40.29856759940919], [115.59398080706765, 40.298566169691355], [115.59397893971942, 40.29865623587284]], [[115.59386317720742, 40.29856473985399], [115.59398080706765, 40.298566169691355], [115.59398267440744, 40.298476103508406], [115.59386504470334, 40.29847467367556], [115.59386317720742, 40.29856473985399]], [[115.59023725094114, 40.29752962909918], [115.59035487882294, 40.29753106259275], [115.59035675090892, 40.29744099653404], [115.59023912318322, 40.29743956304502], [115.59023725094114, 40.29752962909918]], [[115.59059013461187, 40.297533929221224], [115.59082539043456, 40.29753679537151], [115.59082726189618, 40.29744672929465], [115.59059200638568, 40.29744386315343], [115.59059013461187, 40.297533929221224]], [[115.59035675090892, 40.29744099653404], [115.59047437864308, 40.29744242990351], [115.59047625056454, 40.29735236383878], [115.5903586229865, 40.29735093047384], [115.59035675090892, 40.29744099653404]], [[115.58240891451992, 40.29491147116583], [115.58252653746433, 40.2949129125412], [115.58252841977058, 40.294822846745966], [115.58241079698224, 40.29482140537515], [115.58240891451992, 40.29491147116583]], [[115.58264416041723, 40.29491435379705], [115.58287940634848, 40.294917235950116], [115.58288128818656, 40.29482717014119], [115.58276366537275, 40.29482572912899], [115.58276742933556, 40.294645597515824], [115.58253218435767, 40.29464271515105], [115.58253030206836, 40.29473278094925], [115.58264792470915, 40.29473422219596], [115.58264416041723, 40.29491435379705]], [[115.58280883068609, 40.292664149380435], [115.58292644975448, 40.29266559028316], [115.58293021299788, 40.29248545858986], [115.58281259424156, 40.29248401769627], [115.58280883068609, 40.292664149380435]], [[115.58822119120663, 40.292640241145534], [115.58833881050855, 40.29264167654552], [115.58834068494768, 40.2925516104887], [115.58822306580181, 40.29255017509327], [115.58822119120663, 40.292640241145534]], [[115.58257735675444, 40.2924811355505], [115.58269497549375, 40.29248257668315], [115.58269873932741, 40.29230244500217], [115.58258112090017, 40.29230100387865], [115.58257735675444, 40.2924811355505]], [[115.58810544666443, 40.2925487395783], [115.58822306580181, 40.29255017509327], [115.58822494038856, 40.2924601090395], [115.5881073214072, 40.29245867352908], [115.58810544666443, 40.2925487395783]], [[115.58270438501422, 40.29203224746961], [115.58293962095786, 40.292035129330706], [115.58294150252439, 40.291945063474444], [115.58270626689286, 40.29194218162248], [115.58270438501422, 40.29203224746961]], [[115.58200244300836, 40.291843467376786], [115.5821200606129, 40.291844909075095], [115.58212194325479, 40.291754843247816], [115.5822395607118, 40.29175628482205], [115.58224144318915, 40.291666218988716], [115.58235906049858, 40.29166766043886], [115.58236470741159, 40.291397462916294], [115.58212947373742, 40.291394579923875], [115.58212759112949, 40.29148464575708], [115.5820099741491, 40.29148320407702], [115.58200244300836, 40.291843467376786]], [[115.58223767822597, 40.291846350653884], [115.58235529584749, 40.29184779211315], [115.58235717817729, 40.29175772627674], [115.5822395607118, 40.29175628482205], [115.58223767822597, 40.291846350653884]], [[115.58285022792975, 40.290682700529], [115.5829678435652, 40.290684141331354], [115.5829716064353, 40.29050400957295], [115.5828539911119, 40.29050256877972], [115.58285022792975, 40.290682700529]], [[115.58757923889922, 40.2895693805556], [115.58781446679934, 40.28957225236119], [115.58781634173127, 40.28948218627681], [115.58793395553796, 40.289483621995785], [115.58793957981491, 40.28921342372012], [115.58805719316202, 40.28921485930596], [115.58805906774808, 40.28912479320656], [115.587941454557, 40.28912335762528], [115.58794332929064, 40.289033291528945], [115.58806094232565, 40.28903472710568], [115.5880778131437, 40.28822413213128], [115.58796020151286, 40.28822269659545], [115.58796207616194, 40.288132630484334], [115.58784446469556, 40.28813119483354], [115.58784258989043, 40.2882212609401], [115.5877249782765, 40.28821982516524], [115.58772310330693, 40.2883098912658], [115.58760549154539, 40.288308455366895], [115.58760174126884, 40.28848858755445], [115.58748412920373, 40.28848715152694], [115.58748225389677, 40.28857721761397], [115.5873646416841, 40.28857578146239], [115.58736276621264, 40.28866584754339], [115.58748037858132, 40.2886672836995], [115.58747850325743, 40.28875734978356], [115.58736089073274, 40.2887559136229], [115.58735901524435, 40.288845979700945], [115.58747662792508, 40.288847415866144], [115.58747475258427, 40.28893748194724], [115.58712191409941, 40.28893317307945], [115.58711816245628, 40.28911330520993], [115.58723577558817, 40.2891147416278], [115.58723202422327, 40.289294873761456], [115.58734963767566, 40.28929631006891], [115.58734588658895, 40.28947644220575], [115.5875811141432, 40.289479314480296], [115.58757923889922, 40.2895693805556]], [[115.59068547357676, 40.247625651903164], [115.59092055653197, 40.24762851493951], [115.59092242457054, 40.247538448079865], [115.59127504859937, 40.24754274172575], [115.59127691616243, 40.24745267485104], [115.59139445736653, 40.24745410582313], [115.59139632476546, 40.2473640389424], [115.59151386582226, 40.24736546979063], [115.5915157330571, 40.24727540290389], [115.59163327396662, 40.24727683362824], [115.59163514103733, 40.24718676673549], [115.5914000595381, 40.24718390517651], [115.59140192691177, 40.24709383829135], [115.59081422408951, 40.247086682328174], [115.59081235593735, 40.247176749190665], [115.5903421932083, 40.24717102225396], [115.59033658683289, 40.24744122277818], [115.5904541279696, 40.24744265470497], [115.59045225931665, 40.247532721547955], [115.59068734192674, 40.24753558505258], [115.59068547357676, 40.247625651903164]], [[115.604681204824, 40.24166916889164], [115.60479873669992, 40.24167058608226], [115.60480058595425, 40.24158051859441], [115.604683054234, 40.24157910140828], [115.604681204824, 40.24166916889164]]]}}, {"type": "Feature", "properties": {"year": 2024, "water_area_km2": 0.0328}, "geometry": {"type": "Polygon", "coordinates": [[[115.48215822102833, 40.20066774390612], [115.48216022988592, 40.20057768069147], [115.48204277540509, 40.200576140258484], [115.48204679340373, 40.20039601383445], [115.48169443094737, 40.20039139185008], [115.48170045927515, 40.20012120224678], [115.48158300560705, 40.20011966136172], [115.48158501518684, 40.20002959816254], [115.4818199222215, 40.20003267980376], [115.48182193148163, 40.19994261659332], [115.48170447811506, 40.19994107583715], [115.48170849691877, 40.199760949421545], [115.48182594997472, 40.19976249016796], [115.4818299684316, 40.19958236373665], [115.48171251568625, 40.199580823], [115.48171653441749, 40.19940069657248], [115.48159908199177, 40.19939915572647], [115.48160109149913, 40.199309092515364], [115.48136618698544, 40.19930601047576], [115.48136819679434, 40.19921594727292], [115.48125074470637, 40.19921440607932], [115.48125677454452, 40.198944216476534], [115.48184403274547, 40.19895192118015], [115.48184604189696, 40.19886185795183], [115.48208094493012, 40.19886493898972], [115.48208295376197, 40.198774875750146], [115.48231785652078, 40.19877795630181], [115.48231986503296, 40.198687893051], [115.48267221877317, 40.198692512970496], [115.48267021072685, 40.19878257623594], [115.48349237085775, 40.19879335191325], [115.4834903638894, 40.19888341521135], [115.48384271883276, 40.19888803158667], [115.48384071232124, 40.198978094897896], [115.48454542338384, 40.19898732446166], [115.48453940659036, 40.199257514474105], [115.4844219542581, 40.19925597649666], [115.48441794270667, 40.19943610315443], [115.4841830374481, 40.19943302682268], [115.48418103134821, 40.19952309013959], [115.48394612581524, 40.19952001332163], [115.48394411939572, 40.199610076627316], [115.4837092135883, 40.199606999323116], [115.48370520010097, 40.19978712591051], [115.48358774690021, 40.19978558706999], [115.48358573998769, 40.199875650356574], [115.48335083330274, 40.199872572308436], [115.48334882607055, 40.19996263558378], [115.48323137258635, 40.19996109637616], [115.48322936518983, 40.20005115964513], [115.48299445793793, 40.200048080862764], [115.48299245022176, 40.2001381441205], [115.4828749964541, 40.20013660454577], [115.48287298857358, 40.20022666779715], [115.48275553465966, 40.20022512809842], [115.48275352661479, 40.20031519134342], [115.4826360725546, 40.200313651520695], [115.48263406434538, 40.200403714759325], [115.48251661013894, 40.200402174812595], [115.48251460176536, 40.20049223804487], [115.48239714741268, 40.20049069797415], [115.48239313032775, 40.20067082442447], [115.48215822102833, 40.20066774390612]]]}}, {"type": "Feature", "properties": {"year": 2024, "water_area_km2": 0.0121}, "geometry": {"type": "Polygon", "coordinates": [[[115.47733193675951, 40.19582960140153], [115.47733395165858, 40.19573953831319], [115.47721650578868, 40.19573799313655], [115.47721852083396, 40.19564793005162], [115.4771010751284, 40.19564638476077], [115.47710309031986, 40.19555632167925], [115.47698564477864, 40.195554776274186], [115.47698967544483, 40.195374650116435], [115.47687223022322, 40.19537310460208], [115.47687827662021, 40.19510291536898], [115.47699572137603, 40.195104460868656], [115.47699773666827, 40.19501439778307], [115.47711518127791, 40.195015943158744], [115.47711719640581, 40.19492588006678], [115.47735208534182, 40.19492897045105], [115.47735410015011, 40.194838907347815], [115.47758898881193, 40.1948419972459], [115.47759100330062, 40.19475193413139], [115.47806078011213, 40.19475811247883], [115.47805876624447, 40.194848175612925], [115.4782936550152, 40.19485126408184], [115.47829164144898, 40.19494132722422], [115.47840908600323, 40.19494287128493], [115.47839700534693, 40.19548325013729], [115.47827955986111, 40.19548170604725], [115.47827553259258, 40.19566183230967], [115.47815808680531, 40.195660288090735], [115.47815607300215, 40.19575035121482], [115.47803862706871, 40.19574880687189], [115.47803661310121, 40.19583886998959], [115.47733193675951, 40.19582960140153]]]}}]}