{"type": "FeatureCollection", "features": [{"type": "Feature", "properties": {"year": 2021, "water_area_km2": 0.0092}, "geometry": {"type": "Polygon", "coordinates": [[[115.830391065674, 40.39903525234355], [115.83039262460528, 40.39894517935619], [115.8301569939487, 40.39894279543187], [115.83015855318686, 40.398852722450606], [115.83004073802609, 40.39885153031221], [115.83004229741414, 40.398761457333244], [115.83016011241797, 40.398762649467876], [115.83016167164203, 40.39867257648369], [115.83004385679513, 40.398671384352824], [115.83004541616911, 40.398581311370954], [115.83016323085907, 40.39858250349805], [115.83016634927205, 40.39840235752237], [115.83028416365514, 40.3984035495219], [115.83028572269414, 40.398313476528116], [115.83040353692734, 40.39831466840388], [115.83040509580235, 40.39822459540485], [115.83052290988566, 40.39822578715683], [115.83052602730068, 40.39804564114687], [115.83064384107715, 40.3980468327713], [115.83064228253006, 40.39813690578079], [115.8307600964705, 40.398138097288985], [115.8307554212579, 40.39840831631997], [115.83051979244246, 40.398405933160944], [115.83051511622494, 40.398676152156206], [115.83063293109998, 40.39867734380704], [115.83063448968923, 40.3985872708063], [115.83087011914652, 40.39858965374039], [115.83087167741488, 40.39849958073065], [115.8311073065864, 40.39850196317717], [115.83110886453385, 40.39841189015844], [115.8312266789732, 40.398413081197916], [115.83122823675667, 40.39832300817397], [115.83134605104613, 40.398324199089664], [115.83134760866562, 40.39823412606049], [115.83146542280517, 40.3982353168524], [115.8314560779244, 40.39877575502822], [115.83157389301265, 40.398776945722744], [115.83157545035338, 40.39868687269332], [115.83169326529169, 40.39868806326407], [115.83169170810787, 40.39877813629725], [115.83192733831945, 40.39878051708625], [115.83192578144252, 40.39887059012553], [115.83180796617627, 40.39886939978727], [115.8318048520874, 40.3990495458539], [115.830391065674, 40.39903525234355]]]}}, {"type": "Feature", "properties": {"year": 2021, "water_area_km2": 0.0211}, "geometry": {"type": "Polygon", "coordinates": [[[115.86467566887308, 40.39937699813872], [115.86467718213189, 40.39928692406998], [115.86455936478283, 40.39928576709149], [115.86456390498915, 40.399015544887504], [115.86468172186734, 40.39901670185501], [115.86468474832351, 40.39883655370441], [115.86480256489465, 40.398837710544576], [115.86480559100961, 40.39865756238086], [115.86492340727366, 40.398658719093696], [115.86492492016393, 40.398568645005994], [115.86516055239862, 40.3985709580643], [115.86516206496817, 40.398480883967814], [115.8663402249815, 40.39849244202201], [115.86634173597476, 40.398402367887506], [115.8669308154524, 40.39840814239586], [115.86693232565412, 40.39831806824162], [115.86728577295165, 40.398321531495526], [115.86728728267569, 40.39823145732888], [115.86752291392754, 40.398233765557464], [115.86752442333089, 40.39814369138206], [115.8677600542961, 40.39814599912329], [115.86776156337872, 40.39805592493913], [115.86799719405728, 40.398058232193016], [115.86799870281922, 40.397968158000076], [115.86823433321112, 40.39797046476662], [115.86823584165234, 40.39788039056495], [115.86858928682042, 40.397883849803726], [115.868590794784, 40.39779377558966], [115.86906205447559, 40.39779838621331], [115.86906356180458, 40.39770831198319], [115.8703595247911, 40.397720981257315], [115.87035801918847, 40.397811055527534], [115.86976894421701, 40.39780529854849], [115.86976743782289, 40.39789537279902], [115.86964962269202, 40.39789422103955], [115.86964811613414, 40.39798429528498], [115.86917685505095, 40.39797968703236], [115.8691753478585, 40.398069761261766], [115.86893971704382, 40.398067456408114], [115.86893820953065, 40.39815753062876], [115.86870257842929, 40.39815522528775], [115.86870107059543, 40.39824529949966], [115.86846543920741, 40.3982429936713], [115.86846393105286, 40.39833306787446], [115.86822829937815, 40.398330761558775], [115.86822679090287, 40.398420835753186], [115.86799115894149, 40.39841852895014], [115.86798965014553, 40.39850860313579], [115.86775401789748, 40.398506295845394], [115.86775250878082, 40.39859637002229], [115.86751687624611, 40.39859406224455], [115.86751536680873, 40.39868413641268], [115.86727973398739, 40.3986818281476], [115.86727822422928, 40.39877190230696], [115.8669247745775, 40.39876843899825], [115.86692326434172, 40.398858513145214], [115.8658629143419, 40.398848116705466], [115.86586442599024, 40.39875804259139], [115.86539316012879, 40.39875341884578], [115.86538711098332, 40.3991137152348], [115.86526929390719, 40.39911255898371], [115.86526778144679, 40.39920263307367], [115.86514996422056, 40.39920147669892], [115.8651469389654, 40.399381624867154], [115.86467566887308, 40.39937699813872]]]}}, {"type": "Feature", "properties": {"year": 2021, "water_area_km2": 0.0245}, "geometry": {"type": "Polygon", "coordinates": [[[115.85117263687118, 40.39654094850189], [115.85117416797235, 40.39645087481296], [115.85093854427762, 40.39644853335495], [115.8509400756857, 40.396358459672], [115.85023320570899, 40.39635143244015], [115.85023473805174, 40.39626135877796], [115.84988130362748, 40.39625784355315], [115.84988283643412, 40.39616776990064], [115.84976502513013, 40.39616659792274], [115.84976809103645, 40.39598645062078], [115.84965028005324, 40.39598527853029], [115.8496564124106, 40.39562498392374], [115.849538602062, 40.395623811728086], [115.84954166851301, 40.39544366442349], [115.84918823845024, 40.39544014713882], [115.84918977213616, 40.39535007349547], [115.84907196228599, 40.39534890083096], [115.84907349612187, 40.39525882718986], [115.84895568643556, 40.395257654409065], [115.84895722042144, 40.395167580770234], [115.84907502995085, 40.39516875354732], [115.84907656377288, 40.39507867990331], [115.8503724673268, 40.39509157249064], [115.85037093523084, 40.395181646175445], [115.85084217372194, 40.39518633080397], [115.85084064224677, 40.39527640450214], [115.85107626184764, 40.39527874610383], [115.85107473067937, 40.39536881980796], [115.85131035062172, 40.395371160937074], [115.85130881976042, 40.395461234647165], [115.85154444004424, 40.39546357530368], [115.85154290948985, 40.39555364901972], [115.85166071979903, 40.395554819171686], [115.8516591893947, 40.39564489288998], [115.85177699986768, 40.39564606292564], [115.85177546961337, 40.39573613664617], [115.8518932802502, 40.39573730656555], [115.85188562965955, 40.39618767516487], [115.85176781823809, 40.396186505226964], [115.85176475763963, 40.39636665264909], [115.8516469459112, 40.3963654825838], [115.8516454154447, 40.396455556288984], [115.8514097916947, 40.39645321579097], [115.85140826090743, 40.396543289487305], [115.85117263687118, 40.39654094850189]]]}}, {"type": "Feature", "properties": {"year": 2021, "water_area_km2": 0.0095}, "geometry": {"type": "Polygon", "coordinates": [[[115.48542463526684, 40.386112123223164], [115.48542665297691, 40.38602206276726], [115.48554442914525, 40.38602360559574], [115.48554644668948, 40.38593354513345], [115.48542867067788, 40.38593200230986], [115.48543068836973, 40.385841941850984], [115.485312912524, 40.385840398912364], [115.48533309050941, 40.38493979429034], [115.48545086478767, 40.38494133718013], [115.48545489996202, 40.384761216228064], [115.48557267393589, 40.3847627589882], [115.48557469135267, 40.38467269850506], [115.48569246517887, 40.38467424114041], [115.4856944824298, 40.3845841806509], [115.48581225610839, 40.38458572316147], [115.4858102390142, 40.38467578365588], [115.48604578671211, 40.3846788683271], [115.48604175312343, 40.384858989330944], [115.48615952729952, 40.38486053149648], [115.48614137711068, 40.38567107598391], [115.48602360152384, 40.38566953377446], [115.48601755082687, 40.38593971522881], [115.48589977477889, 40.38593817288483], [115.48589775770492, 40.38602823336175], [115.48577998150927, 40.38602669089297], [115.48577796426946, 40.386116751363524], [115.48542463526684, 40.386112123223164]]]}}, {"type": "Feature", "properties": {"year": 2021, "water_area_km2": 0.0073}, "geometry": {"type": "Polygon", "coordinates": [[[115.47465833971351, 40.382907628603576], [115.4746624033436, 40.382727508490305], [115.47454463351066, 40.382725954683146], [115.47454869741753, 40.38254583457375], [115.47443092790724, 40.38254428065654], [115.47444921644487, 40.381733740134585], [115.4743314483542, 40.381732186141754], [115.47434567335601, 40.38110176568665], [115.47446344034967, 40.38110331964507], [115.47446547229939, 40.381013259569166], [115.47493653973878, 40.381019474184335], [115.47491825750295, 40.38183001499069], [115.47480048921892, 40.38182846147247], [115.47477610986905, 40.38290918230067], [115.47465833971351, 40.382907628603576]]]}}, {"type": "Feature", "properties": {"year": 2021, "water_area_km2": 0.0144}, "geometry": {"type": "Polygon", "coordinates": [[[115.49448502573594, 40.37073548675309], [115.49448703028995, 40.37064542568074], [115.49425153054088, 40.370642359079156], [115.4942575450885, 40.370372175882295], [115.49437529448862, 40.37037370922844], [115.49437930382855, 40.370193587080045], [115.49449705292442, 40.370195120296664], [115.49449905742419, 40.370105059215376], [115.49461680637249, 40.37010659230731], [115.49463083652125, 40.36947616466266], [115.49474858438218, 40.36947769760079], [115.49475259260149, 40.369297575393496], [115.4948703401582, 40.3692991082021], [115.49487234409767, 40.36920904709136], [115.4949900915068, 40.369210579775284], [115.4949920952806, 40.36912051865821], [115.49558083167874, 40.36912818025607], [115.49557882868807, 40.36921824139739], [115.49569657615142, 40.3692197733623], [115.49569056759506, 40.36948995679186], [115.49580831553735, 40.36949148865149], [115.49579830187919, 40.36994179436187], [115.49568055315376, 40.369940262478], [115.49567654731399, 40.370120384742016], [115.49555879828435, 40.37011885272863], [115.49555679519426, 40.370208913853574], [115.49543904601703, 40.37020738171548], [115.49543704276128, 40.37029744283407], [115.49531929343642, 40.3702959105713], [115.49531729001504, 40.37038597168356], [115.49519954054259, 40.370384439296096], [115.4951975369555, 40.370474500402025], [115.49507978733547, 40.37047296788988], [115.49507778358269, 40.37056302898945], [115.49496003381506, 40.370561496352614], [115.49495802989664, 40.37065155744585], [115.49460478017805, 40.37064695880179], [115.49460277578069, 40.37073701987899], [115.49448502573594, 40.37073548675309]]]}}, {"type": "Feature", "properties": {"year": 2021, "water_area_km2": 0.1446}, "geometry": {"type": "Polygon", "coordinates": [[[115.48754181670819, 40.37046469863923], [115.48754383048555, 40.370374637850816], [115.4873083324326, 40.37037155712787], [115.48731034651412, 40.370281496347694], [115.48719259765791, 40.370279955811334], [115.48719461188696, 40.370189895034564], [115.48695911451506, 40.370186813612094], [115.4869611290483, 40.37009675284358], [115.48672563202601, 40.370093670951526], [115.48672764686343, 40.37000361019125], [115.48660989852254, 40.370002069070345], [115.48661191350749, 40.36991200831348], [115.48637641716624, 40.36990892572193], [115.48638044773539, 40.369728804223215], [115.48626269989167, 40.369727262757436], [115.48626471531922, 40.369637202010736], [115.48614696764122, 40.36963566043], [115.4861489832163, 40.36954559968669], [115.486031235704, 40.369544057991], [115.48603325142665, 40.36945399725105], [115.48591550408008, 40.369452455440424], [115.48592155166327, 40.369182273226315], [115.48556831108772, 40.36917764711932], [115.48557032740045, 40.36908758639295], [115.48545258071677, 40.3690860441225], [115.48545459717704, 40.368995983399515], [115.48533685065904, 40.368994441014124], [115.48534088386552, 40.368814319573424], [115.48522313766989, 40.36881277707796], [115.48523120460015, 40.36845253419823], [115.4851134590401, 40.36845099160246], [115.48512152645128, 40.368090748718394], [115.48500378152677, 40.36808920602233], [115.48501790024234, 40.367458780952], [115.48513564407058, 40.36746032361388], [115.48513766083695, 40.367370262878715], [115.4853731482075, 40.367373347833265], [115.48537516465156, 40.36728328708684], [115.48619936963875, 40.36729408061918], [115.48620138497745, 40.367204019837104], [115.48761430696963, 40.36722250931706], [115.48761632041997, 40.367132448475], [115.48902924184077, 40.36715092064199], [115.48903125340276, 40.36706085973997], [115.48914899675687, 40.367062398303496], [115.48914698535151, 40.36715245921039], [115.48926472887132, 40.36715399765897], [115.48926674012007, 40.36706393674722], [115.48950222687371, 40.36706701327517], [115.48950021593816, 40.367157074196655], [115.48973570304128, 40.36716015025505], [115.48973369240989, 40.36725021118478], [115.48985143613166, 40.36725174903912], [115.48984339414183, 40.36761199276263], [115.4899611384991, 40.3676135305166], [115.4899510865908, 40.36806383516179], [115.49006883174022, 40.36806537282027], [115.49006682148799, 40.3681554337497], [115.49112652965026, 40.36816926732753], [115.49112452079848, 40.368259328299246], [115.4912422663518, 40.36826086476918], [115.49124025764759, 40.36835092574427], [115.49135800336654, 40.36835246209923], [115.49135599480988, 40.3684425230777], [115.49147374069456, 40.368444059317696], [115.49146972386727, 40.36862418127986], [115.49158747007424, 40.368625717409756], [115.49158546180364, 40.36871577839347], [115.49170320817626, 40.368717314408386], [115.49170120005323, 40.36880737539548], [115.49181894659155, 40.368808911295424], [115.4918149306315, 40.36898903327485], [115.49193267749214, 40.36899056906468], [115.49192866180914, 40.369170691047884], [115.49181091463527, 40.369169155248315], [115.49180890662355, 40.36925921623281], [115.4916911593021, 40.369257680308564], [115.49168915112472, 40.36934774128672], [115.49110041387033, 40.36934005984367], [115.49109840490075, 40.36943012079602], [115.49086290974918, 40.36942704737026], [115.49086090045728, 40.36951710831139], [115.49062540502872, 40.36951403439655], [115.4906233954145, 40.36960409532649], [115.49038789970895, 40.369601020922595], [115.4903858897724, 40.36969108184129], [115.4900326458122, 40.36968646932211], [115.49003063539669, 40.369776530224726], [115.48979513915532, 40.36977345460302], [115.4897931284175, 40.36986351549443], [115.48943988365357, 40.36985890114854], [115.4894378724368, 40.369948962023834], [115.4892023756596, 40.36994588518433], [115.48920036412052, 40.3700359460484], [115.48896486706637, 40.37003286871982], [115.48896285520493, 40.37012292957267], [115.48872735787383, 40.370119851755014], [115.48872534569004, 40.37020991259663], [115.48848984808198, 40.370206834289874], [115.48848783557588, 40.37029689512026], [115.48837008662883, 40.37029535578227], [115.48836807395698, 40.3703854166063], [115.48777932857482, 40.37037771809442], [115.48777731511076, 40.37046777889258], [115.48754181670819, 40.37046469863923]]]}}, {"type": "Feature", "properties": {"year": 2021, "water_area_km2": 1.5955}, "geometry": {"type": "Polygon", "coordinates": [[[115.45926667225882, 40.37594702881409], [115.45926872407159, 40.37585696929844], [115.45915096705014, 40.37585540003406], [115.45915507096124, 40.3756752810082], [115.45903731426239, 40.3756737116339], [115.45903936636073, 40.37558365212369], [115.45868609678969, 40.37557894329656], [115.45868814934875, 40.375488883799775], [115.458452636661, 40.375485743992364], [115.45845468952415, 40.375395684504], [115.45833693335082, 40.3753941144255], [115.45833898636137, 40.37530405494061], [115.45822123035397, 40.3753024847472], [115.45822328351191, 40.375212425265794], [115.45810552767047, 40.37521085495751], [115.45810963427189, 40.375030736000156], [115.45799187875299, 40.37502916558196], [115.45799393219647, 40.37493910610601], [115.45787617684351, 40.374937535572926], [115.45788233758832, 40.37466735715101], [115.45800009247132, 40.374668927669184], [115.45800214587773, 40.374578868187264], [115.4581199006133, 40.374580438580615], [115.45812606030702, 40.37431026011097], [115.45800830604139, 40.37430868973253], [115.45801035941078, 40.37421863024462], [115.45789260531106, 40.3742170597513], [115.45789671233531, 40.37403694078096], [115.45777895855818, 40.37403537017773], [115.45778101221308, 40.373945310695284], [115.45648572299935, 40.37392802620461], [115.45648777836814, 40.37383796677536], [115.45613451833813, 40.373833250321525], [115.45613657416759, 40.373743190905714], [115.45601882099943, 40.37374161851971], [115.45602087697625, 40.37365155910739], [115.45590312397405, 40.373649986606516], [115.45590518009826, 40.373559927197675], [115.45566967443493, 40.37355678184636], [115.45567173086317, 40.37346672244597], [115.45555397820208, 40.373465149595525], [115.45555603477766, 40.37337509019863], [115.45532052979661, 40.37337194414816], [115.4553225866762, 40.373281884759706], [115.45520483435624, 40.37328031155969], [115.45520689138321, 40.37319025217473], [115.45508913922917, 40.37318867885984], [115.45509119640353, 40.37309861947836], [115.45497344441542, 40.373097046048635], [115.45497550173711, 40.37300698667063], [115.45485774991491, 40.37300541312602], [115.45485980738398, 40.37291535375151], [115.4547420557277, 40.37291378009204], [115.45474411334415, 40.372823720721016], [115.45462636185381, 40.37282214694669], [115.4546304773721, 40.37264202821013], [115.45451272620431, 40.372640454325904], [115.45452095775606, 40.37228021685477], [115.45428545670146, 40.37227706876668], [115.45428751487947, 40.37218700940512], [115.45405201417529, 40.37218386084762], [115.45405407265727, 40.37209380149452], [115.45370082214058, 40.37208907777446], [115.45370288108319, 40.37199901843483], [115.45346738109842, 40.37199586869889], [115.45346944034502, 40.37190580936772], [115.45335169052319, 40.37190423432497], [115.45335374991713, 40.3718141749973], [115.45323600026123, 40.371812599839714], [115.45323805980252, 40.37172254051554], [115.45312031031256, 40.37172096524309], [115.45312237000118, 40.371630905922395], [115.45300462067715, 40.37162933053511], [115.45300874033975, 40.371449211899204], [115.45289099133828, 40.37144763640205], [115.45289511127699, 40.37126751777014], [115.45277736259807, 40.371265942163106], [115.45277942271011, 40.371175882849904], [115.45266167419709, 40.371174307128044], [115.45266373445651, 40.37108424781832], [115.45254598610941, 40.371082671981604], [115.45254804651611, 40.37099261267538], [115.45243029833495, 40.370991036723815], [115.45243441943377, 40.37081091811686], [115.45231667157513, 40.37080934205544], [115.45232079295, 40.370629223452475], [115.452674035614, 40.370633951247335], [115.45267609581764, 40.370543891928655], [115.45385357040203, 40.37055964340595], [115.45385562903013, 40.370469584035924], [115.45503310297697, 40.3704853234803], [115.45503516002954, 40.370395264058985], [115.45609488596548, 40.370409419268576], [115.4560969415992, 40.37031935980099], [115.45703891958654, 40.37033193402123], [115.45704097395797, 40.370241874512345], [115.45727646823426, 40.37024501685915], [115.45727852228318, 40.37015495733884], [115.4573962692786, 40.37015652832753], [115.45739832316164, 40.37006646880073], [115.4575160700097, 40.370068039664616], [115.45752017743476, 40.369887920596625], [115.4577556705322, 40.36989106194503], [115.45775361713754, 40.369981121489715], [115.45787136385678, 40.36998269198915], [115.45786931060947, 40.3700727515373], [115.45810480438897, 40.37007589218661], [115.45810275144565, 40.37016595174322], [115.45892698106191, 40.370176940275925], [115.45892903290887, 40.370086880684546], [115.45904677987731, 40.370088449990654], [115.4590488315584, 40.369998390392816], [115.45916657837947, 40.369999959574116], [115.45917068140064, 40.36981984036403], [115.45928842791773, 40.36982140941558], [115.45929253058863, 40.36964129018959], [115.45941027680175, 40.36964285911137], [115.45941437912239, 40.36946273986948], [115.45929663322252, 40.36946117095763], [115.45929868452556, 40.369371111339404], [115.45918093879156, 40.36936954231268], [115.45917888733189, 40.36945960192595], [115.45894339557842, 40.36945646350309], [115.45894544735133, 40.369366403899775], [115.45882770164508, 40.36936483451356], [115.45883180547636, 40.36918471531237], [115.4587140600926, 40.36918314581628], [115.458716112151, 40.3690930862184], [115.45824513133503, 40.36908680705563], [115.45824718401059, 40.36899674747614], [115.45801169397137, 40.36899360718574], [115.45801374695093, 40.368903547614686], [115.45777825726198, 40.36890040685492], [115.4577844170847, 40.36863022816261], [115.45837313902732, 40.368638079088804], [115.4583710865454, 40.36872813867925], [115.4591952987502, 40.36873912497808], [115.45919735013584, 40.36864906535288], [115.45966832811574, 40.368655340581924], [115.4596703788657, 40.36856528093537], [115.4597881232272, 40.36856684943811], [115.45978607263386, 40.36865690908964], [115.4599038171612, 40.36865847747752], [115.45989971626, 40.36883859678599], [115.4596642265881, 40.36883545987056], [115.45965602342176, 40.36919569842989], [115.45977376887954, 40.36919726696738], [115.45977171822146, 40.36928732660844], [115.46118466631559, 40.36930613977132], [115.46118671509429, 40.36921608007072], [115.46212867997687, 40.36922861255348], [115.46213072749343, 40.36913855281171], [115.4627194550622, 40.369146381694286], [115.4627215017864, 40.36905632192628], [115.46307473796861, 40.369061017803055], [115.46307678421378, 40.368970958018686], [115.46378325588772, 40.36898034650719], [115.46378530118398, 40.368890286691624], [115.46425628185801, 40.36889654326764], [115.46426037116991, 40.368716423592424], [115.46437811604827, 40.36871798742697], [115.46438016053375, 40.36862792758217], [115.46449790526471, 40.368629491291934], [115.46450199389481, 40.36844937158799], [115.46438424947709, 40.36844780788812], [115.46438833838353, 40.36826768818807], [115.46427059428822, 40.36826612437827], [115.46427468347099, 40.368086004682176], [115.46415693969816, 40.36808444076245], [115.4641589844323, 40.3679943809171], [115.46227508782731, 40.36796934198489], [115.46227304058743, 40.36805940175102], [115.4620375533648, 40.36805626971778], [115.46203960091786, 40.36796620996159], [115.46180411404535, 40.36796307745898], [115.4618061619024, 40.367873017711204], [115.46192390517743, 40.36787458401746], [115.46192595286865, 40.36778452426322], [115.46216143913323, 40.36778765650636], [115.46216348650196, 40.36769759674072], [115.46251671549827, 40.367702294191915], [115.46251876238799, 40.36761223440991], [115.46334296260625, 40.36762319090095], [115.46334500839049, 40.3675331310828], [115.46346275115916, 40.36753469581157], [115.46346479677757, 40.36744463598697], [115.46358253939883, 40.367446200590976], [115.46359276656958, 40.36699590142082], [115.46335728290228, 40.36699277214251], [115.46336137433238, 40.366812652483794], [115.46324363282577, 40.36681108767481], [115.46324567868358, 40.36672102784817], [115.46301019601124, 40.366717897880676], [115.46301224217301, 40.366627838062435], [115.46289450100727, 40.366626272903915], [115.4628965473164, 40.36653621308915], [115.46277880631649, 40.366534647815755], [115.46278085277298, 40.36644458800444], [115.46266311193892, 40.3664430226162], [115.46266515854279, 40.36635296280835], [115.46254741787452, 40.36635139730523], [115.46254946462575, 40.366261337500845], [115.46219624314618, 40.366256640287496], [115.46219829035793, 40.36616658049648], [115.46208055003981, 40.36616501452402], [115.46208259739893, 40.36607495473647], [115.46161163684513, 40.36606868966832], [115.4616136848214, 40.36597862989909], [115.46173142478938, 40.36598019634089], [115.46173347259979, 40.36589013656521], [115.46161573278839, 40.36588857012837], [115.46161778074615, 40.36579851035617], [115.46150004110058, 40.36579694380447], [115.46150413730157, 40.36561682426548], [115.46138639797842, 40.36561525760388], [115.46138844622166, 40.36552519783711], [115.4612707070643, 40.365523631060654], [115.46127275545487, 40.36543357129734], [115.46103727748108, 40.36543043739492], [115.46103932617561, 40.36534037764004], [115.46092158735917, 40.36533881051408], [115.4609256850336, 40.365158691009746], [115.46080794653956, 40.36515712377388], [115.46080999551953, 40.36506706402445], [115.46069225719131, 40.36506549667373], [115.46069635543665, 40.36488537718027], [115.46057861743084, 40.36488380971968], [115.46058066669622, 40.364793749975675], [115.46046292885624, 40.36479218240024], [115.46046497826897, 40.36470212265969], [115.4602295029299, 40.364698987159315], [115.46023155264653, 40.3646089274272], [115.46011381514747, 40.36460735950226], [115.46011586501143, 40.3645172997736], [115.45988039035416, 40.36451416357422], [115.45988244052202, 40.36442410385401], [115.45976470336385, 40.364422535579564], [115.45976675367906, 40.36433247586283], [115.4595312797036, 40.36432933896445], [115.4595333303227, 40.36423927925615], [115.45941559350541, 40.36423771063221], [115.45942379651565, 40.363877471803896], [115.45954153270664, 40.36387904040798], [115.4595435832795, 40.36378898069221], [115.45989679143823, 40.36379368577073], [115.45989474133506, 40.36388374550139], [115.46001247756305, 40.36388531362624], [115.46001042760724, 40.363975373360375], [115.46012816400105, 40.363976941370396], [115.46012406437484, 40.36415706084411], [115.46024180109102, 40.36415862874424], [115.46023975142062, 40.364248688483826], [115.46035748830263, 40.364250256269116], [115.46035543877954, 40.36434031601216], [115.4604731758274, 40.364341883682606], [115.46047112645165, 40.36443194342911], [115.46058886366532, 40.36443351098472], [115.46058476519926, 40.36461363048319], [115.46093797783519, 40.36461833246092], [115.46093592905801, 40.36470839222278], [115.461171404508, 40.36471152628548], [115.46116935603476, 40.36480158605577], [115.4612870939302, 40.364803152912366], [115.4612850456043, 40.364893212686134], [115.46140278366556, 40.36489477942788], [115.46140073548699, 40.3649848392051], [115.46151847371407, 40.364986405832], [115.46151642568285, 40.36507646561269], [115.46175190247789, 40.365079598516964], [115.4617498547506, 40.36516965830608], [115.46186759331856, 40.365171224583456], [115.46186554573862, 40.36526128437604], [115.4619832844724, 40.36526285053856], [115.46198123703981, 40.36535291033459], [115.46209897593941, 40.36535447638226], [115.46209488135969, 40.36553459597978], [115.4622126205817, 40.365536161917554], [115.46221057343458, 40.36562622171902], [115.4623283128224, 40.36562778754193], [115.46232626582265, 40.365717847346865], [115.46220852627823, 40.36571628151899], [115.46220647911264, 40.36580634131747], [115.46232421881363, 40.3658079071503], [115.4623221717954, 40.36589796695224], [115.46243991166223, 40.365899532670205], [115.46243786479135, 40.365989592475614], [115.46255560482399, 40.36599115807873], [115.46255151136774, 40.36617127769497], [115.46278699208708, 40.366174408561555], [115.4627931313181, 40.365904229105226], [115.46326409098852, 40.36591048934121], [115.46326204521377, 40.366000549181294], [115.46349752541751, 40.36600367859031], [115.46349957087907, 40.365913618740315], [115.4636173108382, 40.36591518326016], [115.46361935613396, 40.36582512340373], [115.46397257559691, 40.36582981622951], [115.46397462041368, 40.36573975635674], [115.4642100997886, 40.36574288429831], [115.46421214428294, 40.365652824414134], [115.46444762338159, 40.36565595186655], [115.46444966755355, 40.365565891970995], [115.4649206252351, 40.36557214541828], [115.46492266877148, 40.36548208550144], [115.46515814735439, 40.36548521149631], [115.46515610413121, 40.36557527142305], [115.46527384359308, 40.36557683424571], [115.46527588665968, 40.36548677431403], [115.4655113652979, 40.36548989959004], [115.46551340804213, 40.36539983964699], [115.4658666255988, 40.36540452664757], [115.46586866786406, 40.365314466688204], [115.46598640691147, 40.36531602877716], [115.46598844901092, 40.36522596881135], [115.46610618791095, 40.36522753077556], [115.46611027176904, 40.36504741082958], [115.46622801036511, 40.365048972664084], [115.46623005212376, 40.36495891268392], [115.46634779057247, 40.364960474393676], [115.46635187374895, 40.36478035441897], [115.46646961189369, 40.36478191599904], [115.46647165331156, 40.364691856004505], [115.4665893913089, 40.364693417459826], [115.46659347380383, 40.364513297456384], [115.46647573611963, 40.364511736010954], [115.46647777750988, 40.364421676011936], [115.46624230248224, 40.36441855277154], [115.46624026077886, 40.36450861276065], [115.4655338349776, 40.36449924013439], [115.46553587762048, 40.364409180174924], [115.4642407662355, 40.36439198587916], [115.46424281059153, 40.364301925972605], [115.46377186189993, 40.36429566992701], [115.463780041737, 40.36393543036507], [115.46401551481175, 40.36393855858788], [115.46401755943481, 40.36384849868376], [115.46437076864638, 40.363853190104614], [115.46437281279047, 40.36376313018415], [115.46660980341522, 40.36379281738298], [115.46661184457523, 40.36370275736707], [115.46743599875803, 40.363713683819306], [115.46743395869409, 40.36380374386978], [115.46766943171372, 40.36380686464491], [115.46766535218447, 40.36398698476113], [115.46778308902127, 40.36398854497885], [115.46777289082002, 40.36443884526796], [115.46789062844887, 40.36444040539058], [115.46788654941714, 40.36462052550564], [115.46800428736837, 40.36462208551832], [115.46800020861299, 40.36480220563729], [115.46811794688658, 40.36480376554003], [115.46811386840757, 40.36498388566291], [115.46823160700355, 40.3649854454557], [115.46822345056148, 40.365345685703296], [115.46810571133918, 40.36534412589075], [115.46809959344128, 40.36561430604597], [115.46821733313335, 40.365615865873316], [115.46821121562245, 40.36588604602991], [115.46832895579347, 40.36588760575225], [115.46832283866955, 40.36615778591022], [115.46844057931958, 40.36615934552756], [115.46843854041644, 40.36624940558216], [115.46855628123227, 40.36625096508462], [115.46855424247653, 40.36634102514267], [115.46878972444892, 40.366344143797996], [115.46878564753631, 40.36652426392936], [115.46890338884948, 40.36652582308717], [115.46889931221324, 40.36670594322243], [115.46913479549357, 40.366709061198335], [115.46913275747487, 40.36679912127359], [115.46936824110517, 40.36680223878011], [115.46936620339048, 40.36689229886373], [115.47160330268679, 40.366921891365436], [115.47160533742611, 40.366831831188165], [115.47254727371072, 40.366844278209065], [115.47254524022422, 40.36693433842572], [115.47278072470031, 40.3669374489926], [115.47277869151783, 40.36702750921761], [115.47289643392625, 40.36702906432624], [115.47289440089119, 40.367119124554684], [115.47312988604874, 40.36712223442233], [115.47312785331772, 40.36721229465913], [115.47324559606683, 40.367213849418135], [115.47324356348327, 40.367303909658354], [115.47347904932225, 40.36730701882676], [115.47347701704271, 40.367397079075324], [115.47359476013256, 40.36739863348471], [115.47359272800044, 40.3674886937367], [115.47371047125606, 40.367490248031196], [115.47370843927139, 40.367580308286605], [115.47382618269278, 40.36758186246619], [115.47382415085556, 40.36767192272504], [115.47394189444272, 40.36767347678971], [115.47393986275293, 40.36776353705198], [115.47405760650585, 40.36776509100175], [115.47405557496353, 40.36785515126745], [115.47417331888224, 40.36785670510231], [115.47417128748734, 40.36794676537144], [115.47428903157181, 40.3679483190914], [115.47428700032437, 40.368038379363945], [115.47440474457463, 40.368039932969005], [115.47440271347462, 40.36812999324497], [115.47463820231583, 40.36813310010543], [115.47463617151989, 40.36822316038974], [115.47475391611084, 40.368224713645155], [115.47475188546235, 40.36831477393289], [115.47486963021908, 40.36831632707339], [115.47486759971804, 40.368406387364544], [115.47498534464054, 40.36840794039013], [115.47498331428697, 40.36849800068472], [115.47510105937525, 40.3684995535954], [115.47509699895384, 40.3686796741899], [115.4752147443645, 40.36868122699058], [115.47521271429667, 40.3687712872905], [115.47568369665734, 40.3687774973146], [115.47568166720683, 40.3688675576327], [115.4760349045433, 40.36887221390731], [115.47603287555347, 40.368962274238655], [115.47638611344219, 40.368966929449556], [115.47638408491306, 40.36905698979412], [115.47661957719788, 40.36906009267873], [115.47661754897284, 40.36915015303163], [115.47673529528558, 40.36915170429911], [115.47673326720802, 40.36924176465542], [115.47685101368654, 40.36924331580797], [115.47684898575646, 40.369333376167695], [115.47696673240074, 40.36933492720533], [115.47696470461813, 40.36942498756849], [115.47708245142817, 40.36942653849119], [115.47708042379303, 40.36951659885776], [115.47719817076884, 40.36951814966554], [115.47719614328119, 40.36960821003553], [115.47731389042278, 40.36960976072838], [115.47731186308259, 40.36969982110178], [115.47742961038995, 40.36970137167972], [115.47742758319724, 40.36979143205652], [115.47766307815263, 40.36979453286271], [115.47766105126404, 40.36988459324784], [115.47789654656926, 40.36988769358451], [115.47789451998474, 40.36997775397798], [115.47801226780771, 40.36997930397147], [115.4780102413707, 40.37006936436833], [115.47812798935941, 40.370070914246895], [115.47812393677124, 40.37025103504595], [115.4783594334026, 40.370254134463195], [115.47835740740804, 40.3703441948703], [115.47859290438925, 40.370347293818], [115.47859087869882, 40.370437354233424], [115.47870862735975, 40.37043890353244], [115.47870660181681, 40.370528963951266], [115.47894209947935, 40.37053206219957], [115.47894007424053, 40.37062212262672], [115.47905782324216, 40.37062367157602], [115.4790537730504, 40.37080379243563], [115.47917152237437, 40.3708053412749], [115.47916949742144, 40.37089540170738], [115.47928724691121, 40.370896950431714], [115.47928522210576, 40.370987010867594], [115.4794029717613, 40.370988559476984], [115.47939892243625, 40.371168680354074], [115.4795166724142, 40.37117022885343], [115.47951262336592, 40.37135034973437], [115.4793948730747, 40.3713488012252], [115.4793908236766, 40.37152892209037], [115.479155322495, 40.37152582469293], [115.47915329746895, 40.37161588511347], [115.47903554673523, 40.37161433623009], [115.47903352154343, 40.37170439664424], [115.4789157706622, 40.37170284763612], [115.47891374530461, 40.37179290804389], [115.47879599427588, 40.37179135891102], [115.47879396875251, 40.37188141931238], [115.47855846640917, 40.371878320677325], [115.4785564405634, 40.3719683810674], [115.47843868924876, 40.37196683156521], [115.47843666323722, 40.37205689194888], [115.47820116032212, 40.372053792575166], [115.47819913398814, 40.37214385294753], [115.47808138238767, 40.37214230307602], [115.47807935588789, 40.372232363441995], [115.47784385240108, 40.37222926332961], [115.47784182557889, 40.37231932368429], [115.47772407369256, 40.37231777344343], [115.47772204670456, 40.372407833791705], [115.47760429467074, 40.37240628342609], [115.47759821318195, 40.37267646444727], [115.47806922325191, 40.372682665249506], [115.47807124979738, 40.37259260489099], [115.47830675457391, 40.37259570456324], [115.47830878079697, 40.37250564419342], [115.47866203756038, 40.37251029278825], [115.47866406330436, 40.37242023240223], [115.47878181542046, 40.37242178168925], [115.47878384099864, 40.37233172129684], [115.47890159296725, 40.372333270459116], [115.47890361837966, 40.3722432100603], [115.47902137020073, 40.372244759097825], [115.47902339544737, 40.372154698692626], [115.47925889880366, 40.372157796398355], [115.47925687387033, 40.37224785681336], [115.48008113700159, 40.37225869504268], [115.4800831608384, 40.372168634593386], [115.48102517514019, 40.37218101391143], [115.48102315255655, 40.372271074399904], [115.48114090454196, 40.37227262128026], [115.48113685966055, 40.372452742262524], [115.48125461196841, 40.372454289032824], [115.48124450038846, 40.37290459148687], [115.48112674729734, 40.37290304469209], [115.48112472479735, 40.37299310517353], [115.48100697155873, 40.37299155825401], [115.48100090353398, 40.373261739674696], [115.48111865724255, 40.3732632866089], [115.48111663470605, 40.373353347084375], [115.48123438858042, 40.373354893903624], [115.4812242765443, 40.37380519628311], [115.48110652188664, 40.373803649439395], [115.48110449929541, 40.37389370990592], [115.48051572536083, 40.37388597386507], [115.4805197721008, 40.373705852979484], [115.48040201765458, 40.37370430542156], [115.4804040411675, 40.37361424498141], [115.47981526985666, 40.373606505418564], [115.47981324556044, 40.37369656583421], [115.47910671934882, 40.37368727437437], [115.47910469410353, 40.373777334759126], [115.47886918512609, 40.37377423663725], [115.47886715955836, 40.37386429701069], [115.47898491419917, 40.37386584613647], [115.47898288877894, 40.37395590651333], [115.47910064358554, 40.37395745552414], [115.47909861831285, 40.37404751590443], [115.47921637328524, 40.37404906480029], [115.47921434816007, 40.37413912518399], [115.48039189995295, 40.37415460759986], [115.48038178202307, 40.374604909740896], [115.4802640260194, 40.37460336201415], [115.48026200224938, 40.37469342243298], [115.48014424609816, 40.374691874581494], [115.48014222216234, 40.37478193499393], [115.47967119702211, 40.37477574236982], [115.47967322158459, 40.37468568197696], [115.4794377093826, 40.374682584955586], [115.47943973424925, 40.37459252457105], [115.47885095468749, 40.374584779944676], [115.4788489290375, 40.374674840304706], [115.47802463693817, 40.374663992759665], [115.47802666368479, 40.37457393243396], [115.47790890786383, 40.37457238231016], [115.47791093475797, 40.37448232198785], [115.47779317910283, 40.37448077174911], [115.47779520614449, 40.37439071143023], [115.47767745065515, 40.374389161076536], [115.47768150502436, 40.37420904044411], [115.47732823955114, 40.37420438869337], [115.477330267192, 40.37411432838964], [115.47721251220923, 40.37411277757126], [115.47721453999759, 40.37402271727095], [115.4769790303728, 40.37401961528446], [115.47698105846533, 40.37392955499247], [115.47674554919044, 40.3739264525364], [115.47674757758716, 40.37383639225274], [115.47651206866216, 40.3738332893271], [115.47652018341073, 40.37347304821677], [115.47663793724202, 40.373474599719884], [115.47663996574964, 40.37338453943368], [115.47675771943342, 40.37338609081203], [115.47675974777522, 40.37329603051941], [115.47699525485694, 40.37329913290675], [115.4769972828763, 40.37320907260283], [115.47711503627424, 40.37321062361185], [115.47711706412778, 40.37312056330151], [115.47723481737823, 40.37312211418575], [115.47723887274458, 40.3729419935508], [115.47735662569085, 40.3729435443054], [115.4773606807073, 40.372763423654675], [115.47724292807433, 40.372761872909905], [115.4772449557255, 40.37267181258722], [115.47700945080027, 40.372668710747966], [115.4770074228358, 40.37275877106084], [115.47665416504664, 40.37275411738841], [115.47665213660311, 40.37284417768507], [115.47641663114278, 40.37284107462773], [115.47641460237676, 40.372931134913074], [115.47617909663975, 40.37292803136654], [115.4761770675513, 40.37301809164058], [115.47594156153761, 40.37301498760485], [115.47593953212672, 40.37310504786756], [115.47582177897695, 40.37310349566501], [115.47581974940023, 40.37319355592133], [115.47558424281488, 40.37319045114689], [115.4755822129157, 40.37328051139188], [115.47534670605366, 40.37327740612823], [115.47534467583205, 40.373367466361906], [115.47487366159127, 40.37336125437676], [115.47487163073389, 40.373451314589296], [115.47451836967953, 40.3734466543273], [115.47451633834302, 40.373536714523595], [115.4743985845199, 40.373535160858324], [115.47439655301757, 40.37362522104822], [115.47380778325625, 40.37361745089956], [115.47380981554184, 40.37352739073424], [115.47357430801482, 40.37352428184568], [115.47357634060454, 40.37343422168873], [115.4732230798527, 40.373429557471795], [115.47322511290322, 40.373339497328104], [115.47310735949426, 40.373337942354354], [115.47309516011362, 40.373878303164574], [115.47297740577393, 40.373876748041454], [115.472973338927, 40.374056868289756], [115.47285558428317, 40.37405531303694], [115.47285151708626, 40.37423543326944], [115.47261600719946, 40.37423232238457], [115.47261397327392, 40.37432238248873], [115.47237846311052, 40.37431927111462], [115.47237642886247, 40.374409331207445], [115.47061010145752, 40.37438598054686], [115.4706080648504, 40.37447604056431], [115.47013704393147, 40.37446980914746], [115.47013500668855, 40.37455986914368], [115.46978174062586, 40.37455519430783], [115.46977970290376, 40.37464525428777], [115.46954419192795, 40.37464213712142], [115.46954215388334, 40.37473219709001], [115.46895337582141, 40.37472440205207], [115.46895133698429, 40.37481446199449], [115.46812704698729, 40.37480354387306], [115.46812500704435, 40.37489360377945], [115.46694744912142, 40.374877996226346], [115.46694949063101, 40.37478793636933], [115.46647846834631, 40.37478169001201], [115.46647642621011, 40.37487174984926], [115.4663586705053, 40.37487018795535], [115.46635662820323, 40.37496024778616], [115.46612111650794, 40.37495712362892], [115.4661190738833, 40.375047183448345], [115.4647060026059, 40.375028428378], [115.46470395809209, 40.37511848813659], [115.46458620205559, 40.375116924430074], [115.46458415737591, 40.37520698418223], [115.46434864501724, 40.37520385639974], [115.464346600015, 40.375293916140514], [115.4641110873799, 40.37529078786872], [115.46410904205511, 40.37538084759809], [115.46352025984551, 40.37537302479643], [115.46352230595362, 40.37528296509181], [115.46340454969605, 40.37528140017689], [115.46340659595157, 40.37519134047572], [115.46328883985991, 40.37518977544588], [115.46329088626285, 40.37509971574818], [115.4631731303371, 40.375098150603435], [115.46317517688749, 40.37500809090921], [115.46293966537694, 40.37500496027008], [115.46293761851324, 40.37509501995441], [115.46305537442053, 40.37509658533885], [115.46304923424397, 40.375366764397754], [115.46316699063051, 40.3753683296772], [115.46316085084084, 40.37563850873752], [115.46304309398428, 40.375636943443205], [115.4630410472126, 40.37572700312203], [115.46292329020864, 40.37572543770292], [115.46292124327105, 40.37581549737532], [115.46268572897749, 40.375812366167615], [115.46268777622839, 40.375722306505125], [115.46233450532733, 40.37571760880953], [115.46233655303901, 40.37562754916042], [115.4621010394645, 40.37562441677399], [115.46210308748029, 40.375534357133304], [115.46186757425605, 40.37553122427738], [115.46186962257592, 40.37544116464511], [115.46175186613432, 40.37543959804232], [115.46175391460163, 40.37534953841351], [115.46163615832593, 40.37534797169583], [115.46163820694066, 40.37525791207049], [115.46152045083088, 40.375256345237915], [115.46152249959302, 40.37516628561603], [115.46140474364913, 40.37516471866856], [115.46140679255869, 40.37507465905015], [115.461171281012, 40.375071524805556], [115.46116923178909, 40.37516158441406], [115.46105147587296, 40.37516001710703], [115.46104942648415, 40.37525007670909], [115.4609316704206, 40.37524850927723], [115.4609296208659, 40.37533856887283], [115.4608118646549, 40.37533700131617], [115.46080776520444, 40.375517120492944], [115.46069000868938, 40.375515552806526], [115.46068795879361, 40.37560561238771], [115.46057020213112, 40.37560404457647], [115.46056815206944, 40.3756941041512], [115.46033263845891, 40.37569096815923], [115.46033058807464, 40.37578102772257], [115.45997731725816, 40.375776322820826], [115.45997526639465, 40.375866382367754], [115.45973975224996, 40.375863245157404], [115.45973770106386, 40.37595330469291], [115.45926667225882, 40.37594702881409]], [[115.46442104830705, 40.366826730372836], [115.464656531514, 40.36682985747463], [115.4646687952475, 40.36628949813601], [115.464551054579, 40.3662879346747], [115.46455309865891, 40.36619787478466], [115.46443535815624, 40.36619631120849], [115.46443331391971, 40.36628637109358], [115.46431557326964, 40.36628480739265], [115.46431148445579, 40.36646492714846], [115.46419374350177, 40.36646336331783], [115.46418965433783, 40.366643483057786], [115.46430739560505, 40.36664504689833], [115.46430535116585, 40.36673510677102], [115.46442309259888, 40.3667366704967], [115.46442104830705, 40.366826730372836]], [[115.46278494565827, 40.366264468377345], [115.4629026861884, 40.366266033635874], [115.46290473246063, 40.36617597381514], [115.46278699208708, 40.366174408561555], [115.46278494565827, 40.366264468377345]], [[115.46197509468664, 40.36562308971374], [115.46209283405598, 40.36562465577629], [115.46209488135969, 40.36553459597978], [115.46197714214692, 40.3655330299222], [115.46197509468664, 40.36562308971374]]]}}, {"type": "Feature", "properties": {"year": 2021, "water_area_km2": 0.0202}, "geometry": {"type": "Polygon", "coordinates": [[[115.51098123053634, 40.36509342547052], [115.51098321273612, 40.36500336363076], [115.51086547178714, 40.36500184735962], [115.51086745413457, 40.36491178552317], [115.51074971335115, 40.36491026913701], [115.5107556608095, 40.36464008363313], [115.5106379205048, 40.364638567141554], [115.51064386835246, 40.36436838163867], [115.51052612852648, 40.36436686504168], [115.51053604221, 40.363916555864456], [115.51041830317591, 40.363915039171644], [115.51042226889987, 40.36373491549993], [115.51054000762078, 40.363736432183146], [115.5105459556699, 40.36346624665003], [115.51078143219904, 40.36346927962823], [115.51078341455101, 40.36337921777129], [115.5117253197725, 40.36339134485323], [115.5117233386732, 40.36348140674856], [115.5118410770227, 40.36348292209944], [115.51183315316244, 40.363843169685026], [115.51195089214723, 40.36384468493528], [115.51192712158772, 40.3649254276068], [115.51180938072383, 40.364923912299005], [115.5118073996292, 40.36501397417382], [115.51157191761506, 40.36501094318919], [115.51156993619828, 40.36510100505293], [115.51098123053634, 40.36509342547052]]]}}, {"type": "Feature", "properties": {"year": 2021, "water_area_km2": 0.0138}, "geometry": {"type": "Polygon", "coordinates": [[[115.48847674524438, 40.36552212997657], [115.488478757426, 40.365432069072085], [115.48836101694513, 40.36543052987729], [115.48836302927427, 40.36534046897618], [115.48824528895906, 40.36533892966644], [115.4882473014357, 40.365248868768695], [115.48812956128617, 40.36524732934402], [115.48813157391034, 40.36515726844968], [115.48801383392647, 40.36515572891005], [115.48801584669813, 40.36506566801908], [115.48789810687994, 40.36506412836452], [115.48790011979911, 40.36497406747694], [115.48778238014661, 40.36497252770743], [115.48778439321327, 40.36488246682322], [115.48754891424868, 40.36487938693451], [115.48755092761945, 40.36478932605856], [115.48743318830738, 40.36478778593937], [115.48743520182566, 40.3646977250668], [115.48731746267926, 40.36469618483267], [115.48731947634504, 40.364606123963476], [115.4870839983926, 40.364603043145515], [115.48708601236251, 40.36451298228459], [115.48696827355651, 40.36451144170077], [115.48697028767388, 40.36442138084323], [115.48685254903357, 40.36441984014447], [115.48685456329844, 40.36432977929031], [115.4867368248238, 40.36432823847662], [115.4867388392362, 40.36423817762585], [115.48662110092721, 40.364236636697214], [115.48662311548708, 40.36414657584984], [115.48650537734378, 40.36414503480628], [115.48650739205115, 40.36405497396229], [115.4863896540735, 40.364053432803786], [115.48639166892835, 40.36396337196318], [115.4862739311164, 40.363961830689746], [115.48627594611875, 40.36387176985252], [115.48615820847245, 40.363870228464165], [115.4861602236223, 40.363780167630324], [115.4860424861417, 40.363778626127036], [115.48604450143903, 40.36368856529659], [115.48592676412407, 40.363687023678374], [115.48592877956888, 40.363596962851325], [115.48581104241961, 40.36359542111818], [115.48581305801191, 40.363505360294496], [115.48569532102832, 40.36350381844641], [115.48569935249883, 40.363323696804365], [115.48558161583745, 40.363322154846244], [115.48558363171564, 40.36323209402785], [115.48546589521993, 40.36323055195479], [115.48546791124562, 40.36314049113981], [115.48535017491557, 40.36313894895184], [115.48535622340776, 40.36286876651256], [115.48547395926806, 40.36287030868589], [115.48547597525736, 40.36278024786493], [115.48594691816324, 40.36278641534072], [115.48594490280023, 40.3628764761812], [115.48606263870599, 40.362878017755506], [115.48605659303215, 40.363148200282616], [115.48617432941671, 40.36314974175176], [115.4861702992352, 40.3633298634388], [115.48628803594202, 40.3633314047979], [115.48628400603728, 40.363511526488736], [115.48640174306635, 40.36351306773778], [115.48639972825696, 40.363603128585844], [115.48651746545167, 40.363604669719955], [115.48651545078974, 40.36369473057139], [115.48663318815015, 40.363696271590584], [115.4866311736357, 40.363786332445414], [115.48674891116178, 40.36378787334966], [115.48674689679483, 40.36387793420788], [115.48686463448657, 40.36387947499719], [115.48686262026712, 40.3639695358588], [115.48698035812451, 40.363971076533176], [115.48697834405256, 40.36406113739818], [115.4872138201078, 40.36406421839726], [115.48721180633993, 40.36415427927051], [115.48732954453774, 40.36415581959522], [115.48732753091738, 40.36424588047185], [115.48744526928087, 40.36424742068162], [115.48744124232603, 40.36442754244016], [115.48755898101177, 40.364429082539864], [115.48755696767732, 40.364519143421774], [115.48767470652872, 40.364520683406546], [115.48767269334178, 40.364610744291845], [115.48779043235886, 40.36461228416166], [115.48778841931941, 40.36470234505035], [115.48790615850216, 40.36470388480524], [115.48790414561024, 40.36479394569728], [115.48802188495866, 40.36479548533723], [115.48801987221422, 40.36488554623268], [115.4881376117283, 40.36488708575768], [115.48813559913138, 40.36497714665651], [115.48825333881113, 40.36497868606658], [115.48825132636175, 40.36506874696878], [115.48836906620717, 40.365070286263894], [115.48836705390528, 40.36516034716948], [115.48848479391637, 40.365161886349654], [115.48848278176199, 40.36525194725861], [115.48860052193875, 40.36525348632386], [115.48859649791595, 40.365433608147065], [115.48883197892307, 40.36543668593757], [115.48882996721125, 40.365526746856666], [115.48847674524438, 40.36552212997657]]]}}, {"type": "Feature", "properties": {"year": 2021, "water_area_km2": 0.0492}, "geometry": {"type": "Polygon", "coordinates": [[[115.50340776543537, 40.36139215606982], [115.50340975745438, 40.361302094483186], [115.5030565551722, 40.36129752252481], [115.50305854765192, 40.361207460951164], [115.50294081373238, 40.361205936730265], [115.50294280635968, 40.361115875159946], [115.50258960512478, 40.36111130179291], [115.50259159821275, 40.361021240235594], [115.50200293045053, 40.36101361558533], [115.50200492431235, 40.36092355405062], [115.50153399089072, 40.36091745219334], [115.50153598536978, 40.36082739067647], [115.50047638710652, 40.36081365453281], [115.50047439121839, 40.36090371600621], [115.50000345826476, 40.36089760791938], [115.50000146174138, 40.360987669371966], [115.49835319534684, 40.360966275905774], [115.49835519406209, 40.3608762145209], [115.49788426175724, 40.36087009780859], [115.4978862610897, 40.36078003644158], [115.49717986384238, 40.36077085780823], [115.49718186410517, 40.36068079646878], [115.496828666073, 40.36067620554937], [115.49683066679644, 40.360586144222964], [115.49659520179989, 40.36058308302073], [115.49659320076333, 40.36067314433744], [115.49647546812204, 40.36067161355179], [115.49647346691987, 40.360761674862175], [115.49588480306603, 40.360754019112704], [115.49588680505099, 40.36066395782654], [115.4956513398858, 40.36066089469786], [115.49565334217483, 40.360570833419914], [115.49541787735888, 40.360567769821735], [115.495419879952, 40.360477708551976], [115.49530214771411, 40.36047617657805], [115.49530815590894, 40.360205992774375], [115.4951904241498, 40.3602044606952], [115.49519843557599, 40.359844215622196], [115.49496297333715, 40.35984115114324], [115.49496697962225, 40.3596610286172], [115.49484924882951, 40.35965949620773], [115.49485125211505, 40.359569434947325], [115.49449806026067, 40.359564837014716], [115.4945000640068, 40.359474775767374], [115.49414687270341, 40.3594701767712], [115.49414486848762, 40.359560238003986], [115.49379167679595, 40.35955563791511], [115.49378967210147, 40.35964569913186], [115.49343648002154, 40.3596410979503], [115.49343447484834, 40.359731159151], [115.49308128238019, 40.35972655687676], [115.49307927672831, 40.35981661806139], [115.49284381481499, 40.35981354926989], [115.49284180884096, 40.359903610443325], [115.49260634665073, 40.35990054116294], [115.49260434035455, 40.359990602325176], [115.49248660911645, 40.359989067500436], [115.49248460265467, 40.36007912865633], [115.49236687126907, 40.36007759370694], [115.49236486464167, 40.360167654856475], [115.49212940158456, 40.360164584588595], [115.492127394635, 40.36025464572694], [115.49189193130098, 40.360251574970164], [115.49188992402925, 40.360341636097296], [115.49165446041836, 40.360338564851624], [115.49165245282445, 40.360428625967536], [115.49129925700636, 40.36042401818599], [115.49129724893375, 40.36051407928585], [115.49094405272747, 40.360509470411564], [115.49094806980297, 40.36032934823954], [115.49106580154955, 40.36033088464104], [115.49106780991714, 40.36024082354793], [115.49130327312439, 40.36024389598183], [115.4913052811698, 40.36015383487751], [115.49154074410016, 40.36015690682251], [115.49154275182345, 40.360066845706974], [115.49177821447691, 40.360069917163074], [115.49178022187802, 40.35997985603634], [115.49201568425461, 40.35998292700355], [115.49201769133356, 40.35989286586561], [115.4921354223789, 40.35989440116466], [115.49213742929223, 40.359804340020354], [115.49225516019007, 40.35980587519476], [115.49225716693779, 40.35971581404412], [115.49237489768811, 40.35971734909388], [115.49237690427027, 40.35962728793689], [115.49261236548499, 40.3596303576673], [115.49261437174496, 40.359540296499105], [115.49273210220935, 40.35954183117976], [115.49273410830372, 40.35945177000522], [115.49296956894655, 40.359454838997465], [115.49297157471878, 40.35936477781173], [115.49320703508472, 40.35936784631509], [115.49320904053481, 40.35927778511814], [115.49367996074902, 40.35928392066797], [115.49368196556388, 40.35919385945012], [115.49415288529657, 40.35919999306388], [115.49415488947622, 40.359109931825145], [115.49462580872738, 40.359116063502846], [115.49462380517393, 40.359206124760995], [115.49497699517686, 40.35921072227603], [115.494974992084, 40.35930078354724], [115.49521045244421, 40.35930384796801], [115.49520844965542, 40.35939390924743], [115.49532618000563, 40.359395441282985], [115.49532417736437, 40.35948550256576], [115.49544190788015, 40.359487034486364], [115.49543590037179, 40.35975721834031], [115.49555363136625, 40.359758750155656], [115.49554762424624, 40.36002893401076], [115.4956653557194, 40.36003046572086], [115.49566335348455, 40.36012052700775], [115.4957810851233, 40.36012205860291], [115.49577908303598, 40.36021211989316], [115.49683866960005, 40.36022589890241], [115.49683666891268, 40.360315960234786], [115.49718986506616, 40.36032055109607], [115.49718786483945, 40.360410612441484], [115.499071581534, 40.36043507890356], [115.49906958380318, 40.36052514032491], [115.49965824652625, 40.36053277982918], [115.49966024347428, 40.36044271838365], [115.50001344074656, 40.36044730063415], [115.5000154372159, 40.36035723917264], [115.50142822523664, 40.36037555733496], [115.50142623064599, 40.36046561885444], [115.50166169575522, 40.360468670214], [115.5016597014687, 40.36055873174164], [115.50189516692704, 40.36056178263167], [115.50189317294462, 40.36065184416749], [115.50212863875205, 40.36065489458799], [115.50212664507379, 40.36074495613195], [115.50236211123033, 40.36074800608291], [115.50236011785617, 40.36083806763505], [115.50259558436179, 40.36084111711645], [115.50259359129177, 40.36093117867677], [115.50282905814647, 40.360934227688624], [115.5028270653806, 40.36102428925709], [115.50329799982413, 40.36103038586252], [115.50329600767552, 40.36112044744879], [115.50341374146544, 40.361121971305465], [115.50341174946439, 40.361212032895075], [115.50364721738431, 40.361215080258674], [115.5036452256874, 40.361305141856434], [115.50388069395639, 40.36130818875048], [115.50387870256364, 40.36139825035638], [115.50340776543537, 40.36139215606982]]]}}, {"type": "Feature", "properties": {"year": 2021, "water_area_km2": 0.007}, "geometry": {"type": "Polygon", "coordinates": [[[115.48918611642765, 40.36012616580969], [115.48918812728196, 40.36003610479145], [115.48895266502726, 40.36003302806443], [115.48895467618563, 40.35994296705444], [115.48871921428032, 40.359939889858005], [115.4887212257427, 40.35984982885625], [115.4886034949602, 40.35984829008321], [115.48860550657004, 40.35975822908484], [115.4884877759532, 40.35975669019687], [115.48848978771052, 40.35966662920188], [115.48837205725927, 40.359665090199], [115.48837406916407, 40.3595750292074], [115.48825633887844, 40.35957349008959], [115.48825835093072, 40.35948342910136], [115.48802289069982, 40.35948035051613], [115.4880249030561, 40.35939028953615], [115.48790717311081, 40.35938875006872], [115.48790918561457, 40.35929868909212], [115.4877914558349, 40.35929714950977], [115.48779346848613, 40.35920708853656], [115.48767573887207, 40.35920554883928], [115.48767775167076, 40.35911548786945], [115.48756002222234, 40.35911394805728], [115.48756807395247, 40.35875370418253], [115.48780353160606, 40.35875678364812], [115.48780151900021, 40.35884684462878], [115.4880369770032, 40.35884992362497], [115.48803496470137, 40.3589399846139], [115.48815269387303, 40.35894152393719], [115.48815068171866, 40.35903158492949], [115.48826841105594, 40.35903312413786], [115.48826639904904, 40.359123185133534], [115.4885018580639, 40.359126263200636], [115.48849984636101, 40.359216324204574], [115.48861757603859, 40.359217863063314], [115.48861556448318, 40.35930792407063], [115.4887332943264, 40.35930946281445], [115.48872927150144, 40.359489584834336], [115.48884700166683, 40.35949112346812], [115.48884297911869, 40.35967124549178], [115.4889607096062, 40.359672784015494], [115.48895869847509, 40.35976284502997], [115.48907642912825, 40.359764383438765], [115.4890744181446, 40.35985444445661], [115.48919214896337, 40.35985598275047], [115.48919013812721, 40.35994604377171], [115.4893078691116, 40.35994758195065], [115.4893058584229, 40.36003764297526], [115.48942358957294, 40.36003918103927], [115.48942157903173, 40.36012924206725], [115.48918611642765, 40.36012616580969]]]}}, {"type": "Feature", "properties": {"year": 2021, "water_area_km2": 0.0265}, "geometry": {"type": "Polygon", "coordinates": [[[115.46625318359357, 40.358743208958806], [115.46625522486414, 40.358653148879085], [115.46401840448758, 40.358623457931195], [115.4640204487231, 40.35853339794394], [115.46378499445323, 40.358530270075455], [115.46378703899259, 40.358440210096624], [115.46355158507266, 40.35843708175892], [115.46355362991588, 40.35834702178849], [115.46343590312628, 40.35834545744491], [115.46343794811678, 40.35825539747794], [115.46308476827296, 40.35825070374338], [115.46308681372383, 40.35816064378977], [115.46296908728422, 40.358159078976975], [115.46297113288236, 40.35806901902681], [115.46308885916547, 40.358070583834646], [115.46309090459786, 40.357980523878055], [115.46356180919639, 40.35798678189183], [115.46356385399348, 40.35789672191393], [115.46532974520396, 40.357920172322714], [115.46532770275482, 40.35801023237483], [115.46579860805393, 40.35801648128531], [115.4657965662217, 40.358106541355696], [115.46626747229426, 40.35811278836946], [115.46626543107892, 40.35820284845814], [115.46685406465947, 40.35821065455499], [115.46685610509218, 40.35812059444161], [115.46720928488136, 40.35812527664752], [115.46720724491827, 40.358215336775714], [115.4673249716896, 40.3582168972764], [115.46732701149617, 40.35812683714326], [115.46779791804737, 40.358133077928414], [115.46779587886692, 40.3582231380813], [115.46814905934653, 40.35822781742728], [115.46814498189724, 40.35840793775815], [115.46802725474846, 40.35840637808607], [115.46802521585347, 40.35849643824435], [115.46778976127045, 40.35849331853097], [115.4677877220532, 40.35858337867787], [115.46755226719388, 40.35858025847549], [115.46755022765439, 40.358670318611026], [115.46707931741999, 40.358664076749115], [115.46707727724515, 40.35875413686341], [115.46625318359357, 40.358743208958806]]]}}, {"type": "Feature", "properties": {"year": 2021, "water_area_km2": 0.0909}, "geometry": {"type": "Polygon", "coordinates": [[[115.47575872198757, 40.36022020843477], [115.47576075071599, 40.3601301479784], [115.47552528959946, 40.360127043909486], [115.4755273186318, 40.360036983461455], [115.47540958824382, 40.360035431252214], [115.47541567575556, 40.3597652499139], [115.47553340567391, 40.359766802108396], [115.47553543466964, 40.35967674165439], [115.47565316444059, 40.35967829372418], [115.4756612797058, 40.3593180518736], [115.47554355056104, 40.35931649982346], [115.47554557951099, 40.359226439362004], [115.4751923926012, 40.35922178250756], [115.47519442201164, 40.359131722059345], [115.47472350688624, 40.359125511262725], [115.47472553691368, 40.35903545083267], [115.47425462256095, 40.35902923813912], [115.47425259190734, 40.359119298549516], [115.47413486318553, 40.35911774507174], [115.47413283236622, 40.359207805475734], [115.47389737463699, 40.359204698151], [115.47389534349543, 40.35929475854366], [115.47365988548977, 40.35929165072994], [115.47365785402596, 40.35938171111128], [115.47354012488033, 40.35938015701983], [115.47353809325082, 40.35947021739475], [115.47330263467396, 40.35946710884264], [115.4733006027222, 40.35955716920623], [115.47306514386894, 40.35955406016514], [115.47306311159493, 40.359644120517395], [115.47282765246523, 40.3596410109873], [115.47282561986896, 40.35973107132824], [115.47259016046283, 40.359727961309154], [115.47258812754431, 40.359818021638745], [115.47199947840679, 40.359810244470104], [115.47200151210802, 40.35972018416512], [115.47153059358929, 40.35971396029371], [115.47153262790754, 40.35962390000693], [115.47129716901634, 40.35962078736234], [115.4712992036385, 40.35953072708391], [115.47118147436318, 40.359529170586875], [115.47118554389304, 40.3593490500354], [115.47106781494, 40.35934749342841], [115.47107188474622, 40.359167372880826], [115.47095415611544, 40.35916581616391], [115.47095822619801, 40.35898569562019], [115.47084049788951, 40.35898413879334], [115.47084253307355, 40.35889407852419], [115.47072480493074, 40.35889252158247], [115.47072887558441, 40.35871240104953], [115.47061114776386, 40.358710843997876], [115.47061725414508, 40.35844066320205], [115.47108816360394, 40.35844689063079], [115.47108612877884, 40.35853695091727], [115.47120385632304, 40.35853850747992], [115.47120182164532, 40.358628567769834], [115.47131954935521, 40.358630124217626], [115.47131751482485, 40.35872018451097], [115.47190615429473, 40.3587279649778], [115.47190818804242, 40.35863790465984], [115.47214364358152, 40.35864101599823], [115.47214567700696, 40.35855095566894], [115.47238113226969, 40.358554066518344], [115.47238316537289, 40.358464006177705], [115.47273634786617, 40.35846867153869], [115.4727383804906, 40.35837861118179], [115.47297383521887, 40.35838172081369], [115.47297586752107, 40.358291660445474], [115.47321132197297, 40.35829476958839], [115.47320928998383, 40.358384829966454], [115.47332701738004, 40.358386384363165], [115.47332498553828, 40.35847644474467], [115.4734427131002, 40.3584779990265], [115.4734406814058, 40.358568059411425], [115.47355840913345, 40.3585696135784], [115.47356044067129, 40.35847955318856], [115.47367816825155, 40.35848110723084], [115.47368019962371, 40.35839104683459], [115.4737979270566, 40.35839260075217], [115.47380198946034, 40.358212479945344], [115.47391971658932, 40.358214033733304], [115.47392174762093, 40.35812397332274], [115.4747458366845, 40.35813484645011], [115.47474786661124, 40.35804478600365], [115.47498332039875, 40.3580478915236], [115.47498535000327, 40.35795783106582], [115.47533853028361, 40.357962488432634], [115.4753365011487, 40.358052548905164], [115.47545422808366, 40.358054101126115], [115.47545625706204, 40.35796404064868], [115.47592716426725, 40.357970248315034], [115.47592310755358, 40.358150369307694], [115.47604083469083, 40.358151920934645], [115.47603880647681, 40.35824198143364], [115.47615653377976, 40.35824353294572], [115.47616261792473, 40.357973351429514], [115.47639807161885, 40.35797645406487], [115.47639604389272, 40.35806651458159], [115.47651377091002, 40.358068065724495], [115.47651174333129, 40.358158126244625], [115.47662947051425, 40.35815967727267], [115.47662136073403, 40.35851991935792], [115.47673908855229, 40.358521470285794], [115.47673706124088, 40.3586115308083], [115.47709024522017, 40.35861618288798], [115.47708821836923, 40.35870624342369], [115.47720594653715, 40.358707793882246], [115.4771978396682, 40.359068036029846], [115.47708011087411, 40.359066485551665], [115.47707808397747, 40.35915654607993], [115.47719581292809, 40.35915809656303], [115.47719175942046, 40.359338217624895], [115.47801586452228, 40.3593490677212], [115.47801789018486, 40.35925900715669], [115.47825334855453, 40.35926210609629], [115.4782553738949, 40.35917204552046], [115.4786085610483, 40.35917669301678], [115.47860653617758, 40.35926675360731], [115.47895972388282, 40.359271400040235], [115.47895769947256, 40.35936146064397], [115.47931088772961, 40.359366106013496], [115.47930886377988, 40.35945616663046], [115.4794265933737, 40.35945771485229], [115.47942052193935, 40.35972789670889], [115.47906733177638, 40.359723251639934], [115.479065307477, 40.359813312241116], [115.47882984710091, 40.359810214919726], [115.47882782247935, 40.35990027550962], [115.47871009214843, 40.35989872666433], [115.4787080673612, 40.359988787247836], [115.4784726064137, 40.359985689188086], [115.47847058130421, 40.36007574976029], [115.47811738948185, 40.36007110175754], [115.47811941506097, 40.35998104120004], [115.47764849338527, 40.35997484220557], [115.47764646717994, 40.36006490274345], [115.47752873662732, 40.36006335269045], [115.47752671025631, 40.36015341322194], [115.4772912488654, 40.360150312746754], [115.47728922217213, 40.36024037326693], [115.47670056807208, 40.36023261995808], [115.47670259554808, 40.36014255946244], [115.47646713428517, 40.360139457310176], [115.47646916206511, 40.360049396822866], [115.47635143160393, 40.36004784557196], [115.4763534595313, 40.35995778508805], [115.47623572923578, 40.35995623372225], [115.47623775731056, 40.35986617324178], [115.47612002718076, 40.359864621761105], [115.4761139424594, 40.36013480318336], [115.4759962118691, 40.36013325156816], [115.4759941834538, 40.36022331203436], [115.47575872198757, 40.36022020843477]], [[115.47649349471112, 40.3589686708587], [115.47661122330292, 40.35897022193091], [115.476617305789, 40.35870004039158], [115.47649957766683, 40.35869848933411], [115.47649349471112, 40.3589686708587]]]}}, {"type": "Feature", "properties": {"year": 2021, "water_area_km2": 0.2651}, "geometry": {"type": "Polygon", "coordinates": [[[115.42573905506102, 40.36396428389385], [115.42576839209715, 40.36270346802472], [115.42588612436123, 40.36270507085103], [115.42588821963635, 40.362615012558365], [115.42647688031573, 40.362623024867624], [115.42647897479866, 40.36253296654811], [115.42694990288598, 40.36253937421897], [115.42695199673324, 40.36244931587769], [115.42730519242826, 40.36245412035781], [115.42730728579643, 40.36236406199982], [115.42766048110676, 40.36236886538661], [115.42766257399583, 40.36227880701193], [115.4280157689215, 40.3622836093054], [115.42801786133147, 40.362193550914014], [115.42931290839677, 40.36221115004376], [115.42931499907526, 40.362121091595185], [115.42978592493758, 40.362127487664736], [115.42978801498043, 40.362037429194444], [115.43002347765506, 40.362040626500345], [115.43002556737538, 40.36195056801842], [115.43026102977461, 40.361953764835064], [115.43026311917242, 40.36186370634153], [115.43061631237231, 40.36186850065287], [115.43061840129104, 40.361778442142665], [115.43073613221996, 40.36178004000182], [115.43074866459517, 40.361239688878825], [115.4306309346055, 40.361238091050026], [115.43063511230163, 40.361057974007174], [115.43051738263448, 40.361056376068696], [115.43053200536986, 40.36042596640694], [115.4304142768079, 40.36042436838408], [115.43041845496056, 40.36024425133452], [115.43030072672111, 40.36024265320198], [115.43030699434904, 40.35997247763157], [115.43042472211887, 40.35997407574896], [115.43042681115281, 40.359884017217425], [115.43066226640768, 40.3598872130827], [115.43066435511913, 40.35979715453957], [115.43184163039342, 40.35981312662849], [115.4318395432473, 40.35990318522215], [115.43207499872821, 40.35990637821267], [115.43207082503392, 40.36008649541573], [115.43195309697568, 40.36008489897027], [115.43195100995786, 40.360174957564496], [115.4318332817525, 40.36017336099419], [115.43183119456873, 40.360263419581884], [115.43171346621627, 40.36026182288674], [115.43170720413886, 40.36053199862566], [115.43158947532618, 40.360530401795586], [115.43158530024778, 40.36071051893727], [115.43170302937352, 40.36071211577746], [115.43169676715489, 40.36098229149393], [115.43193222637389, 40.360985484845266], [115.43193431347645, 40.3608954262645], [115.43205204294351, 40.36089702275543], [115.43205412988011, 40.36080696416811], [115.43217185920005, 40.3608085605342], [115.4321760327319, 40.36062844334499], [115.4322937617482, 40.3606300395812], [115.43229584834346, 40.36053998097929], [115.43241357721263, 40.360541577090665], [115.43241566364195, 40.36045151848219], [115.43253339236398, 40.36045311446873], [115.43253547862734, 40.36036305585374], [115.43277093578656, 40.360366247457364], [115.43277302172746, 40.36027618883076], [115.43300847861123, 40.36027937994513], [115.43301056422963, 40.36018932130694], [115.43336374915626, 40.36019410706499], [115.43336583429561, 40.36010404841016], [115.43348356246678, 40.36010564341822], [115.43348564744021, 40.36001558475684], [115.43360337546424, 40.36001717964009], [115.43360546027174, 40.35992712097215], [115.43372318814862, 40.35992871573056], [115.43372735742237, 40.35974859838016], [115.43384508499557, 40.35975019300868], [115.43384925391861, 40.359570075642175], [115.43396698118819, 40.35957167014083], [115.43396906547909, 40.3594816114503], [115.43455770118524, 40.35948958212164], [115.43455561767699, 40.359579640837396], [115.43514425440077, 40.35958760853943], [115.43514633712634, 40.359497549798455], [115.43632360971309, 40.359513476168495], [115.43632152855282, 40.359603534959874], [115.43667471098152, 40.35960831055026], [115.43667679167218, 40.35951825174377], [115.43714770108238, 40.359524617500526], [115.43714978113753, 40.359434558672405], [115.4375029628241, 40.359439331717155], [115.43750504240026, 40.35934927287242], [115.43774049659183, 40.3593524542933], [115.43774257584556, 40.359262395437], [115.43809575673362, 40.359267166654845], [115.43809783550839, 40.35917710778196], [115.4383332891676, 40.35918028798488], [115.43833952449641, 40.35891011132706], [115.4382217981317, 40.358908521300584], [115.43822803384572, 40.3586383446444], [115.43811030795999, 40.35863675451324], [115.43811862274018, 40.35827651897085], [115.43823634799982, 40.35827810908187], [115.43824050502064, 40.35809799129164], [115.43835822997661, 40.35809958127283], [115.43836030831643, 40.35800952237043], [115.43859575794349, 40.35801270196343], [115.43859783596088, 40.35792264304948], [115.43871556063195, 40.35792423266128], [115.43871763848347, 40.35783417374082], [115.43895308754067, 40.35783735259504], [115.43895516506976, 40.35774729366299], [115.4390728894559, 40.35774888290542], [115.4390749668191, 40.357658823966865], [115.4391926910581, 40.35766041308448], [115.43919476825542, 40.357570354139405], [115.43931249234727, 40.357571943132214], [115.43931456937868, 40.357481884180615], [115.43943229332339, 40.35748347304862], [115.43943437018893, 40.3573934140905], [115.43955209398649, 40.357395002833705], [115.43955417068614, 40.35730494386905], [115.43990734166545, 40.35730970936497], [115.43990941788617, 40.35721965038374], [115.44002714140818, 40.35722123863781], [115.44002921746304, 40.357131179650054], [115.44050011101855, 40.357137531448494], [115.44049803558973, 40.35722759045634], [115.44061575915855, 40.35722917811156], [115.44060745797576, 40.35758941414809], [115.44048973378088, 40.357587826472795], [115.44048558282029, 40.35776794447204], [115.44036785832176, 40.35776635666691], [115.44036370701068, 40.35794647465014], [115.44024598220847, 40.35794488671519], [115.44024390638235, 40.35803494569952], [115.44012618143297, 40.358033357639776], [115.44012410544099, 40.3581234166176], [115.44000638034446, 40.35812182843304], [115.44000430418659, 40.358211887404345], [115.43988657894289, 40.35821029909499], [115.43987827359162, 40.35857053494513], [115.4397605477312, 40.3585689464959], [115.43975224160397, 40.35892918230199], [115.43951678865903, 40.35892600500398], [115.43951471179074, 40.35901606394171], [115.43927925857018, 40.35901288615451], [115.43927718137948, 40.359102945080686], [115.43880627442472, 40.35909658804881], [115.43880419659853, 40.359186646953376], [115.4385687428643, 40.35918346770869], [115.43856666471568, 40.3592735266017], [115.43868439173463, 40.35927511628897], [115.43866984552749, 40.35990552853338], [115.4385521174128, 40.35990393881091], [115.43854588271381, 40.36017411544956], [115.43842815413888, 40.360172525592205], [115.43842399731294, 40.360352643333776], [115.43854172620094, 40.360354233201186], [115.43853756965056, 40.36053435094682], [115.43865529886102, 40.360535940704516], [115.43865322072831, 40.36062599958013], [115.43877095010467, 40.36062758922306], [115.43876471611998, 40.360897765855995], [115.43864698627397, 40.360896176197976], [115.43864490810375, 40.3609862350676], [115.4384094481268, 40.360983055382114], [115.43840736963415, 40.3610731142402], [115.4380541792694, 40.36106834379846], [115.43805210029772, 40.36115840263994], [115.43781663978835, 40.36115522173645], [115.43781456049422, 40.36124528056637], [115.43769683009705, 40.36124368992991], [115.437694750637, 40.361333748753296], [115.43757702009266, 40.361332157992], [115.43757494046667, 40.361422216808855], [115.43733947909307, 40.36141903491685], [115.4373373991446, 40.36150909372215], [115.43721966831532, 40.361507502591415], [115.43721758820092, 40.361597561390184], [115.4369821262574, 40.36159437875929], [115.43698004582053, 40.36168443754648], [115.43686231470632, 40.361682846046314], [115.4368602341035, 40.36177290482698], [115.4366247715901, 40.3617697214572], [115.4366226906648, 40.36185978022629], [115.43638722787585, 40.36185659636728], [115.43638514662807, 40.3619466551248], [115.43614968356357, 40.361943470776545], [115.43614760199331, 40.3620335295225], [115.43602987031858, 40.362031937163636], [115.43602570683673, 40.362212054640956], [115.43579024288928, 40.36220886954372], [115.43578816082116, 40.362298928270064], [115.43508176826488, 40.36228937007305], [115.43507968524807, 40.36237942876765], [115.4343732920907, 40.36236986622784], [115.43437120812517, 40.36245992489068], [115.43401801120372, 40.36245514198843], [115.4340159267591, 40.36254520063464], [115.4338981943142, 40.362543606089254], [115.43389610970362, 40.36263366472893], [115.43377837711158, 40.36263207005871], [115.43377629233505, 40.362722128691836], [115.43365855959586, 40.36272053389677], [115.43365647465336, 40.36281059252335], [115.433538741767, 40.362808997603445], [115.43353665665855, 40.3628990562235], [115.43259479265392, 40.362886292511256], [115.4325927062836, 40.36297635108941], [115.4324749731688, 40.36297475508125], [115.43247288663251, 40.36306481365285], [115.43235515337057, 40.363063217519844], [115.43235306666831, 40.363153276084915], [115.43199986646928, 40.36314848695197], [115.43199777928794, 40.36323854550037], [115.43129137820478, 40.36322896396968], [115.43129346632549, 40.3631389054516], [115.43070479979798, 40.36313091757357], [115.43069435518622, 40.36358121002266], [115.43057662112618, 40.36357961206237], [115.430574532019, 40.363669670542656], [115.43010359524686, 40.36366327748335], [115.43010568498029, 40.363573219023294], [115.42987021696389, 40.36357002178497], [115.42987857705587, 40.36320978797032], [115.42976084368804, 40.36320818919169], [115.4297650239906, 40.363028072285495], [115.42952955790949, 40.363024874389104], [115.42953164835973, 40.36293481594389], [115.42941391548989, 40.36293321682106], [115.42941182488308, 40.36302327526121], [115.4292940918661, 40.36302167601354], [115.42929200109332, 40.363111734447145], [115.42905653477452, 40.36310853558228], [115.4290544436792, 40.363198594004245], [115.42893671037741, 40.36319699438706], [115.42893461911606, 40.36328705280249], [115.42881688566715, 40.36328545306044], [115.42881479423983, 40.363375511469314], [115.42857932705718, 40.3633723116157], [115.4285772353073, 40.36346237001294], [115.42834176784926, 40.363459169670016], [115.42833967577683, 40.36354922805563], [115.4282219419054, 40.36354762769941], [115.42822403413437, 40.363457569318854], [115.42763536570163, 40.363449565766125], [115.42763327268982, 40.363539624121344], [115.42751553887504, 40.36353802304635], [115.42751763204339, 40.3634479646962], [115.42728216475527, 40.36344476219693], [115.42728425822729, 40.3633547038554], [115.42716652475396, 40.36335310243115], [115.4271686183731, 40.36326304409319], [115.42705088506575, 40.3632614425542], [115.42705297883204, 40.36317138421981], [115.42717071198281, 40.36317298575373], [115.42717699275526, 40.362902810726396], [115.42694152740249, 40.36289960756918], [115.42693943350801, 40.36298966590297], [115.42682170068922, 40.3629880641396], [115.42681751255881, 40.363168180792584], [115.42669977943635, 40.36316657889929], [115.42669559095503, 40.36334669553615], [115.42657785752891, 40.36334509351292], [115.42657366869666, 40.36352521013364], [115.4264559349669, 40.36352360798047], [115.42645384038003, 40.36361366628353], [115.42633610650314, 40.36361206400548], [115.4263340117503, 40.363702122301966], [115.42621627772625, 40.363700519899055], [115.4262141828074, 40.36379057818897], [115.42609644863627, 40.36378897566119], [115.42609435355139, 40.36387903394455], [115.42585888492435, 40.363875828519454], [115.42585678951693, 40.36396588679116], [115.42573905506102, 40.36396428389385]], [[115.43059124461263, 40.36294920265858], [115.43070897757676, 40.362950800583455], [115.43071315531782, 40.36277068358735], [115.43083088797825, 40.36277228138233], [115.43083297667809, 40.36268222287698], [115.43095070919136, 40.3626838205471], [115.43095279772524, 40.362593762035196], [115.4310705300914, 40.36259535958048], [115.43107261845927, 40.36250530106203], [115.4311903506783, 40.36250689848245], [115.43119243888023, 40.36241683995744], [115.43131017095213, 40.36241843725302], [115.43131225898806, 40.362328378721465], [115.43166545479058, 40.36233316987428], [115.43165919206348, 40.36260334550994], [115.43177692448614, 40.36260494233645], [115.43177483704817, 40.36269500088373], [115.43201030223486, 40.36269819418748], [115.43201238935973, 40.362608135630104], [115.43224785427095, 40.36261132844457], [115.43224994107331, 40.36252126987558], [115.4323676733865, 40.362522866098075], [115.43236976002288, 40.36243280752253], [115.43248749218894, 40.36243440362018], [115.43249166512034, 40.36225428645452], [115.4326093969827, 40.362255882422275], [115.43261356956334, 40.36207576524053], [115.43273130112202, 40.3620773610784], [115.43273755945278, 40.3618071852794], [115.43261982836376, 40.361805589456694], [115.43262191461176, 40.36171553085909], [115.43238645277505, 40.36171233886439], [115.43238853932674, 40.36162228027539], [115.43215307784078, 40.36161908781164], [115.43215516469614, 40.36152902923124], [115.43203743412384, 40.36152743282474], [115.43203534711195, 40.361617491400075], [115.43191761639251, 40.36161589486872], [115.43191344202737, 40.36179601200482], [115.43179571100424, 40.36179441534357], [115.431793623651, 40.361884473904325], [115.43167589248077, 40.36188287711825], [115.43167380496156, 40.36197293567244], [115.43155607364419, 40.361971338761506], [115.431553985959, 40.362061397309155], [115.43143625449447, 40.36205980027338], [115.43143416664334, 40.362149858814476], [115.43119870342946, 40.36214666437344], [115.4311966152558, 40.362236722902935], [115.43107888350644, 40.362235125497676], [115.43107679516682, 40.36232518402063], [115.43084133138322, 40.36232198884062], [115.43083924272108, 40.36241204735195], [115.43048604664673, 40.36240725366832], [115.43047560084631, 40.362857546126726], [115.43059333364444, 40.36285914416633], [115.43059124461263, 40.36294920265858]]]}}, {"type": "Feature", "properties": {"year": 2021, "water_area_km2": 0.0468}, "geometry": {"type": "Polygon", "coordinates": [[[115.48104246177999, 40.36092034822381], [115.48104448352748, 40.360830287557256], [115.48080901939697, 40.360827194201065], [115.48081104144845, 40.36073713354282], [115.48045784579075, 40.36073249262474], [115.48045582326962, 40.36082255326831], [115.48022035923032, 40.36081945871416], [115.48022238206457, 40.36072939808038], [115.47986918654374, 40.36072475536541], [115.47987120983854, 40.36063469474483], [115.47963574651672, 40.360631599012336], [115.47964384085701, 40.36027135655433], [115.47976157188715, 40.360272904460885], [115.47976561868944, 40.36009278321313], [115.4798833494156, 40.360094330990094], [115.4798853726465, 40.36000427035908], [115.48000310322526, 40.360005818011366], [115.48000512629048, 40.35991575737396], [115.48024058716226, 40.35991885230934], [115.48024867807953, 40.35955860970567], [115.48013094826528, 40.359557062317464], [115.48013701682707, 40.35928688036375], [115.48072566364142, 40.35929461603345], [115.48072364157933, 40.35938467671066], [115.48119455982116, 40.3593908631098], [115.48119658125707, 40.35930080241302], [115.48190295795409, 40.35931007838872], [115.48190093745745, 40.35940013911486], [115.48225412639866, 40.35940477550024], [115.48225210636252, 40.35949483623956], [115.48236983618436, 40.35949638146666], [115.48236781629566, 40.359586442209384], [115.48248554628316, 40.35958798732158], [115.48248352654191, 40.35967804806771], [115.48307217739875, 40.35968577185631], [115.48307419635728, 40.35959571108576], [115.48330965645066, 40.359598799752895], [115.48331167508698, 40.359508738971066], [115.4834294049908, 40.359510283120066], [115.4834314234615, 40.35942022233185], [115.48354915321787, 40.35942176635617], [115.48355117152288, 40.359331705561594], [115.48366890113182, 40.35933324946124], [115.48367293740145, 40.359153127857816], [115.48379066670641, 40.35915467162789], [115.48379672057297, 40.358884489196946], [115.48391444941741, 40.358886032832594], [115.48392050273243, 40.35861585037356], [115.48403823111633, 40.35861739387476], [115.4840422663011, 40.3584372722182], [115.48415999438103, 40.35843881558984], [115.48416806401521, 40.35807857223928], [115.4842857914781, 40.358080115471594], [115.48428982592752, 40.35789999377759], [115.48440755308644, 40.35790153688037], [115.48440957014095, 40.357811476026264], [115.48452729715244, 40.35781301900437], [115.48452931404134, 40.357722958143874], [115.48464704090539, 40.35772450099732], [115.48465107434284, 40.35754437926211], [115.4847688009029, 40.35754592198601], [115.48477081745146, 40.35745586111126], [115.48547717606375, 40.35746511490994], [115.48547516045438, 40.357555175813964], [115.48571061371095, 40.35755825946504], [115.48570859840555, 40.357648320377315], [115.48594405201155, 40.35765140355901], [115.48594203701013, 40.35774146447955], [115.48617749096555, 40.35774454719188], [115.48617547626812, 40.35783460812068], [115.48652865773899, 40.35783923130544], [115.48652664350209, 40.357929292247384], [115.48664437083374, 40.35793083307427], [115.48664235674427, 40.3580208940196], [115.48676008424155, 40.35802243473159], [115.48675807029954, 40.35811249568031], [115.48687579796244, 40.35811403627738], [115.48687378416786, 40.358204097229496], [115.48663832853808, 40.35820101590581], [115.48664034264573, 40.35811095496346], [115.48640488736531, 40.35810787317038], [115.48640690177695, 40.3580178122363], [115.48617144684599, 40.35801472997384], [115.48617346156159, 40.357924669048], [115.48605573426627, 40.35792312774199], [115.48605774912933, 40.35783306681954], [115.48570456776751, 40.357828442197395], [115.48570658309107, 40.357738381288094], [115.48500022155211, 40.357729128838955], [115.48499820528934, 40.357819189718974], [115.48476275120271, 40.35781610460124], [115.48476073461777, 40.357906165470006], [115.48452528025445, 40.35790307986336], [115.48452326334734, 40.35799314072088], [115.4844055360228, 40.357991597733], [115.48439948477733, 40.358261780281936], [115.48428175699229, 40.35826023715963], [115.48427772247005, 40.358440358841705], [115.4843954505682, 40.358441901973784], [115.48438939918624, 40.358712084500354], [115.48427167061848, 40.35871054135363], [115.48426158401722, 40.35916084551036], [115.48414385467586, 40.35915930221943], [115.48413981965855, 40.35933942386192], [115.48402209001323, 40.359337880441444], [115.48401805464644, 40.3595180020682], [115.48390032469709, 40.359516458518144], [115.48389830684351, 40.35960651932441], [115.48378057674672, 40.35960497564969], [115.48377654069914, 40.35978509724796], [115.48365881029837, 40.35978355344367], [115.48365679210437, 40.359873614235696], [115.48353906155617, 40.359872070306736], [115.48353704319652, 40.359962131092374], [115.48341931250087, 40.359960587038735], [115.48341729397556, 40.360050647818], [115.48259317826509, 40.360039836054156], [115.48259115863483, 40.36012989679771], [115.48235569677217, 40.36012680663442], [115.48235367681968, 40.3602168673667], [115.48211821468037, 40.360213776714474], [115.48211619440566, 40.360303837435495], [115.48188073198969, 40.3603007462943], [115.48187669078676, 40.3604808677123], [115.48175895927933, 40.360479321952226], [115.48175087613787, 40.36083956475076], [115.48163314401336, 40.36083801885133], [115.48163112304864, 40.360928079542354], [115.48104246177999, 40.36092034822381]]]}}, {"type": "Feature", "properties": {"year": 2021, "water_area_km2": 0.0107}, "geometry": {"type": "Polygon", "coordinates": [[[115.45673986858391, 40.35762567404281], [115.45674192243173, 40.35753561434818], [115.45650647243859, 40.357532471726266], [115.4565085265902, 40.35744241204009], [115.45639080176404, 40.35744084055444], [115.45639491035247, 40.35726072118755], [115.45651263486558, 40.357262292663265], [115.45651674310389, 40.357082173280446], [115.45663446731322, 40.35708374462643], [115.45663652126197, 40.356993684927815], [115.45698969347598, 40.35699839823221], [115.45699174694589, 40.35690833851718], [115.45734491877373, 40.356913050728686], [115.45734697176484, 40.35682299099726], [115.45781786703881, 40.3568292722492], [115.4578199193946, 40.35673921249641], [115.4585262616442, 40.35674863075131], [115.45852421022752, 40.35683869053391], [115.45875965803114, 40.356841829003955], [115.45875760691821, 40.356931888794996], [115.45887533099042, 40.35693345785533], [115.4588732800248, 40.35702351764985], [115.45899100426276, 40.35702508659536], [115.4589889534444, 40.35711514639334], [115.45887122904992, 40.35711357744286], [115.4588691780658, 40.357203637234406], [115.45780965752313, 40.35718951124548], [115.45780760512103, 40.35727957099081], [115.45745443130387, 40.35727486015698], [115.45745237842297, 40.3573649198859], [115.45721692894479, 40.35736177872119], [115.4572148757416, 40.35745183843869], [115.45709715085985, 40.3574502676717], [115.45709509749088, 40.35754032738273], [115.45685964744217, 40.357537185479465], [115.4568575937509, 40.357627245179074], [115.45673986858391, 40.35762567404281]]]}}, {"type": "Feature", "properties": {"year": 2021, "water_area_km2": 0.0174}, "geometry": {"type": "Polygon", "coordinates": [[[115.53653927287314, 40.354158773244585], [115.53654122030504, 40.354068710196366], [115.53642349702014, 40.354067220276136], [115.53642933973269, 40.35379703113673], [115.53631161692611, 40.35379554111087], [115.53631551233693, 40.35361541501994], [115.53619778985217, 40.353613924883746], [115.53620558119444, 40.35325367270292], [115.53632330305312, 40.353255162820254], [115.53632719835852, 40.353075036711516], [115.53644491991298, 40.35307652669964], [115.53644881487021, 40.35289640057551], [115.53656653612045, 40.35289789043444], [115.53656848342938, 40.352807827365446], [115.53680392564316, 40.35281080671455], [115.5368058726303, 40.35272074363463], [115.53715903554733, 40.352725211745884], [115.53715708902972, 40.35281527483994], [115.53727481017616, 40.35281676397553], [115.53727286380628, 40.35290682707282], [115.53750830643847, 40.3529098049941], [115.53750636037283, 40.35299986809932], [115.53762408185861, 40.353001356885024], [115.53762019001401, 40.35318148310045], [115.5377379118216, 40.3531829717758], [115.53773985759177, 40.35309290866412], [115.5378575792516, 40.35309439721499], [115.53785952485647, 40.3530043340971], [115.53821268941911, 40.35300879901695], [115.53821074428377, 40.353098862148954], [115.53832846597871, 40.353100350220735], [115.5383265209911, 40.35319041335597], [115.53844424285133, 40.35319190131267], [115.5384364634392, 40.353552153857585], [115.53773012865315, 40.35354322420766], [115.53773207445845, 40.35345316110193], [115.53761435218131, 40.35345167241243], [115.53761240621954, 40.35354173551348], [115.53749468379468, 40.3535402466995], [115.53749273766759, 40.35363030979434], [115.53737501509504, 40.35362882085588], [115.53736917619155, 40.35389901011733], [115.53725145315819, 40.353897521044956], [115.53724950668297, 40.35398758412445], [115.53713178350188, 40.35398609492758], [115.53712983686135, 40.35407615800085], [115.53689439021248, 40.354073179238384], [115.53689244325012, 40.35416324230074], [115.53653927287314, 40.354158773244585]]]}}, {"type": "Feature", "properties": {"year": 2021, "water_area_km2": 0.5051}, "geometry": {"type": "Polygon", "coordinates": [[[115.52455893115483, 40.358150562575766], [115.52456089480232, 40.35806050007407], [115.52444316520788, 40.35805899783792], [115.52444512900306, 40.35796893533948], [115.52456285844093, 40.35797043757086], [115.52456482207069, 40.3578803750662], [115.52468255136088, 40.35788187717304], [115.52468451482522, 40.35779181466213], [115.52480224396776, 40.35779331664444], [115.5248042072667, 40.35770325412728], [115.52492193626152, 40.35770475598503], [115.52492389939508, 40.357614693461656], [115.5251593570982, 40.35761769680829], [115.52516131990983, 40.35752763427392], [115.52527904861812, 40.3575291357628], [115.52528101126434, 40.35743907322218], [115.52539873982494, 40.35744057458652], [115.52540070230577, 40.357350512039666], [115.52551843071868, 40.35735201327946], [115.52552039303413, 40.35726195072638], [115.52563812129935, 40.357263451841646], [115.52564008344939, 40.35717338928232], [115.52575781156693, 40.35717489027305], [115.5257597735516, 40.35708482770749], [115.52587750152144, 40.35708632857368], [115.52587946334069, 40.35699626600187], [115.52599719116287, 40.356997766743525], [115.52599915281674, 40.3569077041655], [115.52611688049122, 40.35690920478261], [115.5261188419797, 40.35681914219835], [115.5262365695065, 40.35682064269093], [115.52623853082959, 40.356730580100425], [115.52635625820868, 40.356732080468475], [115.52635821936641, 40.35664201787174], [115.52647594659783, 40.35664351811525], [115.52647790759016, 40.35655345551227], [115.52659563467387, 40.35655495563125], [115.52659759550085, 40.35646489302206], [115.52671532243686, 40.35646639301651], [115.52671728309844, 40.356376330401076], [115.52707046348998, 40.35638082965148], [115.52707242367313, 40.35629076702032], [115.52742560367463, 40.35629526517844], [115.52742756337933, 40.356205202531555], [115.52766301644483, 40.35620820069523], [115.5276649758276, 40.35611813803737], [115.52790042861537, 40.35612113571242], [115.52790238767628, 40.35603107304358], [115.52802011392689, 40.356032571696694], [115.5280220728224, 40.35594250902163], [115.52825752503708, 40.355945505959006], [115.5282594836107, 40.355855443272986], [115.52849493554763, 40.35585843972176], [115.52849689379937, 40.35576837702475], [115.52873234545858, 40.355771372984925], [115.52873430338842, 40.35568131027695], [115.52885202907476, 40.355682808072615], [115.52885398683924, 40.35559274535842], [115.52908943792534, 40.35559574058094], [115.52909139536791, 40.35550567785578], [115.52920912076769, 40.355507175282625], [115.52921107804491, 40.355417112551244], [115.52932880329698, 40.355418609853565], [115.52933076040885, 40.355328547115974], [115.52944848551321, 40.35533004429377], [115.52945044245976, 40.35523998154993], [115.53003906733134, 40.35524746561859], [115.53004102348643, 40.355157402849585], [115.5301587483307, 40.35515889929924], [115.53016070432041, 40.35506883652402], [115.53027842901697, 40.35507033284916], [115.53028038484136, 40.35498027006771], [115.53051583394792, 40.35498326234919], [115.53051778945041, 40.354893199556784], [115.53063551386039, 40.354894695513124], [115.53063746919757, 40.3548046327145], [115.53075519345985, 40.35480612854632], [115.53075714863168, 40.354716065741485], [115.53099259686965, 40.35471905703633], [115.5309945517196, 40.35462899422053], [115.53122999967982, 40.3546319850268], [115.5312319542079, 40.35454192220006], [115.53158512574478, 40.35454640749693], [115.53159294189078, 40.35418615611833], [115.53194611162874, 40.354190640280436], [115.53194806517367, 40.35410057741789], [115.53206578828075, 40.35410207189432], [115.53206774166034, 40.354012009025546], [115.53242091056494, 40.35401649172198], [115.53242872211698, 40.35365624017528], [115.53231099976603, 40.353654746081844], [115.53231295278853, 40.35356468319618], [115.53219523060291, 40.353563188987685], [115.53219327742389, 40.353653251868614], [115.53207555509056, 40.35365175753561], [115.53207164839309, 40.35383188328354], [115.53171848050687, 40.353827399537515], [115.53172629574476, 40.35346714809248], [115.53184401773862, 40.35346864277533], [115.53185378580515, 40.35301832841195], [115.53150062219765, 40.353013844075], [115.53150257625404, 40.352923781212056], [115.53138485522568, 40.352922286198265], [115.53139267198911, 40.35256203475057], [115.53151039239147, 40.352563529745446], [115.53151234640379, 40.352473466875054], [115.53127690592092, 40.35247047677503], [115.53128081454516, 40.35229035104876], [115.53116309462996, 40.352288855828554], [115.53116700353192, 40.3521087301058], [115.53104928393854, 40.35210723477529], [115.53105514769484, 40.35183704619423], [115.5309374285798, 40.35183555075815], [115.53094329272628, 40.351565362177915], [115.53106101137182, 40.3515668575998], [115.53106492044573, 40.35138673186275], [115.53118263878712, 40.3513882271554], [115.53118459315435, 40.3512981642799], [115.53130231134806, 40.35129965944807], [115.53130621974309, 40.35111953368319], [115.5314239376326, 40.35112102872211], [115.53142979968955, 40.35085084004944], [115.53154751711843, 40.3508523349544], [115.53155142479935, 40.35067220915574], [115.53190457619988, 40.3506766931237], [115.53190848290662, 40.350496567290705], [115.53179076607728, 40.35049507276393], [115.53179271957391, 40.35040500984994], [115.53167500290985, 40.35040351520814], [115.53167695655416, 40.35031345229739], [115.53155924005542, 40.35031195754057], [115.53156119384741, 40.350221894633066], [115.53144347751395, 40.35022039976121], [115.53144543145362, 40.35013033685694], [115.53132771528547, 40.350128841870074], [115.5313296693728, 40.35003877896905], [115.53121195336993, 40.350037283867145], [115.53121586183114, 40.34985715807012], [115.53109814615009, 40.34985566285792], [115.53110010052394, 40.34976559996192], [115.53098238500816, 40.349764104634694], [115.53100779310029, 40.34859328691297], [115.53089007962758, 40.34859179152751], [115.53089985235634, 40.348141476975975], [115.53101756504672, 40.34814297233776], [115.53101951940957, 40.34805290941827], [115.53113723195226, 40.348054404655585], [115.53114114033856, 40.34787427880267], [115.53137656482457, 40.34787726889911], [115.53137851869154, 40.34778720596096], [115.53173165501724, 40.347791690193326], [115.53173360840601, 40.34770162723951], [115.53196903235424, 40.34770461611955], [115.53197098542128, 40.34761455315478], [115.53208869725214, 40.347616047410455], [115.53209065015389, 40.34752598443947], [115.53220836183712, 40.347527478570655], [115.53221031457358, 40.34743741559346], [115.53232802610913, 40.347438909600164], [115.53232997868035, 40.347348846616754], [115.53256540146494, 40.34735183426149], [115.53256735371441, 40.34726177126713], [115.53280277622132, 40.34726475842342], [115.53280472814905, 40.347174695418126], [115.53292243925925, 40.34717618881193], [115.53292439102172, 40.34708612580043], [115.53315981295556, 40.34708911221934], [115.53316176439631, 40.346999049196896], [115.53327947521998, 40.347000542222], [115.53328142649548, 40.34691047919335], [115.53351684785629, 40.346913464874866], [115.53351879881005, 40.34682340183529], [115.53375421989317, 40.34682638702839], [115.5337561705252, 40.346736323977865], [115.53399159133058, 40.346739308682544], [115.53399354164088, 40.3466492456211], [115.53422896216854, 40.346652229837346], [115.53423091215713, 40.34656216676497], [115.53446633240706, 40.3465651504928], [115.53446828207393, 40.34647508740949], [115.53458599205561, 40.34647657908906], [115.53458794155728, 40.346386515999555], [115.53482336123409, 40.34638949899004], [115.53482531041404, 40.346299435889605], [115.53506072981313, 40.34630241839167], [115.53506267867134, 40.3462123552803], [115.53529809779269, 40.34621533729397], [115.53530004632921, 40.34612527417168], [115.5355354651728, 40.34612825569694], [115.53553741338763, 40.346038192563725], [115.53589054124954, 40.346042663939386], [115.53589248898622, 40.34595260079054], [115.53612790729184, 40.34595558109951], [115.53612985470681, 40.34586551793974], [115.53648298176178, 40.345869987490985], [115.53648103481618, 40.345960050664885], [115.53671645320964, 40.34596302977643], [115.53671450656813, 40.34605309295829], [115.53683221593451, 40.346054582339164], [115.53683026944069, 40.346144645524255], [115.5369479789723, 40.3461461347901], [115.53694603262615, 40.346236197978406], [115.53706374232297, 40.34623768712921], [115.53705790370128, 40.34650787669938], [115.53717561387627, 40.34650936574459], [115.53716782955027, 40.34686961850287], [115.53693240795741, 40.346866640255], [115.53693046154103, 40.34695670343143], [115.53716588344685, 40.34695968168872], [115.53716393733463, 40.347049744873104], [115.53728164845714, 40.347051233826846], [115.53727970249261, 40.347141297014446], [115.53716199121362, 40.34713980805599], [115.53715420664184, 40.3475000607727], [115.53703649474579, 40.347498571675644], [115.53703454842443, 40.34758863484639], [115.53715226047697, 40.34759012394815], [115.53714836812084, 40.34777025029462], [115.5372660804951, 40.34777173928607], [115.53726218841682, 40.34795186563603], [115.53749761381755, 40.34795484327851], [115.5374956680782, 40.34804490646068], [115.53773109382695, 40.34804788363359], [115.5377330392534, 40.347957820441984], [115.53796846472433, 40.34796079712647], [115.53797235492497, 40.34778067071997], [115.53809006736066, 40.34778215887316], [115.53809201229134, 40.34769209566298], [115.53785658774169, 40.34768911924627], [115.53786047820263, 40.34750899284028], [115.53762505431393, 40.34750601596342], [115.53762894536563, 40.34732588957033], [115.53751123374738, 40.347324400961696], [115.53751512507692, 40.347144274572116], [115.5373974137804, 40.347142785853144], [115.53740130538775, 40.34696265946703], [115.53751901637136, 40.34696414817657], [115.5375209620054, 40.34687408497658], [115.53775638368606, 40.34687706202699], [115.53775832899841, 40.346786998816086], [115.53822917183912, 40.346792951461126], [115.53822722715262, 40.34688301469086], [115.5383449380412, 40.346884502557465], [115.53834299350238, 40.34697456579042], [115.53857841561877, 40.34697754117381], [115.53857647138412, 40.347067604414704], [115.53869418261192, 40.347069091931495], [115.53869223852494, 40.34715915517562], [115.53880994991799, 40.34716064257736], [115.53880800597871, 40.34725070582469], [115.538925717537, 40.347252193111395], [115.53892182994511, 40.347432319611045], [115.53903954182508, 40.3474338067874], [115.53903759817244, 40.34752387003971], [115.53986158267298, 40.347534276954256], [115.53985964010685, 40.347624340238], [115.54021277692222, 40.34762879856211], [115.54021083481676, 40.347718861858496], [115.54032854726253, 40.34772034773174], [115.54032660530476, 40.34781041103133], [115.54044431791577, 40.34781189678953], [115.54044237610572, 40.347901960092344], [115.54056008888193, 40.34790344573548], [115.54055814721958, 40.347993509041515], [115.54067586016107, 40.3479949945696], [115.54067391864643, 40.34808505787886], [115.54090934486858, 40.3480880285852], [115.54090740365815, 40.348178091902376], [115.54102511693884, 40.348179577080614], [115.5410231758761, 40.34826964040099], [115.54114088932201, 40.34827112546419], [115.54113894840701, 40.348361188787784], [115.54137437563804, 40.3483641585643], [115.54137631624012, 40.348274095231304], [115.5417294566829, 40.34827854898385], [115.54173139680678, 40.348188485635276], [115.54184911014873, 40.34818996997525], [115.54184717018131, 40.34828003332853], [115.54243573780474, 40.34828745325561], [115.54243767698978, 40.348197389878855], [115.54267310378742, 40.348200357002035], [115.54267504265076, 40.348110293614404], [115.54326360901555, 40.34811770930321], [115.5432655470878, 40.34802764589062], [115.54350097338195, 40.348030611318485], [115.5435029111325, 40.34794054789503], [115.5440914762385, 40.347947959345596], [115.54408953927032, 40.348038022792515], [115.5442072524742, 40.34803950472807], [115.54420337882456, 40.348219631626826], [115.54408566530775, 40.34821814968189], [115.54408372831334, 40.34830821312435], [115.54396601464876, 40.348306731054976], [115.54396407748916, 40.34839679449127], [115.54384636367686, 40.34839531229745], [115.54384442635202, 40.34848537572756], [115.54360899844067, 40.34848241097128], [115.54360706079417, 40.34857247439054], [115.5433716326048, 40.34856950914587], [115.54336969463661, 40.34865957255423], [115.54325198039857, 40.348658089747566], [115.54325004226513, 40.348748153149764], [115.54301461350234, 40.34874518716779], [115.5430126750472, 40.34883525055912], [115.54277724600641, 40.348832284088736], [115.54277530722956, 40.348922347469205], [115.54242216326453, 40.348917896851376], [115.5424202240095, 40.34900796021627], [115.54206707965378, 40.349003508506556], [115.54206513992058, 40.34909357185586], [115.54135885050644, 40.349084665174864], [115.54135690982558, 40.3491747284945], [115.54065061978773, 40.3491658174741], [115.54065256140744, 40.34907575418264], [115.54053484658827, 40.34907426859814], [115.54053678835571, 40.34898420530992], [115.5403013590566, 40.34898123379103], [115.54030330112825, 40.34889117051072], [115.54018558664828, 40.348889684576356], [115.54018752886766, 40.348799621299264], [115.53971667166141, 40.34879367638304], [115.53971278596208, 40.34897380289809], [115.53959507136948, 40.34897231636023], [115.53959118532212, 40.34915244285994], [115.53947347042532, 40.34915095619292], [115.53947152723201, 40.349241019435844], [115.53923609715174, 40.349238045733124], [115.53923415363671, 40.34932810896514], [115.53911643845323, 40.349326621929436], [115.53911449477296, 40.34941668515529], [115.53876134880568, 40.349412223315525], [115.53875551630392, 40.349682412941746], [115.53887323208701, 40.349683900355544], [115.53887128805869, 40.34977396356603], [115.53922443593008, 40.34977842510299], [115.53922637948894, 40.349688361878385], [115.53946181113406, 40.349691335628165], [115.53946569759954, 40.349511209155686], [115.53981884419404, 40.34951566885393], [115.53981495866746, 40.34969579535464], [115.53993267452947, 40.34969728169062], [115.53993073190952, 40.34978734494344], [115.53981301589103, 40.349785858602765], [115.53980913031188, 40.34996598509457], [115.53969141398917, 40.34996449862472], [115.53968947102997, 40.350054561863686], [115.53957175455955, 40.35005307526938], [115.53956981143511, 40.350143138502155], [115.5393343782076, 40.35014016494484], [115.5393304913064, 40.350320291387135], [115.53909505748801, 40.35031731733195], [115.53909311371129, 40.35040738054146], [115.53885767961496, 40.35040440599783], [115.53885573551652, 40.35049446919642], [115.53850258396834, 40.350490006468654], [115.53850063939163, 40.350580069651656], [115.53838292206996, 40.35057858183149], [115.53837903257724, 40.350758708183605], [115.53790816212634, 40.35075275566769], [115.53791399823017, 40.350482566193804], [115.53803171536025, 40.350484054488284], [115.53803366055416, 40.350393991322655], [115.53791594358054, 40.35039250303287], [115.53791788892215, 40.35030243987045], [115.53803560573927, 40.350303928155526], [115.53803755091562, 40.3502138649869], [115.53791983425502, 40.35021237670654], [115.53792177957908, 40.350122313541156], [115.53756863011932, 40.35011784799565], [115.53756668432578, 40.350207911146896], [115.53733125108354, 40.35020493350833], [115.53732930496827, 40.350294996648685], [115.53721158820382, 40.35029350764505], [115.53720964192325, 40.3503835707792], [115.53709192501108, 40.350382081651084], [115.53708997856528, 40.35047214477903], [115.53697226150541, 40.35047065552646], [115.53696836827446, 40.35065078176847], [115.53685065091037, 40.35064929238671], [115.5368467573313, 40.35082941861336], [115.53672903966303, 40.350827929102394], [115.53672319875908, 40.3510981184171], [115.5366054806301, 40.35109662877224], [115.53660158633726, 40.351276754965184], [115.53648386790407, 40.35127526519113], [115.53647607858694, 40.35163551754034], [115.53635835953656, 40.351634027627654], [115.53635446451227, 40.351814153783934], [115.53623674515767, 40.35181266374205], [115.53623284978528, 40.35199278988295], [115.53611513012646, 40.35199129971188], [115.53611318227055, 40.352081362775365], [115.53599546246403, 40.3520798724798], [115.53599156641289, 40.35225999859294], [115.53575612620016, 40.35225701762364], [115.53575417784842, 40.35234708066853], [115.53563645759873, 40.35234558999952], [115.53563450908167, 40.35243565303822], [115.53551678868428, 40.352434162244705], [115.53551484000194, 40.3525242252772], [115.5353971194568, 40.35252273435921], [115.53539322175274, 40.35270286041031], [115.5352755009034, 40.35270136936312], [115.53527355188169, 40.35279143238172], [115.5351558308846, 40.35278994121003], [115.53514803408376, 40.353150193250706], [115.53526575570683, 40.35315168444127], [115.53526380664114, 40.35324174745245], [115.53491064132871, 40.35323727350728], [115.5349067422319, 40.353417399496855], [115.53478902016565, 40.35341590793282], [115.53479291957548, 40.35323578195268], [115.5344397543686, 40.35323130657024], [115.53443585401966, 40.35341143252206], [115.53431813198861, 40.35340994047892], [115.53431618164444, 40.35350000344788], [115.53419845946566, 40.35349851128024], [115.53419650895617, 40.353588574243], [115.53407878662968, 40.35358708195087], [115.53407683595488, 40.35367714490742], [115.53395911348069, 40.35367565249079], [115.53395716264058, 40.35376571544113], [115.53383944001865, 40.35376422290001], [115.53383748901322, 40.35385428584412], [115.5340729345789, 40.353857270816036], [115.53407098387773, 40.353947333768126], [115.53430642979163, 40.35395031827039], [115.53430252898892, 40.35413044418899], [115.53465569886488, 40.35413492007239], [115.53465764880107, 40.35404485709967], [115.53477537195413, 40.35404634881653], [115.53477732172503, 40.353956285837604], [115.53501276774449, 40.35395926890256], [115.53501861606529, 40.35368907992853], [115.53513633861866, 40.35369057126718], [115.53513828788483, 40.353600508268144], [115.53525601029048, 40.35360199948231], [115.53525795939133, 40.35351193647708], [115.53537568164927, 40.35351342756674], [115.53536593683964, 40.35396374260167], [115.53548365988895, 40.35396523359516], [115.5354797622166, 40.35414535960817], [115.53536203885426, 40.35414386860524], [115.53536008984837, 40.35423393160481], [115.53524236633831, 40.35423244047739], [115.53523651879834, 40.354502629453], [115.53500107086548, 40.35449964681051], [115.53499912135486, 40.35458970978998], [115.5348813972451, 40.35458821828435], [115.53487749788445, 40.35476834422937], [115.53511294673886, 40.35477132713974], [115.53510904796914, 40.354951453097705], [115.5348735984886, 40.35494847016846], [115.53487164877752, 40.35503853313577], [115.53475392389392, 40.35503704148676], [115.5347519740175, 40.355127104447874], [115.53463424898618, 40.35512561267436], [115.53463229894442, 40.355215675629275], [115.53451457376538, 40.35521418373124], [115.53451067334242, 40.35539430962715], [115.53427522238458, 40.3553913254529], [115.53427327184686, 40.35548138838918], [115.53415554622462, 40.35547989611766], [115.53415359552159, 40.35556995904772], [115.53391814399043, 40.3555669741359], [115.53391619296552, 40.35565703705503], [115.53379846705661, 40.355655544414724], [115.53379651586638, 40.355745607327655], [115.53332561169267, 40.35573963554967], [115.53332756350903, 40.35564957265563], [115.53297438594079, 40.355645092578605], [115.53298219499655, 40.355284841044316], [115.53309992021771, 40.35528633450421], [115.53310772850647, 40.35492608292726], [115.53334317772301, 40.354929069449874], [115.53334512946013, 40.35483900654247], [115.53322740500397, 40.35483751334578], [115.53323130876485, 40.354657387535966], [115.53311358463057, 40.35465589422894], [115.53311748866928, 40.35447576842264], [115.53276431725834, 40.35447128781128], [115.53276236477384, 40.354561350700976], [115.53252691689755, 40.35455836301839], [115.53252496409118, 40.35464842589717], [115.53228951593707, 40.35464543772599], [115.53228756280888, 40.35473550059383], [115.53205211437695, 40.3547325119341], [115.53205016092689, 40.35482257479099], [115.53193243656764, 40.35482108027673], [115.5319304829522, 40.3549111431274], [115.53145958497721, 40.35490516385365], [115.53145763072692, 40.35499522668392], [115.53133990609868, 40.3549937315613], [115.53133795168301, 40.35508379438536], [115.53098477738165, 40.35507930828464], [115.53098282248757, 40.355169371093], [115.53074737268436, 40.35516637975082], [115.53074541746845, 40.355256442548225], [115.53062769242355, 40.35525494669273], [115.5306257370423, 40.35534500948393], [115.53027256149092, 40.35534052118457], [115.53027060563126, 40.35543058396007], [115.52991742968972, 40.355426094568486], [115.52991547335164, 40.355516157328296], [115.52979774789891, 40.35551466062014], [115.52979579139549, 40.35560472337372], [115.52956034020346, 40.355601729588585], [115.52955838337816, 40.355691792331214], [115.52944065763886, 40.35569029525423], [115.52943870064819, 40.35578035799063], [115.52920324888301, 40.35577736346786], [115.52920129157044, 40.3558674261933], [115.52908356554458, 40.3558659287475], [115.52908160806666, 40.35595599146671], [115.52884615572833, 40.35595299620628], [115.52884419792854, 40.35604305891453], [115.52872647161607, 40.3560415610999], [115.52872451365091, 40.35613162380192], [115.52848906073946, 40.35612862780384], [115.5284871024524, 40.356218690494906], [115.52836937585337, 40.35621719231144], [115.52836741740093, 40.35630725499627], [115.52813196391634, 40.356304258260515], [115.52813000514202, 40.35639432093438], [115.52789455137969, 40.35639132371001], [115.52789259228345, 40.356481386372884], [115.52777486525903, 40.35647988757628], [115.5277729059974, 40.35656995023293], [115.52765517882527, 40.356568451311794], [115.5276532193983, 40.35665851396223], [115.52741776476746, 40.356655515751115], [115.52741384526084, 40.356835641028546], [115.52729611764559, 40.35683414173383], [115.5272941577225, 40.356924204365555], [115.52717642995957, 40.3569227049463], [115.52717446987108, 40.35701276757181], [115.52705674196046, 40.35701126802803], [115.52705478170657, 40.3571013306473], [115.52693705364827, 40.35709983097898], [115.52693509322901, 40.35718989359202], [115.52669963682584, 40.35718689388653], [115.52669767608464, 40.357276956488604], [115.52646221940377, 40.35727395629445], [115.52646025834066, 40.357364018885534], [115.52622480138207, 40.357361018202745], [115.52622283999705, 40.357451080782845], [115.52598738276077, 40.35744807961141], [115.5259854210538, 40.35753814218053], [115.52574996353982, 40.35753514052044], [115.52574800151093, 40.35762520307858], [115.52563027261067, 40.357623702064096], [115.5256283104164, 40.357713764615994], [115.52551058136845, 40.35771226347698], [115.52550861900875, 40.357802326022636], [115.5253908898131, 40.35780082475908], [115.52538892728802, 40.357890887298495], [115.52515346861021, 40.3578878844025], [115.52515150576318, 40.35797794693094], [115.52491604680773, 40.357974943546274], [115.52491408363875, 40.35806500606373], [115.52479635401774, 40.358063504186966], [115.52479439068337, 40.35815356669816], [115.52455893115483, 40.358150562575766]], [[115.53333537068644, 40.35528932106464], [115.53345309593404, 40.35529081416517], [115.53345699915687, 40.35511068835132], [115.53333927422233, 40.35510919526024], [115.53334122597708, 40.355019132355785], [115.53322350120787, 40.355017639149644], [115.53321959737656, 40.35519776494757], [115.53333732245878, 40.355199258163175], [115.53333537068644, 40.35528932106464]], [[115.53375098377845, 40.352411785969885], [115.53410414460129, 40.35241626338069], [115.53410804569572, 40.35223613742454], [115.53387260576436, 40.35223315262266], [115.53387065490855, 40.35232321559203], [115.53375293479957, 40.35232172300672], [115.53375098377845, 40.352411785969885]], [[115.53422186489315, 40.35241775561141], [115.5344573055033, 40.352420739713565], [115.5344612056587, 40.352240613729094], [115.53434348566223, 40.35223912174734], [115.53434153543245, 40.3523291847356], [115.53422381528827, 40.35232769262936], [115.53422186489315, 40.35241775561141]], [[115.53457697574714, 40.35233216858878], [115.53493013628521, 40.352336643470274], [115.53493208573249, 40.352246580458406], [115.53504980577293, 40.352248071841316], [115.5350537043281, 40.352067945803675], [115.53517142406433, 40.35206943705738], [115.53517337317223, 40.351979374031615], [115.53529109276074, 40.35198086516083], [115.53529304170335, 40.35189080212887], [115.53517532227136, 40.35188931100437], [115.53517727136168, 40.35179924797564], [115.53529499063717, 40.35180073909541], [115.5352969395622, 40.35171067606048], [115.53541465869, 40.35171216705577], [115.53541660744975, 40.351622104014616], [115.53553432642983, 40.35162359488543], [115.53553627502427, 40.35153353183809], [115.53565399385666, 40.351535022584414], [115.53565789070619, 40.35135489647583], [115.53577560923436, 40.351356387092956], [115.53578145397327, 40.351086197904806], [115.53589917204074, 40.35108768838801], [115.53590501623107, 40.35081749917234], [115.53602273383784, 40.350818989521635], [115.53603636887894, 40.35018854793339], [115.53568321937125, 40.35018407662528], [115.53568516766856, 40.350094013549466], [115.53556745134006, 40.35009252287863], [115.53556550288624, 40.35018258594972], [115.53533006994263, 40.35017960423934], [115.53532812116705, 40.35026966729952], [115.53544583779095, 40.350271158219314], [115.53544388916305, 40.35036122128273], [115.53532617238268, 40.350359730358214], [115.53532422358951, 40.35044979341542], [115.53520650666144, 40.35044830236643], [115.53520455770297, 40.35053836541744], [115.53508684062719, 40.35053687424397], [115.53508489150346, 40.35062693728878], [115.53496717427998, 40.35062544599082], [115.53496522499097, 40.35071550902942], [115.53484750761977, 40.35071401760699], [115.5348436087024, 40.350894143670295], [115.53472589102702, 40.35089265211866], [115.53472199176149, 40.35107277816659], [115.53483970974985, 40.35107426972766], [115.53483776026039, 40.35116433275412], [115.53472004211554, 40.35116284118832], [115.53471809246078, 40.351252904208565], [115.53483581076212, 40.35125439577908], [115.53483386125507, 40.351344458802565], [115.53518701668136, 40.35134893280969], [115.53518311857985, 40.35152905888053], [115.53482996221459, 40.35152458484507], [115.53482606313891, 40.351704710881656], [115.53494378223154, 40.35170620235601], [115.534941832837, 40.351796265376784], [115.53482411358789, 40.351794773897716], [115.53482216402807, 40.35188483691227], [115.53470444463123, 40.35188334530872], [115.53470249490613, 40.35197340831709], [115.53458477536157, 40.35197191658903], [115.53457697574714, 40.35233216858878]], [[115.53187722826597, 40.3519375737883], [115.53199494760804, 40.35193906827097], [115.53199885424849, 40.351758942470106], [115.53188113521942, 40.35175744799689], [115.53187722826597, 40.3519375737883]], [[115.53865724346005, 40.34878029331588], [115.53877495766957, 40.34878178080237], [115.53877690175791, 40.34869171758026], [115.53865918770487, 40.3486902300985], [115.53865724346005, 40.34878029331588]], [[115.5314825546326, 40.348419141393805], [115.5317179810491, 40.34842213082852], [115.53171993449955, 40.34833206788509], [115.53148450839599, 40.34832907845983], [115.5314825546326, 40.348419141393805]], [[115.53832938148508, 40.34760500837961], [115.53844709363416, 40.34760649616413], [115.5384490380779, 40.34751643293685], [115.5383313260853, 40.34751494515703], [115.53832938148508, 40.34760500837961]], [[115.53856675007926, 40.34751792059693], [115.53891988613599, 40.34752238285864], [115.53892182994511, 40.347432319611045], [115.53856869435778, 40.34742785736345], [115.53856675007926, 40.34751792059693]], [[115.53586911556633, 40.34703335847868], [115.53633995972275, 40.34703931884402], [115.53634190693023, 40.34694925569264], [115.53657732874821, 40.34695223514739], [115.53657927563397, 40.34686217198511], [115.53681469717414, 40.34686515095145], [115.5368166437382, 40.34677508777825], [115.53669893312018, 40.34677359835966], [115.53670282653485, 40.346593472018235], [115.53634969567223, 40.34658900307229], [115.5363477484999, 40.3466790662296], [115.53611232765581, 40.34667608632415], [115.53610843265896, 40.34685621261547], [115.53587301122418, 40.34685323221217], [115.53586911556633, 40.34703335847868]]]}}, {"type": "Feature", "properties": {"year": 2021, "water_area_km2": 0.0817}, "geometry": {"type": "Polygon", "coordinates": [[[115.53980797550514, 40.34456070156996], [115.53980991792983, 40.34447063824044], [115.5396922111603, 40.3444691519378], [115.53969415373267, 40.34437908861149], [115.53957644712835, 40.34437760219384], [115.53957838984837, 40.344287538870745], [115.53946068340926, 40.344286052338056], [115.53946845482758, 40.3439257990497], [115.53935074902299, 40.34392431241608], [115.53936046388093, 40.343473995795755], [115.53924275886726, 40.34347250906595], [115.53925053122161, 40.34311225576178], [115.53936823560952, 40.34311374247279], [115.53937212142124, 40.34293361580239], [115.53948982550503, 40.342935102384246], [115.53949176824132, 40.3428450390421], [115.53972717612233, 40.34284801183721], [115.539729118537, 40.3427579484842], [115.53984682233421, 40.34275943469745], [115.53985264905631, 40.342489244615365], [115.5397349457284, 40.34248775841622], [115.53974271519427, 40.34212750497147], [115.5398604178965, 40.342128991151796], [115.53986236008464, 40.342038927782205], [115.5416278993225, 40.34206120604951], [115.5416298391555, 40.34197114260791], [115.5421006493258, 40.34197707891081], [115.54209871011851, 40.34206714237119], [115.54362884617183, 40.3420864221869], [115.54363078334559, 40.34199635866548], [115.54410159411039, 40.342002286827004], [115.54409965756231, 40.342092350367174], [115.54433506330996, 40.342095313738966], [115.54433699954517, 40.34200525018941], [115.54469010776288, 40.34200969433506], [115.54469204352009, 40.341919630769965], [115.54504515134707, 40.34192407382401], [115.54504321605916, 40.34201413740317], [115.54551402724304, 40.342020059817806], [115.54551596190527, 40.3419299962199], [115.54563366456665, 40.34193147651957], [115.54563173006085, 40.342021540122154], [115.5458671357226, 40.34202450037166], [115.54586326731055, 40.34220462759113], [115.54598097046738, 40.342206107545664], [115.54597323416426, 40.34256636198552], [115.54585553038173, 40.34256488201227], [115.5458535961277, 40.34265494561382], [115.54573589219747, 40.342653465516136], [115.54573395777831, 40.34274352911155], [115.54526314151884, 40.342737607504795], [115.54526120646523, 40.34282767107997], [115.54490809389296, 40.34282322860367], [115.5449100294159, 40.34273316504256], [115.54443921340085, 40.34272724008336], [115.54444114954077, 40.34263717653951], [115.54302870421135, 40.3426193902242], [115.54302676619427, 40.34270945371175], [115.54255595073842, 40.34270352108988], [115.54255788938123, 40.34261345762109], [115.54244018569554, 40.342611974171], [115.5424382468963, 40.342702037635085], [115.54220283923833, 40.342699070366315], [115.54219896098789, 40.342879197271245], [115.54208125685915, 40.34287771344787], [115.54207737826083, 40.34305784033747], [115.54219508270245, 40.343059324170255], [115.54217569075047, 40.34395995857618], [115.54205798474449, 40.34395847469645], [115.54205410593626, 40.344138601550426], [115.54193639962617, 40.34413711754158], [115.54193446005247, 40.34422718096164], [115.54158134070532, 40.34422272820258], [115.54157940065357, 40.344312791607074], [115.54122628091585, 40.34430833775629], [115.54122434038601, 40.34439840114519], [115.5407535135658, 40.34439246098238], [115.54075157240146, 40.344482524351], [115.5403984519089, 40.34447806795757], [115.54039651026645, 40.3445681313106], [115.53980797550514, 40.34456070156996]], [[115.54053363171107, 40.34366898325532], [115.54065133713395, 40.343670468677495], [115.54065327837596, 40.343580405300216], [115.54077098365117, 40.34358189059796], [115.54077292472796, 40.34349182721448], [115.54053751449922, 40.34348885650868], [115.54053363171107, 40.34366898325532]]]}}, {"type": "Feature", "properties": {"year": 2021, "water_area_km2": 0.0112}, "geometry": {"type": "Polygon", "coordinates": [[[115.5359645490672, 40.34262026323939], [115.53596649647008, 40.34253020003413], [115.53584879327518, 40.34252870987927], [115.53585074082571, 40.34243864667723], [115.53573303779602, 40.34243715640736], [115.53573693318351, 40.34225703000825], [115.5356192304755, 40.34225553962809], [115.53562117831251, 40.34216547643102], [115.53550347576967, 40.34216398593585], [115.5355054237543, 40.34207392274201], [115.53538772137671, 40.34207243213183], [115.53539161763248, 40.34189230574916], [115.53527391557651, 40.34189081502869], [115.53527781210995, 40.34171068864951], [115.53516011037561, 40.34170919781875], [115.53516205878557, 40.341619134631635], [115.53504435721645, 40.34161764368587], [115.53504630577405, 40.341527580502024], [115.53492860437012, 40.341526089441246], [115.53493055307534, 40.34143602626062], [115.53481285183665, 40.34143453508484], [115.53482064719533, 40.34107428236635], [115.5350560484302, 40.34107726456042], [115.53505799693508, 40.340987201367646], [115.53517569740927, 40.34098869228038], [115.53516595557916, 40.341439008253], [115.53551905940076, 40.34144348034366], [115.53552100731511, 40.34135341713794], [115.53563870845012, 40.34135490759068], [115.5356367606922, 40.3414449708011], [115.53575446199243, 40.34144646113881], [115.53575251438214, 40.34153652435247], [115.53587021584755, 40.34153801457518], [115.53586826838489, 40.34162807779206], [115.53598597001553, 40.341629567899766], [115.53598402270049, 40.34171963111989], [115.53610172449635, 40.34172112111258], [115.53609977732897, 40.341811184335924], [115.53621747929002, 40.34181267421362], [115.53621358524173, 40.3419928006653], [115.53644898981585, 40.34199578008036], [115.53644704309141, 40.3420858433134], [115.53656474554806, 40.34208733284605], [115.53656279897125, 40.34217739608232], [115.53668050159311, 40.34217888549997], [115.53667271582377, 40.34253913844906], [115.53655501257617, 40.34253764901254], [115.53655306595546, 40.3426277122414], [115.5359645490672, 40.34262026323939]]]}}, {"type": "Feature", "properties": {"year": 2021, "water_area_km2": 0.0599}, "geometry": {"type": "Polygon", "coordinates": [[[115.53553269461669, 40.340813037872515], [115.53553464246951, 40.34072297465642], [115.53529924241568, 40.34071999345785], [115.53530119057255, 40.34062993024971], [115.53518349071521, 40.34062843947557], [115.53518543901973, 40.34053837627065], [115.53459694064694, 40.34053092062776], [115.5345988897247, 40.340440857444946], [115.53436349074994, 40.34043787435919], [115.53436544013177, 40.340347811184344], [115.53424774081397, 40.34034631946662], [115.53425163986405, 40.34016619312191], [115.53413394086786, 40.34016470129391], [115.53415343715467, 40.33926406952848], [115.53427113458679, 40.339265561309276], [115.5342730840107, 40.33917549811985], [115.53439078129522, 40.3391769897762], [115.53439273055392, 40.339086926580556], [115.53462812483653, 40.33908990952469], [115.53463007377366, 40.338999846318124], [115.53474777077173, 40.3390013376059], [115.53474971954367, 40.33891127439314], [115.53486741639415, 40.338912765556486], [115.53486936500089, 40.33882270233751], [115.53498706170377, 40.33882419337642], [115.53498901014532, 40.338734130151245], [115.53510670670057, 40.33873562106572], [115.53511060324455, 40.338555494601486], [115.53522829949578, 40.33855698538682], [115.53523024759821, 40.338466922147745], [115.53546563981426, 40.338469903349846], [115.5354675875951, 40.338379840099854], [115.5355852835599, 40.33838133051662], [115.53558917878242, 40.33820120400276], [115.53570687444324, 40.33820269429039], [115.53570882188491, 40.338112631026505], [115.53582651739814, 40.338114121189705], [115.53582846467464, 40.338024057919625], [115.53594616004021, 40.3380255479584], [115.53594810715155, 40.33793548468212], [115.53606580236952, 40.337936974596474], [115.53606774931569, 40.337846911313996], [115.53618544438608, 40.33784840110392], [115.53618739116706, 40.33775833781524], [115.53630508608981, 40.337759827480745], [115.53631092591094, 40.33748963759165], [115.53642862037331, 40.3374911271233], [115.53643640605301, 40.33713087389818], [115.53655409989861, 40.33713236329128], [115.53655604614019, 40.33704229997658], [115.53679143354496, 40.33704527839422], [115.53679337946501, 40.33695521506861], [115.53726415375431, 40.3369611704486], [115.53726220845982, 40.33705123379306], [115.53749759596988, 40.33705421077425], [115.53749565097938, 40.33714427412664], [115.53761334490395, 40.33714576244239], [115.53761140006107, 40.337235825798025], [115.53772909415079, 40.33723731399878], [115.5377096468033, 40.3381379475205], [115.53759195114964, 40.33813645927264], [115.53758417133946, 40.338496712620916], [115.53746647506901, 40.33849522423451], [115.53746258479849, 40.33867535089032], [115.53734488822401, 40.33867386237478], [115.53734294291921, 40.33876392569574], [115.53651906604884, 40.33875350270204], [115.53651711964046, 40.33884356598853], [115.5363994228234, 40.33884207650588], [115.5363955296675, 40.33902220306497], [115.53627783254642, 40.33902071345317], [115.5362739390426, 40.33920083999691], [115.53615624161748, 40.33919935025596], [115.53615234776574, 40.33937947678432], [115.53603465003661, 40.33937798691422], [115.53602880872393, 40.3396481766815], [115.53614650692224, 40.33964966656573], [115.53614066599972, 40.33991985633377], [115.53625836467604, 40.33992134611243], [115.53625057728205, 40.34028159913457], [115.53613287798007, 40.34028010933705], [115.53613093095319, 40.34037017258415], [115.53601323150359, 40.340368682662195], [115.53601128431156, 40.3404587459031], [115.53589358471433, 40.340457255856705], [115.53589163735705, 40.340547319091414], [115.53577393761222, 40.34054582892059], [115.53577004255853, 40.3407259553761], [115.53565234250964, 40.34072446507613], [115.5356503948132, 40.340814528296946], [115.53553269461669, 40.340813037872515]]]}}, {"type": "Feature", "properties": {"year": 2021, "water_area_km2": 0.055}, "geometry": {"type": "Polygon", "coordinates": [[[115.54522090386007, 40.33922364639715], [115.54522283872102, 40.33913358276731], [115.54486974541439, 40.339129140508305], [115.54487168073581, 40.33903907689105], [115.54451858797695, 40.33903463356869], [115.54452245953205, 40.33885450635782], [115.544404762276, 40.33885302502031], [115.54440863410898, 40.33867289781289], [115.54429093717448, 40.33867141636505], [115.54429287323426, 40.3385813527638], [115.54417517646489, 40.33857987120094], [115.54417711267233, 40.3384898076029], [115.54405941606814, 40.338488325925006], [115.54406135242323, 40.33839826233017], [115.54394365598414, 40.338396780537266], [115.54395914776177, 40.33767627176266], [115.5440768429497, 40.33767775351804], [115.54410007769145, 40.33659699012178], [115.54421777101146, 40.33659847170119], [115.54421970702677, 40.33650840807049], [115.54433740019915, 40.33650988952551], [115.54433933604936, 40.33641982588864], [115.54575165292198, 40.336437593955694], [115.54574971894836, 40.336527657648794], [115.54610279883198, 40.33653209698629], [115.54610086531879, 40.33662216069195], [115.54621855878715, 40.33662364023639], [115.54622242549205, 40.336443512814206], [115.54634011865636, 40.33644499222958], [115.546347851336, 40.33608473734867], [115.5464655438835, 40.33608621662561], [115.54646747687524, 40.335996152896996], [115.54670286168366, 40.335999111082394], [115.54670092900467, 40.33608917482038], [115.54681862157835, 40.33609065373821], [115.546814756507, 40.33627078121908], [115.54693244940216, 40.336272260026576], [115.54692471978042, 40.33663251498924], [115.54704241330982, 40.336633993695756], [115.5470327518685, 40.33708431238911], [115.54691505755717, 40.337082833659196], [115.54691312508638, 40.33717289738873], [115.54679543062737, 40.33717141853443], [115.54679736325458, 40.337081354809584], [115.54656197467551, 40.337078396751224], [115.54656390760675, 40.33698833303425], [115.5464462134867, 40.3369868538302], [115.5464481465656, 40.336896790116405], [115.5462127586644, 40.33689383135855], [115.54620695846317, 40.33716402246734], [115.54608926405649, 40.3371625428948], [115.54606025952717, 40.338513498168254], [115.5459425627833, 40.338512018405766], [115.54593676117274, 40.33878220940634], [115.54581906396841, 40.33878072951009], [115.54581712992437, 40.33887079316929], [115.54593482728511, 40.33887227307022], [115.54593289338877, 40.338962336732635], [115.54581519587161, 40.33896085682701], [115.54581132773994, 40.339140984138005], [115.5455759321062, 40.33913802394887], [115.54557399771447, 40.339228087592765], [115.54522090386007, 40.33922364639715]]]}}, {"type": "Feature", "properties": {"year": 2021, "water_area_km2": 0.0053}, "geometry": {"type": "Polygon", "coordinates": [[[115.90514561903605, 40.33066855711984], [115.9051470748234, 40.33057848073655], [115.90491167601911, 40.330576252248584], [115.90491895642164, 40.330125870345576], [115.9050366550384, 40.3301269846318], [115.90503811094277, 40.330036908243315], [115.90586200034896, 40.3300447048697], [115.90585909072352, 40.330224857694574], [115.9059767895492, 40.330225971026486], [115.90597533488305, 40.33031604744025], [115.90585763590094, 40.330314934104834], [115.90585327139387, 40.330585163326894], [115.90573557194904, 40.33058404986117], [115.9057341169438, 40.3306741262621], [115.90514561903605, 40.33066855711984]]]}}, {"type": "Feature", "properties": {"year": 2021, "water_area_km2": 0.0198}, "geometry": {"type": "Polygon", "coordinates": [[[115.57524696979327, 40.32779589933052], [115.57524886396307, 40.32770583433325], [115.5751311844843, 40.32770438458982], [115.57513497311093, 40.327524254599986], [115.57501729395335, 40.32752280474608], [115.57502866056615, 40.32698241476859], [115.5751463387858, 40.32698386459497], [115.5751520215079, 40.326713669572484], [115.57526969926717, 40.32671511926543], [115.57527159333445, 40.326625054250385], [115.57538927094596, 40.32662650381908], [115.57539305874229, 40.326446373775354], [115.57551073604971, 40.32644782321521], [115.57551262977873, 40.32635775818654], [115.57586566128327, 40.32636210577435], [115.57586755453482, 40.32627204073043], [115.57622058564729, 40.326276387227466], [115.57621869286464, 40.326366452285136], [115.57645404729492, 40.32636934936067], [115.57645026232929, 40.3265494794899], [115.57668561741895, 40.326552376105106], [115.57668372523595, 40.326642441176666], [115.5768014029499, 40.32664388930937], [115.57679951091471, 40.326733954384025], [115.57691718879349, 40.32673540240163], [115.57691529690608, 40.3268254674794], [115.5770329749497, 40.326826915381915], [115.57703108321009, 40.3269169804628], [115.57714876141857, 40.32691842825023], [115.57714119499997, 40.32727868857726], [115.57690583734096, 40.32727579284605], [115.57690394540232, 40.32736585791493], [115.57619787169224, 40.32735716782176], [115.57619597880716, 40.32744723286166], [115.57607829972903, 40.32744578408937], [115.57607640667909, 40.327535849123194], [115.5759587274532, 40.32753440022664], [115.5759568342384, 40.32762446525441], [115.57583915486471, 40.3276230162336], [115.57583726148505, 40.327713081255304], [115.57571958196357, 40.32771163211024], [115.57571768841905, 40.327801697125864], [115.57524696979327, 40.32779589933052]]]}}, {"type": "Feature", "properties": {"year": 2021, "water_area_km2": 0.0218}, "geometry": {"type": "Polygon", "coordinates": [[[115.57183806124469, 40.32757367832186], [115.5718399599307, 40.32748361345484], [115.57172228101261, 40.327482160250156], [115.57172417984641, 40.32739209538627], [115.57160650109321, 40.32739064206651], [115.57161029904773, 40.32721051234348], [115.57149262061574, 40.32720905891327], [115.57149641884862, 40.3270289291935], [115.57137874073784, 40.32702747565281], [115.57138253924909, 40.32684734593635], [115.5712648614595, 40.326845892285185], [115.57126866024912, 40.326665762571984], [115.57115098278071, 40.32666430881037], [115.57116048038642, 40.326213984524486], [115.57127815707325, 40.3262154382631], [115.57128005641239, 40.32612537339686], [115.57139773295148, 40.326126827011215], [115.57139963212575, 40.326036762138905], [115.5717526613255, 40.32604112225017], [115.57175456002227, 40.32595105736257], [115.57210758883018, 40.32595541638305], [115.57210948704946, 40.325865351480196], [115.57234483931825, 40.32586825688633], [115.57234673721636, 40.325778191972795], [115.57258208920679, 40.32578109689109], [115.57258398678373, 40.32569103196687], [115.57305469024202, 40.32569684034912], [115.57305279329033, 40.32578690529172], [115.5731704693326, 40.32578835709272], [115.57315908838055, 40.32632874674483], [115.57304141140042, 40.32632729491626], [115.57303572033996, 40.32659748970854], [115.57291804289945, 40.32659603774651], [115.57291614570588, 40.326686102669704], [115.57279846811761, 40.32668465058342], [115.57279657075917, 40.32677471550054], [115.57267889302315, 40.32677326328999], [115.57267699549983, 40.32686332820104], [115.57255931761604, 40.326861875866214], [115.57255741992786, 40.32695194077118], [115.57243974189632, 40.3269504883121], [115.57243784404324, 40.327040553210985], [115.57232016586397, 40.327039100627644], [115.57231447178445, 40.32730929530163], [115.57219679314476, 40.32730784258482], [115.5721929967363, 40.32748797235089], [115.57207531779255, 40.327486519505214], [115.57207341941916, 40.32757658438142], [115.57183806124469, 40.32757367832186]]]}}, {"type": "Feature", "properties": {"year": 2021, "water_area_km2": 0.0069}, "geometry": {"type": "Polygon", "coordinates": [[[115.63425999833451, 40.32580515560312], [115.6342636295284, 40.32562502101576], [115.63402827188814, 40.32562224159905], [115.63403008778546, 40.32553217431195], [115.63391240913394, 40.32553078442849], [115.63392148927919, 40.32508044799285], [115.63403916714911, 40.32508183785432], [115.63404279883723, 40.32490170326093], [115.63474886435291, 40.32491003986389], [115.63474704945084, 40.325000107187705], [115.63486472722175, 40.32500149620708], [115.63485928293538, 40.325271698182874], [115.6347416046955, 40.3252703091503], [115.6347397897607, 40.32536037646821], [115.6348574681569, 40.32536176550518], [115.63484839414163, 40.32581210209461], [115.63425999833451, 40.32580515560312]]]}}, {"type": "Feature", "properties": {"year": 2021, "water_area_km2": 0.0112}, "geometry": {"type": "Polygon", "coordinates": [[[115.56849959075906, 40.32401896096383], [115.5685014936436, 40.3239288961726], [115.56826614850509, 40.32392598306237], [115.56826805169366, 40.323835918278874], [115.56803270690206, 40.32383300469924], [115.56803461039462, 40.32374293992349], [115.56768159374047, 40.323738568670464], [115.56768349769331, 40.323648503907066], [115.56744815361272, 40.32364558914935], [115.5674519621178, 40.32346545963657], [115.56733429040297, 40.32346400208746], [115.56733809918626, 40.32328387257798], [115.56745577058851, 40.32328533011787], [115.567457674811, 40.32319526535629], [115.56757534606557, 40.323196722771904], [115.56757725012315, 40.32310665800424], [115.56781259234548, 40.32310957246731], [115.56781449608192, 40.32301950768892], [115.5685205220172, 40.3230282481788], [115.56851861921845, 40.32311831298485], [115.568636290394, 40.32311976931901], [115.56863438774297, 40.32320983412818], [115.56886973043237, 40.323212746446735], [115.5688678280853, 40.32330281126366], [115.56898549959915, 40.32330426724806], [115.56897979297541, 40.323574461703735], [115.56909746496669, 40.32357591758231], [115.56909175873459, 40.32384611203848], [115.56897408627442, 40.323844656146065], [115.56897218402361, 40.323934720957226], [115.56885451141575, 40.32393326494055], [115.56885260900007, 40.324023329745614], [115.56849959075906, 40.32401896096383]]]}}, {"type": "Feature", "properties": {"year": 2021, "water_area_km2": 0.0167}, "geometry": {"type": "Polygon", "coordinates": [[[115.5697958925189, 40.323944909723615], [115.56979779367566, 40.32385484488021], [115.56956244866102, 40.32385193441159], [115.56956625157399, 40.32367180473876], [115.5694485793921, 40.323670349334186], [115.56945048099203, 40.32358028450016], [115.56933280897502, 40.32357882898053], [115.56934041591408, 40.323218569648034], [115.56922274453079, 40.3232171140272], [115.56923035195776, 40.32285685468945], [115.56934802271593, 40.32285831029186], [115.56934992439494, 40.32276824544911], [115.5694675950054, 40.32276970092728], [115.56946949651957, 40.32267963607845], [115.56970483745364, 40.3226825466666], [115.56970673864667, 40.32259248180707], [115.57005974964325, 40.32259684677812], [115.57006165035885, 40.32250678190329], [115.57076767164574, 40.32251550858725], [115.57076387208133, 40.32269563839067], [115.57088154263836, 40.32269709242843], [115.57086824498701, 40.323327546725984], [115.57075057333597, 40.323326092656], [115.57074867348095, 40.32341615754513], [115.57051332989202, 40.32341324903701], [115.5705095295311, 40.323593378792395], [115.57039185743692, 40.32359192434965], [115.57038615636236, 40.32386211895783], [115.5702684838079, 40.323860664381606], [115.57026658327626, 40.323950729243435], [115.5697958925189, 40.323944909723615]]]}}, {"type": "Feature", "properties": {"year": 2021, "water_area_km2": 0.1053}, "geometry": {"type": "Polygon", "coordinates": [[[115.57796683759835, 40.32719875475525], [115.57796872811305, 40.32710868964215], [115.57785104953221, 40.32710724268324], [115.5778642839905, 40.32647678688226], [115.57798196147712, 40.32647823380912], [115.57799519442341, 40.325847777903554], [115.57775984164707, 40.32584488399429], [115.57776173234647, 40.32575481886818], [115.5755258856429, 40.325727302944415], [115.57552399197365, 40.32581736798345], [115.57434723022575, 40.32580286852126], [115.57434912545808, 40.32571280352812], [115.5742314494866, 40.32571135292835], [115.57423334486668, 40.32562128793831], [115.57399799326197, 40.32561838638895], [115.57400557594728, 40.3252581264508], [115.57447627669004, 40.325263928997394], [115.57447438165673, 40.32535399400252], [115.57506275855899, 40.32536124451634], [115.57506465281074, 40.32527117948827], [115.5754176785857, 40.32527552834685], [115.57541957236003, 40.32518546330353], [115.57565492260679, 40.32518836193511], [115.57565681605993, 40.32509829688112], [115.57600984102517, 40.32510264391726], [115.57601173400091, 40.32501257884805], [115.57636475857409, 40.3250169247935], [115.57636665107239, 40.32492685970904], [115.57671967525347, 40.32493120456379], [115.57672156727432, 40.324841139464105], [115.57695691645844, 40.32484403542648], [115.57695880815815, 40.32475397031612], [115.57719415706381, 40.324756865790675], [115.57719604844239, 40.324666800669696], [115.57731372275171, 40.32466824822292], [115.57732506990632, 40.32412785743841], [115.57720739653477, 40.3241264099127], [115.57721117916401, 40.323946279648524], [115.5770935061136, 40.32394483201231], [115.5770953975717, 40.32385476688258], [115.57697772468609, 40.32385331913129], [115.57697961629196, 40.32376325400468], [115.5768619435712, 40.32376180613832], [115.57686383532483, 40.323671741014806], [115.57592245511617, 40.323660153813044], [115.57592434811161, 40.32357008872472], [115.5755713311431, 40.32356574156353], [115.57557322459886, 40.323475676487476], [115.57498486393689, 40.32346842884868], [115.57498675816556, 40.323378363794085], [115.57439839849862, 40.323371113186894], [115.57440029350019, 40.323281048153774], [115.57416495000582, 40.32327814708251], [115.57416684531141, 40.32318808205711], [115.57404917373331, 40.32318663134659], [115.57405106918665, 40.323096566324296], [115.57393339777339, 40.323095115498695], [115.573937188967, 40.32291498545886], [115.57405486006768, 40.32291643627525], [115.57405675549533, 40.32282637124851], [115.57452743935839, 40.32283217329921], [115.57452554455584, 40.32292223834433], [115.57511390035832, 40.3229294882385], [115.57511200632867, 40.32301955330507], [115.57546502038153, 40.32302390181954], [115.57546312681217, 40.32311396689839], [115.57569846986935, 40.323116865318944], [115.57569657660405, 40.323206930405505], [115.5760495917227, 40.323211277152694], [115.5760476989177, 40.323301342251526], [115.57640071458209, 40.323305687935616], [115.57640260691821, 40.32321562282302], [115.57652027866712, 40.32321707114049], [115.5765221708384, 40.32312700602184], [115.57722820057327, 40.32313569338645], [115.57723009179834, 40.323045628238816], [115.57805379244975, 40.32305575802126], [115.57805568257228, 40.3229656928401], [115.5782910253797, 40.32296858597763], [115.57829291518112, 40.3228785207858], [115.57852825771006, 40.322881413435574], [115.57853014719039, 40.32279134823311], [115.57876548944084, 40.322794240395126], [115.57876737860008, 40.322704175182025], [115.5788850495818, 40.32270562107898], [115.57888693857622, 40.32261555585984], [115.57900460941019, 40.32261700163256], [115.57900649823982, 40.32252693640736], [115.57912416892601, 40.32252838205585], [115.57912605759086, 40.322438316824574], [115.57924372812928, 40.32243976234886], [115.57924561662931, 40.32234969711154], [115.57948095741916, 40.32235258779198], [115.57947906923168, 40.32244265303844], [115.57959673979566, 40.322444098203746], [115.57959296370777, 40.3226242287014], [115.57947529283122, 40.32262278352693], [115.57947151639667, 40.322802914009486], [115.57935384521608, 40.322801468706224], [115.57935195682974, 40.32289153394072], [115.57876360027309, 40.32288430560672], [115.57876171109682, 40.32297437081686], [115.57852636822122, 40.32297147863655], [115.57852447872384, 40.323061543836026], [115.57840680714254, 40.32306009756182], [115.57840491748034, 40.32315016275525], [115.57828724575128, 40.32314871635681], [115.57828157624473, 40.32341891191449], [115.57839924844268, 40.32342035832668], [115.57839546904161, 40.32360048870022], [115.57851314156068, 40.323601935001896], [115.57850747286405, 40.323872130564844], [115.57862514586046, 40.32387357676061], [115.57861569864377, 40.32432390269214], [115.57873337243022, 40.324325348791135], [115.57872581512866, 40.32468560952803], [115.57884348954883, 40.324687055525665], [115.57883971115953, 40.3248671858944], [115.57895738590081, 40.324868631781534], [115.57895360779003, 40.32504876215348], [115.57907128285242, 40.32505020793012], [115.57906750502016, 40.325230338305296], [115.5791851804037, 40.32523178397141], [115.5791832916311, 40.32532184916137], [115.57930096717945, 40.3253232947124], [115.57929907855463, 40.32541335990545], [115.5794167542678, 40.32541480534138], [115.57941486579075, 40.325504870537515], [115.57953254166875, 40.325506315858384], [115.57953065333953, 40.325596381057615], [115.57964832938234, 40.32559782626339], [115.57964644120091, 40.325687891465705], [115.57976411740854, 40.325689336556394], [115.57976222937488, 40.32577940176182], [115.57987990574733, 40.325780846737416], [115.57987612996712, 40.32596097715296], [115.57999380666071, 40.32596242201804], [115.57999003115906, 40.32614255243682], [115.58010770817378, 40.326143997191366], [115.58010582056649, 40.326234062403124], [115.58022349774605, 40.32623550704258], [115.58021972281854, 40.326415637470774], [115.58033740031924, 40.326417081999715], [115.58032985098734, 40.32677734285662], [115.58021217286141, 40.326775898309386], [115.58021028535082, 40.32686596351534], [115.58009260707708, 40.32686451884386], [115.58009071940168, 40.326954584043776], [115.57973768416254, 40.32695024929762], [115.57973579600967, 40.32704031448231], [115.57926508185143, 40.327034533127105], [115.57926319306478, 40.32712459829202], [115.57867479977705, 40.32711736888258], [115.57867291020028, 40.327207434023144], [115.57796683759835, 40.32719875475525]]]}}, {"type": "Feature", "properties": {"year": 2021, "water_area_km2": 0.0398}, "geometry": {"type": "Polygon", "coordinates": [[[115.58053810461399, 40.322455655218896], [115.58055131190176, 40.321825198174466], [115.5806689814484, 40.32182664223093], [115.58067086801346, 40.32173657692838], [115.58078853741235, 40.32173802086063], [115.58079042381263, 40.32164795555203], [115.58090809306371, 40.32164939936006], [115.58090997929922, 40.3215593340454], [115.58102764840255, 40.32156077772922], [115.58102953447327, 40.32147071240851], [115.58114720342883, 40.32147215596812], [115.58114908933479, 40.32138209064136], [115.58126675814256, 40.321383534076745], [115.58126864388372, 40.32129346874395], [115.58138631254374, 40.32129491205512], [115.581390083688, 40.32111478137594], [115.58162542040847, 40.32111766762106], [115.5816273056553, 40.32102760227012], [115.58174497387199, 40.321029045208654], [115.58174685895405, 40.32093897985167], [115.581864527023, 40.32094042266598], [115.58186641194028, 40.32085035730294], [115.58198407986146, 40.320851799993044], [115.58198596461396, 40.320761734623964], [115.58210363238736, 40.32076317718985], [115.5821055169751, 40.32067311181472], [115.58234085223485, 40.32067599657846], [115.58234273650157, 40.32058593119271], [115.58246040398792, 40.32058737339054], [115.58246228808986, 40.320497307998764], [115.58257995542843, 40.32049875007238], [115.58258183936562, 40.32040868467456], [115.58269950655644, 40.320410126623976], [115.58270139032885, 40.32032006122009], [115.58317205855197, 40.32032582780312], [115.5831739416908, 40.320235762379504], [115.58352694247851, 40.32024008604684], [115.58352882514009, 40.32015002060806], [115.58376415872848, 40.32015290244563], [115.58376604106904, 40.320062836996236], [115.58388370771969, 40.320064277731], [115.5838855898955, 40.31997421227558], [115.58400325639839, 40.31997565288614], [115.58400702041196, 40.31979552196174], [115.58412468661082, 40.31979696244354], [115.58412656844862, 40.31970689697455], [115.5842442344997, 40.31970833733216], [115.58424611617275, 40.31961827185714], [115.58436378207607, 40.319619712090535], [115.58436566358436, 40.319529646609475], [115.58518932405117, 40.3195397248615], [115.58519120445717, 40.31944965934704], [115.5853088701158, 40.31945109861422], [115.58530510960786, 40.31963122965074], [115.5851874436367, 40.31962979037445], [115.58518556321374, 40.31971985588593], [115.58530322934116, 40.31972129516676], [115.58530134906599, 40.319811360681335], [115.58518368278231, 40.31980992139593], [115.58517992189398, 40.31999005241149], [115.584944588727, 40.31998717346355], [115.5849427079576, 40.320077238959996], [115.58482504123056, 40.320075799302], [115.5848231602964, 40.32016586479242], [115.58470549342158, 40.320164425010226], [115.58469796897505, 40.320524686938846], [115.58458030148364, 40.320523247018784], [115.58457842019453, 40.32061331249269], [115.58446075255533, 40.320611872448424], [115.58445887110146, 40.32070193791628], [115.5843412033145, 40.32070049774783], [115.58433932169588, 40.32079056320964], [115.58410398583486, 40.32078768250466], [115.5841021038952, 40.32087774795588], [115.58398443582114, 40.32087630741937], [115.58398255371674, 40.320966372864554], [115.58374721728154, 40.32096349142346], [115.5837453348561, 40.32105355685805], [115.58350999814232, 40.32105067492926], [115.58350811539586, 40.321140740353236], [115.5830374414451, 40.321134975041666], [115.58303555806503, 40.32122504044594], [115.58280022082806, 40.32122215706316], [115.58279833712697, 40.3213122224568], [115.58268066836496, 40.32131078058137], [115.5826787844991, 40.321400845968974], [115.5825611155893, 40.32139940396935], [115.58255923155866, 40.321489469350894], [115.58244156250109, 40.32148802722705], [115.58243967830566, 40.321578092602564], [115.58232200910031, 40.32157665035451], [115.58232012474011, 40.32166671572398], [115.582202455387, 40.32166527335171], [115.58220057086201, 40.321755338715136], [115.58208290136113, 40.32175389621865], [115.58208101667137, 40.32184396157602], [115.58196334702271, 40.32184251895534], [115.58196146216817, 40.321932584306666], [115.58184379237171, 40.32193114156175], [115.5818419073524, 40.32202120690703], [115.58160656747243, 40.32201832104913], [115.58160468213205, 40.32210838638382], [115.58136934197353, 40.32210550003817], [115.5813674563121, 40.32219556536223], [115.58124978608932, 40.32219412200537], [115.58124790026311, 40.32228418732336], [115.58113022989252, 40.322282743842294], [115.58112834390154, 40.322372809154245], [115.58089300287337, 40.322369921824], [115.58089111656129, 40.32245998712533], [115.58053810461399, 40.322455655218896]]]}}, {"type": "Feature", "properties": {"year": 2021, "water_area_km2": 0.005}, "geometry": {"type": "Polygon", "coordinates": [[[115.77500295760036, 40.32125535158169], [115.77500458586739, 40.32116527920335], [115.77476923061118, 40.321162786365406], [115.77477085918352, 40.321072713993466], [115.77465318172275, 40.32107146739894], [115.77465481044403, 40.320981395029484], [115.77453713314695, 40.32098014831922], [115.77454364858397, 40.320619858842605], [115.77466132525579, 40.320621105537086], [115.77466295394036, 40.32053103316032], [115.77525133662805, 40.32053726481789], [115.77524970872508, 40.32062733721437], [115.77536738544096, 40.32062858319082], [115.77536575768694, 40.320718655589786], [115.7754834345665, 40.32071990145049], [115.77547529646792, 40.32117026344312], [115.77512226350652, 40.3211665254428], [115.77512063539581, 40.3212565978251], [115.77500295760036, 40.32125535158169]]]}}, {"type": "Feature", "properties": {"year": 2021, "water_area_km2": 0.0078}, "geometry": {"type": "Polygon", "coordinates": [[[115.61271110094695, 40.30897236537525], [115.61271478723116, 40.30879223189384], [115.61259713869215, 40.308790820808866], [115.61260266852467, 40.3085206205891], [115.61272031659512, 40.30852203166065], [115.61272215969983, 40.3084319649133], [115.61283980762241, 40.30843337586081], [115.61284165056261, 40.308343309107514], [115.61295929833733, 40.308344719930965], [115.61296114111306, 40.30825465317173], [115.61319643637505, 40.3082574744509], [115.61319827883008, 40.30816740768125], [115.61366886882908, 40.30817304878658], [115.61367071065109, 40.3080829819976], [115.61378835801543, 40.30808439197048], [115.61378651634959, 40.30817445876392], [115.61413945896095, 40.308178687978376], [115.61413393531924, 40.308448888390004], [115.61401628730526, 40.308447478758055], [115.61401444591858, 40.30853754555453], [115.61389679775672, 40.308536135798526], [115.61389495620553, 40.30862620258905], [115.61365965959439, 40.308623382709314], [115.61365781772254, 40.30871344948943], [115.61354016927325, 40.308712039365716], [115.6135383272369, 40.30880210613989], [115.61342067863973, 40.30880069589211], [115.6134188364389, 40.30889076266034], [115.61306589022864, 40.308886531186005], [115.61306404755096, 40.308976597939356], [115.61271110094695, 40.30897236537525]]]}}, {"type": "Feature", "properties": {"year": 2021, "water_area_km2": 0.0113}, "geometry": {"type": "Polygon", "coordinates": [[[115.57712790243839, 40.26061278411588], [115.57713167680109, 40.260432651874765], [115.57701411386483, 40.260431206033445], [115.57701788850507, 40.26025107379557], [115.57690032588891, 40.26024962784401], [115.57690410080673, 40.26006949560938], [115.57678653851067, 40.2600680495476], [115.57678842611261, 40.25997798343265], [115.57667086398087, 40.25997653725606], [115.57667841492668, 40.259616272799725], [115.57656085342661, 40.25961482652208], [115.57656274129756, 40.25952476040889], [115.57668030264185, 40.25952620668196], [115.57668785341747, 40.25916594219605], [115.5768054141471, 40.25916738833142], [115.57680918917225, 40.25898725607044], [115.57727943092958, 40.25899303938145], [115.57727377024851, 40.259263237825664], [115.57739133117647, 40.2592646833687], [115.5773856708862, 40.25953488181332], [115.57750323229007, 40.2595363272507], [115.57749945903228, 40.259716459548876], [115.57761702075621, 40.25971790487602], [115.57761513427035, 40.25980797102746], [115.57773269615856, 40.2598094162398], [115.57771949160997, 40.260439879290516], [115.57760192863117, 40.26043843404615], [115.57760004207728, 40.26052850018575], [115.57748247895118, 40.26052705481741], [115.57748059223299, 40.26061712095096], [115.57712790243839, 40.26061278411588]]]}}, {"type": "Feature", "properties": {"year": 2021, "water_area_km2": 0.0341}, "geometry": {"type": "Polygon", "coordinates": [[[115.44718391468834, 40.24020330972957], [115.4471859726966, 40.24011324860872], [115.44706845185218, 40.240111671415185], [115.44707051000677, 40.240021610297816], [115.44695298932722, 40.240020032989996], [115.44695504762814, 40.239929971876144], [115.44683752711346, 40.239928394454026], [115.44684164399865, 40.239748272231814], [115.44672412380446, 40.23974669470042], [115.44673647517094, 40.23920632802793], [115.4466189559196, 40.239204750407225], [115.44662719060074, 40.23884450594902], [115.44721478383826, 40.23885239275985], [115.44721684170739, 40.23876233161659], [115.44803947154034, 40.23877336810719], [115.44804152831104, 40.238683306927484], [115.44827656517843, 40.23868645912704], [115.44827862162867, 40.23859639793586], [115.44839613992067, 40.23859797385173], [115.44839819620607, 40.23850791265407], [115.44851571435177, 40.23850948844567], [115.44851777047231, 40.23841942724153], [115.4487528064803, 40.238422578456955], [115.44875486228038, 40.238332517241325], [115.44898989801426, 40.238335667969665], [115.4489919534939, 40.23824560674257], [115.4492269889537, 40.238248756983836], [115.44922493378522, 40.2383388182209], [115.44969500543824, 40.2383451172921], [115.4496929508829, 40.238435178547626], [115.44992798707615, 40.238438327377544], [115.44992387855999, 40.238618449904045], [115.44980636014756, 40.23861687553876], [115.44980225128316, 40.23879699804933], [115.44968473256881, 40.23879542355479], [115.44968062335617, 40.23897554604942], [115.44944558533285, 40.238972396682556], [115.44944353040147, 40.239062457917655], [115.44932601124809, 40.23906088305032], [115.44932395615184, 40.23915094427893], [115.44920643685215, 40.23914936928735], [115.44920232632069, 40.239329491730125], [115.44908480671906, 40.23932791660928], [115.44908275128384, 40.239417977823436], [115.44896523153588, 40.239416402578314], [115.44896317593579, 40.239506463786], [115.4488456560415, 40.239504888416604], [115.44884360027655, 40.23959494961781], [115.44872608023593, 40.23959337412416], [115.44872402430609, 40.239683435318874], [115.44860650411914, 40.23968185970095], [115.44860444802445, 40.239771920889176], [115.44848692769118, 40.23977034514699], [115.4484848714316, 40.23986040632874], [115.448367350952, 40.23985883046227], [115.44836529452758, 40.23994889163753], [115.44813025328493, 40.23994573953678], [115.44812819654003, 40.240035800700575], [115.44801067577703, 40.24003422446627], [115.44800861886725, 40.240124285623594], [115.4478910979579, 40.24012270926503], [115.44788904088328, 40.240212770415845], [115.44718391468834, 40.24020330972957]]]}}, {"type": "Feature", "properties": {"year": 2021, "water_area_km2": 71.32}, "geometry": {"type": "Polygon", "coordinates": [[[115.75145630031577, 40.398209780398446], [115.75145796439195, 40.39811971002308], [115.75134015393259, 40.39811843771929], [115.75134181815818, 40.39802836734651], [115.75122400786326, 40.398027094926746], [115.75122733660578, 40.39784695418481], [115.7511095266322, 40.39784568165311], [115.75111119114912, 40.397755611283976], [115.75099338133997, 40.397754338636304], [115.75099504600628, 40.397664268269715], [115.75087723636156, 40.39766299550608], [115.75088056598548, 40.3974828547766], [115.75076275666208, 40.397481581901026], [115.75076442161969, 40.39739151153811], [115.75064661246076, 40.39739023854657], [115.75064827756776, 40.39730016818622], [115.75053046857322, 40.39729889507873], [115.75053379907854, 40.397118754361685], [115.75041599040533, 40.39711748114225], [115.7504193211944, 40.39693734042742], [115.75030151284255, 40.396936067096064], [115.75030317838274, 40.396845996740474], [115.75018537019528, 40.39684472329314], [115.75018870156691, 40.39666458258563], [115.75007089370082, 40.39666330902638], [115.75007422535619, 40.39648316832107], [115.74995641781143, 40.39648189464988], [115.74995974975054, 40.39630175394678], [115.74984194252711, 40.396300480163674], [115.74984527474994, 40.396120339462776], [115.74972746784785, 40.396119065567746], [115.74973080035443, 40.39593892486904], [115.74961299377364, 40.39593765086208], [115.74961466017257, 40.39584758051456], [115.74949685375621, 40.39584630639165], [115.7494985203045, 40.39575623604671], [115.74938071405256, 40.39575496180783], [115.74938238075023, 40.39566489146545], [115.74914676858273, 40.39566234263583], [115.74915010258312, 40.395482201962814], [115.7489144910733, 40.39547965266938], [115.74891615837599, 40.39538958233874], [115.74879835278927, 40.395388307516086], [115.74880168768591, 40.39520816685848], [115.74868388242048, 40.39520689192391], [115.74868721760083, 40.39502675126851], [115.74856941265674, 40.39502547622202], [115.74857108039251, 40.394935405896156], [115.74845327561282, 40.39493413073373], [115.74845494349798, 40.39484406041044], [115.7483371388827, 40.39484278513206], [115.74834047494421, 40.394662644489166], [115.74822267065025, 40.394661369098884], [115.7482243388266, 40.39457129877927], [115.74810653469709, 40.39457002327304], [115.74810987134097, 40.39438988263748], [115.74799206753276, 40.394388607019344], [115.74799373600031, 40.39429853670342], [115.7478759323565, 40.39429726096933], [115.74787760097342, 40.39420719065597], [115.74775979749403, 40.394205914805944], [115.74776146626029, 40.39411584449516], [115.74752585963789, 40.39411329244326], [115.74752752871039, 40.39402322213908], [115.74740972556738, 40.3940219459372], [115.74741139478924, 40.3939318756356], [115.74694018292004, 40.39392676964445], [115.74694185276194, 40.39383669935755], [115.74682404997034, 40.39383542256385], [115.74682571996156, 40.393745352279524], [115.74670791733442, 40.3937440753699], [115.74670958747501, 40.39365400508814], [115.74659178501226, 40.39365272806258], [115.74659345530218, 40.393562657783406], [115.74647565300386, 40.39356138064191], [115.74647899387486, 40.39338124008722], [115.74636119189783, 40.39337996283384], [115.74636286247889, 40.39328989255835], [115.74648066429904, 40.39329116980769], [115.74648233471568, 40.3932010995267], [115.74636453305244, 40.393199822281396], [115.74636620361844, 40.393109752002964], [115.74624840211959, 40.39310847464173], [115.74625007283494, 40.393018404365876], [115.74613227150051, 40.393017126888715], [115.74613561322232, 40.39283698634072], [115.74601781220919, 40.39283570875166], [115.74601948321568, 40.39274563847951], [115.74590168236696, 40.39274436077453], [115.74590502467105, 40.3925642202339], [115.74578722414363, 40.392562942417044], [115.7457922380138, 40.392292731607256], [115.74567443796454, 40.392291453682546], [115.7456811236467, 40.39193117259849], [115.74579892306846, 40.391932450507014], [115.74581062162379, 40.391301958525226], [115.74592841995502, 40.391303236285474], [115.74593343303789, 40.391033025402045], [115.74605123090606, 40.391034303030196], [115.74606292673751, 40.39040381088926], [115.74618072351518, 40.39040508836917], [115.74619241787921, 40.38977459612817], [115.74595682652732, 40.389772041105], [115.74596016833377, 40.38959190046769], [115.74572457763944, 40.38958934498086], [115.74572624884505, 40.389499274668104], [115.74560845366607, 40.389497996748794], [115.74561012502096, 40.389407926438615], [115.74549233000636, 40.389406648403394], [115.74549400151058, 40.38931657809578], [115.74537620666037, 40.38931529994464], [115.7453778783139, 40.38922522963963], [115.7452600836281, 40.38922395137258], [115.74526509901395, 40.388953740460856], [115.74514730480621, 40.388952462085996], [115.74515566441605, 40.38850211055738], [115.74503787100008, 40.388500832082784], [115.74504455917952, 40.38814055084972], [115.74492676639845, 40.38813927227135], [115.74493178292433, 40.3878690613433], [115.74469619832587, 40.38786650385099], [115.74469954326608, 40.38768636324117], [115.74434616736602, 40.38768252612735], [115.74434449442919, 40.38777259642085], [115.74422670232076, 40.38777131713897], [115.74422837541444, 40.38768124684951], [115.74411058347039, 40.387679967451724], [115.74411560317664, 40.3874097565867], [115.74399781171064, 40.38740847708111], [115.74400450517392, 40.38704819592343], [115.74412229601259, 40.38704947541283], [115.74412396920269, 40.3869594051157], [115.74400617852086, 40.38695812563035], [115.74400785186027, 40.3868680553358], [115.7442434329178, 40.38687061417844], [115.74424677894665, 40.38669047356877], [115.74436456917306, 40.386691752802086], [115.7443729333289, 40.38624140123199], [115.74425514388659, 40.38624012201893], [115.74425681685192, 40.386150051704576], [115.744139027574, 40.386148772375606], [115.74415241227959, 40.385428209840356], [115.74427020030295, 40.38542948913693], [115.74427187320036, 40.38533941880938], [115.74438966107445, 40.385340697981974], [115.74439300653297, 40.38516055731439], [115.74451079410099, 40.385161836358954], [115.74451246666213, 40.3850717660189], [115.74463025408086, 40.38507304493948], [115.74463694362268, 40.3847127635485], [115.7447547304217, 40.38471404233294], [115.74476141921552, 40.38435376090234], [115.74487920539485, 40.38435503955066], [115.74488087741761, 40.3842649691853], [115.74499866344769, 40.38426624770964], [115.74500033530612, 40.38417617733876], [115.7451181211869, 40.38417745573911], [115.74512146456753, 40.383997314984896], [115.74523925014226, 40.38399859325722], [115.74526265076658, 40.38273760775695], [115.7451448673871, 40.38273632954125], [115.74514988208466, 40.382466118337405], [115.7450320991831, 40.38246484001391], [115.74503878596813, 40.38210455840445], [115.7449210037013, 40.382103279977215], [115.74492601918125, 40.38183306876688], [115.7450438009777, 40.381834347181986], [115.74505550240272, 40.38120385427828], [115.74493772170376, 40.3812025758915], [115.7449494238567, 40.380572082944354], [115.74506720345816, 40.38057336130281], [115.74508726155057, 40.37949251603502], [115.74520503927828, 40.37949379422503], [115.74521673823327, 40.37886330102643], [115.74533451487112, 40.37886457906821], [115.74533952812557, 40.378594367663275], [115.74545730430067, 40.37859564557301], [115.74546231701697, 40.37832543414276], [115.7455800927293, 40.37832671192045], [115.74559178770618, 40.37769621850364], [115.74547401309115, 40.37769494075425], [115.7454823672037, 40.377244588289955], [115.74560014103494, 40.37724586601912], [115.74560348231368, 40.377065725015065], [115.74572125583893, 40.377067002616236], [115.74572626723028, 40.376796791087024], [115.74584404029282, 40.37679806855616], [115.74584738086918, 40.37661792752129], [115.74596515362575, 40.37661920486245], [115.74596682374587, 40.37652913433877], [115.74608459635326, 40.37653041155597], [115.7460862663091, 40.376440341026786], [115.74620403876725, 40.376441618120054], [115.74620570855882, 40.376351547585365], [115.74632348086777, 40.37635282455468], [115.74632515049504, 40.376262754014476], [115.74644292265477, 40.37626403085985], [115.74644793102118, 40.37599381921836], [115.7465657027182, 40.37599509593171], [115.7465740490612, 40.375544743146385], [115.74669181998203, 40.375546019719636], [115.74670183440466, 40.37500559630466], [115.74681960439258, 40.375006872733785], [115.74682294215974, 40.37482673157566], [115.74694071184173, 40.3748280078768], [115.74694238055729, 40.374737937291506], [115.74706015009005, 40.37473921346871], [115.74706181864136, 40.37464914287792], [115.7471795880249, 40.37465041893118], [115.74718292479145, 40.37447027773712], [115.74730069386908, 40.37447155366241], [115.74730403029201, 40.37429141245441], [115.74742179906372, 40.37429268825175], [115.74742346710717, 40.374202617641515], [115.74754123572966, 40.37420389331492], [115.74754290360885, 40.37411382269918], [115.74766067208213, 40.37411509824865], [115.74766233979707, 40.374025027627404], [115.74778010812115, 40.374026303052936], [115.74778511075066, 40.373756091168346], [115.74790287861208, 40.37375736646188], [115.74790454598346, 40.373667295826706], [115.74778677827875, 40.373666020537215], [115.74778844579934, 40.37357594990462], [115.74790621334732, 40.37357722519008], [115.74790954805248, 40.37339708391243], [115.74802731529454, 40.37339835906993], [115.74803064965616, 40.37321821777835], [115.74814841659226, 40.3732194928079], [115.74815175061033, 40.37303935150238], [115.74826951724053, 40.37304062640396], [115.7482745177411, 40.372770414422604], [115.74839228390863, 40.372771689192206], [115.74839561722465, 40.372591547855905], [115.74827785137056, 40.37259027309438], [115.74827951817397, 40.37250020242808], [115.74839728387137, 40.372501477185565], [115.74840228376644, 40.37223126516576], [115.7482845185392, 40.372229990420365], [115.74828618531254, 40.37213991974819], [115.74816842024956, 40.37213864488695], [115.7481700871721, 40.37204857421736], [115.74805232227335, 40.372047299240265], [115.74806232459102, 40.37150687521616], [115.74818008854952, 40.371508150169035], [115.74818175541942, 40.37141807948919], [115.74829951922872, 40.37141935431815], [115.74830118593441, 40.371329283632804], [115.74853671326215, 40.37133183292301], [115.7485383796469, 40.37124176222813], [115.7488916702248, 40.37124558525223], [115.74889333613189, 40.37115551454379], [115.74901109951618, 40.37115678864136], [115.74901276525905, 40.37106671792742], [115.74913052849415, 40.371067991901086], [115.74913219407281, 40.370977921181655], [115.74924995715871, 40.3709791950314], [115.7492532879801, 40.37079905358007], [115.74937105076009, 40.37080032730188], [115.74937771168584, 40.37044004436554], [115.74949547384655, 40.37044131795135], [115.74949880395094, 40.370261176466315], [115.74961656580575, 40.37026244992418], [115.74961823069, 40.37017237917545], [115.74973599239563, 40.37017365250941], [115.74973765711563, 40.370083581755175], [115.74985541867207, 40.37008485496523], [115.74985708322788, 40.36999478420551], [115.74997484463512, 40.36999605729165], [115.74997650902672, 40.369905986526426], [115.75032979282344, 40.36990980505352], [115.75033145673744, 40.36981973427476], [115.75092026243189, 40.36982609606892], [115.7509219255549, 40.36973602526856], [115.75115744757183, 40.369738569139045], [115.75115911037393, 40.369648498329155], [115.75127687123697, 40.36964977008057], [115.75128019650528, 40.36946962844838], [115.75139795706242, 40.369470900071846], [115.75139961952863, 40.36938082924953], [115.75151737993656, 40.36938210074911], [115.75152070453312, 40.369201959092024], [115.75163846463516, 40.36920323046369], [115.75164345100366, 40.368933017955015], [115.75176121064314, 40.36893428919473], [115.75176287259428, 40.36884421835156], [115.75188063208456, 40.36884548946739], [115.75188395565098, 40.3686653477686], [115.75200171483536, 40.3686666187565], [115.75200669965872, 40.36839640618528], [115.75212445838055, 40.368397677041244], [115.75212778124524, 40.368217535311736], [115.7522455396612, 40.3682188060398], [115.75224720092562, 40.36812873516882], [115.75236495919238, 40.36813000577298], [115.75236828138537, 40.3679498640186], [115.75248603934627, 40.36795113449485], [115.75248936119593, 40.36777099272658], [115.75260711885095, 40.36777226307492], [115.75261376183362, 40.36741197950471], [115.75273151886941, 40.367413249717096], [115.75273650055772, 40.367143037012006], [115.75285425713093, 40.36714430709248], [115.75285757790567, 40.36696416527373], [115.75297533417306, 40.3669654352263], [115.7529769943925, 40.366875364310715], [115.7530947505107, 40.366876634139395], [115.7530980706138, 40.366696492295794], [115.75321582642613, 40.36669776199657], [115.75322246591573, 40.36633747827572], [115.75334022110889, 40.36633874784057], [115.75334354049538, 40.36615860596332], [115.75346129538269, 40.36615987540028], [115.75346461442592, 40.36597973350913], [115.75358236900736, 40.365981002818195], [115.75358402836108, 40.3658909318664], [115.75370178279337, 40.365892201051594], [115.753705101165, 40.3657120591356], [115.7538228552914, 40.36571332819288], [115.75382451430934, 40.36562325722868], [115.75394226828656, 40.3656245261621], [115.75394558598667, 40.365444384221256], [115.75406333965803, 40.36544565302678], [115.7540649983402, 40.36535558205016], [115.75418275186242, 40.36535685073182], [115.75418606889093, 40.36517670876612], [115.7543038221073, 40.365177977319895], [115.75430548045368, 40.365087906330835], [115.75442323352087, 40.36508917476074], [115.75442654987785, 40.364909032770214], [115.75430879712398, 40.364907764348345], [115.75431045544792, 40.3648176933549], [115.75407495027595, 40.36481515615963], [115.75407660890573, 40.36472508517275], [115.75372335167387, 40.36472127849297], [115.75372501076612, 40.36463120751668], [115.75348950629564, 40.36462866913893], [115.75349116569373, 40.36453859816921], [115.75337341362636, 40.364537328804566], [115.75337507317363, 40.3644472578374], [115.7532573212704, 40.36444598835692], [115.75325898096683, 40.36435591739229], [115.75314122922777, 40.36435464779598], [115.75314454891146, 40.364174505870395], [115.75302679749318, 40.364173236162266], [115.75303177743253, 40.36390302327496], [115.7529140264917, 40.36390175345903], [115.7529173467271, 40.36372161153488], [115.75279959610707, 40.36372034160714], [115.75280291662582, 40.36354019968517], [115.75268516632659, 40.363538929645614], [115.75268682673136, 40.36344885868645], [115.75256907659626, 40.36344758853108], [115.7525707371502, 40.363357517574464], [115.75245298717924, 40.363356247303265], [115.75245464788233, 40.363266176349214], [115.75233689807551, 40.36326490596218], [115.75234021977253, 40.36308476405774], [115.75222247028647, 40.36308349355889], [115.752235758028, 40.362362925914695], [115.75235350626092, 40.36236419638138], [115.75235848857044, 40.36209398347858], [115.75247623634093, 40.362095253813365], [115.75247955752987, 40.36191511186281], [115.75259730499458, 40.3619163820697], [115.75259896542119, 40.3618263110882], [115.75271671273673, 40.36182758117123], [115.75271837299923, 40.36173751018425], [115.75283612016565, 40.36173878014341], [115.75283778026397, 40.361648709150955], [115.75295552728127, 40.36164997898626], [115.7529571872155, 40.3615599079883], [115.75307493408361, 40.36156117769974], [115.75307991337148, 40.36129096468508], [115.75319765977721, 40.36129223426463], [115.75320263852777, 40.361022021224734], [115.75308489259194, 40.36102075165724], [115.75308655231713, 40.36093068064504], [115.7529688065454, 40.360929410961724], [115.75297046641971, 40.360839339952086], [115.75249948403425, 40.360834260036526], [115.75249782353342, 40.3609243310301], [115.75226233207236, 40.36092179034526], [115.75226067125081, 40.361011861329324], [115.75202517950645, 40.36100932015708], [115.75202351836414, 40.36109939113164], [115.750963804476, 40.36108794988832], [115.75096214191655, 40.36117802082521], [115.75084439580984, 40.36117674897273], [115.75084273308623, 40.36126681990413], [115.75072498683038, 40.361265547927786], [115.75072332394264, 40.36135561885369], [115.75060557753767, 40.361354346753494], [115.7506039144858, 40.36144441767391], [115.7504861679317, 40.36144314544983], [115.75048450471569, 40.36153321636476], [115.75036675801246, 40.36153194401682], [115.75036343124465, 40.36171208583423], [115.75024568423565, 40.36171081335839], [115.75024402068388, 40.36180088426087], [115.75012627352577, 40.36179961166117], [115.75012460980982, 40.36188968255815], [115.75000686250259, 40.361888409834584], [115.75000353473494, 40.36206855161611], [115.74988578712193, 40.36206727876464], [115.74988245901098, 40.362247420532256], [115.7497647110922, 40.36224614755288], [115.74976138263796, 40.36242628930659], [115.7496436344134, 40.36242501619931], [115.74964197001837, 40.36251508706994], [115.74952422164469, 40.36251381383878], [115.74952255708553, 40.362603884703915], [115.74928706004742, 40.36260133787402], [115.74928539516746, 40.362691408729624], [115.74916764650303, 40.362690135130876], [115.7491659814589, 40.36278020598098], [115.74904823264536, 40.36277893225836], [115.74904656743708, 40.36286900310298], [115.74892881847438, 40.36286772925647], [115.74892715310196, 40.3629578000956], [115.74869165488587, 40.36295525203497], [115.74868998919261, 40.36304532286458], [115.7477479953757, 40.36303512579601], [115.74774632842181, 40.36312519659186], [115.7473930803946, 40.36312137070157], [115.74739141296327, 40.363211441483855], [115.74727366347923, 40.36321016594334], [115.74727199588374, 40.36330023672014], [115.7471542462506, 40.36329896105576], [115.7471525784909, 40.36338903182704], [115.74703482870866, 40.36338775603878], [115.7470331607848, 40.363477826804555], [115.74691541085343, 40.36347655089239], [115.7469137427654, 40.36356662165268], [115.74656049254651, 40.36356279318501], [115.74655882398102, 40.363652863931705], [115.74632332355942, 40.36365031101261], [115.7463216546731, 40.36374038174976], [115.74620390431696, 40.3637391051064], [115.74619555898914, 40.36418945874998], [115.74631331012854, 40.36419073541355], [115.74631164119702, 40.36428080614191], [115.7464293925006, 40.36428208268967], [115.74642772371824, 40.36437215342061], [115.746545475186, 40.36437342985257], [115.74654380655274, 40.364463500586076], [115.74677930982415, 40.364466053098475], [115.74677764149669, 40.364556123838604], [115.74701314511151, 40.36455867587968], [115.74700647297962, 40.364918958857864], [115.74688872054182, 40.3649176828811], [115.74688705233336, 40.36500775361795], [115.74676929974643, 40.36500647751729], [115.74676763137381, 40.365096548248644], [115.74641437318816, 40.36509271921541], [115.74641270433804, 40.36518278993317], [115.7462949514679, 40.36518151334502], [115.74629328245356, 40.365271584057275], [115.74617552943428, 40.365270307345234], [115.74617219106975, 40.36545044875726], [115.74605443774468, 40.365449171917255], [115.74604942967133, 40.365719384012216], [115.74593167588381, 40.36571810704025], [115.74593000635433, 40.365808177731594], [115.74581225241765, 40.365806900635725], [115.74580891302274, 40.36598704200593], [115.74557340454537, 40.36598448743845], [115.74557173452327, 40.366074558113276], [115.74510071703227, 40.36606944752383], [115.74509904637598, 40.366159518181014], [115.74498129186541, 40.36615824022996], [115.74497460853817, 40.36651852282788], [115.74509236367543, 40.36651980079511], [115.74509069298142, 40.36660987144497], [115.74520844828288, 40.36661114929639], [115.7452101188202, 40.366521078642485], [115.74556338429977, 40.366524911465426], [115.7455617142325, 40.366614982131466], [115.74567946956408, 40.36661625950343], [115.7456777996459, 40.36670633017207], [115.74579555514171, 40.36670760742822], [115.74578219677856, 40.36742817275675], [115.74566444002936, 40.367426895468256], [115.74566110004989, 40.36760703677768], [115.74554334299486, 40.367605759361226], [115.74553165173259, 40.36823625386972], [115.74541389358835, 40.36823497630511], [115.74541222322118, 40.36832504693927], [115.74482343182954, 40.36831865729799], [115.7448251029801, 40.36822858668405], [115.7445895867896, 40.36822602999654], [115.74459125824599, 40.36813595938923], [115.7444735003187, 40.368134680869716], [115.74447517192426, 40.36804461026498], [115.7443574141612, 40.36804333162965], [115.74436075766302, 40.36786319042388], [115.7441252427863, 40.3678606328098], [115.74412691483923, 40.36777056221282], [115.74400915756888, 40.367769283230025], [115.74401082977094, 40.367679212635615], [115.7438930726648, 40.367677933537], [115.74389140030603, 40.36776800412736], [115.74365588580302, 40.367765445562476], [115.74365421312335, 40.367855516143266], [115.74353645572648, 40.36785423667696], [115.74353478288258, 40.367944307252245], [115.74341702533658, 40.36794302766203], [115.74341367931278, 40.3681231688001], [115.74317816361669, 40.36812060924387], [115.74318318358115, 40.367850397558854], [115.74306542621449, 40.36784911761309], [115.74307044658104, 40.367578905927054], [115.74295268969196, 40.36757762587357], [115.74295436328904, 40.36748755531268], [115.74271884984687, 40.36748499485423], [115.74272052374977, 40.36739492429998], [115.7426027671967, 40.36739364389501], [115.74260444124873, 40.36730357334334], [115.74248668485987, 40.36730229282257], [115.74249003325461, 40.36712215172294], [115.74260778933012, 40.367123432235616], [115.74261281139557, 40.36685322056303], [115.74167076676322, 40.36684297320274], [115.74167244202332, 40.366752902674726], [115.74155468663493, 40.366751621219365], [115.74155636204414, 40.36666155069394], [115.7412030963944, 40.36665770562085], [115.74120477226606, 40.366567635106115], [115.74108701722125, 40.36656635317942], [115.74108534119293, 40.3666564236901], [115.74096758599904, 40.36665514163949], [115.74096926218402, 40.36656507113287], [115.74038048711134, 40.36655865910219], [115.7403821640721, 40.36646858861442], [115.73967563517456, 40.366460890246564], [115.73967731306777, 40.36637081978169], [115.73944180380914, 40.36636825270832], [115.73944348200814, 40.366278182250085], [115.73932572754686, 40.36627689853767], [115.73932740589493, 40.36618682808204], [115.73909189730838, 40.36618426030578], [115.73909693324717, 40.365914048954465], [115.73897917943525, 40.36591276489873], [115.73898253700325, 40.36573262399867], [115.73886478351223, 40.36573133983121], [115.73886646244152, 40.36564126938303], [115.73839544917988, 40.365636131530884], [115.73839376962394, 40.36572620196279], [115.73827601617081, 40.36572491719604], [115.73827433645062, 40.36581498762242], [115.73745006139431, 40.36580599087073], [115.73745174221114, 40.36571592047283], [115.73709848205642, 40.36571206293647], [115.73709680076962, 40.365802133322155], [115.73568375895368, 40.365786692340734], [115.7356871252796, 40.365606551665614], [115.73580487840918, 40.36560783906513], [115.73581834215578, 40.36488727627342], [115.73570059027946, 40.364885988906515], [115.73570227337028, 40.36479591855503], [115.73558452165818, 40.364794631072336], [115.73558620489808, 40.36470456072346], [115.73546845335022, 40.36470327312498], [115.73547013673917, 40.36461320277872], [115.73476362855163, 40.36460547469542], [115.73476531287288, 40.364515404372156], [115.73229253966136, 40.36448832218851], [115.73229085205043, 40.36457839242607], [115.73217310087217, 40.36457710147583], [115.73217141309696, 40.36466717170784], [115.7315826565366, 40.364660715138456], [115.73158434509507, 40.364570644926886], [115.73123109172023, 40.364566769559296], [115.73123278074102, 40.36447669935852], [115.73111502978799, 40.36447540733372], [115.7311133406105, 40.364565477530405], [115.73087783841397, 40.36456289311307], [115.73088459633126, 40.36420261235024], [115.73076684587102, 40.364201319978164], [115.73076853548794, 40.36411124978787], [115.73065078519195, 40.36410995730003], [115.73065247495789, 40.36401988711237], [115.7305347248262, 40.364018594508764], [115.73053641474117, 40.36392852432374], [115.73041866477374, 40.36392723160438], [115.7304203548377, 40.36383716142197], [115.73030260503455, 40.363835868586854], [115.73030429524756, 40.36374579840707], [115.73042204489408, 40.363747091238096], [115.73042373494283, 40.36365702105276], [115.73054148444031, 40.36365831375985], [115.7305431743248, 40.36356824356894], [115.73089642239309, 40.36357212095886], [115.7308981118, 40.36348205075423], [115.73113361023702, 40.36348463507341], [115.73113529932303, 40.36339456485914], [115.73148854656579, 40.36339844042682], [115.73149023517425, 40.3633083701988], [115.73160798411377, 40.363309661810916], [115.73160967255798, 40.363219591577355], [115.73172742134847, 40.36322088306554], [115.73172910962842, 40.36313081282642], [115.73184685826988, 40.36313210419067], [115.73184854638556, 40.363042033946], [115.73196629487802, 40.36304332518632], [115.73196967077325, 40.362863184684414], [115.73208741896005, 40.36286447579672], [115.73208910673961, 40.362774405539476], [115.73244235087573, 40.36277827814506], [115.73244403817777, 40.362688207874086], [115.73256178608172, 40.362689498498845], [115.7325634732195, 40.362599428222346], [115.73279896873699, 40.36260200910415], [115.73280402916487, 40.36233179824132], [115.73268628187225, 40.36233050787259], [115.73268796882294, 40.36224043758613], [115.73257022169457, 40.36223914710163], [115.73257190879431, 40.36214907681779], [115.73245416183015, 40.36214778621755], [115.7324558490789, 40.36205771593633], [115.73233810227902, 40.362056425220324], [115.73233978967679, 40.361966354941735], [115.73222204304113, 40.36196506410998], [115.73222541812711, 40.361784923556534], [115.73210767181232, 40.361783632613104], [115.73211104718109, 40.36160349206199], [115.73199330118717, 40.361602201006896], [115.73199498901678, 40.361512130733225], [115.73187724318711, 40.36151083956237], [115.73187893116572, 40.36142076929133], [115.7317611855003, 40.361419478004734], [115.73176287362791, 40.361329407736285], [115.73164512812673, 40.36132811633395], [115.73164681640337, 40.36123804606813], [115.7314113257371, 40.3612354629121], [115.73141301431936, 40.361145392653015], [115.7312952691543, 40.361144100899324], [115.73129695788555, 40.36105403064284], [115.7310614678915, 40.361051446784145], [115.7310631569284, 40.360961376534384], [115.73082766727808, 40.36095879220452], [115.73082935662059, 40.360868721961474], [115.73000514418088, 40.36085967306077], [115.73000683461213, 40.3607696028449], [115.72977134572552, 40.36076701637437], [115.72976965498101, 40.36085708658206], [115.72894544302179, 40.360848030131756], [115.72895051852146, 40.36057781959027], [115.72918600667478, 40.3605804077221], [115.7291876981795, 40.360490337530486], [115.7298941618829, 40.3604980990254], [115.72989585244028, 40.36040802880773], [115.73036682776859, 40.360413200724636], [115.73036851769187, 40.36032313048915], [115.73060400508855, 40.360325715720435], [115.73060569469095, 40.3602356454753], [115.7308411818049, 40.36023823021906], [115.73084287108645, 40.360148159964275], [115.73096061449823, 40.36014945215232], [115.73096399272525, 40.35996931163019], [115.73108173583142, 40.359970603690215], [115.73108680264495, 40.359700392883745], [115.7312045452889, 40.359701684811675], [115.73120285651528, 40.35979175508606], [115.73143834213926, 40.3597943385906], [115.73142989972307, 40.36024468998139], [115.73166538694366, 40.3602472730475], [115.7316670751289, 40.360157202764086], [115.731784818594, 40.3601584941133], [115.73180001050893, 40.35934786145996], [115.73168226845333, 40.35934657014754], [115.73168564466388, 40.35916642954995], [115.73156790292913, 40.35916513812587], [115.73156959117959, 40.35907506782896], [115.73145184960907, 40.35907377628913], [115.73145353800854, 40.35898370599486], [115.73133579660222, 40.35898241433929], [115.73133748515066, 40.35889234404763], [115.73110200267415, 40.358889760385196], [115.73110369152819, 40.35879969010025], [115.73098595045796, 40.35879839809338], [115.73098932845639, 40.35861825752726], [115.73087158770697, 40.35861696540875], [115.73087327685137, 40.358526895127575], [115.73075553626622, 40.35852560289333], [115.73075722555959, 40.358435532614784], [115.73052174472531, 40.358432947794974], [115.73052343432427, 40.35834287752315], [115.73028795383368, 40.358340292232235], [115.73028964373822, 40.358250221967126], [115.73017190366097, 40.35824892914602], [115.73017359371447, 40.35815885888353], [115.73005585380145, 40.3581575659467], [115.73005754400396, 40.35806749568683], [115.72993980425515, 40.35806620263427], [115.72994318495046, 40.35788606211834], [115.72982544552248, 40.357884768954136], [115.72982713601529, 40.35779469869806], [115.72970939675155, 40.35779340541813], [115.72971108739333, 40.35770333516469], [115.72959334829379, 40.35770204176903], [115.72959503908454, 40.357611971518196], [115.72935956122159, 40.35760938437559], [115.7293612523179, 40.35751931413151], [115.72924351355445, 40.35751802038457], [115.72924520479972, 40.35742795014311], [115.7291274662005, 40.357426656280445], [115.72912915759474, 40.357336586041605], [115.72901141915976, 40.35733529206322], [115.72901311070297, 40.357245221827014], [115.7288953724322, 40.357243927732895], [115.72889875580891, 40.35706378726427], [115.72878101785896, 40.357062493058535], [115.72878270969248, 40.35697242282612], [115.72866497190674, 40.356971128504654], [115.72866666388921, 40.35688105827488], [115.72854892626768, 40.356879763837696], [115.7285523105229, 40.35669962338192], [115.7284345732222, 40.35669832883311], [115.72843626549495, 40.356608258607125], [115.72831852835847, 40.356606963942596], [115.72832022078016, 40.356516893719245], [115.72808474684331, 40.356514304038924], [115.72808643957053, 40.3564242338223], [115.72796870277016, 40.356422938806524], [115.72797039564634, 40.35633286859253], [115.72785265901015, 40.35633157346103], [115.72785096597738, 40.35642164367093], [115.72773322919227, 40.356420348415504], [115.72773661556334, 40.35624020800246], [115.72761887909905, 40.356238912635426], [115.72761718576072, 40.35632898283858], [115.72726397594388, 40.3563250960063], [115.72726566975194, 40.35623502581546], [115.7270301968921, 40.35623243400305], [115.7270318910057, 40.35614236381891], [115.72691415474382, 40.3561410677371], [115.72691584900635, 40.35605099755562], [115.72679811290868, 40.35604970135808], [115.72679980732016, 40.35595963117923], [115.72668207138675, 40.355958334865996], [115.72668376594714, 40.35586826468979], [115.72656603017795, 40.35586696826083], [115.7265677248873, 40.355776898087264], [115.72633225368502, 40.35577430487812], [115.72633394869987, 40.35568423471128], [115.72609847784133, 40.3556816410311], [115.72610186847446, 40.35550150070945], [115.72445357770573, 40.355483331644166], [115.72445018268839, 40.355663471850804], [115.72374377093932, 40.3556556778705], [115.72374716783561, 40.35547553771321], [115.72362943288408, 40.35547423830537], [115.72363113147732, 40.355384168228625], [115.72339566191039, 40.35538156906176], [115.72339736080909, 40.35529149899178], [115.7232796261937, 40.35529019923274], [115.72328132524133, 40.355200129165404], [115.7230458563467, 40.35519752929613], [115.72304755569984, 40.35510745923555], [115.72292982142059, 40.355106159125306], [115.72293152092261, 40.35501608906739], [115.72269605270027, 40.35501348849571], [115.7226977525078, 40.35492341844455], [115.7225800185647, 40.35492211798311], [115.7225817185211, 40.3548320479346], [115.72234625097107, 40.354829446660545], [115.72234795123296, 40.354739376618795], [115.72223021762603, 40.35473807580616], [115.72223191803683, 40.35464800576706], [115.7219964511591, 40.35464540379062], [115.72199815187537, 40.3545553337583], [115.72152721883828, 40.35455012838417], [115.72152892017316, 40.35446005836686], [115.72117572094564, 40.35445615309066], [115.72117742274254, 40.35436608308423], [115.72082422405383, 40.35436217674212], [115.72082592631277, 40.3542721067466], [115.71953086676784, 40.354257774312494], [115.71952916278664, 40.35434784426266], [115.7188227661238, 40.354340020436474], [115.71882447104439, 40.35424995051108], [115.71870673845073, 40.35424864612486], [115.71870503337355, 40.35433871604613], [115.71811636973781, 40.354332192297285], [115.71811466387013, 40.354422262196444], [115.71787919815655, 40.35441965185], [115.71787749196803, 40.35450972173943], [115.71775975896622, 40.35450841638238], [115.71775634625293, 40.35468855614856], [115.71763861294566, 40.354687250663424], [115.71763008024489, 40.35513760003256], [115.717747814335, 40.35513890553836], [115.71774440151393, 40.355319045284006], [115.71703799520985, 40.35531121040255], [115.71703970256367, 40.35522114055525], [115.71656876580795, 40.355215914921274], [115.71657047378037, 40.35512584508905], [115.71645273976726, 40.35512453838516], [115.71645444788857, 40.35503446855562], [115.71633671403976, 40.35503316173607], [115.7163384223099, 40.354943091909185], [115.71622068862537, 40.35494178497395], [115.71622239704439, 40.354851715149735], [115.71610466352413, 40.35485040809884], [115.71611149774945, 40.35449012880385], [115.71622923064342, 40.354491435838206], [115.71623264739671, 40.354311296173634], [115.71611491481585, 40.35430998914756], [115.71611833185143, 40.354129849485396], [115.71588286733915, 40.35412723509038], [115.71588457615852, 40.35403716526537], [115.71564911199017, 40.354034550399405], [115.71565082111495, 40.353944480581205], [115.71553308919891, 40.35394317297266], [115.71553479847256, 40.353853103157135], [115.7151816032404, 40.353849179625094], [115.71518331297601, 40.353759109820494], [115.71506558140395, 40.35375780174102], [115.71506387151177, 40.35384787154147], [115.71400428630135, 40.35383609339772], [115.71400599760258, 40.35374602363456], [115.71365280314106, 40.35374209544261], [115.71365451490428, 40.353652025690415], [115.71341905228167, 40.353649406305074], [115.71342076435027, 40.35355933655971], [115.71330303320711, 40.35355802669147], [115.71330474542455, 40.35346795694878], [115.71306928347452, 40.3534653368612], [115.71307099599737, 40.35337526712534], [115.7129532651905, 40.353373956906], [115.71295497786218, 40.35328388717281], [115.71283724721961, 40.35328257683782], [115.71284067285289, 40.35310243737532], [115.71272294253114, 40.35310112692882], [115.71272465549276, 40.353011057199524], [115.7126069253353, 40.353009746637376], [115.71260863844573, 40.35291967691076], [115.71249090845258, 40.352918366232956], [115.71249433496337, 40.35273822678361], [115.71237660529104, 40.3527369159943], [115.71238003208404, 40.352556776547395], [115.71226230273254, 40.35255546564659], [115.71226401627398, 40.35246539592509], [115.71214628708678, 40.352464084908625], [115.71214800077705, 40.35237401518981], [115.71203027175412, 40.35237270405771], [115.7120319855932, 40.35228263434155], [115.71191425673457, 40.35228132309381], [115.71191597072249, 40.35219125338035], [115.71179824202811, 40.35218994201696], [115.71179995616485, 40.35209987230618], [115.71168222763475, 40.352098560827145], [115.7116839419203, 40.352008491119044], [115.71156621355449, 40.352007179524364], [115.71156792798885, 40.351917109818956], [115.71145019978734, 40.35191579810863], [115.71145362894596, 40.351735658701706], [115.71133590106525, 40.35173434687988], [115.71133761578953, 40.35164427717838], [115.71121988807309, 40.35164296524092], [115.71122160294617, 40.351552895542106], [115.71110387539403, 40.35155158348899], [115.7111055904159, 40.351461513792856], [115.71098786302805, 40.35146020162413], [115.71098957819873, 40.35137013193066], [115.71087185097515, 40.35136881964628], [115.71087528160639, 40.351188680263284], [115.71075755470365, 40.35118736786742], [115.71076098561701, 40.35100722848685], [115.71064325903507, 40.3510059159795], [115.7106449746367, 40.350915846291166], [115.71052724821904, 40.35091453366819], [115.71052896396944, 40.35082446398255], [115.71041123771606, 40.35082315124393], [115.71041295361528, 40.350733081560975], [115.71029522752617, 40.35073176870673], [115.71029865961445, 40.350551629344714], [115.71018093384617, 40.35055031637898], [115.71018436621657, 40.35037017701941], [115.71006664076909, 40.3503688639422], [115.71007522234224, 40.3499185155384], [115.70995749768517, 40.34991720236218], [115.70997122905183, 40.34919664487302], [115.71008895245666, 40.34919795801598], [115.71009924971735, 40.34865753981253], [115.71021697219078, 40.34865885281076], [115.71022383625031, 40.34829857396248], [115.7103415581054, 40.348299886824336], [115.71034498977568, 40.348119747383066], [115.71046271132548, 40.348121060116824], [115.7104678583033, 40.34785085093147], [115.71058557939129, 40.34785216353298], [115.71059244129398, 40.347491884582006], [115.71071016176366, 40.34749319704712], [115.71071359235556, 40.34731305755453], [115.71083131251993, 40.34731436989156], [115.71083817298484, 40.34695409087213], [115.71072045344648, 40.34695277855172], [115.71072216869989, 40.34686270879734], [115.71060444932579, 40.3468613963613], [115.71060616472793, 40.34677132660962], [115.71048844551808, 40.34677001405795], [115.71049016106902, 40.34667994430895], [115.71037244202341, 40.346678631641666], [115.71037930477576, 40.34631835264763], [115.70979071279392, 40.34631178759777], [115.70978899633492, 40.346401857327706], [115.70955355928338, 40.34639923046105], [115.70955184250363, 40.346489300181204], [115.70943412383296, 40.346487986564064], [115.70943240688896, 40.34657805627859], [115.70931468806955, 40.34657674253752], [115.70931297096129, 40.346666812246426], [115.70907753303268, 40.346664184396644], [115.70907581560367, 40.34675425409577], [115.7089580964945, 40.34675293998707], [115.70895637890123, 40.346843009680555], [115.70872094039308, 40.34684038109551], [115.70871922247903, 40.34693045077921], [115.70848378368886, 40.34692782170676], [115.70848206545409, 40.347017891380666], [115.7082466263819, 40.34701526182079], [115.70824490782634, 40.34710533148491], [115.70800946847216, 40.34710270143762], [115.70800774959584, 40.34719277109196], [115.70765459015315, 40.34718882511023], [115.70765287079955, 40.3472788947506], [115.70753515084432, 40.34727757917964], [115.70753343132647, 40.347367648814384], [115.70729799112625, 40.34736501730482], [115.70729627128762, 40.34745508692976], [115.70717855104265, 40.347453770991166], [115.70717511102904, 40.34763391022831], [115.70705739047881, 40.347632594161595], [115.70705567030384, 40.34772266377381], [115.70693794960485, 40.347721347583146], [115.70693450891864, 40.34790148679482], [115.70681678791439, 40.34790017047606], [115.70681506740313, 40.347990240075525], [115.70669734625011, 40.34798892363282], [115.70669562557458, 40.348078993226665], [115.70657790427282, 40.348077676660004], [115.706576183433, 40.348167746248215], [115.70645846198248, 40.348166429557615], [115.70645674097837, 40.34825649914018], [115.7063390193791, 40.34825518232563], [115.70633729821071, 40.34834525190258], [115.70610185472245, 40.34834261790581], [115.70610013323326, 40.348432687472936], [115.70598241134424, 40.34843137029071], [115.70598068969078, 40.3485214398522], [115.705862967653, 40.34852012254603], [115.70586124583525, 40.3486101921019], [115.70562580146999, 40.34860755712188], [115.70562407933143, 40.34869762666793], [115.7053886346842, 40.34869499120045], [115.70538691222481, 40.34878506073668], [115.70515146729564, 40.34878242478175], [115.70514974451544, 40.348872494308175], [115.70479657671038, 40.348868539464895], [115.70479485345285, 40.348958608977334], [115.70455940797528, 40.3489559718079], [115.70456113154586, 40.348865902303814], [115.70409024131013, 40.348860626544266], [115.704091965499, 40.348770557055396], [115.70385652074083, 40.34876791846529], [115.70385824523498, 40.34867784898332], [115.70362280082097, 40.34867520992244], [115.70362452562036, 40.34858514044736], [115.70338908155054, 40.34858250091572], [115.70339080665518, 40.3484924314475], [115.70327308478846, 40.34849111150619], [115.70327481004186, 40.34840104204069], [115.70315708833941, 40.34839972198379], [115.70315881374155, 40.34830965252099], [115.70304109220343, 40.34830833234849], [115.7030428177543, 40.3482182628884], [115.70292509638047, 40.348216942600295], [115.70292682208004, 40.34812687314293], [115.70280910087052, 40.34812555273921], [115.70281082671885, 40.34803548328456], [115.70269310567362, 40.348034162765245], [115.70269483167067, 40.3479440933133], [115.70245938991663, 40.34794145192372], [115.70246111621891, 40.34785138247866], [115.70199023343028, 40.3478460982789], [115.70198850650193, 40.347936167707225], [115.70104674004655, 40.347925593524984], [115.70104846822701, 40.34783552413013], [115.70081302700414, 40.34783287939518], [115.70081475548982, 40.34774281000722], [115.7006970350466, 40.34774148746426], [115.70069876368099, 40.347651418079025], [115.70046332313095, 40.34764877264216], [115.70046505207057, 40.347558703263815], [115.69999417169011, 40.347553410969546], [115.69999590124799, 40.3474633416065], [115.6997604614176, 40.34746069474908], [115.6997587315467, 40.347550764103765], [115.6994055713901, 40.347546792906776], [115.6994038410419, 40.347636862247434], [115.69916840066351, 40.34763421417551], [115.69916666999444, 40.347724283506295], [115.69904894966045, 40.34772295928649], [115.69904721882708, 40.34781302861162], [115.6988117778695, 40.347810379804294], [115.69881004671528, 40.347900449119564], [115.69869232609169, 40.34789912453205], [115.69869059477315, 40.34798919384166], [115.69821971173083, 40.34798389427706], [115.69822144367541, 40.34789382498421], [115.69810372309087, 40.347892499797815], [115.69810545518413, 40.3478024305077], [115.69798773476391, 40.34780110520572], [115.69799119924005, 40.34762096662948], [115.69787347914068, 40.34761964121613], [115.69787694389856, 40.34743950264238], [115.69775922412002, 40.34743817711763], [115.69776788666053, 40.346987830678565], [115.69765016767235, 40.34698650505503], [115.69765536557239, 40.34671629718655], [115.69753764706152, 40.34671497145583], [115.69753937983573, 40.346624902167605], [115.69730394315046, 40.34662225035524], [115.69730567622987, 40.34653218107391], [115.69718795805547, 40.346530854992274], [115.69718622481955, 40.34662092426939], [115.6967153515741, 40.34661561872832], [115.69671361770436, 40.346705687987175], [115.69588958873045, 40.346696398649776], [115.6958913236957, 40.346606329420325], [115.69565588722944, 40.346603674254396], [115.69565762249988, 40.34651360503187], [115.69553990443497, 40.34651227727345], [115.6955451106688, 40.34624206960971], [115.69542739308126, 40.34624074174413], [115.69543086417765, 40.346060603302696], [115.6953131469109, 40.34605927532575], [115.695316618289, 40.34587913688685], [115.69519890134309, 40.345877808798555], [115.69520063717688, 40.3457877395811], [115.69496520362155, 40.345785083053606], [115.6949669397605, 40.345695013843084], [115.69461378995571, 40.345691028166215], [115.6946155265563, 40.34560095896685], [115.69414466088558, 40.34559564307112], [115.69414118642459, 40.34577578143474], [115.69402346971351, 40.34577445215297], [115.69402173231475, 40.34586452132837], [115.69390401545502, 40.34586319192263], [115.69390227789195, 40.345953261092355], [115.69378456088354, 40.345951931562645], [115.69378282315613, 40.34604200072669], [115.69366510599907, 40.346040671073], [115.69366163020773, 40.346220809388264], [115.6935439127455, 40.3462194796064], [115.69354217468157, 40.34630954875761], [115.6934244570707, 40.34630821885177], [115.69342098060632, 40.34648835714137], [115.69330326269029, 40.34648702710734], [115.69329978588155, 40.34666716538265], [115.69318206766036, 40.34666583522042], [115.69318032908772, 40.346755904351674], [115.69306261071787, 40.34675457406547], [115.69306087198089, 40.34684464319103], [115.69294315346238, 40.34684331278085], [115.69294141456106, 40.34693338190072], [115.69282369589389, 40.346932051366565], [115.69282195682821, 40.34702212048076], [115.69258651920441, 40.3470194590447], [115.69258477981788, 40.347109528149], [115.69246706086122, 40.3471081972471], [115.69246880040426, 40.347018128147006], [115.69235108161197, 40.34701679712954], [115.69235282130366, 40.34692672803219], [115.69247053993946, 40.34692805904544], [115.69247749800174, 40.34656778262449], [115.69259521601937, 40.34656911350111], [115.6926004340142, 40.34629890615733], [115.69271815157016, 40.346300236901556], [115.69272162988118, 40.34612009865659], [115.69283934713198, 40.34612142927262], [115.6928428250986, 40.34594129101336], [115.69296054204428, 40.3459426215012], [115.69296228085932, 40.34585255236517], [115.69307999765633, 40.34585388272904], [115.69308173630704, 40.345763813587304], [115.69319945295543, 40.345765143827194], [115.693204668391, 40.34549493638058], [115.69332238457773, 40.34549626648807], [115.69333107603107, 40.34504592069327], [115.69321336062683, 40.34504459060683], [115.69321509905046, 40.34495452144766], [115.69309738381052, 40.34495319124568], [115.6930991223828, 40.344863122089265], [115.69262826212741, 40.3448578001005], [115.6926300013178, 40.34476773095946], [115.69192371210902, 40.344759744408734], [115.6919219719797, 40.3448498135245], [115.69109796716454, 40.34484049040331], [115.69109970838925, 40.34475042131706], [115.69098199360354, 40.34474908896778], [115.6909837349769, 40.34465901988427], [115.6906305911364, 40.3446550221305], [115.69062884929359, 40.344745091201354], [115.6903934197929, 40.34474242542494], [115.69039167762926, 40.344832494485885], [115.69027396273422, 40.34483116141381], [115.69027222040624, 40.34492123046905], [115.69015450536259, 40.34491989727301], [115.69015276287026, 40.34500996632257], [115.69003504767795, 40.345008633002536], [115.69003330502129, 40.34509870204642], [115.68991558968035, 40.3450973686024], [115.68991384685931, 40.34518743764059], [115.68944298494829, 40.34518210265], [115.68944472839529, 40.3450920336287], [115.68932701309367, 40.345090699585874], [115.68933398742888, 40.34473042350287], [115.68945170210456, 40.34473175752882], [115.689455188912, 40.34455161947004], [115.68957290328258, 40.34455295336777], [115.68957464651801, 40.34446288433197], [115.68969236073997, 40.34446421810572], [115.6896958468743, 40.34428408002125], [115.68981356079112, 40.3442854136668], [115.68981530369004, 40.344195344618136], [115.68993301745823, 40.34419667813971], [115.68993824563832, 40.34392647097225], [115.69005595894494, 40.3439278043614], [115.69005944404607, 40.343747666233966], [115.69017715704759, 40.34374899949493], [115.6901788994299, 40.34365893042479], [115.69029661228281, 40.34366026356176], [115.69029835450077, 40.34357019448593], [115.69041606720506, 40.34357152749893], [115.69041955130446, 40.343391389334435], [115.6903018389131, 40.343390056329866], [115.69030358110747, 40.34329998724964], [115.69018586888046, 40.34329865412955], [115.69018761122346, 40.34320858505205], [115.69006989916078, 40.3432072518164], [115.69007164165238, 40.34311718274168], [115.68983621786356, 40.34311451591959], [115.68983796066026, 40.34302444685182], [115.6897202489341, 40.34302311326537], [115.68972199187941, 40.34293304420035], [115.6896042803176, 40.34293171049836], [115.6896060234115, 40.3428416414361], [115.689488312014, 40.34284030761859], [115.68949005525654, 40.34275023855908], [115.68937234402338, 40.34274890462603], [115.68937408741452, 40.34265883556926], [115.68913866528474, 40.34265616735235], [115.68914040898095, 40.34256609830256], [115.68890498719557, 40.34256342961509], [115.68890673119685, 40.342473360572285], [115.68867130975589, 40.34247069141425], [115.68867305406222, 40.34238062237843], [115.68843763296569, 40.342377952749835], [115.68843937757707, 40.342287883720985], [115.68832166719707, 40.342286548731295], [115.68832341195709, 40.3421964797052], [115.68820570174141, 40.34219514459998], [115.68820744664998, 40.34210507557666], [115.68808973659866, 40.3421037403559], [115.68809148165586, 40.34201367133533], [115.68773835201847, 40.34200966496728], [115.68774009753717, 40.34191959595791], [115.6875046781312, 40.34191692445558], [115.68750642395497, 40.3418268554532], [115.68738871442027, 40.34182551952665], [115.68739046039263, 40.34173545052702], [115.68727275102225, 40.34173411448494], [115.68727449714318, 40.34164404548809], [115.687039078739, 40.341641373053136], [115.687040825165, 40.34155130406328], [115.68656998907699, 40.341545957773334], [115.68657173612094, 40.34145588879891], [115.68633631843713, 40.341453214943925], [115.6863398131272, 40.34127307700761], [115.68622210461005, 40.341271739908954], [115.68622385209972, 40.341181670942824], [115.6861061437469, 40.34118033372866], [115.68610789138516, 40.341090264765285], [115.68575476684337, 40.34108625241703], [115.6857565149431, 40.34099618346489], [115.68505026701118, 40.340988155560645], [115.68505201604175, 40.34089808663244], [115.68469889265165, 40.34089407107648], [115.68469714315171, 40.340984139991974], [115.68422631144958, 40.34097878422399], [115.68422456131593, 40.34106885312106], [115.68410685325367, 40.34106751387546], [115.68410860354378, 40.34097744498264], [115.68363777199953, 40.34097208681976], [115.68363952290758, 40.34088201794241], [115.68316869211553, 40.34087665788058], [115.68317044364147, 40.340786589018755], [115.68293502860574, 40.340783908277864], [115.6829367804367, 40.34069383942304], [115.68270136574549, 40.34069115821166], [115.68270311788145, 40.340601089363844], [115.68199687493623, 40.34059304288136], [115.68199862800299, 40.34050297405754], [115.68141009321502, 40.34049626538378], [115.68141184705613, 40.340406196579735], [115.68129414027871, 40.340404854490004], [115.68129589426836, 40.34031478568874], [115.68106048105017, 40.340312101158545], [115.6810622353448, 40.34022203236429], [115.680944528904, 40.34022068992385], [115.68094628334717, 40.34013062113238], [115.68082857707076, 40.340129278576434], [115.68083033166245, 40.34003920978775], [115.68000638904431, 40.34002980857313], [115.68000463335748, 40.34011987733206], [115.67976922093922, 40.34011719018457], [115.6797674649316, 40.340207258933525], [115.67953205223215, 40.34020457129858], [115.6795302959037, 40.34029464003756], [115.67929488292303, 40.340291951915134], [115.67929312627378, 40.34038202064413], [115.67894000639285, 40.34037798754969], [115.67893824926631, 40.340468056264434], [115.67823200877982, 40.34045998681699], [115.67823376684505, 40.34036991812778], [115.6779983537259, 40.340367227362535], [115.67800011209609, 40.34027715868036], [115.67788240570486, 40.34027581312239], [115.67788416422357, 40.340185744443], [115.67776645799673, 40.34018439876955], [115.67776821666395, 40.34009433009295], [115.67765051060147, 40.340092984304036], [115.67765226941721, 40.340002915630215], [115.67741685762896, 40.340000223701665], [115.67741861674965, 40.33991015503491], [115.67718320530601, 40.33990746263591], [115.6771849647317, 40.339817393976205], [115.67694955363267, 40.33981470110678], [115.67695131336329, 40.33972463245413], [115.67671590260892, 40.33972193911426], [115.67671766264448, 40.33963187046865], [115.67648225223475, 40.339629176658384], [115.67648401257524, 40.33953910801984], [115.67624860251019, 40.33953641373913], [115.67625036315562, 40.33944634510765], [115.67577954374654, 40.33944095512646], [115.67578130500979, 40.339350886510566], [115.67531048635358, 40.339345494630635], [115.67530872446456, 40.33943556322948], [115.67495561008653, 40.33943151804951], [115.67495384772023, 40.339521586634056], [115.67471843786173, 40.33951888924018], [115.67471667517461, 40.339608957814725], [115.67459897010085, 40.33960760893392], [115.6745972072493, 40.33969767750272], [115.67447950202708, 40.339696328497915], [115.67447597598729, 40.33987646562257], [115.6743582704601, 40.33987511648947], [115.67435650727184, 40.339965185045315], [115.67423880159616, 40.33996383578822], [115.67423703824349, 40.34005390433833], [115.67400162660311, 40.34005120545637], [115.67400339026867, 40.339961136914795], [115.67388568461686, 40.33995978729848], [115.67388744843089, 40.33986971875971], [115.67376974294348, 40.33986836902792], [115.673771506906, 40.33977830049196], [115.67365380158299, 40.339776950644705], [115.67365556569399, 40.33968688211154], [115.67342015538472, 40.33968418206638], [115.67342191980066, 40.33959411354028], [115.67306880486578, 40.33959006258732], [115.67306703998051, 40.33968013110058], [115.67236080938704, 40.33967202593611], [115.6723678726349, 40.33931175197682], [115.67248557708815, 40.33931310311981], [115.67249263958281, 40.33895282911989], [115.67237493575533, 40.338951477994016], [115.67237846726775, 40.33877134099377], [115.67226076376109, 40.33876998975672], [115.67226429555453, 40.33858985275916], [115.6721465923687, 40.33858850141092], [115.67215012444314, 40.338408364416026], [115.67203242157815, 40.33840701295662], [115.67203418775985, 40.33831694446124], [115.67156337700527, 40.33831153744339], [115.67156514380471, 40.33822146896365], [115.67144744129244, 40.338220116914144], [115.67144567433654, 40.33831018538959], [115.67097486374136, 40.338304775977115], [115.6709730961518, 40.33839484443398], [115.67061998781983, 40.33839078610458], [115.67061821975298, 40.33848085454713], [115.67026511102351, 40.33847679512732], [115.67026334247939, 40.33856686355554], [115.67002793638673, 40.33856415666845], [115.67002439864883, 40.338744293503325], [115.6699066953016, 40.33874293987161], [115.6698854663267, 40.339823760705976], [115.66976776111022, 40.3398224069031], [115.66976599182068, 40.33991247529212], [115.66941287574974, 40.33990841315223], [115.66941110598289, 40.339998481526905], [115.66929340048543, 40.3399971272365], [115.66929163055416, 40.340087195605435], [115.6690562192703, 40.34008448665685], [115.66905444901815, 40.340174555015736], [115.66858362592052, 40.34016913566457], [115.66858539679845, 40.34007906732283], [115.66846769120046, 40.34007771218998], [115.66846946222687, 40.33998764385108], [115.66835175679329, 40.33998628860277], [115.668355299135, 40.339806151929125], [115.66811988891763, 40.33980344109047], [115.66812166038936, 40.33971337276001], [115.66800395544911, 40.339712017165375], [115.66800572706931, 40.33962194883773], [115.66788802229348, 40.33962059312765], [115.66788979406212, 40.339530524802825], [115.66777208945074, 40.3395291689773], [115.66777386136782, 40.339439100655305], [115.6674207480509, 40.339435032473176], [115.66741720327006, 40.33961516908994], [115.66729949853418, 40.33961381278116], [115.66729772597535, 40.339703881083054], [115.66718002109103, 40.33970252465024], [115.66717824836775, 40.33979259294638], [115.66706054333498, 40.33979123638955], [115.66705877044727, 40.339881304679906], [115.66694106526604, 40.339879947999044], [115.66693751915373, 40.340060084566744], [115.66681981366764, 40.34005872775755], [115.66681804044303, 40.34014879603491], [115.66670033480851, 40.3401474391017], [115.66669501461739, 40.34041764391202], [115.66657730852152, 40.34041628684618], [115.66657376137454, 40.34059642337045], [115.66645605497379, 40.34059506617628], [115.66645250748189, 40.34077520268609], [115.66633480077626, 40.34077384536358], [115.66633302686185, 40.34086391361197], [115.66621532000775, 40.34086255616542], [115.66621354592893, 40.34095262440805], [115.66609583892637, 40.340951266837465], [115.66609406468308, 40.34104133507432], [115.66574094325408, 40.34103726163124], [115.66573916853342, 40.34112732985373], [115.66538604670711, 40.34112325532007], [115.66538427150911, 40.341213323528194], [115.66514885668539, 40.34121060656511], [115.66514708116647, 40.34130067476317], [115.66502937361015, 40.34129931609771], [115.66502759792677, 40.34138938428999], [115.66479218252526, 40.34138666659124], [115.66479040652098, 40.341476734773444], [115.66443728300946, 40.34147265731435], [115.6644355065278, 40.34156272548218], [115.6642000905806, 40.34156000656879], [115.66419831377802, 40.341650074726545], [115.66384518944798, 40.341645995445475], [115.66384341216802, 40.34173606358883], [115.66372570391756, 40.34173470358469], [115.66372748135399, 40.34164463544563], [115.66325664905827, 40.3416391942488], [115.66325842711248, 40.34154912612549], [115.66302301132565, 40.34154640481722], [115.66302478968475, 40.34145633670106], [115.66290708195984, 40.34145497587161], [115.66290886046737, 40.34136490775828], [115.66279115290692, 40.341363546813405], [115.66279826748269, 40.34100327436257], [115.66291597441733, 40.341004635290226], [115.66292130979559, 40.340734430923725], [115.66303901626891, 40.340735791718714], [115.66304257283474, 40.34055565545839], [115.66316027900321, 40.34055701612502], [115.66316205711763, 40.340466947988354], [115.66327976313765, 40.34046830853092], [115.66328154108764, 40.340378240388475], [115.66339924695924, 40.34037960080702], [115.66340102474473, 40.340289532658794], [115.66351873046794, 40.34029089295329], [115.66352050808896, 40.34020082479929], [115.66363821366373, 40.34020218496974], [115.66363999112029, 40.340112116809955], [115.66375769654664, 40.34011347685637], [115.66376125112285, 40.33993334052377], [115.66387895624432, 40.33993470044183], [115.66388428757921, 40.339664495918996], [115.66400199223938, 40.33966585570441], [115.66400554610968, 40.33948571933988], [115.66412325046497, 40.339487078996946], [115.66412502723166, 40.33939701080818], [115.66424273143853, 40.339398370341215], [115.66424628463498, 40.33921823395064], [115.664363988537, 40.339219593355324], [115.66436576496677, 40.339129525153545], [115.66448346872038, 40.339130884434184], [115.66448524498568, 40.33904081622662], [115.66460294859088, 40.33904217538324], [115.66460472469174, 40.338952107169895], [115.66484013161325, 40.338954825115316], [115.66484190739325, 40.33886475689191], [115.66495961070957, 40.33886611568073], [115.66496138632513, 40.33877604745153], [115.66507908949303, 40.33877740611631], [115.66509329287776, 40.3380568601954], [115.66497559096129, 40.33805550156503], [115.66497736650477, 40.337965433322594], [115.66485966475275, 40.33796407457678], [115.66486321612854, 40.337783938096095], [115.66474551469737, 40.33778257923916], [115.66474729052968, 40.33769251100092], [115.66462958926293, 40.33769115202854], [115.66463136524365, 40.33760108379314], [115.66451366414135, 40.337599724705356], [115.66451544027049, 40.33750965647276], [115.66439773933261, 40.33750829726955], [115.66439951561014, 40.337418229039784], [115.66310480754323, 40.33740326994985], [115.6631065855334, 40.337313201765966], [115.66275348397096, 40.337309119512845], [115.66275704086577, 40.3371289831665], [115.66263934067382, 40.337127622184624], [115.66264289784937, 40.33694748584101], [115.6625251979783, 40.336946124748025], [115.66252697671045, 40.33685605657832], [115.66240927700383, 40.336854695369915], [115.6624128347569, 40.33667455903471], [115.66229513537112, 40.3366731977152], [115.66229869340492, 40.33649306138272], [115.66218099434002, 40.336491699952106], [115.66218455265455, 40.33631156362236], [115.66230225140664, 40.336312925044346], [115.66230758834902, 40.33604272052576], [115.66242528663992, 40.33604408181511], [115.66242706544824, 40.33595401363498], [115.66254476359074, 40.33595537480031], [115.66254654223462, 40.3358653066144], [115.66266424022872, 40.3358666676557], [115.66266601870821, 40.33577659946402], [115.66348990379666, 40.33578612337075], [115.66349168117323, 40.33569605514745], [115.6636093789187, 40.33569741522238], [115.663612933335, 40.335517278762765], [115.66349523590236, 40.335515918696444], [115.66350234526443, 40.33515564577677], [115.66338464846544, 40.33515428560797], [115.66338820341117, 40.334974149147904], [115.663270506933, 40.334972788867994], [115.66327228455025, 40.33488272064005], [115.6631545882365, 40.33488136024473], [115.66315636600214, 40.33479129201964], [115.66303866985281, 40.334789931508915], [115.66304044776683, 40.334699863286644], [115.66280505580502, 40.33469714191465], [115.66280683402381, 40.334607073699516], [115.6625714424069, 40.33460435185728], [115.6625732209305, 40.3345142836493], [115.66233782965847, 40.33451156133682], [115.66233960848679, 40.334421493135984], [115.66198652210815, 40.33441740878233], [115.66198830139766, 40.33432734059296], [115.66187060611054, 40.33432597890663], [115.66187238554845, 40.334235910720096], [115.66104851985826, 40.33422637559398], [115.66105564190859, 40.33386610295383], [115.6611733363575, 40.33386746545658], [115.66117867734175, 40.333597260948075], [115.66106098336199, 40.333595898458256], [115.66106276383042, 40.333505830290115], [115.66094507001507, 40.3335044676849], [115.66094685063184, 40.33341439951961], [115.66082915698094, 40.333413036798994], [115.66083093774607, 40.33332296863654], [115.66071324425958, 40.33332160580053], [115.66071502517306, 40.33323153764092], [115.66047963853696, 40.333228811618405], [115.66048141975519, 40.33313874346595], [115.66036372660557, 40.33313738027943], [115.66036550797216, 40.333047312129835], [115.66024781498695, 40.33304594882794], [115.66024959650188, 40.33295588068116], [115.65954343969783, 40.332947698381815], [115.65954165724457, 40.333037766502684], [115.6591885784819, 40.333033673724], [115.65918679555145, 40.33312374183044], [115.65906910249026, 40.33312237732716], [115.65906731939538, 40.333212445427804], [115.65894962618584, 40.33321108080049], [115.65894784292655, 40.33330114889535], [115.65883014956864, 40.333299784144], [115.6588283661449, 40.33338985223306], [115.65894605965917, 40.33339121698873], [115.65894427638379, 40.333481285080644], [115.6590619700625, 40.333482649720914], [115.65905840380034, 40.33366278590897], [115.65917609779987, 40.333664150438175], [115.65917431481313, 40.3337542185343], [115.65929200897709, 40.33375558294812], [115.65929022613868, 40.33384565104711], [115.65940792046707, 40.333847015345526], [115.65940435507895, 40.3340271515477], [115.65963974438544, 40.33402987980269], [115.65963261476386, 40.33439015222394], [115.65975031005476, 40.33439151618913], [115.65974318093014, 40.33475178860409], [115.65986087685464, 40.33475315246684], [115.6598590947098, 40.33484322057121], [115.6597413986289, 40.33484185670414], [115.65973961631958, 40.334931924802724], [115.6596219200903, 40.33493056081163], [115.65961657264499, 40.33520076508559], [115.65949887595454, 40.33519940096183], [115.65949174528929, 40.33555967328924], [115.65937404798126, 40.33555830902848], [115.65937048228757, 40.33573844517471], [115.65925278467478, 40.3357370807856], [115.65925100165946, 40.33582714885219], [115.6591333038983, 40.33582578433904], [115.65913152071853, 40.33591585239984], [115.65842533338201, 40.335907662780905], [115.65842354925577, 40.33599773081432], [115.65818815322848, 40.33599499997494], [115.65818636878136, 40.33608506799823], [115.65795097247344, 40.33608233667134], [115.6579527572334, 40.33599226865669], [115.65759966330114, 40.33598817078143], [115.65760144852227, 40.33589810277827], [115.65724835513171, 40.335894003838504], [115.65725014081401, 40.33580393584687], [115.6563085600449, 40.335793000107785], [115.65631034697041, 40.33570293214928], [115.65583955740489, 40.33569746142382], [115.65584134494797, 40.33560739348116], [115.65560595052641, 40.33560465740879], [115.65560416267051, 40.33569472534278], [115.65548646531542, 40.33569335712268], [115.65548467729509, 40.335783425050884], [115.65524928229628, 40.33578068824287], [115.65524749395505, 40.335870756160915], [115.65512979631134, 40.33586938757301], [115.65512621929186, 40.33604952339604], [115.6550085213434, 40.33604815467975], [115.65500494397885, 40.33622829048822], [115.65488724572565, 40.33622692164354], [115.65488545687487, 40.336316989541245], [115.65476775847331, 40.3363156205725], [115.65476596945803, 40.336405688464396], [115.65464827090814, 40.33640431937161], [115.65464648172839, 40.33649438725768], [115.65452878303014, 40.336493018040834], [115.6545269936859, 40.33658308592112], [115.65405619834803, 40.3365776078392], [115.65405798831792, 40.336487539976254], [115.65394028966006, 40.33648617016081], [115.65394386988842, 40.33630603443918], [115.65382617155143, 40.33630466451269], [115.65383154230265, 40.33603446093222], [115.65359614659138, 40.336031720746085], [115.65359435603622, 40.33612178859904], [115.6534766580363, 40.33612041832206], [115.65347486731666, 40.33621048616921], [115.6532394710282, 40.3362077452474], [115.65323767998768, 40.33629781308439], [115.65288458514635, 40.33629370079079], [115.65288637665614, 40.3362036329668], [115.65253328235677, 40.336199519608726], [115.65253507432769, 40.33610945179629], [115.65229967848133, 40.33610670896766], [115.65230147075697, 40.33601664116244], [115.65218377300233, 40.33601526957289], [115.65218198057028, 40.336105337373766], [115.65182888688567, 40.33610122187377], [115.65182709397628, 40.33619128966016], [115.65135630188438, 40.33618580063339], [115.6513545083413, 40.336275868400925], [115.65123681018211, 40.33627449584059], [115.65123322275888, 40.33645463136255], [115.65111552429497, 40.336453258673814], [115.65111193652652, 40.3366333941812], [115.65099423775789, 40.336632021364025], [115.65099244370509, 40.33672208911118], [115.6507570458793, 40.33671934310901], [115.65075525150561, 40.33680941084598], [115.65051985339936, 40.33680666435623], [115.65051626400204, 40.33698679980837], [115.65028086530249, 40.33698405282236], [115.65029702015089, 40.33617344331957], [115.65041471808891, 40.336174816833314], [115.65041651287518, 40.33608474909907], [115.65053421066489, 40.336086122488766], [115.6505377999003, 40.33590598700715], [115.6506554973853, 40.335907360268415], [115.65065729183445, 40.335817292521064], [115.65077498917113, 40.335818665658266], [115.6507767834558, 40.33572859790509], [115.65089448064415, 40.33572997091823], [115.65089806887639, 40.33554983539876], [115.65113346265176, 40.33555258104851], [115.65113525644296, 40.335462513277875], [115.65137064993786, 40.33546525844007], [115.65137244340814, 40.335375190659256], [115.65160783662262, 40.335377935333895], [115.65160962977203, 40.33528786754294], [115.65172732623498, 40.33528923969634], [115.65172911921988, 40.335199171899575], [115.65184681553453, 40.33520054392892], [115.65184860835494, 40.33511047612632], [115.65196630452128, 40.3351118480316], [115.65196809717719, 40.3350217802232], [115.65220348922134, 40.33502452366594], [115.65220528155636, 40.33493445584738], [115.65232297743418, 40.33493582738483], [115.65232476960473, 40.33484575956046], [115.65267785681739, 40.334849873441534], [115.65267964851068, 40.334759805602665], [115.6529150397134, 40.334762547582784], [115.65291683108582, 40.33467247973377], [115.65303452654291, 40.33467385053992], [115.65303631775082, 40.33458378268509], [115.65327170837644, 40.33458652392957], [115.65327349926349, 40.33449645606458], [115.65339119443202, 40.33449782650293], [115.65339298515458, 40.33440775863214], [115.65351068017479, 40.33440912894644], [115.6535124707329, 40.33431906106983], [115.65374786048476, 40.33432180133059], [115.65374965072199, 40.334231733443836], [115.65386734545366, 40.334233103390325], [115.65386913552642, 40.33414303549775], [115.65398683010976, 40.33414440532019], [115.65398862001804, 40.33405433742184], [115.65410631445306, 40.33405570712022], [115.65410989393264, 40.33387557131039], [115.65399219981043, 40.33387420162067], [115.65399040991826, 40.333964269521985], [115.65363732713088, 40.33396015972156], [115.65363553676148, 40.334050227608415], [115.65328245357756, 40.33404611671759], [115.65328066273091, 40.33413618458994], [115.65292757915051, 40.33413207260871], [115.65292937046637, 40.33404200474938], [115.65269398176595, 40.33403926283868], [115.6526957733865, 40.33394919498655], [115.65257807920482, 40.33394782385598], [115.65258882969673, 40.33340741673833], [115.65270652294008, 40.33340878784286], [115.65271189760776, 40.33313858425114], [115.65282959039003, 40.33313995522295], [115.65283138177338, 40.33304988735175], [115.65294907440736, 40.33305125819951], [115.65295086562624, 40.3329611903225], [115.65318625060566, 40.33296393165023], [115.65318804150368, 40.33287386376306], [115.65342342620262, 40.3328766046033], [115.65343416954465, 40.33233619719737], [115.65355186096797, 40.33233756741191], [115.65355365134033, 40.33224749950143], [115.65367134261533, 40.332248869591915], [115.65367313282322, 40.33215880167562], [115.65379082394992, 40.332160171642066], [115.65379261399337, 40.33207010371998], [115.65414568695275, 40.332074212888095], [115.65414926607718, 40.33189407701348], [115.65426695676703, 40.33189544648811], [115.65426874616077, 40.33180537854426], [115.65438643670231, 40.331806747894845], [115.65438285821953, 40.33198688378975], [115.65450054908189, 40.33198825302933], [115.65450233817094, 40.33189818507829], [115.65485541033732, 40.33190229206577], [115.65485719894919, 40.33181222410024], [115.65521027071904, 40.33181632999741], [115.6552120588537, 40.33172626201739], [115.65556513022702, 40.33173036682426], [115.6555669178845, 40.331640298829804], [115.65568460820204, 40.331641666855035], [115.65568639569507, 40.331551598854766], [115.65580408586428, 40.33155296675596], [115.65580944782589, 40.33128276273334], [115.65569175812578, 40.331281394845135], [115.65569354558657, 40.331191326838976], [115.65545816652329, 40.33118859071213], [115.65545995428876, 40.33109852271317], [115.65522457557049, 40.33109578611619], [115.65522636364061, 40.331005718124416], [115.65510867444995, 40.33100434965071], [115.6551104626684, 40.330914281661805], [115.654875084624, 40.33091154436397], [115.65487329609282, 40.33100161234422], [115.65475560692634, 40.331000243511426], [115.65475381823074, 40.331090311485866], [115.65451843960925, 40.331087573452514], [115.65451665059284, 40.33117764141683], [115.65439896113782, 40.331176272216254], [115.65439717195696, 40.33126634017476], [115.6536910344582, 40.33125812243172], [115.6536928245773, 40.33116805449923], [115.65357513517878, 40.33116668446078], [115.65357692544617, 40.33107661653115], [115.65345923621213, 40.33107524637734], [115.65346818820976, 40.3306249067288], [115.65358587666196, 40.330626276860926], [115.65359124729457, 40.33035607304112], [115.65370893528575, 40.33035744304055], [115.65371072532412, 40.33026737509332], [115.653828413167, 40.330268744968706], [115.65383020304093, 40.33017867701568], [115.65394789073555, 40.33018004676704], [115.65394968044502, 40.33008997880821], [115.65430274310823, 40.3300940873311], [115.65430453234053, 40.330004019357794], [115.65453990717695, 40.33000675776592], [115.65454169608849, 40.329916689782465], [115.65465938336244, 40.32991805880267], [115.65466117210954, 40.32982799081339], [115.65454348499195, 40.32982662179754], [115.65454527388735, 40.32973655381114], [115.65430989998909, 40.32973381542901], [115.65431168918913, 40.32964374744981], [115.65419400240847, 40.32964237808354], [115.65419758109705, 40.32946224212938], [115.65407989463716, 40.329460872652085], [115.65408168412571, 40.32937080467713], [115.65396399783026, 40.329369435084494], [115.65396578746709, 40.32927936711239], [115.65384810133607, 40.3292779974044], [115.65384989112118, 40.32918792943518], [115.65361451919605, 40.32918518966877], [115.6536163092858, 40.329095121706736], [115.65338093770568, 40.32909238147025], [115.65338272810006, 40.32900231351543], [115.65326504247847, 40.32900094322199], [115.65326683302114, 40.328910875270026], [115.65279609124092, 40.32890539291672], [115.65279430007286, 40.32899546085133], [115.65267661449167, 40.328994089959444], [115.65267303181857, 40.329174225815564], [115.65255534593274, 40.329172854795296], [115.65254638832684, 40.329623194388134], [115.6524287016673, 40.329621823226475], [115.65242690996553, 40.329711891136284], [115.65230922315772, 40.3297105198506], [115.6523074312915, 40.329800587754605], [115.65207205738741, 40.32979784481548], [115.65207026520038, 40.32988791270932], [115.6519525781041, 40.32988654105588], [115.65195437044747, 40.32979647316638], [115.65171899659188, 40.329793729509106], [115.6517207892399, 40.32970366162682], [115.65160310248059, 40.329702289622986], [115.65160489527688, 40.329612221743574], [115.65125183551655, 40.329608105026956], [115.65125004225119, 40.32969817289334], [115.65054392201075, 40.32968993620236], [115.65054571621427, 40.329599868362045], [115.65042802969221, 40.32959849516564], [115.65042623533233, 40.3296885630016], [115.65019086199977, 40.32968581624102], [115.65018906731913, 40.32977588406682], [115.65007138050862, 40.329774510502645], [115.6500695856635, 40.32986457832263], [115.64995189870474, 40.329863204634414], [115.64995010369515, 40.32995327244856], [115.64959704239838, 40.32994915065271], [115.64959524691163, 40.33003921845235], [115.64935987244156, 40.33003646998129], [115.64935807663397, 40.330126537770745], [115.64924038925473, 40.330125163351326], [115.6492385932827, 40.33021523113496], [115.6491209057552, 40.33021385659149], [115.6491191096187, 40.33030392436931], [115.6484129836856, 40.330295674568845], [115.64841478076026, 40.330205606817124], [115.64829709328947, 40.330204231435815], [115.64830248493394, 40.32993402818493], [115.64842017193564, 40.329935403553186], [115.64842376601204, 40.329755268036536], [115.64854145270915, 40.3297566432764], [115.64854324957881, 40.3296665755115], [115.64866093612767, 40.329667950627325], [115.64866273283289, 40.3295778828566], [115.64878041923346, 40.32957925784839], [115.64878401230689, 40.329399122293815], [115.6493724428678, 40.32940599541381], [115.64937423861058, 40.329315927612555], [115.6494919245907, 40.32931730187314], [115.64949372016903, 40.32922723406608], [115.64972909184088, 40.32922998221945], [115.64973088709839, 40.32913991440221], [115.6498485727901, 40.32914128829502], [115.64985036788318, 40.32905122047195], [115.64996805342663, 40.329052594240736], [115.64996984835527, 40.32896252641185], [115.65020521915376, 40.32896527358163], [115.65020701376159, 40.32887520574257], [115.65044238427976, 40.3288779524249], [115.65044417856677, 40.32878788457568], [115.6506795488046, 40.328790630770555], [115.65068134277085, 40.32870056291118], [115.65091671272835, 40.32870330861861], [115.6509185063738, 40.32861324074906], [115.65115387605096, 40.32861598596906], [115.65115566937558, 40.32852591808934], [115.65127335406996, 40.32852729051547], [115.65127514723018, 40.32843722262993], [115.65151051633048, 40.32843996711443], [115.65151768763968, 40.328079695522824], [115.65140000371086, 40.32807832335779], [115.65140179667432, 40.32798825546054], [115.65128411290993, 40.32798688318017], [115.65128590602164, 40.3278968152858], [115.65116822242167, 40.32789544289008], [115.65117001568164, 40.3278053749986], [115.65093464881872, 40.3278026298568], [115.65093644238324, 40.32771256197252], [115.65058339261856, 40.32770844337523], [115.65058159858499, 40.32779851124648], [115.65046391518993, 40.32779713813701], [115.65046212099192, 40.32788720600243], [115.65034443744862, 40.32788583276892], [115.65034264308618, 40.32797590062853], [115.6499895920358, 40.32797178019687], [115.64998779719622, 40.32806184804196], [115.64951706195032, 40.32805635244009], [115.64951885741526, 40.3279662846124], [115.64928349015358, 40.327963536102054], [115.64928528592311, 40.3278734682816], [115.64916760246076, 40.327872093851255], [115.64916939837855, 40.32778202603367], [115.64893403179086, 40.327779276822625], [115.64893582801321, 40.327689209012256], [115.64811204630587, 40.327679583034055], [115.64811024898913, 40.327769650813956], [115.64763951613789, 40.32776414760453], [115.64764131408002, 40.32767407984206], [115.64740594801572, 40.327671327527966], [115.64740774626243, 40.327581259772735], [115.64717238054327, 40.327578506988615], [115.64717597763772, 40.32739837149117], [115.64705829510297, 40.32739699492831], [115.64706728847877, 40.32694665618066], [115.6471849702318, 40.32694803272174], [115.64719036569096, 40.326677829442396], [115.64707268440691, 40.3266764529144], [115.64707628165178, 40.32649631739618], [115.6469586006885, 40.326494940757215], [115.64696219821357, 40.32631480524183], [115.64707987886419, 40.32631618187208], [115.64708167745822, 40.32622611410781], [115.64731703847109, 40.32622886700058], [115.64731883674436, 40.326138799226136], [115.64778955824212, 40.32614430355812], [115.64778776059417, 40.32623437134999], [115.64802312170436, 40.32623712280663], [115.64802132436097, 40.326327190605745], [115.64837436655604, 40.326331316906185], [115.64837256967353, 40.32642138471689], [115.64872561241054, 40.32642550995329], [115.6487238159889, 40.32651557777558], [115.64907685926784, 40.326519701947944], [115.64907506330712, 40.32660976978182], [115.64954578841774, 40.326615267020216], [115.64955296971071, 40.326254995606305], [115.64943528904622, 40.32625362149362], [115.64943708450555, 40.32616355364082], [115.64931940400551, 40.326162179412805], [115.64932119961306, 40.326072111562866], [115.64920351927745, 40.32607073721953], [115.64920531503323, 40.32598066937248], [115.64908763486203, 40.32597929491381], [115.64908943076605, 40.32588922706964], [115.64885407076063, 40.325886477801994], [115.64885586696921, 40.32579640996505], [115.64873818713497, 40.32579503515606], [115.64873998349177, 40.325704967322004], [115.64850462416027, 40.32570221735371], [115.6485064208216, 40.32561214952686], [115.64838874132434, 40.32561077436756], [115.6483905381339, 40.325520706543614], [115.64827285880105, 40.32551933126898], [115.64827465575885, 40.3254292634479], [115.64803929743012, 40.32542651254834], [115.64804109469246, 40.3253364447345], [115.64768805772913, 40.32533231750067], [115.64768985545233, 40.32524224969842], [115.64674842515751, 40.32523123851077], [115.64675022412318, 40.3251411707419], [115.64663254552917, 40.32513979380928], [115.64663434464303, 40.32504972604329], [115.64651666621343, 40.32504834899535], [115.64651846547551, 40.32495828123227], [115.64640078721035, 40.324956904069005], [115.64640258662064, 40.3248668363088], [115.64616723042731, 40.324864081632015], [115.64616903014212, 40.324774013879036], [115.64593367429391, 40.32477125873229], [115.64593547431323, 40.32468119098657], [115.64581779655761, 40.32467981323805], [115.64581239600635, 40.3249500164577], [115.6456947177899, 40.32494863857643], [115.64569111706913, 40.32512877404011], [115.64557343854817, 40.32512739603043], [115.64556803693719, 40.325397599201814], [115.64497964210933, 40.32539070729294], [115.64498144343607, 40.32530063959243], [115.64486376465119, 40.325299260856006], [115.64486556612611, 40.32520919315839], [115.64474788750569, 40.32520781430665], [115.6447496891288, 40.32511774661193], [115.64463201067282, 40.32511636764488], [115.64464101944816, 40.324666029171], [115.64475869712254, 40.32466740811621], [115.64476950644688, 40.324127001872725], [115.64465182971038, 40.32412562295371], [115.64465723473181, 40.323855419825165], [115.64453955847236, 40.32385404079957], [115.64454136028624, 40.323763973091474], [115.64442368419122, 40.32376259395057], [115.6444272881072, 40.32358245853868], [115.64430961233293, 40.323581079286846], [115.64431141443504, 40.32349101158306], [115.64419373882522, 40.323489632215924], [115.64419554107549, 40.323399564515036], [115.64407786563011, 40.32339818503261], [115.64407966802857, 40.323308117334605], [115.64396199274762, 40.32330673773688], [115.64396379529427, 40.32321667004177], [115.64314006964942, 40.323207009537654], [115.64313826600863, 40.32329707720218], [115.64219686450936, 40.323286029411264], [115.64219505960999, 40.32337609703935], [115.6420773843029, 40.32337471552263], [115.64207377416714, 40.32355485076562], [115.64195609855557, 40.32355346912048], [115.64195248807464, 40.32373360434883], [115.64183481215859, 40.32373222257529], [115.64182217412467, 40.324362695797454], [115.64170449712259, 40.32436131387363], [115.64169908023123, 40.3246315166479], [115.64158140276835, 40.324630134591274], [115.64157417950727, 40.324990404918836], [115.64145650142729, 40.324989022725035], [115.64144927741062, 40.32534929301152], [115.64133159871346, 40.325347910680556], [115.64132798634361, 40.325528045806195], [115.64121030734196, 40.3255266633468], [115.6412066946269, 40.3257067984578], [115.64108901532074, 40.325705415869976], [115.64108720879467, 40.32579548341889], [115.64096952934035, 40.325794100707014], [115.64096591595109, 40.325974235791655], [115.64084823619227, 40.32597285295137], [115.64084462245775, 40.32615298802136], [115.64072694239441, 40.32615160505264], [115.64072332831464, 40.326331740107975], [115.64084100869063, 40.32633312308545], [115.64083197413022, 40.32678346071991], [115.64071429297258, 40.326782077720544], [115.64071248587972, 40.326872145238625], [115.64012407943216, 40.326865228424694], [115.64012588730668, 40.32677516092851], [115.6398905250974, 40.32677239337395], [115.63989233327642, 40.32668232588504], [115.63977465234035, 40.326680941932615], [115.6397782689866, 40.326500806959146], [115.63966058837136, 40.326499422895814], [115.63966239683859, 40.326409355411236], [115.63954471638782, 40.326407971232605], [115.63954652500321, 40.32631790375095], [115.63942884471692, 40.32631651945703], [115.6394306534805, 40.32622645197827], [115.6393129733587, 40.32622506756906], [115.63931478227045, 40.32613500009322], [115.63907942236395, 40.32613223092453], [115.63908123158019, 40.32604216345598], [115.638845872019, 40.32603939381736], [115.63884768153974, 40.32594932635609], [115.63873000192773, 40.32594794136166], [115.63873543090992, 40.325677738982186], [115.6385000726483, 40.325674968660586], [115.63850188260535, 40.32558490120658], [115.63838420364314, 40.32558351587066], [115.63838601374836, 40.32549344841956], [115.63826833495058, 40.325492062968344], [115.63827014520396, 40.325401995520174], [115.63791710932865, 40.325397838461676], [115.6379152986063, 40.325487905896686], [115.63779761984122, 40.325486519966795], [115.63779037624491, 40.32584678967461], [115.6376726968627, 40.32584540360748], [115.63767088578687, 40.32593547102637], [115.6375532062565, 40.32593408483519], [115.63755139501619, 40.32602415224821], [115.63743371533768, 40.32602276593297], [115.63742828109874, 40.32629296815], [115.63731060095938, 40.326291581701916], [115.63730878937375, 40.326381649100256], [115.6374264696694, 40.326383035552716], [115.63742465823192, 40.326473102954], [115.63801306061444, 40.32648003344315], [115.63801124995044, 40.326570100864856], [115.63824661127326, 40.32657287223156], [115.63824480091375, 40.326662939660565], [115.63836248174375, 40.3266643251688], [115.63836429194693, 40.32657425773539], [115.63859965331875, 40.32657702838403], [115.6386032730753, 40.32639689349526], [115.63883863385446, 40.32639966364765], [115.63883682429294, 40.326489731101546], [115.63895450485109, 40.32649111600262], [115.63895088601618, 40.32667125091474], [115.63906856689516, 40.326672635704895], [115.63905952044676, 40.327122972981336], [115.63917720211556, 40.32712435767373], [115.63917358379175, 40.32730449258275], [115.63882053787182, 40.32730033812023], [115.6388223475068, 40.32721027067961], [115.63870466570614, 40.32720888562379], [115.63870647548931, 40.32711881818608], [115.63858879385316, 40.32711743301497], [115.6385906037845, 40.327027365580165], [115.63847292231284, 40.32702598029376], [115.63847654246372, 40.326845845428494], [115.63835886131288, 40.32684446003118], [115.63836067153241, 40.326754392600726], [115.63824299054608, 40.32675300708812], [115.63823936978622, 40.32693314193879], [115.63812168849536, 40.32693175629773], [115.63811987794688, 40.32702182371647], [115.63776683365438, 40.32701766606207], [115.6377650226287, 40.32710773346616], [115.63741197794072, 40.3271035747215], [115.63741016643789, 40.32719364211095], [115.63693943967628, 40.327188095424994], [115.63693762753994, 40.32727816279543], [115.63658458208553, 40.327274001511164], [115.63658639469092, 40.3271839341539], [115.6362333497791, 40.327179771805696], [115.63623516284532, 40.327089704460136], [115.63611748138074, 40.32708831677577], [115.63612110780124, 40.326908182089014], [115.63600342665752, 40.326906794293755], [115.63600886669599, 40.32663659226575], [115.63565582472083, 40.32663242820144], [115.63565945231021, 40.3264522935351], [115.63554177198085, 40.326450905283096], [115.63554721377254, 40.3261807032857], [115.63590025337822, 40.32618486764312], [115.63590206682346, 40.32609480029452], [115.63601974655205, 40.32609618816993], [115.63601793326315, 40.32618625552293], [115.63613561315626, 40.32618764328304], [115.63613742628883, 40.326097575925644], [115.63660814531767, 40.326103125751814], [115.63660995781675, 40.326013058375395], [115.63672763743809, 40.32601444552835], [115.63673488672742, 40.32565417599035], [115.63685256573163, 40.32565556300607], [115.636865250579, 40.325025091227054], [115.63698292849712, 40.325026478092376], [115.63699017617628, 40.32466620845438], [115.63710785347732, 40.324667595182476], [115.63711147695525, 40.32448746034584], [115.63722915395182, 40.32448884694549], [115.63723277708442, 40.32430871209418], [115.63735045377655, 40.324310098565384], [115.63735407656384, 40.32412996369942], [115.63758942934737, 40.32413273626526], [115.63759124041614, 40.324042668821285], [115.63770891666383, 40.32404405492033], [115.63771253846426, 40.323863920019164], [115.6378302144075, 40.32386530598976], [115.63783202513916, 40.32377523853258], [115.63794970093427, 40.32377662437913], [115.63795332206045, 40.32359648945159], [115.63807099755111, 40.32359787516969], [115.63807280794563, 40.323507807699315], [115.63819048328816, 40.32350919329337], [115.63819229351823, 40.323419125817146], [115.63830996871259, 40.323420511287146], [115.63831358883563, 40.32324037632149], [115.63843126372555, 40.32324176166307], [115.63843307361854, 40.32315169417364], [115.63855074836032, 40.32315307939116], [115.63855436780915, 40.32297294439912], [115.6386720422465, 40.32297432948822], [115.63867385180237, 40.3228842619856], [115.63879152609157, 40.322885646950645], [115.63879514486622, 40.32270551193221], [115.63891281885098, 40.32270689676883], [115.6389146280698, 40.32261682925302], [115.63903230190641, 40.322618213965605], [115.63903592000692, 40.322438078920804], [115.6391535935391, 40.32243946350494], [115.63915902015977, 40.32216926091354], [115.63904134709648, 40.32216787634253], [115.63905401001992, 40.32153740360833], [115.63893633805884, 40.32153601894836], [115.63893814717154, 40.321445951413395], [115.63834978827003, 40.3214390263406], [115.63834616847353, 40.32161916136522], [115.63822849640512, 40.32161777598293], [115.63822487626338, 40.321797910992885], [115.63810720389058, 40.32179652548217], [115.63810539365117, 40.321886592980555], [115.6379877211302, 40.32188520734578], [115.63797685858452, 40.32242561227879], [115.63785918513398, 40.32242422649804], [115.637853753282, 40.3226944289315], [115.6377360793707, 40.322693043017935], [115.63773426858074, 40.32278311048842], [115.63761659452133, 40.3227817244508], [115.6376147835669, 40.322871791915425], [115.63749710935936, 40.32287040575377], [115.63749529824047, 40.32296047321252], [115.6371422751979, 40.32295631399641], [115.63714046360192, 40.32304638144052], [115.63690511463514, 40.323043608022694], [115.63690330271841, 40.32313367545655], [115.63678562809098, 40.32313228856376], [115.63678200392036, 40.32331242341828], [115.63666432898849, 40.32331103639705], [115.63665889220235, 40.32358123865459], [115.63654121680973, 40.32357985150052], [115.63653940437503, 40.323669918912366], [115.63642172883429, 40.32366853163423], [115.63641629101221, 40.32393873384774], [115.6362986150107, 40.32393734643676], [115.63629680223072, 40.324027413833925], [115.63617912608107, 40.324026026298895], [115.63617731313659, 40.3241160936902], [115.63558893172952, 40.32410915419811], [115.63559618658462, 40.32374888471195], [115.63571386222446, 40.323750272832115], [115.63571567576147, 40.323660205452505], [115.63583335125315, 40.32366159344862], [115.63583516462569, 40.32357152606313], [115.63595283996926, 40.32357291393519], [115.63596371909492, 40.32303250956493], [115.63549302152103, 40.32302695746415], [115.63549120772866, 40.32311702484532], [115.63537353319934, 40.32311563651657], [115.63537171924247, 40.323205703891865], [115.63525404456503, 40.32320431543907], [115.6352522304437, 40.323294382808484], [115.63513455561812, 40.32329299423163], [115.63513274133231, 40.32338306159518], [115.6350150663586, 40.323381672894264], [115.63501325190829, 40.32347174025193], [115.63489557678649, 40.323470351426955], [115.63489376217169, 40.323560418778776], [115.63477608690175, 40.32355902982973], [115.63477427212246, 40.323649097175675], [115.63442124589287, 40.32364492959741], [115.63441943063647, 40.32373499692867], [115.63406640401162, 40.32373082826023], [115.63406458827811, 40.323820895576816], [115.63371156125805, 40.32381672581821], [115.63371882601862, 40.323456456595785], [115.63383650105857, 40.32345784661737], [115.63383831707193, 40.32336777930368], [115.63395599196376, 40.32336916920123], [115.63395780781262, 40.32327910188166], [115.63419315730822, 40.32328188130895], [115.63419497283631, 40.323191813979115], [115.63431264744008, 40.32319320350886], [115.63431627815905, 40.32301306883597], [115.63443395245842, 40.32301445823725], [115.63443576764932, 40.322924390894194], [115.63455344180056, 40.32292578017143], [115.63455707184524, 40.3227456454721], [115.63467474569205, 40.32274703462087], [115.63467656054581, 40.322656967264585], [115.63479423424452, 40.3226583562893], [115.6347960489338, 40.32256828892715], [115.63491372248438, 40.32256967782782], [115.63491735152577, 40.32238954309031], [115.63503502477198, 40.322390931862515], [115.63503683912408, 40.32230086448715], [115.63515451222219, 40.32230225313532], [115.63515632640981, 40.322212185754076], [115.6352739993598, 40.32221357427818], [115.63527581338295, 40.32212350689107], [115.6353934861848, 40.32212489529112], [115.6353953000435, 40.32203482789815], [115.63563064535916, 40.3220376043305], [115.63563245889706, 40.32194753692726], [115.63586780393285, 40.32195031287219], [115.63586961715001, 40.32186024545869], [115.63622263429617, 40.32186440846549], [115.63622444703626, 40.32177434103731], [115.63634211927835, 40.32177572846254], [115.63634574442145, 40.32159559359303], [115.63646341635915, 40.32159698088981], [115.63647247829235, 40.32114664366824], [115.63659014945677, 40.32114803082342], [115.63659377386027, 40.32096789591571], [115.6367114447203, 40.320969282942436], [115.63671688079539, 40.320699080556615], [115.63683455119471, 40.320700467450536], [115.63685448112167, 40.319709725207375], [115.63673681244143, 40.31970833836175], [115.63674768383159, 40.319167933452995], [115.63663001609713, 40.319166546514055], [115.63663364014103, 40.31898641154145], [115.6365159727273, 40.31898502449166], [115.63651959705103, 40.31880488952195], [115.63640192995801, 40.31880350236129], [115.6364055545616, 40.31862336739447], [115.63628788778931, 40.318621980122956], [115.63629513752346, 40.31826171018916], [115.63617747138439, 40.31826032281557], [115.636188346678, 40.31771991789701], [115.63607068148467, 40.317718530430135], [115.63607430682964, 40.31753839545426], [115.63595664195702, 40.31753700787653], [115.63596026758184, 40.31735687290356], [115.63584260302989, 40.317355485214975], [115.63584622893451, 40.31717535024488], [115.63572856470327, 40.31717396244544], [115.63573037779956, 40.31708389496258], [115.63561271373277, 40.31708250704789], [115.63561452697714, 40.31699243956794], [115.63549686307475, 40.31699105153802], [115.63549867646721, 40.31690098406099], [115.63538101272925, 40.316899595915835], [115.6353828262698, 40.31680952844173], [115.63514749913094, 40.31680675180129], [115.6351493129758, 40.31671668433449], [115.63479632279764, 40.31671251848974], [115.63479813710308, 40.316622451034654], [115.63326851588022, 40.31660438665593], [115.63326669954351, 40.316694454053824], [115.63303137301187, 40.31669167311531], [115.63302955635446, 40.31678174050293], [115.6326765661497, 40.31677756818471], [115.63267474901534, 40.31686763555764], [115.63243942194063, 40.31686485340518], [115.63243760448556, 40.316954920767806], [115.63208461346623, 40.31695074662865], [115.6320827955342, 40.31704081397662], [115.63172980411987, 40.317036638747496], [115.63172798571091, 40.31712670608078], [115.6312573299816, 40.31712113741611], [115.6312555109394, 40.31721120473026], [115.63090251875981, 40.317207026962365], [115.63090069924066, 40.31729709426184], [115.63066537084941, 40.317294308476235], [115.63066355100953, 40.3173843757654], [115.63042822233864, 40.31738158949243], [115.63042640217802, 40.3174716567713], [115.63019107322746, 40.31746887001096], [115.63018925274613, 40.31755893727955], [115.63007158812688, 40.31755754371551], [115.6300697674811, 40.317647610978206], [115.62995210271382, 40.317646217290125], [115.62994664025841, 40.31791641905611], [115.62982897503055, 40.31791502523515], [115.62982533304, 40.31809515972962], [115.62970766750787, 40.318093765780205], [115.62970584634401, 40.31818383302081], [115.6295881806638, 40.31818243894733], [115.62958635933548, 40.31827250618204], [115.62946869350722, 40.31827111198452], [115.62946687201442, 40.31836117921333], [115.62934920603811, 40.31835978489175], [115.62934738438085, 40.318449852114696], [115.62922971825648, 40.31844845766906], [115.62923336187538, 40.318268323230534], [115.62911569607176, 40.31826692867407], [115.62911751802514, 40.318176861457005], [115.62923518367249, 40.318178256009055], [115.62924247077878, 40.31781798710839], [115.62936013580928, 40.31781938152314], [115.62936560058395, 40.317549179818904], [115.62924793602221, 40.3175477854174], [115.62924975775361, 40.31745771818412], [115.62913209335632, 40.31745632366741], [115.62913391523574, 40.31736625643706], [115.62901625100295, 40.31736486180512], [115.62901807303041, 40.31727479457773], [115.62878274490198, 40.317272004963755], [115.62878456723374, 40.31718193774371], [115.62772559246902, 40.31716937859862], [115.62772376873097, 40.31725944577891], [115.62748844078342, 40.31725665353295], [115.62748661672464, 40.317346720702915], [115.62736895260694, 40.31734532439607], [115.62736712838368, 40.317435391560146], [115.62724946411798, 40.317433995129235], [115.62724763973021, 40.31752406228741], [115.62712997531649, 40.31752266573245], [115.62712815076425, 40.31761273288473], [115.62689282164894, 40.31760993940704], [115.62689099677597, 40.317700006549], [115.62677333207438, 40.31769860962628], [115.62677150703692, 40.31778867676235], [115.62665384218732, 40.31778727971557], [115.62665201698536, 40.31787734684574], [115.62641668699834, 40.3178745523844], [115.6264130359447, 40.31805468662263], [115.62629537065102, 40.318053289203675], [115.62628441635493, 40.318593691856385], [115.6261667501319, 40.318592294291236], [115.6261649242308, 40.318682361390444], [115.62545892612802, 40.318673973460506], [115.6254570992811, 40.318764040531676], [115.62533943280319, 40.318762642120184], [115.62533760579177, 40.31885270918545], [115.62521993916585, 40.31885131064989], [115.62521811198991, 40.318941377709265], [115.62510044521595, 40.31893997904963], [115.62509679052683, 40.31912011315507], [115.62497912344858, 40.319118714366944], [115.62497546841394, 40.319298848457635], [115.62474013365708, 40.319296050504725], [115.62473830581487, 40.31938611753901], [115.62462063829255, 40.31938471837866], [115.6246188102858, 40.31947478540704], [115.62450114261546, 40.31947338612261], [115.62449931444421, 40.31956345314508], [115.62438164662584, 40.319562053736576], [115.62437981829005, 40.31965212075313], [115.62426215032364, 40.31965072122056], [115.62426032182337, 40.31974078823122], [115.62414265370892, 40.319739388574575], [115.62414082504412, 40.319829455579324], [115.62402315678166, 40.319828055798595], [115.62402132795232, 40.31991812279744], [115.62390365954185, 40.319916722892636], [115.62390183054798, 40.32000678988558], [115.62378416198948, 40.32000538985669], [115.62377318691547, 40.32054579175672], [115.62389085641162, 40.32054719181219], [115.6238871983002, 40.32072732577594], [115.62400486811717, 40.32072872572062], [115.62399938135697, 40.320998926668445], [115.62411705165104, 40.32100032650678], [115.62409876347712, 40.321900996281286], [115.62398109162018, 40.321899596398644], [115.62397743357383, 40.32207973032697], [115.62385976141255, 40.32207833031582], [115.62385610302063, 40.32225846422937], [115.62373843055502, 40.322257064089705], [115.62373294243638, 40.32252726493568], [115.62361526951013, 40.32252586466304], [115.62361709904758, 40.32243579772029], [115.62349942628587, 40.32243439733243], [115.62349759659216, 40.32252446427075], [115.62326225078094, 40.32252166312718], [115.62326408078725, 40.32243159619774], [115.62314640805032, 40.32243019545091], [115.62315372861819, 40.32206992773608], [115.62327140072996, 40.322071328465185], [115.62327323069499, 40.32198126152834], [115.62339090265873, 40.321982662133344], [115.62339639203545, 40.32171246130071], [115.62327872054061, 40.321711060709], [115.62328055047264, 40.321620993766246], [115.62316287914233, 40.32161959305934], [115.62316104905399, 40.32170965999764], [115.62292570610555, 40.32170685821596], [115.62292387569642, 40.321796925143914], [115.62257086086679, 40.32179272156069], [115.62256902998051, 40.32188278847386], [115.62233368648947, 40.321879985477885], [115.62233002406698, 40.322060119282064], [115.62221235202128, 40.32205871759574], [115.62220868925318, 40.32223885138512], [115.62209101690316, 40.32223744957027], [115.62208552222016, 40.32250765022998], [115.62196784940951, 40.32250624828214], [115.62196601767572, 40.32259631516133], [115.62208369064267, 40.322597717113595], [115.62208002746286, 40.3227778508764], [115.62196235418332, 40.32277644891525], [115.62195869065788, 40.32295658266328], [115.62172334349839, 40.32295377836426], [115.62173067176658, 40.3225935108978], [115.62161299882445, 40.32259210858656], [115.62161666322156, 40.32241197485334], [115.62149899060024, 40.32241057243131], [115.62150631992048, 40.322050304964954], [115.6213886479326, 40.32204890244102], [115.6213923128557, 40.321868768707866], [115.62127464118869, 40.32186736607316], [115.62127647379414, 40.321777299208804], [115.62115880229165, 40.32177589645889], [115.62116430052728, 40.3215056958703], [115.62128197156089, 40.321507098606894], [115.62128746925328, 40.321236897991696], [115.6211697986885, 40.321235495268425], [115.621173464088, 40.321055361526454], [115.62082045338101, 40.321051152665376], [115.62082228653719, 40.32096108580551], [115.62035160633542, 40.32095547233339], [115.62035527387326, 40.320775338644765], [115.62047294359874, 40.32077674218337], [115.62047477719896, 40.320686675332404], [115.62059244677644, 40.32068807874693], [115.62059428021213, 40.32059801189003], [115.6208296190793, 40.32060081835125], [115.62083145219418, 40.320510751483994], [115.62094912148387, 40.32051215453068], [115.6209509544342, 40.32042208765752], [115.6210686235759, 40.320423490580126], [115.62107045636168, 40.320333423701044], [115.62118812535536, 40.320334826499554], [115.62118995797658, 40.320244759614546], [115.62107228913916, 40.32024335682046], [115.6210741219084, 40.32015328993843], [115.62036810999517, 40.32014487068803], [115.62036627628828, 40.32023493754342], [115.62024860750874, 40.32023353391182], [115.62025044137191, 40.32014346706088], [115.62001510415018, 40.3201406594476], [115.62001693831765, 40.32005059260407], [115.61978160144155, 40.320047784521094], [115.61978527037674, 40.319867650847385], [115.61990293849809, 40.3198690549398], [115.61990477279699, 40.319778988096296], [115.62002244077034, 40.319780392064615], [115.62002427490471, 40.319690325215184], [115.62014194273006, 40.31969172905942], [115.62014561066141, 40.31951159534723], [115.62049861324948, 40.31951580613541], [115.62049677975675, 40.31960587300557], [115.62084978288804, 40.31961008273028], [115.62085161591196, 40.319520015846805], [115.62108695106163, 40.319522821722835], [115.62108878376473, 40.31943275482899], [115.62120645119569, 40.319434157583096], [115.62120828373428, 40.31934409068333], [115.62132595101723, 40.31934549331336], [115.62132778339127, 40.31925542640767], [115.62144545052622, 40.319256828913616], [115.62144728273574, 40.319166762002034], [115.62168261671789, 40.31916956664611], [115.62168078482091, 40.319259633566574], [115.62191611914865, 40.319262437740946], [115.62191428755595, 40.31935250466883], [115.62203195488847, 40.319353906581], [115.62202829199083, 40.3195340404412], [115.62214595964416, 40.31953544224259], [115.62214412833924, 40.3196255091749], [115.62249713181757, 40.31962971387454], [115.6224989626537, 40.3195396469289], [115.62273429803467, 40.319542449454886], [115.62273612854999, 40.31945238249892], [115.62285379609659, 40.319453783578005], [115.62285562644739, 40.31936371661612], [115.62297329384599, 40.319365117571124], [115.62297512403227, 40.31927505060333], [115.62309279128282, 40.31927645143426], [115.62309462130457, 40.31918638446055], [115.62321228840713, 40.31918778516741], [115.62321594811333, 40.31900765120669], [115.6233336149116, 40.31900905178503], [115.62333544459607, 40.31891898479803], [115.6234531112463, 40.31892038525231], [115.62345494076625, 40.31883031825938], [115.62357260726851, 40.31883171858958], [115.62357626597108, 40.31865158459047], [115.62369393216906, 40.31865298479215], [115.62369941969229, 40.318382783769096], [115.62358175396311, 40.3183813835807], [115.62358358327727, 40.31829131657451], [115.62334825215619, 40.31828851584767], [115.62334642252952, 40.31837858284501], [115.6226404284268, 40.318370177766546], [115.62264592009484, 40.318099976849936], [115.6227635852892, 40.31810137798213], [115.62276541567245, 40.31801131100255], [115.6228830807188, 40.318012712010685], [115.62288491093751, 40.317922645025185], [115.62300257583588, 40.31792404590924], [115.6230044058901, 40.31783397891782], [115.62312207064043, 40.31783537967781], [115.62312390053016, 40.31774531268049], [115.6233592297431, 40.31774811383268], [115.62336288887272, 40.31756797981587], [115.62348055317905, 40.31756938020364], [115.62348238257522, 40.317479313188606], [115.62312939014973, 40.31747511167967], [115.62312756028479, 40.31756517868143], [115.62289223172989, 40.31756237706842], [115.62289040154417, 40.31765244405982], [115.62265507270976, 40.3176496419594], [115.62265141168857, 40.317829775920046], [115.62241608226213, 40.31782697332333], [115.62243622090774, 40.31683623656435], [115.62231855792571, 40.31683483513534], [115.62232588144686, 40.31647456719645], [115.6222082190981, 40.316473165665556], [115.62221005011398, 40.316383098681584], [115.6220923879297, 40.31638169703549], [115.6220960502492, 40.316201563071985], [115.62197838838567, 40.31620016131515], [115.62198021968928, 40.31611009433562], [115.62186255799027, 40.31610869246358], [115.62186438944185, 40.31601862548702], [115.62174672790734, 40.316017223499784], [115.62174855950693, 40.31592715652618], [115.62116025273946, 40.31592014481777], [115.62115842035868, 40.316010211769175], [115.62104075887373, 40.31600880906416], [115.62103892632842, 40.316098876009654], [115.62080360307085, 40.316096070231865], [115.62080177020479, 40.316186137166994], [115.62068410843217, 40.31618473409421], [115.62068227540162, 40.316274801023425], [115.62056461348098, 40.31627339782656], [115.62056094708258, 40.31645353167168], [115.62044328485773, 40.316452128346306], [115.62044145148988, 40.316542195262215], [115.62032378911708, 40.31654079181278], [115.62032012204406, 40.316720925631266], [115.62020245936702, 40.3167195220533], [115.62020062566185, 40.31680958895589], [115.62008296283683, 40.31680818525384], [115.62007929508921, 40.31698831904572], [115.61996163195997, 40.31698691521516], [115.61995979791749, 40.31707698210444], [115.61984213464025, 40.31707557814979], [115.61984030043327, 40.31716564503314], [115.61972263700807, 40.317164240954426], [115.61972080263654, 40.31725430783186], [115.61948547549842, 40.31725149930663], [115.61948364080615, 40.3173415661737], [115.61924831338861, 40.317338757161046], [115.61924647837556, 40.317428824017746], [115.61901115067865, 40.317426014517665], [115.61900931534478, 40.31751608136398], [115.61877398736846, 40.31751327137647], [115.6187721517138, 40.31760333821241], [115.6185368234581, 40.31760052773745], [115.61853498748265, 40.31769059456303], [115.61806433044558, 40.31768497215968], [115.61806249383685, 40.31777503896599], [115.61759183630726, 40.31776941463064], [115.61758999906522, 40.31785948141768], [115.61735467003764, 40.31785666852327], [115.6173528324748, 40.317946735299934], [115.61711750316783, 40.31794392191808], [115.61711566528417, 40.31803398868434], [115.61688033569787, 40.31803117481504], [115.61687849749342, 40.31812124157092], [115.61664316762774, 40.31811842721416], [115.61664132910249, 40.31820849395966], [115.61640599895746, 40.31820567911542], [115.61640416011137, 40.31829574585053], [115.61605116448729, 40.31829152267354], [115.61604932516411, 40.318381589393816], [115.61557866382309, 40.318375956798384], [115.61557682386658, 40.31846602349935], [115.61534149293334, 40.31846320647488], [115.61534333320236, 40.31837313978285], [115.61428434581993, 40.318360457290794], [115.61428250414458, 40.31845052394268], [115.614047173394, 40.31844770428616], [115.61404533139782, 40.31853777092766], [115.6139276658787, 40.31853636091547], [115.6139239815489, 40.31871649418509], [115.6138063157256, 40.31871508404435], [115.61380447339197, 40.31880515067249], [115.6136868074207, 40.31880374040763], [115.6136849649225, 40.31889380702983], [115.61356729880329, 40.31889239664088], [115.6135654561405, 40.31898246325712], [115.61344778987332, 40.31898105274406], [115.61344594704597, 40.31907111935436], [115.61332828063084, 40.3190697087172], [115.6133264376389, 40.319159775321566], [115.61320877107583, 40.31915836456029], [115.61320692791934, 40.31924843115872], [115.6130892612083, 40.31924702027334], [115.6130874178872, 40.31933708686582], [115.61296975102822, 40.31933567585633], [115.61296790754257, 40.319425742442874], [115.61285024053561, 40.31942433130927], [115.61284839688537, 40.31951439788986], [115.61273072973047, 40.319512986632155], [115.61272888591566, 40.319603053206805], [115.61249355131825, 40.31960023032351], [115.61249170718258, 40.31969029688776], [115.61202103746254, 40.31968464966758], [115.61202288222329, 40.31959458312121], [115.61178754772574, 40.319591758802204], [115.6117893927907, 40.31950169226331], [115.61155405863897, 40.31949886747467], [115.61155221326145, 40.31958893400462], [115.6114345460418, 40.31958752142637], [115.61141793586319, 40.32039812008929], [115.61130026724543, 40.320396707351144], [115.61129657569049, 40.32057684036216], [115.61106123785481, 40.32057401450904], [115.61105939175233, 40.32066408100337], [115.61094172269068, 40.32066266789287], [115.6109398764236, 40.32075273438128], [115.61058686881984, 40.32074849431845], [115.61058502207558, 40.32083856079195], [115.61023201407794, 40.32083431963886], [115.61023016685651, 40.32092438609745], [115.60940648072636, 40.32091448585457], [115.60940463240266, 40.321004552280364], [115.60928696283256, 40.32100313747688], [115.60928511434423, 40.3210932038967], [115.60904977491649, 40.32109037392183], [115.60904792610725, 40.32118044033121], [115.60893025624961, 40.32117902515982], [115.60892840727577, 40.32126909156325], [115.60881073727018, 40.32126767626774], [115.6088088881317, 40.32135774266521], [115.60869121797816, 40.32135632724556], [115.6086893686751, 40.32144639363707], [115.60857169837361, 40.32144497809329], [115.60856984890592, 40.321535044478864], [115.60833450801543, 40.32153221302338], [115.60833265822681, 40.3216222793985], [115.6082149876378, 40.32162086348681], [115.60821313768454, 40.321710929855946], [115.60797779621899, 40.32170809766465], [115.60797594594482, 40.32179816402335], [115.60785827506828, 40.32179674774374], [115.6078601254987, 40.321706681389514], [115.60774245478679, 40.321705264994726], [115.60774615593519, 40.32152513229081], [115.60786382633455, 40.32152654867662], [115.60786752713702, 40.32134641595781], [115.60798519723213, 40.32134783221502], [115.60798704746458, 40.32125776584891], [115.60810471741176, 40.32125918198198], [115.60810841753903, 40.321079049236374], [115.60822608718202, 40.32108046524082], [115.60822978696335, 40.320900332480356], [115.60834745630213, 40.32090174835619], [115.60835115573752, 40.32072161558085], [115.60846882477209, 40.32072303132807], [115.60847437339379, 40.32045283214053], [115.60859204196787, 40.32045424775466], [115.60859574069475, 40.32027411494662], [115.60824273593522, 40.32026986777216], [115.60824088610711, 40.32035993416346], [115.60788788095383, 40.32035568589875], [115.60788603064856, 40.32044575227515], [115.60753302510157, 40.320441502920154], [115.60753117431915, 40.32053156928163], [115.60611915100725, 40.32051456103971], [115.60611729834118, 40.32060462734585], [115.60576429223235, 40.320600372579854], [115.60576243908908, 40.32069043887106], [115.60552710141242, 40.320687601753185], [115.60552524794825, 40.32077766803392], [115.60540757896618, 40.32077624929102], [115.60540572533739, 40.3208663155658], [115.6052880562074, 40.32086489669875], [115.60528620241395, 40.320954962967576], [115.60516853313604, 40.32095354397641], [115.60516667917797, 40.32104361023923], [115.60504900975214, 40.321042191123915], [115.60504715562945, 40.321132257380775], [115.60492948605571, 40.321130838141315], [115.60492763176833, 40.32122090439222], [115.60480996204669, 40.321219485028614], [115.60480810759469, 40.32130955127355], [115.60469043772511, 40.3213081317858], [115.60468858310847, 40.32139819802475], [115.60445324308186, 40.32139535868134], [115.60445138814428, 40.32148542490983], [115.60433371798726, 40.32148400505416], [115.60433186288503, 40.32157407127668], [115.60327283044175, 40.32156128715085], [115.60327468695053, 40.32147122096881], [115.60315701687719, 40.321469799916635], [115.60315516021214, 40.32155986609418], [115.60280214957355, 40.32155560220625], [115.60280029243128, 40.321645668368824], [115.60268262207887, 40.321644246829045], [115.60267890745666, 40.321824379140764], [115.60256123680007, 40.321822957472335], [115.60255752183177, 40.32200308976915], [115.60243985087098, 40.32200166797207], [115.60243427788686, 40.32227186639269], [115.6023166064656, 40.322270444462454], [115.6023110329372, 40.32254064285628], [115.60219336105546, 40.32253922079289], [115.60218964501539, 40.32271935303904], [115.60207197282945, 40.32271793084699], [115.60206825644326, 40.32289806307824], [115.60195058395311, 40.32289664075753], [115.60194872559116, 40.32298670686643], [115.6018310529531, 40.32298528442157], [115.60182733589147, 40.32316541662592], [115.60170966294919, 40.3231639940524], [115.60170780424953, 40.32325406014787], [115.60159013115934, 40.323252637450175], [115.60158641342224, 40.32343276962765], [115.60146874002787, 40.3234313468013], [115.6014650219446, 40.32361147896386], [115.60134734824602, 40.323610056008846], [115.60134548903554, 40.32370012208341], [115.60122781518902, 40.323698699004225], [115.60122595581385, 40.323788765072806], [115.60110828181942, 40.32378734186946], [115.60110642227959, 40.32387740793205], [115.60098874813724, 40.32387598460454], [115.6009868884327, 40.32396605066114], [115.60086921414243, 40.32396462720946], [115.6008673542732, 40.3240546932601], [115.60063200540527, 40.32405184598876], [115.60063014521505, 40.324141912028885], [115.60051247063738, 40.324140488209224], [115.60051061028246, 40.32423055424337], [115.60027526083967, 40.32422770623604], [115.60027340016377, 40.3243177722597], [115.59992037559361, 40.32431349933771], [115.59991851444039, 40.324403565346365], [115.59968316445631, 40.32440071612439], [115.5996813029821, 40.32449078212254], [115.599445952719, 40.324487932412886], [115.59944409092378, 40.32457799840056], [115.59932641564853, 40.324576573361725], [115.5993245536886, 40.3246666393434], [115.59908920285068, 40.32466378889773], [115.59908734056977, 40.324753854868895], [115.5988519894528, 40.32475100393555], [115.59885012685086, 40.32484106989622], [115.59873245114869, 40.32483964424555], [115.59873058838204, 40.32492971020022], [115.59849523669028, 40.32492685853085], [115.59849337360261, 40.32501692447502], [115.59837569761301, 40.325015498456324], [115.59837383436064, 40.32510556439452], [115.59825615822317, 40.32510413825164], [115.59825429480607, 40.32519420418382], [115.59790126597508, 40.32518992502367], [115.59789940208069, 40.325279990940835], [115.59578122787073, 40.325254293282015], [115.5957830945787, 40.325164227446194], [115.59543006627773, 40.3251599407472], [115.59543193344619, 40.32506987492347], [115.59531425751904, 40.325068445789], [115.59531799214334, 40.32488831414615], [115.59472961419685, 40.324881166724076], [115.59473148227791, 40.32479110092307], [115.59461380687019, 40.3247896710842], [115.5946156750991, 40.32469960528622], [115.59449799985612, 40.32469817533221], [115.59449986823292, 40.324608109537294], [115.59438219315466, 40.32460667946815], [115.59438406167935, 40.32451661367627], [115.59367801232462, 40.32450803077567], [115.59367988177868, 40.324417965009474], [115.59356220707204, 40.32441653411177], [115.59356594626749, 40.32423640258402], [115.59344827188188, 40.3242349715757], [115.5934520113562, 40.3240548400511], [115.59333433729161, 40.32405340893219], [115.59333994690874, 40.32378321164778], [115.59322227332147, 40.3237817804228], [115.59322788333158, 40.323511583138675], [115.59311021022165, 40.323510151807625], [115.59311582062475, 40.3232399545238], [115.59323349326579, 40.32324138584124], [115.5932391031241, 40.32297118853051], [115.5933567753047, 40.322972619714726], [115.5933605148555, 40.322792488157795], [115.59347818673197, 40.3227939192133], [115.59348005633842, 40.32270385342807], [115.59336238461825, 40.3227024223771], [115.59336425437255, 40.32261235659492], [115.5932465828171, 40.322610925428826], [115.59324845271927, 40.32252085964971], [115.59254242450137, 40.32251227016765], [115.59254429533281, 40.32242220441423], [115.59230895297357, 40.32241934030539], [115.59231082410916, 40.32232927455957], [115.59219315309849, 40.3223278423302], [115.59220250943125, 40.32187751360159], [115.5923201796605, 40.32187894580828], [115.59232205074545, 40.321788880053596], [115.59243972082687, 40.32179031213612], [115.5924415917471, 40.321700246375414], [115.59267693162269, 40.32170311017242], [115.59267880222194, 40.321613044401175], [115.5929141418187, 40.32161590771053], [115.59291227153201, 40.32170597349086], [115.59361829146243, 40.32171456057454], [115.59361642210501, 40.32180462638055], [115.59432244327661, 40.321813209184036], [115.59432057484844, 40.32190327501573], [115.5944382452295, 40.32190470506874], [115.59443637694918, 40.321994770903494], [115.59455404749495, 40.32199620084137], [115.59455031122161, 40.32217633251548], [115.59478565296352, 40.322179192050385], [115.59478752079184, 40.322089126205015], [115.59514053299904, 40.32209341459641], [115.59513866563958, 40.32218348045536], [115.59537400746572, 40.32218633879375], [115.59537587451261, 40.32209627292575], [115.59549354528203, 40.322097701910955], [115.59549541216423, 40.32200763603695], [115.59561308278579, 40.32200906489796], [115.59561494950327, 40.32191899901796], [115.59573261997696, 40.32192042775482], [115.59573448652974, 40.32183036186881], [115.59585215685556, 40.32183179048149], [115.59585402324365, 40.32174172458948], [115.59597169342162, 40.32174315307799], [115.595973559645, 40.32165308717998], [115.59609122967511, 40.32165451554431], [115.59609309573379, 40.32156444964031], [115.59632843550668, 40.32156730600098], [115.59633030124438, 40.32147724008646], [115.59644797098717, 40.321478668082804], [115.5964498365602, 40.32138860216229], [115.5965675061551, 40.32139003003446], [115.59656937156345, 40.321299964107936], [115.5966870410105, 40.32130139185593], [115.59668890625412, 40.32121132592342], [115.59692424486092, 40.32121418105145], [115.59692610978358, 40.32112411510842], [115.5970437789433, 40.321125542488446], [115.59704564370129, 40.32103547653941], [115.59716331271316, 40.32103690379527], [115.59716704189134, 40.32085677188375], [115.59728471059908, 40.32085819901092], [115.5972865750193, 40.32076813304842], [115.59740424357913, 40.320769560051424], [115.59740610783466, 40.32067949408294], [115.59752377624665, 40.32068092096179], [115.59752564033751, 40.3205908549873], [115.59764330860162, 40.320592281741995], [115.59764517252778, 40.32050221576149], [115.59776284064405, 40.320503642392026], [115.59776470440553, 40.32041357640556], [115.59788237237393, 40.32041500291191], [115.59788423597074, 40.32032493691944], [115.59800190379124, 40.320326363301646], [115.59800563064711, 40.320146231303234], [115.59812329816351, 40.32014765755677], [115.59812516142256, 40.320057591550835], [115.59824282879109, 40.32005901768021], [115.59824655497144, 40.31987888565486], [115.59836422203585, 40.31988031165557], [115.59836981077456, 40.31961011359294], [115.59848747737857, 40.31961153946046], [115.5985042417347, 40.3188009451521], [115.59838657653705, 40.318799519325204], [115.59839961610409, 40.31816905703419], [115.59851728020793, 40.318170482829494], [115.59852100541039, 40.31799035072402], [115.59863866921012, 40.31799177639065], [115.59864053164249, 40.31790171033119], [115.5987581952944, 40.317903135873685], [115.59876191982144, 40.31772300374129], [115.59899724652539, 40.31772585444934], [115.59899910846383, 40.317635788371895], [115.59911677167213, 40.317637213541964], [115.59911863344593, 40.31754714745853], [115.59923629650639, 40.31754857250444], [115.59923815811553, 40.31745850641503], [115.60170908104242, 40.317488404649474], [115.60171093936195, 40.31739833846393], [115.60194626523536, 40.31740118315428], [115.60194812323398, 40.31731111695825], [115.6021834488284, 40.31731396116106], [115.60218530650616, 40.317223894954566], [115.6024206318216, 40.31722673866985], [115.6024224891785, 40.317136672452854], [115.60265781421494, 40.3171395156806], [115.60265967125096, 40.317049449453144], [115.60501292033207, 40.317077855321806], [115.605011066421, 40.317167921639175], [115.60677600777062, 40.31718919470473], [115.60677785933798, 40.31709912832002], [115.60701318468077, 40.31710196268603], [115.60701503592728, 40.317011896290865], [115.60713269845495, 40.31701331328995], [115.60713454953685, 40.316923246888805], [115.60725221191663, 40.316924663763764], [115.60725591374292, 40.316744530948085], [115.60737357581857, 40.31674594769444], [115.60737542656292, 40.31665588127991], [115.60749308849066, 40.316657297902154], [115.60749678964191, 40.31647716505967], [115.60761445126549, 40.31647858155332], [115.60761630167235, 40.31638851512539], [115.60773396314804, 40.31638993149491], [115.6077358133903, 40.31629986506101], [115.60785347471811, 40.31630128130644], [115.60785532479578, 40.31621121486657], [115.60809064716392, 40.316214046989565], [115.60809249692078, 40.31612398053925], [115.6084454800668, 40.31612822781309], [115.60844732934662, 40.31603816134786], [115.60891797303313, 40.31604382268691], [115.60891982167962, 40.31595375620229], [115.60915514326042, 40.315956586145084], [115.60915699158609, 40.31586651965003], [115.60939231288778, 40.31586934910536], [115.60939416089263, 40.31577928259986], [115.60951182139974, 40.315780697143616], [115.60951366924002, 40.31569063063217], [115.60974898996673, 40.315693459351834], [115.60975083748625, 40.315603392829956], [115.60986849770583, 40.31560480700587], [115.60987034506077, 40.31551474047803], [115.61010566521252, 40.31551756846202], [115.61010751224666, 40.31542750192376], [115.61022517217877, 40.31542891573184], [115.61022701904834, 40.31533884918763], [115.61057999842602, 40.315343089880706], [115.61058184481851, 40.315253023321596], [115.61152312227546, 40.315264326537175], [115.61152127713284, 40.31535439313207], [115.61199191668598, 40.315360041886734], [115.61199007215998, 40.31545010849803], [115.61246071247116, 40.315455755356574], [115.61245886856179, 40.31554582198429], [115.61340015083317, 40.31555710999504], [115.61340199349263, 40.315467043331594], [115.61351965365773, 40.31546845379016], [115.61352149615267, 40.315378387120795], [115.61363915616984, 40.315379797455265], [115.61364099850023, 40.315289730779945], [115.61375865836946, 40.315291140990325], [115.6137605005353, 40.315201074309066], [115.61387816025662, 40.31520248439536], [115.61388000225793, 40.31511241770816], [115.6139976618313, 40.31511382767037], [115.61399950366808, 40.31502376097722], [115.61411716309352, 40.31502517081534], [115.61411900476575, 40.31493510411625], [115.61423666404328, 40.31493651383029], [115.61423850555097, 40.31484644712528], [115.61435616468059, 40.31484785671522], [115.61435800602374, 40.31475779000425], [115.61459332399538, 40.31476060881634], [115.61459516501775, 40.314670542094994], [115.61471282385978, 40.31467195131713], [115.61471466471764, 40.31458188458985], [115.61483232341176, 40.31458329368791], [115.61483416410509, 40.31449322695468], [115.61495182265128, 40.31449463592867], [115.61495366318006, 40.3144045691895], [115.61554195525434, 40.314411612242765], [115.61554011550669, 40.31450167900424], [115.6158930913195, 40.31450590341411], [115.61589125203226, 40.314595970187476], [115.61600891080937, 40.31459737808931], [115.61600707167005, 40.31468744486564], [115.61624238956158, 40.31469026031937], [115.61624055072646, 40.31478032710314], [115.6164758689636, 40.31478314208727], [115.61647403043266, 40.314873208878495], [115.61694466763142, 40.31487883742909], [115.61694282971708, 40.314968904236636], [115.61706048919372, 40.31497031107968], [115.61706232695182, 40.31488024426769], [115.61729764561753, 40.314883057585995], [115.61729948305485, 40.31479299076359], [115.6174171422439, 40.31479439723887], [115.61741897951673, 40.31470433041055], [115.61753663855781, 40.314705736761745], [115.61753847566612, 40.3146156699275], [115.61765613455927, 40.314617076154605], [115.61765797150305, 40.314527009314446], [115.61777563024827, 40.31452841541748], [115.61777930379853, 40.3143482817238], [115.61789696223956, 40.31434968769832], [115.61790063544422, 40.314169553989835], [115.61801829358109, 40.314170959835835], [115.61802196644015, 40.313990826112544], [115.61813962427284, 40.31399223183001], [115.61814329678636, 40.31381209809192], [115.61802563926611, 40.31381069238335], [115.61802931205895, 40.31363055864825], [115.61791165485945, 40.31362915282896], [115.61791349139966, 40.31353908596364], [115.61779583436467, 40.313537680029185], [115.61779767105284, 40.31344761316685], [115.61768001418234, 40.31344620711722], [115.61768185101845, 40.31335614025786], [115.61744653761477, 40.313353327808656], [115.61744837475501, 40.31326326095672], [115.61733071822182, 40.31326185455715], [115.61733255551003, 40.313171787708185], [115.61721489914135, 40.31317038119344], [115.61721673657745, 40.31308031434746], [115.61709908037326, 40.31307890771755], [115.61711378081367, 40.31235837293217], [115.61723143576813, 40.312359779526446], [115.6172369478279, 40.31208957894421], [115.617354602322, 40.31209098540552], [115.61736562528058, 40.31155058417447], [115.61724797172374, 40.31154917773988], [115.61724980901072, 40.311459110867325], [115.61713215561838, 40.31145770431757], [115.6171303181752, 40.311547771185666], [115.61677735757924, 40.31154355080538], [115.61677919549106, 40.31145348395064], [115.61666154213184, 40.31145207692244], [115.616665218243, 40.311271943217434], [115.61654756520451, 40.311270536078545], [115.61655124159489, 40.31109040237654], [115.6164335888771, 40.31108899512694], [115.61643542721609, 40.31099892827819], [115.61631777466278, 40.31099752091344], [115.61631961314966, 40.31090745406767], [115.61620196076083, 40.31090604658777], [115.61620747664034, 40.31063584605493], [115.61608982472843, 40.31063443846879], [115.61609166349454, 40.31054437162602], [115.6159740117471, 40.310542963924725], [115.61597768956686, 40.310362830243655], [115.61586003814011, 40.31036142243167], [115.61586187719375, 40.310271355593386], [115.61574422593152, 40.31026994766626], [115.61574606513304, 40.310179880830944], [115.6156284140353, 40.310178472788664], [115.61563209272587, 40.30999833912254], [115.61551444194882, 40.309996930969575], [115.61551812091858, 40.30981679730644], [115.61540047046222, 40.3098153890428], [115.61540782892699, 40.30945512171667], [115.61552547875861, 40.30945652996248], [115.61552363931105, 40.30954659680069], [115.61564128930715, 40.30954800493137], [115.61563945000749, 40.309638071772554], [115.61587475033694, 40.30964088768401], [115.61587107233751, 40.30982102137978], [115.61598872282708, 40.30982242916502], [115.61598688397109, 40.30991249601516], [115.61610453462517, 40.30991390368524], [115.61610269591708, 40.31000397053837], [115.61622034673562, 40.31000537809331], [115.616216669607, 40.31018551180401], [115.6163343207462, 40.31018691924826], [115.6163306438968, 40.310367052961965], [115.6165659468249, 40.31036986750949], [115.61656410870017, 40.310459934373036], [115.61668176033285, 40.31046134147184], [115.6166780843709, 40.31064147520342], [115.61679573632426, 40.31064288219152], [115.61679206064157, 40.31082301592611], [115.61690971291563, 40.31082442280351], [115.61690787521806, 40.310914489673046], [115.6170255276566, 40.310915896435304], [115.61702001498273, 40.31118609704839], [115.61713766789818, 40.311187503704396], [115.61713399305326, 40.31136763744799], [115.6172516462894, 40.31136904399329], [115.61725532082191, 40.3111889102408], [115.61737297375394, 40.31119031665758], [115.61737481085156, 40.311100249774675], [115.61713950530823, 40.311097436830394], [115.61714134270996, 40.311007369954915], [115.6172589953213, 40.311008776482396], [115.61727185580811, 40.31037830828151], [115.61715420429019, 40.31037690178518], [115.6171597162717, 40.31010670111888], [115.61704206523068, 40.310105294516305], [115.61704390269747, 40.31001522762904], [115.61692625182091, 40.310013820911315], [115.61692808943562, 40.30992375402702], [115.61681043872355, 40.30992234719414], [115.61681227648616, 40.30983228031283], [115.61669462593855, 40.309830873364824], [115.61669830175131, 40.30965073960667], [115.61658065152439, 40.30964933254795], [115.61658432761635, 40.309469198792804], [115.61646667771011, 40.30946779162339], [115.61647586857593, 40.30901745723197], [115.61635821945895, 40.30901604996523], [115.61636189605963, 40.308835916207244], [115.61624424726325, 40.308834508829825], [115.61624792414317, 40.30865437507484], [115.61613027566747, 40.308652967586724], [115.61613395282656, 40.30847283383472], [115.61601630467152, 40.30847142623593], [115.6160273368869, 40.307931024971296], [115.61614498410484, 40.307932432543346], [115.61614682262221, 40.30784236565629], [115.61626446969227, 40.307843773104295], [115.61626814638977, 40.307663639316836], [115.61638579315577, 40.307665046636345], [115.61639498397355, 40.30721471211956], [115.61627733798844, 40.30721330482234], [115.61628101456988, 40.307033171014204], [115.61616336890539, 40.30703176360628], [115.616167045766, 40.306851629801166], [115.61604940042216, 40.30685022228257], [115.61605123899618, 40.30676015538225], [115.61593359381679, 40.306758747748525], [115.61594094865474, 40.3063984801503], [115.6158233041083, 40.30639707241482], [115.61583249824999, 40.30594673790609], [115.61595014201558, 40.305948145619304], [115.61595198066287, 40.30585807870867], [115.61583433705343, 40.30585667099992], [115.6158361758486, 40.30576660409228], [115.6159538193019, 40.305768011796566], [115.61595749655501, 40.30558787796792], [115.61607513970428, 40.30558928554372], [115.61607881661192, 40.30540915170026], [115.61619645945713, 40.30541055914755], [115.61620013601929, 40.30523042528927], [115.6163177785605, 40.30523183260808], [115.61632145477718, 40.30505169873499], [115.61643909701435, 40.305053105925296], [115.61644277288559, 40.304872972037394], [115.61656041481872, 40.30487437909922], [115.6165677658371, 40.304514111287865], [115.61668540715392, 40.304515518212284], [115.61669091986224, 40.304245317324906], [115.61657327901388, 40.30424391041386], [115.6165751167229, 40.30415384345291], [115.61645747603896, 40.30415243642673], [115.61645931389585, 40.30406236946875], [115.61610639236224, 40.304058147686106], [115.61610823067926, 40.30396808074002], [115.61552002906981, 40.30396104206632], [115.61552186815928, 40.303870975141024], [115.61516894776157, 40.30386675051525], [115.61517078731119, 40.303776683601875], [115.61470022752164, 40.30377104911124], [115.61470206768752, 40.30368098221423], [115.61423150865532, 40.3036753458282], [115.61423334943753, 40.303585278947544], [115.6137627911627, 40.30357964066615], [115.61376463256117, 40.303489573801876], [115.6131764356852, 40.303482523281986], [115.61317459350602, 40.30357259012395], [115.61293931450149, 40.30356976907002], [115.61293747200172, 40.303659835901584], [115.61281983235578, 40.30365842519078], [115.61281798969152, 40.303748492016396], [115.61258271011228, 40.30374567022715], [115.61258086712745, 40.303835737042355], [115.61234558726916, 40.30383291476586], [115.61234374396373, 40.30392298157066], [115.61210846382639, 40.30392015880693], [115.61210662020034, 40.30401022560131], [115.61198897998801, 40.304008814035605], [115.61198713619748, 40.30409888082403], [115.61175185548547, 40.304096057324976], [115.61175001137434, 40.304186124102976], [115.61151473038328, 40.30418330011666], [115.61151288595156, 40.30427336688425], [115.61139524531234, 40.30427195470727], [115.61139340071615, 40.30436202146891], [115.61115811915037, 40.30435919674724], [115.61115627423358, 40.30444926349847], [115.61103863330703, 40.30444785095378], [115.61103678822573, 40.304537917699065], [115.61091914715136, 40.30453650503034], [115.6109173019056, 40.304626571769674], [115.61079966068341, 40.30462515897689], [115.61079781527316, 40.30471522571026], [115.61056253254141, 40.304712399757015], [115.61056068681057, 40.304802466479984], [115.610443045301, 40.304801053319515], [115.61044119940568, 40.30489112003652], [115.61020591609926, 40.304888293347894], [115.6102040698833, 40.30497836005446], [115.60996878629786, 40.304975532878565], [115.60996693976126, 40.305065599574725], [115.6098492978249, 40.30506418580293], [115.60984745112381, 40.30515425249312], [115.60961216696373, 40.30515142458183], [115.60961031994202, 40.3052414912616], [115.60949267771831, 40.3052400771221], [115.60949083053211, 40.30533014379592], [115.60925554579737, 40.30532731514922], [115.60925369829053, 40.30541738181261], [115.6091360557795, 40.3054159673054], [115.60913420810816, 40.30550603396283], [115.60901656544932, 40.30550461933157], [115.60901471761349, 40.305594685983046], [115.60889707480682, 40.30559327122771], [115.60889337879783, 40.30577340451728], [115.60877573568719, 40.30577198963341], [115.60877203933256, 40.305952122908124], [115.60865439591792, 40.30595070789571], [115.60864885085498, 40.30622090778325], [115.60853120698017, 40.3062194926378], [115.60852566137373, 40.3064896924986], [115.60840801703877, 40.30648827722014], [115.6084024708888, 40.30675847705421], [115.60828482609368, 40.30675706164272], [115.60827743048564, 40.307117328049536], [115.6081597850742, 40.30711591250052], [115.608148690475, 40.30765631203956], [115.60803104413483, 40.307654896344076], [115.60802364694388, 40.308015162655956], [115.60790599998738, 40.30801374682295], [115.60790045153806, 40.308283946527915], [115.60778280412134, 40.30828253056186], [115.60778095446538, 40.30837259712272], [115.60766330690083, 40.30837118103259], [115.60766145708034, 40.30846124758752], [115.60754380936795, 40.30845983137332], [115.60754010938959, 40.30863996446977], [115.60742246137319, 40.30863854812699], [115.60742061121532, 40.308728614668524], [115.60730296305107, 40.30872719820166], [115.60730111272865, 40.30881726473722], [115.6071834644166, 40.30881584814629], [115.60718161392965, 40.30890591467589], [115.60706396546973, 40.30890449796087], [115.60706211481828, 40.308994564484514], [115.6069444662105, 40.308993147645424], [115.60694261539452, 40.30908321416309], [115.60682496663891, 40.3090817971999], [115.6068231156584, 40.309171863711626], [115.60670546675496, 40.30917044662434], [115.6067036156099, 40.30926051313009], [115.60658596655863, 40.30925909591874], [115.60658411524903, 40.309349162418535], [115.60646646604991, 40.30934774508309], [115.60646461457578, 40.30943781157691], [115.60634696522885, 40.3094363941174], [115.60634326194315, 40.30961652709163], [115.60622561229219, 40.30961510950354], [115.6062237604806, 40.30970517598394], [115.60610611068181, 40.30970375827176], [115.6061042587057, 40.3097938247462], [115.60598660875905, 40.30979240690992], [115.6059847566184, 40.309882473378416], [115.60586710652393, 40.309881055418046], [115.60586525421873, 40.309971121880565], [115.60574760397641, 40.309969703796106], [115.60574575150666, 40.31005977025266], [115.6056281011165, 40.3100583520441], [115.60562624848222, 40.31014841849469], [115.60550859794421, 40.310147000162054], [115.60550674514539, 40.31023706660667], [115.60538909445954, 40.31023564814994], [115.60538724149617, 40.31032571458859], [115.60526959066247, 40.31032429600775], [115.60526773753455, 40.31041436244045], [115.60515008655304, 40.31041294373552], [115.6051463799597, 40.31059307658746], [115.60502872867416, 40.31059165775395], [115.605025021735, 40.31077179059102], [115.60490737014543, 40.31077037162893], [115.6049055165071, 40.310860438040734], [115.60478786476968, 40.31085901895454], [115.6047860109668, 40.310949085360384], [115.60466835908154, 40.3109476661501], [115.60466650511411, 40.311037732549984], [115.604548853081, 40.31103631321559], [115.60454699894902, 40.3111263796095], [115.60442934676809, 40.31112496015099], [115.60442749247153, 40.311215026538946], [115.60430984014273, 40.31121360695635], [115.60430798568163, 40.31130367333832], [115.604190333205, 40.311302253631624], [115.60418847857932, 40.31139232000762], [115.60395317333877, 40.31138948022641], [115.6039513183923, 40.31147954659195], [115.60277479112956, 40.31146534046453], [115.60277293461269, 40.31155540678361], [115.60253762894818, 40.31155256411383], [115.60253577211054, 40.31164263042244], [115.60241811913465, 40.31164120890364], [115.60241626213246, 40.31173127520626], [115.6022986090087, 40.31172985356336], [115.60229489466677, 40.311909986155165], [115.602177241239, 40.31190856438365], [115.60217538389925, 40.31199863067284], [115.60205773032365, 40.31199720877721], [115.60205587281934, 40.31208727506043], [115.60193821909591, 40.31208585304069], [115.60193450374969, 40.312265985593676], [115.60181684972223, 40.31226456344532], [115.60181499188036, 40.312354629715095], [115.60169733770506, 40.31235320744263], [115.60169547969858, 40.31244327370642], [115.60157782537546, 40.31244185130984], [115.60157596720441, 40.31253191756764], [115.60145831273346, 40.31253049504695], [115.60145459605377, 40.312710627549144], [115.60133694127877, 40.31270920489983], [115.60133508277016, 40.31279927114421], [115.60121742784732, 40.31279784837077], [115.6012155691741, 40.312887914609156], [115.60109791410345, 40.31288649171161], [115.60109605526564, 40.31297655794403], [115.60086074483704, 40.312973711781076], [115.60085888567842, 40.313063778003006], [115.60074123032047, 40.313062354737596], [115.60073937099726, 40.31315242095353], [115.60062171549147, 40.313150997564016], [115.60061985600366, 40.31324106377397], [115.60050220035006, 40.31323964026033], [115.60050034069764, 40.313329706464295], [115.60038268489622, 40.31332828282654], [115.60038082507917, 40.313418349024516], [115.60014551318903, 40.31341550138114], [115.60014365305119, 40.31350556756864], [115.59990834088218, 40.313502719437786], [115.59990648042351, 40.31359278561477], [115.59943585556131, 40.31358708789963], [115.59943399446935, 40.31367715405711], [115.59849274389813, 40.31366575284915], [115.59849088154805, 40.31375581896907], [115.59813791225373, 40.31375154152889], [115.59813604942657, 40.31384160763377], [115.59790073629327, 40.313838755399864], [115.59789887314528, 40.313928821494265], [115.59754590303967, 40.313924542232726], [115.5975440394146, 40.31401460831209], [115.59742638257333, 40.31401318164783], [115.59742451878364, 40.3141032477212], [115.59718920481384, 40.31410039402479], [115.59718734070331, 40.314190460087644], [115.59706968357482, 40.314189033055506], [115.59706781929965, 40.31427909911237], [115.59695016202332, 40.31427767195609], [115.59694829758354, 40.31436773800695], [115.5968306401594, 40.314366310726534], [115.59682877555497, 40.314456376771396], [115.59671111798302, 40.314454949366834], [115.59670925321396, 40.314545015405706], [115.59659159549417, 40.31454358787701], [115.59658786561836, 40.314723719941284], [115.59647020759458, 40.314722292283925], [115.5964646122491, 40.31499249035569], [115.596346953765, 40.314991062565156], [115.59633762723983, 40.3154413926326], [115.59621996798303, 40.31543996469985], [115.59621810249652, 40.31553003070437], [115.59598278369565, 40.31552717447095], [115.59598091788828, 40.31561724046496], [115.59586325834424, 40.31561581216429], [115.59585952639175, 40.31579594413884], [115.59574186654366, 40.31579451570951], [115.59574000039855, 40.31588458169003], [115.59562234040263, 40.31588315313655], [115.59561674144814, 40.31615335105572], [115.59549908099193, 40.31615192236904], [115.59548974845157, 40.316602252182136], [115.5953720872226, 40.31660082335322], [115.59536648712864, 40.31687102120977], [115.59513116375847, 40.316868163165914], [115.59512929673116, 40.31695822910607], [115.59501163490246, 40.31695679990018], [115.595013502086, 40.31686673396453], [115.59489584042196, 40.316865304643535], [115.59489770775335, 40.31677523871092], [115.59478004625397, 40.316773809274814], [115.59479311843147, 40.31614334773683], [115.59491077883717, 40.316144777141275], [115.59491451335674, 40.31596464525092], [115.59503217345838, 40.31596607452668], [115.59503590763184, 40.31578594262137], [115.5951535674294, 40.31578737176846], [115.5951591681577, 40.31551717388582], [115.59527682749503, 40.31551860289971], [115.5952786942314, 40.315428536931364], [115.59539635342087, 40.315429965821096], [115.59540008655588, 40.3152498338709], [115.59551774544133, 40.315251262631975], [115.59551961183998, 40.31516119665014], [115.59563727057764, 40.31516262528706], [115.5956410030372, 40.31498249330991], [115.5957586614708, 40.31498392181817], [115.59576612566406, 40.31462365782803], [115.59588378348117, 40.314625086198575], [115.59588938106907, 40.31435488817688], [115.59600703842591, 40.31435631641426], [115.59601076979668, 40.31417618438336], [115.59612842684949, 40.31417761249207], [115.59613029236603, 40.31408754646987], [115.59624794927103, 40.31408897445446], [115.59624981462291, 40.31399890842627], [115.59636747138013, 40.31400033628672], [115.59636933656739, 40.313910270252514], [115.59648699317678, 40.313911697988814], [115.59648885819942, 40.313821631948635], [115.59660651466099, 40.31382305956079], [115.59660837951898, 40.31373299351461], [115.59672603583276, 40.313734421002636], [115.59672790052615, 40.31364435495046], [115.5968455566921, 40.313645782314346], [115.59684742122084, 40.31355571625618], [115.59708273326555, 40.31355857061608], [115.59708459747347, 40.313468504547394], [115.59731990923936, 40.313471358419804], [115.59732177312644, 40.313381292340594], [115.5976747403697, 40.31338557223853], [115.59767660377969, 40.31329550614432], [115.59802957062993, 40.313299784952164], [115.5980314335629, 40.31320971884293], [115.59826674452594, 40.3132125707744], [115.59826860713808, 40.313122504654636], [115.59873922854014, 40.31312820706417], [115.59874109051901, 40.31303814092488], [115.59968233247643, 40.31304953996638], [115.5996841931972, 40.31295947378952], [115.59991950345807, 40.312962322344745], [115.599921363858, 40.31287225615739], [115.60003901884483, 40.31287368025108], [115.60004087908017, 40.31278361405774], [115.60015853391913, 40.3127850380273], [115.60016039398987, 40.31269497182798], [115.60027804868102, 40.312696395673434], [115.60027990858717, 40.31260632946813], [115.60039756313051, 40.31260775318946], [115.60039942287206, 40.31251768697816], [115.60051707726755, 40.31251911057536], [115.60051893684451, 40.31242904435809], [115.6006365910922, 40.31243046783118], [115.60063845050455, 40.312340401607926], [115.6007561046044, 40.31234182495689], [115.60075796385216, 40.31225175872765], [115.60087561780418, 40.3122531819525], [115.60087747688735, 40.312163115717276], [115.60099513069156, 40.31216453881802], [115.60099698961015, 40.3120744725768], [115.60111464326654, 40.31207589555342], [115.60111836076612, 40.31189576305757], [115.60123601411847, 40.31189718590558], [115.60123787269949, 40.31180711965093], [115.60135552590403, 40.31180854237482], [115.60135738432045, 40.31171847611418], [115.60147503737716, 40.31171989871397], [115.60147875387246, 40.311539766179266], [115.60159640662515, 40.31154118865042], [115.60159826470402, 40.31145112237635], [115.6017159173089, 40.3114525447234], [115.6017177752232, 40.31136247844336], [115.60183542768021, 40.3113639006663], [115.60183914317128, 40.31118376809276], [115.60195679532427, 40.31118519018709], [115.60195865290105, 40.31109512389361], [115.60207630490625, 40.31109654586382], [115.60207816231842, 40.31100647956436], [115.60219581417577, 40.31100790141048], [115.60219767142338, 40.31091783510503], [115.60243297485086, 40.31092067842945], [115.60243483177769, 40.31083061211352], [115.60255248334778, 40.31083203359182], [115.60255434011005, 40.31074196726993], [115.6026719915323, 40.31074338862411], [115.60267384813001, 40.31065332229623], [115.60314445327802, 40.31065900649897], [115.60314630924256, 40.31056894015162], [115.60349926272285, 40.31057320203434], [115.6034974072269, 40.31066326839518], [115.60361505855994, 40.310664688788044], [115.6036169138997, 40.3105746224227], [115.60396986748039, 40.31057888287017], [115.60397172234319, 40.310488816489865], [115.60408937339731, 40.310490236395324], [115.60409122809554, 40.310400170009046], [115.60420887900182, 40.310401589790416], [115.60421258806082, 40.310221457004424], [115.60433023866308, 40.310222876657186], [115.60433209302383, 40.310132810257485], [115.60444974347827, 40.31013422978616], [115.60445159767447, 40.31004416338049], [115.60456924798105, 40.31004558278506], [115.6045711020127, 40.30995551637343], [115.60468875217146, 40.30995693565391], [115.60469060603857, 40.309866869236295], [115.60480825604948, 40.30986828839268], [115.60481010975204, 40.30977822196908], [115.60492775961514, 40.309779641001384], [115.60492961315315, 40.309689574571834], [115.60504726286838, 40.30969099348002], [115.60504911624184, 40.309600927044514], [115.60528441538506, 40.30960376449312], [115.6052862684378, 40.30951369804713], [115.60540391786574, 40.30951511658754], [115.60540577075392, 40.3094250501356], [115.60552342003405, 40.309426468551926], [115.60552527275767, 40.309336402094004], [115.60564292188998, 40.30933782038624], [115.60564477444908, 40.30924775392236], [115.60576242343352, 40.3092491720905], [115.60576427582808, 40.30915910562066], [115.6058819246647, 40.30916052366471], [115.60588377689471, 40.309070457188895], [115.6060014255835, 40.30907187510887], [115.606003277649, 40.30898180862709], [115.60612092618994, 40.308983226422974], [115.60612277809089, 40.308893159935224], [115.60624042648402, 40.30889457760701], [115.60624227822044, 40.30880451111331], [115.60635992646573, 40.308805928661016], [115.6063617780376, 40.30871586216134], [115.60647942613505, 40.30871727958497], [115.60648127754239, 40.308627213079326], [115.60659892549202, 40.30862863037887], [115.60660077673484, 40.30853856386728], [115.60671842453664, 40.30853998104274], [115.60672212668486, 40.30835984800611], [115.60683977418263, 40.30836126505301], [115.60684162508804, 40.30827119852801], [115.60695927243799, 40.30827261545082], [115.60696112317886, 40.308182548919845], [115.60707877038098, 40.308183965718584], [115.60708432208502, 40.30791376610334], [115.60720196882694, 40.30791518276903], [115.60720937035744, 40.30755491657677], [115.60732701648304, 40.30755633310491], [115.60733441725532, 40.30719606687107], [115.60745206276457, 40.3071974832617], [115.60746131276137, 40.306747150413756], [115.6075789574981, 40.30674856666237], [115.60759005628195, 40.30620816716919], [115.60770770009003, 40.306209583271304], [115.6077113993056, 40.30602945008613], [115.60782904280971, 40.3060308660597], [115.60783274167959, 40.30585073285965], [115.6079503848797, 40.30585214870468], [115.6079540834039, 40.305672015489755], [115.60807172630005, 40.30567343120624], [115.60807542447857, 40.30549329797643], [115.60819306707074, 40.30549471356437], [115.60819676490358, 40.30531458031972], [115.60831440719177, 40.305315995779104], [115.60831810467897, 40.30513586251955], [115.60843574666318, 40.30513727785039], [115.60843759523813, 40.305047211213925], [115.60855523707453, 40.305048626420714], [115.60855708548496, 40.30495855977829], [115.60867472717356, 40.30495997486101], [115.60867657541951, 40.30486990821263], [115.60879421696026, 40.304871323171284], [115.60879606504174, 40.304781256516954], [115.60891370643466, 40.30478267135155], [115.60891555435167, 40.304692604691255], [115.60915083685025, 40.30469543399276], [115.6091526844466, 40.304605367322026], [115.60927032555223, 40.30460678178893], [115.60927217298409, 40.30451671511226], [115.60950745490807, 40.30451954367837], [115.60950930201929, 40.304429476991245], [115.6097445836643, 40.30443230507008], [115.60974643045489, 40.304342238372556], [115.6099817118209, 40.304345065964114], [115.60998355829088, 40.30425499925614], [115.61010119883022, 40.304256412868085], [115.61010304513572, 40.304166346154155], [115.61033832592709, 40.30416917301036], [115.61034017191196, 40.30407910628601], [115.61045781216399, 40.30408051953027], [115.61045965798442, 40.30399045279997], [115.61069493820115, 40.30399327892081], [115.61069678370093, 40.30390321218008], [115.61081442366563, 40.30390462505666], [115.61081626900096, 40.30381455830999], [115.61093390881784, 40.30381597106251], [115.6109357539887, 40.303725904309886], [115.61117103333513, 40.30372872944727], [115.61117287818539, 40.303638662684236], [115.61140815725278, 40.30364148733437], [115.61141000178245, 40.30355142056091], [115.61152764117249, 40.30355283270214], [115.61152948553767, 40.30346276592274], [115.61176476403041, 40.30346558983753], [115.611766608075, 40.3033755230477], [115.6118842471777, 40.303376934821266], [115.61188609105784, 40.303286868025495], [115.61212136897589, 40.30328969120497], [115.61212321253544, 40.30319962439878], [115.61235849017446, 40.30320244709102], [115.6123603334134, 40.30311238027442], [115.61247797208927, 40.3031137914367], [115.61247981516374, 40.30302372461416], [115.6127150922281, 40.30302654657108], [115.612716934982, 40.30293647973813], [115.61306985017242, 40.3029407117633], [115.6130716924496, 40.30285064491549], [115.61401279874045, 40.30286192501902], [115.61401095771241, 40.30295199190256], [115.6143638731769, 40.302956219981816], [115.61436203260897, 40.30304628687726], [115.61459730993907, 40.30304910500783], [115.6145954696751, 40.30313917191072], [115.61494838620092, 40.303143398223135], [115.61495022599647, 40.303053331306856], [115.61542078085583, 40.303058964698195], [115.61542262001852, 40.3029688977626], [115.61554025859796, 40.302970305807044], [115.6155420975962, 40.30288023886552], [115.61565973602781, 40.302881646785934], [115.61566157486162, 40.302791579838484], [115.61554393658618, 40.30279017192253], [115.61555313141157, 40.302339837185414], [115.61567076890633, 40.30234124507907], [115.61567628523368, 40.302071044205725], [115.61579392226834, 40.302072451966445], [115.61579576087139, 40.30198238500124], [115.61591339775822, 40.301983792637934], [115.61591523619686, 40.30189372566681], [115.61603287293582, 40.30189513317948], [115.61603471121005, 40.30180506620243], [115.61615234780118, 40.30180647359107], [115.61615418591097, 40.30171640660808], [115.61650709526572, 40.301720628043235], [115.61650893289884, 40.30163056104541], [115.6160383877336, 40.301624932243875], [115.616042064224, 40.30144479827942], [115.61615970019062, 40.301446205650244], [115.61615786210571, 40.30153627263766], [115.61627549823673, 40.30153767989338], [115.61627917408606, 40.30135754590815], [115.61639680991311, 40.301358953035376], [115.61639864766921, 40.3012688860361], [115.61651628334845, 40.301270293039316], [115.61652363366545, 40.30091002500959], [115.61687653887934, 40.30091424524839], [115.6168783759695, 40.300824178223905], [115.61676074104605, 40.30082277160166], [115.61676257828405, 40.30073270458018], [115.6168802130514, 40.300734111197954], [115.616882050125, 40.30064404417052], [115.61676441551379, 40.30064263755718], [115.61676808994838, 40.30046250350679], [115.61665045565768, 40.3004610967828], [115.61665413037137, 40.30028096273542], [115.61618359454046, 40.300275334679434], [115.61618175656328, 40.300365401686044], [115.6159464883853, 40.30036258693177], [115.6159446500876, 40.30045265392799], [115.61582701585493, 40.30045124636705], [115.61582517739281, 40.30054131335734], [115.61570754301232, 40.30053990567239], [115.61570570438579, 40.300629972656736], [115.61558806985744, 40.30062856484777], [115.61558439226728, 40.30080869880313], [115.615466757435, 40.30080729086568], [115.61546491847133, 40.30089735783669], [115.61534728349122, 40.30089594977521], [115.61534544436316, 40.30098601674029], [115.61522780923521, 40.30098460855478], [115.6152296485194, 40.30089454159416], [115.61452383886268, 40.30088608999701], [115.61452567907531, 40.30079602306166], [115.61440804431768, 40.300794614048115], [115.61440988467814, 40.30070454711577], [115.61429225008494, 40.30070313798712], [115.6142940905932, 40.30061307105773], [115.61417645616444, 40.300611661813996], [115.61418013746832, 40.30043152795974], [115.61406250336009, 40.30043011860535], [115.61406434415571, 40.30034005168047], [115.61394671021189, 40.30033864221098], [115.61394855115535, 40.30024857528909], [115.61383091737592, 40.30024716570449], [115.61383275846718, 40.30015709878558], [115.61359749124553, 40.30015427926665], [115.61359933264069, 40.30006421235519], [115.61336406576449, 40.30006139236693], [115.6133677491544, 40.29988125855744], [115.613250116041, 40.29987984839291], [115.61325748334562, 40.29951958077406], [115.6133751158346, 40.29952099092075], [115.61337695748388, 40.29943092400788], [115.61325932515102, 40.29942951386566], [115.61326853405343, 40.298979179301504], [115.61315090250943, 40.298977769062056], [115.61315458632448, 40.29879763523498], [115.61303695510098, 40.298796224884896], [115.61303879715216, 40.29870615797361], [115.6129211660931, 40.29870474750844], [115.61292485048271, 40.298524613690375], [115.61280721974416, 40.298523203114584], [115.61280906208262, 40.2984331362078], [115.6126914315085, 40.29843172551693], [115.61269327399474, 40.298341658613126], [115.612575643585, 40.298340247807154], [115.61257748621905, 40.29825018090636], [115.61245985597374, 40.29824876998529], [115.61246169875557, 40.29815870308747], [115.61234406867467, 40.29815729205133], [115.6123459116043, 40.298067225156515], [115.61211065177963, 40.29806440273449], [115.61211249501315, 40.29797433584713], [115.61187723553394, 40.29797151295584], [115.61187907907134, 40.297881446075934], [115.61164381993757, 40.29787862271538], [115.61164566377886, 40.29778855584293], [115.61152803438054, 40.2977871439878], [115.61152987836961, 40.29769707711835], [115.61141224913573, 40.29769566514813], [115.61141409327257, 40.29760559828167], [115.61129646420306, 40.29760418619637], [115.61129830848772, 40.29751411933292], [115.61118067958265, 40.29751270713254], [115.61118252401506, 40.297422640272075], [115.61106489527438, 40.29742122795661], [115.61106673985458, 40.29733116109914], [115.61094911127834, 40.2973297486686], [115.61095280072594, 40.29714961495818], [115.61083517247022, 40.29714820241704], [115.61083701733762, 40.29705813556408], [115.61071938924628, 40.29705672290786], [115.61072123426148, 40.29696665605789], [115.61060360633456, 40.2969652432866], [115.61060545149753, 40.29687517643964], [115.61048782373504, 40.296873763553265], [115.61048966904576, 40.2967836967093], [115.61037204144768, 40.29678228370785], [115.61037388690617, 40.29669221686689], [115.61025625947248, 40.296690803750366], [115.61025810507877, 40.29660073691239], [115.61002285054853, 40.29659791032967], [115.61002469645865, 40.29650784349917], [115.60978944227391, 40.29650501644722], [115.60979128848788, 40.29641494962417], [115.60932078084262, 40.2964092941036], [115.60932262767263, 40.29631922729701], [115.6083816140306, 40.29630791055354], [115.60837976595192, 40.296397977324304], [115.60790925870656, 40.296392316065564], [115.60790740999518, 40.29648238281695], [115.60755452918042, 40.29647813560422], [115.60755267999244, 40.29656820234066], [115.60731742584547, 40.29656537025881], [115.60731557633697, 40.29665543698482], [115.60696269471077, 40.29665118795201], [115.6069608447257, 40.29674125466309], [115.60684321737754, 40.29673983807524], [115.60684136722806, 40.29682990478035], [115.60660611224462, 40.296827071237054], [115.60660426177458, 40.29691713793172], [115.60648663413929, 40.296915720976266], [115.60648478350481, 40.29700578766496], [115.6062495279471, 40.29700295338643], [115.60624767699208, 40.297093020064686], [115.60601242115558, 40.29709018529899], [115.60601056988007, 40.2971802519668], [115.60589294181823, 40.29717883440014], [115.60589109037825, 40.297268901061976], [115.60577346216868, 40.29726748337127], [115.60577161056426, 40.297357550027165], [115.605536353858, 40.29735471427814], [115.60553450193304, 40.297444780923556], [115.605299244948, 40.29744194468738], [115.6052973927025, 40.297532011322325], [115.60506213543866, 40.29752917459898], [115.60506028287263, 40.29761924122347], [115.60411925290273, 40.29760788951213], [115.6041173990796, 40.29769795609921], [115.6038821413585, 40.29769511696688], [115.6038802872148, 40.2977851835435], [115.60364502921497, 40.297782343924], [115.60364317475073, 40.29787241049015], [115.60340791647215, 40.29786957038344], [115.60340606168734, 40.297959636939126], [115.60328843240451, 40.29795821670194], [115.60328657745522, 40.29804828325165], [115.60305131860245, 40.298045442409666], [115.60304760805442, 40.298225575486654], [115.60269471890142, 40.29822131330004], [115.60269286314653, 40.29831137982284], [115.60233997360056, 40.298307116546745], [115.6023362611291, 40.2984872495609], [115.60221863098498, 40.29848582822077], [115.60222048738099, 40.298395761718936], [115.60210285740133, 40.29839434026376], [115.60210100084923, 40.298484406761084], [115.60186574060285, 40.29848156348306], [115.60186202684909, 40.2986616964553], [115.60162676601179, 40.29865885268105], [115.60162490881017, 40.298748919155955], [115.60138964769413, 40.29874607489449], [115.60138593264134, 40.298926207821836], [115.60150356350736, 40.29892763002135], [115.60150542088186, 40.2988375635539], [115.60174068232683, 40.29884040758527], [115.60173882526455, 40.29893047406171], [115.60185645615569, 40.298931895902555], [115.60185831306187, 40.298841829421626], [115.60209357455709, 40.298844672735655], [115.6020917179631, 40.298934739225594], [115.60220934887938, 40.298936160707775], [115.60220006656449, 40.299386493157854], [115.6020824348677, 40.29938507165317], [115.60208057822348, 40.29947513813425], [115.60196294637896, 40.29947371650551], [115.60196108957028, 40.29956378298061], [115.60137292969266, 40.29955667302103], [115.60137664486274, 40.29937654011437], [115.60102374997332, 40.29937227273095], [115.60102189192415, 40.299462339171505], [115.60113952370169, 40.299463761756705], [115.60113580789043, 40.299643894642415], [115.60090054371929, 40.29964104933444], [115.60089868548887, 40.29973111576607], [115.60078105325978, 40.29972969292823], [115.60077919486486, 40.29981975935388], [115.60054393011957, 40.29981691331054], [115.60054021268016, 40.29999704613937], [115.60042258000786, 40.299995622929345], [115.60041886222271, 40.30017575574327], [115.60030122924655, 40.30017433240467], [115.60029751111564, 40.30035446520366], [115.60017987783564, 40.300353041736486], [115.60017058158104, 40.30080337368556], [115.60005294752885, 40.30080195007631], [115.60005108809666, 40.30089201645717], [115.60016872230497, 40.30089344007094], [115.60016686302052, 40.30098350645485], [115.60004922865608, 40.30098208283658], [115.60004736920713, 40.30107214921449], [115.59992973469497, 40.30107072547216], [115.5999278750815, 40.30116079184408], [115.5998102404216, 40.301159367977675], [115.59980838064364, 40.301249434343625], [115.59969074583599, 40.301248010353135], [115.5996888858935, 40.3013380767131], [115.59957125093815, 40.30133665259854], [115.59957311103675, 40.30124658624309], [115.5994554762459, 40.30124516201348], [115.59945733649222, 40.30115509566105], [115.59922206724794, 40.301152246852155], [115.59922392779815, 40.30106218050728], [115.59910629334468, 40.301060755928], [115.59910443263837, 40.30115082226836], [115.59898679803719, 40.301149397565005], [115.59898493716638, 40.301239463899385], [115.59874966767696, 40.30123661412497], [115.59874780648548, 40.301326680448845], [115.59768909279356, 40.301313850504876], [115.59769095539012, 40.30122378422161], [115.59745568608541, 40.30122093181678], [115.59745196025942, 40.30140106436378], [115.59733432530741, 40.30139963797297], [115.59733059913555, 40.30157977050502], [115.59709532863226, 40.30157691734668], [115.59708973837472, 40.30184711610657], [115.59697210266731, 40.3018456893345], [115.59697023907519, 40.301935755580324], [115.59685260322006, 40.301934328684155], [115.59685633070815, 40.30175419620007], [115.59673869517367, 40.30175276919339], [115.59674055906123, 40.301662702953635], [115.59662292369129, 40.301661275831904], [115.59662478772655, 40.30157120959521], [115.59650715252116, 40.30156978235843], [115.59650901670415, 40.30147971612476], [115.59639138166324, 40.301478288772934], [115.59639697463018, 40.301208090076635], [115.59616170551035, 40.3012052350414], [115.59616357012807, 40.30111516881538], [115.59628120452767, 40.301116596388255], [115.59628493342568, 40.30093646392274], [115.59640256752142, 40.30093789136703], [115.59640443180169, 40.300847825127526], [115.59616916393082, 40.300844970128445], [115.59616543473742, 40.301025102587886], [115.59604780050233, 40.301023674899966], [115.59604966525939, 40.3009336086755], [115.59581439712673, 40.30093075295002], [115.59581626218761, 40.30084068673312], [115.59569862829, 40.300839258695554], [115.59570049349858, 40.30074919248171], [115.5955828597655, 40.30074776432909], [115.5955847251218, 40.300657698118286], [115.59546709155326, 40.30065626985065], [115.59547268803995, 40.30038607122292], [115.59535505494817, 40.30038464284927], [115.59536438303832, 40.29993431179611], [115.59524675073553, 40.29993288332552], [115.59525607939591, 40.29948255225801], [115.59513844788206, 40.29948112369048], [115.59515150874597, 40.298850660165535], [115.59503387833327, 40.2988492315101], [115.59503014638773, 40.29902936394415], [115.59491251567124, 40.299027935160126], [115.59490878337984, 40.29920806757921], [115.59467352134769, 40.299205209634394], [115.59467538780981, 40.29911514343464], [115.59455775696246, 40.299113714287415], [115.59455589034422, 40.29920378048265], [115.5944382593492, 40.29920235121135], [115.59444199288944, 40.299022218828455], [115.59420673154905, 40.29901935994531], [115.59421419977734, 40.29865909519799], [115.59409656974415, 40.298657665595194], [115.59409470254363, 40.29874773177971], [115.59397707236279, 40.29874630205283], [115.59397520499772, 40.29883636823134], [115.5938575746692, 40.29883493838038], [115.59385944219035, 40.29874487220639], [115.59374181202637, 40.29874344224041], [115.5937436796952, 40.29865337606947], [115.59362604969573, 40.29865194598845], [115.59362791751224, 40.29856187982056], [115.5935102876773, 40.298560449624524], [115.59351215564149, 40.29847038345968], [115.59339452597108, 40.29846895314862], [115.59340013028142, 40.29819875465881], [115.5932825010877, 40.29819732424179], [115.59328623756467, 40.29801719191691], [115.59316860869157, 40.29801576138939], [115.59317047707351, 40.29792569522927], [115.59305284836492, 40.29792426458671], [115.59305471689453, 40.29783419842965], [115.59293708835047, 40.29783276767209], [115.59293895702776, 40.29774270151807], [115.59282132864821, 40.29774127064549], [115.59282319747317, 40.29765120449452], [115.59270556925814, 40.29764977350692], [115.59270743823075, 40.29755970735901], [115.59258981018024, 40.29755827625638], [115.59259354841237, 40.29737814396517], [115.59235829296101, 40.29737528141943], [115.59236016237661, 40.29728521528067], [115.59224253481966, 40.297283783833], [115.59224440438292, 40.297193717697304], [115.59200914960648, 40.2971908544524], [115.59201101947349, 40.29710078832428], [115.591775765043, 40.29709792461026], [115.59177763521373, 40.29700785848973], [115.59154238112913, 40.2970049943066], [115.59154051064621, 40.29709506041807], [115.59130525628318, 40.297092195747695], [115.59130712707827, 40.2970021296453], [115.59118950006547, 40.29700069713533], [115.5911876291143, 40.2970907632332], [115.5903642391685, 40.29708073228439], [115.59036236711626, 40.29717079834903], [115.58989185813715, 40.29716506373015], [115.58988998545215, 40.29725512977513], [115.5897723580724, 40.297253695817], [115.58977048522281, 40.29734376185598], [115.58965285769543, 40.29734232777376], [115.58965660369826, 40.297162195703415], [115.5895389764915, 40.29716076151074], [115.5895427227727, 40.29698062944355], [115.58942509588658, 40.296979195140416], [115.58942884244618, 40.29679906307639], [115.58954646902016, 40.296800497370455], [115.58955208832796, 40.29653029924971], [115.58931683612495, 40.2965274305693], [115.58931496271863, 40.29661749660194], [115.58907971023723, 40.29661462743428], [115.58907783651028, 40.29670469345635], [115.58872495738332, 40.296700388794655], [115.58872308317967, 40.296790454801624], [115.58860545666485, 40.296789019670754], [115.58860733102458, 40.296698953668326], [115.5883720783324, 40.29669608305706], [115.58837395299585, 40.29660601706223], [115.58790344833731, 40.29660027442334], [115.58790719888746, 40.296420142465635], [115.58767194723326, 40.29641727044712], [115.58767569837394, 40.29623713850169], [115.5875580728717, 40.29623570232219], [115.58756182429067, 40.29605557037992], [115.58744419910904, 40.29605413409001], [115.58744795080635, 40.29587400215091], [115.58733032594535, 40.29587256575055], [115.58733407792097, 40.29569243381463], [115.58721645338056, 40.29569099730383], [115.58721832951178, 40.29560093133819], [115.58710070513588, 40.2955994947124], [115.58710445768506, 40.2954193627858], [115.5869868336298, 40.29541792604956], [115.58699246285833, 40.29514772816221], [115.58687483927972, 40.29514629132008], [115.58687859236859, 40.294966159396886], [115.58664334586106, 40.29496328537221], [115.58664522270493, 40.2948732194175], [115.5867628457984, 40.29487465648505], [115.58676659914862, 40.29469452456209], [115.5866489763673, 40.294693087503624], [115.58665648359046, 40.29433282365815], [115.58677410574752, 40.29433426069841], [115.58677785899619, 40.29415412875769], [115.58689548084959, 40.29415556566932], [115.58690111019095, 40.2938853677335], [115.58701873158459, 40.29388680451195], [115.58702248412443, 40.293706672538256], [115.5872577263129, 40.293709545718364], [115.58726147819463, 40.293529413720556], [115.58737909898944, 40.29353085012221], [115.58738660202718, 40.29317058609065], [115.5875042222062, 40.293172022354604], [115.58750609778843, 40.29308195633846], [115.5876237178199, 40.29308339247834], [115.5876255932376, 40.292993326456184], [115.58774321312146, 40.29299476247197], [115.58774508837466, 40.292904696443784], [115.58786270811092, 40.2929061323355], [115.58786458319962, 40.2928160663013], [115.58798220278827, 40.29281750206895], [115.5879934522066, 40.292277105805354], [115.58787583355425, 40.292275670064974], [115.5878833336216, 40.291915405877845], [115.58800095164973, 40.29191684160004], [115.58800470132061, 40.29173670948851], [115.58823993677808, 40.291739580556154], [115.58823806225897, 40.29182964662175], [115.58894376977052, 40.29183825698339], [115.58894564335338, 40.291748190890544], [115.58882802556971, 40.29174675613361], [115.58882989930012, 40.291656690043816], [115.58918275220836, 40.2916609939424], [115.5891846254622, 40.291570927837505], [115.58930224295914, 40.29157236222678], [115.58930598912941, 40.29139223000347], [115.58918837194457, 40.291390795623265], [115.58919024517307, 40.29130072951394], [115.58907262815273, 40.291299295018774], [115.5890763748965, 40.29111916280475], [115.58895875819667, 40.29111772819915], [115.58896063171191, 40.291027662094464], [115.58849016562127, 40.291021922495], [115.58848641733402, 40.291202054666556], [115.58825118371522, 40.29119918413154], [115.58825305817517, 40.29110911805559], [115.5879002082785, 40.29110481137029], [115.5879020831981, 40.29101474530649], [115.58766685028803, 40.29101187359446], [115.58766872551126, 40.29092180753828], [115.58778634180602, 40.29092324344952], [115.58778821686477, 40.29083317738732], [115.58767060072603, 40.29083174148062], [115.58767247593234, 40.290741675421486], [115.5875548599581, 40.29074023939984], [115.58755673531199, 40.29065017334377], [115.58790958279201, 40.29065448103654], [115.58791145766935, 40.29056441496536], [115.58802907335688, 40.29056585061938], [115.58802719863559, 40.2906559166951], [115.5882624303481, 40.290658787653676], [115.58826805355042, 40.29038858939477], [115.58815043815805, 40.29038715398888], [115.58815418722939, 40.29020702181798], [115.58803657215755, 40.290205586301674], [115.58803844683658, 40.290115520218535], [115.58792083192922, 40.29011408458725], [115.58792270675583, 40.2900240185072], [115.58768747727851, 40.290021146895164], [115.58768935240872, 40.28993108082272], [115.58757173783879, 40.28992964484197], [115.58757361311658, 40.28983957877261], [115.58722076992557, 40.289835270126936], [115.587222645663, 40.289745204069725], [115.58734025989551, 40.28974664039991], [115.58734776213653, 40.28938637613806], [115.58746537575338, 40.289387812330546], [115.58746912651112, 40.28920768018167], [115.58770435314611, 40.28921055218992], [115.5877081032459, 40.28903042001692], [115.58782571626404, 40.28903185583268], [115.58782946601798, 40.2888517236447], [115.5879470787325, 40.28885315933185], [115.58794895344077, 40.28876309323109], [115.58783134088226, 40.28876165754847], [115.5878369654244, 40.28849145925094], [115.58795457751485, 40.28849289491992], [115.5879564521893, 40.28840282881324], [115.58772122832887, 40.28839995736486], [115.58772310330693, 40.2883098912658], [115.58748787979233, 40.28830701934848], [115.58749350561183, 40.28803682106968], [115.58737589433527, 40.2880353849454], [115.58737401891455, 40.28812545103526], [115.58725640749043, 40.28812401478692], [115.58725265631159, 40.288304146953124], [115.58737026804772, 40.28830558321056], [115.58736839260165, 40.288395649295985], [115.58725078070948, 40.288394213034], [115.58724890509892, 40.288484279113405], [115.5871312930592, 40.288482842727376], [115.58713316882577, 40.288392776652515], [115.58701555695053, 40.28839134015153], [115.58700992915736, 40.288661538358], [115.5868923168225, 40.288660101723856], [115.5868904407185, 40.288750167785174], [115.58700805320937, 40.28875160442387], [115.58700617725293, 40.28884167048827], [115.58712378990829, 40.288843107012], [115.58712566570871, 40.288753040943064], [115.58736089073274, 40.2887559136229], [115.58735901524435, 40.288845979700945], [115.58724140257209, 40.28884454341622], [115.58723952691925, 40.28893460948822], [115.58735713974754, 40.28893604577748], [115.58735526424225, 40.28902611185256], [115.58723765125794, 40.28902467555875], [115.58723577558817, 40.2891147416278], [115.58711816245628, 40.28911330520993], [115.58711628662205, 40.289203371272954], [115.5869986733426, 40.28920193473103], [115.58699679734389, 40.289292000788016], [115.58687918391686, 40.289290564122034], [115.58687543158197, 40.28947069622249], [115.58664020412922, 40.289467822513785], [115.58663645113641, 40.28964795459011], [115.58651883711065, 40.28964651754739], [115.58651696044554, 40.2897365835788], [115.58639934627223, 40.28973514641201], [115.5863974694426, 40.289825212437385], [115.58627985512172, 40.28982377514654], [115.58627610112502, 40.290003907183745], [115.58615848650055, 40.29000246976428], [115.58615473215794, 40.29018260178647], [115.58603711722986, 40.29018116423838], [115.58603523988984, 40.290271230242716], [115.58615285497392, 40.29027266779534], [115.58614722337111, 40.290542865813094], [115.58602960781892, 40.290541428246804], [115.58602773044502, 40.29063149424522], [115.58591011474525, 40.29063005655487], [115.58590823720685, 40.290720122547235], [115.58543777386832, 40.29071437057243], [115.5854358956973, 40.290804436545116], [115.58520066376678, 40.2908015598315], [115.58519878527521, 40.2908916257936], [115.58508116916663, 40.290890187252955], [115.58507929051056, 40.29098025320902], [115.58484405800671, 40.29097737576007], [115.58484217903009, 40.29106744170556], [115.58472456263485, 40.291066002797244], [115.58472268349372, 40.2911560687367], [115.58436983389069, 40.29115175128099], [115.58436795427296, 40.29124181720528], [115.58448557095487, 40.29124325648126], [115.58448369148472, 40.29133332240862], [115.5842484578173, 40.29133044372804], [115.58424657802658, 40.29142050964482], [115.58412896104956, 40.29141907012068], [115.58412708109432, 40.29150913603143], [115.5842446982274, 40.29151057556012], [115.58424281841974, 40.291600641473934], [115.58400758384997, 40.29159776228792], [115.58400570372174, 40.29168782819115], [115.58388808629353, 40.291686388414305], [115.58388432569956, 40.291866520207186], [115.5836490902444, 40.291863640276695], [115.5836472096226, 40.29195370616181], [115.58317673818988, 40.291947944848324], [115.58317861943586, 40.291857878981446], [115.58341385482315, 40.29186075986812], [115.58341573574856, 40.29177069399065], [115.58329811820671, 40.29176925361163], [115.58329999927967, 40.291679187737245], [115.5830647645335, 40.291676306629775], [115.58306664591007, 40.29158624076304], [115.58318426312287, 40.291587681371965], [115.58318802553845, 40.29140754962491], [115.58330564244767, 40.291408990105204], [115.58330940451727, 40.29122885834311], [115.58342702112286, 40.291230298694764], [115.5834289019889, 40.29114023280694], [115.58354651844694, 40.29114167303452], [115.58355027984149, 40.290961541245295], [115.58366789599593, 40.29096298134424], [115.58366977652445, 40.290872915442854], [115.58378739253133, 40.290874355417714], [115.58378927289534, 40.29078428951029], [115.5840245046225, 40.29078716909234], [115.58402638466596, 40.29069710317432], [115.5841440003862, 40.290698542781506], [115.58414963999758, 40.29042834500489], [115.5842672552582, 40.2904297844789], [115.58426913495569, 40.29033971854585], [115.58438675006876, 40.290341157895774], [115.58439614764885, 40.28989082818555], [115.58427853331592, 40.28988938885841], [115.58428229260068, 40.28970925697308], [115.58439990662154, 40.28971069629112], [115.58440178609519, 40.289620630341666], [115.58428417223035, 40.289619191028194], [115.58429169066427, 40.28925892723386], [115.58405646420823, 40.28925604828485], [115.58405458430042, 40.28934611422653], [115.58381935756626, 40.28934323479035], [115.58381747733789, 40.28943330072145], [115.58369986382752, 40.28943186081953], [115.58369798343466, 40.28952192674458], [115.58334514248627, 40.28951760630808], [115.58334326161686, 40.289607672217976], [115.58310803404828, 40.28960479132029], [115.58310427165992, 40.28978492311742], [115.58298665757631, 40.28978348248018], [115.58298477621335, 40.28987354837195], [115.5828671619822, 40.28987210761064], [115.58286528045477, 40.28996217349638], [115.58263005170582, 40.28995929160611], [115.58262816985783, 40.29004935748123], [115.58251055534005, 40.290047916352265], [115.58250867332755, 40.29013798222135], [115.58239105866225, 40.29013654096831], [115.58238917648521, 40.290226606831354], [115.58227156167236, 40.29022516545423], [115.5822696793308, 40.29031523131122], [115.5821520643704, 40.290313789810014], [115.58215018186436, 40.29040385566097], [115.5820325667564, 40.29040241403569], [115.58203068408584, 40.290492479880605], [115.58226591462227, 40.29049536302079], [115.58226026749578, 40.290765560574044], [115.58214265175523, 40.29076411905002], [115.58214076920672, 40.29085418489358], [115.5820231533186, 40.290852743245466], [115.58202127060558, 40.29094280908298], [115.58190365456991, 40.2909413673108], [115.5818998888063, 40.29112149897227], [115.5816646561363, 40.29111861505107], [115.58166277292969, 40.29120868087045], [115.58142753998155, 40.29120579646205], [115.58142942350025, 40.2911157306518], [115.5810765746099, 40.29111140315651], [115.58107469062308, 40.29120146895306], [115.58095707418725, 40.29120002621104], [115.5809551900359, 40.291290092001525], [115.58083757345253, 40.2912886491354], [115.58083380481229, 40.29146878070283], [115.58071618792533, 40.29146733770806], [115.580712418939, 40.29164746926043], [115.58094765334559, 40.29165035514875], [115.58094576915177, 40.291740420931845], [115.58106338652385, 40.29174186370128], [115.58106527056164, 40.291651797913616], [115.5813005050192, 40.2916546830848], [115.58130238873639, 40.29156461728652], [115.58142000582187, 40.291566059688265], [115.5814237729187, 40.29138592807812], [115.58165900649098, 40.291388812504785], [115.58166088971458, 40.29129874668835], [115.58177850635741, 40.291300188717834], [115.58176909093471, 40.291750517808], [115.58165147351167, 40.29174907575569], [115.58164959024563, 40.29183914156471], [115.58153197267502, 40.2918376993883], [115.58153008924444, 40.291927765191296], [115.58117723611548, 40.29192343793126], [115.58117535220826, 40.292013503719055], [115.58105773435956, 40.29201206105543], [115.5810596184228, 40.29192199527219], [115.58094200073864, 40.29192055249362], [115.58094011651933, 40.292010618272286], [115.58070488086442, 40.29200773234743], [115.58070299632452, 40.29209779811548], [115.58058537835376, 40.29209635496919], [115.58058349364931, 40.2921864207312], [115.58070111177612, 40.29218786388205], [115.58069922721924, 40.29227792964713], [115.5808168455106, 40.292279372683026], [115.58081496110124, 40.29236943845121], [115.58069734265385, 40.29236799541074], [115.58069545807996, 40.29245806117288], [115.58057783948499, 40.292456618008316], [115.58057595474658, 40.2925466837644], [115.58034071727008, 40.292543797067566], [115.58033883221104, 40.292633862813034], [115.57998597559187, 40.29262953185765], [115.57998786111906, 40.29253946612591], [115.57987024241906, 40.292538022239626], [115.57986835673582, 40.29262808796681], [115.57963311904925, 40.29262519982654], [115.57963500504455, 40.2925351341085], [115.57904691175717, 40.29252791168904], [115.57904502498161, 40.2926179773842], [115.5788097874141, 40.29261508757059], [115.57881167450178, 40.29252502188457], [115.57704739617151, 40.292503333111824], [115.57704550674313, 40.292593398729174], [115.57633979501136, 40.292584715662585], [115.57633790463815, 40.29267478125097], [115.57598504841917, 40.29267043809035], [115.57598315756931, 40.2927605036635], [115.57574791982053, 40.2927576076163], [115.57574602865002, 40.292847673178805], [115.57539317162266, 40.292843328197804], [115.57539127997548, 40.29293339374508], [115.57503842255673, 40.292929047674605], [115.57503653043288, 40.293019113206626], [115.57444843412534, 40.293011867342386], [115.57444654121271, 40.29310193285], [115.57374082498906, 40.29309323384102], [115.57373893113156, 40.29318329931961], [115.57326845319572, 40.293177497571406], [115.57326655870547, 40.293267563030156], [115.57138464583245, 40.293244336839706], [115.57138654281954, 40.2931542714545], [115.57091606556753, 40.293148460144245], [115.57091796317025, 40.293058394775954], [115.57044748667937, 40.2930525815717], [115.57044938489773, 40.29296251622035], [115.569978909168, 40.292956701122094], [115.56997701032543, 40.29304676645504], [115.56985939125833, 40.29304531237707], [115.56985749225117, 40.293135377703926], [115.56973987303658, 40.29313392350183], [115.56973797386479, 40.29322398882262], [115.56962035450275, 40.29322253449638], [115.56961845516634, 40.29331259981109], [115.5693832161558, 40.293309690790835], [115.56938131649873, 40.29339975609483], [115.56914607721038, 40.293396846587264], [115.56914417723263, 40.29348691188058], [115.56879131789617, 40.29348254670896], [115.5687894174417, 40.29357261198697], [115.56855417761481, 40.293569701265696], [115.56855227683964, 40.29365976653302], [115.56831703673492, 40.293656855324436], [115.5683151356391, 40.29374692058106], [115.56807989525655, 40.29374400888514], [115.5680817966645, 40.29365394363774], [115.56819941669542, 40.293655399540846], [115.56820131793876, 40.293565334287365], [115.5683189378222, 40.29356679006633], [115.56832083890087, 40.293476724806744], [115.56843845863685, 40.29347818046159], [115.56844035955092, 40.29338811519592], [115.56855797913938, 40.293389570726625], [115.56855987988884, 40.29329950545487], [115.56867749932984, 40.29330096086144], [115.56867939991466, 40.293210895583584], [115.56879701920818, 40.29321235086603], [115.56879891962838, 40.29312228558208], [115.56891653877442, 40.29312374074039], [115.56891843903001, 40.29303367545037], [115.56903605802854, 40.29303513048453], [115.56905125851635, 40.292314608074186], [115.56893364076616, 40.292313153076854], [115.56893554094464, 40.29222308777351], [115.56881792335906, 40.29222163266127], [115.56881982368499, 40.292131567361025], [115.56858458885165, 40.292128656787206], [115.5685864894811, 40.292038591494716], [115.5679984033279, 40.2920313129916], [115.56800030472901, 40.291941247720665], [115.56788268768013, 40.29193979166609], [115.56788458922868, 40.29184972639829], [115.56800220612152, 40.291851182448255], [115.56800600888084, 40.29167105189899], [115.56812362547016, 40.2916725078202], [115.56812552668093, 40.29158244253875], [115.56824314312279, 40.29158389833585], [115.56824694520652, 40.291403767759256], [115.56836456134488, 40.29140522342762], [115.56836836308224, 40.291225092835894], [115.5684859789171, 40.29122654837552], [115.56848787961688, 40.291136483072826], [115.56872311100027, 40.29113939378431], [115.5687250113794, 40.29104932847093], [115.56907785805063, 40.29105369362797], [115.5690797579531, 40.29096362829928], [115.56919737337127, 40.290965083108], [115.56919927310913, 40.29087501777321], [115.56931688837987, 40.2908764724578], [115.56932068751786, 40.29069634177459], [115.56943830248505, 40.290697796330456], [115.56945349744622, 40.289977273501535], [115.56957111117376, 40.289978727901044], [115.5695768086748, 40.28970853180195], [115.56945919541532, 40.28970707741625], [115.5694990790411, 40.287815704446146], [115.56961668902422, 40.28781715873515], [115.56962428485312, 40.28745689712457], [115.56974189422077, 40.28745835127565], [115.56974948928865, 40.287098089622965], [115.56986709804085, 40.28709954363613], [115.56987279378387, 40.28682934736727], [115.56999040207661, 40.28683080124713], [115.56999799565676, 40.286470539516166], [115.57011560333409, 40.28647199325811], [115.5701250943367, 40.28602166603807], [115.57000748743938, 40.28602021231913], [115.57001128409252, 40.28584008142997], [115.56989367751572, 40.28583862760073], [115.5698974744466, 40.28565849671484], [115.56977986819037, 40.28565704277533], [115.56978176679897, 40.28556697733477], [115.56966416070728, 40.28556552328037], [115.56966795821077, 40.285385392404], [115.56955035243965, 40.28538393823932], [115.56955225133453, 40.285293872803514], [115.56943464572792, 40.285292418523944], [115.56943654477026, 40.285202353091265], [115.56920133389477, 40.28519944418286], [115.56920323324047, 40.2851093787579], [115.56896802271122, 40.285106469380736], [115.56896992236035, 40.28501640396352], [115.56885231726456, 40.28501494910031], [115.56885421706112, 40.284924883686216], [115.56873661212985, 40.284923428708105], [115.56873851207384, 40.284833363297146], [115.56862090730716, 40.284831908204154], [115.56862280739854, 40.28474184279632], [115.56850520279642, 40.28474038758845], [115.56850710303523, 40.28465032218375], [115.56838949859765, 40.284648866861], [115.56839139898388, 40.28455880145941], [115.56815619044637, 40.28455589046465], [115.568158091136, 40.28446582507081], [115.5680404870361, 40.28446436939881], [115.56804238787312, 40.284374304008104], [115.56780718001096, 40.28437139231485], [115.5678090811514, 40.28428132693186], [115.56769147738916, 40.28427987091062], [115.56769337867702, 40.284189805530765], [115.56757577507933, 40.28418834939464], [115.56757767651456, 40.28409828401792], [115.56746007308146, 40.28409682776692], [115.5674638762382, 40.28391669701825], [115.56734627312558, 40.283915240656995], [115.56735007655996, 40.28373510991161], [115.5672324737679, 40.28373365344009], [115.5672343756282, 40.28364358806979], [115.56688156777139, 40.283639217952135], [115.56687966544314, 40.28372928330859], [115.56652685719561, 40.28372491210173], [115.56652495439086, 40.28381497744288], [115.56605454289031, 40.28380914747581], [115.56605644631898, 40.28371908215313], [115.56558603557966, 40.283713250292756], [115.56558793962363, 40.28362318498707], [115.56523513212721, 40.28361880985105], [115.56523703663053, 40.28352874455774], [115.56511943430486, 40.283527285944714], [115.56512324359768, 40.283347155362854], [115.56500564159256, 40.283345696639586], [115.56500945116298, 40.28316556606105], [115.56512705285614, 40.283167024775075], [115.56513086208025, 40.28298689418137], [115.56524846347007, 40.28298835276668], [115.56525227234789, 40.282808222157804], [115.56536987343435, 40.282809680614406], [115.56537177770443, 40.28271961530312], [115.56548937864349, 40.28272107363563], [115.56549509093426, 40.28245087767907], [115.56537749046309, 40.28244941936042], [115.56537939469881, 40.28235935404322], [115.5651441940941, 40.28235643705674], [115.56514609863318, 40.28226637174729], [115.56502849849969, 40.28226491307943], [115.5650304031861, 40.282174847773135], [115.56491280321717, 40.28217338899043], [115.56492232730034, 40.281723062459776], [115.56503992648946, 40.28172452121938], [115.56504183112438, 40.28163445590419], [115.56515943016613, 40.28163591453971], [115.5651613346365, 40.28154584921842], [115.56598452707753, 40.281556056289396], [115.56598262369889, 40.281646121643014], [115.56657061933689, 40.281653408846786], [115.56656871672945, 40.28174347422199], [115.56703911401812, 40.28174930185288], [115.56703721202595, 40.28183936724506], [115.56727241103366, 40.281842280352876], [115.56727050934485, 40.28193234575278], [115.56750570869877, 40.28193525839191], [115.56750380731332, 40.282025323799566], [115.56762140715911, 40.28202677994453], [115.56761950592103, 40.28211684535532], [115.56773710593134, 40.2821183013854], [115.56773520484069, 40.28220836679932], [115.56797040519898, 40.282211278510275], [115.56797230597772, 40.28212121308715], [115.56820750605836, 40.28212412431097], [115.56820940651662, 40.28203405887713], [115.56832700641382, 40.282035514305214], [115.56832890670756, 40.2819454488653], [115.56856410621575, 40.28194835935382], [115.56856600618897, 40.281858293903205], [115.56868360579996, 40.28185974896365], [115.56868550560866, 40.28176968350693], [115.5689207045444, 40.28177259326016], [115.56892260403262, 40.281682527792775], [115.56927540203259, 40.28168689151272], [115.56927730104437, 40.281596826030025], [115.5697476978737, 40.2816026426322], [115.56974959625305, 40.281512577129604], [115.57010239349704, 40.28151693831291], [115.57010429139997, 40.28142687279503], [115.57033948929349, 40.28142977964399], [115.57034138687594, 40.281339714115425], [115.57057658449177, 40.281342620477275], [115.57057848175374, 40.281252554938035], [115.57069608041853, 40.281254007935146], [115.57069797751599, 40.28116394238981], [115.5708155760334, 40.28116539526284], [115.57081747296633, 40.281075329711435], [115.57105266971485, 40.28107823508988], [115.57105456632733, 40.28098816952778], [115.57117216455848, 40.280989622033196], [115.57117406100645, 40.28089955646503], [115.57129165909016, 40.28090100884637], [115.57129355537366, 40.28081094327212], [115.57141115330995, 40.280812395529395], [115.57141304942893, 40.28072232994907], [115.57153064721784, 40.28072378208226], [115.57153254317232, 40.280633716495856], [115.57165014081382, 40.28063516850497], [115.5716520366038, 40.28054510291249], [115.57176963409789, 40.280546554797546], [115.57177152972336, 40.28045648919899], [115.57188912707005, 40.28045794095997], [115.57189102253103, 40.28036787535534], [115.5720086197303, 40.28036932699226], [115.57201051502678, 40.280279261381544], [115.5722457091391, 40.28028216428777], [115.57224760411513, 40.280192098666376], [115.57236520102815, 40.280193549935696], [115.57236709583967, 40.28010348430823], [115.57260228937946, 40.28010638647925], [115.57260418387054, 40.28001632084112], [115.57283937713258, 40.28001922252508], [115.57284127130322, 40.279929156876264], [115.57295886779112, 40.27993060753445], [115.57296076179729, 40.27984054187959], [115.57307835813775, 40.279841992413694], [115.57308025197942, 40.279751926752745], [115.57331544437412, 40.27975482745338], [115.57331923140805, 40.27957469610868], [115.5734368273063, 40.2795761462706], [115.57343872065452, 40.27948608059144], [115.57355631640537, 40.27948753062931], [115.5735582095891, 40.27939746494408], [115.57367580519252, 40.27939891485789], [115.5736776982118, 40.27930884916659], [115.57379529366781, 40.27931029895633], [115.5737971865226, 40.27922023325895], [115.57403237714837, 40.279223132470875], [115.57403426968273, 40.27913306676283], [115.57426946003075, 40.27913596548771], [115.57427135224468, 40.279045899769024], [115.57450654231495, 40.27904879800684], [115.57450843420845, 40.278958732277495], [115.57474362400094, 40.27896163002828], [115.57474551557407, 40.27887156428827], [115.5749807050888, 40.278874461552014], [115.5749825963415, 40.27878439580135], [115.57533538020972, 40.27878874078722], [115.57533727098608, 40.27869867502132], [115.57569005446322, 40.278703018918236], [115.57569194476324, 40.278612953137106], [115.57604472784925, 40.2786172959451], [115.57604661767293, 40.27852723014872], [115.57616421189604, 40.278528677507886], [115.57616610155526, 40.27843861170545], [115.57628369563095, 40.27844005894055], [115.5762855851257, 40.27834999313205], [115.576403179054, 40.278351440243114], [115.57640506838429, 40.27826137442857], [115.57652266216515, 40.27826282141557], [115.57652455133099, 40.278172755594966], [115.57664214496444, 40.27817420245793], [115.57664592295873, 40.27799407080311], [115.57676351628882, 40.27799551753745], [115.57676729393715, 40.277815385867534], [115.57688488696388, 40.27781683247325], [115.57688866426629, 40.27763670078828], [115.57700625698969, 40.27763814726537], [115.57701192241167, 40.27736794971305], [115.57712951467576, 40.27736939605694], [115.57713517955331, 40.27709919847757], [115.57725277135816, 40.277100644688275], [115.57725843569132, 40.27683044708184], [115.57737602703686, 40.27683189315933], [115.57737791497497, 40.27674182728299], [115.57749550617315, 40.276743273236455], [115.57750116946858, 40.27647307558479], [115.57761876020749, 40.27647452140507], [115.57763574823099, 40.275663928328996], [115.57751815889534, 40.275662482549926], [115.5775275971679, 40.27521215303431], [115.57741000862035, 40.27521070715868], [115.57743643683425, 40.27394978438223], [115.57731885047795, 40.273948338451255], [115.5773245139173, 40.273678140689434], [115.57720692803721, 40.27367669465275], [115.57721447979414, 40.273316430967924], [115.57709689454614, 40.2733149848301], [115.57710067068534, 40.273134852987965], [115.57698308575765, 40.27313340673986], [115.57698686217459, 40.27295327490096], [115.57686927756721, 40.272951828542574], [115.57687116591877, 40.27286176262549], [115.57675358147583, 40.27286031615224], [115.5767554699748, 40.27277025023826], [115.57652030142617, 40.27276735694259], [115.57652219022842, 40.272677291036274], [115.57640460612278, 40.272675844213865], [115.57640649507239, 40.272585778310656], [115.57628891113114, 40.27258433137339], [115.57629080022814, 40.2724942654733], [115.57617321645132, 40.27249281842116], [115.57617510569571, 40.272402752524165], [115.57605752208329, 40.27240130535717], [115.57605941147503, 40.272311239463264], [115.57594182802703, 40.272309792181424], [115.57594371756613, 40.272219726290636], [115.57582613428254, 40.27221827889393], [115.57582991364696, 40.27203814711708], [115.57571233068367, 40.2720366996101], [115.5757161103258, 40.27185656783648], [115.57559852768281, 40.27185512021924], [115.57560041764697, 40.2717650543348], [115.57548283516837, 40.27176360660272], [115.57548472527992, 40.271673540721366], [115.57536714296572, 40.27167209287441], [115.5753690332246, 40.27158202699618], [115.57513386893358, 40.27157913095315], [115.57513575949571, 40.271489065082605], [115.57501817751886, 40.27148761688653], [115.57502006822835, 40.27139755101909], [115.5749024864159, 40.27139610270815], [115.57490437727276, 40.27130603684381], [115.57455163235421, 40.27130169120817], [115.57455352367019, 40.271211625356116], [115.57443594220362, 40.271210176576616], [115.57443783366695, 40.27112011072767], [115.57432025236477, 40.27111866183334], [115.57432403557762, 40.27093853014017], [115.57420645459571, 40.27093708113557], [115.57422158835296, 40.27021655434046], [115.57433916808783, 40.270218003308344], [115.5743429511301, 40.270037871585586], [115.57446053056178, 40.27003932042487], [115.57446431325818, 40.269859188687015], [115.57458189238663, 40.2698606373977], [115.5745837835662, 40.26977057152197], [115.5747013625473, 40.26977202010864], [115.57470514456908, 40.269591888343555], [115.57482272324698, 40.26959333680163], [115.57482650492291, 40.26941320502144], [115.5749440832976, 40.26941465335092], [115.57494786462772, 40.269234521555646], [115.57506544269921, 40.269235969756515], [115.57506922368349, 40.269055837946155], [115.57518680145175, 40.26905728601844], [115.57518869177524, 40.268967220106454], [115.5753062693962, 40.26896866805472], [115.57530815955528, 40.26887860213667], [115.57542573702888, 40.268880049960934], [115.57542951700981, 40.268699918111224], [115.57554709418021, 40.268701365806876], [115.57554898400201, 40.26861129987522], [115.57566656102506, 40.26861274744688], [115.57567034033143, 40.26843261556996], [115.57578791705126, 40.26843406301302], [115.57579358547935, 40.26816386517278], [115.57591116174014, 40.26816531248268], [115.57592249743116, 40.26762491673476], [115.57604007276532, 40.26762636389774], [115.57606651933672, 40.26636544021457], [115.57594894618443, 40.26636399311574], [115.57595461355723, 40.26609379515964], [115.57583704088098, 40.266092347955144], [115.57583893014404, 40.2660022819714], [115.57572135763215, 40.26600083465207], [115.57572324704253, 40.265910768671425], [115.57513538539006, 40.26590353030654], [115.57513349520046, 40.265993596264266], [115.57489835028743, 40.26599070007325], [115.57489645977763, 40.266080766020316], [115.57466131458703, 40.26607786934248], [115.57465942375701, 40.2661679352789], [115.57454185101865, 40.266166486756276], [115.5745399600243, 40.266256552686635], [115.57430481426144, 40.266253655273985], [115.57430292294687, 40.26634372119368], [115.57406777690647, 40.2663408232942], [115.57406588527168, 40.26643088920324], [115.57347801954069, 40.266423642341856], [115.57347612711816, 40.266513708226476], [115.57300583406355, 40.26650790856956], [115.57300394100912, 40.26659797443432], [115.57265122084024, 40.266593623424015], [115.57264932730975, 40.26668368927352], [115.57229660675017, 40.26667933717469], [115.57229471274357, 40.26676940300896], [115.57182441816035, 40.266763598520356], [115.57182252352183, 40.26685366433474], [115.57146980220655, 40.266849309700646], [115.5714716973126, 40.26675924390005], [115.57123655012346, 40.26675634022277], [115.5712403409333, 40.266576208635506], [115.57112276766325, 40.26657475662694], [115.57112845428146, 40.26630455924876], [115.57101088148748, 40.26630310713457], [115.57102794228314, 40.26549251496144], [115.57114551367458, 40.265493967034246], [115.57115119998514, 40.26522376960276], [115.57126877091761, 40.26522522154237], [115.57127445668377, 40.264955024083775], [115.5713920271573, 40.26495647589017], [115.57139392223976, 40.26486641006307], [115.571511492566, 40.264867861745465], [115.57151338748409, 40.26477779591231], [115.57163095766302, 40.2647792474707], [115.57163285241674, 40.26468918163146], [115.57186799248862, 40.26469208438083], [115.57186988692213, 40.26460201853093], [115.57316315621381, 40.26461797506444], [115.57316504892468, 40.2645279091625], [115.57328261875566, 40.26452935903545], [115.57328451130215, 40.264439293127445], [115.57340208098586, 40.26444074287638], [115.573403973368, 40.264350676962316], [115.57352154290439, 40.26435212658725], [115.5735234351222, 40.26426206066712], [115.57364100451127, 40.264263510168064], [115.57364478860963, 40.26408337831417], [115.57376235769559, 40.26408482768653], [115.57376424957616, 40.26399476175278], [115.57388181851482, 40.26399621100115], [115.57388371023102, 40.26390614506131], [115.57400127902241, 40.263907594185675], [115.57400317057426, 40.2638175282398], [115.57412073921836, 40.26381897724018], [115.5741245219848, 40.263638845334775], [115.57424209032578, 40.26364029420658], [115.5742458727465, 40.26346016228608], [115.57436344078435, 40.2634616110293], [115.5743653318261, 40.26337154506225], [115.57448289971666, 40.263372993681486], [115.57448668146294, 40.263192861733756], [115.57460424905038, 40.26319431022443], [115.57460803045092, 40.26301417826159], [115.57472559773527, 40.263015626623684], [115.57472748826694, 40.26292556063547], [115.574845055404, 40.262927008873575], [115.57484694577131, 40.2628369428793], [115.57496451276108, 40.26283839099342], [115.57496829315853, 40.262658258991245], [115.57508585984519, 40.26265970697679], [115.57508774987531, 40.2625696409689], [115.57520531641467, 40.26257108883046], [115.57520720628047, 40.262481022816516], [115.57532477267253, 40.2624824705541], [115.575326662374, 40.262392404534076], [115.57544422861876, 40.262393852147675], [115.5754461181559, 40.2623037861216], [115.57556368425338, 40.26230523361123], [115.57556557362619, 40.262215167579065], [115.57568313957637, 40.26221661494472], [115.57568502878486, 40.26212654890651], [115.57580259458773, 40.26212799614817], [115.5758044836319, 40.26203793010388], [115.5760396149516, 40.26204082421988], [115.57604150367563, 40.26195075816496], [115.57615906919243, 40.26195220503927], [115.57616095775212, 40.261862138978294], [115.57627852312166, 40.261863585728626], [115.57628041151702, 40.26177351966159], [115.57639797673924, 40.26177496628796], [115.57639986497028, 40.261684900214846], [115.57663499512867, 40.26168779310022], [115.5766368830396, 40.26159772701648], [115.57722470780546, 40.26160495711764], [115.57722659492885, 40.261514891009526], [115.57793198399378, 40.261523563163465], [115.57793009780524, 40.26161362929904], [115.5795760089949, 40.261633847673785], [115.57957412497916, 40.26172391387191], [115.58051464765302, 40.261735456758736], [115.58051276487524, 40.26182552299194], [115.58192355177418, 40.26184282304957], [115.58192543268227, 40.26175275676159], [115.5820429981565, 40.26175419765242], [115.58205616318484, 40.26112373356322], [115.58193859880124, 40.26112229270433], [115.5819423604732, 40.26094216010323], [115.58205992454519, 40.260943600953], [115.58206932779774, 40.260493269401536], [115.58218689109918, 40.260494710109114], [115.58219065202925, 40.260314577469046], [115.58230821502761, 40.26031601804811], [115.58231197561216, 40.26013588539301], [115.58242953830738, 40.26013732584355], [115.58243141843116, 40.26004725950922], [115.58254898097906, 40.260048699835814], [115.58255274088958, 40.25986856715358], [115.58267030313438, 40.259870007351665], [115.5826740626994, 40.25968987465441], [115.58279162464108, 40.25969131472399], [115.58279538386063, 40.2595111820117], [115.58291294549919, 40.259512621952766], [115.58291482494047, 40.25942255558983], [115.58303238643171, 40.259423995406955], [115.58303426570873, 40.259333929038], [115.58315182705263, 40.25933536873118], [115.58315370616539, 40.25924530235618], [115.583271267362, 40.25924674192541], [115.58327314631047, 40.25915667554436], [115.58350826841753, 40.25915955431556], [115.58351014704597, 40.25906948792393], [115.58362770795641, 40.25907092712589], [115.58362958642059, 40.25898086072822], [115.58374714718373, 40.25898229980624], [115.58374902548366, 40.258892233402534], [115.58398414672371, 40.25889511119132], [115.58398602470359, 40.25880504477701], [115.58410358518054, 40.258806483487774], [115.58410546299618, 40.25871641706745], [115.5842230233258, 40.258717855654254], [115.58422490097718, 40.25862778922788], [115.58446002135027, 40.25863066603427], [115.5844618986816, 40.25854059959731], [115.58457945872505, 40.25854203781688], [115.58458133589212, 40.25845197137388], [115.58469889578828, 40.2584534094695], [115.58470264978551, 40.25827327656999], [115.58482020937852, 40.25827471453712], [115.58482208620867, 40.25818464808059], [115.58493964565439, 40.258186085923796], [115.58494152232029, 40.258096019461235], [115.58505908161867, 40.2580974571805], [115.58506095812031, 40.25800739071189], [115.58517851727137, 40.25800882830723], [115.58518226993776, 40.25782869535649], [115.58529982878574, 40.25783013282335], [115.58530170495044, 40.2577400663412], [115.58541926365108, 40.25774150368412], [115.5854230156436, 40.257561370706306], [115.58554057404115, 40.257562807920735], [115.58554432568826, 40.257382674927904], [115.58566188378272, 40.25738411201387], [115.58566375943782, 40.25729404551068], [115.58578131738496, 40.257295482472706], [115.58578319287584, 40.25720541596349], [115.5860183084839, 40.25720828952033], [115.58602018365477, 40.257118223000525], [115.58637285666293, 40.257122532426806], [115.58637473135803, 40.25703246589189], [115.58672740397495, 40.25703677423013], [115.58672927819427, 40.25694670768008], [115.58684683559437, 40.25694814354952], [115.58684870964947, 40.25685807699345], [115.58696626690225, 40.25685951273899], [115.58696814079313, 40.2567694461769], [115.58708569789856, 40.256770881798495], [115.58708757162523, 40.25668081523037], [115.58732268554995, 40.25668368610636], [115.58732455895662, 40.25659361952768], [115.58744211577587, 40.25659505478206], [115.58745335510399, 40.25605465525161], [115.58757091099706, 40.25605609035936], [115.58757465706067, 40.25587595716162], [115.58769221265067, 40.25587739214091], [115.58769408551404, 40.25578732553527], [115.5880467518674, 40.25579162974326], [115.58804862425505, 40.255701563122535], [115.58816617956728, 40.25570299761524], [115.58817366841039, 40.25534273109933], [115.58829122310802, 40.25534416545451], [115.58829683918445, 40.25507396553842], [115.5881792849541, 40.25507253119688], [115.5881867735609, 40.25471226463957], [115.58806921996204, 40.254710830196835], [115.58807670905679, 40.25435056363402], [115.58795915608937, 40.254349129090095], [115.58799098588331, 40.25281799601153], [115.58810853620304, 40.25281943047823], [115.58811602458883, 40.252459163791244], [115.58823357429405, 40.252460598120436], [115.58823544621366, 40.25237053144044], [115.58835299577159, 40.25237196564573], [115.588356739274, 40.252191832272246], [115.58847428852889, 40.25219326634909], [115.58847803168611, 40.25201313296059], [115.58859558063794, 40.252014566909004], [115.58859745204818, 40.251924500208005], [115.58871500085272, 40.25192593403252], [115.58871874333637, 40.251745800616995], [115.5888362918379, 40.25174723431307], [115.58883816291134, 40.25165716759856], [115.58895571126554, 40.25165860117074], [115.58895758217481, 40.25156853445019], [115.58907513038174, 40.251569967898476], [115.58907887186355, 40.2513898344439], [115.58919641976743, 40.25139126776375], [115.58920016090404, 40.251211134294174], [115.5893177085049, 40.251212567485595], [115.58932144929632, 40.251032434001026], [115.58943899659414, 40.25103386706403], [115.58944273704039, 40.25085373356446], [115.58956028403519, 40.250855166499036], [115.58956402413625, 40.25067503298448], [115.58968157082806, 40.25067646579062], [115.58968531058395, 40.25049633226109], [115.58980285697271, 40.250497764938814], [115.58980846607618, 40.250227564619806], [115.58992601200622, 40.25022899716456], [115.58993162056667, 40.249958796818646], [115.59004916603796, 40.249960229230446], [115.59005103538554, 40.24987016244099], [115.59016858070956, 40.2498715947289], [115.59017231906799, 40.24969146113647], [115.59028986408899, 40.24969289329597], [115.59029360210225, 40.24951275968854], [115.59041114682026, 40.24951419171963], [115.59041488448841, 40.24933405809723], [115.5905324289034, 40.2493354899999], [115.59053429756915, 40.24924542318194], [115.59041675330985, 40.249243991283805], [115.59042049092746, 40.24906385765254], [115.59030294698806, 40.24906242564413], [115.59030481593992, 40.2489723588308], [115.5900697283978, 40.24896949446501], [115.59007159765265, 40.24887942765928], [115.58995405404993, 40.24887799530192], [115.58995592345211, 40.24878792849925], [115.58972083658335, 40.24878506343555], [115.58972270628851, 40.24869499664047], [115.58948761976488, 40.24869213110848], [115.58948948977303, 40.248602064321005], [115.58925440359457, 40.248599198320726], [115.5892562739057, 40.24850913154084], [115.58878610227276, 40.248503398126346], [115.5887842313388, 40.24859346488807], [115.5880789732082, 40.24858486115885], [115.5880808450764, 40.24849479442437], [115.58772821659213, 40.24849049096227], [115.58773008891902, 40.24840042423995], [115.58749500361645, 40.2483975546776], [115.58749313097813, 40.248487621390844], [115.58714050262049, 40.24848331613865], [115.5871423757259, 40.24839324943904], [115.58702483311261, 40.24839181412084], [115.5870267063653, 40.2483017474243], [115.58690916391615, 40.24830031199131], [115.58691478409064, 40.248030111906466], [115.58703232607269, 40.248031547325816], [115.58703607250206, 40.247851413919435], [115.58715361418112, 40.247852849210354], [115.58715548722745, 40.247762782500395], [115.58727302875926, 40.24776421766745], [115.58727677451515, 40.24758408423401], [115.5875118569813, 40.247586954191924], [115.58751372953517, 40.24749688746389], [115.58798389394596, 40.247502625929485], [115.58798202201488, 40.24759269267568], [115.5882171045823, 40.24759556120155], [115.58821523295418, 40.247685627955335], [115.58880294029889, 40.247692797204294], [115.5888066819897, 40.247512663649815], [115.58892422317253, 40.24751409713251], [115.5889279645182, 40.24733396356302], [115.58904550539808, 40.2473353969173], [115.58905111688627, 40.24706519653837], [115.58881603606913, 40.247062329737695], [115.58881790685972, 40.24697226295084], [115.58846528616435, 40.246967961868435], [115.58846715741359, 40.246877895093725], [115.58834961735437, 40.24687646116547], [115.58835148875086, 40.24678639439382], [115.58823394885576, 40.246784960350766], [115.58823582039953, 40.24669489358218], [115.58811828066855, 40.24669345942434], [115.58812202404216, 40.24651332589181], [115.588004484631, 40.24651189162372], [115.58801384369578, 40.24606155778924], [115.58813138232847, 40.24606299203462], [115.58813325396041, 40.24597292525875], [115.58825079244585, 40.24597435938025], [115.58825266391369, 40.24588429259836], [115.58837020225188, 40.24588572659599], [115.58837768741608, 40.24552545943547], [115.58826014970062, 40.24552402545599], [115.58826389254348, 40.245343891875955], [115.58814635514784, 40.24534245778623], [115.58814822671229, 40.24525239099852], [115.58791315225768, 40.245249522470196], [115.58791502412505, 40.245159455690114], [115.58767995001557, 40.245156586693554], [115.58768182218589, 40.24506651992106], [115.58685906415829, 40.245056474706146], [115.58686093740991, 40.244966407963986], [115.58674340073827, 40.24496497246053], [115.58674527413714, 40.244874905721446], [115.58662773762961, 40.24487347010321], [115.58662961117571, 40.244783403367194], [115.58651207483233, 40.244781967634175], [115.58651394852566, 40.24469190090121], [115.5863964123464, 40.244690465053424], [115.58639828618693, 40.24460039832355], [115.58628075017182, 40.24459896236097], [115.5862826241596, 40.244508895634155], [115.58616508830858, 40.24450745955681], [115.5861669624436, 40.24441739283306], [115.58604942675672, 40.244415956640935], [115.58605130103894, 40.24432588992027], [115.58581623000187, 40.24432301718715], [115.585818104587, 40.24423295047409], [115.58558303389508, 40.24423007727279], [115.5855849087831, 40.24414001056735], [115.58546737360548, 40.244138573792256], [115.58546924864073, 40.244048507089886], [115.58535171362723, 40.244047070200025], [115.58535358880971, 40.24395700350074], [115.58523605396036, 40.24395556649611], [115.58523980461126, 40.24377543310219], [115.5851222700817, 40.24377399598735], [115.58512602101015, 40.24359386259661], [115.58500848680038, 40.243592425371546], [115.58501223800633, 40.243412291984015], [115.58489470411637, 40.24341085464872], [115.58489657986233, 40.243320787957295], [115.58477904613645, 40.24331935050724], [115.58478279791437, 40.243139217129034], [115.58466526450827, 40.24313777956877], [115.5846671405402, 40.243047712882], [115.58454960729824, 40.243046275206986], [115.58455148347738, 40.24295620852329], [115.58443395039954, 40.24295477073349], [115.58443770304378, 40.24277463737078], [115.58432017028572, 40.242773199470776], [115.58432392320742, 40.24259306611125], [115.58420639076915, 40.24259162810104], [115.58421014396836, 40.242411494744715], [115.58409261184985, 40.242410056624294], [115.58410199547811, 40.24195972323037], [115.58421952681836, 40.24196116132801], [115.58422515642683, 40.24169096126025], [115.58434268730853, 40.2416923992249], [115.58434831637392, 40.24142219913017], [115.58446584679714, 40.24142363696186], [115.5844695991538, 40.24124350354886], [115.58458712927415, 40.241244941252134], [115.58458900528416, 40.24115487453887], [115.58470653525735, 40.24115631211829], [115.58471028694068, 40.2409761786782], [115.58482781661101, 40.2409776161292], [115.58483156794924, 40.24079748267411], [115.58494909731672, 40.240798919996706], [115.5849509728175, 40.240708853262376], [115.58506850203781, 40.2407102904611], [115.58507037737448, 40.240620223720754], [115.58518790644759, 40.240621660795625], [115.58519165678432, 40.240441527301385], [115.58530918555459, 40.24044296424785], [115.58531293554618, 40.24026283073859], [115.58543046401365, 40.24026426755665], [115.58543421366016, 40.24008413403238], [115.58555174182476, 40.24008557072203], [115.58555549112621, 40.23990543718275], [115.58567301898799, 40.23990687374399], [115.58567489347038, 40.23981680696757], [115.58579242118499, 40.23981824340496], [115.58579616981315, 40.23963810983862], [115.58591369722492, 40.23963954614761], [115.5859155713707, 40.23954947935766], [115.5861506259083, 40.23955235160862], [115.58615249973437, 40.239462284808106], [115.58627002686019, 40.2394637207501], [115.58627190052215, 40.239373653943545], [115.5863894275008, 40.23937508976169], [115.5863913009987, 40.23928502294911], [115.58662635467005, 40.239287894218386], [115.58662822784824, 40.23919782739524], [115.58674575454091, 40.23919926284638], [115.58674762755504, 40.23910919601721], [115.58698268065449, 40.23911206655249], [115.58698455334887, 40.23902199971274], [115.58710207975564, 40.239023434796884], [115.58710395228597, 40.23893336795113], [115.58722147854553, 40.238934802911416], [115.58722335091178, 40.23884473605965], [115.58734087702416, 40.23884617089609], [115.58734274922632, 40.238756104038295], [115.5874602751915, 40.2387575387509], [115.58746214722963, 40.23866747188706], [115.58757967304761, 40.23866890647584], [115.58758154492165, 40.238578839605985], [115.5878165962717, 40.23858170841652], [115.58781846782604, 40.2384916415361], [115.58805351889856, 40.23849450986037], [115.5880553901332, 40.2384044429694], [115.5882904409282, 40.23840731080738], [115.58829231184316, 40.23831724390585], [115.58852736236064, 40.23832011125756], [115.5885292329559, 40.238230044345464], [115.58876428319586, 40.238232911210915], [115.58876615347145, 40.238142844288234], [115.58900120343385, 40.23814571066741], [115.58900307338976, 40.2380556437342], [115.58923812307464, 40.2380585096271], [115.58923999271086, 40.237968442683346], [115.58959256683451, 40.23797274061437], [115.58959443599544, 40.2378826736555], [115.58994700972805, 40.23788697049924], [115.58994887841367, 40.23779690352531], [115.59018392729959, 40.23779976748226], [115.59018579566555, 40.23770970049775], [115.590655892916, 40.237715426961934], [115.59065776065101, 40.23762535995784], [115.59089280901551, 40.23762822246509], [115.59089467643086, 40.237538155450444], [115.59112972451778, 40.237541017471464], [115.59113159161348, 40.23745095044627], [115.59136663942283, 40.23745381198103], [115.59136850619886, 40.2373637449453], [115.59148602996054, 40.2373651755292], [115.59148789657254, 40.23727510848746], [115.591605420187, 40.23727653894755], [115.59160728663498, 40.237186471899804], [115.59172481010222, 40.23718790223606], [115.59172667638616, 40.237097835182304], [115.59184419970622, 40.23709926539473], [115.5918479319376, 40.23691913127373], [115.59196545495483, 40.23692056135783], [115.59197291869418, 40.236560293079954], [115.59162035153516, 40.236556002524175], [115.59162221791581, 40.2364659354646], [115.59150469570191, 40.23646450504529], [115.59150656222977, 40.236374437988765], [115.5913890401799, 40.236373007454695], [115.59139464017983, 40.23610280628986], [115.59151216176286, 40.236104236810334], [115.59151402825708, 40.236014169747904], [115.59163154969292, 40.23601560014456], [115.59163341602313, 40.23592553307613], [115.59198597991428, 40.23592982353678], [115.59198784576921, 40.23583975645327], [115.59222288809417, 40.235842616154876], [115.59222475362948, 40.23575254906084], [115.59245979567683, 40.235755408276226], [115.59246166089254, 40.235665341171654], [115.5925791817732, 40.23566677059589], [115.59258104682488, 40.235576703485314], [115.59281608830027, 40.23557956196688], [115.5928179530323, 40.23548949484577], [115.5936405973716, 40.23549949574202], [115.5936387337288, 40.235589562894816], [115.59399129618133, 40.23559384721746], [115.59398943299698, 40.235683914382335], [115.59410695398691, 40.235685342255834], [115.59410509094975, 40.23577540942375], [115.594340133266, 40.23577826482194], [115.59433827053167, 40.23586833199742], [115.59445579185798, 40.2358697595221], [115.59445392927087, 40.235959826700636], [115.59457145076121, 40.23596125411054], [115.5945695883213, 40.23605132129212], [115.59468710997564, 40.23605274858726], [115.59468524768296, 40.23614281577187], [115.59527285685864, 40.23614995048083], [115.59527099533564, 40.23624001768656], [115.59562356140859, 40.23624429709401], [115.59562170034401, 40.23633436431182], [115.59585674474582, 40.23633721666271], [115.5958548839841, 40.23642728388807], [115.5959724063532, 40.2364287098891], [115.59597054573871, 40.236518777117496], [115.59608806827181, 40.236520203003735], [115.59608620780455, 40.23661027023518], [115.59620373050167, 40.23661169600666], [115.59620187018162, 40.23670176324113], [115.59631939304273, 40.23670318889783], [115.59631753286993, 40.236793256135336], [115.59714019422177, 40.23680323242358], [115.59714205330523, 40.23671316515448], [115.59725957623341, 40.23671458985682], [115.5972614351529, 40.236624522581714], [115.59749648072314, 40.23662737161952], [115.59749833932301, 40.236537304333915], [115.59761586196507, 40.23653872866936], [115.59761957882844, 40.23635859408469], [115.59773710116767, 40.23636001829183], [115.59773895943115, 40.236269950992764], [115.59785648162313, 40.236271375076115], [115.59785833972265, 40.23618130777106], [115.59809338382051, 40.23618415557084], [115.59809524160042, 40.2360940882553], [115.59821276350628, 40.23609551197174], [115.59821462112222, 40.23600544465021], [115.59833214288085, 40.23600686824285], [115.59833400033277, 40.23591680091534], [115.59845152194418, 40.23591822438418], [115.59845337923214, 40.23582815705068], [115.5985709006963, 40.23582958039574], [115.59857461493587, 40.235649445715296], [115.59869213609716, 40.235650868932034], [115.5986977069269, 40.235380666886755], [115.59881522762976, 40.23538208997068], [115.59882079791733, 40.2351118878986], [115.59893831816173, 40.23511331084973], [115.59894760102898, 40.23466297401083], [115.59906512050371, 40.23466439682014], [115.59907254602447, 40.23430412730439], [115.59919006488519, 40.2343055499764], [115.59919563347108, 40.23403534781056], [115.59931315187336, 40.234036770349775], [115.59931686391094, 40.23385663555616], [115.5994343820104, 40.23385805796707], [115.59943994953723, 40.23358785575205], [115.59955746717826, 40.23358927803016], [115.59955932284824, 40.233499210617694], [115.59967684034201, 40.23350063277203], [115.59967869584803, 40.23341056535358], [115.59979621319458, 40.23341198738413], [115.59979806853663, 40.23332191995971], [115.59991558573597, 40.23332334186647], [115.59991744091406, 40.23323327443607], [115.60003495796617, 40.23323469621905], [115.6000368129803, 40.23314462878266], [115.60015432988519, 40.23314605044185], [115.60015618473535, 40.233055982999495], [115.60027370149304, 40.23305740453492], [115.60028853874877, 40.232336864906785], [115.6004060542701, 40.232338286286904], [115.60040976318926, 40.232158151356096], [115.60052727840778, 40.232159572607955], [115.60052913269922, 40.23206950513583], [115.60064664777052, 40.23207092626391], [115.60065035601721, 40.231890791306235], [115.60076787078569, 40.23189221230604], [115.60077157868778, 40.23171207733345], [115.60088909315346, 40.231713498204975], [115.60089465447717, 40.231443295721526], [115.60101216848449, 40.23144471646028], [115.6010158756807, 40.23126458145492], [115.60125090309803, 40.231267422556634], [115.60125275637246, 40.231177355042746], [115.60137026993809, 40.231178775410186], [115.60137212304858, 40.23108870789032], [115.60160714989374, 40.23109154825842], [115.60160900268473, 40.231001480728075], [115.60219656916587, 40.231008579538596], [115.60219842117066, 40.230918511984285], [115.60278598708263, 40.23092560779058], [115.60278783830118, 40.23083554021235], [115.60314037748178, 40.23083979625142], [115.60314222822527, 40.23074972865821], [115.60349476701423, 40.230753983610384], [115.60349661728266, 40.230663916002214], [115.60361413007341, 40.23066533407657], [115.60361598017795, 40.23057526646246], [115.60385100547335, 40.23057810224439], [115.60385470503506, 40.23039796699374], [115.60397221738414, 40.23039938469682], [115.60397406699693, 40.230309317064794], [115.60420909140892, 40.230312152104176], [115.60421094070225, 40.2302220844617], [115.60456347691604, 40.230226336112835], [115.60456162808943, 40.230316403768775], [115.60467914033293, 40.23031782075177], [115.60467729165356, 40.23040788841073], [115.60479480406097, 40.23040930527895], [115.60479295552885, 40.23049937294092], [115.60491046810016, 40.230500789694354], [115.60490677132206, 40.23068092502285], [115.60502428421285, 40.230682341666], [115.60502243596687, 40.23077240933251], [115.60525746208458, 40.230775242269964], [115.60525561414143, 40.23086530994397], [115.60549064060359, 40.230868142413314], [115.60548879296326, 40.23095821009482], [115.60560630636242, 40.23095962615507], [115.60559891634006, 40.231319896884294], [115.60548140231859, 40.23131848080609], [115.6054721638254, 40.23176881916196], [115.60558967862475, 40.23177023526258], [115.60558783105671, 40.23186030293382], [115.60570534602, 40.23186171891964], [115.60570349859918, 40.231951786593875], [115.60582101372638, 40.23195320246492], [115.60581916645285, 40.23204327014215], [115.60593668174393, 40.23204468589841], [115.60593483461766, 40.232134753578656], [115.60605235007266, 40.23213616922012], [115.60605050309364, 40.23222623690337], [115.60616801871258, 40.23222765243004], [115.6061661718808, 40.232317720116306], [115.60628368766362, 40.23231913552818], [115.60628184097912, 40.23240920321744], [115.60639935692586, 40.23241061851453], [115.60639566384309, 40.23259075389761], [115.60651318010933, 40.232592169084384], [115.60650948730441, 40.23277230447052], [115.60662700389015, 40.23277371954698], [115.6066251576308, 40.232863787242316], [115.60674267438044, 40.23286520220397], [115.6067168280541, 40.23412614984639], [115.60659930912612, 40.23412473482199], [115.60659192353944, 40.2344850055059], [115.60647440399738, 40.23448359034429], [115.6064707108429, 40.23466372566841], [115.60635319099795, 40.234662310378546], [115.606347650737, 40.234932513340226], [115.60623013043354, 40.23493109791763], [115.60621166079981, 40.23583177431572], [115.60632918265935, 40.23583318978315], [115.60630517291384, 40.23700406893821], [115.60618764903126, 40.23700265341251], [115.60618026051172, 40.23736292385363], [115.60606273601496, 40.2373615081907], [115.60605534673968, 40.237721778590256], [115.60617287185893, 40.23772319427112], [115.60616548307291, 40.23808346466499], [115.606283008823, 40.238084880244486], [115.6062793146913, 40.238265015441534], [115.60639684076101, 40.2382664309107], [115.60639499383831, 40.23835649851148], [115.60651252007195, 40.23835791386583], [115.60651067329653, 40.23844798146964], [115.60662819969414, 40.23844939670917], [115.60662635306605, 40.23853946431597], [115.60674387962762, 40.238540879440684], [115.60674203314683, 40.238630947050474], [115.60685955987236, 40.238632362060365], [115.60685771353889, 40.238722429673174], [115.60697524042837, 40.238723844568256], [115.60697339424222, 40.23881391218406], [115.60720844835741, 40.23881674162525], [115.6072066024742, 40.23890680924855], [115.60744165693394, 40.23890963822149], [115.60743981135371, 40.23899970585228], [115.607674866158, 40.239002534356956], [115.60767302088071, 40.239092601995225], [115.60779054845098, 40.23909401607309], [115.60778316788122, 40.23945428662929], [115.60766563968839, 40.23945287253351], [115.60766379436951, 40.23954294016439], [115.60731120937402, 40.239538697147786], [115.60731305515982, 40.23944862953035], [115.60637283011641, 40.239437309605776], [115.6063709830855, 40.23952737718737], [115.6061359265966, 40.23952454600421], [115.60613223188717, 40.239704681145035], [115.60601470334394, 40.23970326536553], [115.60601285582108, 40.23979333292924], [115.60589532713053, 40.23979191702594], [115.60589347944371, 40.2398819845837], [115.60577595060583, 40.2398805685566], [115.60577410275503, 40.239970636108396], [115.60565657376986, 40.239969219957516], [115.60565472575507, 40.240059287503335], [115.60553719662258, 40.240057871228665], [115.60553350025675, 40.240238006306924], [115.60541597082128, 40.24023658990396], [115.60541412247022, 40.24032665743639], [115.60529659288746, 40.24032524090965], [115.60529289584905, 40.2405053759611], [115.60517536596329, 40.24050395930607], [115.60517166858025, 40.24068409434265], [115.60505413839155, 40.24068267755933], [115.60505044066387, 40.24086281258102], [115.60493291017218, 40.24086139566942], [115.60492366492886, 40.24131173317538], [115.60480613366724, 40.241310316122025], [115.60480428443792, 40.2414003836143], [115.60468675302899, 40.24139896643713], [115.604683054234, 40.24157910140828], [115.60456552252211, 40.24157768410283], [115.60456182338245, 40.24175781905909], [115.60444429136756, 40.24175640162536], [115.60443504259426, 40.24220673896771], [115.60455257538744, 40.2422081564239], [115.60454887613109, 40.242388291359475], [115.60466640924395, 40.24238970870532], [115.60466455975893, 40.24247977617539], [115.6047820930358, 40.24248119340639], [115.60477839435207, 40.24266132835107], [115.60489592794859, 40.24266274547173], [115.6048940787499, 40.24275281294636], [115.6051291462793, 40.2427556468387], [115.60512729738358, 40.24284571432082], [115.60536236525766, 40.24284854774488], [115.60536051666496, 40.242938615234486], [115.6055955848837, 40.24294144819023], [115.60559373659399, 40.24303151568734], [115.60582880515739, 40.24303434817478], [115.6058269571707, 40.243124415679375], [115.60606202607877, 40.2431272476985], [115.6060601783951, 40.24321731521059], [115.60641278228668, 40.243221562357824], [115.60641093506169, 40.24331162988188], [115.60664600467572, 40.243314460725735], [115.60664415775375, 40.24340452825727], [115.60676169272891, 40.24340594350471], [115.60675984595429, 40.24349601103925], [115.60664231082343, 40.243494595787354], [115.60663861693786, 40.243674730843075], [115.60652108150397, 40.24367331546287], [115.60651738727375, 40.243853450503714], [115.60628231580829, 40.24385061936743], [115.60628046836933, 40.24394068687667], [115.60616293249339, 40.24393927112506], [115.60616108489043, 40.24402933862834], [115.60592601285225, 40.244026506758175], [115.60592416492959, 40.244116574251024], [115.60580662876731, 40.244115158132466], [115.60580478068064, 40.244205225619325], [115.605687244371, 40.24420380937696], [115.60567800303434, 40.24465414676676], [115.60579554012239, 40.24465556303156], [115.60578999568745, 40.24492576546117], [115.60590753325087, 40.24492718162009], [115.60590383723063, 40.24510731657476], [115.60602137511376, 40.245108732623315], [115.60601398359604, 40.24546900253286], [115.60613152211025, 40.245470418480025], [115.60612597885157, 40.24574062091014], [115.60624351784116, 40.245742036751416], [115.60623982260512, 40.24592217170642], [115.60612228330413, 40.24592075585615], [115.60611489210935, 40.246281025730475], [115.60599735219392, 40.24627960974295], [115.60598256815886, 40.247000149384846], [115.60610010931987, 40.24700156540825], [115.6060945656364, 40.24727176776306], [115.6062121072728, 40.24727318368056], [115.60620841175357, 40.247453318585336], [115.60632595370973, 40.247454734392484], [115.6063167155444, 40.24790507165102], [115.60619917280971, 40.24790365582145], [115.60619547717384, 40.248083790705564], [115.60607793413605, 40.248082374747696], [115.60607423815546, 40.24826250961693], [115.60595669481461, 40.24826109353075], [115.60595299848924, 40.248441228385104], [115.6058354548453, 40.248439812170616], [115.60583175817521, 40.24861994701009], [115.60571421422816, 40.24861853066728], [115.6057105172133, 40.2487986654919], [115.60559297296317, 40.24879724902077], [115.60558927560356, 40.24897738383049], [115.6054717310503, 40.248975967231054], [115.60546988220229, 40.249066034629216], [115.60535233750166, 40.249064617905944], [115.60534863946918, 40.24924475268886], [115.60523109446545, 40.24924333583727], [115.605229245281, 40.24933340322202], [115.6051117001299, 40.249331986246595], [115.60510800142451, 40.24951212100272], [115.60499045597032, 40.249510703898956], [115.6049886064494, 40.24960077127031], [115.60487106084781, 40.24959935404273], [115.60486921116285, 40.24968942140811], [115.60475166541389, 40.24968800405669], [115.60474611584178, 40.249958206130515], [115.60462856963397, 40.24995678864628], [115.60462116946485, 40.250317058039435], [115.60450362264251, 40.25031564041789], [115.60450177242366, 40.25040570775799], [115.60438422545391, 40.25040429001261], [115.604382375071, 40.25049435734676], [115.60426482795386, 40.25049293947754], [115.60426297740686, 40.2505830068057], [115.60414543014235, 40.25058158881263], [115.60413617650362, 40.2510319254089], [115.60425372454675, 40.25103334342441], [115.60424632210852, 40.251393612692794], [115.6047165168563, 40.251399283633184], [115.60471836685542, 40.25130921630034], [115.60565875550539, 40.25132055241615], [115.60566060425033, 40.25123048504594], [115.60589570118469, 40.25123331787237], [115.60589385275124, 40.251323385251546], [115.60612895003041, 40.25132621760952], [115.60612710190007, 40.2514162849962], [115.6062446507079, 40.25141770100064], [115.60622801856165, 40.25222830745467], [115.6061104683522, 40.252226891409876], [115.60609937894533, 40.25276729561919], [115.60621693008926, 40.25276871169091], [115.60621323386513, 40.25294884642451], [115.60633078532888, 40.252950262385816], [115.60632893736006, 40.25304032975488], [115.6064464889879, 40.25304174560132], [115.6064446411665, 40.25313181297339], [115.6065621929584, 40.25313322870495], [115.60656034528442, 40.25322329608002], [115.6066778972404, 40.2532247116967], [115.60667604971384, 40.253314779074785], [115.60679360183391, 40.25331619457658], [115.60679175445479, 40.25340626195767], [115.60690930673893, 40.253407677344576], [115.60690745950723, 40.253497744728676], [115.60702501195543, 40.253499160000715], [115.60702316487115, 40.25358922738781], [115.60714071748345, 40.25359064254495], [115.60713887054658, 40.25368070993506], [115.60725642332295, 40.253682124977324], [115.60725457653352, 40.253772192370434], [115.60737212947397, 40.25377360729781], [115.60737028283197, 40.25386367469393], [115.60748783593648, 40.25386508950643], [115.6074859894419, 40.25395515690555], [115.6076035427105, 40.25395657160315], [115.60760169636337, 40.25404663900526], [115.60771924979606, 40.25404805358799], [115.60770447996534, 40.25476859278767], [115.60758692528657, 40.25476717816912], [115.60758323243411, 40.25494731294531], [115.60746567745218, 40.254945898198436], [115.60746198425491, 40.25512603295976], [115.60734442896975, 40.25512461808455], [115.60734073542766, 40.25530475283101], [115.6072231798393, 40.25530333782746], [115.60721948595237, 40.25548347255904], [115.6071019300608, 40.25548205742715], [115.60709823582903, 40.25566219214389], [115.60698067963426, 40.25566077688367], [115.60697883235011, 40.25575084423533], [115.60686127600789, 40.25574942885126], [115.60685942855964, 40.25583949619698], [115.60674187207, 40.25583808068903], [115.606738176837, 40.25601821536704], [115.60662062004413, 40.25601679973076], [115.60661877225935, 40.25610686706308], [115.60650121531904, 40.25610545130295], [115.60649567144742, 40.25637565327758], [115.60637811404814, 40.25637423738461], [115.60637256963423, 40.2566444393325], [115.60649012750085, 40.25664585523892], [115.60648643149479, 40.25682598987241], [115.6066039896813, 40.25682740566842], [115.60660214182158, 40.25691747298743], [115.60683725853113, 40.25692030423026], [115.6068354109746, 40.257010371556774], [115.60742320367312, 40.25701744759713], [115.60742505045076, 40.2569273802482], [115.60754260885965, 40.25692879509365], [115.60754445547319, 40.25683872773878], [115.60801468856894, 40.25684438590886], [115.60799992041264, 40.257564924849866], [115.60788236087997, 40.257563510450574], [115.60786943721577, 40.25819398191508], [115.60798699783894, 40.25819539634571], [115.60798515172368, 40.25828546369636], [115.60810271251097, 40.258286878012086], [115.6081008665432, 40.25837694536575], [115.60821842749458, 40.25837835956657], [115.60821658167427, 40.258468426923216], [115.60833414278977, 40.258469841009145], [115.60833229711692, 40.25855990836878], [115.60844985839653, 40.25856132233978], [115.60844801287118, 40.25865138970246], [115.60868313576692, 40.258654217295266], [115.60868129054482, 40.25874428466539], [115.60879885216097, 40.258745698287186], [115.60879331691211, 40.25901590040215], [115.60891087900397, 40.259017313918], [115.6089034991789, 40.259377583401836], [115.60902106190225, 40.25937899681619], [115.6090136825673, 40.259739266294304], [115.60913124592216, 40.25974067960718], [115.60912940122344, 40.2598307469775], [115.60924696474241, 40.259832160175456], [115.6092432756316, 40.26001229492061], [115.60936083947051, 40.26001370800812], [115.60935899505843, 40.26010377538296], [115.60947655906146, 40.26010518835556], [115.60947102624276, 40.26037539048462], [115.6095885907215, 40.26037680335124], [115.60957568161083, 40.26100727496538], [115.60969324718856, 40.26100868774392], [115.609689559108, 40.261188822486474], [115.60980712500569, 40.26119023515458], [115.60980528110875, 40.261280302528114], [115.60992284717051, 40.26128171508129], [115.60991915966336, 40.261461849832884], [115.6100367260451, 40.2614632622756], [115.61003119518942, 40.261733464405324], [115.61014876204692, 40.26173487674206], [115.6101321704335, 40.262545483091785], [115.61001460217365, 40.26254407071478], [115.61001091474536, 40.26272420543399], [115.60989334618218, 40.26272279292864], [115.60989150229975, 40.262812860281564], [115.60977393358905, 40.26281144765234], [115.60977208954249, 40.26290151499929], [115.60965452068427, 40.26290010224619], [115.6096452995476, 40.26335043893648], [115.60976286918495, 40.26335185171195], [115.60975918098372, 40.26353198638668], [115.60999432090668, 40.26353481159728], [115.60999247710527, 40.26362487894138], [115.61011004723504, 40.263626291372034], [115.61010820358112, 40.26371635871914], [115.61034334417731, 40.26371918323117], [115.61034150082673, 40.26380925058572], [115.61045907129312, 40.26381066266711], [115.6104572280901, 40.263900730024666], [115.61069236935944, 40.26390355383814], [115.61069052645978, 40.263993621203156], [115.61092566807403, 40.26399644454795], [115.61092382547773, 40.26408651192043], [115.61115896743685, 40.264089334796516], [115.61115712514392, 40.26417940217646], [115.61139226744798, 40.26418222458383], [115.61139042545838, 40.26427229197124], [115.6115079967787, 40.264273703000285], [115.61150615493666, 40.26436377039068], [115.61174129791388, 40.26436659209947], [115.61173761482823, 40.26454672689371], [115.61185518664097, 40.26454813757793], [115.61185150383378, 40.2647282723752], [115.61196907596648, 40.264729682948925], [115.61196539343779, 40.26490981774922], [115.61208296589048, 40.264911228212476], [115.61207928364027, 40.265091363015806], [115.61219685641296, 40.26509277336858], [115.61219133344288, 40.26536297557588], [115.61230890669141, 40.26536438582264], [115.61230706584064, 40.265454453226596], [115.6124246392533, 40.2654558633584], [115.61242095783854, 40.265635998170794], [115.61253853157119, 40.26563740819211], [115.61253669100722, 40.26572747560056], [115.61265426490402, 40.265728885506945], [115.61265242448758, 40.26581895291838], [115.61276999854854, 40.265820362709796], [115.61276815827965, 40.26591043012423], [115.61288573250474, 40.26591183980068], [115.61288389238342, 40.26600190721809], [115.61300146677267, 40.2660033167796], [115.6129996267989, 40.266093384200005], [115.61311720135228, 40.26609479364655], [115.61311536152608, 40.266184861069945], [115.61323293624359, 40.26618627040155], [115.61323109656493, 40.26627633782792], [115.61334867144662, 40.26627774704455], [115.61334315282845, 40.26654794932821], [115.61346072818598, 40.266549358438816], [115.6134460127528, 40.26726989783267], [115.61332843614841, 40.26726848868637], [115.61332475689548, 40.26744862351114], [115.61320717998764, 40.26744721423649], [115.6132035003898, 40.26762734904643], [115.61308592317853, 40.267625939643445], [115.61308408321132, 40.267716007041734], [115.6129665058525, 40.267714597514846], [115.61296282558143, 40.26789473229808], [115.61284524791917, 40.26789332264284], [115.61284156730316, 40.26807345741124], [115.6127239893375, 40.26807204762764], [115.61271846788365, 40.26834224975579], [115.61260088945866, 40.268340839839375], [115.61257880102607, 40.269421648165505], [115.61246122073891, 40.26942023807609], [115.61245753890556, 40.26960037276752], [115.61233995831493, 40.269598962549736], [115.61233259392507, 40.269959231897], [115.61221501271923, 40.26995782154192], [115.61220948887204, 40.27022802352349], [115.61209190720685, 40.27022661303557], [115.61209006575197, 40.27031668035533], [115.6119724839392, 40.27031526974352], [115.61197064232013, 40.27040533705734], [115.61185306035979, 40.27040392632161], [115.61185121857652, 40.27049399362951], [115.6117336364686, 40.270492582769876], [115.61173179452115, 40.270582650071816], [115.61161421226565, 40.27058123908829], [115.61161237015399, 40.27067130638427], [115.61149478775091, 40.27066989527684], [115.61149294547508, 40.270759962566885], [115.61125778038203, 40.27075713998476], [115.61125593778613, 40.2708472072644], [115.61113835509619, 40.270845795789704], [115.61113466956766, 40.27102593033561], [115.61101708657425, 40.27102451873255], [115.61101524364163, 40.271114585998816], [115.61089766050064, 40.27111317427184], [115.6108939742987, 40.27129330879101], [115.61077639085424, 40.27129189693565], [115.61076717442451, 40.271742233185364], [115.61064959020887, 40.27174082118821], [115.6106477467421, 40.271830888429264], [115.61076533111361, 40.27183230043088], [115.61075242770474, 40.27246277110813], [115.61087001317583, 40.27246418302161], [115.61086632672459, 40.27264431749648], [115.61098391251582, 40.27264572929945], [115.61098206943362, 40.27273579653913], [115.61109965538904, 40.27273720822713], [115.61109412656033, 40.27300740995075], [115.61121171299177, 40.273008821532706], [115.61120434172746, 40.27336909049475], [115.61132192879083, 40.27337050197513], [115.61131455801721, 40.27373077093142], [115.61143214571253, 40.273732182310226], [115.61142661801281, 40.27400238402536], [115.61154420618418, 40.27400379529812], [115.61154052132133, 40.274183929776434], [115.61165810981282, 40.274185340938686], [115.61165074061108, 40.274545609895455], [115.61176832973455, 40.27454702095611], [115.61176648756926, 40.27463708819609], [115.61188407685694, 40.274638499141766], [115.61188223483929, 40.27472856638474], [115.61199982429117, 40.274729977215436], [115.61199798242112, 40.27482004446138], [115.61211557203727, 40.27482145517709], [115.61211373031482, 40.27491152242604], [115.61246649968078, 40.274915753869834], [115.6124646584178, 40.2750058211307], [115.61269983834846, 40.275008641504876], [115.612697997389, 40.27509870877319], [115.61281558752272, 40.27510011878556], [115.6128137467109, 40.275190186056875], [115.61293133700882, 40.275191595954254], [115.61292765567212, 40.27537173050137], [115.61316283691657, 40.27537454995561], [115.6131609965476, 40.275464617235876], [115.61327858733819, 40.27546602678828], [115.61327674711686, 40.27555609407155], [115.6135119290348, 40.27555891282688], [115.61351008911703, 40.275648980117595], [115.61374527138, 40.27565179840404], [115.61374343176577, 40.27574186570218], [115.61386102306562, 40.27574327467068], [115.61385918359902, 40.27583334197182], [115.6139767750631, 40.27583475082532], [115.61397493574415, 40.27592481812943], [115.61421011900902, 40.275927635486966], [115.61420827999362, 40.276017702798526], [115.61503142277333, 40.27602755981812], [115.61502958484115, 40.27611762715942], [115.61538236091027, 40.27612184981784], [115.61538052343761, 40.27621191717103], [115.61549811563316, 40.276213324489376], [115.61549627830811, 40.27630339184556], [115.61573146303591, 40.27630620613276], [115.61572962601447, 40.276396273496374], [115.61596481108727, 40.276399087314644], [115.61596297436941, 40.27648915468569], [115.61608056707415, 40.27649056142008], [115.61607689392544, 40.27667069616666], [115.61631207998353, 40.27667350929488], [115.61631024370863, 40.27676357667485], [115.61654543011169, 40.27676638933413], [115.61654359414037, 40.276856456721525], [115.61666118751027, 40.276857862876426], [115.61665935168661, 40.27694793026681], [115.61689453876308, 40.2769507422271], [115.61689270324304, 40.27704080962492], [115.61701029694963, 40.27704221543033], [115.61700846157721, 40.27713228283111], [115.61724364932711, 40.277135094092415], [115.61724181425832, 40.27722516150063], [115.61747700235316, 40.27722797229298], [115.61747516758798, 40.27731803970861], [115.61794554450071, 40.2773236598775], [115.617943710351, 40.277413727309465], [115.61817889916887, 40.27741653668601], [115.6181770653228, 40.27750660412538], [115.61829465990007, 40.27750800863891], [115.61829282620164, 40.277598076081254], [115.6185280156929, 40.27760088475878], [115.6185261822981, 40.277690952208545], [115.61864377721206, 40.277692356372555], [115.61864194396495, 40.27778242382529], [115.61875953904311, 40.27778382787427], [115.61875770594368, 40.277873895329975], [115.61887530118605, 40.27787529926395], [115.6188734682343, 40.27796536672262], [115.6189910636409, 40.27796677054155], [115.6189892308368, 40.2780568380032], [115.6191068264076, 40.27805824170712], [115.61910499375121, 40.27814830917174], [115.61922258948623, 40.27814971276062], [115.61922075697751, 40.278239780228205], [115.61933835287672, 40.27824118370207], [115.61933652051572, 40.2783312511726], [115.61957171265082, 40.27833405777081], [115.61956988059345, 40.278424125248776], [115.6198050730735, 40.278426931377986], [115.61980324131974, 40.278516998863346], [115.62003843414473, 40.27851980452355], [115.62003660269463, 40.27860987201631], [115.62015419927548, 40.278611274671654], [115.62015236797305, 40.278701342167395], [115.62038756147139, 40.27870414712853], [115.62038573047263, 40.278794214631674], [115.62050332739013, 40.278795616937465], [115.62050149653905, 40.27888568444358], [115.62061909362076, 40.278887086634334], [115.62061726291738, 40.27897715414342], [115.62073486016331, 40.27897855621915], [115.62073302960763, 40.2790686237312], [115.62085062701777, 40.27907002569189], [115.62084879660979, 40.2791600932069], [115.62096639418412, 40.27916149505254], [115.62096456392385, 40.279251562570515], [115.62108216166239, 40.279252964301136], [115.62108033154983, 40.27934303182208], [115.62119792945259, 40.27934443343766], [115.6211960994877, 40.27943450096156], [115.62131369755468, 40.2794359024621], [115.62131186773753, 40.27952596998896], [115.6214294659687, 40.279527371374456], [115.62142580662153, 40.27970750643262], [115.62154340517287, 40.27970890770752], [115.6215415756429, 40.279798975238826], [115.62165917435844, 40.27980037639869], [115.62165551558563, 40.27998051146575], [115.62177311462136, 40.279981912515005], [115.62177128537854, 40.28007198005075], [115.62188888457845, 40.280073380984966], [115.62188705548337, 40.28016344852369], [115.6220046548475, 40.28016484934286], [115.62200282590011, 40.28025491688453], [115.62212042542848, 40.28025631758865], [115.62211859662881, 40.280346385133285], [115.62223619632137, 40.28034778572237], [115.62223253900925, 40.28052792081607], [115.62235013902196, 40.28052932129455], [115.6223483105095, 40.280619388843625], [115.62246591068646, 40.28062078920704], [115.62246225394871, 40.28080092430963], [115.62257985444585, 40.28080232456245], [115.62257802622057, 40.28089239211596], [115.6226956268819, 40.28089379225372], [115.62269379880436, 40.2809838598102], [115.62281139962991, 40.28098525983291], [115.62280957170009, 40.28107532739234], [115.62292717268986, 40.281076727300004], [115.62292351711744, 40.2812568624233], [115.6230411184274, 40.28125826222035], [115.62303746313398, 40.281438397346605], [115.6231550647641, 40.28143979703303], [115.62314775470227, 40.28180006728559], [115.62326535696454, 40.28180146687025], [115.62326170219612, 40.281981601996534], [115.6233793047786, 40.28198300147058], [115.623377477538, 40.28207306903593], [115.6234950802847, 40.28207446839492], [115.62348411760405, 40.282614873782684], [115.62360172129486, 40.28261627304877], [115.62358527812165, 40.28342688107072], [115.62346767302698, 40.28342548176476], [115.62346036411186, 40.28378575194065], [115.62334275840145, 40.28378435249747], [115.62333727616064, 40.28405455510061], [115.623454882339, 40.28405595455708], [115.62344940049199, 40.28432615716024], [115.62356700714659, 40.2843275565105], [115.62355604416612, 40.284867961703554], [115.62367365176495, 40.2848693609609], [115.62366634357052, 40.28522963107782], [115.6237839518016, 40.28523103023338], [115.6237821248884, 40.28532109776335], [115.62389973328374, 40.28532249680385], [115.62389790651828, 40.285412564336774], [115.62401551507786, 40.2854139632622], [115.6240136884602, 40.28550403079808], [115.624131297184, 40.28550542960842], [115.62412764423597, 40.28568556468461], [115.62424525328001, 40.28568696338432], [115.62424342694966, 40.28577703092463], [115.62436103615795, 40.28577842950926], [115.62435920997535, 40.285868497052526], [115.6244768193479, 40.285869895522076], [115.6244749933131, 40.28595996306831], [115.62459260284986, 40.285961361422785], [115.62459077696283, 40.28605142897195], [115.62470838666385, 40.28605282721135], [115.6247065609246, 40.28614289476347], [115.62482417078986, 40.2861442928878], [115.62482234519837, 40.28623436044287], [115.62493995522789, 40.286235758452115], [115.62493812978418, 40.286325826010135], [115.62505573997792, 40.28632722390431], [115.62505208937787, 40.28650735902479], [115.62516969989186, 40.2865087568083], [115.62516422439808, 40.28677895949122], [115.62528183538836, 40.28678035716851], [115.62527818533007, 40.28696049229193], [115.6253957966406, 40.28696188985856], [115.6253921468614, 40.28714202498493], [115.62550975849223, 40.287143422440884], [115.62550610899217, 40.28732355757021], [115.62562372094322, 40.287324954915526], [115.6256200717223, 40.28750509004779], [115.62573768399362, 40.287506487282435], [115.6257322105686, 40.28777668998305], [115.62584982331623, 40.28777808711144], [115.62584617463713, 40.28795822224667], [115.62596378770503, 40.287959619264406], [115.62595831509275, 40.28822982196943], [115.62607592863696, 40.28823121888092], [115.6260722804997, 40.28841135401907], [115.62618989436419, 40.28841275081991], [115.6261844225647, 40.28868295352934], [115.62630203690551, 40.28868435022391], [115.62630021311196, 40.28877441779522], [115.626417827617, 40.28877581437469], [115.62640688561903, 40.28931621979794], [115.62652450106853, 40.28931761628444], [115.62651355971074, 40.28985802168112], [115.62663117610467, 40.28985941807463], [115.62662023538711, 40.29039982344474], [115.62673785272553, 40.29040121974524], [115.62672508927325, 40.29103169264087], [115.62684270771223, 40.2910330888528], [115.62682994494942, 40.29166356170709], [115.62694756448899, 40.29166495783043], [115.62694209507833, 40.29193516047341], [115.62705971509429, 40.291936556490484], [115.62705606909154, 40.29211669158727], [115.62717368942779, 40.29211808749365], [115.6271700437043, 40.29229822259337], [115.62728766436089, 40.29229961838907], [115.62727855068857, 40.29274995613465], [115.62739617213373, 40.292751351832905], [115.62739434953065, 40.292841419382015], [115.62751197114007, 40.292842814965155], [115.62750832622143, 40.29302295006779], [115.62762594815119, 40.29302434554024], [115.6276223035118, 40.2932044806458], [115.62773992576194, 40.29320587600754], [115.62773810358598, 40.29329594356253], [115.62785572600038, 40.293297338809154], [115.62785208193596, 40.29347747392356], [115.62796970467072, 40.29347886905949], [115.62796606088557, 40.29365900417682], [115.62808368394066, 40.29366039920203], [115.6280800404348, 40.29384053432229], [115.62819766381027, 40.293841929236805], [115.62819402058368, 40.29402206436], [115.6283116442795, 40.29402345916382], [115.62830800133223, 40.29420359428994], [115.62842562534841, 40.29420498898305], [115.62842016133409, 40.294475191674415], [115.62853778582672, 40.29447658626123], [115.62853050098364, 40.2948368565134], [115.6286481261088, 40.29483825099834], [115.62864084175862, 40.295198521244565], [115.62875846751633, 40.29519991562762], [115.62874936267427, 40.2956502534243], [115.6288669892206, 40.295651647709875], [115.62885788495372, 40.296101985491745], [115.62897551228869, 40.29610337967985], [115.62896640859697, 40.296553717446926], [115.6290840367206, 40.29655511153756], [115.62907857487534, 40.29682531419335], [115.62919620347546, 40.296826708177655], [115.62919074202459, 40.29709691083341], [115.62930837110122, 40.29709830471142], [115.62925921893341, 40.29953012813502], [115.62914158564192, 40.29952873413786], [115.62912884041752, 40.30015920667092], [115.62924647480189, 40.30016060069897], [115.62923737160448, 40.30061093820039], [115.62935500677764, 40.300612332130946], [115.62933862191024, 40.30142293958031], [115.6292209853319, 40.30142154561004], [115.6292191645939, 40.30151161309263], [115.62933680132836, 40.30151300706731], [115.6293222363778, 40.302233546910216], [115.62920459839428, 40.302232152900224], [115.62919913593394, 40.30250235530373], [115.62908149749022, 40.30250096116093], [115.62907785549663, 40.30268109608039], [115.62896021674884, 40.3026797018092], [115.62895839558361, 40.302769769262305], [115.62884075668788, 40.30276837486712], [115.62883893535827, 40.30285844231433], [115.62872129631461, 40.30285704779516], [115.6287176533185, 40.30303718267633], [115.62860001397074, 40.303035788028744], [115.62859637062951, 40.303215922895184], [115.62847873097769, 40.3032145281192], [115.62847508729128, 40.303394662970916], [115.6283574473354, 40.30339326806652], [115.62835380330382, 40.30357340290351], [115.62823616304387, 40.30357200787069], [115.62823069646645, 40.30384221010186], [115.62811305574624, 40.3038408149362], [115.6281094110079, 40.30402094974079], [115.62799176998364, 40.304019554446725], [115.627989947446, 40.304109621842386], [115.62787230627377, 40.304108226424326], [115.62786866086152, 40.304288361202374], [115.62775101938523, 40.304286965655905], [115.62774372783745, 40.30464723517664], [115.62762608574477, 40.304645839492906], [115.62762243960924, 40.30482597423559], [115.62774008201424, 40.30482736992816], [115.62773643615816, 40.305007504673775], [115.6278540788837, 40.3050089002556], [115.62785043330705, 40.30518903500414], [115.62808571940742, 40.305191825826704], [115.62808389691911, 40.305281893207614], [115.62820154013777, 40.30528328844393], [115.62819971779739, 40.30537335582777], [115.62843500457171, 40.30537614595048], [115.62843318253543, 40.305466213341674], [115.62866846965497, 40.30546900299489], [115.62866664792278, 40.30555907039344], [115.62878429165102, 40.305560465045076], [115.6287824700668, 40.30565053244657], [115.62901775786027, 40.3056533213999], [115.62901411529182, 40.305833456216135], [115.62913175951321, 40.30583485052225], [115.62912993837284, 40.305924917932565], [115.6292475827586, 40.3059263121235], [115.62924576176619, 40.306016379536764], [115.62936340631633, 40.30601777361254], [115.62935976461918, 40.306197908443444], [115.62947740948988, 40.306199302408444], [115.62947558878514, 40.306289369826096], [115.62959323382022, 40.306290763675925], [115.62959141326346, 40.30638083109651], [115.62970905846292, 40.30638222483116], [115.62970723805411, 40.3064722922547], [115.62982488341794, 40.306473685874174], [115.6298230631571, 40.30656375330064], [115.62994070868531, 40.30656514680493], [115.62993888857244, 40.30665521423434], [115.63005653426502, 40.30665660762344], [115.6300547143001, 40.306746675055784], [115.63017236015708, 40.30674806832972], [115.63017054034016, 40.30683813576499], [115.6302881863615, 40.30683952892373], [115.6302863666925, 40.30692959636195], [115.63052165907219, 40.3069323823295], [115.63051983970735, 40.30702244977505], [115.63075513243218, 40.30702523527304], [115.63075331337149, 40.30711530272593], [115.63098860644149, 40.30711808775436], [115.63098678768496, 40.3072081552146], [115.63133972782, 40.30721233187352], [115.63133790952378, 40.30730239934551], [115.63180849711001, 40.30730796656736], [115.63180667943033, 40.3073980340555], [115.6321596206746, 40.30740220822937], [115.63215780345524, 40.30749227572925], [115.63239309797144, 40.30749505792266], [115.63239128105626, 40.30758512542987], [115.63262657591757, 40.307587907153696], [115.63262475930654, 40.30767797466824], [115.63274240690568, 40.30767936535516], [115.63274059044265, 40.307769432872625], [115.63297588597784, 40.30777221389649], [115.63297406981899, 40.30786228142129], [115.63309171775505, 40.307863671758234], [115.63308990174419, 40.30795373928596], [115.63344284607007, 40.307957909592396], [115.63344103051956, 40.30804797713185], [115.63367632709014, 40.308050756746944], [115.6336745118438, 40.308140824293716], [115.63379216029756, 40.30814221392627], [115.63379034519922, 40.30823228147598], [115.63390799381735, 40.30823367099334], [115.63390617886702, 40.308323738545965], [115.6340238276495, 40.308325127948116], [115.63402201284718, 40.30841519550366], [115.63413966179405, 40.30841658479061], [115.63413784713973, 40.308506652349095], [115.63425549625094, 40.308508041520845], [115.63425368174465, 40.30859810908224], [115.63437133102023, 40.30859949813878], [115.63436951666193, 40.3086895657031], [115.63472246500639, 40.30869373216833], [115.63472065110847, 40.308783799744376], [115.63601479738597, 40.30879906762257], [115.6360166095658, 40.30870899999818], [115.63636955825366, 40.30871316144016], [115.63637136995676, 40.30862309380114], [115.63660666881047, 40.30862586748899], [115.636608480193, 40.308535799839724], [115.63684377876703, 40.308538573040394], [115.63684558982901, 40.308448505380866], [115.63708088812332, 40.30845127809436], [115.63708269886477, 40.308361210424586], [115.63731799687936, 40.30836398265091], [115.63731980730029, 40.308273914970876], [115.63755510503516, 40.308276686710016], [115.63755691513552, 40.30818661901972], [115.63779221259067, 40.30818939027169], [115.63779402237051, 40.308099322571174], [115.63802931954595, 40.308102093335975], [115.63803112900527, 40.30801202562521], [115.63850172282928, 40.30801756570208], [115.63850353165569, 40.3079274979723], [115.63932707006848, 40.30793718847159], [115.63932526233536, 40.30802725623205], [115.6401488022409, 40.308036940901694], [115.64014699559296, 40.308127008691336], [115.6414411322548, 40.30814221566573], [115.64143932731676, 40.30823228350205], [115.6419099233355, 40.30823780974041], [115.64190811901406, 40.30832787759276], [115.64226106658214, 40.30833202102885], [115.64225926272113, 40.30842208889284], [115.64261221083099, 40.30842623126565], [115.6426104074304, 40.30851629914126], [115.64284570652333, 40.30851906013387], [115.64284390342702, 40.30860912801677], [115.64307920286488, 40.30861188853969], [115.6430774000728, 40.30870195642985], [115.64319504996013, 40.30870333651628], [115.6431932473161, 40.30879340440933], [115.64331089736774, 40.30879478438053], [115.64330909487178, 40.30888485227649], [115.64342674508775, 40.30888623213246], [115.64342494273986, 40.30897630003129], [115.64354259312013, 40.30897767977203], [115.64353898871236, 40.30915781557401], [115.64365663941315, 40.309159195203875], [115.64365303528528, 40.30933933100871], [115.64377068630658, 40.30934071052771], [115.6437670824586, 40.309520846335396], [115.64388473380042, 40.30952222574352], [115.64388113023233, 40.30970236155403], [115.64399878189471, 40.30970374085127], [115.6439915752858, 40.310064012472104], [115.64410922758107, 40.3100653916672], [115.64410202146698, 40.310425663281904], [115.64421967439522, 40.31042704237487], [115.64421607160183, 40.31060717818211], [115.6443337248506, 40.3106085571642], [115.64433012233714, 40.310788692974285], [115.64444777590646, 40.31079007184549], [115.64444597479373, 40.31088013975268], [115.64456362852737, 40.31088151850863], [115.64456182756275, 40.31097158641872], [115.64467948146073, 40.31097296505943], [115.64467768064418, 40.3110630329724], [115.6447953347065, 40.31106441149786], [115.64479353403803, 40.31115447941374], [115.64491118826467, 40.311155857823934], [115.64490938774432, 40.3112459257427], [115.64502704213528, 40.311247304037664], [115.64502524176302, 40.311337371959304], [115.64514289631833, 40.31133875013903], [115.64514109609415, 40.31142881806355], [115.64537640554153, 40.311431574072856], [115.64537460562167, 40.31152164200465], [115.64572757032226, 40.311525775134584], [115.64572577086292, 40.31161584307799], [115.64607873610518, 40.31161997514446], [115.64607693710639, 40.31171004309947], [115.6463122476209, 40.3117127972211], [115.64631044892641, 40.31180286518336], [115.6465457597858, 40.311805618835244], [115.64654396139565, 40.311895686804746], [115.64677927259991, 40.31189843998687], [115.64677747451408, 40.311988507963605], [115.64689513028459, 40.31198988437961], [115.64689333234688, 40.312079952359234], [115.6470109882817, 40.31208132865998], [115.64700919049211, 40.3121713966425], [115.64712684659128, 40.31217277282797], [115.64712504894976, 40.312262840813354], [115.64724270521326, 40.312264216883584], [115.64724090771989, 40.312354284871866], [115.64747622058363, 40.31235703666215], [115.64747262619744, 40.3125371726517], [115.64759028295391, 40.31253854837613], [115.6475884859049, 40.312628616373054], [115.6477061428257, 40.31262999198222], [115.6477043459248, 40.31272005998202], [115.64782200300992, 40.31272143547592], [115.64782020625712, 40.31281150347861], [115.6479378635066, 40.312812878857244], [115.6479360669019, 40.31290294686281], [115.6480537243157, 40.31290432212619], [115.64805192785916, 40.31299439013462], [115.64816958543729, 40.31299576528273], [115.64816778912886, 40.313085833294046], [115.64828544687131, 40.31308720832688], [115.64828365071102, 40.313177276341094], [115.64840130861779, 40.313178651258646], [115.64839951260564, 40.31326871927574], [115.64851717067673, 40.31327009407802], [115.64851537481269, 40.313360162097986], [115.64863303304813, 40.313361536785], [115.64863123733221, 40.313451604807845], [115.64886655413983, 40.31345435383172], [115.64886475872828, 40.3135444218618], [115.64898241730049, 40.31354579619867], [115.64898062203706, 40.31363586423161], [115.64921593951817, 40.31363861255515], [115.64921414455914, 40.313728680595325], [115.64956712131023, 40.313732802196505], [115.64956532681178, 40.31382287024825], [115.65015362233996, 40.313829737212814], [115.65015541605722, 40.313739669139316], [115.65039073401266, 40.31374241507906], [115.65039252740935, 40.31365234699542], [115.65051018624297, 40.3136537197815], [115.6505083930025, 40.31374378786951], [115.65062605200043, 40.313745160540314], [115.65061350018428, 40.314375637145496], [115.65073116028393, 40.3143770097271], [115.65072936729123, 40.314467077812004], [115.65084702755523, 40.314468450278326], [115.65084344185803, 40.31464858645242], [115.65096110244261, 40.314649958807806], [115.65095930973813, 40.31474002689698], [115.65107697048698, 40.31474139913708], [115.65107338536626, 40.314921535319705], [115.65119104643573, 40.31492290744886], [115.65118925401946, 40.3150129755423], [115.65130691525324, 40.31501434755617], [115.65130512298515, 40.31510441565249], [115.65154044578944, 40.315107159330026], [115.65153865382577, 40.31519722743356], [115.65247994661611, 40.3152081973932], [115.65247815589429, 40.31529826552999], [115.65283114129268, 40.31530237730395], [115.65283293154575, 40.31521230915415], [115.65306825487255, 40.31521504972996], [115.65307004480506, 40.315124981570015], [115.65330536785166, 40.31512772165862], [115.65330715746362, 40.31503765348853], [115.65342481884277, 40.315039023349065], [115.65342660829042, 40.31494895517315], [115.6535442695214, 40.31495032490971], [115.6535460588047, 40.31486025672799], [115.65366371988752, 40.31486162634058], [115.65366550900653, 40.314771558153055], [115.65378316994119, 40.31477292764168], [115.65378853678106, 40.314502723057274], [115.65390619725505, 40.314504092413266], [115.65390977479548, 40.31432395600763], [115.65402743496506, 40.314325325235316], [115.65403101216076, 40.314145188815125], [115.65414867202591, 40.314146557914526], [115.65415046045543, 40.314056489697876], [115.65426812017242, 40.31405785867331], [115.65426990843763, 40.31396779045086], [115.65450522758336, 40.31397052803419], [115.65450701552803, 40.3138804598016], [115.65462467495672, 40.3138818284095], [115.65462646273713, 40.3137917601711], [115.65474412201766, 40.31379312865503], [115.65474769724176, 40.31361299216517], [115.65486535621788, 40.31361436052081], [115.65486893109727, 40.31343422401639], [115.65498658976901, 40.31343559224374], [115.65498837704037, 40.313345523985], [115.65510603556393, 40.3133468920884], [115.655107822671, 40.31325682382384], [115.65522548104641, 40.313258191803286], [115.65522726798918, 40.313168123532925], [115.65534492621642, 40.31316949138842], [115.6553467129949, 40.31307942311226], [115.65546437107395, 40.31308079084379], [115.65546615768818, 40.312990722561835], [115.65558381561905, 40.31299209016944], [115.65558560206898, 40.31290202188167], [115.65593857544127, 40.31290612397371], [115.65592964545453, 40.31335646546274], [115.65581198687455, 40.31335509819671], [115.65579591098485, 40.31416571274524], [115.65567825100685, 40.31416434532062], [115.65567646460035, 40.314254413592096], [115.65579412473463, 40.31425578102105], [115.65578697965309, 40.31461605410955], [115.65590464042035, 40.31461742143618], [115.65589392349382, 40.31515783105074], [115.65577626178909, 40.315156463698145], [115.65577447545024, 40.31524653195774], [115.65565681359729, 40.315245164481176], [115.65565324058292, 40.315425300987336], [115.65553557842556, 40.31542393338247], [115.65553379175003, 40.315514001629005], [115.65541612944448, 40.315512633900184], [115.65540004759586, 40.316323248013774], [115.65551771130768, 40.31632461578156], [115.65551592455158, 40.31641468401337], [115.65563358842772, 40.31641605166585], [115.65563180181981, 40.31650611990052], [115.65574946586024, 40.31650748743769], [115.65574767940053, 40.316597555675216], [115.65598300781811, 40.3166002903993], [115.65598122166284, 40.316690358644], [115.65609888603998, 40.31669172583093], [115.65609710003294, 40.31678179407847], [115.65621476457437, 40.316783161150084], [115.65621297871552, 40.3168732294005], [115.65633064342127, 40.3168745963568], [115.65632885771063, 40.316964664610076], [115.65644652258071, 40.31696603145106], [115.65644473701828, 40.31705609970719], [115.65656240205264, 40.317057466432864], [115.65656061663843, 40.31714753469184], [115.65667828183709, 40.31714890130219], [115.6566764965711, 40.31723896956402], [115.6567941619341, 40.317240336059065], [115.65679237681628, 40.31733040432376], [115.65702770787897, 40.31733313696357], [115.65702592306565, 40.31742320523544], [115.65726125447304, 40.31742593740534], [115.65725946996419, 40.31751600568438], [115.65796546531713, 40.31752419934862], [115.65796368173784, 40.31761426765213], [115.65819901389904, 40.31761699792506], [115.65819723062421, 40.317707066235734], [115.65878556194929, 40.317713889845905], [115.65878377944775, 40.317803958176704], [115.659725111236, 40.31781486976609], [115.65972332997654, 40.317904938129985], [115.66031166338665, 40.317911754006516], [115.66030988290053, 40.3180018223905], [115.66066288351176, 40.31800591049364], [115.66066110348642, 40.31809597888909], [115.66101410463872, 40.31810006592837], [115.66101232507415, 40.31819013433529], [115.6613653267675, 40.3181942203107], [115.66136354766371, 40.31828428872908], [115.66183421732558, 40.318289735038505], [115.66183243883886, 40.31837980347266], [115.66206777403046, 40.3183825259181], [115.6620659958483, 40.31847259435941], [115.66230133138451, 40.318475316334904], [115.66229955350686, 40.31856538478335], [115.66241722144326, 40.31856674559592], [115.66241544371385, 40.31865681404719], [115.66265077992328, 40.31865953532203], [115.66264900249841, 40.31874960378046], [115.66288433905245, 40.31875232458531], [115.66288256193214, 40.31884239305088], [115.66311789883078, 40.31884511338577], [115.66311612201497, 40.31893518185847], [115.66335145925825, 40.31893790172337], [115.663349682747, 40.31902797020321], [115.66358502033485, 40.31903068959812], [115.66358324412813, 40.319120758085106], [115.66370091309037, 40.31912211760739], [115.66369913703194, 40.31921218609719], [115.66381680615844, 40.31921354550414], [115.66381503024827, 40.31930361399677], [115.6640503688379, 40.31930633246031], [115.66404859323225, 40.319396400960095], [115.66416626269536, 40.31939776001669], [115.66416448723801, 40.3194878285193], [115.66428215686541, 40.31948918746055], [115.66428038155632, 40.31957925596596], [115.66439805134802, 40.319580614791874], [115.66439627618722, 40.319670683300146], [115.66451394614317, 40.31967204201069], [115.66451217113064, 40.31976211052177], [115.66474751137918, 40.31976482759252], [115.66474573667121, 40.31985489611075], [115.6659224399568, 40.319868474328295], [115.6659206668037, 40.31995854288804], [115.66709737245186, 40.31997210918325], [115.66709560085359, 40.32006217778445], [115.66791929637675, 40.320071667101764], [115.66791752586452, 40.32016173573153], [115.66827053882027, 40.32016580079987], [115.6682687687689, 40.32025586944105], [115.66862178226533, 40.320259933445335], [115.6686200126749, 40.32035000209792], [115.66885535535832, 40.320352710844425], [115.66885358607246, 40.320442779504084], [115.66908892910038, 40.320445487780546], [115.66908716011913, 40.32053555644732], [115.66920483180137, 40.320536910410354], [115.6692030629684, 40.32062697907994], [115.66943840666939, 40.3206296866556], [115.66943663814104, 40.32071975533229], [115.66955431015978, 40.320721108944916], [115.66955254177975, 40.32081117762442], [115.6699055583527, 40.32081523775722], [115.6699037904336, 40.32090530644811], [115.67013913516803, 40.3209080126136], [115.67013736755351, 40.320998081311565], [115.67049038518381, 40.32100213967521], [115.67048861803022, 40.32109220838455], [115.6706062907459, 40.32109356093739], [115.67060452374062, 40.32118362964957], [115.67083986950847, 40.32118633440484], [115.67083810280783, 40.3212764031241], [115.67107344892015, 40.3212791074093], [115.67107168252413, 40.32136917613564], [115.67130702898092, 40.32137187995075], [115.6713052628895, 40.321461948684195], [115.67142293628618, 40.32146330041653], [115.67142117034311, 40.32155336915278], [115.671538843904, 40.32155472076975], [115.67153707810928, 40.3216447895088], [115.67165475183445, 40.32164614101038], [115.67165298618808, 40.32173620975225], [115.67177066007748, 40.321737561138455], [115.67176889457944, 40.3218276298831], [115.67188656863314, 40.32182898115393], [115.67188303792577, 40.32200911864739], [115.67200071230003, 40.3220104698071], [115.67199718187342, 40.32219060730322], [115.67211485656826, 40.32219195835183], [115.6721113264224, 40.32237209585063], [115.6722290014378, 40.322373446788134], [115.67222547157273, 40.322553584289594], [115.67234314690872, 40.322554935115974], [115.67234138212054, 40.32264500386878], [115.67245905762077, 40.322646354579774], [115.67245729298094, 40.32273642333538], [115.67257496864546, 40.322737773930996], [115.672573204154, 40.32282784268939], [115.67269087998277, 40.32282919316961], [115.67268911563966, 40.32291926193083], [115.67292446763369, 40.322921962540796], [115.67292270359525, 40.32301203130909], [115.67315805593374, 40.323014731448936], [115.67315629219995, 40.32310480022429], [115.6735093212363, 40.323108849549385], [115.67350755796346, 40.32319891833611], [115.67421361718873, 40.323207013780866], [115.67421537952363, 40.32311694496851], [115.67456840877463, 40.32312099106255], [115.67457017063268, 40.32303092223594], [115.67480552319378, 40.32303361902509], [115.67480728473127, 40.322943550188455], [115.67492496086741, 40.32294489839926], [115.67493905163073, 40.322224347619084], [115.67505672652436, 40.32222569567608], [115.67506024882313, 40.32204555795781], [115.67517792341211, 40.32204690588661], [115.67517968439329, 40.321956837020984], [115.67529735883387, 40.321958184825874], [115.6752991196508, 40.321868115954516], [115.67541679394306, 40.32186946363546], [115.67541855459574, 40.32177939475838], [115.67565390289143, 40.32178208975275], [115.67565566322357, 40.32169202086565], [115.67612635928504, 40.32169740940138], [115.67612811898402, 40.32160734049577], [115.67648114064457, 40.32161138062832], [115.67648289986671, 40.32152131170845], [115.67707126867812, 40.32152804284817], [115.67707302711082, 40.3214379739055], [115.67742604802393, 40.32144201114063], [115.67742780597982, 40.32135194218372], [115.67778082649538, 40.32135597832911], [115.67778258397446, 40.321265909357955], [115.67825327748098, 40.32127128919285], [115.67825503432691, 40.32118122020319], [115.67849038081513, 40.32118390939416], [115.67849213734054, 40.32109384039453], [115.67896282978684, 40.32109921732353], [115.67896107388663, 40.32118928634018], [115.67907874717427, 40.32119063027754], [115.67906996833587, 40.321640975360054], [115.67918764241296, 40.32164231919902], [115.67918413113476, 40.321822457230255], [115.67906645674509, 40.32182111338278], [115.6790629451226, 40.32200125139961], [115.67929829453512, 40.322003938991905], [115.67929653902463, 40.32209400800662], [115.6796495636717, 40.32209803851036], [115.67964780862222, 40.322188107536356], [115.67988315873914, 40.32219079394902], [115.67988140399433, 40.32228086298207], [115.67999907922098, 40.32228220601315], [115.67999206078782, 40.32264248214762], [115.67987438493596, 40.32264113909953], [115.67987263015158, 40.32273120812522], [115.67975495415132, 40.32272986495321], [115.67975319920272, 40.322819933973186], [115.67928249465555, 40.32281456007146], [115.6792842502294, 40.3227244910685], [115.6791665742687, 40.32272314729816], [115.67917008570527, 40.32254300929634], [115.67905241006513, 40.32254166541483], [115.67905943346845, 40.322181389410574], [115.67870640847121, 40.322177357099115], [115.67870465216335, 40.32226742608962], [115.67858697702378, 40.32226608174221], [115.67858522055168, 40.32235615072701], [115.67740846802901, 40.32234270062885], [115.67741022606418, 40.32225263168664], [115.67729255101182, 40.32225128602292], [115.67729079282033, 40.32234135496087], [115.6771731176196, 40.32234000917323], [115.67717135926387, 40.32243007810545], [115.67705368391475, 40.32242873219388], [115.6770519253948, 40.32251880112036], [115.67693424989731, 40.32251745508486], [115.67693073252099, 40.3226975929249], [115.6768130567188, 40.32269624676122], [115.67680953899813, 40.32287638458684], [115.67669186289125, 40.322875038294974], [115.67668658578182, 40.3231452450096], [115.67656890921394, 40.32314389858527], [115.67656187233169, 40.32350417416715], [115.67667954952482, 40.32350552060852], [115.6766760313487, 40.32368565839915], [115.67655835384295, 40.323684311949265], [115.67655483532248, 40.32386444972548], [115.67667251314087, 40.32386579618391], [115.67667075402505, 40.32395586507406], [115.67655307605034, 40.32395451861139], [115.67654603888245, 40.324314794140314], [115.67642836029036, 40.32431344754091], [115.67642484134616, 40.32449358528802], [115.67630716244938, 40.32449223856042], [115.67630540280906, 40.324582307427505], [115.67618772376389, 40.32458096057597], [115.67618420414675, 40.3247610982972], [115.6760665247969, 40.32475975131746], [115.67606476482008, 40.32484982017161], [115.67618244432629, 40.324851167155614], [115.6761806844979, 40.324941236012556], [115.67641604384677, 40.324943929630074], [115.67639492903878, 40.326024755900995], [115.67651261060108, 40.326026102581395], [115.67650909166798, 40.32620624028115], [115.67662677355092, 40.32620758685039], [115.67662149556075, 40.32647779340179], [115.67673917792065, 40.32647913986414], [115.67673214111471, 40.32683941526245], [115.67684982410789, 40.32684076162216], [115.67684630597, 40.32702089932104], [115.6769639892838, 40.32702224556958], [115.6769587124865, 40.32729245211963], [115.67707639627726, 40.32729379826127], [115.67707287868541, 40.32747393596249], [115.67719056279682, 40.327475281992974], [115.67718880414535, 40.32756535084562], [115.67730648842101, 40.327566696760684], [115.67730297140697, 40.3277468344701], [115.67742065600328, 40.327748180274], [115.67741889764069, 40.32783824913076], [115.6775365824013, 40.32783959481923], [115.67753306596505, 40.32801973253686], [115.67765075104626, 40.32802107811416], [115.67764723489103, 40.328201215834426], [115.67776492029287, 40.32820256130055], [115.67775261459423, 40.328833043305], [115.67763492809787, 40.328831697809065], [115.67763316995284, 40.328921766656705], [115.67775085660556, 40.3289231121569], [115.67774206654327, 40.32937345639432], [115.67785975398571, 40.32937480179613], [115.6778544803223, 40.3296450083337], [115.67797216824172, 40.329646353628576], [115.67797041049444, 40.32973642247577], [115.67808809857816, 40.3297377676552], [115.67808458337252, 40.32991790535367], [115.67831996018926, 40.329920595370496], [115.67831820288727, 40.33001066422603], [115.67843589146388, 40.330012009059146], [115.67843413431034, 40.33010207791749], [115.67902257809416, 40.33010880030892], [115.67902433446586, 40.33001873142931], [115.67914202309004, 40.33002007554425], [115.67914377929745, 40.32993000665892], [115.6793791562568, 40.3299326945212], [115.67938091214356, 40.329842625625886], [115.67949860047875, 40.32984396937322], [115.67950035620122, 40.329753900472184], [115.67961804438796, 40.32975524409558], [115.67961979994617, 40.329665175188815], [115.67985517603067, 40.329667862068], [115.67985693126822, 40.32957779315127], [115.68009230707165, 40.329580479543154], [115.68009406198854, 40.32949041061646], [115.6802117497458, 40.3294917536286], [115.68021350449843, 40.32940168469617], [115.68044887972388, 40.32940437035289], [115.68045063415586, 40.32931430141049], [115.68068600910027, 40.32931698657993], [115.68068776321162, 40.32922691762755], [115.68092313787496, 40.32922960230972], [115.68092489166565, 40.32913953334738], [115.68104257885281, 40.32914087550467], [115.68104433247927, 40.32905080653661], [115.6812797065646, 40.3290534904836], [115.6812814598704, 40.328963421505584], [115.6813991467686, 40.328964763295296], [115.6814008999101, 40.32887469431155], [115.68151858665983, 40.32887603597733], [115.68152033963712, 40.328785966987866], [115.68163802623837, 40.3287873085297], [115.68163977905137, 40.32869723953453], [115.6817574655042, 40.32869858095242], [115.68175921815293, 40.32860851195153], [115.68187690445731, 40.328609853245474], [115.68187865694179, 40.32851978423888], [115.68223171543323, 40.32852380738985], [115.68223346744074, 40.32843373836903], [115.682351153464, 40.32843507917573], [115.68234940161284, 40.32852514820078], [115.68293783262946, 40.32853185046012], [115.68293608155221, 40.32862191950491], [115.68470137813176, 40.32864200839268], [115.68469962939196, 40.32873207749961], [115.68646493009159, 40.328752139520034], [115.68646667648596, 40.32866207034961], [115.68658436310598, 40.32866340685585], [115.68659134797936, 40.32830313014254], [115.6864736619848, 40.32830179365321], [115.68648064735758, 40.3279415169333], [115.68636296199634, 40.3279401803412], [115.68636645494819, 40.32776004198087], [115.68624876990748, 40.32775870527755], [115.68625226314055, 40.327578566919826], [115.68613457842044, 40.327577230105284], [115.68613807193466, 40.32739709175013], [115.68602038753514, 40.32739575482435], [115.68602388133054, 40.3272156164718], [115.68590619725158, 40.32721427943479], [115.68590969132818, 40.32703414108483], [115.6857920075698, 40.3270328039366], [115.6857989962538, 40.32667252723594], [115.68568131312868, 40.326671189984964], [115.68568655502798, 40.32640098245675], [115.68580423768408, 40.32640231969503], [115.68580773193149, 40.32622218132706], [115.68592541428279, 40.32622351843718], [115.68592716123835, 40.32613344924677], [115.68604484344118, 40.32613478623298], [115.68604659023252, 40.32604471703685], [115.68616427228689, 40.32604605389914], [115.68616601891401, 40.32595598469733], [115.68651906465537, 40.32595999455342], [115.68652081080559, 40.32586992533746], [115.68699153794564, 40.32587527011978], [115.68699328346266, 40.32578520088541], [115.68722864676722, 40.32578787255004], [115.6872303919637, 40.325697803305744], [115.68758343651061, 40.32570180989238], [115.68758518123019, 40.32561174063393], [115.6879382253789, 40.32561574613077], [115.68793996962164, 40.32552567685817], [115.68829301337215, 40.3255296812652], [115.68829126959844, 40.32561975055049], [115.68840895102068, 40.3256210851177], [115.68840372012137, 40.3258912929774], [115.68828603823013, 40.32588995839752], [115.68828429442495, 40.325980027676906], [115.68816661238523, 40.32597869297312], [115.68816486841587, 40.32606876224682], [115.68804718622768, 40.32606742741911], [115.68804544209408, 40.326157496687145], [115.68792775975741, 40.32615616173552], [115.68792601545965, 40.32624623099784], [115.6878083329745, 40.32624489592232], [115.68780484404265, 40.32642503443409], [115.6876871612527, 40.32642369923044], [115.68768192732689, 40.326693906974405], [115.68756424407576, 40.326692571638375], [115.68756249926176, 40.3267826408792], [115.68744481586218, 40.32678130541927], [115.68744132589781, 40.32696144388804], [115.6873236421934, 40.326960108299964], [115.68732189704308, 40.32705017752793], [115.68743958090384, 40.32705151312023], [115.68743434587469, 40.32732172080795], [115.68755203021236, 40.32732305629325], [115.68755028534325, 40.327413125523776], [115.68766796984514, 40.3274144608936], [115.68766448039602, 40.32759459935874], [115.68778216521848, 40.327595934617335], [115.68778042063846, 40.32768600385191], [115.68801579061969, 40.32768867401849], [115.68801404634449, 40.32777874326004], [115.68813173150325, 40.327780078168026], [115.68812998737657, 40.32787014741235], [115.68824767269955, 40.32787148220486], [115.68824418473527, 40.328051620697536], [115.68836187037883, 40.32805295537882], [115.68835140723532, 40.32859337084692], [115.68846909382489, 40.32859470543386], [115.68846735009647, 40.32868477467762], [115.68858503685027, 40.32868610914908], [115.68858329327034, 40.32877617839561], [115.68870098018836, 40.32877751275161], [115.68869923675693, 40.32886758200088], [115.68881692383916, 40.328868916241404], [115.68881518055622, 40.328958985493436], [115.68893286780269, 40.328960319618496], [115.68893112466826, 40.329050388873284], [115.68904881207895, 40.329051722882866], [115.68904706909302, 40.329141792140405], [115.68916475666794, 40.32914312603451], [115.68916301383051, 40.3292331952948], [115.68928070156963, 40.32923452907343], [115.68927895888072, 40.32932459833648], [115.68939664678408, 40.32932593199964], [115.68939490424366, 40.32941600126544], [115.68951259231125, 40.32941733481313], [115.68951084991933, 40.32950740408166], [115.68962853815114, 40.329508737513876], [115.68962679590773, 40.32959880678517], [115.68974448430376, 40.32960014010192], [115.68974274220888, 40.32969020937596], [115.68986043076912, 40.32969154257722], [115.68985868882275, 40.32978161185401], [115.69009406627957, 40.32978427790589], [115.69009232463806, 40.32987434718965], [115.69044539135133, 40.329878345382376], [115.69044365017108, 40.329968414677325], [115.6905613392476, 40.32996974717305], [115.69055959821586, 40.33005981647075], [115.69067728745655, 40.330061148851], [115.69067554657336, 40.33015121815144], [115.69079323597829, 40.33015255041621], [115.69079149524362, 40.33024261971941], [115.69102687438979, 40.33024528389827], [115.69102513395998, 40.33033535320843], [115.69114282370124, 40.330336685122525], [115.69114108341995, 40.330426754435436], [115.69125877332543, 40.33042808623405], [115.69125703319267, 40.33051815554971], [115.69137472326236, 40.330519487232834], [115.69137298327813, 40.330609556551224], [115.6916083637538, 40.330612219566795], [115.69160488438732, 40.330792358216065], [115.69172257494968, 40.330793689552735], [115.69172083541105, 40.33088375887936], [115.6918385261376, 40.33088509010053], [115.69183678674752, 40.33097515942991], [115.69195447763832, 40.3309764905356], [115.69195273839675, 40.33106655986772], [115.69207042945177, 40.33106789085793], [115.69206869035875, 40.33115796019278], [115.69218638157798, 40.331159291067486], [115.69218290368113, 40.33133942974126], [115.692300595221, 40.33134076050468], [115.69229885641721, 40.33143082984357], [115.69241654812126, 40.331432160491495], [115.69241480946602, 40.331522229833126], [115.69253250133431, 40.33152356036556], [115.69252902431303, 40.33170369905284], [115.69264671650194, 40.331705029473994], [115.6926449781359, 40.33179509881964], [115.69276267048906, 40.331796429125305], [115.69276093227157, 40.331886498473686], [115.69287862478893, 40.33188782866385], [115.69287688672, 40.331977898014976], [115.69299457940161, 40.331979228089644], [115.69299284148121, 40.33206929744352], [115.69311053432705, 40.33207062740267], [115.6931087965552, 40.33216069675928], [115.69322648956523, 40.33216202660295], [115.69322475194195, 40.33225209596231], [115.69346013829832, 40.33225475529893], [115.69346187560885, 40.33216468593116], [115.69357956864238, 40.33216601541569], [115.69358304292713, 40.331985876667325], [115.69370073565574, 40.33198720602375], [115.69370247262995, 40.33189713664315], [115.69382016521001, 40.33189846587564], [115.69382190202003, 40.33180839648937], [115.69393959445155, 40.331809725597964], [115.69394133109734, 40.33171965620601], [115.69405902338028, 40.33172098519068], [115.69406075986187, 40.33163091579306], [115.69417845199627, 40.331632244653804], [115.69418018831361, 40.33154217525051], [115.69429788029947, 40.33154350398735], [115.69429961645262, 40.331453434578385], [115.69441730828991, 40.33145476319131], [115.69441904427885, 40.33136469377666], [115.6945367359676, 40.33136602226569], [115.69453847179233, 40.33127595284536], [115.69465616333252, 40.33127728121047], [115.69465789899301, 40.33118721178447], [115.69477559038467, 40.331188540025664], [115.69477732588095, 40.33109847059401], [115.69489501712405, 40.3310997987113], [115.69489675245613, 40.33100972927395], [115.69501444355068, 40.33101105726733], [115.69501791387862, 40.330830918379846], [115.69513560466821, 40.330832246245116], [115.69514254460468, 40.33047196843566], [115.69502485444056, 40.330470640587215], [115.6950283246746, 40.33029050168208], [115.69491063483106, 40.33028917372233], [115.69492104628355, 40.32974875699693], [115.69609793568857, 40.32976203095579], [115.69609620202976, 40.32985210045571], [115.69644926947288, 40.329856080321846], [115.69644753627536, 40.32994614983291], [115.69668291492262, 40.32994880248688], [115.69668118203002, 40.33003887200487], [115.6969165610213, 40.33004152418845], [115.69691482843362, 40.33013159371337], [115.69703251809734, 40.3301329196298], [115.69703078565824, 40.330222989157434], [115.69714847548616, 40.330224314958365], [115.69714674319562, 40.33031438448873], [115.69726443318773, 40.33031571017416], [115.69726270104574, 40.33040577970725], [115.69738039120202, 40.33040710527718], [115.69737692720737, 40.330587244347356], [115.69749461768421, 40.33058856980596], [115.6974894221028, 40.3308587784128], [115.69760711305659, 40.330860103764294], [115.697601917874, 40.33113031237049], [115.69748422645107, 40.33112898700641], [115.69747903072903, 40.33139919558681], [115.69736133884474, 40.331397870090434], [115.6973596067654, 40.33148793961009], [115.69712422270753, 40.33148528824984], [115.69712249030759, 40.33157535775964], [115.6968871059682, 40.331572705912166], [115.69688537324768, 40.331662775412106], [115.69676768093335, 40.331661449304605], [115.69676594804864, 40.33175151879888], [115.69664825558569, 40.331750192567476], [115.69664652253678, 40.33184026205608], [115.69652882992528, 40.33183893570078], [115.69652709671216, 40.33192900518372], [115.6964094039521, 40.3319276787045], [115.69639900357086, 40.33246809554611], [115.69651669726926, 40.332469422050515], [115.69649416417742, 40.33364032508053], [115.69637646844586, 40.333638998521536], [115.69637126784474, 40.33390920686523], [115.69625357165182, 40.33390788017392], [115.69625183794608, 40.33399794961468], [115.69613414160456, 40.33399662279945], [115.6961324077346, 40.33408669223455], [115.69601471124452, 40.33408536529541], [115.6960129772103, 40.33417543472482], [115.69589528057165, 40.334174107661774], [115.69587967250423, 40.33498473242266], [115.69576197446574, 40.33498340520208], [115.69575503671786, 40.3353436828186], [115.69610813273384, 40.3353476641716], [115.6960994627192, 40.33579801122222], [115.69621716218893, 40.33579933812144], [115.69621542831896, 40.335889407531354], [115.69633312795291, 40.33589073431504], [115.69633139423154, 40.33598080372771], [115.69680219347121, 40.33598610968205], [115.69680392656691, 40.33589604025259], [115.69692162623996, 40.33589736643767], [115.69692335917144, 40.33580729700256], [115.69704105869587, 40.33580862306371], [115.6970427914631, 40.33571855362295], [115.69727819022262, 40.33572120537768], [115.6972799226692, 40.335631135927045], [115.69739762190426, 40.33563246162062], [115.69739935418662, 40.33554239216432], [115.69751705327307, 40.335543717734], [115.6975187853912, 40.33545364827202], [115.69763648432907, 40.33545497371777], [115.69764514402041, 40.33500462636493], [115.69776284218402, 40.33500595166998], [115.69776457394244, 40.33491588219081], [115.69788227195745, 40.33491720737195], [115.69788400355165, 40.33482713788711], [115.69859019086718, 40.334835086434595], [115.69858846021143, 40.33492515594459], [115.6990592525369, 40.33493045259859], [115.699060982567, 40.33484038307185], [115.69953177439166, 40.334845677793545], [115.69953350378833, 40.334755608248564], [115.70000429511217, 40.334760901037974], [115.70000256634115, 40.334850970599724], [115.70059105645345, 40.33485758391371], [115.70058932845669, 40.33494765349491], [115.70106012131248, 40.33495294200785], [115.7010618486836, 40.33486287240993], [115.7012972448454, 40.33486551593969], [115.70129897189591, 40.33477544633191], [115.7014166698321, 40.334776767913034], [115.70141839671838, 40.33468669829962], [115.70153609450595, 40.33468801975683], [115.70153782122804, 40.33459795013775], [115.701655518867, 40.33459927147106], [115.70165724542487, 40.33450920184632], [115.70177494291521, 40.33451052305574], [115.70177666930891, 40.33442045342535], [115.70189436665062, 40.33442177451087], [115.7018960928801, 40.33433170487484], [115.7020137900732, 40.33433302583645], [115.70201896824577, 40.334062816906986], [115.7019012715219, 40.33406149595792], [115.70190817626865, 40.33370121738148], [115.70202587236692, 40.33370253831384], [115.70202759837771, 40.33361246866186], [115.70214529432735, 40.333613789470306], [115.70214702017397, 40.3335237198127], [115.70238241178377, 40.33352636106208], [115.70238413730983, 40.33343629139464], [115.70250183297001, 40.33343761183558], [115.70250355833187, 40.33334754216249], [115.7028566448899, 40.333351502754475], [115.70285836977477, 40.333261433067385], [115.70309376053955, 40.33326407285511], [115.70309548510386, 40.33317400315819], [115.70344857084018, 40.33317796192939], [115.70345029492752, 40.333087892218465], [115.70368568514448, 40.33309053079233], [115.70368740891125, 40.333000461071606], [115.70404049382581, 40.33300441802203], [115.7040370472229, 40.33318455748708], [115.70391935193082, 40.333183238614964], [115.7039176284613, 40.333273308341134], [115.70379993302059, 40.33327198934513], [115.70379820938689, 40.33336205906563], [115.70368051379756, 40.33336073994574], [115.7036787899997, 40.333450809660604], [115.70344339853152, 40.33344817105332], [115.70344167441311, 40.33353824075837], [115.70332397853427, 40.33353692127098], [115.70332225425167, 40.33362699097037], [115.70320455822421, 40.33362567135909], [115.70320283377741, 40.33371574105284], [115.70308513760136, 40.333714421317666], [115.70308341299038, 40.33380449100578], [115.70320110932285, 40.33380581074513], [115.70319593591246, 40.334076019813175], [115.70331363272192, 40.33407733944534], [115.70331018405558, 40.33425747882506], [115.70342788118565, 40.334258798345864], [115.703424432801, 40.33443893772805], [115.70354213025165, 40.33444025713748], [115.70353868214873, 40.33462039652216], [115.70377407769898, 40.334623034998586], [115.70377235394866, 40.334713104697066], [115.70447854172447, 40.33472101727807], [115.70448026453631, 40.33463094755454], [115.70471566021094, 40.33463358411542], [115.7047173827022, 40.33454351438208], [115.70495277809506, 40.33454615045572], [115.70495450026573, 40.33445608071256], [115.70542529051907, 40.33446135140656], [115.70542701205632, 40.334371281645254], [115.70589780180826, 40.33437655040704], [115.70589952271212, 40.334286480627576], [115.70613491732185, 40.33428911428182], [115.70613663790515, 40.334199044492564], [115.70625433506525, 40.334200361135935], [115.70625605548435, 40.334110291341034], [115.70637375249582, 40.33411160786052], [115.70637547275078, 40.334021538059986], [115.70649316961357, 40.33402285445558], [115.70649488970436, 40.33393278464943], [115.70661258641853, 40.33393410092114], [115.70661430634514, 40.333844031109344], [115.70673200291064, 40.333845347257174], [115.70673544242783, 40.33366520762084], [115.70685313868829, 40.333666523640616], [115.70685829743664, 40.33339631416261], [115.70697599323566, 40.33339763005018], [115.70697943204966, 40.3332174903825], [115.70709712754363, 40.333218806142035], [115.70709884678259, 40.33312873630182], [115.7072165421279, 40.33313005193747], [115.70721826120271, 40.333039982091634], [115.70733595639938, 40.3330412976034], [115.70733939421295, 40.33286115789899], [115.7074570891046, 40.33286247328271], [115.70745880784337, 40.33277240342414], [115.70769419733708, 40.33277503382412], [115.70769591575531, 40.332684963955764], [115.70804899958482, 40.33268890864539], [115.70805071752609, 40.33259883876306], [115.70840380095619, 40.33260278236279], [115.70840551842052, 40.332512712466524], [115.70899399017694, 40.33251928271766], [115.70899570685157, 40.332429212799134], [115.71029034367662, 40.33244365677123], [115.71029205862318, 40.3323535868055], [115.71064514108694, 40.3323575235442], [115.71064342660958, 40.33244759352238], [115.71099650961213, 40.33245152919612], [115.71099479559622, 40.3325415991853], [115.71123018461604, 40.33254422237753], [115.71122847090517, 40.332634292373534], [115.71134616558307, 40.33263560379423], [115.7113444520209, 40.33272567379292], [115.71146214686291, 40.332726985098056], [115.71145872002816, 40.33290712509934], [115.7115764151907, 40.33290843629307], [115.71157298863783, 40.333088576296774], [115.7116906841209, 40.33308988737909], [115.71168554470282, 40.3333600973861], [115.7118032406628, 40.33336140836114], [115.7118015276644, 40.333451478364694], [115.711683831548, 40.33345016738551], [115.71167697885147, 40.33381044736844], [115.7117946755935, 40.333811758364234], [115.71177925798196, 40.334622388277346], [115.71189695613936, 40.33462369919077], [115.7118935302313, 40.33480383916363], [115.71201122870927, 40.33480514996563], [115.71200780308314, 40.3349852899409], [115.71212550188166, 40.334986600631474], [115.71212207653745, 40.335166740609175], [115.71223977565653, 40.335168051188326], [115.71223806312925, 40.33525812117913], [115.71235576241247, 40.3352594316427], [115.7123540500339, 40.33534950163618], [115.71247174948125, 40.33535081198417], [115.71247003725136, 40.335440881980325], [115.71258773686287, 40.33544219221274], [115.71258602478169, 40.33553226221158], [115.71270372455733, 40.335533572328416], [115.71270030068462, 40.33571371233], [115.71281800078081, 40.3357150223354], [115.71281628898932, 40.33580509233813], [115.71293398924965, 40.33580640222795], [115.71293227760685, 40.335896472233365], [115.71304997803135, 40.335897782007606], [115.71304826653721, 40.3359878520157], [115.71316596712586, 40.335989161674355], [115.71316425578043, 40.336079231685126], [115.71328195653322, 40.3360805412282], [115.7132802453365, 40.336170611241656], [115.71339794625344, 40.33617192066915], [115.71339623520542, 40.336261990685266], [115.7135139362865, 40.33626329999718], [115.7135122253872, 40.336353370015985], [115.71362992663242, 40.33635467921231], [115.71362821588183, 40.336444749233785], [115.71374591729118, 40.33644605831452], [115.71374420668931, 40.33653612833868], [115.71386190826281, 40.33653743730383], [115.71386019780964, 40.33662750733067], [115.71397789954727, 40.33662881618023], [115.71397618924283, 40.33671888620974], [115.71409389114461, 40.33672019494371], [115.71409218098889, 40.3368102649759], [115.7142098830548, 40.33681157359429], [115.71420817304778, 40.33690164362914], [115.71432587527786, 40.33690295213193], [115.71432416541955, 40.336993022169466], [115.71444186781376, 40.336994330556685], [115.71444015810418, 40.337084400596886], [115.71455786066254, 40.33708570886851], [115.71455615110166, 40.33717577891139], [115.71467385382417, 40.33717708706741], [115.71467214441202, 40.33726715711296], [115.71478984729868, 40.33726846515339], [115.71478813803523, 40.337358535201616], [115.71490584108604, 40.33735984312645], [115.71490413197135, 40.33744991317736], [115.71502183518626, 40.337451220986594], [115.7150201262203, 40.337541291040175], [115.71513782959939, 40.33754259873382], [115.71513612078213, 40.33763266879008], [115.71525382432536, 40.337633976368124], [115.71525211565684, 40.33772404642704], [115.7153698193642, 40.337725353889496], [115.71536811084442, 40.33781542395109], [115.71548581471593, 40.33781673129795], [115.71548410634489, 40.337906801362216], [115.71560181038053, 40.33790810859346], [115.7156001021582, 40.33799817866039], [115.715717806358, 40.33799948577606], [115.71571609828442, 40.33808955584566], [115.71583380264838, 40.338090862845725], [115.71583209472352, 40.338180932918], [115.7159497992516, 40.33818223980246], [115.71594638369166, 40.33836237995087], [115.71606408854035, 40.33836368672386], [115.71606067326248, 40.33854382687469], [115.71617837843174, 40.338545133536215], [115.7161766709377, 40.33863520361356], [115.71629437627112, 40.338636510159496], [115.71629266892583, 40.33872658023951], [115.71641037442338, 40.33872788666983], [115.71640866722683, 40.338817956752514], [115.71676178423503, 40.33882187533745], [115.71676007750011, 40.33891194543106], [115.71699548919031, 40.33891455723058], [115.71699378276058, 40.339004627331], [115.71711148877368, 40.33900593305529], [115.71710807620404, 40.33918607325998], [115.71722578253771, 40.33918737887279], [115.71722237025021, 40.33936751907989], [115.71734007690448, 40.33936882458123], [115.71733495888485, 40.339639034893274], [115.71745266601617, 40.33964034028726], [115.71744754839662, 40.33991055059851], [115.717565256005, 40.33991185588515], [115.71755843303038, 40.340272136296115], [115.71767614127228, 40.34027344147952], [115.71766761316317, 40.340723791980906], [115.71778532219507, 40.34072509706523], [115.71776997252213, 40.34153572791247], [115.71765226208207, 40.34153442279097], [115.71764714491654, 40.34180463303459], [115.71752943401475, 40.341803327780944], [115.71752602221967, 40.34198346792776], [115.71740831101263, 40.341982162546095], [115.71740660494707, 40.34207223261316], [115.71728889359129, 40.34207092710763], [115.71728548112411, 40.34225106722911], [115.7170500578097, 40.34224845584223], [115.71704835125163, 40.3423385258925], [115.7169306394495, 40.34233722001529], [115.71692893272727, 40.34242729005998], [115.71669350883316, 40.34242467793802], [115.71669180179025, 40.34251474797295], [115.71657408969827, 40.34251344172821], [115.71657067527644, 40.34269358178541], [115.71645296287922, 40.34269227541265], [115.71645125550029, 40.34278234543492], [115.71633354295427, 40.34278103893826], [115.71633183541115, 40.342871108954924], [115.71621412271635, 40.34286980233437], [115.71621241500907, 40.34295987234543], [115.71609470216552, 40.34295856560099], [115.71609128641484, 40.34313870561045], [115.71632671273557, 40.343141318996125], [115.71632842030179, 40.34305124898386], [115.71668155937124, 40.343055168151785], [115.71667985227444, 40.34314523817646], [115.71679756546945, 40.343146544330395], [115.71679073763121, 40.34350682443094], [115.71690845145986, 40.343508130481645], [115.71690674463753, 40.343598200507266], [115.71714217263089, 40.34360081225766], [115.71714046611385, 40.34369088229007], [115.71737589445097, 40.34369349356968], [115.71737418823918, 40.34378356360888], [115.71749190257576, 40.3437848690732], [115.71749360863106, 40.34369479902985], [115.71855303659824, 40.34370654278214], [115.7185513319513, 40.34379661286264], [115.7190221896515, 40.34380182921082], [115.71902389367249, 40.34371175911381], [115.71925932225574, 40.34371436656108], [115.71926102595609, 40.34362429645433], [115.71996731095136, 40.343632115897115], [115.7199690137051, 40.34354204576415], [115.72055758396328, 40.34354855865243], [115.72055928592695, 40.343458488497404], [115.72091242770455, 40.34346239478088], [115.72091412919109, 40.34337232461201], [115.72126727056829, 40.34337622980527], [115.7212689715777, 40.343286159622586], [115.7220929672977, 40.34329526751978], [115.72209466720405, 40.34320519730679], [115.72280094860996, 40.343212999380476], [115.72280264756975, 40.34312292914133], [115.72480377705733, 40.34314501153387], [115.72480208075773, 40.34323508184293], [115.72491979448237, 40.34323637973346], [115.72492149062549, 40.343146309420305], [115.72515691778479, 40.34314890483388], [115.72516030942215, 40.34296876418675], [115.72527802270031, 40.342970061705685], [115.72527971835103, 40.34287999137581], [115.72539743148037, 40.34288128877088], [115.72539912696698, 40.34279121843544], [115.72551683994747, 40.342792515706634], [115.72552023058476, 40.342612375023144], [115.72563794325995, 40.34261367216638], [115.72564302868913, 40.34234346111779], [115.72576074090253, 40.34234475812897], [115.72576243587382, 40.342254687772396], [115.72588014793838, 40.34225598465971], [115.7258835375451, 40.34207584393398], [115.72600124930436, 40.34207714069331], [115.72600294393978, 40.341987070324144], [115.72623836716828, 40.34198966347535], [115.7262400614831, 40.3418995930965], [115.72635777295234, 40.341900889488365], [115.72635946710304, 40.34181081910394], [115.72647717842347, 40.34181211537195], [115.72647887241006, 40.34172204498197], [115.72659658358164, 40.34172334112612], [115.72659827740412, 40.34163327073057], [115.72683369945727, 40.34163586265141], [115.72683539295916, 40.341545792246194], [115.72707081472994, 40.34154838367981], [115.72707250791125, 40.34145831326492], [115.72730792939964, 40.341460904211324], [115.72730962226038, 40.341370833786755], [115.72742733285956, 40.34137212907623], [115.7274290255562, 40.3412820586461], [115.72766444646454, 40.341284648857595], [115.72766613884059, 40.34119457841781], [115.72778384914974, 40.34119587333983], [115.7277855413617, 40.341105802894475], [115.72790325152201, 40.34110709769263], [115.7279049435699, 40.34101702724173], [115.72802265358136, 40.34101832191604], [115.72802434546513, 40.340928251459566], [115.72814205532777, 40.34092954601004], [115.7281454387595, 40.34074940508448], [115.72826314831683, 40.340750699507], [115.72826483986478, 40.34066062903792], [115.72838254927329, 40.340661923336604], [115.72838424065715, 40.34057185286198], [115.72861965918415, 40.34057444109189], [115.72862135024744, 40.34048437060758], [115.72873905936589, 40.340485664538825], [115.72874075026512, 40.34039559404896], [115.72885845923476, 40.34039688785635], [115.72886353141723, 40.340126676365706], [115.72898123992513, 40.340127970041074], [115.7289880021025, 40.339767688016636], [115.7291057099922, 40.33976898155588], [115.729107400361, 40.33967891104201], [115.72922510810186, 40.3396802044574], [115.7292267983066, 40.33959013393797], [115.72946221349825, 40.339592720401335], [115.72946390338245, 40.339502649872244], [115.72969931829171, 40.33950523584844], [115.72970100785537, 40.3394151653097], [115.72981871516497, 40.339416458114094], [115.72982040456458, 40.33932638756981], [115.73017352606972, 40.33933026525223], [115.73017521499234, 40.3392401946942], [115.73064604314673, 40.33924536324466], [115.73064435484991, 40.33933543381904], [115.730762062064, 40.33933672566138], [115.73076037391604, 40.3394267962384], [115.73087808129418, 40.33942808796507], [115.73087639329506, 40.339518158544706], [115.7309941008373, 40.33951945015574], [115.73099072512906, 40.33969959131879], [115.73110843299182, 40.339700882818256], [115.73109324333618, 40.34051151801621], [115.7309755340653, 40.34051022647997], [115.7309721581896, 40.34069036761076], [115.73085444861339, 40.340689075946585], [115.73084938427334, 40.34095928761954], [115.73073167423534, 40.34095799582335], [115.73072829765766, 40.34113813692314], [115.73061058731436, 40.34113684499901], [115.73060721039325, 40.34131698608476], [115.73048949974464, 40.34131569403271], [115.73048781111616, 40.34140576456929], [115.73037010031871, 40.3414044723934], [115.73036672272602, 40.34158461345401], [115.73024901162321, 40.34158332115016], [115.73024732265898, 40.34167339167418], [115.73012961140735, 40.341672099246495], [115.730127922279, 40.34176216976496], [115.7300102108785, 40.34176087721343], [115.73000852158607, 40.34185094772633], [115.72989081003672, 40.341849655050964], [115.72988912058022, 40.341939725558305], [115.729771408882, 40.34193843275908], [115.72976971926138, 40.34202850326087], [115.72965200741433, 40.3420272103378], [115.72965031762962, 40.34211728083403], [115.72953260563372, 40.34211598778712], [115.7295309156849, 40.34220605827778], [115.72941320354015, 40.34220476510701], [115.72941151342724, 40.342294835592114], [115.72929380113364, 40.34229354229751], [115.72929211085663, 40.34238361277706], [115.72917439841416, 40.3423823193586], [115.72917270797304, 40.34247238983258], [115.72905499538174, 40.34247109629027], [115.72905330477653, 40.3425611667587], [115.72881787930382, 40.34255857930661], [115.7288144974446, 40.34273872022268], [115.72869678440671, 40.3427374263088], [115.72869509330918, 40.34282749676055], [115.72857738012246, 40.342826202722826], [115.72857568886081, 40.34291627316901], [115.72845797552523, 40.34291497900743], [115.7284562840995, 40.34300504944804], [115.72822085713828, 40.343002460757404], [115.72821916539193, 40.34309253118837], [115.72810145176626, 40.34309123665931], [115.72809975985582, 40.34318130708471], [115.72786433231445, 40.34317871765913], [115.72786264008339, 40.343268788074866], [115.72762721225959, 40.34326619816204], [115.72762551970796, 40.34335626856811], [115.727507805651, 40.34335497342796], [115.72750611293523, 40.34344504382847], [115.72738839872946, 40.343443748564454], [115.7273799342536, 40.34389410052449], [115.72749764924183, 40.34389539580901], [115.72749257093413, 40.344165606979736], [115.72761028639945, 40.34416690215677], [115.7276052084925, 40.3444371133266], [115.72772292443494, 40.344438408396186], [115.72771953943848, 40.34461854917694], [115.7278372557015, 40.34461984413495], [115.72783387098748, 40.34479998491805], [115.72795158757116, 40.34480127976448], [115.7279498953592, 40.34489135015794], [115.728067612107, 40.3448926448887], [115.72806422797316, 40.34507278567939], [115.72818194504158, 40.345074080298595], [115.72818025311972, 40.345164150695844], [115.72829797035226, 40.34516544519938], [115.72829627857926, 40.34525551559925], [115.72841399597596, 40.345256809987106], [115.72841230435182, 40.345346880389606], [115.72853002191263, 40.345348174661794], [115.72852833043737, 40.34543824506694], [115.7287637658949, 40.345440833260184], [115.72876207472501, 40.34553090367204], [115.72899751052606, 40.34553349139441], [115.72899581966153, 40.34562356181301], [115.72911353773, 40.34562485549863], [115.72911184701435, 40.34571492591985], [115.72958271999049, 40.34572009948101], [115.72958441008012, 40.345630029043406], [115.72993756442277, 40.3456339079444], [115.7299392540353, 40.34554383749306], [115.73052784397629, 40.34555029991219], [115.73052615514628, 40.34564037038398], [115.73099702786222, 40.34564553817976], [115.73099533965063, 40.34573560866644], [115.7312307763673, 40.34573819185389], [115.7312290884611, 40.34582826234727], [115.73146452552123, 40.3458308450638], [115.73146283792042, 40.34592091556389], [115.73216915022253, 40.345928660863464], [115.73217083688432, 40.34583859033885], [115.73252399266858, 40.34584246135946], [115.73252567885325, 40.34575239082113], [115.73276111576777, 40.34575497089451], [115.73276280163182, 40.34566490034654], [115.73323367492613, 40.3456700590397], [115.73323536015654, 40.34557998847395], [115.7340593876187, 40.34558901154721], [115.7340577034838, 40.34567908214154], [115.73452857711248, 40.345684235564754], [115.73453026062137, 40.345594164954115], [115.73488341545311, 40.3455980287517], [115.7348850984849, 40.34550795812738], [115.73523825291547, 40.34551182083478], [115.73523993547015, 40.34542175019677], [115.73559308949949, 40.345425611814015], [115.73559477157708, 40.345335541162314], [115.73583020732161, 40.3453381149668], [115.7358318890786, 40.345248044305485], [115.73630276003263, 40.34525319046095], [115.73630444115604, 40.345163119781866], [115.73677531160543, 40.34516826400471], [115.73677699209523, 40.345078193307906], [115.73713014454238, 40.34508205020526], [115.73713182455512, 40.34499197949476], [115.7376026939647, 40.34499712033151], [115.73760437334388, 40.34490704960328], [115.73795752501113, 40.34491090396106], [115.73795920391322, 40.34482083321918], [115.73819463808292, 40.34482340218406], [115.73819631666447, 40.344733331432565], [115.73854946750632, 40.34473718396943], [115.73855114561077, 40.34464711320428], [115.73866886241669, 40.34464839713963], [115.73867054035709, 40.344558326368954], [115.73878825701408, 40.344559610180475], [115.73878993479042, 40.34446953940427], [115.7389076512985, 40.34447082309197], [115.73890932891076, 40.34438075231022], [115.73914476163662, 40.34438331931818], [115.73914643892832, 40.34429324852686], [115.73938187137145, 40.34429581504762], [115.73938354834262, 40.34420574424671], [115.73950126441902, 40.34420702732338], [115.73950294122612, 40.34411695651694], [115.73962065715361, 40.34411823946978], [115.73963071689842, 40.34357781457602], [115.73951300190987, 40.34357653164754], [115.73951467866402, 40.34348646083085], [115.73939696383954, 40.34348517778667], [115.7393986407426, 40.34339510697258], [115.73928092608216, 40.34339382381269], [115.73928260313417, 40.343303753001194], [115.73904717414895, 40.34330118633026], [115.73904885150637, 40.34321111552543], [115.73834256567127, 40.34320341266271], [115.73834424396004, 40.34311334188079], [115.73810881572187, 40.34311077330993], [115.73811049431602, 40.343020702534666], [115.73799278036476, 40.343019418073666], [115.73799613784333, 40.34283927652688], [115.73787842421262, 40.34283799195424], [115.73788681855889, 40.34238763808198], [115.7380045314072, 40.34238892263429], [115.73801124612199, 40.34202863949384], [115.73812895835194, 40.342029923910125], [115.73813567231967, 40.341669640729975], [115.73801796071562, 40.34166835632995], [115.7380246751881, 40.34130807314263], [115.73814238616626, 40.34130935752639], [115.73814406460899, 40.34121928672184], [115.73849719711951, 40.34122313914241], [115.73849887508526, 40.34113306832418], [115.73873429648384, 40.34113563599768], [115.73873597412909, 40.34104556516987], [115.73897139524502, 40.34104813235622], [115.73897307256973, 40.340958061518826], [115.73909078298259, 40.3409593449283], [115.73909246014327, 40.340869274085364], [115.7392101704072, 40.340870557371034], [115.73921184740387, 40.34078048652258], [115.73932955751891, 40.34078176968443], [115.73933123435154, 40.34069169883045], [115.73944894431766, 40.3406929818685], [115.73946235745471, 40.33997241495141], [115.7395800661767, 40.339973697837216], [115.73958341907242, 40.33979355608517], [115.73970112748904, 40.339794838843105], [115.7397028037691, 40.33970476796084], [115.74005592859498, 40.33970861550398], [115.74005425278432, 40.33979868639843], [115.74087821207112, 40.33980765983634], [115.7408765373481, 40.33989773075774], [115.74099424600433, 40.33989901220251], [115.74099089684856, 40.34007915404901], [115.7408731878794, 40.34007787259613], [115.74086816361971, 40.34034808534274], [115.74075045418871, 40.34034680375794], [115.74074710433156, 40.34052694557358], [115.7406293945952, 40.340525663860916], [115.74062436928337, 40.340795876561224], [115.74050665908517, 40.340794594716634], [115.74050163323594, 40.34106480739158], [115.7403839225759, 40.34106352541507], [115.7403772207119, 40.34142380894492], [115.74025950943353, 40.341422526832424], [115.74025615814323, 40.34160266858045], [115.74037386973455, 40.341603950701064], [115.74035208764494, 40.34277487197313], [115.74046980127802, 40.34277615402674], [115.74046142399355, 40.343226508316526], [115.74057913841662, 40.34322779027065], [115.7405757877629, 40.343407931984444], [115.74069350250652, 40.34340921382694], [115.74069015213553, 40.34358935554296], [115.74080786719966, 40.3435906372738], [115.74080451711146, 40.34377077899208], [115.74092223249613, 40.34377206061128], [115.740915532855, 40.3441323440465], [115.74103324887321, 40.34413362556215], [115.74101817564708, 40.34494426324221], [115.74090045822042, 40.34494298169006], [115.74089208315898, 40.34539333588521], [115.74100980136818, 40.345394617457664], [115.74100477671016, 40.34566482996934], [115.7412402140902, 40.345667392779234], [115.74123853950208, 40.34575746362166], [115.74147397722537, 40.34576002596057], [115.74147230294271, 40.34585009680963], [115.74182546005379, 40.34585393943188], [115.74182713386692, 40.34576386857065], [115.74206257166571, 40.34576642971184], [115.74206424515829, 40.34567635884105], [115.74229968267427, 40.34567891949504], [115.74230135584625, 40.34558884861468], [115.74253679307941, 40.34559140878147], [115.74253846593086, 40.34550133789154], [115.74277390288118, 40.34550389757115], [115.74277557541207, 40.34541382667166], [115.74301101207956, 40.34541638586408], [115.74301268428991, 40.345326314955024], [115.74313040247847, 40.34532759436752], [115.74313207452477, 40.34523752345294], [115.7434852286662, 40.345241360959655], [115.74348690023544, 40.345151290031474], [115.74395777190355, 40.34515640501412], [115.74395944283924, 40.345066334068285], [115.74490118528522, 40.34507655825222], [115.74489951560156, 40.345166629230405], [115.74537038763134, 40.34517173846404], [115.74536871856614, 40.34526180945695], [115.7458395913424, 40.345266916790415], [115.74583792289567, 40.34535698779803], [115.74630879641838, 40.34536209323131], [115.74630712859016, 40.34545216425361], [115.74689572144533, 40.345458543370526], [115.74689405439213, 40.34554861441155], [115.74724721066498, 40.345552440456544], [115.7472488772487, 40.3454623694034], [115.74795518905833, 40.345470018235304], [115.74795352341368, 40.34556008931264], [115.74830667988948, 40.345563912123765], [115.74830501470683, 40.34565398321175], [115.74854045270791, 40.34565653116169], [115.74853878783077, 40.34574660225627], [115.74877422617493, 40.345749149735184], [115.74877256160329, 40.34583922083637], [115.74889028094314, 40.34584049440019], [115.74888861652047, 40.345930565503956], [115.74912405553575, 40.34593311228034], [115.7491223914186, 40.3460231833907], [115.749240111094, 40.34602445660326], [115.74923844712588, 40.34611452771616], [115.74935616696528, 40.34611580081298], [115.74935450314617, 40.34620587192847], [115.74947222314957, 40.346207144909535], [115.74947055947946, 40.346297216027594], [115.74958827964691, 40.346298488892906], [115.7495866161258, 40.346388560013516], [115.74970433645727, 40.34638983276309], [115.74970267308515, 40.34647990388628], [115.74982039358063, 40.3464811765201], [115.74981873035756, 40.346571247645834], [115.74993645101704, 40.34657252016392], [115.74993478794298, 40.346662591292215], [115.75017022959749, 40.346665135977084], [115.75016856682895, 40.34675520711198], [115.75040400882652, 40.34675775132579], [115.75040234636349, 40.34684782246728], [115.75052006753005, 40.34684909439854], [115.75051840521604, 40.34693916554259], [115.75063612654661, 40.34694043735809], [115.75063114002918, 40.347210650793535], [115.75074886183681, 40.347211922501344], [115.75074719980586, 40.347301993647584], [115.7508649217775, 40.34730326523964], [115.75086325989557, 40.34739333638844], [115.75098098203122, 40.347394607864736], [115.75097599681006, 40.34766482131443], [115.75109371942277, 40.34766609268301], [115.75109039621753, 40.347846234983535], [115.7512081191508, 40.347847506240385], [115.75120313475631, 40.348117719692276], [115.75132085816666, 40.34811899084141], [115.75131919684335, 40.34820906199314], [115.75143692041772, 40.348210333026515], [115.75143359806172, 40.3483904753336], [115.75155132195664, 40.34839174625524], [115.75154966092391, 40.34848181741061], [115.75178510904927, 40.348484358902574], [115.75178344832213, 40.34857443006454], [115.75201889679052, 40.34857697108539], [115.75202055720457, 40.3484868999154], [115.75237372949374, 40.34849071053621], [115.75237538943072, 40.3484006393527], [115.75261083734787, 40.348403179159604], [115.75261249696433, 40.34831310796659], [115.7527302207776, 40.34831437768635], [115.75273188023004, 40.348224306487836], [115.75308505124518, 40.348228114916346], [115.75308671022057, 40.34813804370432], [115.75320443375071, 40.3481393129369], [115.75321272773267, 40.34768895683472], [115.75309500498516, 40.347687687622226], [115.75309998175409, 40.347417473955396], [115.75321770403207, 40.34741874315584], [115.75321936278354, 40.34732867192661], [115.75369025134411, 40.34733374751451], [115.7536885932187, 40.3474238187598], [115.75380631553406, 40.34742508736134], [115.75380797350294, 40.34733501611203], [115.75404341784306, 40.34733755294773], [115.75404507549142, 40.347247481688946], [115.75428051954842, 40.347250018037485], [115.75428217687626, 40.347159946769196], [115.75439989875943, 40.34716121475978], [115.75440155592328, 40.34707114348602], [115.75463699939904, 40.34707367909982], [115.75463865624236, 40.34698360781657], [115.7549918210425, 40.34698741032689], [115.75499347740882, 40.346897339030136], [115.75534664180664, 40.3469011404504], [115.7553482976959, 40.346811069140166], [115.75581918303818, 40.34681613600754], [115.7558208382939, 40.34672606467979], [115.75593855949163, 40.346727331093184], [115.75594021458338, 40.346637259759966], [115.75617565668817, 40.3466397922194], [115.7561789662232, 40.34645964953254], [115.75629668697377, 40.346460915574575], [115.75629834157358, 40.34637084422494], [115.75641606217509, 40.34637211014319], [115.75641771661094, 40.34628203878808], [115.75653543706339, 40.34628330458254], [115.75653874559963, 40.34610316185994], [115.75665646574652, 40.34610442752661], [115.75665811984693, 40.3460143561591], [115.75677583984478, 40.346015621701994], [115.75677749378121, 40.34592555032902], [115.75689521363, 40.34592681574812], [115.75689686740249, 40.34583674436968], [115.75701458710223, 40.345838009665], [115.75701624071073, 40.34574793828111], [115.75713396026143, 40.34574920345265], [115.75713892057263, 40.34547898928012], [115.75725663966126, 40.34548025431988], [115.7572599461851, 40.345300111522874], [115.75737766496817, 40.34530137643484], [115.7573793180624, 40.34521130503015], [115.75749703669642, 40.34521256981834], [115.75749868962667, 40.34512249840817], [115.75773412660406, 40.34512502761725], [115.75773577921386, 40.345034956197615], [115.75785349755724, 40.34503622061849], [115.75785515000307, 40.344946149193376], [115.75797286819741, 40.34494741349049], [115.75797782502069, 40.34467719919439], [115.75786010729587, 40.3446759349093], [115.75786341212044, 40.34449579204592], [115.7577456947161, 40.34449452764905], [115.75774734727372, 40.344404456219166], [115.75762963003329, 40.34440319170653], [115.75763128273996, 40.34431312027919], [115.75751356566352, 40.3443118556508], [115.75751687136746, 40.34413171279972], [115.7576345881309, 40.34413297742012], [115.7576362408152, 40.34404290598839], [115.75810710731758, 40.34404796325627], [115.75810545525927, 40.344138034704], [115.75857632250687, 40.34414309007159], [115.7585779739392, 40.34405301860786], [115.75869569061321, 40.34405428214633], [115.75869734188157, 40.343964210677115], [115.758932774939, 40.34396673738676], [115.75893442588692, 40.3438766659081], [115.7590521422703, 40.34387792907928], [115.75905379305428, 40.34378785759515], [115.7591715092886, 40.34378912064256], [115.75917315990866, 40.34369904915297], [115.75929087599394, 40.34370031207661], [115.75929417689869, 40.34352016908506], [115.75941189267843, 40.34352143188094], [115.75941354296315, 40.343431360378965], [115.75953125859382, 40.34343262305108], [115.75953290871463, 40.34334255154365], [115.76012148619725, 40.34334886308778], [115.76011983685893, 40.343438934615186], [115.76023755253428, 40.343440196568714], [115.76023260494415, 40.34371041115415], [115.7603503210964, 40.34371167299988], [115.76033547933277, 40.34452231671312], [115.76045319690095, 40.34452357847503], [115.76045154793543, 40.3446136499954], [115.76056926566754, 40.34461491164155], [115.76056761685105, 40.34470498316445], [115.76092077056155, 40.34470876739621], [115.76091912220716, 40.344798838929634], [115.76103684028205, 40.34480010010467], [115.76103848847993, 40.34471002856726], [115.76127392433898, 40.34471255055004], [115.76127557221645, 40.34462247900319], [115.76139329000063, 40.344623739810935], [115.76139823311888, 40.34435352514962], [115.761515950441, 40.344354785825615], [115.76152748302802, 40.343724284870085], [115.76164519926208, 40.343725545398385], [115.76164684658828, 40.34363547382347], [115.76152913051074, 40.343634213299154], [115.76153077798601, 40.34354414172677], [115.76164849390706, 40.34354540224708], [115.76165014121842, 40.34345533066924], [115.76176785699042, 40.343456591065795], [115.76177115127784, 40.34327644789776], [115.76188886674429, 40.34327770816657], [115.76189051372036, 40.34318763657636], [115.76200822903772, 40.34318889672142], [115.76200987584988, 40.343098825125765], [115.76212759101821, 40.34310008514707], [115.76212923766644, 40.343010013545964], [115.76224695268569, 40.343011273443516], [115.76224859917002, 40.342921201836965], [115.76260174380288, 40.34292498079909], [115.7626033898103, 40.34283490917908], [115.76272110454627, 40.34283616858961], [115.7627227503898, 40.342746096964184], [115.76284046497669, 40.34274735625097], [115.7628421106563, 40.342657284620074], [115.76354839739474, 40.34266483780179], [115.76354675265407, 40.3427549094566], [115.76366446729295, 40.34275616790503], [115.76366117810231, 40.342936311218196], [115.76377889306158, 40.34293756955482], [115.76377724861162, 40.343027641213205], [115.76389496373478, 40.343028899434046], [115.76389331943392, 40.34311897109494], [115.76412875001549, 40.34312148718531], [115.76412710602018, 40.343211558852715], [115.76471568338634, 40.34321784700267], [115.7647173265992, 40.34312777531536], [115.76507047263839, 40.34313154675622], [115.765068829895, 40.34322161845545], [115.7651865454127, 40.343222875366855], [115.7651849028184, 40.3433129470686], [115.76542033418903, 40.34331546054005], [115.76541704960418, 40.34349560395506], [115.76553476561358, 40.343496860519096], [115.76553148131211, 40.34367700393623], [115.7656491976419, 40.34367826038845], [115.76564591362377, 40.343858403807694], [115.765763630274, 40.343859660148084], [115.76575870466074, 40.34412987527791], [115.76564098754102, 40.344128618925566], [115.76563934549863, 40.3442186906286], [115.76540391096843, 40.344216177556675], [115.76540226860564, 40.344306249250295], [115.76493139900818, 40.344301221653275], [115.76492975601194, 40.34439129332952], [115.7646943209447, 40.34438877880443], [115.76469267762805, 40.34447885047125], [115.76445724227742, 40.34447633545913], [115.76445395499591, 40.344656478772464], [115.76433623701872, 40.344655221078774], [115.76433294939453, 40.34483536437829], [115.76421523111175, 40.344834106556874], [115.76421029915036, 40.34510432148324], [115.76409258040545, 40.345103063530104], [115.76406298441816, 40.346724352740154], [115.76394526286346, 40.346723094595575], [115.7639403294957, 40.3469933094059], [115.76382260747884, 40.346992051129575], [115.76380616087224, 40.34789276702908], [115.76392388445434, 40.34789402534523], [115.7639222399094, 40.3479840969311], [115.76403996365543, 40.34798535513145], [115.76403831925961, 40.34807542671985], [115.76415604316962, 40.34807668480439], [115.7641543989229, 40.34816675639532], [115.76462529526314, 40.34817178755153], [115.76462365163513, 40.34826185915691], [115.76474137589527, 40.34826311665049], [115.76473480193523, 40.34862340307334], [115.7648525268289, 40.34862466046303], [115.76484595337638, 40.3489849468784], [115.7649636789036, 40.34898620416423], [115.76496039244594, 40.349166347371096], [115.76507811829366, 40.34916760454509], [115.76507483211942, 40.34934774775406], [115.76519255828764, 40.34934900481623], [115.76519091534594, 40.3494390764225], [115.76542636801769, 40.349441590195404], [115.76542472538168, 40.34953166180817], [115.7666019907503, 40.34954422352496], [115.76660363182093, 40.34945415187243], [115.76707453754952, 40.349459173189054], [115.76707617798658, 40.34936910151917], [115.76766480953114, 40.34937537544978], [115.76766316987681, 40.349465447139515], [115.76801634936191, 40.34946921007228], [115.76801471016981, 40.349559281772464], [115.76825016350995, 40.34956178980329], [115.76824852462353, 40.34965186150994], [115.76836625146125, 40.349653115349625], [115.76836461272399, 40.349743187058806], [115.76871779375108, 40.349746947871004], [115.76871615547603, 40.34983701959063], [115.76895160984417, 40.34983952620773], [115.76894997187483, 40.349929597933816], [115.76918542658557, 40.34993210407966], [115.76918378892196, 40.350022175812214], [115.76930151644497, 40.35002342870942], [115.76929987893048, 40.35011350044448], [115.77024170063278, 40.350123519341196], [115.77023842808646, 40.350303662870346], [115.77035615614555, 40.350304914701276], [115.77035288388281, 40.350485058232486], [115.7704706122624, 40.35048630995155], [115.77046734028323, 40.35066645348484], [115.77070279769075, 40.350668956579426], [115.7707011620032, 40.3507590283518], [115.77117207753297, 40.350764033119226], [115.77117044246425, 40.35085410490597], [115.77140590058652, 40.350856606578816], [115.77140426582353, 40.35094667837202], [115.7736411224299, 40.35097042043923], [115.77363949063408, 40.351060492306125], [115.77399267923201, 40.351064237112055], [115.77399431055818, 40.3509741652333], [115.77658435885463, 40.35100159411152], [115.77658598672922, 40.3509115221445], [115.77693917493917, 40.35091525794176], [115.77693754753427, 40.3510053299206], [115.77729073627995, 40.35100906465148], [115.77728910933736, 40.35109913664068], [115.77764229861879, 40.351102870305176], [115.77764067213853, 40.35119294230474], [115.77787613200928, 40.35119543082326], [115.7778745058348, 40.351285502829256], [115.77810996604799, 40.35128799087645], [115.77810671430329, 40.35146813489978], [115.77822444473401, 40.35146937875155], [115.7782228190072, 40.35155945076495], [115.77834054960181, 40.35156069450087], [115.77833729843933, 40.35174083853118], [115.7784550293544, 40.351742082155155], [115.77845015302537, 40.35201229820145], [115.77856788441746, 40.35201354171744], [115.77856625911633, 40.352103613733874], [115.77868399067233, 40.352104857133995], [115.77868236552047, 40.35219492915292], [115.77880009724036, 40.35219617243717], [115.7787984722377, 40.35228624445856], [115.77891620412147, 40.352287487626924], [115.77891295440733, 40.3524676316732], [115.77903068661159, 40.352468874729624], [115.77902906190009, 40.35255894675451], [115.77914679426823, 40.352560189695076], [115.77914516970598, 40.352650261722424], [115.779262902238, 40.35265150454712], [115.77926127782499, 40.35274157657693], [115.7794967432242, 40.35274406187476], [115.779495119117, 40.35283413391099], [115.77973058485867, 40.352836618737435], [115.77972733724854, 40.353016762821234], [115.77996280364579, 40.353019247184186], [115.7799611801429, 40.353109319231756], [115.7801966468826, 40.35311180312333], [115.78019502368552, 40.353201875177305], [115.78078369144573, 40.3532080828292], [115.78078206902421, 40.35329815490136], [115.78101753649271, 40.35330063713131], [115.781015914377, 40.35339070920986], [115.7812513821879, 40.353393190968426], [115.78124976037803, 40.35348326305338], [115.78136749445105, 40.35348450375687], [115.78136911610433, 40.353394431668], [115.78148685002807, 40.35339567224774], [115.78148522853137, 40.35348574434054], [115.78172069671395, 40.353488225148475], [115.78171907552306, 40.35357829724766], [115.7818368097819, 40.35357953747584], [115.78183356769138, 40.35375968167769], [115.78195130227068, 40.35376092179391], [115.78194806046406, 40.353941065997766], [115.78206579536385, 40.35394230600201], [115.78206417460616, 40.35403237810567], [115.78218190966983, 40.354033617994034], [115.78217866844567, 40.354213762204814], [115.7822964038298, 40.35421500198121], [115.78229316288957, 40.354395146194], [115.7824108985942, 40.35439638585843], [115.78240927826968, 40.354486457966544], [115.782644750014, 40.354488936943795], [115.78264312999536, 40.35457900905833], [115.7828786020821, 40.354581487564154], [115.78287698236932, 40.354671559685045], [115.78299471858023, 40.35467279876217], [115.78299147944594, 40.354852943007415], [115.78310921597732, 40.354854181972556], [115.78310759655582, 40.35494425409691], [115.7832253332511, 40.35494549294615], [115.78322371397884, 40.355035565072974], [115.78334145083804, 40.35503680380631], [115.7833398317151, 40.3551268759356], [115.78345756873817, 40.35512811455305], [115.7834543307835, 40.35530825881505], [115.78357206812707, 40.35530949732051], [115.7835688304564, 40.35548964158453], [115.78380430579179, 40.35549211825169], [115.7838026872587, 40.355582190389335], [115.78392042509394, 40.3555834285471], [115.78391880671013, 40.35567350068722], [115.78403654470925, 40.35567473872907], [115.78403492647473, 40.35576481087164], [115.78415266463777, 40.3557660487976], [115.78414942846003, 40.35594619308619], [115.78426716694355, 40.355947430900166], [115.78426554900032, 40.35603750304619], [115.78438328764774, 40.35603874074425], [115.78438166985381, 40.356128812892734], [115.78449940866513, 40.356130050474896], [115.78449455570934, 40.35640026692331], [115.78484777359647, 40.35640397898612], [115.78484615639975, 40.35649405114441], [115.78496389586664, 40.35649528826295], [115.78496227881924, 40.35658536042371], [115.78519775808812, 40.356587834309124], [115.7851961413466, 40.35667790647625], [115.7853138811486, 40.35667914324314], [115.78531226455641, 40.35676921541271], [115.78543000452228, 40.35677045206369], [115.78542838807938, 40.35686052423573], [115.78554612820918, 40.35686176077079], [115.7855445119156, 40.35695183294528], [115.78566225220928, 40.35695306936443], [115.78566063606502, 40.357043141541354], [115.78589611698744, 40.357045614028024], [115.7858945011491, 40.357135686211315], [115.78601224177785, 40.35713692227882], [115.78601062608882, 40.35722699446456], [115.7861283668815, 40.35722823041615], [115.78612675134177, 40.35731830260435], [115.78636223326215, 40.357320774155866], [115.78636061802837, 40.357410846350426], [115.78659610029113, 40.35741331743044], [115.78659448536327, 40.35750338963136], [115.78671222666217, 40.357504624995535], [115.78671061188365, 40.357594697198905], [115.78682835334646, 40.357595932447154], [115.78682996796839, 40.357505860239876], [115.78812512281714, 40.35751944001899], [115.78812350991794, 40.35760951226924], [115.78859447616225, 40.35761444679148], [115.78859286388222, 40.357704519055886], [115.78894608911166, 40.35770821870107], [115.78894447729418, 40.35779829097574], [115.7892977030589, 40.35780198955413], [115.78929609170397, 40.35789206183905], [115.78953157589673, 40.35789452696664], [115.78952835379154, 40.35807467154769], [115.78976383863979, 40.358077136211556], [115.78976222788951, 40.35816720850768], [115.78987997048115, 40.35816844066377], [115.78987835988025, 40.35825851296233], [115.78999610263577, 40.358259745002485], [115.78999288172537, 40.358439889603055], [115.7901106248014, 40.35844112153117], [115.79010901449193, 40.35853119383315], [115.79022675773182, 40.35853242564533], [115.7902251475717, 40.35862249794976], [115.79046063438652, 40.358624961222425], [115.79045902453238, 40.35871503353319], [115.7905767681073, 40.35871626499366], [115.79057515840252, 40.358806337306866], [115.79092838964075, 40.358810030980976], [115.79092678039855, 40.35890010330441], [115.79104452431577, 40.358901334293336], [115.79104291522293, 40.3589914066192], [115.79151389159088, 40.358996329392134], [115.79151228311727, 40.35908640173213], [115.79186551593926, 40.35909009256524], [115.7918639079283, 40.35918016491545], [115.79221714128546, 40.3591838546817], [115.79221874882658, 40.359093782319825], [115.79257198177915, 40.359097470995884], [115.79257037470789, 40.35918754336944], [115.79339458628066, 40.3591961461132], [115.79339298029853, 40.35928621851252], [115.79563013076077, 40.359309539291026], [115.79562852774728, 40.359399611762704], [115.79574627273745, 40.359400837977596], [115.79574466987336, 40.3594909104517], [115.79586241502737, 40.35949213655064], [115.79586081231267, 40.35958220902716], [115.79621404828796, 40.35958588661659], [115.79621565053279, 40.35949581412844], [115.79668663130789, 40.35950071588774], [115.79668502968956, 40.359590788391415], [115.79692052043374, 40.359593238559796], [115.79691891912145, 40.35968331106975], [115.79703666466098, 40.35968453597806], [115.79703346232802, 40.35986468100138], [115.79715120818804, 40.3598659057976], [115.79714640510431, 40.360136123333234], [115.79726415144144, 40.36013734802124], [115.79725934876258, 40.36040756555537], [115.79749484239834, 40.36041001459512], [115.79749324180422, 40.36050008711132], [115.79784648278189, 40.360503759783754], [115.79784808290613, 40.360413687255914], [115.79796582975648, 40.3604149112365], [115.7979642297889, 40.36050498376821], [115.79831747085322, 40.36050865500251], [115.79831587134832, 40.360598727544364], [115.79843361854083, 40.360599951053324], [115.79843201918534, 40.360690023597606], [115.79866751390527, 40.36069247026373], [115.79866591485586, 40.36078254281428], [115.79901915745978, 40.36078621192626], [115.79901755887305, 40.36087628448696], [115.7993708020118, 40.36087995253193], [115.79936920388778, 40.3609700251028], [115.79972244756131, 40.36097369208078], [115.79972084990003, 40.361063764661786], [115.80007409410835, 40.36106743057276], [115.80007249690973, 40.3611575031639], [115.80054348991497, 40.36116238938281], [115.80054189333572, 40.36125246198798], [115.8006596417617, 40.36125368324696], [115.80065804533189, 40.36134375585452], [115.8007757939217, 40.36134497699752], [115.80077419764135, 40.36143504960748], [115.80100969515581, 40.361437491541665], [115.80100650320009, 40.36161763677267], [115.80112425228144, 40.36161885756773], [115.80111786891015, 40.361979148027686], [115.80100011920223, 40.36197792721718], [115.80099373508916, 40.362338217638346], [115.80087598476186, 40.36233699669254], [115.80087438855892, 40.36242706929031], [115.8006388876126, 40.362424627031416], [115.8006372910892, 40.36251469962], [115.80040178985837, 40.36251225687397], [115.80040019301445, 40.36260232945335], [115.80028244225319, 40.362601107896694], [115.80027605417881, 40.36296139818422], [115.80039380556669, 40.362962619756345], [115.80039061179959, 40.36314276489909], [115.80050836350796, 40.36314398635909], [115.80050676677025, 40.363234058932136], [115.80074227052194, 40.36323650150031], [115.80074067409035, 40.36332657407962], [115.80109393024189, 40.363330237044565], [115.80109233427305, 40.36342030963401], [115.8019165999752, 40.3634288523843], [115.8019150050958, 40.36351892499935], [115.8022682624032, 40.36352258439178], [115.80226666798659, 40.36361265701693], [115.80261992582872, 40.36361631534224], [115.8026183318749, 40.36370638797751], [115.80308934305839, 40.36371126408202], [115.80308774972403, 40.36380133673126], [115.80355876164919, 40.36380621093348], [115.80355716893426, 40.363896283596695], [115.8036749220902, 40.36389750185146], [115.80367332952477, 40.36398757451706], [115.80390883617147, 40.36399001067474], [115.80390724391219, 40.36408008334659], [115.804024997403, 40.3640813012495], [115.8040218131762, 40.36426144659653], [115.80413956698752, 40.36426266438728], [115.80413797502, 40.36435273706246], [115.80425572899517, 40.3643539547372], [115.80425413717714, 40.364444027414784], [115.80437189131615, 40.36444524497352], [115.80437029964762, 40.3645353176535], [115.80448805395048, 40.36453653509623], [115.80448646243143, 40.36462660777859], [115.80460421689814, 40.364627825105316], [115.80459625997857, 40.36507818851453], [115.80447850472851, 40.36507697116855], [115.80447691316637, 40.365167043842156], [115.80435915776681, 40.36516582637245], [115.80435597430768, 40.365345971707576], [115.80423821860195, 40.36534475411031], [115.80423662670492, 40.36543482677183], [115.8041188708497, 40.365433609050854], [115.80411727878884, 40.36552368170706], [115.80399952278412, 40.36552246386235], [115.80399793055939, 40.365612536513254], [115.80388017440518, 40.365611318544815], [115.80387858201658, 40.3657013911904], [115.80376082571289, 40.36570017309824], [115.80375923316043, 40.365790245738516], [115.80364147670726, 40.365789027522645], [115.80363669853672, 40.36605924542312], [115.80375445545994, 40.36606046365057], [115.80375286287874, 40.36615053628501], [115.80445940550904, 40.366157843155555], [115.80446099715014, 40.366067770497985], [115.80457875412367, 40.36606898788635], [115.80458034560093, 40.365978915223494], [115.80481585925611, 40.365981349632925], [115.80481745041284, 40.36589127696089], [115.80693707178082, 40.365913165000336], [115.80693866011013, 40.36582309225756], [115.8071741734255, 40.36582552185691], [115.80717576143428, 40.36573544910501], [115.80752903099102, 40.3657390925935], [115.80753061852262, 40.3656490198286], [115.80788388767378, 40.365652662226765], [115.80788230061223, 40.365742735003195], [115.80823557029787, 40.365746376334094], [115.80823398369921, 40.36583644912059], [115.80835174043207, 40.36583766266167], [115.80834856752661, 40.36601780823797], [115.80858408164056, 40.36602023497587], [115.80858249549046, 40.36611030776951], [115.80893576718509, 40.36611394698888], [115.80893735286516, 40.36602387418374], [115.8098794097788, 40.36603357346381], [115.8098778253522, 40.36612364629967], [115.81011333996548, 40.36612606992867], [115.81011492407873, 40.36603599708515], [115.8102326812394, 40.366037208716016], [115.8102342651888, 40.365947135867195], [115.81035202219995, 40.365948347374356], [115.81035360598555, 40.36585827452024], [115.81058911971591, 40.365860697167285], [115.81059070318099, 40.365770624304055], [115.8110617301007, 40.365775468144435], [115.81106014726234, 40.365865541023], [115.81117790416681, 40.36586675168726], [115.81117632147796, 40.365956824568215], [115.81129407854627, 40.365958035116435], [115.81129249600696, 40.36604810799974], [115.8116457677247, 40.36605173893669], [115.81164893185606, 40.36587159314561], [115.81176668879623, 40.365872803210536], [115.81176985258564, 40.36569265740597], [115.81200536586067, 40.365695077160886], [115.8120069474313, 40.36560500424875], [115.8123602169273, 40.36560863297064], [115.81236179802079, 40.36551856004558], [115.81247955437705, 40.36551976937598], [115.81247797344022, 40.36560984230488], [115.81271348648751, 40.36561226061373], [115.81271506711094, 40.36552218767719], [115.81295057987337, 40.36552460549894], [115.81294899956328, 40.36561467844313], [115.81283124302183, 40.36561346958837], [115.8128280820669, 40.36579361546476], [115.81294583892169, 40.365794824327175], [115.81294425859022, 40.365884897267], [115.81317977263458, 40.36588731463988], [115.81318767265394, 40.365436949887886], [115.8133054289034, 40.3654381583754], [115.81330700872921, 40.365348085416805], [115.8136602770504, 40.36535171014867], [115.81365869769462, 40.365441783118754], [115.81377645397262, 40.3654429911268], [115.81376697862844, 40.36598342893955], [115.81364922141037, 40.365982220908556], [115.81364764200472, 40.36607229386841], [115.81352988463709, 40.36607108571373], [115.81352356631649, 40.366431377523305], [115.81340580832925, 40.36643016923346], [115.8134042285746, 40.366520242178375], [115.81363974486958, 40.36652265864585], [115.81363816542117, 40.36661273159695], [115.81375592373604, 40.366613939654705], [115.81375434443719, 40.36670401260818], [115.81398986140168, 40.366706428371714], [115.81398828240907, 40.366796501331386], [115.81422379971542, 40.366798916623075], [115.81422222102908, 40.36688898958892], [115.8144577386773, 40.366891404408776], [115.81445458191001, 40.367071550351376], [115.81469010021347, 40.367073964707025], [115.81468852213251, 40.36716403768378], [115.81480628145162, 40.367165244685616], [115.81480470352025, 40.36725531766472], [115.81504022249318, 40.3672577313164], [115.8150386448681, 40.3673478043017], [115.81562744320844, 40.3673538363522], [115.81562586635968, 40.36744390935514], [115.81586138605903, 40.36744632134385], [115.81585980951654, 40.36753639435295], [115.81609532955773, 40.3675388058698], [115.81609375332152, 40.36762887888508], [115.81644703390668, 40.36763249527272], [115.81644545813347, 40.36772256829799], [115.81762306211304, 40.367734615169695], [115.81762148789966, 40.36782468823162], [115.8177392484934, 40.367825892263276], [115.81773610035874, 40.368006038390405], [115.81761833945161, 40.36800483435112], [115.81761676521694, 40.368094907408675], [115.8173812431106, 40.36809249896286], [115.8173796685554, 40.368182572011335], [115.8172619073562, 40.36818136760479], [115.81726033263722, 40.36827144064801], [115.8171425712884, 40.36827023611777], [115.81714099640561, 40.36836030915572], [115.8170232349072, 40.3683591045018], [115.81701693467818, 40.36871939662371], [115.81689917256008, 40.36871819183466], [115.81689759732834, 40.36880826485769], [115.81642654830016, 40.36880344448743], [115.81642812415869, 40.36871337147966], [115.81583931381697, 40.3687073433386], [115.81583773717492, 40.3687974163273], [115.81571997497119, 40.368796210335624], [115.81572155176998, 40.36870613735075], [115.81536826567164, 40.36870251866792], [115.81536668840276, 40.36879259164134], [115.81442459120004, 40.36878293651515], [115.81442616972255, 40.36869286357228], [115.81360183614102, 40.36868440906991], [115.81360341575332, 40.36859433615235], [115.81313236877602, 40.36858950238607], [115.8131307885369, 40.36867957528834], [115.81301302665369, 40.36867836654326], [115.813003544129, 40.36921880390326], [115.81312130695243, 40.3692200126713], [115.8131197266634, 40.369310085563356], [115.81335525264508, 40.36931250274745], [115.81335367266236, 40.36940257564569], [115.8130003832304, 40.36939894967825], [115.8129988027704, 40.36948902256355], [115.81311656606395, 40.36949023134308], [115.8131118251113, 40.369760450001735], [115.81322958888214, 40.36976165867286], [115.81322642852481, 40.369941804445645], [115.81334419261619, 40.36994301300453], [115.81334261258354, 40.37003308589256], [115.81346037683875, 40.37003429433537], [115.81345879695569, 40.37012436722578], [115.81357656137476, 40.370125575552535], [115.8135749816413, 40.3702156484453], [115.81369274622419, 40.37021685665599], [115.81368958704928, 40.3703970024448], [115.81380735195276, 40.37039821054325], [115.81380577251134, 40.37048828343929], [115.81404130265305, 40.37049069928419], [115.81403972351796, 40.370580772186415], [115.81415748875622, 40.370581979932844], [115.8141559097707, 40.37067205283744], [115.8145092059984, 40.370675675368894], [115.81450762747595, 40.37076574828349], [115.81462539305615, 40.37076695555801], [115.81462381468323, 40.37085702847498], [115.81474158042728, 40.370858235633435], [115.814740002204, 40.37094830855275], [115.81497553402689, 40.37095072251764], [115.81497395610992, 40.37104079544313], [115.81520948827475, 40.37104320893611], [115.8152079106641, 40.37113328186779], [115.81567897570599, 40.37113810743034], [115.81567739871515, 40.37122818037583], [115.81603069804144, 40.37123179830033], [115.81602912151365, 40.37132187125582], [115.81650018800855, 40.37132669349195], [115.81649861210052, 40.37141676646123], [115.81661637889874, 40.37141797172435], [115.81661480314033, 40.37150804469599], [115.81673257010239, 40.37150924984304], [115.8167309944936, 40.37159932281704], [115.8168487616195, 40.371600527848], [115.81684718616033, 40.37169060082436], [115.81696495345007, 40.371691805739246], [115.8169633781405, 40.37178187871795], [115.81708114559407, 40.371783083516746], [115.81707957043413, 40.37187315649781], [115.81731510567606, 40.37187556574336], [115.81731353082247, 40.37196563873059], [115.81813790549003, 40.37197406734005], [115.81813633172646, 40.3720641403525], [115.81978508429937, 40.372080980000234], [115.81978351272292, 40.372171053064505], [115.81990128097378, 40.37217225500108], [115.81989656667211, 40.37244247419658], [115.82001433540026, 40.37244367602468], [115.82001276410894, 40.372533749090735], [115.82013053300089, 40.37253495080273], [115.82012896185923, 40.37262502387113], [115.82036449997788, 40.37262742694304], [115.82036292914259, 40.37271750001758], [115.8204806983693, 40.372718701377494], [115.82047441558416, 40.373078993676316], [115.82070995531272, 40.37308139606686], [115.8207083849122, 40.373171469145525], [115.82059061488765, 40.373170268006405], [115.82058590317335, 40.37344048722225], [115.82070367366812, 40.373441688372765], [115.82069896236028, 40.37371190758689], [115.82081673333239, 40.37371310862891], [115.820812022431, 40.373983327841316], [115.82069425098868, 40.37398212678788], [115.82067854595603, 40.374882857363104], [115.82079631896589, 40.37488405845454], [115.8207947485804, 40.37497413150785], [115.82091252175408, 40.374975332483174], [115.82091095151826, 40.37506540553882], [115.82102872485578, 40.37506660639804], [115.8210255846764, 40.37524675251257], [115.82114335833451, 40.37524795325949], [115.82114178839096, 40.37533802631836], [115.82173065757154, 40.37534402827332], [115.82172751923075, 40.37552417442468], [115.82196306757959, 40.37552657438249], [115.82195365426846, 40.37606701284715], [115.82183587914992, 40.37606581290543], [115.82183431008319, 40.37615588597396], [115.82195208535849, 40.3761570859195], [115.8219489475173, 40.376337232059804], [115.8220667231132, 40.376338431893025], [115.82206515433877, 40.376428504964785], [115.8221829300985, 40.376429704681875], [115.82218136147375, 40.37651977775598], [115.82229913739732, 40.37652097735696], [115.82229756892228, 40.376611050433404], [115.82253312110419, 40.37661344928322], [115.82253155293559, 40.376703522365794], [115.82276710545932, 40.37670592074353], [115.82276553759719, 40.376795993832246], [115.82288331402647, 40.37679719284504], [115.82288017859449, 40.376977339025665], [115.82299795534436, 40.37697853792614], [115.82299482019765, 40.37715868410852], [115.82311259726814, 40.37715988289666], [115.82310789496533, 40.37743010217069], [115.8232256725132, 40.3774313008503], [115.82322410522157, 40.377521373942514], [115.8233418829333, 40.377522572505995], [115.82334031579137, 40.37761264560054], [115.82345809366693, 40.3776138440479], [115.82345652667469, 40.37770391714479], [115.82333874864236, 40.37770271869365], [115.82332934559984, 40.378243157221604], [115.8232115666339, 40.37824195862779], [115.82320686454682, 40.378512177860706], [115.82332464398313, 40.37851337646591], [115.8233230767634, 40.378603449544435], [115.82344085636355, 40.378604648033516], [115.82343772221647, 40.378784794193756], [115.82355550213722, 40.378785992570485], [115.82355236827546, 40.37896613873249], [115.8234345880411, 40.37896494034817], [115.82343302094282, 40.3790550134232], [115.82331524055876, 40.37905381491515], [115.8233136732966, 40.37914388798493], [115.82319589276283, 40.37914268935317], [115.82319275790374, 40.37932283548075], [115.82307497706346, 40.379321636721485], [115.8230687066333, 40.37968192894398], [115.8229509251729, 40.379680730049614], [115.82294308619207, 40.38013109527596], [115.82282530395479, 40.380129896242686], [115.82282060001101, 40.380400115349616], [115.82270281731044, 40.38039891618502], [115.82269968099895, 40.380579062241424], [115.82258189799185, 40.38057786294932], [115.82258032966868, 40.38066793597154], [115.82246254651187, 40.38066673655571], [115.82246097802484, 40.380756809572674], [115.82234319471829, 40.38075561003311], [115.82234162606737, 40.380845683044825], [115.82222384261111, 40.380844483381544], [115.82222541141884, 40.380754410373626], [115.82210762812646, 40.3807532105942], [115.82210449019034, 40.380933356600984], [115.8218689229996, 40.380930956667164], [115.82186735370732, 40.381021029660765], [115.8217495699658, 40.38101982951015], [115.82174800050964, 40.38110990249851], [115.82151243273418, 40.38110750182989], [115.8215092931734, 40.38128764778702], [115.82139150898269, 40.381286447265204], [115.82138522914894, 40.38164673914678], [115.82126744433809, 40.38164553848984], [115.82126587420514, 40.38173561145279], [115.82114808924456, 40.38173441067212], [115.82114651894773, 40.38182448362981], [115.82102873383741, 40.3818232827254], [115.82102402243393, 40.382093501578325], [115.82055288018194, 40.38208869671569], [115.82054973795637, 40.382268842579954], [115.82043195209747, 40.38226764105684], [115.82042723823551, 40.382537859830876], [115.82030945191326, 40.382536658176434], [115.820300023057, 40.383077095662294], [115.82053559759038, 40.38307949889689], [115.82053402640315, 40.3831695718137], [115.8207696012785, 40.383171974576136], [115.82077117215209, 40.383081901651714], [115.82088895944361, 40.38308310284921], [115.82089053015328, 40.38299302991955], [115.82112610444389, 40.3829954319471], [115.82112453404784, 40.3830855048844], [115.82100674674219, 40.383084303926786], [115.82100517618223, 40.3831743768588], [115.82112296364471, 40.38317557782022], [115.82111825239281, 40.38344579661893], [115.82123604033283, 40.38344699747181], [115.8212313294876, 40.3837172162688], [115.82111354107712, 40.383716015404524], [115.82111511152277, 40.38362594247744], [115.82099732327617, 40.383624741497016], [115.8209926114475, 40.38389496026246], [115.82111040016456, 40.383896161254285], [115.82110882969766, 40.38398623417698], [115.82099104082377, 40.38398503318136], [115.82098947019294, 40.3840751060988], [115.82075389215278, 40.38407270374011], [115.82075232120123, 40.38416277664849], [115.82063453203496, 40.38416157528542], [115.82063296091948, 40.384251648188545], [115.82051517160349, 40.384250446701735], [115.82051045774404, 40.38452066539093], [115.82039266796464, 40.38451946377277], [115.82038166761332, 40.38514997396991], [115.82049945849056, 40.38515117561468], [115.82048845888961, 40.385781685766986], [115.8206062508718, 40.38578288731844], [115.8206046796287, 40.385872960195314], [115.8207224717748, 40.38587416163061], [115.82072404286103, 40.38578408874994], [115.8208418348574, 40.38578529006148], [115.82084340577971, 40.38569521717556], [115.8207256139402, 40.38569401586781], [115.82072718501227, 40.385603942984226], [115.82084497669493, 40.38560514428816], [115.8208496893981, 40.38533492561724], [115.82108527184367, 40.38533732784246], [115.82108684241689, 40.38524725494163], [115.82120463349347, 40.385248455870524], [115.82120620390275, 40.38515838296444], [115.8213239948296, 40.38515958376958], [115.82132242457713, 40.385249656679456], [115.8214402156679, 40.38525085736844], [115.82143864556521, 40.385340930280655], [115.82155643681989, 40.38534213085349], [115.82155800676576, 40.385252057937464], [115.82179358898269, 40.38525445871568], [115.82178888006487, 40.385524677482174], [115.82190667165447, 40.38552587770275], [115.82190510215786, 40.38561595062579], [115.82202289391138, 40.38561715073021], [115.82202132456453, 40.38570722365561], [115.82213911648199, 40.38570842364387], [115.82213597808074, 40.38588856949785], [115.82225377031894, 40.38588976937376], [115.82224906313448, 40.38615998815521], [115.82213127042574, 40.386158788267906], [115.82212970119325, 40.38624886118835], [115.82201190833477, 40.38624766117729], [115.82201033893836, 40.38633773409247], [115.8218925459301, 40.386336533957675], [115.82189097636977, 40.38642660686759], [115.82177318321175, 40.38642540660902], [115.82177475292893, 40.38633533370291], [115.82165695993484, 40.3863341333282], [115.82165539006081, 40.38642420623052], [115.82153759691698, 40.38642300573205], [115.82153288678185, 40.3866932244189], [115.82141509317455, 40.38669202378907], [115.82141666338353, 40.386601950898715], [115.82129886994016, 40.38660075015274], [115.82129729957434, 40.386690823039295], [115.82094391881623, 40.386687220070215], [115.8209454896526, 40.38659714719506], [115.82059210942882, 40.38659354315779], [115.82059368072862, 40.38650347029258], [115.82035809426188, 40.386501067008886], [115.8203565226484, 40.38659113986649], [115.82023872926885, 40.3865899380409], [115.82023558570688, 40.38677008374412], [115.82011779202071, 40.38676888179097], [115.82011307615407, 40.38703910032345], [115.81999528200444, 40.38703789823894], [115.81999370987786, 40.38712797107638], [115.81987591557848, 40.38712676886809], [115.81987434328796, 40.38721684170027], [115.81975654883882, 40.38721563936823], [115.8197486864955, 40.38766600348822], [115.81986648172888, 40.387667205839286], [115.81986490939576, 40.38775727866271], [115.8199827047931, 40.38775848089762], [115.81998113260977, 40.3878485537234], [115.82045231489747, 40.38785336147864], [115.82045074333445, 40.387943434318174], [115.82056853908094, 40.387944635960885], [115.8205669676677, 40.388034708802756], [115.82068476357816, 40.38803591032931], [115.82068004976644, 40.38830612885759], [115.82079784615456, 40.38830733027558], [115.82079156160046, 40.3886676216414], [115.8206737645849, 40.3886664202082], [115.82066905062428, 40.388936638705864], [115.82078684811043, 40.388937840150476], [115.82078841928086, 40.38884776731558], [115.8210240139607, 40.3888501698373], [115.8210255848103, 40.38876009699333], [115.821143382004, 40.38876129807044], [115.82114495268965, 40.38867122522122], [115.82102715565281, 40.38867002414792], [115.82102872648827, 40.38857995130105], [115.82114652336824, 40.388581152370556], [115.82114966470414, 40.38840100666482], [115.82126746127744, 40.38840220760677], [115.82127217275756, 40.388131989025844], [115.8211543766548, 40.3881307880953], [115.82115751791984, 40.387950642375], [115.8216287011185, 40.38795544534698], [115.82162713111695, 40.38804551822307], [115.8217449270912, 40.388046718669955], [115.82173864764164, 40.388407010174895], [115.82162085103997, 40.38840580971279], [115.82161928100298, 40.3884958825816], [115.82150148425154, 40.38849468199575], [115.82149677362757, 40.38876490058196], [115.82137897641263, 40.388763699864754], [115.8213742652543, 40.38903391842646], [115.82149206293984, 40.38903511915507], [115.8214904926964, 40.38912519200985], [115.82196168413687, 40.389129993739814], [115.82196011451383, 40.38922006660833], [115.82184231648621, 40.389218866351996], [115.82183917690516, 40.38939901207707], [115.82195697524648, 40.38940021234101], [115.82195540560221, 40.38949028520515], [115.8220732041075, 40.389491485352906], [115.82207477359492, 40.38940141248498], [115.82219257195041, 40.389402612508974], [115.8221941412739, 40.389312539635775], [115.82231193947962, 40.38931373953601], [115.82231664693693, 40.38904352089626], [115.82243444467913, 40.38904472066513], [115.82244072056233, 40.388684429109894], [115.82232292344759, 40.3886832293562], [115.82232449255754, 40.388593156467536], [115.82208889866301, 40.38859075660786], [115.82209360689158, 40.388320537955906], [115.82185801396655, 40.38831813763917], [115.82186272307253, 40.388047918996875], [115.82198051906092, 40.388049119203835], [115.82197894952287, 40.38813919208985], [115.82209674567521, 40.38814039218065], [115.82209831505641, 40.38805031929085], [115.82221611105896, 40.388051519257886], [115.82221768027622, 40.387961446362816], [115.8224532719889, 40.38796384592941], [115.82245640977474, 40.3877837001197], [115.82257420532798, 40.38778489971546], [115.82257577405345, 40.38769482680463], [115.8226935694569, 40.38769602627664], [115.82269513801843, 40.38760595336054], [115.82293072853287, 40.38760835193708], [115.8229322967736, 40.38751827901196], [115.82328568212779, 40.38752187596567], [115.8232841143576, 40.38761194890218], [115.82340190964669, 40.38761314765063], [115.82340504486625, 40.38743300176855], [115.82305165996141, 40.3874294051861], [115.82305479609379, 40.38724925932093], [115.82293700145334, 40.3872480602278], [115.82293856966578, 40.387157987296824], [115.82282077518927, 40.387156788087516], [115.82282704859563, 40.38679649636424], [115.82294484244473, 40.38679769555837], [115.82294641062178, 40.386707622620115], [115.82318199802754, 40.38671002064092], [115.82318043016417, 40.386800093586764], [115.82329822403452, 40.38680129242103], [115.82329195313774, 40.38716158420502], [115.82364533667338, 40.38716518003357], [115.82364690393761, 40.387075107078374], [115.8237646983068, 40.38707630544418], [115.82376626540714, 40.38698623248376], [115.82388405962654, 40.38698743072581], [115.82388249268304, 40.38707750369003], [115.82400028706637, 40.38707870181592], [115.8239971534719, 40.387258847747596], [115.82435053760534, 40.387262441428255], [115.8243474049237, 40.387442587376846], [115.82446519996272, 40.387443785038066], [115.82446363376812, 40.38753385801395], [115.82434583857227, 40.38753266034894], [115.8243442722138, 40.38762273331959], [115.82446206756649, 40.38762393098839], [115.8244605013578, 40.387714003961364], [115.8245782968744, 40.387715201513984], [115.82457673081551, 40.387805274489295], [115.82469452649605, 40.38780647192576], [115.82468982874748, 40.388076690854305], [115.82457203259636, 40.38807549340648], [115.82457359867648, 40.38798542043554], [115.82422021073609, 40.387981827383676], [115.82422177727972, 40.387891754422654], [115.82410398147059, 40.38789055650256], [115.82410241477011, 40.3879806294598], [115.82398461881118, 40.38797943141595], [115.8239830519468, 40.38806950436794], [115.82351186755439, 40.38806471097777], [115.8235103000555, 40.38815478391313], [115.82362809629986, 40.3881559824444], [115.82362652895073, 40.3882460553821], [115.823744325359, 40.38824725379721], [115.82374275815967, 40.388337326737236], [115.82386055473188, 40.38833852503617], [115.82385898768234, 40.38842859797854], [115.82374119095329, 40.38842739967579], [115.8237396237398, 40.38851747261292], [115.82385742062574, 40.38851867091944], [115.82385585356205, 40.38860874385888], [115.8239736506119, 40.38860994204923], [115.82397208369802, 40.388700014990995], [115.82408988091183, 40.388701213065175], [115.82408831414772, 40.388791286009294], [115.82420611152546, 40.388792483967286], [115.82420454491113, 40.388882556913735], [115.82444014000153, 40.388884952477426], [115.82443857369388, 40.38897502542998], [115.82479196685306, 40.388978617887126], [115.82479040100894, 40.3890686908496], [115.82490819889969, 40.389069888099165], [115.82490976458695, 40.38897981513291], [115.82502756232788, 40.38898101225871], [115.82502443126002, 40.38916115819737], [115.82514222932173, 40.38916235521079], [115.82514066393409, 40.38925242818171], [115.82502286571551, 40.38925123116451], [115.82501973460528, 40.38943137709442], [115.82490193608002, 40.38943017994966], [115.82490037035744, 40.38952025290863], [115.82501816903958, 40.38952145005719], [115.82501347230006, 40.38979166893674], [115.82513127145987, 40.389792865976666], [115.82512970602275, 40.38988293893739], [115.82524750534651, 40.389884135861145], [115.82524594005922, 40.3899742088242], [115.8253637395469, 40.38997540563177], [115.82536217440943, 40.39006547859716], [115.82547997406104, 40.39006667528854], [115.82547527907684, 40.3903368941873], [115.82559307920614, 40.39033809077008], [115.82558994949514, 40.39051823670286], [115.82570774994525, 40.39051943317324], [115.82570462051976, 40.39069957910778], [115.82558681975588, 40.39069838262983], [115.82558525487568, 40.39078845559112], [115.82582085672422, 40.39079084843461], [115.82582398585009, 40.39061070249542], [115.82605958709937, 40.39061309484388], [115.82606115133797, 40.39052302186452], [115.8261789518163, 40.390524217855], [115.82618207995854, 40.39034407188436], [115.82629988013021, 40.39034526774731], [115.82629831621949, 40.390435340737135], [115.82653391689772, 40.39043773211067], [115.8265323532937, 40.3905278051066], [115.82629675230172, 40.39052541372551], [115.82629518837687, 40.39061548671243], [115.82617738773459, 40.39061429083814], [115.82617269544714, 40.390884509778815], [115.82629049656003, 40.39088570566445], [115.826288932607, 40.390975778645526], [115.82640673388384, 40.39097697441498], [115.82640829768003, 40.390886901430115], [115.82664389994116, 40.390889292601535], [115.82664077296928, 40.39106943858494], [115.82675857442418, 40.39107063399826], [115.82675701108454, 40.39116070699158], [115.82722821760223, 40.39116548746019], [115.82722665488308, 40.39125556046715], [115.82699105129635, 40.39125317046524], [115.82698792520932, 40.3914333164597], [115.82710572731294, 40.39143451152821], [115.82710416441572, 40.391524584527026], [115.82722196668325, 40.39152577947934], [115.82721727842, 40.3917959984784], [115.8270994756818, 40.39179480351474], [115.82709791275636, 40.391884876507724], [115.82698010986833, 40.39188368142032], [115.82697854677899, 40.39197375440807], [115.8267429407103, 40.391971363865736], [115.82673981388285, 40.39215150982174], [115.82662201054532, 40.392150314363036], [115.82662044696413, 40.39224038733507], [115.82685605396006, 40.39224277814006], [115.82685292740406, 40.39242292409487], [115.82744194658623, 40.392428899045505], [115.82743882157095, 40.39260904503232], [115.82755662574233, 40.39261023967006], [115.82755506338103, 40.392700312665056], [115.82779067205873, 40.392702701588156], [115.82776880265325, 40.393963723470875], [115.82788660919928, 40.39396491780536], [115.82788504720293, 40.39405499078983], [115.82800285391289, 40.39405618500811], [115.8280012920664, 40.39414625799489], [115.8277656783397, 40.39414386943079], [115.82776724050001, 40.39405379645157], [115.82753162711532, 40.39405140741508], [115.82753006464121, 40.39414148038675], [115.82741225780252, 40.39414028568474], [115.82741069516446, 40.394230358651164], [115.82717508119444, 40.39422796887962], [115.82717664414633, 40.39413789592076], [115.82682322371492, 40.39413431037485], [115.82682009686266, 40.394314456268454], [115.8269379039799, 40.394315651577976], [115.82693946725264, 40.394225578628124], [115.82705727422001, 40.394226773813855], [115.82705414798126, 40.39440691971968], [115.8271719552695, 40.39440811479301], [115.82716882931636, 40.394588260700544], [115.82728663692546, 40.39458945566143], [115.82728351125795, 40.39476960157071], [115.82740131918793, 40.394770796419174], [115.82739819380599, 40.394950942330176], [115.82763381031478, 40.39495333168225], [115.82763224792706, 40.39504340464313], [115.82751443951224, 40.395042210023306], [115.82751131440183, 40.39522235593312], [115.82774693186617, 40.39522474506791], [115.82775318080348, 40.394864453212186], [115.82798879704072, 40.39486684183675], [115.82798567321383, 40.395046987782635], [115.82810348165684, 40.39504818192248], [115.82808942549916, 40.39585883864084], [115.82820723536149, 40.3958600326947], [115.8282041120072, 40.39604017862363], [115.8283219221904, 40.39604137256506], [115.82831879912177, 40.39622151849571], [115.8284366096259, 40.39622271232469], [115.82843348684294, 40.39640285825708], [115.8285512976679, 40.396404051973626], [115.8285466139114, 40.396674270872595], [115.82878223652405, 40.396676657968335], [115.82878379746943, 40.39658658499591], [115.8289016086294, 40.396587778360015], [115.82890629095246, 40.39631755942268], [115.82914191235197, 40.39631994576821], [115.8291403518985, 40.396410018756335], [115.8290225410383, 40.39640882563978], [115.82902098042088, 40.39649889862267], [115.829138791438, 40.39650009174299], [115.82913254952558, 40.39686038367508], [115.82889692624295, 40.39685799728423], [115.8288953654334, 40.396948070256045], [115.82877755364571, 40.396946876876854], [115.82877599267218, 40.39703694984344], [115.82865818073459, 40.397035756340465], [115.82865974186508, 40.39694568337766], [115.82854193009146, 40.396944489758454], [115.82854349137182, 40.396854416797964], [115.82842567976222, 40.39685322306254], [115.82842099542923, 40.39712344192832], [115.8279497471781, 40.39711866574128], [115.82794818509194, 40.3972087386785], [115.82818380951728, 40.39721112701959], [115.82818224773797, 40.39730119996292], [115.82830006011812, 40.39730239395723], [115.8282969368522, 40.397482539847076], [115.82817912415817, 40.39748134584521], [115.82817443873562, 40.39775156465771], [115.82805662557783, 40.397750370524506], [115.82805506359928, 40.3978404434553], [115.82817287691401, 40.39784163759229], [115.82816975324963, 40.3980217834571], [115.82781631238498, 40.39801820066344], [115.82781475007144, 40.3981082735823], [115.82769693630705, 40.398107079073974], [115.82768912384876, 40.39855744362759], [115.82757130930672, 40.39855624898033], [115.8275666212763, 40.39882646768367], [115.82768443628918, 40.39882766234225], [115.8276813112142, 40.399007808144745], [115.75145630031577, 40.398209780398446]], [[115.82758849820857, 40.39756544695586], [115.82770631102431, 40.397566641561525], [115.82771724787365, 40.396936131064024], [115.82748162444628, 40.39693374178561], [115.82747693632585, 40.397203960556325], [115.8275947485068, 40.397205155266874], [115.82759318594283, 40.397295228191304], [115.82747537360495, 40.397294033476975], [115.827473810877, 40.397384106396174], [115.82759162337179, 40.39738530111428], [115.82758849820857, 40.39756544695586]], [[115.827483187139, 40.39684366885913], [115.8276009986922, 40.39684486355456], [115.82760256122094, 40.39675479062283], [115.82772037262428, 40.396755985194474], [115.82772193498906, 40.39666591225751], [115.82760412374262, 40.39666471768964], [115.82760568625723, 40.396574644755006], [115.8274878751748, 40.396573450070925], [115.82748631250324, 40.39666352300177], [115.82736850127091, 40.39666232819391], [115.82737006409937, 40.39657225526684], [115.82725225303103, 40.39657106034275], [115.8272491270532, 40.396751206187886], [115.82748474982465, 40.39675359593117], [115.827483187139, 40.39684366885913]], [[115.82670072615888, 40.39440333377977], [115.82681853342595, 40.39440452921308], [115.82682009686266, 40.394314456268454], [115.82670228975249, 40.39431326083895], [115.82670072615888, 40.39440333377977]], [[115.82646980334702, 40.394130723749065], [115.82670541691857, 40.394133114952915], [115.82670854405643, 40.39395296906106], [115.82659073758093, 40.393951773526695], [115.82659230129619, 40.39386170058235], [115.8267101076148, 40.39386289611293], [115.82671323471031, 40.39368275021232], [115.82683104072215, 40.39368394561537], [115.82683260410244, 40.39359387265908], [115.82706821583346, 40.393596263097606], [115.82706977889286, 40.39350619013232], [115.82718758461208, 40.39350738516782], [115.82719539901888, 40.39305702030058], [115.82731320396063, 40.39305821519719], [115.82731476666395, 40.39296814221558], [115.82743257145583, 40.39296933698842], [115.82743882157095, 40.39260904503232], [115.82732101740666, 40.392607850274594], [115.82731789204938, 40.392787996247996], [115.82708228311431, 40.39278560635748], [115.82708384611026, 40.392695533379076], [115.82696604181021, 40.39269433825761], [115.82696447865737, 40.39278441123224], [115.82684667420746, 40.39278321598702], [115.82684823751721, 40.39269314301618], [115.82673043323126, 40.39269194765476], [115.82672886976462, 40.39278202062182], [115.82661106532883, 40.39278082513664], [115.82660950169824, 40.39287089809847], [115.82649169711262, 40.39286970248951], [115.82649326090008, 40.392779629531475], [115.82637545647842, 40.39277843380631], [115.82637232858262, 40.39295857971339], [115.82613671913283, 40.39295618788799], [115.82613359058122, 40.39313633377409], [115.82589798053212, 40.39313394145362], [115.82589485132466, 40.393314087318736], [115.82577704599689, 40.39331289097096], [115.82577391644742, 40.39349303682269], [115.82589172208897, 40.39349423317804], [115.82588859282505, 40.393674379031495], [115.82624201073352, 40.39367796740034], [115.82623888238277, 40.39385811327068], [115.8263566886802, 40.39385930916122], [115.82635356061503, 40.39403945503331], [115.8264713672333, 40.39404065081143], [115.82646980334702, 40.394130723749065]], [[115.82148421165188, 40.389485483414404], [115.82160201012884, 40.38948668404204], [115.82160358024373, 40.38939661118929], [115.82148578192364, 40.389395410565456], [115.82148421165188, 40.389485483414404]], [[115.82171980861287, 40.38948788454971], [115.821837607104, 40.389489084937416], [115.82183917690516, 40.38939901207707], [115.8217213785709, 40.38939781169316], [115.82171980861287, 40.38948788454971]], [[115.82419357841306, 40.38951306749803], [115.8243113770528, 40.38951426536639], [115.82431451005955, 40.38933411948487], [115.82419671173358, 40.389332921624096], [115.82419357841306, 40.38951306749803]], [[115.82160358024373, 40.38939661118929], [115.8217213785709, 40.38939781169316], [115.8217245184657, 40.389217665975686], [115.82160672045227, 40.389216465479414], [115.82160358024373, 40.38939661118929]], [[115.82407891341465, 40.38933172364334], [115.82419671173358, 40.389332921624096], [115.82419827838322, 40.38924284868494], [115.82408048022116, 40.38924165070797], [115.82407891341465, 40.38933172364334]], [[115.8178434881775, 40.3888176953058], [115.81796128533644, 40.38881889962577], [115.81796758500593, 40.38845860863701], [115.81784978847446, 40.38845740433227], [115.81785451362255, 40.38818718608682], [115.81773671756874, 40.38818598167356], [115.81773041672963, 40.38854627264933], [115.81784821341088, 40.388547477077836], [115.8178434881775, 40.3888176953058]], [[115.81774144312342, 40.387915763426406], [115.81785923870663, 40.38791696782823], [115.81786081372047, 40.38782689507246], [115.8177430182941, 40.38782569067444], [115.81774144312342, 40.387915763426406]], [[115.81903719492969, 40.387929005248644], [115.81927278625952, 40.387931411293174], [115.81927593251554, 40.38775126568875], [115.81939372787741, 40.387752468523466], [115.8193953008379, 40.38766239571526], [115.81927750563291, 40.387661192884345], [115.81927907874318, 40.38757112007849], [115.81904348866819, 40.3875687140644], [115.81904034181314, 40.38774885965944], [115.81892254647258, 40.38774765646483], [115.81892097287756, 40.38783772925636], [115.81903876837495, 40.38783893245477], [115.81903719492969, 40.387929005248644]], [[115.81939215490979, 40.38784254133022], [115.81950995043557, 40.38784374404877], [115.81951152324635, 40.387753671238215], [115.81939372787741, 40.387752468523466], [115.81939215490979, 40.38784254133022]], [[115.81939687379132, 40.387572322905584], [115.81951466884657, 40.38757352561272], [115.81951624163604, 40.38748345279781], [115.81939844673764, 40.38748225009448], [115.81939687379132, 40.387572322905584]], [[115.81904663549484, 40.38738856846355], [115.81928222494243, 40.3873909744624], [115.8192837980314, 40.38730090165216], [115.81904820889753, 40.38729849566092], [115.81904663549484, 40.38738856846355]], [[115.82387779181016, 40.38734772257397], [115.82399558666404, 40.38734892071124], [115.8239971534719, 40.387258847747596], [115.82387935877487, 40.387257649614114], [115.82387779181016, 40.38734772257397]], [[115.8202168808542, 40.37433761356188], [115.82033465289517, 40.374338815110136], [115.82033622385805, 40.37424874206182], [115.82021845197382, 40.37424754051738], [115.8202168808542, 40.37433761356188]], [[115.82045399574939, 40.37424994348638], [115.82057176764778, 40.374251144791025], [115.82057333829007, 40.37416107173365], [115.82045556654843, 40.37415987043281], [115.82045399574939, 40.37424994348638]], [[115.81431787968668, 40.368151218480996], [115.81502444592182, 40.36815846110374], [115.81502760129305, 40.36797831515796], [115.81490984054945, 40.367977108361494], [115.81491141838109, 40.36788703539022], [115.81385157341947, 40.36787616886202], [115.81385315265425, 40.367786095923684], [115.81373539229527, 40.36778488793611], [115.8137322335052, 40.36796503380368], [115.81408551554368, 40.36796865742973], [115.81408393660804, 40.36805873037279], [115.81431945831605, 40.368061145531755], [115.81431787968668, 40.368151218480996]], [[115.81244160992497, 40.36768151926701], [115.81255937004885, 40.3676827285694], [115.81256095099302, 40.367592655670215], [115.8126787109673, 40.367593864848914], [115.81268029174765, 40.36750379194444], [115.81220925252003, 40.36749895452576], [115.81220767111292, 40.36758902741491], [115.81244319102586, 40.36759144637165], [115.81244160992497, 40.36768151926701]], [[115.75596064861253, 40.36474536924694], [115.75654941141329, 40.36475170172772], [115.75655106674577, 40.36466163065515], [115.75702207649418, 40.36466669446636], [115.75702373119253, 40.364576623376294], [115.75784799744302, 40.36458548040347], [115.75784634384128, 40.36467555152157], [115.75843510645588, 40.36468187439392], [115.75843675927436, 40.36459180325581], [115.758554511663, 40.36459306746672], [115.75855616431734, 40.36450299632313], [115.75867391655677, 40.3645042604102], [115.75867887400511, 40.364234046958686], [115.75797236350017, 40.36422646071061], [115.75797071008493, 40.36431653183856], [115.75749970260418, 40.36431147192677], [115.75749804855484, 40.36440154303724], [115.75714479255265, 40.364397746832914], [115.7571431380259, 40.36448781792993], [115.7563188731855, 40.36447895589691], [115.7563205288089, 40.364388884827946], [115.75596727303073, 40.364385085028005], [115.75596396083658, 40.3645652271404], [115.75584620861214, 40.36456396029269], [115.75584455234718, 40.36465403134268], [115.7559623047283, 40.36465529819441], [115.75596064861253, 40.36474536924694]], [[115.72738509983718, 40.35614625134549], [115.72750283612963, 40.35614754694805], [115.72750452960923, 40.35605747674607], [115.72762226575274, 40.356058772224706], [115.72762395906814, 40.35596870201716], [115.72750622308122, 40.35596740654261], [115.72750791654555, 40.355877336337684], [115.72739018072285, 40.35587604074742], [115.72738509983718, 40.35614625134549]], [[115.63851274217627, 40.325044496451575], [115.6387480982494, 40.325047266711785], [115.63874990783668, 40.32495719923869], [115.63910294153861, 40.324961353718315], [115.63910475064877, 40.324871286230604], [115.63922242840943, 40.324872670813434], [115.63922423735512, 40.32478260331986], [115.63934191496759, 40.32478398777862], [115.63934372374881, 40.32469392027918], [115.63946140121314, 40.324695304613904], [115.63946501843847, 40.32451516960185], [115.63958269559834, 40.32451655380814], [115.63958992932582, 40.32415628374881], [115.6397076058686, 40.32415766781791], [115.63970941412377, 40.32406760029502], [115.63982709051837, 40.32406898424005], [115.63982889860908, 40.323978916711305], [115.63994657485554, 40.3239803005323], [115.63994838278177, 40.32389023299769], [115.64006605888007, 40.32389161669464], [115.64006786664186, 40.32380154915418], [115.640185542592, 40.323802932727084], [115.64019096535948, 40.32353273008371], [115.6398379389403, 40.32352857904543], [115.63983432283227, 40.3237087141162], [115.63971664706291, 40.32370733018869], [115.63971303060966, 40.32388746524479], [115.63959535453583, 40.323886081188846], [115.63959354614066, 40.32397614871031], [115.63935819370482, 40.323973380230655], [115.6393563849889, 40.32406344774187], [115.63900335592744, 40.324059294111755], [115.63900154673438, 40.32414936160835], [115.63888387024056, 40.324147976821266], [115.63888206088306, 40.32423804431201], [115.63876438424109, 40.324236659400874], [115.63876257471911, 40.32432672688575], [115.638644897929, 40.32432534185057], [115.63864308824252, 40.32441540932959], [115.63852541130424, 40.324414024170345], [115.63852179159421, 40.32459415911521], [115.63840411435149, 40.324592773827526], [115.6383968742082, 40.32495304368203], [115.63851455207619, 40.324954428987255], [115.63851274217627, 40.325044496451575]], [[115.6087134089646, 40.32027553043214], [115.60918408212748, 40.32028119117781], [115.60918593069704, 40.32019112474918], [115.6095389351879, 40.32019536903871], [115.60954078328031, 40.32010530259516], [115.60977611933669, 40.32010813151433], [115.60977796710823, 40.32001806506035], [115.60989563499263, 40.32001947933598], [115.60989933019816, 40.31983934641463], [115.61001699777837, 40.31984076056168], [115.61001884521237, 40.31975069409432], [115.60990117778843, 40.31974927995174], [115.60990856806615, 40.31938901408542], [115.61002623486502, 40.319390428210085], [115.61002808225736, 40.31930036173533], [115.6101457489083, 40.31930177573587], [115.61014759613603, 40.31921170925516], [115.61002992964137, 40.319210295259104], [115.61003177701704, 40.31912022878139], [115.60979644436523, 40.31911740043929], [115.6097927489805, 40.31929753337532], [115.60967508235458, 40.319296119015846], [115.60967138662396, 40.31947625193701], [115.60955371969382, 40.319474837448944], [115.60955187165978, 40.31956490390284], [115.6094342045817, 40.31956348929065], [115.60943235638304, 40.31965355573859], [115.60931468915703, 40.31965214100227], [115.60931284079376, 40.31974220744426], [115.60919517341983, 40.31974079258382], [115.60919332489196, 40.31983085901985], [115.60907565737008, 40.31982944403531], [115.60907380867759, 40.31991951046537], [115.60895614100781, 40.31991809535669], [115.60895429215071, 40.3200081617808], [115.60883662433298, 40.320006746548], [115.60883477531128, 40.320096812966156], [115.6087171073456, 40.320095397609236], [115.6087134089646, 40.32027553043214]], [[115.6164795297745, 40.30307163283359], [115.61659716858468, 40.30307303980633], [115.61659900618596, 40.30298297282617], [115.6164813675319, 40.3029815658579], [115.6164795297745, 40.30307163283359]], [[115.6165052576243, 40.30181069503959], [115.61674053088116, 40.301813508740764], [115.6167423682103, 40.30172344173551], [115.61650709526572, 40.301720628043235], [115.6165052576243, 40.30181069503959]], [[115.59662665175344, 40.30148114335702], [115.59674428681113, 40.30148257046973], [115.59674615067348, 40.30139250422554], [115.59662851577188, 40.301391077117366], [115.59662665175344, 40.30148114335702]], [[115.5962905267096, 40.3006662652134], [115.596408160337, 40.30066769264411], [115.59641002459206, 40.300577626400184], [115.59629239112078, 40.300576198973985], [115.5962905267096, 40.3006662652134]], [[115.5986432008541, 40.30069479111114], [115.59899610226547, 40.30069906587092], [115.59899796308594, 40.300608999527675], [115.59864506214292, 40.30060472478142], [115.5986432008541, 40.30069479111114]], [[115.59770585586024, 40.30050325390229], [115.59829402302422, 40.300510382641455], [115.59829588476462, 40.300420316322324], [115.59841351806648, 40.30042174170696], [115.5984116564822, 40.300511808030606], [115.59864692342336, 40.30051465845023], [115.59864878469541, 40.30042459211756], [115.59888405135789, 40.30042744204991], [115.598889634187, 40.30015724301596], [115.59912489994637, 40.30016009244301], [115.59913234235212, 40.29979982700763], [115.59901471009267, 40.299798402371934], [115.59901657082925, 40.2997083360139], [115.59866367456961, 40.29970406140297], [115.59866181336471, 40.299794127747475], [115.59830891671228, 40.299789852046985], [115.59831077838551, 40.29969978571602], [115.59807551430475, 40.299696934660275], [115.59807737628182, 40.29960686833687], [115.59772448069198, 40.299602590870116], [115.5977226182466, 40.29969265717998], [115.59760498624404, 40.299691231114096], [115.5976068488455, 40.29960116480875], [115.59748921700742, 40.299599738627826], [115.59749480522983, 40.299329539716425], [115.59725954251552, 40.299326687023], [115.59726140555173, 40.29923662072529], [115.59702614318321, 40.29923376756267], [115.59702800652326, 40.29914370127251], [115.59691037550769, 40.299142274516385], [115.59691223899542, 40.299052208229256], [115.5967946081444, 40.29905078135809], [115.59679647177981, 40.298960715073996], [115.5966788410933, 40.29895928808781], [115.59668070487642, 40.298869221806754], [115.5965630743544, 40.298867794705515], [115.59656493828523, 40.29877772842752], [115.5962120472379, 40.29877344642004], [115.59621018283877, 40.29886351268449], [115.59597492187038, 40.298860657406046], [115.59597305715064, 40.29895072365998], [115.59585542652297, 40.298949295836906], [115.59584983184497, 40.299219494576285], [115.59620272515818, 40.29922377772753], [115.59620831843124, 40.29895357894747], [115.59644357974544, 40.298956433756736], [115.59643985152958, 40.29913656629633], [115.59632222055605, 40.29913513894245], [115.59631849199434, 40.29931527146708], [115.59608322944811, 40.29931241638254], [115.59608136484243, 40.299402482633596], [115.59631662770089, 40.29940533772717], [115.59630357741123, 40.3000358015065], [115.59642120994583, 40.30003722890559], [115.59642680250921, 40.29976703013833], [115.59654443458388, 40.29976845740431], [115.5965425705606, 40.29985852366605], [115.59666020279978, 40.29985995081699], [115.59665833892421, 40.29995001708176], [115.59677597132792, 40.29995144411767], [115.59677410760006, 40.3000415103855], [115.59689174016829, 40.300042937306344], [115.59688801299956, 40.30022306984661], [115.59712327878565, 40.300225923347696], [115.59712141550092, 40.300315989624636], [115.59747431471143, 40.30032026899315], [115.59747245188663, 40.300410335282166], [115.5977077183812, 40.30041318760571], [115.59770585586024, 40.30050325390229]], [[115.596060853625, 40.300393211297724], [115.59617848676724, 40.30039463895402], [115.5961803513093, 40.30030457271469], [115.59606271832317, 40.30030314506293], [115.596060853625, 40.300393211297724]], [[115.59594508534546, 40.3003017172916], [115.59606271832317, 40.30030314506293], [115.59606831236725, 40.300032946349646], [115.59595067985786, 40.30003151859189], [115.59594508534546, 40.3003017172916]], [[115.59584237215658, 40.299579759541416], [115.59596000387701, 40.299581187396136], [115.5959618686556, 40.29949112115254], [115.59584423709131, 40.29948969330235], [115.59584237215658, 40.299579759541416]], [[115.60066527958169, 40.29963820354824], [115.6007829116463, 40.29963962650112], [115.60078477002446, 40.299549560072506], [115.60066713811594, 40.29954813712414], [115.60066527958169, 40.29963820354824]], [[115.5957266055354, 40.29948826533259], [115.59584423709131, 40.29948969330235], [115.59584610201762, 40.299399627061796], [115.59572847061781, 40.29939819909656], [115.5957266055354, 40.29948826533259]], [[115.59972608314969, 40.299536749233084], [115.59984371499114, 40.29953817313792], [115.59984557460977, 40.299448106743895], [115.59996320630349, 40.29944953052466], [115.59996692520339, 40.299269397723165], [115.59973166244878, 40.29926655006011], [115.59972980269082, 40.29935661645258], [115.59961217116998, 40.29935519243721], [115.5996103112475, 40.29944525882369], [115.59972794292445, 40.29944668284356], [115.59972608314969, 40.299536749233084]], [[115.59561083922642, 40.29939677101177], [115.59572847061781, 40.29939819909656], [115.59573033569181, 40.29930813285906], [115.59561270445654, 40.29930670477879], [115.59561083922642, 40.29939677101177]], [[115.59537930754512, 40.29921378203418], [115.59561456967823, 40.29921663854433], [115.5956164348915, 40.29912657230841], [115.59549880397684, 40.29912514411762], [115.59550066933781, 40.29903507788474], [115.59526540784596, 40.299032221153546], [115.59526354217277, 40.2991222873774], [115.5953811730706, 40.29912371580728], [115.59537930754512, 40.29921378203418]], [[115.59890824307185, 40.299256579473386], [115.59902587438623, 40.29925800420159], [115.59902773507248, 40.299167937834696], [115.59891010391416, 40.29916651311101], [115.59890824307185, 40.299256579473386]], [[115.60067643066154, 40.29909780498152], [115.60091169292585, 40.29910065071366], [115.60091540926102, 40.298920517828236], [115.60103304009354, 40.29892194050598], [115.60103489809244, 40.298831874056546], [115.60079963674798, 40.298829028590525], [115.60079777843687, 40.298919095030946], [115.60056251681374, 40.29891624907772], [115.60056065818203, 40.299006315507654], [115.60067828914552, 40.29900773854855], [115.60067643066154, 40.29909780498152]], [[115.601619337155, 40.299019118571785], [115.6017369681939, 40.29902054053669], [115.60173882526455, 40.29893047406171], [115.60162119438176, 40.29892905210131], [115.601619337155, 40.299019118571785]], [[115.60285502507297, 40.2961512036131], [115.60309027733649, 40.296154044744405], [115.60309584256876, 40.295883845024754], [115.60227246307063, 40.29587389906766], [115.60227060690902, 40.295963965610866], [115.60262348425482, 40.29596822889465], [115.60262162855307, 40.29605829544987], [115.60285688047095, 40.29606113705036], [115.60285502507297, 40.2961512036131]], [[115.60074147261456, 40.2959454789487], [115.60085909827926, 40.29594690171689], [115.60086095631387, 40.2958568352277], [115.60074333080524, 40.29585541246403], [115.60074147261456, 40.2959454789487]], [[115.60086095631387, 40.2958568352277], [115.60191958626841, 40.295869634721484], [115.6019214428899, 40.29577956819029], [115.60180381746198, 40.295778146506976], [115.6018056742312, 40.295688079978824], [115.60133517322755, 40.295682392068194], [115.60133703061271, 40.29559232555657], [115.60121940553881, 40.295590903284555], [115.60121754799758, 40.29568096979169], [115.60098229756277, 40.295678124880034], [115.60098043970102, 40.29576819137667], [115.60086281434009, 40.29576676873704], [115.60086095631387, 40.2958568352277]], [[115.58725397439734, 40.29388967771027], [115.58748921724387, 40.29389255043045], [115.58749109289379, 40.29380248442613], [115.58760871417367, 40.29380392060238], [115.58761058965906, 40.293713854592056], [115.58749296853523, 40.293712418420355], [115.58749484416819, 40.293622352413095], [115.58737722320886, 40.29362091612641], [115.58737534741984, 40.29371098212913], [115.5872577263129, 40.293709545718364], [115.58725397439734, 40.29388967771027]], [[115.58142942350025, 40.2911157306518], [115.58154703981403, 40.29111717291119], [115.58154892316819, 40.291027107094905], [115.58143130701045, 40.29102566484007], [115.58142942350025, 40.2911157306518]], [[115.58154892316819, 40.291027107094905], [115.58178415550914, 40.291029991246], [115.58178603854273, 40.290939925419096], [115.58155080651385, 40.29093704127712], [115.58154892316819, 40.291027107094905]], [[115.58801969966584, 40.29101618098324], [115.58825493262665, 40.291019051978154], [115.58825680706971, 40.29092898589926], [115.58802157442095, 40.29092611491341], [115.58801969966584, 40.29101618098324]], [[115.58790395810927, 40.29092467924123], [115.58802157442095, 40.29092611491341], [115.58802532390582, 40.290745982769366], [115.58790770790621, 40.29074454710626], [115.58790395810927, 40.29092467924123]], [[115.58441306275907, 40.289080234613955], [115.58453067569623, 40.28908167378057], [115.58453631344571, 40.28881147588308], [115.58430108851597, 40.28880859745767], [115.58429920896258, 40.288898663415864], [115.58441682157923, 40.28890010269288], [115.58441306275907, 40.289080234613955]], [[115.58395013119797, 40.28871421297724], [115.58418535576477, 40.28871709211058], [115.58418723545725, 40.28862702615398], [115.58430484759735, 40.28862846553683], [115.58431236565836, 40.28826820167742], [115.58419475414235, 40.288266762312794], [115.58419287448379, 40.288356828275305], [115.58407526282019, 40.28835538878662], [115.5840715031656, 40.2885355206981], [115.58395389119849, 40.28853408108079], [115.58395013119797, 40.28871421297724]], [[115.5902509708157, 40.28554796477515], [115.59036857792682, 40.28554939790422], [115.59037044920241, 40.28545933165791], [115.59025284224731, 40.28545789853338], [115.5902509708157, 40.28554796477515]], [[115.59013523530065, 40.285456465289364], [115.59025284224731, 40.28545789853338], [115.59025471367046, 40.285367832290135], [115.59013710687978, 40.28536639905066], [115.59013523530065, 40.285456465289364]], [[115.59057166911474, 40.24744408651242], [115.59115937496678, 40.24745124375962], [115.5911612426771, 40.24736117688795], [115.59139632476546, 40.2473640389424], [115.59139819215598, 40.247273972060185], [115.5915157330571, 40.24727540290389], [115.5915176002835, 40.24718533601567], [115.5914000595381, 40.24718390517651], [115.59140192691177, 40.24709383829135], [115.59081422408951, 40.247086682328174], [115.59081235593735, 40.247176749190665], [115.59045973387792, 40.24717245416714], [115.59045599661414, 40.2473525878605], [115.59057353760358, 40.24735401966341], [115.59057166911474, 40.24744408651242]]]}}, {"type": "Feature", "properties": {"year": 2021, "water_area_km2": 0.0076}, "geometry": {"type": "Polygon", "coordinates": [[[115.48276758273886, 40.199684748597086], [115.4827695907204, 40.19959468534166], [115.48265213790262, 40.19959314555795], [115.48265414603038, 40.199503082305895], [115.48253669337697, 40.199501542407944], [115.48253468509388, 40.19959160565512], [115.48241723229421, 40.19959006563316], [115.48241924073258, 40.19950000239087], [115.48230178809726, 40.19949846225469], [115.48230781382395, 40.19922827253352], [115.48219036166357, 40.19922673229285], [115.48219437908003, 40.199046605814395], [115.4825467346566, 40.199051226149784], [115.48254874288538, 40.19896116289368], [115.48337090512702, 40.19897193947306], [115.48336889798529, 40.19906200276331], [115.48383870580068, 40.19906815820763], [115.48383469273246, 40.19924828482262], [115.4835997881855, 40.1992452073192], [115.48359778132722, 40.199335270614725], [115.48348032891201, 40.19933373167947], [115.48347631485774, 40.19951385825628], [115.48335886214099, 40.19951231919215], [115.48335685494499, 40.19960238247346], [115.483121949228, 40.1995993039781], [115.48311994171237, 40.19968936724815], [115.48276758273886, 40.199684748597086]]]}}, {"type": "Feature", "properties": {"year": 2021, "water_area_km2": 0.0593}, "geometry": {"type": "Polygon", "coordinates": [[[115.47669028005447, 40.1982535764642], [115.47669229597516, 40.198163513440555], [115.47657484595821, 40.1981619675362], [115.47657686202511, 40.198071904515956], [115.47645941217255, 40.19807035849739], [115.47646142838562, 40.19798029548056], [115.47622652901833, 40.197977203095896], [115.47623862796938, 40.19743682502239], [115.47612117923104, 40.19743527868079], [115.47612521245259, 40.197255152654165], [115.4758903156243, 40.197252059633215], [115.47589233253201, 40.19716199662748], [115.47577488428676, 40.19716044994323], [115.47577690134065, 40.1970703869409], [115.47589434943062, 40.19707193362023], [115.47590040007191, 40.196801744589585], [115.47578295244777, 40.196800197924944], [115.47578698647374, 40.196620071906864], [115.47566953916922, 40.19661852513291], [115.47567357346938, 40.19643839911868], [115.47543867950873, 40.19643530523309], [115.47544271439361, 40.19625517923247], [115.47532526773747, 40.19625363212082], [115.47532930289651, 40.19607350612408], [115.47521185655998, 40.19607195890312], [115.47521992739004, 40.19571170691133], [115.4753373731055, 40.195713254112675], [115.475339390635, 40.1956231911061], [115.47545683620427, 40.195624738183454], [115.47545885356945, 40.19553467517049], [115.47557629899255, 40.195536222123835], [115.47557831619335, 40.19544615910447], [115.47581320675631, 40.19544925264406], [115.47581522363751, 40.19535918961342], [115.47640244942761, 40.195366921353674], [115.47640446552339, 40.19527685829705], [115.47663935559251, 40.19527995014966], [115.47664137136871, 40.195189887081746], [115.47675881626162, 40.19519143282451], [115.47676083187345, 40.19510136975021], [115.47687827662021, 40.19510291536898], [115.47688029206769, 40.1950128522883], [115.47699773666827, 40.19501439778307], [115.4769997519514, 40.194924334696], [115.47711719640581, 40.19492588006678], [115.47711921152462, 40.19483581697334], [115.47735410015011, 40.194838907347815], [115.47735611494932, 40.19474884424309], [115.47770844748989, 40.19475347889689], [115.47771046181424, 40.19466341577599], [115.47782790585734, 40.19466496041752], [115.47782589168821, 40.1947550235433], [115.47817822433771, 40.19475965676795], [115.47817621062529, 40.194849719906934], [115.47841109941419, 40.194852808137654], [115.47840908600323, 40.19494287128493], [115.47852653056654, 40.194944415226544], [115.47851243752261, 40.195574857249994], [115.47839499187246, 40.19557331327415], [115.4783909648963, 40.19575343954337], [115.4782735189447, 40.19575189543865], [115.47826747794659, 40.196022084816654], [115.47815003153826, 40.19602054057814], [115.4781460038503, 40.196200666812906], [115.47802855714049, 40.19619912244552], [115.4780245291057, 40.196379248664535], [115.47790708209443, 40.19637770416826], [115.47790506790813, 40.19646776727065], [115.47778762075069, 40.19646622265037], [115.47778560640003, 40.196556285746375], [115.4776681590964, 40.1965547410021], [115.47766413005732, 40.19673486717986], [115.47754668245221, 40.19673332230669], [115.47754063835973, 40.19700351154748], [115.47742319029786, 40.197001966540526], [115.47741916054692, 40.19718209268379], [115.47730171218357, 40.197180547547944], [115.47729566702321, 40.19745073673701], [115.47717821820312, 40.19744919146738], [115.4771721724952, 40.19771938062835], [115.47705472321836, 40.197717835224914], [115.47704867696287, 40.19798802435781], [115.47693122722926, 40.19798647882058], [115.47692719603627, 40.198166604891924], [115.47680974600115, 40.1981650592258], [115.47680773023578, 40.19825512225433], [115.47669028005447, 40.1982535764642]]]}}]}