{"type": "FeatureCollection", "features": [{"type": "Feature", "properties": {"year": 2022, "water_area_km2": 0.019}, "geometry": {"type": "Polygon", "coordinates": [[[115.86455785136705, 40.399375841156576], [115.86456390498915, 40.399015544887504], [115.86468172186734, 40.39901670185501], [115.86468474832351, 40.39883655370441], [115.86480256489465, 40.398837710544576], [115.86480559100961, 40.39865756238086], [115.86504122354452, 40.39865987568651], [115.86504273627786, 40.398569801595144], [115.8653961846606, 40.39857327064255], [115.86539769691626, 40.39848319653875], [115.86681148917779, 40.39849706188334], [115.86681299954326, 40.398406987734205], [115.86716644729118, 40.398410451359126], [115.86716795717899, 40.39832037719758], [115.86740358873114, 40.39832268567348], [115.8674050982982, 40.39823261150319], [115.8676407295637, 40.398234919491735], [115.86764223881008, 40.39814484531268], [115.86799568528855, 40.39814830638447], [115.86799719405728, 40.398058232193016], [115.86823282476307, 40.398060538966845], [115.86823433321112, 40.39797046476662], [115.86858777885001, 40.39797392401635], [115.86858928682042, 40.397883849803726], [115.86941399245073, 40.39789191716054], [115.86941248557896, 40.397981991398694], [115.86917685505095, 40.39797968703236], [115.8691753478585, 40.398069761261766], [115.86893971704382, 40.398067456408114], [115.86893820953065, 40.39815753062876], [115.86870257842929, 40.39815522528775], [115.86870107059543, 40.39824529949966], [115.86858325489801, 40.39824414664549], [115.8685817469004, 40.398334220852284], [115.86822829937815, 40.398330761558775], [115.86822679090287, 40.398420835753186], [115.86799115894149, 40.39841852895014], [115.86798965014553, 40.39850860313579], [115.86775401789748, 40.398506295845394], [115.86775250878082, 40.39859637002229], [115.86751687624611, 40.39859406224455], [115.86751536680873, 40.39868413641268], [115.86739755039464, 40.39868298234014], [115.8673960407935, 40.398773056503174], [115.86716040767188, 40.398770747990746], [115.86715889775, 40.398860822145004], [115.8668054476478, 40.3988573584653], [115.86680393724826, 40.398947432607166], [115.86574358589726, 40.39893703505439], [115.86574509770938, 40.39884696094542], [115.86550946446474, 40.3988446490653], [115.86550795233872, 40.398934723166946], [115.8653901355697, 40.39893356704321], [115.86538711098332, 40.3991137152348], [115.86526929390719, 40.39911255898371], [115.86526626897958, 40.399292707162175], [115.8651484515964, 40.399291550783765], [115.8651469389654, 40.399381624867154], [115.86455785136705, 40.399375841156576]]]}}, {"type": "Feature", "properties": {"year": 2022, "water_area_km2": 0.0209}, "geometry": {"type": "Polygon", "coordinates": [[[115.85117110576316, 40.39663102218934], [115.85117263687118, 40.39654094850189], [115.8509370128626, 40.396538607036454], [115.85093854427762, 40.39644853335495], [115.85070292061053, 40.39644619141693], [115.8507044523325, 40.396356117741384], [115.85035101735448, 40.39635260394545], [115.85035254954029, 40.39626253027958], [115.85011692657008, 40.396260187156365], [115.85011845906281, 40.39617011349644], [115.85000064774502, 40.39616894175853], [115.85000218038778, 40.39607886810087], [115.84976655808676, 40.39607652427249], [115.84976962397926, 40.39589637696761], [115.84965181315296, 40.39589520488084], [115.84965334624576, 40.39580513122993], [115.84977115691511, 40.39580630331299], [115.84977268984407, 40.39571622965691], [115.84965487933164, 40.395715057577554], [115.84965947854775, 40.395444836611716], [115.84954166851301, 40.39544366442349], [115.84954626813763, 40.39517344345567], [115.85037093523084, 40.395181646175445], [115.85036940312801, 40.39527171985879], [115.85095845204376, 40.39527757536298], [115.85095692071859, 40.39536764906341], [115.85107473067937, 40.39536881980796], [115.85107319950423, 40.395458893510636], [115.85142662989887, 40.39546240503542], [115.85142509918757, 40.39555247874775], [115.85154290948985, 40.39555364901972], [115.85154137892857, 40.39564372273429], [115.8516591893947, 40.39564489288998], [115.85165765898341, 40.395734966606796], [115.85177546961337, 40.39573613664617], [115.85177240908396, 40.39591628408286], [115.85189022003465, 40.39591745400965], [115.85188409952072, 40.39627774888036], [115.85176628794231, 40.39627657893875], [115.85176475763963, 40.39636665264909], [115.8516469459112, 40.3963654825838], [115.85164388497128, 40.39654562999271], [115.85129044888586, 40.396542119054594], [115.85128891793475, 40.39663219274575], [115.85117110576316, 40.39663102218934]]]}}, {"type": "Feature", "properties": {"year": 2022, "water_area_km2": 0.0138}, "geometry": {"type": "Polygon", "coordinates": [[[115.88169512009095, 40.39629966436417], [115.88169661050573, 40.39620958971988], [115.8814609851624, 40.39620731046746], [115.88146694800966, 40.3958470119046], [115.88134913597582, 40.395845872112815], [115.88135062682775, 40.39575579747207], [115.88123281495757, 40.395754657563884], [115.88123430595971, 40.3956645829253], [115.88111649425319, 40.39566344290073], [115.88111500309412, 40.39575351753569], [115.88087937938741, 40.39575123711931], [115.88088087086031, 40.39566116249156], [115.880763059174, 40.39566002210696], [115.8807690256261, 40.3952997235958], [115.88088683668471, 40.39530086396596], [115.88088981955653, 40.39512071469445], [115.88100763030803, 40.395121854937386], [115.88101061283906, 40.39494170565285], [115.88124623373454, 40.39494398576429], [115.88124474278625, 40.39503406041449], [115.881362553401, 40.395035200293826], [115.88136106260289, 40.39512527494619], [115.88159668416644, 40.395127554352065], [115.88159817465069, 40.39503747969248], [115.88171598528564, 40.39503861921181], [115.8817144949583, 40.395128693875], [115.88195011656221, 40.39513097256087], [115.88194415644105, 40.39549127122792], [115.88217977932725, 40.39549354946263], [115.88218126905377, 40.39540347479083], [115.88229908035005, 40.39540461372459], [115.88230205946908, 40.39522446436942], [115.88241987045822, 40.39522560317595], [115.8824288067124, 40.39468515505399], [115.88231099666481, 40.39468401626908], [115.88231248617392, 40.39459394158061], [115.88243029606458, 40.39459508036192], [115.88243178541003, 40.39450500566839], [115.88254959515051, 40.39450614432611], [115.8825525735074, 40.39432599492747], [115.88267038294073, 40.39432713345797], [115.88265995967242, 40.39495765635297], [115.88254214914063, 40.39495651779724], [115.88252874589948, 40.39576718995376], [115.88217531010736, 40.39576377346928], [115.88217382035394, 40.39585384813526], [115.88205600827975, 40.395852709063504], [115.88205153850838, 40.39612293304191], [115.8819337259701, 40.39612179383932], [115.88193074577505, 40.39630194314378], [115.88169512009095, 40.39629966436417]]]}}, {"type": "Feature", "properties": {"year": 2022, "water_area_km2": 0.0062}, "geometry": {"type": "Polygon", "coordinates": [[[115.84883634260645, 40.39534655514197], [115.84883787675618, 40.395256481508284], [115.84872006708369, 40.395255308487506], [115.84872160138343, 40.39516523485609], [115.84860379187481, 40.395164061719015], [115.8486068607673, 40.394983914459225], [115.8487246699621, 40.39498508758887], [115.84872773851309, 40.394804940315844], [115.84896335629578, 40.394807286200304], [115.84896489024707, 40.394717212554184], [115.84908269899188, 40.3947183853127], [115.84908730033341, 40.394448164354465], [115.84920510861443, 40.39444933698187], [115.84920664222417, 40.3943592633225], [115.84908883410012, 40.394358090698816], [115.84909036785986, 40.3942680170417], [115.84897255989964, 40.39426684430173], [115.84897409380937, 40.39417677064689], [115.84885628601296, 40.394175597790635], [115.84885935412551, 40.39399545048396], [115.8490949690976, 40.39399779606162], [115.84909650282967, 40.393907722398694], [115.84933211751564, 40.39391006748898], [115.84933058409739, 40.394000141159324], [115.84944839160765, 40.39400131352819], [115.8494391918943, 40.39454175554201], [115.84932138344254, 40.39454058315089], [115.84931984997586, 40.39463065681106], [115.84920204137413, 40.39462948429624], [115.8491974404618, 40.39489970525687], [115.84931524953427, 40.394900877782824], [115.84931218253863, 40.39508102509006], [115.84942999193186, 40.39508219750344], [115.84942539185722, 40.39535241846449], [115.84883634260645, 40.39534655514197]]]}}, {"type": "Feature", "properties": {"year": 2022, "water_area_km2": 0.0087}, "geometry": {"type": "Polygon", "coordinates": [[[115.48542665297691, 40.38602206276726], [115.48543068836973, 40.385841941850984], [115.485312912524, 40.385840398912364], [115.4853169481939, 40.38566027799988], [115.48519917267078, 40.385658734951136], [115.48521329832595, 40.38502831174467], [115.48533107275183, 40.38502985475925], [115.48533510825789, 40.38484973381994], [115.4854528823794, 40.38485127670484], [115.48545489996202, 40.384761216228064], [115.48557267393589, 40.3847627589882], [115.48557469135267, 40.38467269850506], [115.4858102390142, 40.38467578365588], [115.4858082219109, 40.38476584414878], [115.4860437699223, 40.38476892882977], [115.48604175312343, 40.384858989330944], [115.48615952729952, 40.38486053149648], [115.48615146063993, 40.3852207735058], [115.48603368583683, 40.385219231320754], [115.48602360152384, 40.38566953377446], [115.48590582594612, 40.38566799144511], [115.48590179184372, 40.38584811240641], [115.48578401596156, 40.38584656994741], [115.48578199873997, 40.385936630420936], [115.48566422271017, 40.38593508783715], [115.48566220532271, 40.38602514830431], [115.48542665297691, 40.38602206276726]]]}}, {"type": "Feature", "properties": {"year": 2022, "water_area_km2": 0.0382}, "geometry": {"type": "Polygon", "coordinates": [[[115.86199517024193, 40.3906120145337], [115.86199668660379, 40.39052194041181], [115.86105427108546, 40.39051266102926], [115.86105578869555, 40.39042258693529], [115.86093798694343, 40.39042142647624], [115.86094102245683, 40.39024127829124], [115.86082322102534, 40.39024011771958], [115.86082473892864, 40.390150043628566], [115.86070693766092, 40.390148882940586], [115.86070997376073, 40.389968734761545], [115.8605921728136, 40.38996757396094], [115.86059520919977, 40.38978742578344], [115.86071300983315, 40.38978858657671], [115.8607145278591, 40.38969851248209], [115.86083232834245, 40.38969967315171], [115.86083384620464, 40.38960959905198], [115.86095164653798, 40.38961075959795], [115.86095316423646, 40.38952068549309], [115.86107096441975, 40.38952184591541], [115.8610739994824, 40.389341697693986], [115.8611917993588, 40.38934285798899], [115.86119331672298, 40.38925278387242], [115.86131111644933, 40.389253944043794], [115.8613156680302, 40.38898372167433], [115.86143346729278, 40.388984881714705], [115.86143650133202, 40.38880473345378], [115.86155430028772, 40.38880589336684], [115.8615558171402, 40.38871581923055], [115.86190921357772, 40.3887192982389], [115.86191072995274, 40.38862922409012], [115.86202852862205, 40.38863038351595], [115.86202701240387, 40.388720457668406], [115.86226261007678, 40.38872277616751], [115.8622641259812, 40.388632702007726], [115.86273532078158, 40.38863733755163], [115.86273380550465, 40.38872741172609], [115.86285160437869, 40.3887285703158], [115.86285008925181, 40.38881864449246], [115.86332128544389, 40.38882327766627], [115.86331977093764, 40.38891335185614], [115.86343757015962, 40.388914509853336], [115.86342999831022, 40.38936488079918], [115.86331219830389, 40.38936372278367], [115.86330916920254, 40.3895438711445], [115.86319136888925, 40.38954271300168], [115.86318076572111, 40.390173232193106], [115.86306296431648, 40.390172073904665], [115.86305841952839, 40.39044229638245], [115.86294061765997, 40.39044113796304], [115.86293910256005, 40.39053121211572], [115.86258569652516, 40.390527736126586], [115.86258418094775, 40.39061781026683], [115.86199517024193, 40.3906120145337]]]}}, {"type": "Feature", "properties": {"year": 2022, "water_area_km2": 0.0063}, "geometry": {"type": "Polygon", "coordinates": [[[115.63267742120792, 40.38668612987845], [115.63267924282442, 40.38659606359583], [115.63256145803332, 40.38659467060686], [115.63256510155526, 40.38641453804605], [115.63244731708598, 40.38641314494596], [115.63245096088862, 40.38623301238806], [115.63233317674116, 40.38623161917686], [115.63233499878697, 40.3861415529001], [115.63221721480451, 40.38614015957339], [115.63221903699886, 40.386050093299566], [115.63210125318143, 40.386048699857334], [115.63210854250387, 40.38568843476492], [115.63199075932185, 40.38568704122039], [115.6319925817887, 40.385596974948015], [115.63187479877166, 40.38559558128799], [115.63187844399427, 40.385415448747615], [115.63199622669771, 40.38541684239883], [115.63199987157387, 40.385236709843724], [115.63223543637825, 40.38523949676875], [115.63223179212928, 40.385419629341484], [115.63234957485739, 40.38542102263292], [115.63234775287735, 40.38551108892149], [115.63246553577048, 40.385512482097404], [115.632463713939, 40.3856025483889], [115.63258149699715, 40.385603941449325], [115.63257785362313, 40.3857840740367], [115.6326956370031, 40.385785466986], [115.63268835078362, 40.386145732160685], [115.63280613479897, 40.38614712500769], [115.63280249195354, 40.38632725759499], [115.63303806063604, 40.38633004294685], [115.63303259724704, 40.38660024184318], [115.63291481243128, 40.38659884921399], [115.63291299112836, 40.38668891550542], [115.63267742120792, 40.38668612987845]]]}}, {"type": "Feature", "properties": {"year": 2022, "water_area_km2": 0.0096}, "geometry": {"type": "Polygon", "coordinates": [[[115.47453853758162, 40.38299613483609], [115.47454260154349, 40.38281601473562], [115.474424831563, 40.38281446080367], [115.47443092790724, 40.38254428065654], [115.4743131584061, 40.38254272661947], [115.4743355126863, 40.38155206601919], [115.47421774491825, 40.38155051191631], [115.47422790637154, 40.38110021160837], [115.47434567335601, 40.38110176568665], [115.47434770546245, 40.38101170561568], [115.47458323914547, 40.38101481340278], [115.47458527092935, 40.380924753320464], [115.47470303762789, 40.380926307029284], [115.47470100600074, 40.381016367116516], [115.47481877286518, 40.38101792071038], [115.4748167413856, 40.381107980801005], [115.4749345084159, 40.3811095342799], [115.47491825750295, 40.38183001499069], [115.47480048921892, 40.38182846147247], [115.47477610986905, 40.38290918230067], [115.47489388003376, 40.38291073587788], [115.47489184851842, 40.38300079594211], [115.47453853758162, 40.38299613483609]]]}}, {"type": "Feature", "properties": {"year": 2022, "water_area_km2": 0.0752}, "geometry": {"type": "Polygon", "coordinates": [[[115.47954939129421, 40.374954314685574], [115.47955141603161, 40.37486425430061], [115.47943365962186, 40.3748627057202], [115.47943568450678, 40.37477264533863], [115.47931792826283, 40.37477109664327], [115.47931995329532, 40.374681036265116], [115.4788489290375, 40.374674840304706], [115.47884690337837, 40.374764900663244], [115.4780226101824, 40.37475405308388], [115.47802463693817, 40.374663992759665], [115.47790688096055, 40.37466244263096], [115.47790890786383, 40.37457238231016], [115.47779115205202, 40.37457083206652], [115.47779520614449, 40.37439071143023], [115.47767745065515, 40.374389161076536], [115.47767947784432, 40.37429910076108], [115.47756172252078, 40.37429755029244], [115.47756374985747, 40.37420748998038], [115.47709272928141, 40.37420128692695], [115.47709678518062, 40.37402116633762], [115.47650801123298, 40.37401340987329], [115.47651003995215, 40.373923349600936], [115.47639228534672, 40.373921797953436], [115.47640040075852, 40.37356155686873], [115.4765181547373, 40.3735631084966], [115.47652018341073, 40.37347304821677], [115.47675569108246, 40.373476151103155], [115.47675771943342, 40.37338609081203], [115.47699322682844, 40.37338919320919], [115.47699525485694, 40.37329913290675], [115.47711300841152, 40.37330068392066], [115.47711503627424, 40.37321062361185], [115.47723278968131, 40.373212174500985], [115.47723481737823, 40.37312211418575], [115.4773525706378, 40.37312366495015], [115.47735459816889, 40.37303360462851], [115.47747235128097, 40.37303515526816], [115.47747437864629, 40.37294509494013], [115.47759213161086, 40.37294664545502], [115.47759415881036, 40.372856585120594], [115.47794741728899, 40.37286123593148], [115.47794944400943, 40.37277117558084], [115.47818494939426, 40.3727742755124], [115.47818697579224, 40.37268421515045], [115.47842248090036, 40.372687314592824], [115.47842450697591, 40.37259725421959], [115.47877776423667, 40.372601902469604], [115.47877978983313, 40.372511842080165], [115.47889754211502, 40.372513391252255], [115.4788995675457, 40.37242333085643], [115.47913507182359, 40.37242642883125], [115.47913709693185, 40.37233636842413], [115.47972585700323, 40.372344111239435], [115.47972788131912, 40.37225405080632], [115.48031664083555, 40.372261790601044], [115.4803186643591, 40.37217173014195], [115.48067191970858, 40.372176372565974], [115.48066989665497, 40.37226643303976], [115.48090540058021, 40.3722695273997], [115.48090337783078, 40.37235958788178], [115.48113888210581, 40.372362681772145], [115.48113281474264, 40.37263286323882], [115.48125056736377, 40.37263441001891], [115.48124450038846, 40.37290459148687], [115.48112674729734, 40.37290304469209], [115.48111663470605, 40.373353347084375], [115.48123438858042, 40.373354893903624], [115.48123034379333, 40.3735350148599], [115.48134809799012, 40.37353656156908], [115.48134405347984, 40.37371668252918], [115.48122629896976, 40.373715135810194], [115.4812222541097, 40.37389525675454], [115.48110449929541, 40.37389370990592], [115.48110247669501, 40.373983770370955], [115.48074921183692, 40.37397912909131], [115.48075123490727, 40.373889068640956], [115.48051572536083, 40.37388597386507], [115.48051774873537, 40.373795913423024], [115.48039999413251, 40.373794365860206], [115.48040201765458, 40.37370430542156], [115.48028426321748, 40.373702757743786], [115.48028628688708, 40.373612697308545], [115.47993302410057, 40.37360805357083], [115.479930999961, 40.373698113991374], [115.47957773678668, 40.37369346916033], [115.47957571216804, 40.37378352956468], [115.47875143065109, 40.37377268739654], [115.4787494049267, 40.37386274776509], [115.47886715955836, 40.37386429701069], [115.47886513398149, 40.373954357382665], [115.47910064358554, 40.37395745552414], [115.47909861831285, 40.37404751590443], [115.47933412826676, 40.3740506135763], [115.47933210329826, 40.3741406739649], [115.47956761360203, 40.374143771167184], [115.47956558893769, 40.37423383156408], [115.48038987638523, 40.37424466803105], [115.48038785280838, 40.37433472846075], [115.48050560835121, 40.37433627605295], [115.48049751457921, 40.37469651777642], [115.48037975840974, 40.374694970164626], [115.48037571115565, 40.374875091007624], [115.4801401982174, 40.37487199540489], [115.48013817426333, 40.37496205581434], [115.47954939129421, 40.374954314685574]]]}}, {"type": "Feature", "properties": {"year": 2022, "water_area_km2": 0.0063}, "geometry": {"type": "Polygon", "coordinates": [[[115.45027988094733, 40.372313537118515], [115.45028194446027, 40.372223477928024], [115.45016419426302, 40.37222189962972], [115.45018070328454, 40.371501426091996], [115.45029845222875, 40.37150300435034], [115.45030051565791, 40.3714129451464], [115.45053601326099, 40.371416101293605], [115.45054013946488, 40.37123598286126], [115.45089338499952, 40.37124071615335], [115.45088925973539, 40.37142083461564], [115.4510070085788, 40.37142241214999], [115.45100494608941, 40.37151247138389], [115.45088719708937, 40.371510893844544], [115.45087894641225, 40.3718711307452], [115.45099669603881, 40.3718727083045], [115.45099463350292, 40.37196276753093], [115.45087688371972, 40.37196118996664], [115.45087482101786, 40.37205124918656], [115.45099257095771, 40.372052826755855], [115.45099050840318, 40.372142885979294], [115.45087275830672, 40.372141308405006], [115.45087069558623, 40.37223136762196], [115.45075294534244, 40.37222978992284], [115.45075088245605, 40.3723198491333], [115.45027988094733, 40.372313537118515]], [[115.45064551018352, 40.37177791605415], [115.45076325963484, 40.37177949384812], [115.45076738528667, 40.37159937540779], [115.45064963614861, 40.37159779762379], [115.45064551018352, 40.37177791605415]], [[115.45053188701986, 40.371596219719954], [115.45064963614861, 40.37159779762379], [115.45065169911719, 40.371507738406365], [115.45053395014507, 40.37150616050753], [115.45053188701986, 40.371596219719954]]]}}, {"type": "Feature", "properties": {"year": 2022, "water_area_km2": 0.0181}, "geometry": {"type": "Polygon", "coordinates": [[[115.49424952567358, 40.37073242014179], [115.49425153054088, 40.370642359079156], [115.49413378067989, 40.3706408255986], [115.49414180068518, 40.37028058135255], [115.49425954991962, 40.3702821148137], [115.49426155474168, 40.37019205374361], [115.49437930382855, 40.370193587080045], [115.49439133163128, 40.36965322059911], [115.49450907978738, 40.36965475378663], [115.49451308866936, 40.36947463160468], [115.49463083652125, 40.36947616466266], [115.49463284079206, 40.3693861035646], [115.49475058849634, 40.36938763649788], [115.49475259260149, 40.369297575393496], [115.4948703401582, 40.3692991082021], [115.49487234409767, 40.36920904709136], [115.49522558635219, 40.36921364478363], [115.49522758981274, 40.36912358365685], [115.49546308438104, 40.36912664817616], [115.49546108123374, 40.36921670931263], [115.49557882868807, 40.36921824139739], [115.49557682568836, 40.369308302537206], [115.49569457330833, 40.36930983450698], [115.49569257045623, 40.36939989565016], [115.49581031824187, 40.369401427504954], [115.49580230736954, 40.369761672082184], [115.49592005579073, 40.36976320383653], [115.49591404801153, 40.37003338726836], [115.49579629912044, 40.370031855499484], [115.49579229357587, 40.370211977770225], [115.49567454438055, 40.37021044587182], [115.4956725414381, 40.3703005070001], [115.49555479209515, 40.370298974977004], [115.495552788987, 40.370389036098956], [115.49543503949648, 40.37038750395117], [115.49543303622268, 40.3704775650668], [115.4951975369555, 40.370474500402025], [115.49519553335938, 40.37056456150645], [115.49507778358269, 40.37056302898945], [115.4950757798209, 40.37065309008755], [115.49495802989664, 40.37065155744585], [115.49495602596915, 40.370741618537615], [115.49424952567358, 40.37073242014179]]]}}, {"type": "Feature", "properties": {"year": 2022, "water_area_km2": 0.0313}, "geometry": {"type": "Polygon", "coordinates": [[[115.49453714120169, 40.368393898387964], [115.4945411498305, 40.36821377616432], [115.49442340418037, 40.36821224305444], [115.49442741308623, 40.36803212083455], [115.49430966775836, 40.36803058761453], [115.49431167235434, 40.367940526507205], [115.49407618203897, 40.36793745971742], [115.49407417712976, 40.36802752081503], [115.49395643182903, 40.36802598723555], [115.49395843689487, 40.367935926142785], [115.49384069175979, 40.36793439244832], [115.49383868653733, 40.36802445353623], [115.49348545071656, 40.36801985171932], [115.49348344501522, 40.36810991279118], [115.4925414819717, 40.368097635968155], [115.49254750280734, 40.36782745286464], [115.49242975793749, 40.36782591773711], [115.4924317650212, 40.36773585670447], [115.49231402031701, 40.367734321461974], [115.4923160275483, 40.36764426043272], [115.4920805384803, 40.36764118959796], [115.49208254601575, 40.36755112857693], [115.4925535235615, 40.3675572697477], [115.49255553046144, 40.36746720870574], [115.49267327471392, 40.36746874369401], [115.49267528144821, 40.36737868264571], [115.49314625792213, 40.36738482138114], [115.49315027011068, 40.36720469924119], [115.49338575777548, 40.36720776787053], [115.49338174621342, 40.36738789002989], [115.49349949037261, 40.36738942417453], [115.49350550723236, 40.3671192409187], [115.49338776354297, 40.36711770678862], [115.4933897693014, 40.36702764570523], [115.49374299992685, 40.367032247721426], [115.49374099463824, 40.3671223088194], [115.49397648208036, 40.367125376240786], [115.49397848705571, 40.367035315133116], [115.49433171781686, 40.36703991535196], [115.49433372231339, 40.36694985422825], [115.4949224396464, 40.36695751883896], [115.49492043593291, 40.36704757998692], [115.49539141058848, 40.36705370953806], [115.49538940749238, 40.36714377070394], [115.49562489518762, 40.36714683477027], [115.49562088959479, 40.36732695711694], [115.49550314542944, 40.367325425134005], [115.49550114246286, 40.36741548630025], [115.49561888678483, 40.36741701828805], [115.49561488113777, 40.36759714062578], [115.49549713650258, 40.36759560862831], [115.49549513350891, 40.3676856697901], [115.4956128783007, 40.367687201792435], [115.49561087545459, 40.367777262957574], [115.49572862041202, 40.36777879484494], [115.49572461500595, 40.36795891718046], [115.49584236028564, 40.36796044895769], [115.49583835515666, 40.36814057129694], [115.4957206095637, 40.36813903951003], [115.49571660408535, 40.36831916183364], [115.49559885818819, 40.36831762991719], [115.49559685527885, 40.36840769107192], [115.49453714120169, 40.368393898387964]], [[115.4938426969732, 40.3678443313589], [115.49396044195166, 40.36784586504851], [115.49396244699939, 40.36775580395276], [115.49384470217754, 40.367754270268], [115.4938426969732, 40.3678443313589]], [[115.49337773461512, 40.36756801218327], [115.49349547908756, 40.36756954633763], [115.4934974847346, 40.36747948525683], [115.4933797404188, 40.367477951107325], [115.49337773461512, 40.36756801218327]]]}}, {"type": "Feature", "properties": {"year": 2022, "water_area_km2": 0.1566}, "geometry": {"type": "Polygon", "coordinates": [[[115.487306318342, 40.370461617906535], [115.4873083324326, 40.37037155712787], [115.48719058341976, 40.370370016586634], [115.48719259765791, 40.370279955811334], [115.48695709997274, 40.370276874379115], [115.48695911451506, 40.370186813612094], [115.48684136584274, 40.3701852727211], [115.4868433805326, 40.37009521195746], [115.48660788352848, 40.370092129825736], [115.48660989852254, 40.370002069070345], [115.48637440186802, 40.36999898646904], [115.48637641716624, 40.36990892572193], [115.48625866900925, 40.369907384246396], [115.486260684455, 40.369817323502666], [115.48614293646375, 40.36981578191218], [115.48614696764122, 40.36963566043], [115.4860292199723, 40.369634118729444], [115.486031235704, 40.369544057991], [115.48591348820081, 40.369542516175486], [115.48592155166327, 40.369182273226315], [115.48533281741618, 40.36917456244884], [115.48533483404216, 40.36908450173224], [115.48521708737664, 40.369082959222126], [115.48522313766989, 40.36881277707796], [115.48510539148333, 40.36881123446267], [115.48511547590654, 40.36836093088368], [115.48499773051218, 40.368359388172976], [115.48500781549099, 40.367909084581115], [115.48489007088881, 40.36790754177498], [115.48489813933452, 40.3675472988942], [115.48501588331027, 40.367548841680794], [115.48501790024234, 40.367458780952], [115.48513564407058, 40.36746032361388], [115.48513766083695, 40.367370262878715], [115.48584412305777, 40.367379516304496], [115.48584613887539, 40.367289455538554], [115.48667034411717, 40.367300245715846], [115.48667235882945, 40.36721018491425], [115.48749656342031, 40.36722096918609], [115.48749857702724, 40.36713090834889], [115.48855826788859, 40.36714476517015], [115.488560280077, 40.36705470428762], [115.48950222687371, 40.36706701327517], [115.48950423780016, 40.36697695235218], [115.48962198103396, 40.36697849043156], [115.48962399179476, 40.36688842950222], [115.48985947797637, 40.36689150529177], [115.48986148841489, 40.3668014443512], [115.4899792313627, 40.366802982061394], [115.48998124163553, 40.366712921114456], [115.48986349884434, 40.366711383409154], [115.4898655092647, 40.36662132246561], [115.48974776663918, 40.36661978464534], [115.48974977720708, 40.36652972370518], [115.48963203474722, 40.366528185769965], [115.48963404546264, 40.366438124833174], [115.48951630316847, 40.366436586782996], [115.48952032488532, 40.366256464914684], [115.48975580885637, 40.36625954087574], [115.48975379831568, 40.366349601820374], [115.4898715404714, 40.36635113962604], [115.48986953007822, 40.36644120057405], [115.48998727239965, 40.36644273826477], [115.489985262154, 40.36653279921616], [115.49010300464106, 40.366534336791915], [115.49010099454297, 40.36662439774668], [115.4903364798575, 40.36662747254846], [115.49033246026055, 40.36680759447298], [115.4904502032446, 40.36680913170387], [115.49044618392458, 40.366989253632156], [115.4903284406273, 40.36698771639154], [115.49032643079708, 40.367077777348584], [115.49020868735224, 40.367076239983284], [115.49020667735635, 40.36716630093396], [115.490088933764, 40.36716476344397], [115.49008692360242, 40.3672548243883], [115.4899691798625, 40.367253286773625], [115.4899611384991, 40.3676135305166], [115.49007888286546, 40.367615068150755], [115.49007084198342, 40.367975311889346], [115.49018858698528, 40.36797684942312], [115.49018657689872, 40.368066910358905], [115.49053981242858, 40.36807152225588], [115.49053780280279, 40.368161583204795], [115.49112652965026, 40.36816926732753], [115.49112452079848, 40.368259328299246], [115.49136001191415, 40.36826240111929], [115.49135800336654, 40.36835246209923], [115.49147574909459, 40.36835399833436], [115.49147173228545, 40.36853412029952], [115.49158947833577, 40.36853565642455], [115.49158747007424, 40.368625717409756], [115.49170521629026, 40.36862725341981], [115.49170120005323, 40.36880737539548], [115.49181894659155, 40.368808911295424], [115.4918149306315, 40.36898903327485], [115.49193267749214, 40.36899056906468], [115.49192665395405, 40.36926075203724], [115.49180890662355, 40.36925921623281], [115.49180689860279, 40.36934927721582], [115.49157140365571, 40.36934620523777], [115.49156939531262, 40.36943626620957], [115.49109840490075, 40.36943012079602], [115.49109639592211, 40.369520181746886], [115.49074315273846, 40.369515571413885], [115.49074114328089, 40.36960563234869], [115.4905056475572, 40.36960255818446], [115.4905036377773, 40.36969261910802], [115.4902681417766, 40.36968954445473], [115.49026613167436, 40.36977960536708], [115.49003063539669, 40.369776530224726], [115.49002862497215, 40.36986659112585], [115.4896753801538, 40.369861977498964], [115.48967336925026, 40.36995203838399], [115.4894378724368, 40.369948962023834], [115.48943586121095, 40.37003902289763], [115.48920036412052, 40.3700359460484], [115.48919835257233, 40.370126006911], [115.48896285520493, 40.37012292957267], [115.48896084333441, 40.370212990424015], [115.48872534569004, 40.37020991259663], [115.48872333349716, 40.37029997343675], [115.48848783557588, 40.37029689512026], [115.48848582306067, 40.37038695594917], [115.4878970776331, 40.370379258036465], [115.48789506432567, 40.37046931883952], [115.487306318342, 40.370461617906535]]]}}, {"type": "Feature", "properties": {"year": 2022, "water_area_km2": 0.0058}, "geometry": {"type": "Polygon", "coordinates": [[[115.45246501764757, 40.364325068583625], [115.45246707767048, 40.36423500917531], [115.45223160484464, 40.36423185742112], [115.4522336651714, 40.36414179802127], [115.45246913768406, 40.3641449497655], [115.45247325768341, 40.363964830941406], [115.45270872960694, 40.363967982186466], [115.45271078927952, 40.363877922762214], [115.45282852509867, 40.363879498200056], [115.45283058460538, 40.36378943876932], [115.45365473450344, 40.36380046344486], [115.45365061767271, 40.363980582374616], [115.45376835372272, 40.36398215685902], [115.45377041198617, 40.36389209738989], [115.45388814788888, 40.363893671749516], [115.45389020598647, 40.36380361227393], [115.45412567750661, 40.36380676062379], [115.45412156192847, 40.363986879593405], [115.45388608978202, 40.36398373122361], [115.45388403166586, 40.364073790696224], [115.45376629545, 40.36407221632665], [115.453764237168, 40.36416227579277], [115.45352876445095, 40.36415912668423], [115.45352670584653, 40.3642491861389], [115.4531734963709, 40.364244461562606], [115.45317143728745, 40.36433452100083], [115.45293596403698, 40.36433137067431], [115.4529380234336, 40.364241311246055], [115.45282028697888, 40.36423973590807], [115.45281822742571, 40.364329795331344], [115.45246501764757, 40.364325068583625]], [[115.45270255053344, 40.36423816045029], [115.45282028697888, 40.36423973590807], [115.45282234652277, 40.364149676483315], [115.4527046102339, 40.364148101030516], [115.45270255053344, 40.36423816045029]]]}}, {"type": "Feature", "properties": {"year": 2022, "water_area_km2": 0.0191}, "geometry": {"type": "Polygon", "coordinates": [[[115.51109698959877, 40.36518500346971], [115.51109897165087, 40.36509494162664], [115.51086348943079, 40.36509190919459], [115.51086745413457, 40.36491178552317], [115.51074971335115, 40.36491026913701], [115.51075367833234, 40.364730145469245], [115.51063593787103, 40.36472862897286], [115.51064386835246, 40.36436838163867], [115.51052612852648, 40.36436686504168], [115.51053604221, 40.363916555864456], [115.51041830317591, 40.363915039171644], [115.51042028604236, 40.36382497733653], [115.51053802491985, 40.363826494024536], [115.51054397299579, 40.36355630849589], [115.51066171141248, 40.36355782504969], [115.51066369393, 40.36346776319903], [115.510899170477, 40.363470795937616], [115.51090115267242, 40.36338073407587], [115.51148984341349, 40.363388313801615], [115.51148786200102, 40.36347837568734], [115.51160560033264, 40.363479891277855], [115.51160163779404, 40.36366001505444], [115.51171937644777, 40.363661530534735], [115.51171343304262, 40.36393171620285], [115.51183117217505, 40.36393323157772], [115.51182522915923, 40.36420341724683], [115.51194296877037, 40.36420493251626], [115.51192712158772, 40.3649254276068], [115.51180938072383, 40.364923912299005], [115.5118073996292, 40.36501397417382], [115.51168965861767, 40.36501245874141], [115.51168767735749, 40.365102520609966], [115.5113344539067, 40.36509797357942], [115.51133247216778, 40.36518803543208], [115.51109698959877, 40.36518500346971]]]}}, {"type": "Feature", "properties": {"year": 2022, "water_area_km2": 0.0251}, "geometry": {"type": "Polygon", "coordinates": [[[115.48928484095057, 40.36625338847435], [115.4892868521086, 40.366163327547696], [115.48916911031142, 40.36616178915266], [115.48917112161698, 40.366071728229386], [115.48893563836306, 40.36606865108961], [115.48893764997274, 40.36597859017458], [115.48881990851598, 40.36597705142983], [115.48882192027321, 40.365886990518185], [115.4887041789821, 40.36588545165848], [115.48870619088683, 40.36579539075021], [115.48858844976142, 40.365793851775564], [115.48859046181367, 40.365703790870676], [115.48847272085395, 40.36570225178109], [115.48847473305369, 40.36561219087958], [115.48835699225965, 40.36561065167504], [115.48835900460693, 40.36552059077691], [115.48824126397854, 40.36551905145743], [115.48824327647334, 40.36542899056268], [115.488007795557, 40.36542591157402], [115.4880098083559, 40.365335850687515], [115.48789206806795, 40.36533431101834], [115.48789408101436, 40.36524425013521], [115.48777634089205, 40.36524271035109], [115.487778353986, 40.36515264947136], [115.4876606140294, 40.3651511095723], [115.48766262727081, 40.36506104869595], [115.48754488747987, 40.365059508681945], [115.48754690086882, 40.364969447808974], [115.48742916124354, 40.364967907680025], [115.48743117478001, 40.36487784681043], [115.48731343532042, 40.36487630656655], [115.48731544900436, 40.36478624570035], [115.4870799704256, 40.36478316486289], [115.48708198441366, 40.36469310400495], [115.48696424529447, 40.36469156341138], [115.48696625943003, 40.36460150255681], [115.48684852047656, 40.3645999618483], [115.48685053475958, 40.36450990099713], [115.48673279597176, 40.364508360173694], [115.48673481040234, 40.3644182993259], [115.48661707178019, 40.364416758387506], [115.48661908635822, 40.364326697543106], [115.48650134790176, 40.36432515648979], [115.4865033626273, 40.36423509564878], [115.48638562433649, 40.36423355448053], [115.48638763920954, 40.36414349364291], [115.48626990108443, 40.364141952359724], [115.48627191610494, 40.364051891525484], [115.48615417814548, 40.36405035012737], [115.4861561933135, 40.3639602892965], [115.48603845551973, 40.36395874778346], [115.48604047083525, 40.363868686955996], [115.48592273320713, 40.363867145328015], [115.48592474867016, 40.36377708450394], [115.48580701120771, 40.36377554276103], [115.48580902681822, 40.36368548194035], [115.48569128952144, 40.36368394008251], [115.48569330527941, 40.3635938792652], [115.4855755681483, 40.36359233729245], [115.48557758405379, 40.363502276478535], [115.48545984708838, 40.36350073439083], [115.48546186314132, 40.36341067358032], [115.48534412634156, 40.36340913137769], [115.48534614254199, 40.36331907057057], [115.48522840590792, 40.36331752825303], [115.48523243859464, 40.36313740664406], [115.48511470228281, 40.36313586421647], [115.4851187352463, 40.3629557426113], [115.48523647124502, 40.36295728502912], [115.48524050385899, 40.36277716340822], [115.4853582395536, 40.36277870569648], [115.48536025569041, 40.36268864487892], [115.48606666910976, 40.362697896063324], [115.48606263870599, 40.362878017755506], [115.48618037462084, 40.36287955921002], [115.4861723143305, 40.363239802596034], [115.48629005088077, 40.36324134395024], [115.4862860209942, 40.36342146564406], [115.48640375786668, 40.363423006888226], [115.48639972825696, 40.363603128585844], [115.48651746545167, 40.363604669719955], [115.48651545078974, 40.36369473057139], [115.48663318815015, 40.363696271590584], [115.4866311736357, 40.363786332445414], [115.48674891116178, 40.36378787334966], [115.48674689679483, 40.36387793420788], [115.48686463448657, 40.36387947499719], [115.48686262026712, 40.3639695358588], [115.48698035812451, 40.363971076533176], [115.48697834405256, 40.36406113739818], [115.4872138201078, 40.36406421839726], [115.48720979256295, 40.36424434014227], [115.48732753091738, 40.36424588047185], [115.4873255172879, 40.36433594134699], [115.48744325580797, 40.364337481561634], [115.48744124232603, 40.36442754244016], [115.48755898101177, 40.364429082539864], [115.48755696767732, 40.364519143421774], [115.48767470652872, 40.364520683406546], [115.48767269334178, 40.364610744291845], [115.48779043235886, 40.36461228416166], [115.48778841931941, 40.36470234505035], [115.48790615850216, 40.36470388480524], [115.48790414561024, 40.36479394569728], [115.48802188495866, 40.36479548533723], [115.48801987221422, 40.36488554623268], [115.4881376117283, 40.36488708575768], [115.48813559913138, 40.36497714665651], [115.48825333881113, 40.36497868606658], [115.48825132636175, 40.36506874696878], [115.48836906620717, 40.365070286263894], [115.48836705390528, 40.36516034716948], [115.48848479391637, 40.365161886349654], [115.48848278176199, 40.36525194725861], [115.48860052193875, 40.36525348632386], [115.48859850993189, 40.36534354723619], [115.48871625027431, 40.365345086186494], [115.48871423841496, 40.365435147102225], [115.48883197892307, 40.36543668593757], [115.48882996721125, 40.365526746856666], [115.48894770788502, 40.365528285577064], [115.48894569632071, 40.36561834649955], [115.48906343716014, 40.365619885105], [115.48906142574337, 40.36570994603086], [115.48917916674847, 40.36571148452136], [115.4891771554792, 40.3658015454506], [115.48929489665, 40.36580308382616], [115.48929087439744, 40.3659832056899], [115.48940861589048, 40.36598474395539], [115.48940660490719, 40.36607480488989], [115.4895243465659, 40.366076343040405], [115.48952032488532, 40.366256464914684], [115.48928484095057, 40.36625338847435]]]}}, {"type": "Feature", "properties": {"year": 2022, "water_area_km2": 1.6736}, "geometry": {"type": "Polygon", "coordinates": [[[115.459146863102, 40.37603551905395], [115.4591489150807, 40.37594545954476], [115.45903115791185, 40.375943890155554], [115.45903321003794, 40.37585383064983], [115.458915453035, 40.375852261145745], [115.45891750530852, 40.3757622016435], [115.45879974847152, 40.375760632024516], [115.45880180089243, 40.375670572525735], [115.45844853090695, 40.37566586296459], [115.45845058378862, 40.37557580347922], [115.45821507082458, 40.37557266318247], [115.4582171240103, 40.37548260370554], [115.45809936769885, 40.37548103338235], [115.458101421032, 40.375390973908914], [115.45798366488647, 40.37538940347083], [115.457985718367, 40.37529934400085], [115.45786796238738, 40.37529777344789], [115.4578700160153, 40.37520771398139], [115.45775226020164, 40.37520614331356], [115.45775431397698, 40.375116083850536], [115.45763655832921, 40.37511451306782], [115.45763861225194, 40.37502445360827], [115.45752085677012, 40.37502288271067], [115.45752701895266, 40.37475270433798], [115.45764477396449, 40.37475427522066], [115.45764888172656, 40.374574156288126], [115.45741337233875, 40.374571014422784], [115.45741542651918, 40.37448095496421], [115.45753318105179, 40.374482525951834], [115.45753728907155, 40.37430240702028], [115.45777279753794, 40.37430554861609], [115.45777690489405, 40.374125429658676], [115.4576591509695, 40.37412385893063], [115.45766120479033, 40.37403379945466], [115.45754345103171, 40.37403222861173], [115.4575455049999, 40.373942169139234], [115.45742775140721, 40.37394059818143], [115.45742364314826, 40.374120717115], [115.45718813536409, 40.374117574819984], [115.45719224424964, 40.3739374559063], [115.45707449068476, 40.37393588458897], [115.45707243608994, 40.374025944041584], [115.45648366762131, 40.374018085632365], [115.45648572299935, 40.37392802620461], [115.45613246249938, 40.373923309735844], [115.45613451833813, 40.373833250321525], [115.45601676501333, 40.37383167793057], [115.45601882099943, 40.37374161851971], [115.45590106784056, 40.37374004601387], [115.45590312397405, 40.373649986606516], [115.45578537098112, 40.37364841398581], [115.45578742726195, 40.373558354581945], [115.4555519216172, 40.37355520899094], [115.45555397820208, 40.373465149595525], [115.45543622555024, 40.37346357662524], [115.45543828228249, 40.37337351723331], [115.45532052979661, 40.37337194414816], [115.4553225866762, 40.373281884759706], [115.45508708204557, 40.373278738239826], [115.45508913922917, 40.37318867885984], [115.45497138708443, 40.373187105425124], [115.45497550173711, 40.37300698667063], [115.45473999810201, 40.37300383946156], [115.45474411334415, 40.372823720721016], [115.45462636185381, 40.37282214694669], [115.4546284196176, 40.372732087579145], [115.45451066829318, 40.37273051368995], [115.45451684199877, 40.37246033559334], [115.45428134031762, 40.3724571874853], [115.45428339851418, 40.37236712812673], [115.45381239588988, 40.37236083049253], [115.45381445470372, 40.3722707711524], [115.45357895376056, 40.37226762162625], [115.45358101287837, 40.37217756229458], [115.45334551228565, 40.37217441229903], [115.45334757170745, 40.37208435297585], [115.45322982158166, 40.3720827778033], [115.45323188115081, 40.3719927184836], [115.45299638124038, 40.371989567788965], [115.45299844111351, 40.37189950847774], [115.45288069132886, 40.37189793295565], [115.45288275134932, 40.37180787364791], [115.45276500173058, 40.37180629801098], [115.45276706189843, 40.37171623870673], [115.45264931244562, 40.37171466295494], [115.45265343306662, 40.37153454435196], [115.45253568393639, 40.37153296849031], [115.45253774438959, 40.37144290919156], [115.45241999542526, 40.37144133321505], [115.45242411661704, 40.37126121462304], [115.45230636797527, 40.37125963853668], [115.45230842871385, 40.37116957924343], [115.45207293177148, 40.37116642672118], [115.45207499281399, 40.3710763674364], [115.45195724451338, 40.371074791000524], [115.45195930570324, 40.37098473171923], [115.45184155756856, 40.3709831551685], [115.45184361890574, 40.37089309589071], [115.45172587093698, 40.37089151922514], [115.4517299938967, 40.370711400675056], [115.4518477415522, 40.37071297733065], [115.45184980286149, 40.37062291804838], [115.45196755036969, 40.370624494579154], [115.45196961151304, 40.3705344352904], [115.45232285362349, 40.37053916414876], [115.45232491428769, 40.370449104843544], [115.45479760811334, 40.37048217655008], [115.45479966547914, 40.370392117138714], [115.45656587551149, 40.370415707357246], [115.4565679305187, 40.370325647869755], [115.45703891958654, 40.37033193402123], [115.45704097395797, 40.370241874512345], [115.45715872109149, 40.370243445745665], [115.45716077529703, 40.37015338623031], [115.45727852228318, 40.37015495733884], [115.45728263035325, 40.3699748382937], [115.45716488368032, 40.369973267195135], [115.45716899202657, 40.36979314815397], [115.45728673838623, 40.369794719242606], [115.45728879238885, 40.36970465971482], [115.45775977729369, 40.36971094285118], [115.45775772391758, 40.369801002398845], [115.45787547032357, 40.36980257288835], [115.45787341709479, 40.36989263243948], [115.45799116366668, 40.36989420281411], [115.45798911058527, 40.369984262368746], [115.45810685732303, 40.369985832628515], [115.45810275144565, 40.37016595174322], [115.45822049850592, 40.370167521893094], [115.45821844570997, 40.370257581453174], [115.4586894346701, 40.37026386087425], [115.45869148683956, 40.3701738012943], [115.4588092339461, 40.370175370845025], [115.45881128594968, 40.37008531125862], [115.45904677987731, 40.370088449990654], [115.45905498654609, 40.36972821159034], [115.45893724020415, 40.36972664230411], [115.45893929200481, 40.369636582705255], [115.45882154582874, 40.369635013304155], [115.45882564971558, 40.36945489411192], [115.45859015801763, 40.369451754970115], [115.45859221026039, 40.369361695381684], [115.45870995594811, 40.369363265007536], [115.458716112151, 40.3690930862184], [115.45777415066719, 40.36908052597566], [115.45777620396923, 40.36899046641603], [115.45765845898205, 40.36898889585144], [115.45766256587153, 40.368808776737666], [115.45778031054549, 40.3688103472923], [115.4577823638197, 40.3687202877282], [115.45766461930236, 40.368718717178524], [115.45766667272396, 40.3686286576179], [115.45754892837247, 40.36862708695337], [115.4575509819414, 40.368537027396215], [115.4574332377558, 40.368535456616826], [115.45743529147207, 40.36844539706316], [115.45778852358686, 40.36845010902693], [115.4577864703404, 40.368540168595516], [115.45802195877646, 40.36854330931553], [115.45801990583395, 40.36863336889256], [115.45860862786918, 40.36864121862051], [115.45861068002861, 40.368551159018644], [115.45896391289101, 40.36855586740263], [115.45896596457138, 40.368465807784375], [115.45920145287937, 40.368468946097984], [115.45920350423725, 40.36837888646831], [115.45955673629881, 40.36838359302515], [115.45955878717761, 40.36829353337908], [115.45979427495172, 40.36829667047461], [115.45979222438613, 40.36838673013061], [115.45967448033785, 40.368385161637796], [115.4596724296064, 40.368475221287326], [115.46049663923482, 40.368486198255475], [115.46049868887, 40.36839613857121], [115.46108740952752, 40.368403975643226], [115.46108945837042, 40.36831391593266], [115.46120720237306, 40.36831548298263], [115.46120310499123, 40.368495602412196], [115.46143859365064, 40.36849873617251], [115.46143654525908, 40.368588795894965], [115.46167203426869, 40.368591929185904], [115.46166793808429, 40.36877204864617], [115.46155019326166, 40.368770482050714], [115.4615460967271, 40.36895060149509], [115.46166384186296, 40.36895216810048], [115.46166179373843, 40.369042227825375], [115.46154404844597, 40.36904066121503], [115.46154200015557, 40.369130720933484], [115.4608355276551, 40.36912131872533], [115.46084167531757, 40.36885113965474], [115.45989971626, 40.36883859678599], [115.45989766579552, 40.368928656438], [115.45977992079833, 40.36892708803523], [115.4597758195284, 40.369107207324824], [115.45989356483881, 40.36910877573751], [115.45988741333439, 40.369378954675604], [115.46094712577292, 40.36939306513162], [115.4609491748741, 40.36930300544244], [115.4615379035471, 40.36931084036593], [115.46153995185597, 40.36922078065045], [115.46224642562879, 40.3692301785746], [115.4622484729887, 40.369140118827886], [115.46248396400698, 40.36914325050074], [115.46248191696029, 40.36923331025737], [115.46259966263989, 40.36923487591901], [115.46260170952996, 40.36914481615744], [115.46295494615433, 40.369149512408534], [115.46295699256532, 40.369059452630616], [115.46319248338115, 40.36906258285565], [115.46319452946969, 40.36897252306633], [115.46378325588772, 40.36898034650719], [115.46378530118398, 40.368890286691624], [115.46390304633866, 40.36889185101537], [115.46390509146906, 40.36880179119335], [115.46414058149283, 40.36880491947147], [115.4641426263008, 40.36871485963806], [115.46426037116991, 40.368716423592424], [115.46426446044491, 40.36853630391125], [115.46414671588902, 40.36853473996677], [115.46415285020217, 40.36826456044865], [115.46403510612534, 40.36826299639921], [115.46403715103455, 40.368172936561805], [115.46344843157175, 40.36816511454198], [115.46345047725477, 40.368075054727825], [115.46227304058743, 40.36805940175102], [115.46227099333836, 40.36814946151563], [115.46203550580246, 40.368146329472495], [115.4620375533648, 40.36805626971778], [115.46180206617906, 40.368053137205266], [115.46180411404535, 40.36796307745898], [115.46203960091786, 40.36796620996159], [115.46204369599631, 40.3677860904447], [115.46216143913323, 40.36778765650636], [115.46216348650196, 40.36769759674072], [115.46239897249028, 40.367700728494675], [115.46240101953659, 40.36761066871763], [115.46275424811847, 40.36761536543503], [115.46275629468575, 40.36752530564164], [115.46322726563108, 40.367531566234206], [115.46322931156273, 40.3674415064195], [115.46346479677757, 40.36744463598697], [115.4634709335775, 40.3671744565042], [115.46335319143526, 40.36717289179524], [115.46335523717337, 40.36708283196962], [115.46323749519699, 40.367081267145785], [115.46324158695873, 40.36690114749996], [115.46312384530475, 40.36689958256621], [115.46312589132837, 40.366809522746024], [115.46300814984023, 40.36680795769741], [115.46301019601124, 40.366717897880676], [115.4628924546889, 40.3667163327172], [115.46289450100727, 40.366626272903915], [115.46277675985077, 40.36662470762558], [115.46277880631649, 40.366534647815755], [115.4625433243444, 40.366531516909546], [115.46254537111408, 40.36644145710814], [115.46242763029846, 40.366439891480255], [115.46242967721551, 40.366349831682314], [115.46184097405893, 40.36634200177047], [115.46184506943126, 40.36616188221966], [115.46172732914083, 40.366160315887754], [115.46172937696973, 40.366070256115066], [115.46161163684513, 40.36606868966832], [115.46161573278839, 40.36588857012837], [115.46149799298622, 40.36588700357171], [115.46150004110058, 40.36579694380447], [115.46138230146423, 40.365795377132955], [115.46138434972595, 40.365705317369155], [115.46114887079415, 40.36570218367661], [115.4611509193598, 40.36561212392125], [115.46103318006436, 40.36561055690022], [115.46103522877733, 40.365520497148324], [115.46079975052734, 40.36551736275674], [115.46080179954429, 40.36542730301326], [115.46068406058971, 40.365425735642724], [115.46068610975398, 40.36533567590271], [115.46056837096526, 40.36533410841732], [115.46057042027688, 40.36524404868077], [115.46045268165399, 40.36524248108053], [115.46045678056261, 40.36506236161289], [115.46033904226215, 40.365060793902764], [115.46034109185916, 40.364970734171656], [115.46010561559913, 40.364967598401876], [115.46010766550009, 40.36487753867921], [115.4599899275405, 40.36487597061957], [115.45998787748297, 40.364966030337285], [115.45987013937606, 40.36496446215287], [115.45986398867824, 40.36523464128215], [115.45974625011081, 40.365233072963036], [115.45974830050925, 40.36514301325974], [115.45963056210768, 40.36514144482579], [115.45963261265346, 40.36505138512596], [115.45951487441772, 40.36504981657716], [115.45951692511083, 40.36495975688079], [115.45963466319, 40.36496132542464], [115.45964081474409, 40.3646911463117], [115.45952307713465, 40.364689577782755], [115.45952717843763, 40.36450945837659], [115.45940944115061, 40.364507889737766], [115.45941149194479, 40.364417830037404], [115.4592937548236, 40.364416261283736], [115.45929580576514, 40.364326201586856], [115.45917806880978, 40.36432463271835], [115.45918011989862, 40.36423457302494], [115.45906238310909, 40.36423300404159], [115.45906853678981, 40.36396282496727], [115.45883306417795, 40.36395968667095], [115.45883511569951, 40.363869626986464], [115.45836417121316, 40.36386334897603], [115.45836622335175, 40.363773289309925], [115.45824848740989, 40.363771719512776], [115.45824643511475, 40.36386177917393], [115.45812869902554, 40.36386020925201], [115.45812664656457, 40.3639502689067], [115.45800891032806, 40.36394869886001], [115.45800685770125, 40.36403875850823], [115.45788912131742, 40.36403718833677], [115.45789117410081, 40.36394712869352], [115.45777343788284, 40.36394555840722], [115.45776933199365, 40.36412567768231], [115.45765159547179, 40.364124107266264], [115.4576577547614, 40.3638539283663], [115.45730454666052, 40.36384921644408], [115.45730043953726, 40.364029335682396], [115.45682949427987, 40.36402305140242], [115.45682744007804, 40.36411311099945], [115.45670970363031, 40.364111539624965], [115.45671381233781, 40.36393142043935], [115.4564783400964, 40.36392827735088], [115.45647628543412, 40.36401833693449], [115.4561230766718, 40.364013621388324], [115.45612102153052, 40.364103680955516], [115.45576781238191, 40.36409896431619], [115.4557698679929, 40.36400890476393], [115.45565213178514, 40.364007332316184], [115.45565418754343, 40.363917272767395], [115.45553645150152, 40.36391570020482], [115.4555385074071, 40.36382564065953], [115.45565624329242, 40.36382721321712], [115.45565829903217, 40.36373715366536], [115.45589377051752, 40.36374029841118], [115.45589788134288, 40.36356017928325], [115.45601561678633, 40.36356175146651], [115.4560115062741, 40.363741870604386], [115.45612924203996, 40.36374344267779], [115.45613129714413, 40.36365338310462], [115.45636676839051, 40.36365652688208], [115.4563688231723, 40.36356646729747], [115.45672202964165, 40.36357118205021], [115.45672613823797, 40.363391062846674], [115.45660840305204, 40.36338949139218], [115.45661045749287, 40.363299431793145], [115.45684592756085, 40.3633025745724], [115.45684387343314, 40.36339263418137], [115.4569616086376, 40.36339420539626], [115.45695955465722, 40.363484265008736], [115.45707729002751, 40.3634858361088], [115.45707934385132, 40.363395776491366], [115.45719707907432, 40.36339734746666], [115.4571991327323, 40.363307287842765], [115.45743460289292, 40.36331042942401], [115.45743665622848, 40.36322036978868], [115.45767212611304, 40.36322351088077], [115.45767417912623, 40.363133451234006], [115.45790964873466, 40.363136591836955], [115.45791170142546, 40.363046532178764], [115.4581471707578, 40.36304967229258], [115.4581492231262, 40.36295961262296], [115.45850242672446, 40.362964321880284], [115.45850037482576, 40.36305438156481], [115.45861810953359, 40.3630559510826], [115.45861400602153, 40.36323607045712], [115.45932041634165, 40.36324548510775], [115.45931836551117, 40.36333554482254], [115.45955383600504, 40.36333868209094], [115.45955588652238, 40.3632486223662], [115.46002682699482, 40.36325489544551], [115.46002477710374, 40.363344955190094], [115.46037798302488, 40.36334965875654], [115.46037593359425, 40.363439718514506], [115.46061140456769, 40.36344285363639], [115.46061345368518, 40.363352793868486], [115.46108439511673, 40.36335906265478], [115.46108644359869, 40.36326900286556], [115.4612041788231, 40.36327056975767], [115.46120213049771, 40.363360629551856], [115.46155533669612, 40.36336532952425], [115.46155328883118, 40.363455389331804], [115.4616710244057, 40.36345695575462], [115.46166897668812, 40.36354701556565], [115.46155124095704, 40.36354544913789], [115.46154509727911, 40.363815628547144], [115.46142736108754, 40.3638140619847], [115.46142326494295, 40.36399418157349], [115.46118779196122, 40.36399104806935], [115.46118574356193, 40.3640811078516], [115.46083253368893, 40.364076406681974], [115.46083048481067, 40.364166466447855], [115.46094822158233, 40.364168033629156], [115.46094207536177, 40.364438212932676], [115.46105981261239, 40.36443978000906], [115.4610577640103, 40.364529839778875], [115.46117550142674, 40.364531406740404], [115.461173452972, 40.3646214665137], [115.46129119055426, 40.36462303336038], [115.46128914224686, 40.36471309313713], [115.46140687999494, 40.364714659868945], [115.46140483183487, 40.36480471964916], [115.46152256974877, 40.36480628626613], [115.46151847371407, 40.364986405832], [115.46175395019593, 40.364989538726356], [115.46175190247789, 40.365079598516964], [115.46186964088925, 40.36508116478938], [115.46186759331856, 40.365171224583456], [115.46198533189575, 40.36517279074102], [115.4619832844724, 40.36526285053856], [115.46221876196766, 40.36526598250418], [115.46221671484824, 40.36535604231013], [115.46245219269359, 40.36535917380641], [115.46245014587814, 40.36544923362078], [115.46256788497124, 40.36545079919416], [115.46256379162575, 40.36563091882833], [115.4626815310413, 40.365632484291794], [115.46267743797205, 40.365812603929896], [115.46279517770998, 40.36581416928348], [115.4627931313181, 40.365904229105226], [115.46302861113483, 40.36590735946285], [115.46302656504692, 40.365997419293016], [115.46337978531103, 40.366002113945704], [115.46338183092918, 40.36591205410067], [115.46373505080656, 40.36591674766017], [115.46373709594572, 40.3658266877988], [115.46397257559691, 40.36582981622951], [115.46397462041368, 40.36573975635674], [115.46409236009652, 40.36574132038742], [115.46409440474747, 40.36565126050822], [115.46432988382766, 40.36565438820024], [115.4643319281562, 40.36556432830965], [115.46444966755355, 40.365565891970995], [115.46445171171626, 40.36547583207395], [115.46480492949385, 40.36548052232428], [115.46480697317759, 40.365390462410915], [115.4650424514289, 40.36539358863551], [115.46504449479025, 40.36530352871076], [115.46516223377316, 40.365305091638405], [115.46516427696871, 40.365215031707194], [115.46539975464898, 40.36521815719315], [115.46540179752215, 40.365128097250576], [115.46575501364191, 40.365132784566086], [115.46575297123849, 40.36522284452351], [115.46598844901092, 40.36522596881135], [115.46599049110117, 40.36513590884405], [115.4661082298446, 40.36513747080332], [115.46611231368428, 40.36495735085435], [115.46634779057247, 40.364960474393676], [115.46635391532341, 40.36469029442938], [115.46611843937471, 40.3646871709197], [115.46612048125311, 40.36459711093849], [115.4656495300926, 40.36459086250121], [115.4656515725881, 40.36450080253829], [115.46459193442529, 40.36448673659014], [115.46459397832079, 40.36439667667024], [115.4642407662355, 40.36439198587916], [115.46424281059153, 40.364301925972605], [115.46377186189993, 40.36429566992701], [115.46377390687303, 40.364205610038766], [115.46389164387551, 40.36420717422492], [115.46389368868283, 40.364117114330234], [115.4637759518369, 40.36411555014903], [115.46377799679155, 40.36402549025778], [115.4638957334809, 40.36402705443404], [115.46389777826975, 40.363936994536374], [115.46401551481175, 40.36393855858788], [115.46401755943481, 40.36384849868376], [115.46437076864638, 40.363853190104614], [115.46437281279047, 40.36376313018415], [115.46590338496388, 40.36378344715047], [115.46590542706332, 40.36369338716421], [115.46614089953046, 40.36369651104439], [115.46613885774417, 40.36378657104053], [115.46625659414812, 40.36378813280584], [115.46625863577782, 40.363698072804766], [115.46684731715284, 40.363705879809594], [115.46684935799048, 40.36361581978233], [115.46790898363632, 40.36362986479889], [115.46791102305559, 40.363539804725676], [115.46755781489387, 40.363535124146544], [115.46755985477365, 40.363445064086655], [115.46732438302502, 40.36344194311143], [115.46732846338327, 40.36326182300692], [115.46756393450563, 40.363264943962406], [115.4675680142008, 40.363084823832196], [115.4673325437047, 40.36308170289646], [115.46733458385164, 40.36299164283899], [115.46745231893851, 40.36299320336182], [115.46745435891964, 40.36290314329792], [115.46733662398935, 40.362901582780026], [115.46733866411786, 40.36281152271958], [115.46745639889158, 40.362813083232524], [115.46745843885435, 40.362723023165636], [115.46710523503044, 40.362718341282196], [115.46710931586772, 40.36253822117358], [115.46699158159127, 40.36253666031604], [115.46699362215266, 40.362446600264434], [115.46664041984829, 40.362441916987855], [115.46664654288632, 40.362171736868525], [115.4667642765089, 40.36217329806569], [115.4667683581751, 40.361993177968806], [115.4672392915049, 40.36199942151999], [115.46724133169793, 40.361909361449555], [115.46759453132223, 40.36191404284026], [115.46759657103641, 40.361823982753506], [115.46736110492412, 40.36182086195603], [115.4673631449422, 40.36173080187768], [115.46771634365476, 40.361735482879354], [115.46771838319397, 40.361645422784704], [115.46783611596001, 40.36164698287406], [115.46783815533345, 40.36155692277296], [115.46819135321705, 40.36156160230747], [115.46818319754678, 40.36192184276216], [115.46841866410097, 40.36192496189234], [115.46842070271921, 40.36183490177103], [115.46853843585353, 40.36183646115149], [115.46853639739187, 40.36192652127773], [115.46865413069193, 40.361928080543336], [115.46865209237761, 40.36201814067301], [115.4688875593185, 40.362021258854675], [115.46888552130811, 40.362111318992724], [115.46923872225807, 40.36211599538154], [115.46923668470816, 40.36220605553291], [115.46935441853309, 40.362207614094515], [115.46934423142855, 40.3626579148536], [115.4694619660455, 40.362659473320065], [115.46945992875358, 40.362749533472346], [115.46934219398008, 40.362747975000936], [115.46933404409427, 40.36310821557538], [115.46921630870366, 40.36310665696444], [115.46921427105266, 40.36319671709939], [115.46933200659983, 40.36319827571525], [115.46932793158341, 40.36337839599054], [115.4694456674529, 40.363379954496466], [115.46943955532903, 40.36365013491299], [115.46932181898981, 40.363648576392265], [115.46931978144022, 40.36373863652319], [115.46920204495362, 40.363737077877744], [115.46919389403709, 40.364097318366795], [115.46884068275352, 40.3640926416524], [115.46884272096617, 40.36400258154717], [115.46872498404663, 40.36400102240769], [115.46872702240665, 40.363910962305916], [115.46860928565289, 40.363909403051565], [115.46861132416029, 40.363819342953214], [115.46837585099347, 40.36381622409496], [115.468379928607, 40.36363610391355], [115.46826219235052, 40.363634544314586], [115.46826423130008, 40.36354448422657], [115.46814649520938, 40.36354292451274], [115.46814241698794, 40.36372304467741], [115.46790694420784, 40.363719924870594], [115.46790490477018, 40.363809984940815], [115.46778716823735, 40.363808424852756], [115.4677851286339, 40.36389848491656], [115.4679028653233, 40.363900045009544], [115.46790082586725, 40.36399010507678], [115.46778308902127, 40.36398854497885], [115.4677810493994, 40.36407860503966], [115.46789878640197, 40.36408016514252], [115.46789470744382, 40.36426028526954], [115.46801244476873, 40.36426184526247], [115.46800836608693, 40.36444196539338], [115.4681261037342, 40.36444352527637], [115.4681220253288, 40.36462364541118], [115.46835750127725, 40.36462676483749], [115.4683554623739, 40.36471682491254], [115.4685909386723, 40.36471994386948], [115.46858686146437, 40.36490006403482], [115.46835138453963, 40.36489694505814], [115.4683493456087, 40.3649870051287], [115.46846708422306, 40.36498856468188], [115.46845892903369, 40.365348804968946], [115.46834118979298, 40.36534724539603], [115.4683330338301, 40.36570748563948], [115.46845077369714, 40.36570904523214], [115.46844873484002, 40.3657991052942], [115.46856647487287, 40.365800664771996], [115.46856035871609, 40.36607084496404], [115.46867809922789, 40.36607240433681], [115.46867402205727, 40.366252524467264], [115.46879176289146, 40.3662540837301], [115.46878972444892, 40.366344143797996], [115.46890746544891, 40.36634570294595], [115.4689054271538, 40.36643576301731], [115.46902316831955, 40.36643732205037], [115.46901909201493, 40.366617442198475], [115.46913683350309, 40.36661900112159], [115.46913479549357, 40.366709061198335], [115.46901705384883, 40.36670750227029], [115.4690150156735, 40.366797562340615], [115.46936824110517, 40.36680223878011], [115.46936620339048, 40.36689229886373], [115.46948394537603, 40.366893857442186], [115.46948190780873, 40.366983917529254], [115.46983513429029, 40.3669885925605], [115.4698330971836, 40.36707865266088], [115.46995083951911, 40.36708021076993], [115.46995287646921, 40.36699015066461], [115.47171901025497, 40.367013507848036], [115.47172104484687, 40.36692344766734], [115.47242749799993, 40.36693278296255], [115.47242546434764, 40.36702284317279], [115.47266094911859, 40.367025953989156], [115.47265891577037, 40.36711601420777], [115.4727766583262, 40.367117569441135], [115.47277462512537, 40.36720762966316], [115.47301011057777, 40.36721073978028], [115.47300807768099, 40.36730080001065], [115.47312582057755, 40.367302354894406], [115.4731237878282, 40.36739241512822], [115.47324153089053, 40.36739396989707], [115.47323949828862, 40.36748403013431], [115.47335724151672, 40.36748558478826], [115.47335520906223, 40.36757564502892], [115.47347295245613, 40.367577199567975], [115.4734709201491, 40.36766725981207], [115.47358866370874, 40.36766881423621], [115.47358663154915, 40.36775887448373], [115.47370437527456, 40.36776042879298], [115.47370234326243, 40.3678504890439], [115.47382008715361, 40.36785204323825], [115.4738180552889, 40.36794210349262], [115.47405354341203, 40.367945211531655], [115.47405151185137, 40.36803527179436], [115.47416925608329, 40.36803682563907], [115.47416722467007, 40.368126885905205], [115.47428496906777, 40.368128439634994], [115.474282937802, 40.36821849990456], [115.47440068236547, 40.368220053519444], [115.47439865124714, 40.36831011379243], [115.47475188546235, 40.36831477393289], [115.47474985480473, 40.36840483421913], [115.47486759971804, 40.368406387364544], [115.47486556920786, 40.36849644765421], [115.47498331428697, 40.36849800068472], [115.47497722317128, 40.368768181559496], [115.47509496872938, 40.36876973448492], [115.47509293849579, 40.36885979477844], [115.47556392144631, 40.368866005301506], [115.47556189183003, 40.36895606561319], [115.47579738367342, 40.368959170165574], [115.47579535436122, 40.369049230485594], [115.47603084655452, 40.369052334568494], [115.47602881754638, 40.36914239489684], [115.47614656381339, 40.36914394676347], [115.47614453495272, 40.36923400709523], [115.47626228138547, 40.36923555884693], [115.4762663387844, 40.369055438172076], [115.4765018310509, 40.36905854129634], [115.47649980266925, 40.36914860164434], [115.47673529528558, 40.36915170429911], [115.47673326720802, 40.36924176465542], [115.47685101368654, 40.36924331580797], [115.47684898575646, 40.369333376167695], [115.47708447905417, 40.369336478123124], [115.47708245142817, 40.36942653849119], [115.47720019824737, 40.36942808929407], [115.47719817076884, 40.36951814966554], [115.47731591775383, 40.3695197003535], [115.47731389042278, 40.36960976072838], [115.47743163757349, 40.36961131130141], [115.47742961038995, 40.36970137167972], [115.47766510503209, 40.369704472476094], [115.47766307815263, 40.36979453286271], [115.47778082564405, 40.36979608308606], [115.47777879891207, 40.369886143476094], [115.47789654656926, 40.36988769358451], [115.47789451998474, 40.36997775397798], [115.47801226780771, 40.36997930397147], [115.4780102413707, 40.37006936436833], [115.47812798935941, 40.370070914246895], [115.4781259630699, 40.37016097464717], [115.47824371122438, 40.3701625244108], [115.47824168508235, 40.3702525848145], [115.4783594334026, 40.370254134463195], [115.47835740740804, 40.3703441948703], [115.47847515589409, 40.37034574440407], [115.478473130047, 40.37043580481459], [115.47870862735975, 40.37043890353244], [115.47870660181681, 40.370528963951266], [115.4788243506435, 40.37053051313533], [115.47882232524806, 40.37062057355758], [115.47894007424053, 40.37062212262672], [115.47893804899259, 40.37071218305237], [115.47905579815082, 40.370713732006564], [115.4790517479408, 40.37089385286321], [115.47916949742144, 40.37089540170738], [115.47916747245934, 40.370985462138364], [115.47928522210576, 40.370987010867594], [115.47928117246747, 40.371167131734886], [115.47939892243625, 40.371168680354074], [115.47939284838021, 40.37143886165854], [115.4792750979415, 40.371437313024636], [115.47927307308123, 40.37152737345157], [115.479155322495, 40.37152582469293], [115.47915329746895, 40.37161588511347], [115.47903554673523, 40.37161433623009], [115.47903352154343, 40.37170439664424], [115.47879801979009, 40.371701298508164], [115.47879599427588, 40.37179135891102], [115.47856049224582, 40.371788260285776], [115.47855846640917, 40.371878320677325], [115.47832296410238, 40.37187522156292], [115.4783209379433, 40.371965281943176], [115.4780854353598, 40.37196218233959], [115.47808340887832, 40.37205224270854], [115.47784790601807, 40.37204914261578], [115.47784587921416, 40.37213920297343], [115.47772812764111, 40.37213765274238], [115.4777261006714, 40.37222771309365], [115.47760834895087, 40.37222616273786], [115.47760632181536, 40.37231622308273], [115.47748856994731, 40.37231467260217], [115.47748654264603, 40.372404732940645], [115.4772510386241, 40.37240163161021], [115.47724901100037, 40.37249169193736], [115.47701350670174, 40.37248859011775], [115.47701147875557, 40.3725786504336], [115.47689372646335, 40.37257709933912], [115.47689169835138, 40.37266715964858], [115.47665619348106, 40.372664057090255], [115.47665416504664, 40.37275411738841], [115.47641865989964, 40.37275101434089], [115.47641663114278, 40.37284107462773], [115.47618112571907, 40.37283797109102], [115.47617909663975, 40.37292803136654], [115.476061343785, 40.372926479413515], [115.4760593145399, 40.37301653968263], [115.47582380854449, 40.3730134354072], [115.47582177897695, 40.37310349566501], [115.47558627270487, 40.37310039090039], [115.47558424281488, 40.37319045114689], [115.47534873626614, 40.373187345893044], [115.47534670605366, 40.37327740612823], [115.47511119922827, 40.37327430038517], [115.47510916869332, 40.373364360609024], [115.47475590805398, 40.37335970108086], [115.47475387703992, 40.37344976128848], [115.47440061601307, 40.37344510066694], [115.4743985845199, 40.373535160858324], [115.47357430801482, 40.37352428184568], [115.47357634060454, 40.37343422168873], [115.4732230798527, 40.373429557471795], [115.4732129144625, 40.373879858167854], [115.47309516011362, 40.373878303164574], [115.47309109358001, 40.37405842342272], [115.472973338927, 40.374056868289756], [115.47297130548979, 40.37414692841167], [115.47285355068931, 40.37414537315393], [115.47285151708626, 40.37423543326944], [115.47273376213826, 40.37423387788693], [115.4727317283694, 40.374323937996], [115.47261397327392, 40.37432238248873], [115.4726119393392, 40.3744124425914], [115.47237642886247, 40.374409331207445], [115.47237439460528, 40.374499391298784], [115.47155010712923, 40.37448849764518], [115.47154807176622, 40.37457855770055], [115.47060602823412, 40.37456610058027], [115.47060399160864, 40.37465616059471], [115.46989745840546, 40.374646812691175], [115.46989542083082, 40.37473687267457], [115.46942439825254, 40.37473063832213], [115.46942236004209, 40.37482069828429], [115.46906909273496, 40.37481602124672], [115.4690670540453, 40.3749060811926], [115.46788949538612, 40.37489048322764], [115.46788745512065, 40.37498054312267], [115.46694540760267, 40.37496805608186], [115.46694744912142, 40.374877996226346], [115.46671193764736, 40.37487487327749], [115.46671397947023, 40.37478481343037], [115.46659622390366, 40.37478325178111], [115.46659418192412, 40.374873311623304], [115.46647642621011, 40.37487174984926], [115.46647234191005, 40.37505186951926], [115.46623682988302, 40.37504874559184], [115.46623478740584, 40.37513880541472], [115.46576376283569, 40.375132556101875], [115.46576171972265, 40.37522261590348], [115.46481966977147, 40.3752101114853], [115.46481762539591, 40.37530017124586], [115.46458211268703, 40.375297043932896], [115.46458006798889, 40.37538710368206], [115.46434455500355, 40.37538397587978], [115.46434250998287, 40.375474035617565], [115.4641069967211, 40.37547090732597], [115.46410495137786, 40.375560967052344], [115.46375168108443, 40.3755562737012], [115.46374963526196, 40.37564633341125], [115.4635141214658, 40.37564320390132], [115.46351616760163, 40.37555314420118], [115.46328065415571, 40.375550014221744], [115.46327656124824, 40.375730133600705], [115.46315880422581, 40.3757285684213], [115.46315675760154, 40.375818628103595], [115.46303900043166, 40.375817062799385], [115.46303695364152, 40.37590712247523], [115.46244816714736, 40.375899294131564], [115.46245021472086, 40.37580923448049], [115.46197918631847, 40.37580296966799], [115.46198123450941, 40.375712910035226], [115.46186347758857, 40.375711343537425], [115.46186552592692, 40.375621283908146], [115.46174776917199, 40.37561971729544], [115.46174981765778, 40.37552965766964], [115.46163206106877, 40.37552809094203], [115.46163410970198, 40.375438031319675], [115.46151635327885, 40.37543646447719], [115.46151840205948, 40.37534640485829], [115.46140064580227, 40.375344837900904], [115.46140269473032, 40.37525477828548], [115.46104942648415, 40.37525007670909], [115.46104737708612, 40.37534013630962], [115.4609296208659, 40.37533856887283], [115.46092757130194, 40.37542862846691], [115.46080981493431, 40.3754270609053], [115.46080366571698, 40.375697239663744], [115.46068590888859, 40.37569567196739], [115.46068385897433, 40.375785731545605], [115.46033058807464, 40.37578102772257], [115.46032853768111, 40.375871087284374], [115.45997526639465, 40.375866382367754], [115.4599732155219, 40.37595644191319], [115.45961994384872, 40.375951735902994], [115.4596178924967, 40.37604179543205], [115.459146863102, 40.37603551905395]], [[115.45917478438477, 40.369639721147976], [115.45929253058863, 40.36964129018959], [115.45929458191019, 40.36955123057435], [115.45917683586296, 40.369549661537704], [115.45917478438477, 40.369639721147976]], [[115.47626025267229, 40.369325619182106], [115.47637799927081, 40.369327170818885], [115.47638002782739, 40.36923711047879], [115.47626228138547, 40.36923555884693], [115.47626025267229, 40.369325619182106]], [[115.46515610413121, 40.36557527142305], [115.46527384359308, 40.36557683424571], [115.46527588665968, 40.36548677431403], [115.4653936259742, 40.36548833701194], [115.465395668875, 40.365398277073844], [115.46563114721849, 40.36540140210034], [115.46563523236613, 40.365221282199855], [115.46551749350296, 40.36521971975642], [115.46551545077716, 40.36530977970245], [115.46527997276527, 40.365306654446236], [115.46527792971709, 40.365396714380886], [115.4650424514289, 40.36539358863551], [115.46504040805834, 40.36548364855878], [115.46515814735439, 40.36548521149631], [115.46515610413121, 40.36557527142305]]]}}, {"type": "Feature", "properties": {"year": 2022, "water_area_km2": 0.0184}, "geometry": {"type": "Polygon", "coordinates": [[[115.46534738818545, 40.362334675765275], [115.46535147364597, 40.36215455579296], [115.46523374013393, 40.362152993158226], [115.46523578300692, 40.36206293317477], [115.46511804966067, 40.362061370425174], [115.46512009268102, 40.36197131044518], [115.4652378258707, 40.36197287318984], [115.46524395440676, 40.36170269322606], [115.46547941987444, 40.3617058183263], [115.46548146238827, 40.36161575832551], [115.46536372980637, 40.361614195840225], [115.46536781511945, 40.36143407584405], [115.46525008285988, 40.36143251324886], [115.46524804005138, 40.361522573242745], [115.46513030764449, 40.36152101052283], [115.46513235060952, 40.36143095053389], [115.46489688613647, 40.36142782474453], [115.46489892940542, 40.361337764763974], [115.46478119733926, 40.36133620169456], [115.46478324075555, 40.361246141717466], [115.46454777696403, 40.361243015229135], [115.46454982068418, 40.36115295526044], [115.4644320889588, 40.36115139184154], [115.4644402643735, 40.36079115197162], [115.46455799547267, 40.360792715370735], [115.46456003914676, 40.36070265539458], [115.46444230820413, 40.3607010920004], [115.46444435202554, 40.360611032027705], [115.46479754441143, 40.360615721836005], [115.46479958775397, 40.36052566184695], [115.46491731841115, 40.360527224871866], [115.46491936158793, 40.36043716487639], [115.46468390059587, 40.360434038716676], [115.46468594407654, 40.360343978729595], [115.4657455174221, 40.36035804263036], [115.4657434753504, 40.36044810266195], [115.46562574478524, 40.36044654048053], [115.46562370254775, 40.360536600505675], [115.46550597183528, 40.360535038199515], [115.46550392943205, 40.36062509821822], [115.46538619857222, 40.36062353578733], [115.46538415600321, 40.3607135957996], [115.4655018870196, 40.36071515823545], [115.4654998445979, 40.36080521825116], [115.465382113425, 40.360803655810386], [115.46538007083757, 40.360893715819664], [115.46526233951732, 40.36089215325415], [115.46525621123007, 40.36116233325822], [115.46584487027171, 40.361170144962045], [115.46584691226056, 40.36108008493748], [115.46596464393997, 40.36108164691391], [115.46596260210768, 40.36117170694344], [115.46619806580722, 40.36117483054682], [115.46619602427882, 40.36126489058474], [115.46631375629896, 40.36126645221169], [115.4663117149179, 40.36135651225305], [115.46654717929891, 40.36135963515745], [115.4665410560398, 40.36162981530225], [115.4666587887138, 40.36163137658958], [115.46665470680814, 40.361811496688524], [115.46700790582472, 40.361816179861364], [115.46700586532775, 40.361906239923435], [115.46641719956337, 40.36189843401168], [115.46641515827439, 40.361988494047544], [115.46629742499258, 40.36198693250086], [115.46629538353784, 40.36207699253028], [115.46605991668872, 40.36207386906764], [115.46606195845658, 40.3619838090481], [115.46570875872165, 40.361979122970475], [115.46570467423734, 40.36215924297842], [115.46558694069766, 40.36215768070306], [115.46558489828514, 40.36224774069984], [115.46546716459811, 40.362246178299756], [115.46546512201982, 40.3623362382901], [115.46534738818545, 40.362334675765275]], [[115.46547737735143, 40.361795878325616], [115.46559511025563, 40.36179744070098], [115.46559715262211, 40.36170738069674], [115.46547941987444, 40.3617058183263], [115.46547737735143, 40.361795878325616]], [[115.46536781511945, 40.36143407584405], [115.46560327966621, 40.36143720067504], [115.46560532199584, 40.36134714066482], [115.46536985776217, 40.36134401584372], [115.46536781511945, 40.36143407584405]], [[115.46501870458394, 40.36124926772662], [115.46513643651197, 40.361250830551505], [115.46514256529655, 40.36098065056675], [115.46502483383817, 40.3609790877567], [115.46501870458394, 40.36124926772662]]]}}, {"type": "Feature", "properties": {"year": 2022, "water_area_km2": 0.0116}, "geometry": {"type": "Polygon", "coordinates": [[[115.52436067781129, 40.36184162142985], [115.52436460613696, 40.36166149655635], [115.52424687028895, 40.36165999401023], [115.52425472746025, 40.36129974426442], [115.52437246268192, 40.361301246791534], [115.52437639090125, 40.36112112190018], [115.52449412581868, 40.36112262429797], [115.52449805368943, 40.36094249939119], [115.52461578830255, 40.360944001659654], [115.52461775206808, 40.36085393919928], [115.52473548653349, 40.36085544134319], [115.52473745013359, 40.36076537887658], [115.52485518445128, 40.360766880895945], [115.52485911131177, 40.360586755948745], [115.52509457934748, 40.36058975960904], [115.52509654245132, 40.36049969712371], [115.5252142763259, 40.360501198769406], [115.52521820219386, 40.36032107378478], [115.52533593576413, 40.36032257530116], [115.52533789852828, 40.360232512801865], [115.52557336538231, 40.36023551546575], [115.52557532782446, 40.36014545295547], [115.52569306110819, 40.36014695410295], [115.52568913652817, 40.360327079131544], [115.52580687013388, 40.36032858016874], [115.52580098366717, 40.36059876771472], [115.52568324959175, 40.36059726666328], [115.52567540021926, 40.36095751668479], [115.52555766552643, 40.36095601549454], [115.52555570300461, 40.361046077991446], [115.52543796816407, 40.36104457667665], [115.52543404278073, 40.36122470165652], [115.52531630763589, 40.36122320021239], [115.52531434477434, 40.36131326269536], [115.52507887419812, 40.36131025943823], [115.52507494782222, 40.36149038438066], [115.52495721223421, 40.36148888256288], [115.52495328550975, 40.36166900748986], [115.52483554961748, 40.36166750554277], [115.52483358608538, 40.361757567999284], [115.52448037799198, 40.36175306142492], [115.52447841398129, 40.36184312386568], [115.52436067781129, 40.36184162142985]]]}}, {"type": "Feature", "properties": {"year": 2022, "water_area_km2": 0.007}, "geometry": {"type": "Polygon", "coordinates": [[[115.5101305314989, 40.36093844750541], [115.51013449757197, 40.36075832376433], [115.51025223109905, 40.360759840648555], [115.51025619682319, 40.3605797168919], [115.51049166327799, 40.36058275028177], [115.5104956283401, 40.36040262649997], [115.5107310942044, 40.360405659391446], [115.51073307640893, 40.360315597488714], [115.51085080919793, 40.36031711374995], [115.51085279123694, 40.360227051840944], [115.51097052387833, 40.36022856797759], [115.51097250575188, 40.36013850606228], [115.51109023824563, 40.36014002207433], [115.51109221995365, 40.36004996015275], [115.51120995229981, 40.3600514760402], [115.51121391537593, 40.35987135218297], [115.51133164741789, 40.35987286794103], [115.51133362878599, 40.35978280600539], [115.51145136068035, 40.35978432163886], [115.51145532307662, 40.35960419775353], [115.51157305466678, 40.35960571325761], [115.5115789977245, 40.359335527404056], [115.51169672885396, 40.35933704277396], [115.51169870969875, 40.359246980814994], [115.51193417167136, 40.35925001118583], [115.51193219113965, 40.35934007315438], [115.51181445999234, 40.35933855802406], [115.51181247929514, 40.35942861998632], [115.51193021059902, 40.359430135121436], [115.51192823004945, 40.359520197086994], [115.51181049858901, 40.3595186819471], [115.51180455641702, 40.3597888678205], [115.51168682449584, 40.35978735254642], [115.51168088177377, 40.36005753839204], [115.51156314939186, 40.360056022983784], [115.51155720611968, 40.36032620880164], [115.51143947327705, 40.360324693259194], [115.51143749201188, 40.360414755190696], [115.51131975902163, 40.360413239523645], [115.51131777759097, 40.36050330144888], [115.51108231132413, 40.3605002697458], [115.5110803295714, 40.36059033165995], [115.51084486302722, 40.360587299468065], [115.51084288095241, 40.36067736137114], [115.51060741413086, 40.36067432869047], [115.510605431734, 40.36076439058245], [115.5103699646351, 40.360761357413], [115.51036798191618, 40.36085141929387], [115.51025024822358, 40.36084990252464], [115.51024826533913, 40.36093996439924], [115.5101305314989, 40.36093844750541]]]}}, {"type": "Feature", "properties": {"year": 2022, "water_area_km2": 0.0351}, "geometry": {"type": "Polygon", "coordinates": [[[115.46707115666544, 40.35902431719732], [115.46707319686789, 40.358934257087505], [115.4666022849023, 40.35892801324978], [115.4666043257217, 40.35883795315823], [115.4662511423138, 40.35883326903702], [115.46625318359357, 40.358743208958806], [115.46578227313807, 40.358736961806656], [115.4657843150348, 40.3586469017467], [115.46519567795534, 40.3586390901361], [115.46519772062551, 40.35854903009938], [115.46472681175395, 40.35854277867459], [115.46472476845763, 40.35863283869154], [115.46437158643113, 40.358628148850386], [115.464369542656, 40.35871820885099], [115.46413408770469, 40.3587150816814], [115.4641402199416, 40.35844490170483], [115.46390476596635, 40.35844177408581], [115.46390681033996, 40.35835171410052], [115.46367135671468, 40.358348586012276], [115.46367340139211, 40.358258526035414], [115.46355567474984, 40.35825696181657], [115.46356180919639, 40.35798678189183], [115.463797261551, 40.35798991018004], [115.46379521705775, 40.35807997016634], [115.46438384888829, 40.358087788815446], [115.46438589259888, 40.357997728804406], [115.46520997645307, 40.358008669847756], [115.46520793383817, 40.35809872989342], [115.4657965662217, 40.358106541355696], [115.46579452438024, 40.358196601424616], [115.46626543107892, 40.35820284845814], [115.4662633898544, 40.358292908545316], [115.46673429732655, 40.35829915368212], [115.46673837851417, 40.358119033466735], [115.46685610509218, 40.35812059444161], [115.46685406465947, 40.35821065455499], [115.46697179140322, 40.35821221541501], [115.46697383167935, 40.3581221552967], [115.46732701149617, 40.35812683714326], [115.46732905129353, 40.35803677700864], [115.46980130904157, 40.35806951964612], [115.46979927253136, 40.35815957988435], [115.46991699934841, 40.3581611377449], [115.46991496298556, 40.35825119798659], [115.47003268996833, 40.35825275573228], [115.4700286175281, 40.358432876221], [115.46979316294558, 40.358429760590106], [115.46979112639863, 40.35851982082237], [115.46896703455353, 40.358508912306554], [115.46896499690163, 40.358598972502804], [115.46884726937542, 40.358597413659346], [115.46884930718385, 40.35850735346801], [115.46849612512997, 40.35850267623372], [115.46849816339879, 40.3584126160557], [115.46838043622242, 40.35841105674297], [115.46837432091873, 40.35868123725772], [115.46825659328194, 40.3586796778104], [115.46825251605378, 40.35885979813624], [115.46813478811312, 40.358858238559264], [115.46813274932869, 40.358948298715], [115.46742638093869, 40.35893893870807], [115.46742434120584, 40.359028998832706], [115.46707115666544, 40.35902431719732]], [[115.46778160434633, 40.35885355910964], [115.46813478811312, 40.358858238559264], [115.46813682688834, 40.35876817840203], [115.46778364359115, 40.35876349896721], [115.46778160434633, 40.35885355910964]]]}}, {"type": "Feature", "properties": {"year": 2022, "water_area_km2": 0.006}, "geometry": {"type": "Polygon", "coordinates": [[[115.44859207797442, 40.358597688471335], [115.44859414273397, 40.35850762913863], [115.44847641649544, 40.35850604956304], [115.4484784814022, 40.35841599023383], [115.44871393357552, 40.35841914925522], [115.44871599815991, 40.35832908991452], [115.44883372410402, 40.35833066924056], [115.44883165967616, 40.35842072858625], [115.44894938578611, 40.3584223077975], [115.44895145005744, 40.35833224844681], [115.44942235396421, 40.35833856407402], [115.44942441760014, 40.35824850470184], [115.44965986929633, 40.358251661786795], [115.44966193260989, 40.358161602403136], [115.44989738403027, 40.35816475899896], [115.44989944702147, 40.358074699603826], [115.45001717258907, 40.35807627771708], [115.45001923541444, 40.35798621831547], [115.45013696083485, 40.357987796303945], [115.45013902349439, 40.357897736895815], [115.45025674876757, 40.357899314759536], [115.45025881126128, 40.35780925534494], [115.45037653638724, 40.357810833083875], [115.45037859871513, 40.35772077366279], [115.45049632369387, 40.357722351276955], [115.45049838585594, 40.35763229184938], [115.45061611068746, 40.35763386933879], [115.45060580056672, 40.35808416648672], [115.45048807495259, 40.358082588972344], [115.45048395052613, 40.358262707811065], [115.45024849869968, 40.35825955240302], [115.45024643615943, 40.358349611810155], [115.44989325801993, 40.358344877784766], [115.44989119500082, 40.35843493717544], [115.4496557426413, 40.35843178054962], [115.44965367929981, 40.358521839928805], [115.44941822666445, 40.35851868281389], [115.4494161630006, 40.35860874218157], [115.44859207797442, 40.358597688471335]]]}}, {"type": "Feature", "properties": {"year": 2022, "water_area_km2": 0.2811}, "geometry": {"type": "Polygon", "coordinates": [[[115.42573695948752, 40.36405434215899], [115.42577677376721, 40.362343234865364], [115.42589450540507, 40.36234483767139], [115.4258966006424, 40.362254779372726], [115.42601433213318, 40.36225638205388], [115.42601642720449, 40.36216632374865], [115.42625188990127, 40.36216952874145], [115.42625398465005, 40.36207947042458], [115.42778449106498, 40.3621002911322], [115.42778239835135, 40.362190349514954], [115.42790012983669, 40.36219195027438], [115.4278959446942, 40.36237206704553], [115.4280136765021, 40.36237366769528], [115.42801158407323, 40.36246372608367], [115.4282470480304, 40.36246692703394], [115.42824914014615, 40.36237686863543], [115.42848460382798, 40.362380069096425], [115.42848669562119, 40.36229001068628], [115.42895762247183, 40.362296410150485], [115.4289597136294, 40.3622063517186], [115.42919517679822, 40.36220955072183], [115.42919726763324, 40.36211949227831], [115.42943273052668, 40.36212269079226], [115.4294348210392, 40.36203263233713], [115.42955255234351, 40.36203423140936], [115.42955464269002, 40.36194417294767], [115.42967237384723, 40.361945771895044], [115.42967446402777, 40.3618557134268], [115.42979219503783, 40.36185731224933], [115.4297942850524, 40.36176725377454], [115.42991201591535, 40.3617688524722], [115.42991410576394, 40.361678793990855], [115.43003183647977, 40.36168039256368], [115.43003392616238, 40.36159033407577], [115.43015165673111, 40.361591932523744], [115.43015374624775, 40.36150187402929], [115.43038920710038, 40.361505070555765], [115.43039129629449, 40.36141501204969], [115.43050902657839, 40.36141661012819], [115.43051320462527, 40.36123649310143], [115.4306309346055, 40.361238091050026], [115.43063302345827, 40.36114803252935], [115.43051529363458, 40.36114643458581], [115.43051947162495, 40.36096631755008], [115.43040174212376, 40.360964719496856], [115.43041636588893, 40.36033430986005], [115.43029863749295, 40.36033271172244], [115.43030699434904, 40.35997247763157], [115.43054244989814, 40.35997567374653], [115.43054453877554, 40.359885615209954], [115.43136863239845, 40.359896797803756], [115.4313665446168, 40.35998685637573], [115.43148427247141, 40.359988453415056], [115.43148636009654, 40.35989839483803], [115.43195727098305, 40.359904781777296], [115.43195935797263, 40.35981472317859], [115.4321948131593, 40.35981791591942], [115.4321968998264, 40.359727857309096], [115.43255008220741, 40.35973264550684], [115.43255216839549, 40.35964258687986], [115.43278762305015, 40.35964577840268], [115.43278345129072, 40.35982589567533], [115.43266572364563, 40.35982429996371], [115.43265946546626, 40.36009447584631], [115.43254173736099, 40.36009287999976], [115.4325375648813, 40.360272997237246], [115.43300847861123, 40.36027937994513], [115.43301056422963, 40.36018932130694], [115.43324602083796, 40.360192511932084], [115.43324810613387, 40.360102453282316], [115.43348356246678, 40.36010564341822], [115.43348564744021, 40.36001558475684], [115.43360337546424, 40.36001717964009], [115.43360962985854, 40.35974700363184], [115.43372735742237, 40.35974859838016], [115.43373152665848, 40.359568481023736], [115.43384925391861, 40.359570075642175], [115.43385133836604, 40.35948001695669], [115.43396906547909, 40.3594816114503], [115.4339794867925, 40.35903131797516], [115.43409721313229, 40.35903291232376], [115.43409929721024, 40.358942853619205], [115.43421702340288, 40.35894444784299], [115.43421493948146, 40.35903450655259], [115.43433266584005, 40.35903610066163], [115.43433058206574, 40.35912615937479], [115.43444830859026, 40.35912775336911], [115.43444414132654, 40.35930787080101], [115.4345618681735, 40.35930946468563], [115.43455770118524, 40.35948958212164], [115.43467542835467, 40.35949117589657], [115.43467334500296, 40.35958123461737], [115.43573289135942, 40.35959557324693], [115.43573497330232, 40.359505514480745], [115.43608815512061, 40.359510291852736], [115.43608607364729, 40.35960035063404], [115.43691016598092, 40.35961149367828], [115.43691224635852, 40.35952143486172], [115.43726542845839, 40.35952620864027], [115.43726750835701, 40.3594361498071], [115.43762069007171, 40.35944092249252], [115.43762276949134, 40.35935086364276], [115.43774049659183, 40.3593524542933], [115.43774257584556, 40.359262395437], [115.43797802976155, 40.359265576368685], [115.43798010869283, 40.35917551750083], [115.43809783550839, 40.35917710778196], [115.43810407177637, 40.35890693115433], [115.43798634543042, 40.3589053408883], [115.43799258208361, 40.3586351642623], [115.43787485621661, 40.35863357389158], [115.43788109325497, 40.358363397267226], [115.4379988186524, 40.35836498762284], [115.43800297631803, 40.35818486985573], [115.43812070141179, 40.3581864600815], [115.43812278007401, 40.35809640119067], [115.43835822997661, 40.35809958127283], [115.43836030831643, 40.35800952237043], [115.43847803312528, 40.358011112226826], [115.4384801112992, 40.3579210533179], [115.43859783596088, 40.35792264304948], [115.4385999139689, 40.357832584134044], [115.43883536300739, 40.35783576322781], [115.43883744069298, 40.3577457043008], [115.43895516506976, 40.35774729366299], [115.43895724258947, 40.35765723472947], [115.4391926910581, 40.35766041308448], [115.43919476825542, 40.357570354139405], [115.43931249234727, 40.357571943132214], [115.43931456937868, 40.357481884180615], [115.43990318919585, 40.35748982732294], [115.43990526543533, 40.3573997683447], [115.44002298927035, 40.35740135660882], [115.44002714140818, 40.35722123863781], [115.44014486493951, 40.3572228267721], [115.44014694083786, 40.35713276777931], [115.44026466422204, 40.357134355788816], [115.44026673995452, 40.35704429678952], [115.44061990969375, 40.35704906008431], [115.44060538265666, 40.35767947315349], [115.44048765830527, 40.35767788547316], [115.44048350732595, 40.357858003469424], [115.44036578267091, 40.357856415659285], [115.44036163134109, 40.358036533639506], [115.44024390638235, 40.35803494569952], [115.44024183054688, 40.35812500468238], [115.44012410544099, 40.3581234166176], [115.4401199534289, 40.358303534568755], [115.44000222801934, 40.35830194637415], [115.43999392325672, 40.35866218223842], [115.4398761972304, 40.35866059390393], [115.4398699680905, 40.35893077077135], [115.43975224160397, 40.35892918230199], [115.43975016504875, 40.35901924124979], [115.43963243841507, 40.35901765265564], [115.43963036169396, 40.3591077115969], [115.43951263491309, 40.35910612287794], [115.43951055802607, 40.35919618181269], [115.43915737727013, 40.35919141492203], [115.43915529990416, 40.359281473840205], [115.43880211876295, 40.359276705856445], [115.4387979630637, 40.35945682365809], [115.43868023572233, 40.359455234080556], [115.43866568938394, 40.360085646304036], [115.43854796095617, 40.3600840565715], [115.43854172620094, 40.360354233201186], [115.4386594550983, 40.36035582294882], [115.43865737698435, 40.36044588182742], [115.43877510604764, 40.36044747146029], [115.43877302808085, 40.36053753034243], [115.43889075731005, 40.36053911986053], [115.43888660166142, 40.360719237630384], [115.4390043312131, 40.36072082703878], [115.4389980981395, 40.36099100369741], [115.4388803681182, 40.360989414273924], [115.43887829025174, 40.36107947315212], [115.43864282992419, 40.36107629393574], [115.43864075173524, 40.361166352802364], [115.4382875608446, 40.36116158306428], [115.43828548217665, 40.36125164191432], [115.43793229090078, 40.36124687108303], [115.43793021175378, 40.36133692991648], [115.437694750637, 40.361333748753296], [115.43769267116755, 40.36142380757517], [115.43745720977518, 40.36142062592275], [115.43745512998325, 40.361510684733084], [115.43721966831532, 40.361507502591415], [115.43721758820092, 40.361597561390184], [115.43709985722447, 40.36159597013463], [115.43709777694413, 40.36168602892686], [115.43686231470632, 40.361682846046314], [115.4368602341035, 40.36177290482698], [115.4367425028421, 40.36177131320199], [115.43674042207336, 40.36186137197612], [115.43650495926563, 40.36185818835668], [115.43650287817438, 40.36194824711924], [115.43614968356357, 40.361943470776545], [115.43614760199331, 40.3620335295225], [115.43602987031858, 40.362031937163636], [115.43602778858236, 40.36212199590305], [115.43591005676049, 40.36212040341936], [115.43590797485832, 40.362210462152234], [115.43579024288928, 40.36220886954372], [115.43578816082116, 40.362298928270064], [115.43519950033412, 40.362290963405364], [115.43519741747384, 40.36238102210502], [115.43472648862709, 40.36237464803682], [115.43472440513119, 40.36246470671479], [115.43401801120372, 40.36245514198843], [115.4340159267591, 40.36254520063464], [115.4338981943142, 40.362543606089254], [115.43389194045429, 40.36281378200377], [115.4337742075491, 40.36281218732345], [115.43377003794902, 40.362992304582235], [115.43353457154069, 40.36298911484204], [115.43353248641341, 40.36307917345908], [115.43317928640177, 40.36307438793517], [115.43318137199873, 40.362984329333266], [115.43294590568443, 40.36298113839511], [115.4329479915851, 40.36289107980181], [115.43283025859863, 40.36288948415809], [115.43283234464643, 40.36279942556833], [115.43271461182592, 40.36279782980985], [115.43271252562158, 40.36288788839456], [115.43259479265392, 40.362886292511256], [115.43259061990385, 40.36306640966607], [115.43235515337057, 40.363063217519844], [115.43235306666831, 40.363153276084915], [115.431646666355, 40.363143696740856], [115.43164875399664, 40.36305363820611], [115.43176648720208, 40.3630552350579], [115.43177066214395, 40.362875117973815], [115.43141746349518, 40.36287032708942], [115.43141537555931, 40.36296038561705], [115.43129764253864, 40.362958788410936], [115.43129973063111, 40.362868729888355], [115.43118199777645, 40.36286713256751], [115.4311861742462, 40.36268701552796], [115.43130390678778, 40.36268861283872], [115.43130808290675, 40.362508495783075], [115.4315435473919, 40.36251169002496], [115.43154145965023, 40.36260174856363], [115.43165919206348, 40.36260334550994], [115.43165710446894, 40.362693404052166], [115.43177483704817, 40.36269500088373], [115.43177274960077, 40.36278505942951], [115.43189048234596, 40.36278665614634], [115.4318925696368, 40.3626965975955], [115.43224576745921, 40.36270138701206], [115.43224785427095, 40.36261132844457], [115.43236558674072, 40.362612924672106], [115.43236976002288, 40.36243280752253], [115.43248749218894, 40.36243440362018], [115.43249375157193, 40.36216422786945], [115.43261148327771, 40.36216582383215], [115.43261774210637, 40.3618956480528], [115.43250001087023, 40.361894052105264], [115.43250209728417, 40.361803993514194], [115.43214890410184, 40.36179920496794], [115.43215099097603, 40.361709146390545], [115.43203326009062, 40.36170754997393], [115.43203534711195, 40.361617491400075], [115.43191761639251, 40.36161589486872], [115.43191552921463, 40.36170595343753], [115.43156233664318, 40.361701163109586], [115.43156024898627, 40.36179122166171], [115.43144251799139, 40.3617896246411], [115.43144043016851, 40.361879683186686], [115.43120496789393, 40.36187648877598], [115.4312070560299, 40.36178643024049], [115.43097159410611, 40.36178323536074], [115.43097368254577, 40.361693176833874], [115.43062049020035, 40.36168838363097], [115.43061840129104, 40.361778442142665], [115.43026520856078, 40.36177364784649], [115.43026311917242, 40.36186370634153], [115.43002765708626, 40.361860509535006], [115.43002556737538, 40.36195056801842], [115.4299078361899, 40.36194896943043], [115.42990574631304, 40.36203902790728], [115.42978801498043, 40.362037429194444], [115.42977965475248, 40.36239766306669], [115.4298973867113, 40.36239926179977], [115.42989320685385, 40.362579378737045], [115.43001093913519, 40.36258097736045], [115.43000884934888, 40.362671035831895], [115.4301265817962, 40.36267263434057], [115.43012449215705, 40.362762692815586], [115.43024222477034, 40.36276429120952], [115.43023804577683, 40.36294440816516], [115.43035577871268, 40.362946006449434], [115.43035159999458, 40.3631261234092], [115.43046933325296, 40.36312772158378], [115.43046515481026, 40.36330783854769], [115.43058288839119, 40.36330943661258], [115.430574532019, 40.363669670542656], [115.43045679781183, 40.363668072457514], [115.43045470853863, 40.363758130931245], [115.42998377117796, 40.36375173737251], [115.42998795096737, 40.363571620464036], [115.42987021696389, 40.36357002178497], [115.429876487047, 40.36329984642623], [115.42975875352265, 40.36329824764255], [115.42976293384403, 40.36311813073935], [115.4296452006422, 40.363116531845996], [115.42964729094531, 40.3630264733972], [115.4292940918661, 40.36302167601354], [115.42929200109332, 40.363111734447145], [115.42905653477452, 40.36310853558228], [115.4290544436792, 40.363198594004245], [115.42893671037741, 40.36319699438706], [115.42893461911606, 40.36328705280249], [115.42881688566715, 40.36328545306044], [115.42881479423983, 40.363375511469314], [115.42869706064377, 40.3633739116024], [115.42869496905048, 40.36346397000471], [115.4285772353073, 40.36346237001294], [115.42857514354799, 40.36355242840868], [115.42728007127378, 40.363534820536955], [115.42728216475527, 40.36344476219693], [115.42716443112536, 40.363443160767595], [115.4271686183731, 40.36326304409319], [115.42705088506575, 40.3632614425542], [115.42705297883204, 40.36317138421981], [115.42717071198281, 40.36317298575373], [115.42717280558306, 40.36308292741278], [115.42705507258884, 40.36308132588394], [115.42705716633623, 40.36299126754656], [115.42693943350801, 40.36298966590297], [115.42693733960408, 40.36307972423529], [115.42681960662874, 40.36307812246685], [115.42681751255881, 40.363168180792584], [115.42669977943635, 40.36316657889929], [115.42669559095503, 40.36334669553615], [115.42657785752891, 40.36334509351292], [115.42657366869666, 40.36352521013364], [115.4264559349669, 40.36352360798047], [115.42645384038003, 40.36361366628353], [115.42633610650314, 40.36361206400548], [115.42633191698798, 40.363792180596946], [115.42609644863627, 40.36378897566119], [115.42609435355139, 40.36387903394455], [115.42597661923314, 40.36387743129189], [115.42597452398226, 40.36396748956867], [115.42585678951693, 40.36396588679116], [115.4258546941, 40.364055945061374], [115.42573695948752, 40.36405434215899]]]}}, {"type": "Feature", "properties": {"year": 2022, "water_area_km2": 0.354}, "geometry": {"type": "Polygon", "coordinates": [[[115.48383574886714, 40.362398403579114], [115.48383776700292, 40.36230834281906], [115.48372003220942, 40.36230679899778], [115.48372810528781, 40.36194655596221], [115.48384583945503, 40.36194809976395], [115.48385189369851, 40.36167791745697], [115.48338095896301, 40.361671741589845], [115.4833789402647, 40.36176180234079], [115.48302573883898, 40.361757169167895], [115.48302371966186, 40.361847229902686], [115.48290598571494, 40.361845685267234], [115.48290800504863, 40.36175562453733], [115.48279027126738, 40.36175407978696], [115.48278421276932, 40.36202426195754], [115.48290194702027, 40.36202580672256], [115.48289992765926, 40.362115867448], [115.48278219325175, 40.362114322678075], [115.48277815418928, 40.36229444411467], [115.48218948072275, 40.36228671841919], [115.48219150104138, 40.36219665772609], [115.48183829754052, 40.36219202088586], [115.48184031831973, 40.362101960205926], [115.48160484967785, 40.362098868389886], [115.48160687076107, 40.36200880771825], [115.48137140246881, 40.36200571543278], [115.48137544523415, 40.36182559410462], [115.48161091290015, 40.36182868637051], [115.48160889183518, 40.361918747045124], [115.48172662583843, 40.36192029300326], [115.48172460492088, 40.36201035368128], [115.48207780745501, 40.36201499085156], [115.48207982790285, 40.36192493015887], [115.48219756194257, 40.3619264756378], [115.48219958222474, 40.361836414938736], [115.48231731611698, 40.36183796029299], [115.48232135634086, 40.36165783888059], [115.48220362276174, 40.36165629353612], [115.48220564301657, 40.361566232832566], [115.48185244280356, 40.36156159609505], [115.48185446351894, 40.36147153540469], [115.48161899706896, 40.36146844365713], [115.48161697604043, 40.361558504337715], [115.4813815093138, 40.3615554121012], [115.48137948796304, 40.36164547277049], [115.48114402095975, 40.361642380044984], [115.48114604262362, 40.36155231938546], [115.48102830929224, 40.36155077284791], [115.48103033110355, 40.36146071219179], [115.48091259793783, 40.36145916553934], [115.4809146198966, 40.36136910488662], [115.48079688689657, 40.361367558119255], [115.48079486478122, 40.36145761876707], [115.48055939849537, 40.361454524863156], [115.48056142092383, 40.36136446422514], [115.4803259549876, 40.361361369851835], [115.48032797772005, 40.36127130922211], [115.48009251213345, 40.361268214379415], [115.48009453516988, 40.361178153758], [115.47985906993289, 40.361175058445895], [115.47985704658333, 40.361265119057514], [115.47973931382195, 40.36126357121689], [115.47974133732806, 40.361173510610165], [115.47950587214585, 40.361170414579284], [115.47950789595595, 40.36108035398085], [115.4798610932733, 40.361084997832776], [115.47986311660459, 40.360994937218166], [115.4805695105464, 40.361004221658135], [115.48056748815443, 40.36109428230211], [115.48092068571816, 40.36109892291955], [115.48093686084107, 40.360378437608425], [115.48070139829434, 40.36037534406158], [115.48069937612279, 40.3604654047209], [115.48058164470655, 40.360463857762895], [115.48057962236933, 40.360553918415825], [115.4802264277057, 40.360549276808364], [115.48022440488968, 40.36063933744513], [115.48034213659166, 40.3606408847723], [115.4803401139231, 40.36073094541246], [115.48010465021517, 40.36072785062852], [115.48010869616941, 40.360547729366296], [115.47952003862481, 40.36053999035903], [115.47952206237102, 40.36044992975018], [115.47940433104603, 40.36044838159424], [115.4793982593104, 40.36071856340164], [115.47975145472171, 40.36072320755415], [115.47974943126125, 40.360813268168336], [115.47927850343821, 40.3608070757058], [115.47927647934237, 40.360897136298895], [115.479394211441, 40.36089868459913], [115.47939016353509, 40.361078805790626], [115.47927243112333, 40.361077257480595], [115.47927445523742, 40.360987196890484], [115.47892125852668, 40.360982551256335], [115.47892530766677, 40.36080243010105], [115.47904303958147, 40.36080397875576], [115.47904506398126, 40.36071391817097], [115.47892733222314, 40.360712369521174], [115.4789334058374, 40.36044218777256], [115.47905113712585, 40.360443736407674], [115.47905316148915, 40.36035367581693], [115.47917089263017, 40.360355224327336], [115.47917291682776, 40.36026516373019], [115.47905518584327, 40.360263615224675], [115.47905721018829, 40.360173554630954], [115.47917494101623, 40.36017510313156], [115.47918303767875, 40.35981486072213], [115.47882984710091, 40.359810214919726], [115.47882782247935, 40.35990027550962], [115.47871009214843, 40.35989872666433], [115.4787080673612, 40.359988787247836], [115.47776622379051, 40.35997639213388], [115.47776419774173, 40.360066452676655], [115.47752873662732, 40.36006335269045], [115.47752671025631, 40.36015341322194], [115.4772912488654, 40.360150312746754], [115.47728922217213, 40.36024037326693], [115.47705376050469, 40.360237272302776], [115.47705173348918, 40.36032733281166], [115.47693400251262, 40.36032578214498], [115.47692994814108, 40.360505903148436], [115.47681221686055, 40.36050435235215], [115.47680816213935, 40.36068447333984], [115.47669043055488, 40.36068292241395], [115.47668637548396, 40.36086304338585], [115.47645091171623, 40.360859941155056], [115.47644888385395, 40.36095000162894], [115.47633115182725, 40.36094845032894], [115.47632912379926, 40.36103851079643], [115.47609365946019, 40.36103540782723], [115.47609568780128, 40.360945347369565], [115.47597795580204, 40.36094379571018], [115.47597998429053, 40.36085373525592], [115.47574452063259, 40.360850631587596], [115.47574654942504, 40.36076057114166], [115.4753933544764, 40.36075591475545], [115.47539538372936, 40.36066585432277], [115.47527765225469, 40.36066430195936], [115.47528374042831, 40.36039412066709], [115.47516600943244, 40.36039256819862], [115.47516195034606, 40.36057268905179], [115.47492648775557, 40.36056958373583], [115.47492851761643, 40.36047952331981], [115.47481078649149, 40.36047797048706], [115.47481281649975, 40.36038791007447], [115.47469508554049, 40.360386357126835], [115.47469711569616, 40.36029629671767], [115.4745793849026, 40.36029474365515], [115.47458344549953, 40.36011462284216], [115.47481890646957, 40.36011772882773], [115.47483108616197, 40.35957736629401], [115.47494881572148, 40.359578919077634], [115.47494678595217, 40.35966897950856], [115.47506451567735, 40.359670532177304], [115.47506248605545, 40.359760592611664], [115.47518021594632, 40.35976214516553], [115.47517615698814, 40.35994226603958], [115.47529388720126, 40.35994381848349], [115.47528982851955, 40.36012393936141], [115.47540755905493, 40.360125491695335], [115.47541567575556, 40.3597652499139], [115.47553340567391, 40.359766802108396], [115.47553543466964, 40.35967674165439], [115.47565316444059, 40.35967829372418], [115.4756612797058, 40.3593180518736], [115.47542582142542, 40.35931494765352], [115.47542785053193, 40.35922488719698], [115.47531012156199, 40.359223334912166], [115.47531215081588, 40.35913327445903], [115.47448804937846, 40.35912240514569], [115.4744860190288, 40.359212465564426], [115.47413283236622, 40.359207805475734], [115.47413080153775, 40.359297865878226], [115.47389534349543, 40.35929475854366], [115.47389331234471, 40.35938481893482], [115.47365785402596, 40.35938171111128], [115.47365582255301, 40.35947177149112], [115.47353809325082, 40.35947021739475], [115.47353606161217, 40.35956027776817], [115.4733006027222, 40.35955716920623], [115.47329857076129, 40.35964722956834], [115.47306311159493, 40.359644120517395], [115.47306107931175, 40.35973418086817], [115.47282561986896, 40.35973107132824], [115.47282358726353, 40.35982113166768], [115.47258812754431, 40.359818021638745], [115.47258609461663, 40.35990808196684], [115.47176198479248, 40.359897193057776], [115.47176401881597, 40.35980713276413], [115.47164628903434, 40.35980557673146], [115.47164832320522, 40.35971551644125], [115.47141286398256, 40.35971240402639], [115.47141489845734, 40.359622343744526], [115.47117943958449, 40.35961923086037], [115.4711835091327, 40.359439110311875], [115.4710657800231, 40.35943755369997], [115.4710698498477, 40.35925743315536], [115.47095212106038, 40.359255876433515], [115.47095619116132, 40.35907575589279], [115.47083846269625, 40.35907419906102], [115.47084049788951, 40.35898413879334], [115.47072276959017, 40.35898258184671], [115.47072480493074, 40.35889252158247], [115.47060707679714, 40.358890964520974], [115.47061114776386, 40.358710843997876], [115.47049341995249, 40.35870928682645], [115.47049749119554, 40.35852916630725], [115.47037976370643, 40.3585276090259], [115.47038179947074, 40.358437548768975], [115.47085270885616, 40.35844377715599], [115.47085067371799, 40.35853383743261], [115.47096840124382, 40.35853539423482], [115.47096636625302, 40.358625454514886], [115.47108409394458, 40.35862701120225], [115.47108205910114, 40.35871707148574], [115.47131751482485, 40.35872018451097], [115.47131548028528, 40.35881024480283], [115.47143320831746, 40.35881180114068], [115.47143117392525, 40.35890186143597], [115.47178435854642, 40.35890652974562], [115.471786392469, 40.35881646943555], [115.47190412053784, 40.35881802529428], [115.47190615429473, 40.3587279649778], [115.4721416101469, 40.35873107632605], [115.47214364358152, 40.35864101599823], [115.47226137136482, 40.358642571487756], [115.47226340463374, 40.358552511153526], [115.47214567700696, 40.35855095566894], [115.47214771042326, 40.35846089533814], [115.47238316537289, 40.358464006177705], [115.47238519846695, 40.35837394583558], [115.472502925799, 40.35837550107076], [115.47250089286148, 40.35846556141782], [115.47273634786617, 40.35846867153869], [115.4727383804906, 40.35837861118179], [115.47285610785015, 40.35838016605764], [115.47285407538226, 40.35847022641945], [115.47308953044194, 40.35847333582162], [115.47309156259676, 40.35838327544997], [115.47320928998383, 40.358384829966454], [115.47320725798554, 40.35847489034303], [115.47356044067129, 40.35847955318856], [115.47356247219999, 40.35838949279722], [115.4737979270566, 40.35839260075217], [115.47379995826304, 40.3583025403495], [115.47391768554854, 40.35830409414237], [115.47391971658932, 40.358214033733304], [115.47474380674863, 40.358224906895074], [115.4747458366845, 40.35813484645011], [115.47556992619677, 40.35814571370814], [115.47556789735663, 40.35823577418748], [115.47627426109183, 40.358245084338016], [115.47627223318175, 40.358335144845356], [115.47638996065949, 40.358336696122784], [115.47638387734393, 40.358606877650544], [115.47626614939657, 40.35860532635839], [115.47626209349406, 40.35878544735964], [115.47614436524277, 40.35878389593788], [115.47613828085078, 40.359054077413816], [115.47625600957169, 40.35905562885031], [115.47625195357767, 40.359235749836635], [115.47636968262081, 40.35923730116315], [115.47636765476665, 40.35932736165898], [115.47648538397547, 40.359328912870616], [115.47648335626869, 40.35941897336987], [115.47718973265296, 40.35942827815359], [115.47718770587629, 40.3595183386808], [115.47742316505729, 40.359521439326876], [115.47742519152085, 40.35943137878986], [115.47789610936634, 40.359437578624934], [115.4778981351946, 40.359347518066805], [115.47836905256013, 40.35935371596565], [115.47837107775308, 40.359263655386414], [115.47848880696075, 40.359265204556756], [115.47848678192435, 40.35935526514089], [115.4788399700718, 40.35935991194788], [115.47883794549591, 40.35944997254523], [115.47919113419519, 40.35945461828882], [115.47918911007977, 40.3595446788994], [115.47954229933087, 40.359549323579586], [115.47953218096507, 40.359999626683525], [115.47976764207691, 40.36000272258702], [115.47976561868944, 40.36009278321313], [115.4798833494156, 40.360094330990094], [115.4798853726465, 40.36000427035908], [115.48000310322526, 40.360005818011366], [115.48000512629048, 40.35991575737396], [115.4801228567218, 40.35991730490155], [115.4801208338131, 40.360007365543844], [115.4802385644101, 40.36000891295654], [115.48024058716226, 40.35991885230934], [115.48047604807049, 40.35992194676556], [115.4804780705004, 40.359831886107095], [115.48059580081167, 40.35983343315062], [115.48059984533103, 40.3596533118194], [115.48095303538028, 40.359657952201864], [115.48095505715663, 40.35956789151934], [115.48107278703475, 40.35956943806902], [115.48107480864543, 40.359479377380104], [115.4821343765498, 40.359493290892665], [115.48213235634802, 40.35958335162561], [115.48225008631728, 40.359584896977395], [115.48224806626294, 40.35967495771373], [115.48236579639787, 40.35967650295062], [115.48236377649094, 40.359766563690364], [115.48248150679153, 40.35976810881234], [115.48247948703205, 40.35985816955549], [115.4825972174983, 40.359859714562575], [115.48259923710123, 40.35976965381453], [115.48283469774795, 40.35977274345955], [115.48283671702869, 40.35968268270024], [115.48307217739875, 40.35968577185631], [115.48307419635728, 40.35959571108576], [115.48319192639941, 40.359597255479216], [115.4831939451923, 40.35950719470228], [115.48331167508698, 40.359508738971066], [115.48331369371421, 40.35941867818774], [115.4834314234615, 40.35942022233185], [115.48343344192307, 40.359330161542154], [115.48355117152288, 40.359331705561594], [115.4835531898188, 40.35924164476552], [115.48367091927119, 40.359243188660265], [115.48367495552263, 40.359063067053874], [115.48379268467103, 40.35906461081908], [115.48379873851029, 40.358794428383646], [115.48391646719817, 40.3587959720144], [115.48392453823027, 40.35843572872676], [115.4840422663011, 40.3584372722182], [115.48404630144947, 40.35825715055565], [115.48416402921632, 40.35825869391753], [115.484170081401, 40.357988511397906], [115.48428780870735, 40.35799005462534], [115.48429184313858, 40.35780993292837], [115.48440957014095, 40.357811476026264], [115.4844115871864, 40.35772141517065], [115.48452931404134, 40.357722958143874], [115.48453133092114, 40.3576328972819], [115.48464905762866, 40.357634440130454], [115.48465510774389, 40.35736425752092], [115.485479191664, 40.35737505400445], [115.48547717606375, 40.35746511490994], [115.48571262900724, 40.35746819855125], [115.48571061371095, 40.35755825946504], [115.48606379366399, 40.35756288404327], [115.48606177882819, 40.357652944970184], [115.4864149593326, 40.35765756848502], [115.48641294495732, 40.35774762942506], [115.48664839898544, 40.357750711179115], [115.48664638491415, 40.35784077212744], [115.48688183929167, 40.35784385341212], [115.48687982552433, 40.357933914368694], [115.48699755288325, 40.35793545483623], [115.48699553926339, 40.3580255157962], [115.48723099432155, 40.358028596381686], [115.48722898100566, 40.3581186573499], [115.48734670870492, 40.358120197467834], [115.48734469553646, 40.35821025843944], [115.48746242340133, 40.35821179844246], [115.48746041038035, 40.358301859417445], [115.48757813841083, 40.35830339930556], [115.48757612553733, 40.358393460283935], [115.48769385373342, 40.35839500005714], [115.48769184100735, 40.35848506103889], [115.48780956936906, 40.358486600697184], [115.48780755679047, 40.35857666168232], [115.4879252853178, 40.35857820122569], [115.48792327288668, 40.3586682622142], [115.48804100157962, 40.35866980164266], [115.48803898929596, 40.35875986263457], [115.48827444702214, 40.35876294114186], [115.48827243504248, 40.358853002142006], [115.48839016407574, 40.35885454122086], [115.48838815224354, 40.35894460222439], [115.48850588144242, 40.35894614118831], [115.4885038697577, 40.35903620219522], [115.48862159912218, 40.35903774104421], [115.48861958758494, 40.35912780205451], [115.48873731711502, 40.35912934078859], [115.48873530572524, 40.359219401802264], [115.48885303542099, 40.35922094042142], [115.48885102417866, 40.35931100143848], [115.48896875404, 40.35931253994272], [115.48896674294515, 40.35940260096315], [115.48908447297212, 40.35940413935246], [115.48908246202475, 40.359494200376275], [115.48931792241899, 40.359497276805286], [115.48931591177565, 40.35958733783733], [115.48943364214294, 40.35958887587702], [115.48943163164708, 40.35967893691244], [115.48966709272189, 40.35968201264218], [115.48966508253007, 40.35977207368584], [115.48978281323765, 40.359773611375886], [115.4897808031933, 40.35986367242294], [115.48966307232918, 40.359862134728026], [115.48965704167207, 40.36013231784564], [115.48989250434869, 40.360135393144866], [115.48989049442461, 40.360225454190825], [115.49012595745062, 40.36022852902059], [115.49012394783058, 40.36031859007479], [115.49071260633698, 40.36032627507715], [115.49071461517423, 40.36023621399863], [115.49118554151622, 40.36024235982478], [115.49118754971822, 40.360152298725325], [115.49142301263046, 40.36015537090991], [115.49142502051028, 40.36006530979924], [115.49166048314564, 40.36006838149493], [115.4916624907033, 40.35997832037306], [115.49178022187802, 40.35997985603634], [115.49178222927007, 40.35988979490811], [115.49201769133356, 40.35989286586561], [115.49201969840345, 40.35980280472616], [115.49213742929223, 40.359804340020354], [115.49213943619651, 40.35971427887457], [115.49225716693779, 40.35971581404412], [115.49225917367647, 40.35962575289199], [115.49237690427027, 40.35962728793689], [115.49237891084334, 40.35953722677841], [115.49261437174496, 40.359540296499105], [115.4926163779959, 40.35945023532942], [115.49273410830372, 40.35945177000522], [115.49273611438907, 40.3593617088292], [115.49297157471878, 40.35936477781173], [115.49297358048199, 40.35927471662449], [115.4935622306819, 40.359282386960196], [115.49356423565331, 40.35919232574721], [115.49415288529657, 40.35919999306388], [115.49415488947622, 40.359109931825145], [115.49462580872738, 40.359116063502846], [115.49462380517393, 40.359206124760995], [115.49497699517686, 40.35921072227603], [115.494974992084, 40.35930078354724], [115.49521045244421, 40.35930384796801], [115.49520844965542, 40.35939390924743], [115.49532618000563, 40.359395441282985], [115.49532417736437, 40.35948550256576], [115.49544190788015, 40.359487034486364], [115.49543790288361, 40.35966715705715], [115.49555563372152, 40.359668688867664], [115.49555162900195, 40.35984881144218], [115.49566936016201, 40.35985034314259], [115.4956653557194, 40.36003046572086], [115.4957830872016, 40.36003199731117], [115.49577908303598, 40.36021211989316], [115.49695640148563, 40.36022742930445], [115.49695440095482, 40.36031749064168], [115.49730759713538, 40.36032208114359], [115.49730559706522, 40.36041214249384], [115.499071581534, 40.36043507890356], [115.49906958380318, 40.36052514032491], [115.49942278140999, 40.360529724386865], [115.49942477867114, 40.36043966295101], [115.50036663809989, 40.36045188180648], [115.50036863409954, 40.360361820330475], [115.50142822523664, 40.36037555733496], [115.50142623064599, 40.36046561885444], [115.50177942832335, 40.36047019571408], [115.50177743419337, 40.36056025724656], [115.5020128996697, 40.36056330789699], [115.50201090584386, 40.360653369437635], [115.50224637166929, 40.360656419618536], [115.50224437814755, 40.36074648116734], [115.50247984432208, 40.36074953087869], [115.50247785110449, 40.360839592435646], [115.50271331762808, 40.360842641677465], [115.50271132471464, 40.3609327032426], [115.50318225849594, 40.36093880030793], [115.50318026619978, 40.361028861890865], [115.50341573345747, 40.36103190971437], [115.50341374146544, 40.361121971305465], [115.50364920907222, 40.36112501865942], [115.50364721738431, 40.361215080258674], [115.50388268534017, 40.361218127143076], [115.50388069395639, 40.36130818875048], [115.50411616226133, 40.36131123516532], [115.5041141711817, 40.36140129678086], [115.50434963983568, 40.361404342726146], [115.50434764906022, 40.36149440434985], [115.50458311806325, 40.36149744982556], [115.50458112759193, 40.36158751145741], [115.50481659694404, 40.36159055646354], [115.50481460677688, 40.361680618103534], [115.505050076478, 40.361683662640104], [115.50504808661503, 40.36177372428825], [115.5052835566652, 40.361776768355234], [115.50528156710637, 40.36186683001153], [115.5057525079407, 40.361872916727116], [115.50575449687325, 40.36178285505156], [115.50610770212347, 40.36178741881588], [115.50610969057732, 40.36169735712439], [115.50646289543857, 40.36170191979604], [115.50646488341377, 40.36161185808862], [115.50693582272802, 40.36161793995433], [115.50693781006798, 40.36152787822619], [115.50717327946576, 40.3615309184306], [115.5071752664836, 40.36144085669134], [115.50741073560411, 40.36144389640693], [115.50741272229986, 40.36135383465656], [115.50800139447509, 40.361361431824946], [115.50800338037902, 40.36127137004906], [115.508356583322, 40.36127592689805], [115.50835856874728, 40.361185865106236], [115.50859403710756, 40.36118890239694], [115.50859602221077, 40.361098840594046], [115.50883149029373, 40.36110187739594], [115.50883347507482, 40.361011815581925], [115.50906894288049, 40.361014851895014], [115.50907092733952, 40.36092479006992], [115.50942412864545, 40.36092934362661], [115.50942611262582, 40.36083928178562], [115.5100147808652, 40.36084686862678], [115.51001279766763, 40.36093693049179], [115.50989506384529, 40.36093541335835], [115.50989109711021, 40.3611155370743], [115.50965562886611, 40.361112502428824], [115.50965166146898, 40.361292626119614], [115.50929845823056, 40.36128807322408], [115.50929647404885, 40.36137813505283], [115.5089432704213, 40.36137358106467], [115.50894128576093, 40.36146364287752], [115.50858808174425, 40.36145908779671], [115.50858609660523, 40.36154914959368], [115.50823289219943, 40.36154459342025], [115.50823090658176, 40.36163465520128], [115.50775996687314, 40.361628578606904], [115.50775798062023, 40.36171864036723], [115.50740477546313, 40.36171408164908], [115.50740278873153, 40.36180414339349], [115.50716731835847, 40.361801103639436], [115.50716533130479, 40.36189116537273], [115.50692986065444, 40.36188812512984], [115.50692787327864, 40.36197818685204], [115.50669240235099, 40.3619751461203], [115.5066904146531, 40.362065207831385], [115.50645494344818, 40.3620621666108], [115.50645295542817, 40.362152228310784], [115.50621748394599, 40.362149186601364], [115.50621549560387, 40.36223924829021], [115.50598002384439, 40.36223620609195], [115.50597803518016, 40.36232626776968], [115.50527161917766, 40.36231713827066], [115.50527360878135, 40.36222707662182], [115.50503813716546, 40.36222403250666], [115.50504012707333, 40.36213397086596], [115.50480465580648, 40.36213092628123], [115.50480664601852, 40.362040864648655], [115.50457117510074, 40.36203781959435], [115.50457316561693, 40.36194775796994], [115.50421995977732, 40.361943189504395], [115.50422195075427, 40.36185312789296], [115.50398648055256, 40.361850081659874], [115.50398847183364, 40.36176002005658], [115.50375300198102, 40.361756973353934], [115.50375499356628, 40.3616669117588], [115.50351952406271, 40.361663864586575], [115.50352151595212, 40.36157380299959], [115.50316831223388, 40.361569231357215], [115.50317030458399, 40.36147916978322], [115.5030525701858, 40.36147764566765], [115.50305456268349, 40.361387584096974], [115.50270136001251, 40.361383011045916], [115.5027033529709, 40.36129294948823], [115.50246788488168, 40.361289900198166], [115.50246987814421, 40.36119983864865], [115.5021166765475, 40.361195263829536], [115.50211867027075, 40.36110520229299], [115.50176546922464, 40.36110062641016], [115.50176746340858, 40.36101056488663], [115.50141426291316, 40.361005987940075], [115.50141625755778, 40.36091592642952], [115.50047439121839, 40.36090371600621], [115.50047239532127, 40.36099377747812], [115.49988372836891, 40.36098614204593], [115.49988173167996, 40.36107620349218], [115.49858666345533, 40.36105939494588], [115.49858866186649, 40.360969333552816], [115.49764679600432, 40.3609571000895], [115.49764879565892, 40.36086703873366], [115.49682466459902, 40.36085632819774], [115.49682666534049, 40.3607662668743], [115.49670893252461, 40.36076473632338], [115.49670693162655, 40.360854797641984], [115.49576506817182, 40.36084254888325], [115.49576707032236, 40.36075248760341], [115.49541387214552, 40.36074789235677], [115.49541587475672, 40.36065783109], [115.49529814220573, 40.360656299106374], [115.49530014496445, 40.36056623784296], [115.49506468020267, 40.36056317352601], [115.49507669844391, 40.360022805972406], [115.49495896701592, 40.360021273663335], [115.49496297333715, 40.35984115114324], [115.4948452422313, 40.359839618724074], [115.49484724553493, 40.35974955746666], [115.49472951459465, 40.359748024932536], [115.4947315180458, 40.35965796367848], [115.49437832574887, 40.35965336537194], [115.4943803296606, 40.35956330413094], [115.49402713791468, 40.359558704760815], [115.4940251335333, 40.359648765987274], [115.4936719413991, 40.35964416552447], [115.49366993653902, 40.35973422673487], [115.4933167440166, 40.35972962517937], [115.49331473867781, 40.35981968637373], [115.49307927672831, 40.35981661806139], [115.49307727106738, 40.359906679244546], [115.49284180884096, 40.359903610443325], [115.49283980285787, 40.35999367161528], [115.49272207160168, 40.35999213703013], [115.492720065453, 40.36008219819573], [115.49248460265467, 40.36007912865633], [115.49248259618383, 40.36016918981072], [115.49236486464167, 40.360167654856475], [115.49236285800525, 40.36025771600453], [115.4922451263156, 40.36025618092563], [115.49224311951355, 40.36034624206733], [115.4920076558483, 40.36034317154043], [115.4920056487241, 40.360433232670935], [115.49177018478196, 40.36043016165514], [115.49176817733557, 40.360520222774426], [115.49153271311656, 40.360517151269725], [115.49153070534801, 40.3606072123778], [115.49000018677236, 40.360587235854005], [115.49000219657617, 40.36049717480914], [115.48953126871804, 40.36049102413284], [115.48953327913897, 40.36040096310596], [115.4891800838103, 40.36039634885549], [115.48918209469181, 40.36030628784171], [115.48894663149781, 40.3603032110855], [115.48894864268337, 40.360213150079964], [115.48883091125651, 40.360211611527035], [115.48883292258955, 40.36012155052488], [115.48871519132835, 40.360120011857035], [115.48871720280887, 40.36002995085826], [115.48859947171329, 40.36002841207548], [115.4886014833413, 40.35993835108009], [115.48848375241133, 40.359936812182404], [115.48848576418679, 40.35984675119039], [115.4882503026672, 40.35984367304535], [115.4882523147467, 40.35975361206158], [115.48813458415705, 40.359752072814246], [115.48813659638402, 40.35966201183387], [115.48801886596003, 40.35966047247162], [115.48802087833445, 40.35957041149461], [115.48790314807606, 40.35956887201744], [115.48790516059799, 40.35947881104383], [115.48778743050522, 40.35947727145174], [115.48778944317459, 40.3593872104815], [115.48767171324747, 40.35938567077449], [115.4876737260643, 40.35929560980763], [115.48755599630279, 40.3592940699857], [115.48756002222234, 40.35911394805728], [115.48744229278302, 40.3591124081253], [115.48744631897932, 40.358932286200655], [115.48732858986214, 40.35893074615864], [115.4873306031032, 40.35884068519894], [115.48721287415168, 40.358839145042026], [115.48721488754022, 40.35874908408574], [115.48697942997744, 40.35874600342227], [115.48698144366996, 40.358655942474215], [115.48686371505875, 40.35865440196768], [115.48686572889875, 40.35856434102302], [115.48674800045315, 40.35856280040157], [115.4867500144406, 40.358472739460304], [115.48663228616061, 40.35847119872395], [115.48663430029552, 40.35838113778605], [115.48651657218119, 40.358379596934775], [115.48651858646353, 40.35828953600028], [115.48628313057516, 40.35828645394814], [115.48628514516152, 40.358196393021906], [115.4861674173875, 40.35819485182103], [115.48616943212129, 40.358104790898174], [115.4859339769136, 40.358101708146826], [115.48593599195137, 40.358011647232246], [115.48570053709311, 40.35800856401152], [115.48570255243486, 40.35791850310521], [115.48476073461777, 40.357906165470006], [115.48475871802373, 40.35799622633728], [115.484640990681, 40.35799468358898], [115.48463897392135, 40.35808474444987], [115.48452124643116, 40.35808320157689], [115.48450511077411, 40.35880368837138], [115.48438738204074, 40.35880214533956], [115.48437931336767, 40.359162388681504], [115.48426158401722, 40.35916084551036], [115.48425956666966, 40.35925090633724], [115.48414183717176, 40.35924936304142], [115.48413981965855, 40.35933942386192], [115.48402209001323, 40.359337880441444], [115.48401805464644, 40.3595180020682], [115.48390032469709, 40.359516458518144], [115.48389830684351, 40.35960651932441], [115.48401603694938, 40.35960806287933], [115.48401401924323, 40.35969812368899], [115.48413174951477, 40.359699667129014], [115.48413578460486, 40.35951954549845], [115.48425351457239, 40.35952108880892], [115.48425553194726, 40.35943102798651], [115.48437326176735, 40.35943257117231], [115.48437527897654, 40.35934251034354], [115.4844930086492, 40.359344053404655], [115.48449502569275, 40.35925399256949], [115.48461275521797, 40.359255535505945], [115.48461477209588, 40.35916547466442], [115.48485023086047, 40.359168560168186], [115.48484821429565, 40.35925862101948], [115.4850836734097, 40.35926170605384], [115.48508165714887, 40.35935176691341], [115.48519938687609, 40.3593533092558], [115.48519737076269, 40.359443370118754], [115.48555056046857, 40.35944799644182], [115.4855485448157, 40.35953805731791], [115.4856662748924, 40.3595395991909], [115.4856682903887, 40.359449538309924], [115.48578602031795, 40.359451080058236], [115.48578400497819, 40.359541140944096], [115.48637265554343, 40.35954884791322], [115.48637467010043, 40.359458787002964], [115.48684559009003, 40.35946495040253], [115.48684357615919, 40.35955501133229], [115.48696130633584, 40.35955655188758], [115.48695929255248, 40.35964661282071], [115.48707702289477, 40.35964815326109], [115.48707500925886, 40.35973821419761], [115.48719273976677, 40.35973975452306], [115.48718468575854, 40.36009999827376], [115.4870669546244, 40.3600984579288], [115.48706494094307, 40.360188518857875], [115.48682947838898, 40.36018543779885], [115.48682746438547, 40.36027549871666], [115.48659200155461, 40.360272417168694], [115.48658998722892, 40.36036247807528], [115.48611906105002, 40.36035631352233], [115.48612107600195, 40.36026625263524], [115.4854146879456, 40.360257002241255], [115.48541267205438, 40.36034706309906], [115.48529494058693, 40.36034552094257], [115.48529292453004, 40.36043558179402], [115.48517519291514, 40.36043403951285], [115.48516914422027, 40.36070422204358], [115.48528687630485, 40.36070576433938], [115.48528486021159, 40.36079582518486], [115.48540259246182, 40.36079736736575], [115.48540057651601, 40.36088742821461], [115.48563604135687, 40.36089051222676], [115.48563201006421, 40.36107063393953], [115.4857497428114, 40.36107217577568], [115.485747727308, 40.36116223663471], [115.48610092607375, 40.36116686143899], [115.48610294110748, 40.36107680056532], [115.48645613948536, 40.36108142427679], [115.48645815404032, 40.36099136338701], [115.48657588669457, 40.36099290437969], [115.48657790108388, 40.36090284348352], [115.48681336610652, 40.36090592509976], [115.4868153801736, 40.36081586419237], [115.48693311254199, 40.360817404815904], [115.48693512644347, 40.360727343902134], [115.48705285866438, 40.36072888440103], [115.48705688612694, 40.36054876255926], [115.48717461804382, 40.360550302928594], [115.48717663160492, 40.360460242000606], [115.48741209515285, 40.36046332237013], [115.48741612162159, 40.360283200490194], [115.48776931607225, 40.36028782011679], [115.48776730331208, 40.360377881072125], [115.4881204983141, 40.36038249963518], [115.48811647370586, 40.360562621570615], [115.48799874171634, 40.36056108215964], [115.48799471675866, 40.360741204079375], [115.4878769844651, 40.36073966453886], [115.48787497181607, 40.36082972549162], [115.48775723937504, 40.36082818582644], [115.4877552265604, 40.360918246772826], [115.48751976139243, 40.36091516707334], [115.48751774825558, 40.3610052280085], [115.48704681740239, 40.36099906715246], [115.48704480363023, 40.36108912806663], [115.48669160511606, 40.36108450615212], [115.48668556233602, 40.36135468884182], [115.48656782904644, 40.361353147949416], [115.48656178571497, 40.36162333061105], [115.4864440519648, 40.361621789584234], [115.48644203734622, 40.3617118504636], [115.48632430344857, 40.361710309312095], [115.48632228866435, 40.36180037018509], [115.4860868205832, 40.361797287512935], [115.48608883568056, 40.361707226649706], [115.48597110181018, 40.3617056851388], [115.485973117055, 40.361615624278954], [115.48561991596809, 40.361610999042114], [115.48561790025357, 40.36170105988732], [115.48526469877882, 40.36169643355763], [115.48526268258551, 40.36178649438671], [115.48479174678691, 40.36178032425041], [115.4847897299583, 40.36187038505849], [115.48467199587482, 40.36186884222003], [115.48466997888049, 40.36195890302172], [115.48455224464956, 40.361957360058575], [115.48455022748958, 40.3620474208539], [115.48443249311117, 40.36204587776607], [115.48443047578554, 40.36213593855503], [115.48431274125966, 40.36213439534252], [115.48431072376836, 40.36222445612509], [115.484192989095, 40.3622229127879], [115.48419097143804, 40.36231297356409], [115.48407323661723, 40.36231143010221], [115.48407121879458, 40.36240149087205], [115.48383574886714, 40.362398403579114]], [[115.48280238801749, 40.361213715405604], [115.48374425100755, 40.36122606981954], [115.48374626918157, 40.36113600904498], [115.483981734707, 40.36113909644073], [115.48398375255877, 40.36104903565492], [115.48421921780752, 40.361052122561716], [115.48422123533707, 40.36096206176466], [115.48433896781853, 40.36096360503346], [115.48434300253726, 40.36078348342511], [115.48446073471469, 40.36078502656436], [115.48445871751646, 40.36087508737417], [115.48457644985956, 40.3608766303985], [115.48458048393385, 40.36069650876762], [115.48469821597294, 40.3606980516624], [115.48470023283988, 40.360607990839846], [115.4848179647315, 40.36060953360995], [115.48483813133501, 40.359708925253564], [115.48460267069186, 40.35970583969121], [115.48460065375936, 40.35979590052379], [115.48448292329488, 40.35979435755805], [115.48448090619672, 40.359884418384254], [115.4843631755848, 40.35988287529384], [115.484361158321, 40.35997293611367], [115.48424342756161, 40.35997139289858], [115.48424141013216, 40.360061453712035], [115.48400594832762, 40.360058366912696], [115.48400796607018, 40.359968306109], [115.4838902353381, 40.35996676253454], [115.48388418161348, 40.360236944926484], [115.48376645042086, 40.360235401217565], [115.48376241424583, 40.36041552279497], [115.48364468274922, 40.360413978956494], [115.48364266449147, 40.36050403973808], [115.48340720121246, 40.36050095169196], [115.48340518263251, 40.36059101246228], [115.4832874508501, 40.36058946825464], [115.4832854321045, 40.36067952901858], [115.48316770017463, 40.36067798468626], [115.48316568126337, 40.360768045443834], [115.48304794918607, 40.360766500986834], [115.48304391102312, 40.360946622487724], [115.48292617864179, 40.36094507790115], [115.4829221401293, 40.36112519938628], [115.48280440744398, 40.361123654670145], [115.48280238801749, 40.361213715405604]], [[115.48174481368608, 40.36110974683401], [115.48198027890183, 40.36111283830284], [115.4819822994151, 40.36102277760013], [115.48221776435416, 40.36102586857999], [115.48222180472712, 40.360845747150535], [115.48233953689723, 40.360847292451], [115.48234155691348, 40.36075723172914], [115.4825770209679, 40.36076032196089], [115.48257904066195, 40.36067026122776], [115.48269677254626, 40.36067180615906], [115.48269879207463, 40.360581745419545], [115.48281652381151, 40.36058329022615], [115.48281854317423, 40.360493229480284], [115.48258308002268, 40.36049013975704], [115.48258509968939, 40.36040007901944], [115.48293829396069, 40.36040471340994], [115.48294031314863, 40.360314652656186], [115.48282258187231, 40.360313107984034], [115.4828246012077, 40.36022304723368], [115.48258913899545, 40.36021995753978], [115.48259115863483, 40.36012989679771], [115.48212023494592, 40.36012371599197], [115.48211821468037, 40.360213776714474], [115.48200048362438, 40.36021223120866], [115.48199846319311, 40.36030229192479], [115.48176300079535, 40.36029920054401], [115.4817609800419, 40.36038926124887], [115.48164324870014, 40.3603877153739], [115.48164122778101, 40.360477776072365], [115.48175895927933, 40.360479321952226], [115.48175491772685, 40.36065944335448], [115.48163718591543, 40.36065789746483], [115.48163314401336, 40.36083801885133], [115.48175087613787, 40.36083956475076], [115.48174885532974, 40.360929625446666], [115.48163112304864, 40.360928079542354], [115.48162910207483, 40.36101814023188], [115.48174683451246, 40.36101968614108], [115.48174481368608, 40.36110974683401]], [[115.47481484649884, 40.36029784966039], [115.4751680389619, 40.3603025077698], [115.47517006848219, 40.36021244733948], [115.47481687648879, 40.36020778924481], [115.47481484649884, 40.36029784966039]], [[115.47669854058694, 40.36032268045225], [115.4768162715452, 40.360324231358504], [115.47681829887381, 40.36023417085945], [115.47670056807208, 40.36023261995808], [115.47669854058694, 40.36032268045225]], [[115.4837745226617, 40.35987515804486], [115.48389225322812, 40.359876701734244], [115.48389427110902, 40.359786640932455], [115.48377654069914, 40.35978509724796], [115.4837745226617, 40.35987515804486]], [[115.47930279187588, 40.35972634847236], [115.47942052193935, 40.35972789670889], [115.47942254575993, 40.35963783609151], [115.47930481585303, 40.35963628785988], [115.47930279187588, 40.35972634847236]], [[115.48389427110902, 40.359786640932455], [115.48401200152799, 40.35978818449716], [115.48401401924323, 40.35969812368899], [115.4838962889808, 40.35969658012917], [115.48389427110902, 40.359786640932455]]]}}, {"type": "Feature", "properties": {"year": 2022, "water_area_km2": 0.0073}, "geometry": {"type": "Polygon", "coordinates": [[[115.4669799524526, 40.357851974932814], [115.46698811335473, 40.357491734426745], [115.46687038786324, 40.35749017360624], [115.46687446857214, 40.35731005335413], [115.4667567434029, 40.357308492423726], [115.4667628648668, 40.35703831204917], [115.46805783706934, 40.357055475532945], [115.46805375954611, 40.35723559589275], [115.46793603444138, 40.35723403616506], [115.46793195656831, 40.357414156509044], [115.46781423115974, 40.3574125966517], [115.4678081138116, 40.35768277714166], [115.46769038794262, 40.357681217149725], [115.46768834865165, 40.35777127730513], [115.46757062263536, 40.35776971718848], [115.46756858317866, 40.357859777337445], [115.46721540471543, 40.357855096254], [115.4672174446417, 40.35776503611986], [115.46709971866223, 40.35776347552409], [115.46709767857942, 40.3578535356533], [115.4669799524526, 40.357851974932814]]]}}, {"type": "Feature", "properties": {"year": 2022, "water_area_km2": 0.0073}, "geometry": {"type": "Polygon", "coordinates": [[[115.4566262514256, 40.357443983405965], [115.45662830541141, 40.35735392371332], [115.4565105807325, 40.35735235235242], [115.45651263486558, 40.357262292663265], [115.45663035938794, 40.35726386401919], [115.4566324133552, 40.35717380432356], [115.45686786211469, 40.35717694666615], [115.45686991575965, 40.357086886959074], [115.45710536424318, 40.35709002881261], [115.45710741756584, 40.35699996909411], [115.45722514166495, 40.35700153983625], [115.45722719482184, 40.35691148011129], [115.45758036670523, 40.35691619160416], [115.45758241938331, 40.35682613186278], [115.45805331473136, 40.356832412156535], [115.45805126267936, 40.35692247191778], [115.45828671072198, 40.356925611355955], [115.45828876246094, 40.35683555158477], [115.45840648633961, 40.35683712111923], [115.45840443475716, 40.356927180895376], [115.45875760691821, 40.356931888794996], [115.45875555579609, 40.35702194858454], [115.45899100426276, 40.35702508659536], [115.45898690261679, 40.35720520618985], [115.45780965752313, 40.35718951124548], [115.45780760512103, 40.35727957099081], [115.45733670671667, 40.357273289639465], [115.45733465367927, 40.357363349363425], [115.4570992042196, 40.35736020795916], [115.45709715085985, 40.3574502676717], [115.4566262514256, 40.357443983405965]]]}}, {"type": "Feature", "properties": {"year": 2022, "water_area_km2": 0.149}, "geometry": {"type": "Polygon", "coordinates": [[[115.52324621565712, 40.358944593314966], [115.52325407740105, 40.35858434356202], [115.52337180784615, 40.358585847024614], [115.5233757383518, 40.35840572212972], [115.52349346849266, 40.35840722546301], [115.52349739864978, 40.35822710055263], [115.5236151284864, 40.358228603756615], [115.52361905829495, 40.3580484788308], [115.52373678782737, 40.35804998190548], [115.5237387525618, 40.35795991943558], [115.52385648194652, 40.3579614223857], [115.52385844651556, 40.357871359909566], [115.52397617575261, 40.35787286273515], [115.52397814015623, 40.35778280025277], [115.52409586924557, 40.357784302953796], [115.52409783348381, 40.35769424046518], [115.52421556242547, 40.357695743041674], [115.52421752649828, 40.35760568054681], [115.5244529840951, 40.35760868533091], [115.52445887532114, 40.35733849780887], [115.52434114698794, 40.357336995490975], [115.52434703860386, 40.35706680796982], [115.52446476646747, 40.357068310273455], [115.5244667301652, 40.35697824775868], [115.52458445788112, 40.35697974993777], [115.52458642141345, 40.356889687416746], [115.52446869385406, 40.356888185242404], [115.52447065753407, 40.35679812272467], [115.52458838493692, 40.35679962489424], [115.52459034845151, 40.356709562370256], [115.5247080757067, 40.35671106441531], [115.52470611234861, 40.35680112694405], [115.52482383976918, 40.35680262887405], [115.52482187655878, 40.35689269140606], [115.52505733173955, 40.35689569491624], [115.52505929463689, 40.35680563237472], [115.52517702208402, 40.35680713394539], [115.52518291025325, 40.35653694629766], [115.52530063723961, 40.356538447734266], [115.52530456232844, 40.35635832261886], [115.52518683565513, 40.35635682119175], [115.52518879834281, 40.356266758636565], [115.52507107183487, 40.35626525709442], [115.5250730346702, 40.35617519454251], [115.5251907610216, 40.356176696079906], [115.5252044995254, 40.355546258141594], [115.5250867742697, 40.35554475663747], [115.52508873703422, 40.35545469407365], [115.5253241872414, 40.35545769695262], [115.525326149684, 40.35536763437783], [115.52544387464435, 40.3553691356329], [115.52544583692159, 40.35527907305186], [115.52568128655575, 40.35528207519316], [115.52568324851109, 40.35519201260113], [115.52580097318493, 40.35519351348735], [115.52580293497489, 40.355103450889104], [115.5263915576942, 40.35511095349981], [115.52638959668685, 40.3552010161218], [115.52662504614955, 40.35520401633713], [115.52662308544642, 40.355294078967155], [115.52685853525755, 40.355297078712866], [115.52685657485861, 40.355387141350874], [115.5272097501112, 40.35539164008532], [115.527205830226, 40.35557176538537], [115.5273235556409, 40.355573264733444], [115.52731963603338, 40.355753390037044], [115.52779053903375, 40.35575938626951], [115.52778857984282, 40.355849448938066], [115.52790630577154, 40.35585094770146], [115.52790826480592, 40.35576088502818], [115.52802599058693, 40.35576238366706], [115.52802794945595, 40.35567232098753], [115.52826340073143, 40.35567531789646], [115.52826535927856, 40.35558525520598], [115.52850081027631, 40.3555882516263], [115.52850472671794, 40.355408126221896], [115.52862245191703, 40.35540962424291], [115.52862440996807, 40.35531956153374], [115.52874213501946, 40.35532105943023], [115.52874409290513, 40.35523099671483], [115.52945044245976, 40.35523998154993], [115.52944848551321, 40.35533004429377], [115.52956621062641, 40.3553315413518], [115.52956816741641, 40.355241478603226], [115.52980361735625, 40.35524447235046], [115.52979970439351, 40.355424597865074], [115.52991742968972, 40.355426094568486], [115.52991351700474, 40.35560622008662], [115.52979579139549, 40.35560472337372], [115.52979383488325, 40.35569478612582], [115.52967610912629, 40.35569328928841], [115.52967219576225, 40.35587341477868], [115.52955446970107, 40.35587191781201], [115.52955055598866, 40.35605204328685], [115.52943282962325, 40.35605054619093], [115.52942695851884, 40.356320734377846], [115.52954468535386, 40.356322231487994], [115.52954272845793, 40.35641229421874], [115.52977818246754, 40.356415288089146], [115.52977426927534, 40.35659541356512], [115.52989199660645, 40.35659691033011], [115.52988808369203, 40.35677703580962], [115.53000581134505, 40.35677853246431], [115.52999602968727, 40.35722884616075], [115.52987830125154, 40.35722734948238], [115.52987634473698, 40.35731741221248], [115.52975861615357, 40.35731591540958], [115.52975274608724, 40.35758610357674], [115.52963501704303, 40.35758460663985], [115.52962523263993, 40.35803492019838], [115.5295075028218, 40.358033423117995], [115.52950358868567, 40.35821354852154], [115.52938585856329, 40.3582120513119], [115.52938390132543, 40.358302114006705], [115.52914844079402, 40.35829911921856], [115.52914648323424, 40.358389181902396], [115.52902875282524, 40.3583876843239], [115.52903071054156, 40.3582976216448], [115.52867751983719, 40.35829312820477], [115.5286736034564, 40.35847325353305], [115.52855587292616, 40.35847175547064], [115.52855195619694, 40.35865188078349], [115.52819876371994, 40.35864738584905], [115.52820072255864, 40.35855732320759], [115.52796526126461, 40.35855432599515], [115.5279633021128, 40.35864438862712], [115.52772784054102, 40.35864139092601], [115.52772588106728, 40.35873145354701], [115.52749041921776, 40.35872845535725], [115.52748845942207, 40.35881851796728], [115.5272529972948, 40.35881551928884], [115.52725103717715, 40.35890558188788], [115.52701557477215, 40.35890258272077], [115.52701361433257, 40.35899264530885], [115.52689588298676, 40.35899114554087], [115.5268978435829, 40.35890108295754], [115.52678011240249, 40.358899583074496], [115.52678207314634, 40.35880952049444], [115.52689980417017, 40.35881102037273], [115.52690176474863, 40.35872095778643], [115.52666630302285, 40.35871795791956], [115.52666826390558, 40.35862789534126], [115.52655053321253, 40.35862639523287], [115.52654857217327, 40.35871645780642], [115.52643084133251, 40.35871495757349], [115.52643280252829, 40.35862489500468], [115.52631507185295, 40.35862339465672], [115.52631703319645, 40.358533332091184], [115.52643476371526, 40.358534832434415], [115.52644064722304, 40.35826464471466], [115.52620518713358, 40.358261643936906], [115.52620911005405, 40.35808151880197], [115.52597365062617, 40.35807851756404], [115.52597757413743, 40.35789839244215], [115.52585984474986, 40.35789689165299], [115.52585788284208, 40.357986954209935], [115.52562242378039, 40.357983952262764], [115.52562046155067, 40.358074014808736], [115.52550273187656, 40.358072513650704], [115.52550469426279, 40.357982451109486], [115.52538696475408, 40.357980949836424], [115.52538500221128, 40.358071012372896], [115.52514954290731, 40.35806800945789], [115.52514758004257, 40.35815807198336], [115.52491212046091, 40.35815506857969], [115.52491015727422, 40.35824513109416], [115.52467469741488, 40.35824212720182], [115.52467273390624, 40.3583321897053], [115.52455500383331, 40.358330687574686], [115.52455304015926, 40.35842075007192], [115.52431757972688, 40.35841774544182], [115.52431561573088, 40.35850780792806], [115.52408015502084, 40.358504802809286], [115.52407819070288, 40.35859486528452], [115.5239604602046, 40.35859336254069], [115.52395849572122, 40.3586834250097], [115.52384076507526, 40.358681922141315], [115.52383880042646, 40.35877198460407], [115.52372106963283, 40.35877048161113], [115.5237191048186, 40.358860544067646], [115.52360137387726, 40.35885904095017], [115.52359940889765, 40.358949103400455], [115.52324621565712, 40.358944593314966]]]}}, {"type": "Feature", "properties": {"year": 2022, "water_area_km2": 0.0067}, "geometry": {"type": "Polygon", "coordinates": [[[115.46658251339426, 40.35460356615012], [115.46658455392833, 40.354513505991875], [115.46634911335806, 40.35451038359895], [115.46635115419593, 40.354420323449084], [115.46599799387909, 40.35441563897628], [115.46600003517725, 40.35432557883975], [115.46576459532504, 40.354322455268935], [115.46576663692699, 40.354232395140805], [115.4656489171712, 40.35423083318069], [115.46565095892043, 40.354140773055995], [115.46553323933037, 40.354139210981074], [115.46553732311423, 40.35395909073711], [115.4656550423913, 40.353960652802165], [115.46565708411292, 40.353870592673], [115.46577480324272, 40.353872154613335], [115.46577684479864, 40.35378209447774], [115.46589456378115, 40.35378365629337], [115.46589252238174, 40.35387371643392], [115.46648111821487, 40.35388152374034], [115.46647907758873, 40.3539715839041], [115.46659679693947, 40.35397314501104], [115.46659475646062, 40.35406320517824], [115.46671247597708, 40.354064766170346], [115.46671043564552, 40.35415482634101], [115.46694587501901, 40.35415794797582], [115.46694179495431, 40.354338068332396], [115.46705951496784, 40.35433962898004], [115.46705339527126, 40.354609809518536], [115.46658251339426, 40.35460356615012]]]}}, {"type": "Feature", "properties": {"year": 2022, "water_area_km2": 0.0057}, "geometry": {"type": "Polygon", "coordinates": [[[115.53403977146196, 40.35538834079951], [115.53404367313715, 40.35520821494138], [115.53392594800206, 40.35520672244447], [115.5339298499551, 40.35502659658984], [115.53369440033748, 40.35502361125556], [115.53370025414014, 40.35475342249082], [115.53381797847497, 40.354754915203685], [115.53381992956841, 40.354664852274404], [115.53393765375552, 40.354666344862764], [115.53393570281862, 40.35475640779676], [115.53428887590232, 40.35476088485733], [115.53428692542619, 40.35485094780401], [115.53440464996154, 40.354852439922695], [115.53440269963312, 40.3549425028726], [115.5345204243338, 40.354943994876244], [115.53452237450568, 40.3548539319216], [115.53499327277027, 40.35485989871945], [115.53499522230726, 40.35476983574445], [115.53511294673886, 40.35477132713974], [115.53511489611056, 40.35468126415852], [115.53523262039444, 40.354682755429316], [115.53522872195533, 40.35486288139969], [115.5351109973584, 40.35486139011946], [115.53510709857107, 40.35504151607446], [115.53487164877752, 40.35503853313577], [115.53486969905761, 40.35512859610161], [115.5347519740175, 40.355127104447874], [115.53475002413226, 40.355217167407496], [115.53463229894442, 40.355215675629275], [115.53462839883453, 40.35539580153462], [115.53403977146196, 40.35538834079951]]]}}, {"type": "Feature", "properties": {"year": 2022, "water_area_km2": 0.1081}, "geometry": {"type": "Polygon", "coordinates": [[[115.51197774110875, 40.357268647501435], [115.511979721435, 40.35717858549867], [115.51186199404472, 40.35717707048344], [115.51186397451858, 40.35708700848399], [115.5116285200779, 40.35708397810374], [115.51163050085589, 40.35699391611239], [115.51139504676406, 40.356990885262576], [115.51140098998357, 40.356720699308376], [115.51151871655541, 40.356722214778785], [115.51152069745419, 40.356632152786275], [115.51187387675378, 40.3566366984644], [115.51187585717402, 40.356546636456024], [115.512111309772, 40.3565496662996], [115.51210932966484, 40.35663972831757], [115.5123447826116, 40.3566427576916], [115.5123487421909, 40.356462633635], [115.51246646836464, 40.35646414813276], [115.51246844798436, 40.35637408609744], [115.51223299595891, 40.35637105699172], [115.51223695579768, 40.35619093293579], [115.5121192301114, 40.35618941821286], [115.51212319022751, 40.35600929416056], [115.51200546486321, 40.35600777932741], [115.51200942525665, 40.35582765527875], [115.51189170021433, 40.355826140335424], [115.5118936805542, 40.35573607831367], [115.51177595567734, 40.35573456325535], [115.51178387757348, 40.3553743151726], [115.51201932608392, 40.355377345131075], [115.51202130622258, 40.35528728309708], [115.51213903033468, 40.35528879789186], [115.51214101030789, 40.35519873585158], [115.51225873427238, 40.35520025052179], [115.51226071408014, 40.35511018847524], [115.51214299027215, 40.355108673809816], [115.51214695017391, 40.354928549721805], [115.5120292266879, 40.35492703494621], [115.5120351669431, 40.354656848817434], [115.51215288995955, 40.35465836357866], [115.51215486987024, 40.35456830152796], [115.51227259273912, 40.35456981616462], [115.51227457248437, 40.35447975410765], [115.51251001793591, 40.35448278301207], [115.51251793557547, 40.35412253473095], [115.51287110194156, 40.35412707713175], [115.51287308085958, 40.35403701504338], [115.51310852483525, 40.35404004270214], [115.51311050343135, 40.35394998060271], [115.51369911274413, 40.35395754762965], [115.51370109054874, 40.35386748550478], [115.5139365340233, 40.35387051146758], [115.51393851150596, 40.35378044933165], [115.51440939793606, 40.353786499800854], [115.51440742107943, 40.353876561955936], [115.51511375193114, 40.353885634095306], [115.51511572784871, 40.35379557191152], [115.515233449532, 40.35379708351076], [115.51523542528416, 40.353707021320695], [115.51558858991801, 40.35371155538546], [115.5155866146354, 40.353801617589866], [115.51570433635435, 40.35380312871004], [115.51570236121933, 40.35389319091775], [115.51629097073028, 40.35390074474589], [115.51629294508272, 40.353810682514265], [115.51652838863643, 40.35381370319756], [115.51653036266696, 40.3537236409549], [115.51664808430064, 40.353725151112116], [115.51664611042663, 40.35381521335955], [115.51688155403374, 40.353818233324226], [115.51687958046384, 40.35390829557973], [115.5171150244196, 40.35391131507486], [115.51711699767648, 40.3538212528098], [115.51699927585067, 40.35381974312689], [115.51700519603742, 40.35354955633708], [115.5171229173937, 40.35355106600565], [115.51712489061497, 40.35346100373463], [115.51724261182366, 40.35346251327866], [115.51724063875888, 40.35355257555445], [115.51735836013299, 40.35355408498348], [115.51736033304124, 40.35346402270291], [115.51747805426771, 40.3534655320074], [115.51748002701056, 40.353375469720554], [115.51759774808944, 40.35337697890049], [115.51759972066688, 40.35328691660738], [115.51771744159814, 40.353288425662775], [115.51772927593693, 40.35274805184429], [115.5182001559948, 40.35275408675355], [115.51820212772745, 40.352664024426176], [115.51831984760766, 40.352665532849294], [115.51831393285252, 40.352935719841305], [115.51819621250282, 40.35293421140386], [115.51819424074348, 40.35302427372678], [115.51807652024617, 40.353022765164795], [115.5180706044453, 40.35329295211032], [115.51795288348734, 40.35329144341424], [115.51795091137942, 40.35338150572168], [115.51783319027386, 40.35337999690105], [115.51783121800052, 40.35347005920221], [115.51771349674736, 40.35346855025705], [115.51771152430864, 40.353558612551936], [115.51759380290784, 40.35355710348223], [115.51758985769067, 40.35373722805803], [115.51747213598578, 40.35373571885899], [115.51746621762375, 40.35400590569719], [115.5173484954582, 40.35400439636406], [115.51734454952599, 40.354184520905875], [115.51722682705632, 40.3541830114434], [115.51722485392037, 40.35427307370731], [115.51710713130306, 40.35427156412029], [115.51710121137224, 40.35454175088874], [115.5169834882943, 40.35454024116761], [115.51697954131619, 40.35472036566293], [115.51686181793413, 40.35471885581247], [115.51685787060738, 40.354898980292276], [115.5167401469212, 40.354897470312494], [115.51673817308794, 40.35498753254538], [115.51685589693064, 40.35498904252995], [115.51684997584705, 40.35525922923405], [115.51708542449829, 40.35526224887253], [115.517083451099, 40.3553523111138], [115.5169657266124, 40.35535080134968], [115.51696177947404, 40.35553092581823], [115.5168440546833, 40.35552941592476], [115.51684208094424, 40.35561947815203], [115.51660663107643, 40.3556164579962], [115.51660465701542, 40.35570652021242], [115.51625148181088, 40.35570198906601], [115.5162495072714, 40.355792051266405], [115.51613178206449, 40.35579054063993], [115.51612783264575, 40.35597066502669], [115.51589238163257, 40.355967643395275], [115.5158904065968, 40.356057705576866], [115.51577268094702, 40.35605619457671], [115.51577070574581, 40.35614625675202], [115.51494662535136, 40.35613567636354], [115.51494860164829, 40.35604561422171], [115.51483087606985, 40.35604410226331], [115.51483285251439, 40.355954040124765], [115.5149505779363, 40.35595555207839], [115.5149525542154, 40.35586548993358], [115.51483482895, 40.35586397798474], [115.5148368053767, 40.35577391584323], [115.5149545304856, 40.355775427787286], [115.51495848299922, 40.35559530349023], [115.51507620780394, 40.355596815304935], [115.51507818389086, 40.355506753149385], [115.51519590854798, 40.355508264839536], [115.51519788446946, 40.35541820267771], [115.51531560897898, 40.355419714243304], [115.51531758473503, 40.35532965207521], [115.51519986038204, 40.35532814051441], [115.51520183628568, 40.35523807834963], [115.51496638791946, 40.35523505487827], [115.51496243547716, 40.35541517918723], [115.51472698652053, 40.35541215521762], [115.51472500997296, 40.355502217360296], [115.51460728535149, 40.35550070519105], [115.51460926205559, 40.355410643053155], [115.51437381315245, 40.35540761836487], [115.51437183613531, 40.3554976804932], [115.51413638695479, 40.35549465531624], [115.51413440961569, 40.3555847174335], [115.51389896015782, 40.35558169176785], [115.51389698249673, 40.35567175387405], [115.51377925762465, 40.355670240856774], [115.51377727979815, 40.355760302956696], [115.51389500482674, 40.355761815978745], [115.51389302714783, 40.35585187808197], [115.51353985161919, 40.35584733864207], [115.51353787346177, 40.35593740072944], [115.5133024228409, 40.35593437382769], [115.51330044436152, 40.356024435904], [115.513418169824, 40.356025949419546], [115.51341619149223, 40.35611601149915], [115.51353391712018, 40.3561175248997], [115.51352798254086, 40.35638771114395], [115.5132925303547, 40.35638468419431], [115.51328857329774, 40.35656480833055], [115.513170846905, 40.35656329466648], [115.51316886820659, 40.35665335672757], [115.5132865947559, 40.35665487039644], [115.51328461620508, 40.35674493246084], [115.51340234291983, 40.35674644601471], [115.51340036451666, 40.35683650808241], [115.51328263764537, 40.35683499452375], [115.51327868049918, 40.35701511864512], [115.51304322615727, 40.35701209114928], [115.51304124725773, 40.357102153198156], [115.51280579263846, 40.3570991252136], [115.5128038134169, 40.357189187251386], [115.51256835852028, 40.35718615877811], [115.51256637897671, 40.357276220804835], [115.51197774110875, 40.357268647501435]], [[115.51307686608406, 40.35548103609092], [115.51354776415961, 40.35548709027773], [115.5135497422724, 40.355397028182935], [115.51366746665708, 40.3553985414254], [115.51367142254287, 40.355218417221764], [115.51284735422888, 40.35520782207621], [115.51284537519479, 40.35529788414523], [115.51296309936941, 40.35529939810157], [115.51296112048291, 40.35538946017392], [115.51307884482296, 40.35539097401528], [115.51307686608406, 40.35548103609092]], [[115.51485064011405, 40.355143480811], [115.51496836412727, 40.35514499272157], [115.51497034032612, 40.35505493056336], [115.51485261646943, 40.3550534186576], [115.51485064011405, 40.355143480811]], [[115.51497034032612, 40.35505493056336], [115.51508806419174, 40.355056442349365], [115.51509004022518, 40.354966380184905], [115.51497231651608, 40.354964868403684], [115.51497034032612, 40.35505493056336]], [[115.51711699767648, 40.3538212528098], [115.51723471951118, 40.35382276237293], [115.51723669260265, 40.353732700101595], [115.51711897092446, 40.35373119054324], [115.51711699767648, 40.3538212528098]], [[115.51723669260265, 40.353732700101595], [115.51735441428977, 40.35373420954017], [115.51735638721581, 40.353644147262564], [115.51723866568521, 40.353642637828756], [115.51723669260265, 40.353732700101595]]]}}, {"type": "Feature", "properties": {"year": 2022, "water_area_km2": 0.0427}, "geometry": {"type": "Polygon", "coordinates": [[[115.52287751562686, 40.35425533053723], [115.52288341244338, 40.35398514304998], [115.52276569002575, 40.35398363923117], [115.52276765577004, 40.35389357673721], [115.52264993351777, 40.35389207280337], [115.52265583116696, 40.35362188532685], [115.5225381093931, 40.35362038128753], [115.52254400743202, 40.35335019381191], [115.52230856484995, 40.353347185402505], [115.52231053115821, 40.35325712291718], [115.522192810037, 40.353255618537574], [115.52219084357223, 40.353345681018155], [115.5219554010434, 40.35334267189011], [115.52195736782119, 40.35325260941907], [115.52160420456399, 40.35324809484304], [115.52161207346445, 40.35288784500117], [115.5214943530225, 40.352886339922], [115.5214923856542, 40.35297640237994], [115.5212569444839, 40.35297339185277], [115.52125104138668, 40.35324357918907], [115.52113332034533, 40.35324207373154], [115.52113135247201, 40.353332136169236], [115.52101363128301, 40.35333063058717], [115.52102937527314, 40.3526101310821], [115.5209116553451, 40.352608625418384], [115.5209077190878, 40.35278875029404], [115.52067227863229, 40.35278573858826], [115.52067424707838, 40.35269567616069], [115.52032108693122, 40.352691157718056], [115.52032305583793, 40.35260109530332], [115.52020533596314, 40.352599588921], [115.52019942874685, 40.352869776146456], [115.52008170841144, 40.35286826963008], [115.52008958530807, 40.352508020012216], [115.52032502473577, 40.35251103288709], [115.52032896250479, 40.35233090805016], [115.52044668191895, 40.35233241429841], [115.52044865063365, 40.35224235187296], [115.52068408917563, 40.352245364000616], [115.52068605756845, 40.35215530156414], [115.52080377669624, 40.352156807443556], [115.52080574492368, 40.35206674500084], [115.52057030698994, 40.35206373313177], [115.52057424404418, 40.35188360826092], [115.52045652540363, 40.35188210215627], [115.52045849407389, 40.351792039723385], [115.52057621255797, 40.351793545823256], [115.52057818106289, 40.35170348338412], [115.52081361774465, 40.35170649521506], [115.52081558592769, 40.35161643276491], [115.52105102233197, 40.351619444107264], [115.52105299019316, 40.35152938164609], [115.52128842631997, 40.35153239249987], [115.52128449121471, 40.35171251743978], [115.52116677283387, 40.35171101206325], [115.52116283738013, 40.351891136987696], [115.52139827477664, 40.35189414764006], [115.52140024219497, 40.35180408516906], [115.52151796075003, 40.35180559031083], [115.521519928003, 40.35171552783357], [115.52187308325198, 40.35172004252601], [115.52187505002657, 40.351629980032975], [115.52199276830413, 40.35163148468617], [115.52199080168603, 40.351721547183956], [115.5222262385808, 40.35172455614059], [115.52222427226681, 40.35181461864643], [115.52245970951004, 40.3518176271335], [115.52245774350018, 40.35190768964736], [115.522810899901, 40.351912201494045], [115.5228089343518, 40.3520022640207], [115.52269121538616, 40.35200076018682], [115.52268924967157, 40.35209082270724], [115.52292468792471, 40.35209383026476], [115.52292075709495, 40.35227395532016], [115.52315619600955, 40.352276962417655], [115.52315423089436, 40.35236702495265], [115.52327195052146, 40.3523685283265], [115.52326998555391, 40.35245859086477], [115.5233877053464, 40.35246009412362], [115.52338574052648, 40.352550156665146], [115.52350346048432, 40.35255165980898], [115.52349953113091, 40.35273178489711], [115.52361725141063, 40.3527332879307], [115.5236015348946, 40.35345378826178], [115.52348381336284, 40.353452285190144], [115.52348184860195, 40.35354234772008], [115.52336412692256, 40.35354084452393], [115.52336216199629, 40.3536309070476], [115.52324444016925, 40.35362940372691], [115.52323854486774, 40.35389959127481], [115.52312082258, 40.35389808782008], [115.52311885730526, 40.353988150328306], [115.52323657974951, 40.353989653787806], [115.52323068434161, 40.354259841317884], [115.52287751562686, 40.35425533053723]], [[115.5210431507985, 40.3519796939371], [115.52116086963996, 40.3519811994477], [115.52116283738013, 40.351891136987696], [115.5210451186952, 40.351889631481875], [115.5210431507985, 40.3519796939371]]]}}, {"type": "Feature", "properties": {"year": 2022, "water_area_km2": 0.4616}, "geometry": {"type": "Polygon", "coordinates": [[[115.5313105889381, 40.35634467376601], [115.53131449800746, 40.35616454815803], [115.53119677135317, 40.35616305285412], [115.53120068070032, 40.355982927249656], [115.53108295436792, 40.35598143183543], [115.53108490918478, 40.355891369035696], [115.53096718301774, 40.35588987350643], [115.53096522804434, 40.35597993630141], [115.53084750172955, 40.35597844064762], [115.53084554659078, 40.35606850343639], [115.5307278201283, 40.356067007658076], [115.53073173071007, 40.35588688208851], [115.53061400456946, 40.35588538619988], [115.53061791542902, 40.35570526063383], [115.53050018961031, 40.355703764634896], [115.53050214518338, 40.35561370185439], [115.53038441953001, 40.35561220574039], [115.53038637525079, 40.35552214296312], [115.53026864976277, 40.35552064673409], [115.53027060563126, 40.35543058396007], [115.53003515499474, 40.35542759115214], [115.53003906733134, 40.35524746561859], [115.52992134233939, 40.35524596904441], [115.52992329865097, 40.35515590628015], [115.53004102348643, 40.355157402849585], [115.53004493577009, 40.354977277307135], [115.53016266030131, 40.35497877374731], [115.53016461627338, 40.35488871096912], [115.53028234065691, 40.35489020728479], [115.53028820805065, 40.35462001892708], [115.53040593197342, 40.35462151510877], [115.53040788759716, 40.35453145231516], [115.5302901638309, 40.35452995613822], [115.53030385404574, 40.353899516574515], [115.53042157671636, 40.353901012718325], [115.53042353226955, 40.35381094991283], [115.53030580975543, 40.353809453773756], [115.53030776545629, 40.35371939097152], [115.53019004310751, 40.35371789471741], [115.53019786644882, 40.35335764351253], [115.53031558817155, 40.3533591397477], [115.53031949947625, 40.353179014126866], [115.53043722089478, 40.3531805102328], [115.53043917637737, 40.35309044741542], [115.53055689764822, 40.35309194339685], [115.53055494232214, 40.35318200621896], [115.5306726637583, 40.35318350208533], [115.53066875339267, 40.35336362773457], [115.53078647515069, 40.35336512349064], [115.53078061000562, 40.35363531196756], [115.53089833224199, 40.353636807618074], [115.5308944224142, 40.35381693327137], [115.53101214497242, 40.35381842881158], [115.53100823542242, 40.35399855446841], [115.53112595830248, 40.354000049898296], [115.53112400367077, 40.354090112729224], [115.53124172671617, 40.35409160804407], [115.53125149900399, 40.35364129385095], [115.53113377674119, 40.35363979855977], [115.53113768590764, 40.35345967288158], [115.53101996396666, 40.353458177480086], [115.53102973751102, 40.35300786328229], [115.53114745866947, 40.353009358660124], [115.53114550413473, 40.35309942150739], [115.53126322545847, 40.353100916770174], [115.53125736227092, 40.35337110531725], [115.531375084073, 40.353372600474465], [115.53137312981605, 40.35346266332526], [115.53149085178346, 40.35346415836743], [115.53149671405842, 40.35319396979643], [115.53161443556512, 40.35319546470464], [115.53161638948262, 40.35310540183993], [115.53196955358612, 40.353109885831756], [115.53197150702528, 40.35301982295138], [115.53208922825422, 40.35302131737105], [115.5320931347931, 40.35284119159637], [115.53185769297008, 40.35283820265618], [115.53185964653933, 40.35274813977608], [115.53174192579752, 40.35274664513106], [115.53174387951447, 40.352656582254205], [115.53150843837032, 40.35265359261432], [115.53151234640379, 40.352473466875054], [115.53115918569273, 40.35246898154536], [115.53116114016575, 40.3523789186877], [115.53104342010288, 40.35237742334299], [115.53104732933545, 40.352197297632685], [115.5309296095944, 40.35219580217767], [115.53093547384667, 40.35192561361526], [115.53081775458392, 40.35192411805468], [115.53081970947356, 40.35183405520231], [115.5309374285798, 40.35183555075815], [115.53094524742411, 40.35147529931487], [115.53106296591318, 40.351476794732015], [115.53106687496945, 40.351296668992], [115.53118459315435, 40.3512981642799], [115.53119045620313, 40.35102797564455], [115.53130817392736, 40.3510294707985], [115.53130621974309, 40.35111953368319], [115.5314239376326, 40.35112102872211], [115.53142589166042, 40.351030965832706], [115.53154360940228, 40.35103246074714], [115.53154751711843, 40.3508523349544], [115.53178295200262, 40.35085532440507], [115.53178099846191, 40.35094538731163], [115.53189871607371, 40.35094688186205], [115.53190066945793, 40.35085681895075], [115.53201838692203, 40.350858313376676], [115.53202034014095, 40.35076825045916], [115.53213805745737, 40.3507697447606], [115.53214001051097, 40.35067968183688], [115.53225772767972, 40.350681176013815], [115.53226944487737, 40.35014079841187], [115.53179858001094, 40.35013482109905], [115.53179662654074, 40.35022488401749], [115.53167891018964, 40.350223389385164], [115.5316828174342, 40.35004326355623], [115.53156510140494, 40.350041768813604], [115.53156705517047, 40.34995170590164], [115.53144933930648, 40.349950211043975], [115.53145129321972, 40.34986014813525], [115.53133357752101, 40.34985865316257], [115.53133748563397, 40.34967852735015], [115.53121977025707, 40.349677032267174], [115.53122367864775, 40.34949690645826], [115.53110596359261, 40.34949541126498], [115.53111768949192, 40.348955033831025], [115.53123540360818, 40.348956528995906], [115.53124322007221, 40.348596277324624], [115.53112550658184, 40.34859478217868], [115.5311274608323, 40.348504719261875], [115.53077432088351, 40.348500233119694], [115.5307782302968, 40.34832010731003], [115.53089594329128, 40.34832160280104], [115.53090180687568, 40.34805141406121], [115.53101951940957, 40.34805290941827], [115.53102147376357, 40.34796284649729], [115.53113918614982, 40.347964341729885], [115.53114114033856, 40.34787427880267], [115.53125885257715, 40.34787577391077], [115.53126080660061, 40.347785710977355], [115.53137851869154, 40.34778720596096], [115.53138047254971, 40.347697143021335], [115.53173360840601, 40.34770162723951], [115.53173556178596, 40.34761156428421], [115.53185327359921, 40.347613058779366], [115.5318552268139, 40.34752299581783], [115.5319729384795, 40.34752449018852], [115.5319748915289, 40.34743442722078], [115.53185718001978, 40.34743293285482], [115.5318610864051, 40.34725280692434], [115.5317433752177, 40.347251312448094], [115.53174728188071, 40.34707118652115], [115.53162957101505, 40.347069691934614], [115.5316315244898, 40.346979628973635], [115.53127839241512, 40.346975144509756], [115.53128034635041, 40.34688508156149], [115.53104492532427, 40.34688209132965], [115.5310468795637, 40.34679202838936], [115.53092916922031, 40.34679053309854], [115.53093307798564, 40.34661040722297], [115.5310507880161, 40.346611902504314], [115.53105274222911, 40.346521839559564], [115.53140587190403, 40.34652632467093], [115.53140977936481, 40.34634619874859], [115.53152748896117, 40.34634769353676], [115.53152944252187, 40.34625763056864], [115.53164715197057, 40.34625912523233], [115.53164519856634, 40.3463491882052], [115.5317629081803, 40.34635068275389], [115.53175900165826, 40.346530808704614], [115.53187671159398, 40.346532303143015], [115.53187280534961, 40.34671242909725], [115.53175509510099, 40.346710934649394], [115.53175314180913, 40.34680099761956], [115.53187085221421, 40.346802492072165], [115.53186889907, 40.34689255504556], [115.53175118850847, 40.346891060588234], [115.531749235199, 40.34698112355542], [115.5319846566438, 40.346984112359806], [115.53198660964036, 40.34689404938314], [115.53269287324744, 40.346903012893975], [115.53269482529642, 40.34681294988748], [115.53340108828169, 40.34682190905912], [115.53340303938312, 40.34673184602278], [115.5337561705252, 40.346736323977865], [115.53375812114844, 40.346646260925866], [115.53399354164088, 40.3466492456211], [115.5339954919424, 40.34655918255817], [115.53423091215713, 40.34656216676497], [115.53423286213693, 40.3464721036911], [115.53435057210105, 40.34647359561017], [115.53435252191558, 40.34638353253009], [115.53482336123409, 40.34638949899004], [115.53482531041404, 40.346299435889605], [115.53506072981313, 40.34630241839167], [115.53506267867134, 40.3462123552803], [115.53529809779269, 40.34621533729397], [115.53530004632921, 40.34612527417168], [115.5355354651728, 40.34612825569694], [115.53553741338763, 40.346038192563725], [115.53577283195345, 40.34604117360058], [115.53577477984656, 40.34595111045645], [115.53648103481618, 40.345960050664885], [115.53647908786176, 40.346050113837315], [115.53671450656813, 40.34605309295829], [115.53671255991789, 40.34614315613867], [115.53683026944069, 40.346144645524255], [115.53682637642675, 40.346324771889954], [115.53694408627123, 40.346326261165224], [115.53693824715383, 40.3465964507168], [115.53682053683995, 40.34659496142739], [115.53681859029346, 40.34668502460355], [115.53623003807347, 40.346677576336745], [115.53622809073589, 40.34676763948787], [115.53611038016177, 40.346766149470554], [115.53610843265896, 40.34685621261547], [115.53587301122418, 40.34685323221217], [115.53586911556633, 40.34703335847868], [115.53622224867048, 40.3470378289323], [115.5362241960344, 40.34694776578564], [115.53681275060131, 40.346955214123156], [115.53681080401972, 40.34704527729339], [115.53704622622088, 40.34704825579961], [115.53704427994342, 40.34713831897779], [115.53716199121362, 40.34713980805599], [115.53716004508387, 40.34722987123739], [115.53704233365718, 40.347228382154476], [115.53703844105836, 40.3474085085034], [115.53715615279796, 40.34740999759574], [115.53715420664184, 40.3475000607727], [115.53703649474579, 40.347498571675644], [115.53703260209427, 40.347678698015656], [115.53715031430329, 40.347680187122144], [115.53714642192963, 40.34786031346564], [115.53726413446034, 40.34786180246179], [115.53726218841682, 40.34795186563603], [115.5373799011128, 40.347953354517145], [115.53737795521695, 40.348043417694605], [115.53761338094817, 40.34804639510702], [115.53761532653108, 40.34795633192012], [115.53820389023033, 40.347963773331934], [115.5382058350221, 40.34787371012001], [115.5384412602503, 40.34787668583707], [115.53844320472037, 40.347786622614244], [115.53867862967067, 40.34778959784287], [115.53868057381902, 40.34769953460915], [115.53903371084085, 40.34770399653987], [115.53903565451103, 40.34761393329052], [115.53950650337035, 40.347619880836156], [115.53950456032604, 40.34770994410432], [115.54009312237973, 40.34771737586551], [115.540091180109, 40.3478074391557], [115.54032660530476, 40.34781041103133], [115.54032466333821, 40.34790047432944], [115.54044237610572, 40.347901960092344], [115.54044043428688, 40.347992023393665], [115.54055814721958, 40.347993509041515], [115.54055620554848, 40.34808357234607], [115.54067391864643, 40.34808505787886], [115.54067197712304, 40.34817512118664], [115.54078969038622, 40.348176606604376], [115.54078774901055, 40.348266669915354], [115.54090546243894, 40.348268155218044], [115.54090352121098, 40.34835821853225], [115.54208065754123, 40.34837306501981], [115.54208259720444, 40.34828300165861], [115.54243573780474, 40.34828745325561], [115.54243767698978, 40.348197389878855], [115.54255539038422, 40.348198873500316], [115.54255732940405, 40.348108810117395], [115.54302818244341, 40.34811474338695], [115.54303012082859, 40.34802467998374], [115.5432655470878, 40.34802764589062], [115.54326748515129, 40.34793758247654], [115.54420918928592, 40.34794944127645], [115.54420144198666, 40.34830969507397], [115.54408372831334, 40.34830821312435], [115.54408179131022, 40.348398276565334], [115.54396407748916, 40.34839679449127], [115.54396214032082, 40.34848685792607], [115.54372671239197, 40.3484838934093], [115.54372477490195, 40.34857395683324], [115.54348934669511, 40.34857099182807], [115.5434874088834, 40.34866105524114], [115.54325198039857, 40.348658089747566], [115.54325004226513, 40.348748153149764], [115.54313232787936, 40.34874667021866], [115.5431303895807, 40.34883673361467], [115.54265953149913, 40.34883080067391], [115.54265759256582, 40.34892086404968], [115.54218673399824, 40.34891492917405], [115.54218479443027, 40.34900499252955], [115.54183165012701, 40.349000540101315], [115.54182971008086, 40.349090603441226], [115.54135885050644, 40.349084665174864], [115.54135690982558, 40.3491747284945], [115.54088604976533, 40.34916878829325], [115.5408879910721, 40.34907872499242], [115.54053484658827, 40.34907426859814], [115.54053678835571, 40.34898420530992], [115.5403013590566, 40.34898123379103], [115.54030330112825, 40.34889117051072], [115.54018558664828, 40.348889684576356], [115.54018752886766, 40.348799621299264], [115.53995210024702, 40.348796649080654], [115.53995404277056, 40.3487065858115], [115.53983632862987, 40.34870509952727], [115.53983438594982, 40.34879516279172], [115.53971667166141, 40.34879367638304], [115.53971472881612, 40.34888373964131], [115.53959701437998, 40.34888225310815], [115.53959312835018, 40.34906237961083], [115.53947541360984, 40.349060892948515], [115.53947347042532, 40.34915095619292], [115.539238040658, 40.349147982499616], [115.53923609715174, 40.349238045733124], [115.53900066710652, 40.34923507155138], [115.53899872327851, 40.349325134773984], [115.5388810081126, 40.34932364749877], [115.53887906411936, 40.349413710715204], [115.53829048763878, 40.34940627251927], [115.53829243241442, 40.34931620932638], [115.5381747173011, 40.349314721332625], [115.53817666222446, 40.34922465814298], [115.5380589472764, 40.34922317003418], [115.53806089234746, 40.34913310684775], [115.53817860713905, 40.34913459495184], [115.53818055204488, 40.34904453175922], [115.53806283740975, 40.34904304365984], [115.53806672750802, 40.348862917279554], [115.53794901319466, 40.34886142906985], [115.5379509583871, 40.348771365882186], [115.53759781596906, 40.34876690054866], [115.53759587030719, 40.34885696372219], [115.53736044175943, 40.34885398622498], [115.5373584957758, 40.3489440493876], [115.53724078135862, 40.34894256045464], [115.53723883520975, 40.34903262361106], [115.53712112064485, 40.34903113455365], [115.5371113889864, 40.349481450289915], [115.5369936736479, 40.34947996108918], [115.5369917271334, 40.34957002422726], [115.53710944262839, 40.34957151343272], [115.53709971070658, 40.35002182912444], [115.53698199442915, 40.35002033989543], [115.53697615470125, 40.35029052927851], [115.53685843796315, 40.35028903991558], [115.53685454445431, 40.35046916615411], [115.53673682741203, 40.35046767666201], [115.53673293355509, 40.35064780288517], [115.53661521620857, 40.35064631326387], [115.53661132200355, 40.35082643947169], [115.53649360435283, 40.3508249497212], [115.5364877625099, 40.351095139007604], [115.53637004439852, 40.35109364912322], [115.53636809694349, 40.35118371221101], [115.53648581521139, 40.35118520210011], [115.53648386790407, 40.35127526519113], [115.53636614947965, 40.3512737752973], [115.53636030703551, 40.3515439645473], [115.5362425881504, 40.35154247451957], [115.53623479747587, 40.35190272681324], [115.53611707797354, 40.351901236646874], [115.53611318227055, 40.352081362775365], [115.53599546246403, 40.3520798724798], [115.53599156641289, 40.35225999859294], [115.53587384630215, 40.35225850816817], [115.53587189810689, 40.35234857121779], [115.53575417784842, 40.35234708066853], [115.53575222948787, 40.35243714371195], [115.53563450908167, 40.35243565303822], [115.53563256055584, 40.352525716075434], [115.53551484000194, 40.3525242252772], [115.53551289131079, 40.352614288308224], [115.53539517060918, 40.35261279738551], [115.53539322175274, 40.35270286041031], [115.5352755009034, 40.35270136936312], [115.53527355188169, 40.35279143238172], [115.5351558308846, 40.35278994121003], [115.53515388169758, 40.35288000422242], [115.53503616055282, 40.352878512926246], [115.53503421120048, 40.35296857593244], [115.534916489908, 40.35296708451177], [115.53491454039036, 40.35305714751176], [115.53479681895016, 40.35305565596661], [115.53479291957548, 40.35323578195268], [115.53467519783106, 40.35323429027831], [115.53466934823356, 40.35350447923213], [115.53455162602839, 40.353502987423816], [115.53454967598846, 40.353593050400725], [115.53443195363556, 40.353591558467926], [115.53443000343032, 40.35368162143863], [115.53431228092971, 40.35368012938134], [115.53431033055915, 40.353770192345834], [115.53419260791081, 40.35376870016403], [115.5341867562768, 40.35403888903447], [115.53395131006745, 40.354035904283215], [115.53394935919216, 40.35412596722761], [115.53383163594417, 40.354124474667586], [115.53382968490354, 40.35421453760578], [115.5335942381209, 40.35421155211697], [115.53359228675845, 40.35430161504422], [115.53347456322383, 40.35430012211543], [115.53347066015947, 40.354480247956026], [115.5333529363206, 40.35447875489801], [115.53335098461869, 40.35456881781135], [115.53299781268537, 40.35456433790446], [115.53299586050507, 40.35465440080214], [115.53264268818145, 40.35464991980307], [115.53264073552278, 40.35473998268509], [115.532523011276, 40.354738488774444], [115.53252105845202, 40.35482855165025], [115.53240333405752, 40.354827057615104], [115.53239747506315, 40.35509724621941], [115.5325151999272, 40.355098740268744], [115.53251324706801, 40.35518880313861], [115.53263097209741, 40.35519029707287], [115.5326290193859, 40.35528035994598], [115.53274674458063, 40.3552818537652], [115.53274479201687, 40.35537191664155], [115.53286251737694, 40.35537341034574], [115.53285861253599, 40.355553536103415], [115.53297633821795, 40.355555029697264], [115.53297243365485, 40.35573515545847], [115.53356106376192, 40.35574262167823], [115.5335571607289, 40.35592274748075], [115.53285080274846, 40.355913787600976], [115.53284689780183, 40.35609391334083], [115.5327291711895, 40.35609241959883], [115.53272721854646, 40.35618248246182], [115.53260949178642, 40.35618098859532], [115.53260753897801, 40.35627105145208], [115.53248981207025, 40.35626955746107], [115.53249176503518, 40.35617949460903], [115.53237403829274, 40.356178000502965], [115.5323759914054, 40.35608793765416], [115.53225826482834, 40.356086443433036], [115.5322602180887, 40.35599638058749], [115.53202476527403, 40.355993391795344], [115.53202671883868, 40.355903328957766], [115.53190899260109, 40.355901834386756], [115.53190703887991, 40.3559918972196], [115.53178931249462, 40.355990402524064], [115.53178540471278, 40.35617052817584], [115.53154995134248, 40.3561675384065], [115.53154799712529, 40.356257601220705], [115.53143027029684, 40.356256106151626], [115.53142831591428, 40.35634616895961], [115.5313105889381, 40.35634467376601]], [[115.53261925569626, 40.35573067428921], [115.53273698167364, 40.35573216813207], [115.53274283944427, 40.35546197951641], [115.53262511393646, 40.35546048568772], [115.5326270666656, 40.35537042281761], [115.53250934132312, 40.355368928873865], [115.53250348263977, 40.35563911746562], [115.53262120845181, 40.35564061142354], [115.53261925569626, 40.35573067428921]], [[115.53179712795252, 40.35563015120268], [115.53203257947969, 40.355633140436126], [115.53204234703846, 40.35518282620368], [115.5319246220531, 40.3551813316705], [115.53192852932798, 40.355001205976585], [115.53169308000982, 40.354998216569804], [115.53169112606373, 40.35508827940805], [115.53157340126135, 40.35508678452027], [115.53156753890065, 40.35535697301188], [115.53168526417261, 40.35535846791387], [115.53168331019126, 40.35544853074616], [115.53180103562859, 40.35545002553309], [115.53179712795252, 40.35563015120268]], [[115.53183034207537, 40.35409908282169], [115.53218351139668, 40.35410356625096], [115.53218741783398, 40.35392344050248], [115.53230514064568, 40.353924934729896], [115.53230904673472, 40.353744808966006], [115.53172043432957, 40.35373733667849], [115.53171457283504, 40.35400752525114], [115.531832295768, 40.35400901996238], [115.53183034207537, 40.35409908282169]], [[115.53517727136168, 40.35179924797564], [115.53529499063717, 40.35180073909541], [115.5352969395622, 40.35171067606048], [115.53517922044318, 40.35170918494543], [115.53517727136168, 40.35179924797564]], [[115.53459647451932, 40.35143153854488], [115.53483191173922, 40.351434521824565], [115.53483386125507, 40.351344458802565], [115.5349515797217, 40.351345950258036], [115.53495547841403, 40.35116582420015], [115.53507319657648, 40.35116731552642], [115.53507904407954, 40.35089712641429], [115.53531447949183, 40.35090010867921], [115.53531642832895, 40.35081004562943], [115.53543414589178, 40.350811536577545], [115.53543609456362, 40.35072147352155], [115.53567152940269, 40.35072445504904], [115.53567347775275, 40.35063439198211], [115.53602662960779, 40.35063886336099], [115.53603052534261, 40.35045873719441], [115.53614824233222, 40.35046022740507], [115.53615019002996, 40.350370164314846], [115.53626790687184, 40.35037165440104], [115.53626985440434, 40.35028159130461], [115.5361521377189, 40.35028010122313], [115.53615603307044, 40.35009997503523], [115.53627374944288, 40.35010146510729], [115.53628153941463, 40.3497412126948], [115.53604610793042, 40.34973823246869], [115.53604805571437, 40.34964816937129], [115.53593034014193, 40.34964667908331], [115.5359283922015, 40.349736742176], [115.53581067648138, 40.34973525176354], [115.53580678026118, 40.34991537793501], [115.53568906423686, 40.34991388739337], [115.5356871159571, 40.35000395047216], [115.53545168362187, 40.35000096902015], [115.53544194052638, 40.35045128434466], [115.53520650666144, 40.35044830236643], [115.53520260873574, 40.35062842846697], [115.53508489150346, 40.35062693728878], [115.53508294237096, 40.3507170003321], [115.53496522499097, 40.35071550902942], [115.53496327569317, 40.35080557206654], [115.5348455581655, 40.35080408063939], [115.53484165923054, 40.35098420669972], [115.53472394139865, 40.35098271514337], [115.53472004211554, 40.35116284118832], [115.53448460585219, 40.35115985769743], [115.53448265588445, 40.351249920708234], [115.53460037416822, 40.35125141251828], [115.53459647451932, 40.35143153854488]], [[115.53865141067298, 40.34905048295917], [115.53876912535195, 40.349051970459776], [115.5387710694666, 40.348961907242135], [115.53888878399785, 40.348963394618266], [115.53889655974281, 40.34860314171399], [115.53901427365695, 40.34860462895154], [115.53901816116384, 40.34842450248107], [115.5387827339703, 40.348421527905046], [115.53878078990829, 40.348511591131604], [115.53854536243686, 40.348508616067136], [115.53854341805311, 40.348598679282794], [115.53842570417409, 40.348597191566235], [115.53841987050079, 40.34886738119017], [115.53853758484925, 40.34886886892086], [115.53853564043041, 40.348958932130586], [115.53865335494413, 40.34896041974622], [115.53865141067298, 40.34905048295917]], [[115.53148060086038, 40.34850920432629], [115.53171602758984, 40.34851219377047], [115.53171993449955, 40.34833206788509], [115.53148450839599, 40.34832907845983], [115.53148060086038, 40.34850920432629]]]}}, {"type": "Feature", "properties": {"year": 2022, "water_area_km2": 0.064}, "geometry": {"type": "Polygon", "coordinates": [[[115.53969026857918, 40.34455921526262], [115.5396922111603, 40.3444691519378], [115.53957450439952, 40.34446766551543], [115.53957838984837, 40.344287538870745], [115.53946068340926, 40.344286052338056], [115.53947039766025, 40.34383573572389], [115.5393526920121, 40.34383424909498], [115.53936629269049, 40.34320380580574], [115.53948399724361, 40.34320529240173], [115.53948788275997, 40.34302516572488], [115.53984099553325, 40.34302962476618], [115.53984293780898, 40.342939561411434], [115.53996064192785, 40.342941047514365], [115.5399625840384, 40.342850984153415], [115.54019799198952, 40.34285395599069], [115.54019993377845, 40.342763892618855], [115.54055304530152, 40.3427683494627], [115.54055498661238, 40.34267828607527], [115.54067269031448, 40.34267977144573], [115.54067463146018, 40.34258970805211], [115.54055692791451, 40.34258822268636], [115.5405588692079, 40.34249815929597], [115.5404411658274, 40.34249667381519], [115.54044310726844, 40.34240661042801], [115.5405608104925, 40.34240809590409], [115.54056469303546, 40.34222796911587], [115.54162401963023, 40.34224133292824], [115.54162595948073, 40.34215126948963], [115.5423321766658, 40.34216017328197], [115.54233023775386, 40.342250236748775], [115.54244794080506, 40.34225172029982], [115.54244987956059, 40.342161656828324], [115.54280298829742, 40.342166106749], [115.54280105001119, 40.34225617023459], [115.54303645619231, 40.34225913625913], [115.5430383941657, 40.342169072764165], [115.54503934545711, 40.34219426455704], [115.54504128076249, 40.342104200980856], [115.54574749852927, 40.342113083912565], [115.54574556416244, 40.34220314751687], [115.54586326731055, 40.34220462759113], [115.54586133309144, 40.34229469119864], [115.54597903640467, 40.342296171157855], [115.54597323416426, 40.34256636198552], [115.54585553038173, 40.34256488201227], [115.5458535961277, 40.34265494561382], [115.54573589219747, 40.342653465516136], [115.54573395777831, 40.34274352911155], [115.5446746213909, 40.342730202802414], [115.54467655721797, 40.3426401392492], [115.54432344571526, 40.34263569500508], [115.54432538200288, 40.34254563146444], [115.54373686378855, 40.34253822201979], [115.5437349267188, 40.342628285536975], [115.54232248201862, 40.34261049060117], [115.54232054306294, 40.34270055406056], [115.54220283923833, 40.342699070366315], [115.54220090011746, 40.34278913381952], [115.54208319614517, 40.342787650000844], [115.54207543894859, 40.343147903780064], [115.54219314354661, 40.343149387617515], [115.54217569075047, 40.34395995857618], [115.54205798474449, 40.34395847469645], [115.54205410593626, 40.344138601550426], [115.54193639962617, 40.34413711754158], [115.54193446005247, 40.34422718096164], [115.54169904714563, 40.344224212575334], [115.54169710725031, 40.34431427598453], [115.54122628091585, 40.34430833775629], [115.54122434038601, 40.34439840114519], [115.54063580688266, 40.34439097564234], [115.54063386556184, 40.34448103900626], [115.54028074509557, 40.34447658225361], [115.54027880329666, 40.34456664560194], [115.53969026857918, 40.34455921526262]], [[115.5404139847333, 40.343757561079826], [115.54076710147126, 40.34376201736043], [115.54077098365117, 40.34358189059796], [115.5408886889351, 40.34358337577595], [115.5408906298555, 40.343493312387785], [115.54077292472796, 40.34349182721448], [115.54077486579604, 40.343401763829526], [115.54030404599929, 40.3433958219578], [115.5402982208916, 40.343666012051784], [115.54041592629696, 40.343667497713426], [115.5404139847333, 40.343757561079826]]]}}, {"type": "Feature", "properties": {"year": 2022, "water_area_km2": 0.0108}, "geometry": {"type": "Polygon", "coordinates": [[[115.53608030517209, 40.34271181648776], [115.5360822524273, 40.34262175327926], [115.53584684571591, 40.34261877307983], [115.53584879327518, 40.34252870987927], [115.53573109008909, 40.342527219604676], [115.53573303779602, 40.34243715640736], [115.53561533477514, 40.34243566601775], [115.53561728262973, 40.342345602823656], [115.53549957977405, 40.34234411231904], [115.53550347576967, 40.34216398593585], [115.53538577323565, 40.342162495320935], [115.53538772137671, 40.34207243213183], [115.5352700190079, 40.34207094140193], [115.53527391557651, 40.34189081502869], [115.5351562135293, 40.341889324188486], [115.53516400718675, 40.34152907144306], [115.53551711147763, 40.341533543547875], [115.53551905940076, 40.34144348034366], [115.53575446199243, 40.34144646113881], [115.53575251438214, 40.34153652435247], [115.53587021584755, 40.34153801457518], [115.53586826838489, 40.34162807779206], [115.53598597001553, 40.341629567899766], [115.53598402270049, 40.34171963111989], [115.53610172449635, 40.34172112111258], [115.53609977732897, 40.341811184335924], [115.53621747929002, 40.34181267421362], [115.53621553227026, 40.3419027374402], [115.53633323439652, 40.34190422720288], [115.53633128752442, 40.341994290432694], [115.5365666921161, 40.3419972696083], [115.53656474554806, 40.34208733284605], [115.5366824480135, 40.34208882225898], [115.53667466227925, 40.34244907521401], [115.53655695918813, 40.342447585782224], [115.53655306595546, 40.3426277122414], [115.53643536256024, 40.34262622268046], [115.53643341577433, 40.3427162859031], [115.53608030517209, 40.34271181648776]]]}}, {"type": "Feature", "properties": {"year": 2022, "water_area_km2": 0.0598}, "geometry": {"type": "Polygon", "coordinates": [[[115.53553269461669, 40.340813037872515], [115.53553464246951, 40.34072297465642], [115.5354169424382, 40.340721484117005], [115.53541889043869, 40.34063142090413], [115.53518349071521, 40.34062843947557], [115.53518543901973, 40.34053837627065], [115.53447924099873, 40.34052942914001], [115.53448119023294, 40.340439365961934], [115.53436349074994, 40.34043787435919], [115.53436544013177, 40.340347811184344], [115.53424774081397, 40.34034631946662], [115.53425163986405, 40.34016619312191], [115.53413394086786, 40.34016470129391], [115.53415148756557, 40.339354132711705], [115.53426918515409, 40.33935562449722], [115.53427113458679, 40.339265561309276], [115.5343888320277, 40.33926705297035], [115.53439078129522, 40.3391769897762], [115.53462617589061, 40.339179972729774], [115.53462812483653, 40.33908990952469], [115.534745821991, 40.33909140081718], [115.53474971954367, 40.33891127439314], [115.53486741639415, 40.338912765556486], [115.53486936500089, 40.33882270233751], [115.53498706170377, 40.33882419337642], [115.53498901014532, 40.338734130151245], [115.53510670670057, 40.33873562106572], [115.53511060324455, 40.338555494601486], [115.53522829949578, 40.33855698538682], [115.53523024759821, 40.338466922147745], [115.53546563981426, 40.338469903349846], [115.5354675875951, 40.338379840099854], [115.5355852835599, 40.33838133051662], [115.53558917878242, 40.33820120400276], [115.53570687444324, 40.33820269429039], [115.53570882188491, 40.338112631026505], [115.53582651739814, 40.338114121189705], [115.53582846467464, 40.338024057919625], [115.53594616004021, 40.3380255479584], [115.53594810715155, 40.33793548468212], [115.53606580236952, 40.337936974596474], [115.53606774931569, 40.337846911313996], [115.53618544438608, 40.33784840110392], [115.53618933793926, 40.337668274525065], [115.53630703270564, 40.33766976418586], [115.53631676565304, 40.33721944768919], [115.53643445964624, 40.3372209372067], [115.53643640605301, 40.33713087389818], [115.536671793753, 40.337133852564676], [115.5366737398382, 40.33704378924526], [115.53749759596988, 40.33705421077425], [115.53749565097938, 40.33714427412664], [115.53761334490395, 40.33714576244239], [115.53760945520938, 40.33732588915217], [115.53772714945552, 40.33732737735764], [115.53771353634298, 40.33795782082803], [115.53759584100212, 40.337956332589584], [115.53758222636499, 40.338586775954276], [115.53746452993813, 40.338585287563156], [115.53745869449288, 40.338855477540186], [115.53734099760561, 40.33885398901523], [115.53733905228323, 40.33894405233322], [115.53686826419633, 40.3389380970174], [115.53687021014429, 40.33884803371824], [115.5363994228234, 40.33884207650588], [115.53639747624983, 40.338932139786166], [115.53627977928517, 40.33893065017908], [115.5362758857989, 40.33911077672577], [115.5361581885302, 40.33910928698955], [115.53615429469599, 40.33928941352087], [115.53603659712329, 40.33928792365551], [115.53602491447153, 40.33982830318558], [115.53614261298269, 40.33982979307924], [115.53613871900798, 40.34000991958682], [115.5362564178407, 40.3400114093702], [115.53624863041158, 40.3403716623864], [115.53601323150359, 40.340368682662195], [115.53601128431156, 40.3404587459031], [115.53589358471433, 40.340457255856705], [115.53589163735705, 40.340547319091414], [115.53577393761222, 40.34054582892059], [115.53577199008976, 40.34063589214909], [115.53565429019727, 40.340634401853826], [115.5356503948132, 40.340814528296946], [115.53553269461669, 40.340813037872515]]]}}, {"type": "Feature", "properties": {"year": 2022, "water_area_km2": 0.0577}, "geometry": {"type": "Polygon", "coordinates": [[[115.54510514094343, 40.33913210213402], [115.54510707595203, 40.33904203850739], [115.54487168073581, 40.33903907689105], [115.54487555135249, 40.338858949652064], [115.54499324864344, 40.33886043051071], [115.54499518378226, 40.3387703668843], [115.54511288092553, 40.33877184761856], [115.54511481589925, 40.33868178398597], [115.54499711891236, 40.3386803032564], [115.54499905403377, 40.33859023962702], [115.54429287323426, 40.3385813527638], [115.54429480928532, 40.33849128916107], [115.54417711267233, 40.3384898076029], [115.54417904887106, 40.338399744003375], [115.54406135242323, 40.33839826233017], [115.544080715494, 40.33749762630018], [115.54419841037789, 40.337499107926476], [115.54421777101146, 40.33659847170119], [115.54433546434021, 40.336599953160885], [115.54433740019915, 40.33650988952551], [115.54610279883198, 40.33653209698629], [115.54611053279754, 40.33617184214877], [115.54622822548399, 40.336173321669804], [115.54623402539745, 40.33590313051204], [115.5463517176235, 40.335904609899316], [115.54635751698935, 40.33563441871416], [115.54647520875496, 40.335635897967684], [115.54648100757322, 40.33536570675513], [115.54683408151502, 40.33537014375538], [115.54681862157835, 40.33609065373821], [115.54693631416072, 40.33609213253634], [115.54692278735321, 40.3367225787262], [115.54704048103899, 40.336724057437394], [115.54702309020928, 40.33753463104535], [115.54714078531127, 40.337536109678965], [115.54713498868034, 40.33780630086895], [115.54725268426022, 40.33780777939689], [115.54724302381632, 40.33825809804061], [115.54712532745448, 40.338256619489286], [115.54712919197097, 40.338076492045595], [115.5470114959306, 40.338075013383914], [115.54701536072504, 40.33789488594368], [115.54689766500618, 40.33789340717164], [115.54690153007854, 40.3377132797348], [115.5467838346812, 40.337711800852425], [115.54678770003146, 40.33753167341903], [115.54643461483009, 40.337527236081726], [115.54643848108383, 40.33734710867048], [115.54632078634693, 40.337345629328], [115.54632271961711, 40.33725556562482], [115.54620502504531, 40.337254086167306], [115.54620115818346, 40.337434213562794], [115.54608346330761, 40.337432733976215], [115.54607959609808, 40.337612861356384], [115.54619729128672, 40.337614340952335], [115.5461934243551, 40.33779446833595], [115.54607572885367, 40.337792988730634], [115.54606606059001, 40.338243307140274], [115.5461837568734, 40.33824478676901], [115.54617988981971, 40.33842491413185], [115.54606219322349, 40.33842343449375], [115.5460583258221, 40.338603561841275], [115.54594062892183, 40.338602082074104], [115.54593869505166, 40.33869214574096], [115.5458209980037, 40.338690665849384], [115.54581906396841, 40.33878072951009], [115.54570136677278, 40.3387792494941], [115.54569943257233, 40.33886931314864], [115.54558173522905, 40.33886783300826], [115.5455778664892, 40.33904796030348], [115.54546016884183, 40.33904648003403], [115.54545823430243, 40.33913654367473], [115.54510514094343, 40.33913210213402]]]}}, {"type": "Feature", "properties": {"year": 2022, "water_area_km2": 0.0197}, "geometry": {"type": "Polygon", "coordinates": [[[115.57524507561493, 40.32788596432632], [115.57524696979327, 40.32779589933052], [115.57512929015817, 40.327794449582505], [115.5751311844843, 40.32770438458982], [115.57501350501408, 40.32770293472672], [115.57502866056615, 40.32698241476859], [115.5751463387858, 40.32698386459497], [115.57515012727575, 40.32680373458146], [115.5752678051913, 40.326805184278996], [115.57527159333445, 40.326625054250385], [115.57538927094596, 40.32662650381908], [115.57539116484838, 40.32653643879796], [115.5755088423121, 40.32653788824239], [115.57551073604971, 40.32644782321521], [115.57562841336565, 40.32644927253539], [115.57563030693836, 40.326359207502136], [115.57621869286464, 40.326366452285136], [115.57621680007348, 40.32645651734132], [115.57633447744067, 40.3264579659435], [115.57633258479726, 40.326548031002794], [115.57656793986986, 40.32655092785733], [115.57656604753056, 40.32664099292432], [115.57668372523595, 40.326642441176666], [115.57668183304443, 40.326732506246756], [115.57679951091471, 40.326733954384025], [115.57679761887096, 40.32682401945722], [115.5770329749497, 40.326826915381915], [115.57703108321009, 40.3269169804628], [115.57714876141857, 40.32691842825023], [115.57714686982672, 40.3270084933342], [115.57726454820006, 40.32700994100655], [115.57725887384224, 40.327280136263354], [115.57702351616618, 40.32727724077148], [115.57702162438389, 40.32736730584496], [115.57631555062258, 40.32735861646979], [115.57631365789383, 40.32744868151428], [115.57607829972903, 40.32744578408937], [115.57607640667909, 40.327535849123194], [115.5759587274532, 40.32753440022664], [115.5759568342384, 40.32762446525441], [115.57583915486471, 40.3276230162336], [115.57583726148505, 40.327713081255304], [115.57571958196357, 40.32771163211024], [115.57571768841905, 40.327801697125864], [115.5756000087498, 40.32780024785653], [115.57559811504042, 40.3278903128661], [115.57524507561493, 40.32788596432632]]]}}, {"type": "Feature", "properties": {"year": 2022, "water_area_km2": 0.0181}, "geometry": {"type": "Polygon", "coordinates": [[[115.57172228101261, 40.327482160250156], [115.57172417984641, 40.32739209538627], [115.57160650109321, 40.32739064206651], [115.57161029904773, 40.32721051234348], [115.57149262061574, 40.32720905891327], [115.57149641884862, 40.3270289291935], [115.57137874073784, 40.32702747565281], [115.57138253924909, 40.32684734593635], [115.5712648614595, 40.326845892285185], [115.57126866024912, 40.326665762571984], [115.57115098278071, 40.32666430881037], [115.5711585808824, 40.32630404938462], [115.57127625772556, 40.32630550312783], [115.57127815707325, 40.3262154382631], [115.57139583376865, 40.32621689188204], [115.57139773295148, 40.326126827011215], [115.57186843919352, 40.326132640271965], [115.57187033774254, 40.32604257538126], [115.57210569060233, 40.32604548128445], [115.57210758883018, 40.32595541638305], [115.5723429414116, 40.3259583217984], [115.57234483931825, 40.32586825688633], [115.5725801916213, 40.32587116181382], [115.57258208920679, 40.32578109689109], [115.5729351172566, 40.32578545337106], [115.57293322014004, 40.32587551830758], [115.57305089633006, 40.32587697023284], [115.57303951438884, 40.32641735984849], [115.57292183726094, 40.32641590789565], [115.57291804289945, 40.32659603774651], [115.5728003654675, 40.32659458566482], [115.57279846811761, 40.32668465058342], [115.5726807905379, 40.32668319837747], [115.57267889302315, 40.32677326328999], [115.57256121529568, 40.32677181095977], [115.57255931761604, 40.326861875866214], [115.57244163974083, 40.32686042341174], [115.57243974189632, 40.3269504883121], [115.57232206387333, 40.32694903573336], [115.572318267846, 40.32712916552046], [115.57220058951894, 40.32712771281285], [115.57219679314476, 40.32730784258482], [115.57207911451363, 40.327306389748344], [115.57207531779255, 40.327486519505214], [115.57172228101261, 40.327482160250156]]]}}, {"type": "Feature", "properties": {"year": 2022, "water_area_km2": 0.0149}, "geometry": {"type": "Polygon", "coordinates": [[[115.54660083225214, 40.329781752039324], [115.54661435873999, 40.32915130518086], [115.54649667823166, 40.32914982626441], [115.54650247563613, 40.32887963474542], [115.54662015567546, 40.32888111364783], [115.54663947822732, 40.32798047510799], [115.54652179975116, 40.327978996252384], [115.54652566446958, 40.32779886853597], [115.54664334263312, 40.327800347382215], [115.54664720700404, 40.327620219650505], [115.54676488486363, 40.327621698367714], [115.54676681687972, 40.32753163449495], [115.54688449459174, 40.32753311308782], [115.54688642644278, 40.32744304920891], [115.54700410400719, 40.327444527677414], [115.54700603569322, 40.327354463792325], [115.54712371311001, 40.3273559421365], [115.54712564463102, 40.32726587824525], [115.54724332190023, 40.32726735646508], [115.54724525325621, 40.32717729256767], [115.5473629303778, 40.327178770663146], [115.54736486156878, 40.327088706759575], [115.54748253854277, 40.32709018473072], [115.54748640058595, 40.32691005690978], [115.54760407725605, 40.326911534751886], [115.54761373143006, 40.326461215150154], [115.54773140732732, 40.326462692849226], [115.54773719925831, 40.32619250105635], [115.54785487469539, 40.32619397862173], [115.54785873562656, 40.32601385074304], [115.54797641075973, 40.32601532817941], [115.54797834105598, 40.325925264233156], [115.54809601604154, 40.325926741545196], [115.54809987629528, 40.3257466136389], [115.54821755097696, 40.32574809082191], [115.54822141088329, 40.32556796290034], [115.54833908526106, 40.325569439954336], [115.54834101504488, 40.32547937598665], [115.54845868927505, 40.32548085291633], [115.54846061889386, 40.325390788942485], [115.54857829297646, 40.32539226574783], [115.54858022243026, 40.325302201767805], [115.54869789636527, 40.325303678448826], [115.54869982565407, 40.32521361446266], [115.54893517323757, 40.325216567456366], [115.5489371022051, 40.32512650345938], [115.54905477585358, 40.32512797977207], [115.54905670465611, 40.325037915768924], [115.54917437815702, 40.32503939195728], [115.54917052085587, 40.32521951997145], [115.54905284704235, 40.32521804377374], [115.54904706055648, 40.325488235769846], [115.5489293862828, 40.325486759438455], [115.54892745728048, 40.325576823429515], [115.5488097828592, 40.3255753469738], [115.54880592451585, 40.32575547494211], [115.54868824979066, 40.3257539983574], [115.54868439109991, 40.325934126310436], [115.54856671607084, 40.325932649596716], [115.54856285703268, 40.32611277753446], [115.54844518169969, 40.32611130069173], [115.54844325201127, 40.32620136465371], [115.54832557653069, 40.326199887686634], [115.54832171681508, 40.3263800155968], [115.54820404103059, 40.32637853850071], [115.54820211100345, 40.32646860244889], [115.54808443507135, 40.32646712522846], [115.54808057467832, 40.32664725311103], [115.54796289844232, 40.326645775761584], [115.54796096807645, 40.32673583969595], [115.54784329169286, 40.32673436222219], [115.54783943062236, 40.326914490077144], [115.54772175393485, 40.32691301247434], [115.54771982323022, 40.32700307639492], [115.54760214639512, 40.32700159866779], [115.54759828464714, 40.32718172649512], [115.54748060750813, 40.32718024863896], [115.54747867646476, 40.327270312545735], [115.54736099917812, 40.327268834565245], [115.54735713675265, 40.327448962364976], [115.54723945916211, 40.327447484255444], [115.54723752778, 40.32753754814841], [115.54711985004185, 40.327536069914544], [115.54711791849472, 40.327626133801346], [115.547000240609, 40.32762465544314], [115.54699637717594, 40.32780478320292], [115.54687869898629, 40.32780330471569], [115.54687483520574, 40.32798343246018], [115.54675715671218, 40.32798195384392], [115.54673976786162, 40.32879252857859], [115.54685744776208, 40.32879400723698], [115.54683619548355, 40.32978470957874], [115.54660083225214, 40.329781752039324]]]}}, {"type": "Feature", "properties": {"year": 2022, "water_area_km2": 0.0138}, "geometry": {"type": "Polygon", "coordinates": [[[115.63425636710788, 40.32598529018462], [115.63425818272529, 40.32589522289461], [115.63402282414712, 40.32589244345151], [115.63402464006899, 40.325802376168824], [115.6339069609485, 40.325800986272164], [115.6339087770185, 40.32571091899241], [115.63379109806255, 40.32570952898047], [115.63379291428069, 40.325619461703646], [115.63367523548922, 40.32561807157644], [115.63368613356394, 40.32507766791091], [115.63380381141747, 40.32507905801172], [115.63380744373086, 40.32489892343593], [115.63392512127994, 40.32490031340827], [115.63392693726806, 40.32481024611377], [115.63427996949554, 40.324814415299564], [115.63428178500651, 40.324724347990404], [115.63463481683871, 40.32472851608598], [115.63463663187255, 40.324638448762144], [115.63487198615567, 40.32464122688539], [115.63487380086868, 40.32455115955129], [115.63499147786621, 40.32455254842901], [115.63496788799073, 40.325723423714564], [115.63508556702857, 40.32572481252977], [115.6350837525218, 40.325814879853496], [115.63496607332762, 40.32581349103389], [115.63496425865634, 40.325903558351754], [115.63484657931403, 40.32590216940808], [115.63484476447823, 40.325992236720076], [115.63425636710788, 40.32598529018462]]]}}, {"type": "Feature", "properties": {"year": 2022, "water_area_km2": 0.01}, "geometry": {"type": "Polygon", "coordinates": [[[115.55048420234395, 40.324335109605045], [115.55048612919273, 40.32424504553251], [115.55072147359866, 40.32424799483381], [115.55072340012615, 40.324157930750445], [115.55084107218585, 40.32415940521695], [115.55084299854838, 40.32406934112744], [115.55096067046048, 40.324070815469625], [115.55096259665804, 40.32398075137396], [115.5513156119776, 40.32398517366862], [115.55131753769761, 40.32389510955746], [115.55155288097484, 40.323898057146316], [115.55155480637362, 40.32380799302435], [115.55167247786896, 40.32380946663464], [115.55167440310272, 40.32371940250654], [115.5517920744505, 40.32372087599251], [115.5517939995193, 40.323630811858244], [115.55191167071945, 40.3236322852199], [115.5519135956233, 40.32354222107949], [115.55203126667585, 40.32354369431684], [115.55203511614495, 40.32336356602226], [115.55227045765096, 40.32336651211933], [115.55227238205993, 40.323276447960495], [115.55239005266965, 40.32327792082489], [115.55239197691365, 40.323187856659914], [115.55250964737581, 40.32318932940001], [115.55251157145483, 40.323099265228876], [115.55274691209259, 40.32310221034079], [115.5527488358504, 40.32301214615887], [115.55286650602599, 40.32301361853068], [115.55286842961885, 40.32292355434261], [115.55298609964684, 40.32292502659012], [115.55298802307475, 40.322834962395895], [115.55322336284422, 40.322837906522665], [115.55322528595089, 40.32274784231764], [115.55334295569236, 40.3227493141969], [115.55334487863406, 40.32265924998574], [115.55358021783046, 40.32266219337599], [115.55358214045096, 40.32257212915401], [115.5536998099059, 40.32257360066502], [115.55369596496878, 40.322753729116776], [115.55357829520129, 40.322752257596456], [115.55357444991697, 40.322932386032974], [115.55345677984559, 40.3229309143837], [115.55345485703413, 40.32302097859507], [115.55333718681514, 40.323019506821495], [115.55333334085367, 40.32319963523047], [115.5532156703308, 40.32319816332792], [115.55321374718076, 40.32328822752552], [115.5530960765103, 40.32328675549867], [115.55309415319532, 40.32337681969014], [115.55297648237722, 40.32337534753897], [115.55297455889729, 40.32346541172429], [115.5527392169746, 40.32346246705369], [115.5527372931734, 40.32355253122821], [115.55250195097283, 40.32354958606968], [115.5525000268504, 40.323639650233396], [115.55238235560684, 40.32363817747], [115.55238043131946, 40.32372824162757], [115.5522627599283, 40.32372676873985], [115.55226083547593, 40.32381683289128], [115.55214316393717, 40.323815359879255], [115.55214123931985, 40.32390542402453], [115.5519058959558, 40.323902477632195], [115.55190397101723, 40.32399254176667], [115.55166862737532, 40.3239895948864], [115.5516667021155, 40.32407965901007], [115.55143135819574, 40.32407671164186], [115.55142943261465, 40.3241667757547], [115.55119408841708, 40.32416382789855], [115.55119216251474, 40.3242538920006], [115.55083914581463, 40.32424946930498], [115.55083721943473, 40.32433953339153], [115.55048420234395, 40.324335109605045]]]}}, {"type": "Feature", "properties": {"year": 2022, "water_area_km2": 0.0133}, "geometry": {"type": "Polygon", "coordinates": [[[115.5697958925189, 40.323944909723615], [115.56979779367566, 40.32385484488021], [115.56968012116404, 40.32385338970573], [115.56968202246853, 40.323763324865446], [115.5695643501218, 40.32376186957591], [115.56956625157399, 40.32367180473876], [115.5694485793921, 40.323670349334186], [115.56945238258338, 40.32349021966465], [115.56933471072266, 40.32348876414964], [115.56934802271593, 40.32285831029186], [115.56946569348268, 40.32285976577464], [115.5694675950054, 40.32276970092728], [115.56970293625204, 40.322772611524655], [115.56970483745364, 40.3226825466666], [115.57017551942467, 40.32268836640712], [115.57017741999258, 40.32259830152917], [115.57053043109202, 40.32260266506444], [115.57052853099296, 40.3226927299562], [115.57064620153287, 40.32269418423326], [115.57064430158151, 40.322784249128155], [115.57076197228628, 40.32278570329016], [115.57075057333597, 40.323326092656], [115.57063290169353, 40.32332463846638], [115.5706310016822, 40.323414703350906], [115.57051332989202, 40.32341324903701], [115.57051142971584, 40.32350331391545], [115.57039375777795, 40.323501859477304], [115.5703899570873, 40.32368198922053], [115.57027228484539, 40.32368053465351], [115.5702684838079, 40.323860664381606], [115.57015081126197, 40.32385920968574], [115.57014891057406, 40.32394927454296], [115.5697958925189, 40.323944909723615]]]}}, {"type": "Feature", "properties": {"year": 2022, "water_area_km2": 0.1056}, "geometry": {"type": "Polygon", "coordinates": [[[115.57808262597715, 40.32729026671525], [115.57808451634403, 40.32720020159907], [115.5778491588612, 40.32719730779176], [115.5778529401947, 40.32701717757325], [115.5777352617787, 40.32701573049926], [115.57774093418392, 40.32674553517416], [115.57750557831544, 40.32674264069465], [115.57750746941275, 40.32665257559247], [115.57762514718641, 40.326654022887496], [115.57762703811889, 40.32656395777927], [115.57774471574477, 40.32656540495003], [115.57774660651239, 40.32647533983574], [115.5778642839905, 40.32647678688226], [115.57786806518756, 40.326296656640096], [115.57798574236155, 40.3262981035578], [115.57798763279096, 40.32620803842991], [115.57786995577328, 40.326206591516794], [115.5778718463505, 40.326116526392006], [115.57798952321185, 40.326117973300526], [115.5779933040281, 40.32593784303735], [115.57787562747933, 40.32593639613799], [115.57787751803097, 40.32584633100875], [115.57493561099291, 40.32581011974814], [115.57493371653355, 40.325900184762745], [115.57434533498487, 40.325892933512904], [115.57434723022575, 40.32580286852126], [115.57422955409795, 40.32580141791687], [115.5742314494866, 40.32571135292835], [115.57411377352366, 40.325709902208914], [115.57411566906006, 40.32561983722347], [115.57399799326197, 40.32561838638895], [115.57399988894612, 40.32552832140664], [115.57411756458791, 40.32552977223656], [115.5741194601072, 40.32543970724816], [115.57423713560122, 40.325441157953826], [115.57423903095565, 40.32535109295936], [115.57518043396507, 40.32536269426012], [115.57518232806052, 40.32527262922745], [115.5755353538611, 40.325276977727064], [115.57553724747913, 40.325186912679136], [115.57589027288766, 40.32519126008804], [115.57589216602824, 40.32510119502488], [115.57624519104469, 40.32510554134306], [115.57624708370783, 40.325015476264674], [115.57660010833222, 40.325019821492155], [115.57660200051791, 40.32492975639853], [115.57683734999758, 40.324932652609384], [115.5768392418621, 40.324842587505124], [115.57707459106331, 40.32484548322817], [115.57707648260671, 40.324755418113234], [115.57719415706381, 40.324756865790675], [115.57719604844239, 40.324666800669696], [115.57731372275171, 40.32466824822292], [115.5773231787352, 40.32421792257286], [115.57720550520737, 40.32421647504256], [115.57720928785365, 40.32403634478135], [115.57709161464693, 40.32403489714056], [115.5770953975717, 40.32385476688258], [115.57697772468609, 40.32385331913129], [115.57697961629196, 40.32376325400468], [115.57674427085895, 40.323760358152306], [115.57674616276887, 40.32367029303337], [115.57592245511617, 40.323660153813044], [115.57592434811161, 40.32357008872472], [115.5755713311431, 40.32356574156353], [115.57557322459886, 40.323475676487476], [115.57486719183014, 40.32346697896196], [115.57486908621509, 40.32337691391196], [115.57439839849862, 40.323371113186894], [115.57440029350019, 40.323281048153774], [115.57416495000582, 40.32327814708251], [115.57416684531141, 40.32318808205711], [115.57404917373331, 40.32318663134659], [115.57405296463142, 40.32300650130051], [115.5744059784536, 40.32301085304557], [115.57440787342095, 40.322920788006535], [115.57487855801169, 40.32292658863979], [115.57487666366946, 40.32301665369718], [115.57534734902202, 40.323022452434365], [115.57534545529639, 40.32311251750863], [115.57569846986935, 40.323116865318944], [115.57569657660405, 40.323206930405505], [115.57581424830173, 40.323208379440885], [115.57581235518415, 40.32329844453054], [115.5761653707973, 40.323302790932544], [115.576167263446, 40.32321272582912], [115.57663795042454, 40.32321851933831], [115.57663984243955, 40.323128454215066], [115.57699285729419, 40.32313279807685], [115.57699474883181, 40.32304273293838], [115.57711242031083, 40.323044180648424], [115.57711052892948, 40.32313424579147], [115.57781655892025, 40.32314292956651], [115.57781844936386, 40.32305286439597], [115.57805379244975, 40.32305575802126], [115.57805568257228, 40.3229656928401], [115.57817335397174, 40.32296713946869], [115.57817524392944, 40.32287707428144], [115.57864592898733, 40.32288285958098], [115.57864781831135, 40.32279279437395], [115.57876548944084, 40.322794240395126], [115.57876737860008, 40.322704175182025], [115.5788850495818, 40.32270562107898], [115.57888693857622, 40.32261555585984], [115.57900460941019, 40.32261700163256], [115.57900649823982, 40.32252693640736], [115.57924183962072, 40.32252982758468], [115.57924372812928, 40.32243976234886], [115.57947906923168, 40.32244265303844], [115.57947151639667, 40.322802914009486], [115.57935384521608, 40.322801468706224], [115.57935195682974, 40.32289153394072], [115.57923428550139, 40.32289008851322], [115.57923239695025, 40.32298015374166], [115.57852636822122, 40.32297147863655], [115.57852447872384, 40.323061543836026], [115.57840680714254, 40.32306009756182], [115.57840302780966, 40.32324022794722], [115.5782853559243, 40.323238781544184], [115.5782796863922, 40.32350897709743], [115.57839735874643, 40.32351042351419], [115.57839168960648, 40.32378061906784], [115.5785093624381, 40.32378206537868], [115.57850369369035, 40.32405226093275], [115.57862136699934, 40.32405370713767], [115.57861380917488, 40.32441396787401], [115.57873148311761, 40.32441541397758], [115.57872581512866, 40.32468560952803], [115.57884348954883, 40.324687055525665], [115.57883971115953, 40.3248671858944], [115.57895738590081, 40.324868631781534], [115.57895360779003, 40.32504876215348], [115.57907128285242, 40.32505020793012], [115.57906750502016, 40.325230338305296], [115.5791851804037, 40.32523178397141], [115.5791832916311, 40.32532184916137], [115.57930096717945, 40.3253232947124], [115.5792971899213, 40.325503425097], [115.57941486579075, 40.325504870537515], [115.57941297730522, 40.325594935732184], [115.57953065333953, 40.325596381057615], [115.57952876500177, 40.32568644625537], [115.57964644120091, 40.325687891465705], [115.57964455301094, 40.32577795666656], [115.57976222937488, 40.32577940176182], [115.57976034133273, 40.32586946696576], [115.5798780178615, 40.325870911945934], [115.57987424206422, 40.32605104235852], [115.57999191891413, 40.326052487228175], [115.57999003115906, 40.32614255243682], [115.58010770817378, 40.326143997191366], [115.58010393295069, 40.32632412761339], [115.58022161028656, 40.326325572257424], [115.58021028535082, 40.32686596351534], [115.58009260707708, 40.32686451884386], [115.58009071940168, 40.326954584043776], [115.57985536256707, 40.32695169433267], [115.5798534745705, 40.32704175952194], [115.57950043891351, 40.32703742404405], [115.5794985504395, 40.32712748921812], [115.57914551439018, 40.32712315264948], [115.57914362543868, 40.32721321780835], [115.57843755263221, 40.32720454141253], [115.57843566273428, 40.327294606542445], [115.57808262597715, 40.32729026671525]]]}}, {"type": "Feature", "properties": {"year": 2022, "water_area_km2": 0.0383}, "geometry": {"type": "Polygon", "coordinates": [[[115.58053621782456, 40.32254572050503], [115.58054565168662, 40.32209539405953], [115.58042798167968, 40.322093949869696], [115.58042986858284, 40.32200388458072], [115.58054753843352, 40.32200532876598], [115.58055131190176, 40.321825198174466], [115.5806689814484, 40.32182664223093], [115.58067086801346, 40.32173657692838], [115.58090620681969, 40.32173946467323], [115.58090809306371, 40.32164939936006], [115.5810257623233, 40.32165084304845], [115.58102953447327, 40.32147071240851], [115.58114720342883, 40.32147215596812], [115.58114908933479, 40.32138209064136], [115.58126675814256, 40.321383534076745], [115.58126864388372, 40.32129346874395], [115.58138631254374, 40.32129491205512], [115.58138819812014, 40.32120484671628], [115.58150586663236, 40.32120628990323], [115.58150775204398, 40.321116224558324], [115.58162542040847, 40.32111766762106], [115.5816273056553, 40.32102760227012], [115.58174497387199, 40.321029045208654], [115.58174685895405, 40.32093897985167], [115.58198219510042, 40.32094186536066], [115.58198407986146, 40.320851799993044], [115.5821017477911, 40.32085324256351], [115.58210363238736, 40.32076317718985], [115.58233896795964, 40.32076606196273], [115.58234085223485, 40.32067599657846], [115.58245851987748, 40.32067743878087], [115.58246040398792, 40.32058737339054], [115.58257807148277, 40.32058881546874], [115.58257995542843, 40.32049875007238], [115.58269762277553, 40.320500192026365], [115.58269950655644, 40.320410126623976], [115.5830525081798, 40.32041445175439], [115.58305439148343, 40.32032438633682], [115.58340739271446, 40.32032871037677], [115.5834092755408, 40.320238644944034], [115.58364460942475, 40.32024152703001], [115.58364649193003, 40.32015146158666], [115.58376415872848, 40.32015290244563], [115.58376604106904, 40.320062836996236], [115.58388370771969, 40.320064277731], [115.5838855898955, 40.31997421227558], [115.58400325639839, 40.31997565288614], [115.58400513840941, 40.319885587424686], [115.58412280476453, 40.31988702791104], [115.58412656844862, 40.31970689697455], [115.5842442344997, 40.31970833733216], [115.58424611617275, 40.31961827185714], [115.58448144798784, 40.3196211522043], [115.58448332933988, 40.31953108671869], [115.58483632665737, 40.31953540632847], [115.58483444577409, 40.319625471827756], [115.58506977767402, 40.31962835097852], [115.5850660165071, 40.31980848199089], [115.58518368278231, 40.31980992139593], [115.58518180234239, 40.31989998690446], [115.58506413591091, 40.31989854749486], [115.5850603746931, 40.32007867849834], [115.5849427079576, 40.320077238959996], [115.58494082717971, 40.320167304454976], [115.58470549342158, 40.320164425010226], [115.58469796897505, 40.320524686938846], [115.58458030148364, 40.320523247018784], [115.58457653889694, 40.32070337796511], [115.58445887110146, 40.32070193791628], [115.58445698963912, 40.32079200338267], [115.58422165376112, 40.32078912291698], [115.58421977197774, 40.32087918837276], [115.58398443582114, 40.32087630741937], [115.58398255371674, 40.320966372864554], [115.58374721728154, 40.32096349142346], [115.5837453348561, 40.32105355685805], [115.58362766649496, 40.32105211595347], [115.58362578390476, 40.321142181382015], [115.58327277840348, 40.32113785793675], [115.58327089533599, 40.32122792335013], [115.58280022082806, 40.32122215706316], [115.58279833712697, 40.3213122224568], [115.58268066836496, 40.32131078058137], [115.5826787844991, 40.321400845968974], [115.5825611155893, 40.32139940396935], [115.58255923155866, 40.321489469350894], [115.58244156250109, 40.32148802722705], [115.58243967830566, 40.321578092602564], [115.58232200910031, 40.32157665035451], [115.58232012474011, 40.32166671572398], [115.582202455387, 40.32166527335171], [115.58220057086201, 40.321755338715136], [115.58208290136113, 40.32175389621865], [115.58208101667137, 40.32184396157602], [115.58196334702271, 40.32184251895534], [115.58196146216817, 40.321932584306666], [115.58184379237171, 40.32193114156175], [115.5818419073524, 40.32202120690703], [115.58160656747243, 40.32201832104913], [115.58160468213205, 40.32210838638382], [115.58136934197353, 40.32210550003817], [115.5813674563121, 40.32219556536223], [115.58124978608932, 40.32219412200537], [115.58124790026311, 40.32228418732336], [115.58113022989252, 40.322282743842294], [115.58112834390154, 40.322372809154245], [115.5810106733832, 40.322371365548946], [115.58100878722742, 40.32246143085485], [115.58077344590367, 40.32245854327617], [115.58077155942681, 40.32254860857146], [115.58053621782456, 40.32254572050503]]]}}, {"type": "Feature", "properties": {"year": 2022, "water_area_km2": 0.0423}, "geometry": {"type": "Polygon", "coordinates": [[[115.77390637324298, 40.323315793487595], [115.77390800308596, 40.323225721178375], [115.77320191622891, 40.32321823422096], [115.77320354700258, 40.32312816193397], [115.77273282320364, 40.32312316825118], [115.77273445459531, 40.323033095978545], [115.77226373153945, 40.32302810039665], [115.77226536354908, 40.32293802813836], [115.772030002378, 40.322935529637235], [115.77203163469294, 40.322845457385405], [115.77191395427478, 40.32284420795927], [115.77191558673869, 40.322754135709914], [115.77179790648422, 40.32275288616806], [115.77179953909712, 40.32266281392122], [115.77168185900632, 40.32266156426364], [115.77168349176819, 40.322571492019286], [115.77156581184111, 40.32257024224598], [115.77156744475194, 40.32248017000412], [115.77168512452268, 40.32248141977347], [115.77168675726979, 40.32239134752619], [115.77156907765537, 40.3223900977608], [115.7715723434402, 40.32220995326977], [115.77169002274195, 40.32221120302725], [115.77169165546697, 40.322121130775585], [115.77204469294743, 40.32212487931809], [115.77204632519611, 40.32203480705311], [115.77216400421467, 40.32203605632396], [115.77216563629968, 40.321945984053556], [115.77228331516925, 40.321947233200774], [115.77228494709055, 40.32185716092495], [115.77252030453917, 40.32185965885247], [115.77252193614046, 40.321769586567264], [115.77263961471947, 40.32177083534756], [115.77264124615708, 40.321680763056946], [115.77287660302451, 40.32168326025059], [115.77287986525235, 40.32150311564918], [115.77299754338448, 40.32150436405858], [115.77299917433103, 40.32141429175173], [115.77323453030466, 40.3214167882036], [115.77323289967076, 40.321506860518355], [115.77335057782491, 40.32150810856873], [115.77334894733997, 40.32159818088597], [115.77358430398304, 40.32160067663559], [115.7735826738034, 40.32169074895928], [115.77381803078852, 40.3216932442381], [115.77381640091416, 40.32178331656821], [115.77405175824134, 40.32178581137622], [115.7740501286723, 40.32187588371278], [115.77428548634151, 40.32187837804998], [115.77428385707778, 40.32196845039296], [115.77451921508906, 40.321970944259355], [115.77451758613063, 40.32206101660877], [115.77463526530362, 40.3220622633664], [115.77463363649416, 40.32215233571831], [115.77533971262432, 40.322159813774476], [115.77533808474548, 40.32224988614859], [115.77545576428255, 40.322251132076346], [115.77545088107102, 40.322521349201786], [115.77533320106497, 40.322520103262185], [115.77533157315678, 40.32261017563046], [115.77544925331917, 40.32261142157401], [115.77544599779344, 40.32279156631406], [115.77497527593727, 40.32278658179025], [115.77497364753805, 40.32287665414232], [115.77473828634137, 40.32287416115443], [115.77473665762211, 40.322964233497125], [115.77485433837313, 40.32296548005486], [115.77485270980289, 40.32305555240004], [115.77497039071757, 40.32305679884203], [115.7749671338677, 40.32323694353591], [115.77473177142033, 40.32323445051646], [115.77473340016161, 40.32314437817815], [115.77461571910527, 40.32314313149285], [115.77461409020768, 40.32323320382721], [115.77402568425454, 40.32322696858572], [115.77402405456789, 40.32331704089889], [115.77390637324298, 40.323315793487595]]]}}, {"type": "Feature", "properties": {"year": 2022, "water_area_km2": 0.0148}, "geometry": {"type": "Polygon", "coordinates": [[[115.59000425928498, 40.32004896538092], [115.5900061333265, 40.319958899687386], [115.59024146690906, 40.319961768337116], [115.5902433406296, 40.31987170263303], [115.59036100727728, 40.31987313677389], [115.59036288083311, 40.319783071063775], [115.59048054733297, 40.319784505080456], [115.59048242072409, 40.31969443936433], [115.59083541980561, 40.31969874068292], [115.59083729271948, 40.31960867495171], [115.59107262517021, 40.31961154189015], [115.5910744977631, 40.319521476148374], [115.59178049438036, 40.319530074065135], [115.59177862272502, 40.31962013983413], [115.59260228692305, 40.31963016532515], [115.59260415748453, 40.319540099524424], [115.59319248852631, 40.31954725697757], [115.59319435829805, 40.319457191152715], [115.59354735655553, 40.31946148417533], [115.59354922585004, 40.31937141833539], [115.59378455775132, 40.319374279743215], [115.59378829568999, 40.3191941480408], [115.59390596134075, 40.3191955785562], [115.59390783014118, 40.31910551269826], [115.59426082667525, 40.31910980351302], [115.59425522165503, 40.319380001123186], [115.59413755566645, 40.31937857095765], [115.59413568715327, 40.31946863682023], [115.59401802101686, 40.31946720653053], [115.594016152339, 40.319557272387094], [115.59389848605474, 40.31955584197323], [115.59389661721218, 40.31964590782379], [115.59366128435646, 40.31964304662807], [115.59365941519292, 40.3197331124681], [115.59342408205838, 40.319730250784765], [115.59341847357962, 40.320000448268786], [115.59318313954121, 40.31999758607971], [115.5931812697189, 40.3200876518957], [115.59271060111821, 40.32008192606371], [115.59271434200457, 40.319901794466496], [115.59306734250482, 40.31990608899276], [115.59307108241981, 40.31972595736245], [115.59318874895757, 40.31972738862285], [115.59319061874615, 40.319637322800965], [115.59295528599162, 40.31963446016955], [115.59295154578095, 40.319814591793765], [115.59259854577479, 40.31981029692217], [115.59259667518802, 40.31990036271847], [115.59200834123183, 40.31989320218364], [115.59200459847028, 40.32007333372646], [115.59165159726025, 40.32006903594267], [115.59165346911404, 40.31997897018561], [115.59153580221718, 40.31997753735626], [115.59153393020712, 40.32006760310879], [115.59000425928498, 40.32004896538092]], [[115.59318687916057, 40.31981745444329], [115.59330454586299, 40.31981888558859], [115.59330641550378, 40.31972881976363], [115.59318874895757, 40.31972738862285], [115.59318687916057, 40.31981745444329]]]}}, {"type": "Feature", "properties": {"year": 2022, "water_area_km2": 0.0053}, "geometry": {"type": "Polygon", "coordinates": [[[115.775001329326, 40.321345423958604], [115.77500295760036, 40.32125535158169], [115.77476760203152, 40.32125285873587], [115.77476923061118, 40.321162786365406], [115.7746515529941, 40.32116153976692], [115.77465318172275, 40.32107146739894], [115.77453550426932, 40.32107022068473], [115.77453713314695, 40.32098014831922], [115.77441945585721, 40.32097890148929], [115.77442271390304, 40.320798756761796], [115.77454039088016, 40.32080000358383], [115.77454201973575, 40.32070993121395], [115.77465969656387, 40.32071117791238], [115.77466132525579, 40.320621105537086], [115.77536738544096, 40.32062858319082], [115.77536575768694, 40.320718655589786], [115.7754834345665, 40.32071990145049], [115.77547529646792, 40.32117026344312], [115.77535761880677, 40.32116901756268], [115.77535599100874, 40.32125908995288], [115.77512063539581, 40.3212565978251], [115.77511900727775, 40.32134667020595], [115.775001329326, 40.321345423958604]]]}}, {"type": "Feature", "properties": {"year": 2022, "water_area_km2": 0.0129}, "geometry": {"type": "Polygon", "coordinates": [[[115.56791538182843, 40.31824607231519], [115.5679172851013, 40.31815600745682], [115.56732897258279, 40.31814872167034], [115.56733087662832, 40.31805865683356], [115.56780152600096, 40.31806448568355], [115.56780342941292, 40.317974420826836], [115.5687447273203, 40.3179860727477], [115.5687466294737, 40.317896007852625], [115.56921727800831, 40.31790183092351], [115.56921917952816, 40.31781176600851], [115.56980748960817, 40.31781904213243], [115.56980939033822, 40.31772897719292], [115.57004471411774, 40.31773188679588], [115.57004661452676, 40.317641821845676], [115.57039959979159, 40.31764618533908], [115.5704014997233, 40.31755612037359], [115.57063682296355, 40.31755902876185], [115.5706387225742, 40.31746896378567], [115.57099170703009, 40.31747332545704], [115.57099360616348, 40.31738326046556], [115.57146425159961, 40.3173890743342], [115.57146615009947, 40.31729900932284], [115.57158381132366, 40.31730046248633], [115.57158191298004, 40.31739052750228], [115.5718172357666, 40.31739343347958], [115.5718153377269, 40.31748349850325], [115.5716976761731, 40.317482045569825], [115.57169577796861, 40.31757211058741], [115.57157811626713, 40.31757065752976], [115.57157621789783, 40.31766072254126], [115.57134089420808, 40.317657816057846], [115.57133899551772, 40.317747881058686], [115.57110367154972, 40.31774497408756], [115.57110177253833, 40.317835039077714], [115.57086644829211, 40.317832131618864], [115.57086454895966, 40.31792219659834], [115.57051156218583, 40.31791783449904], [115.57050966237607, 40.31800789946322], [115.57003901283927, 40.3180020816376], [115.57003711239598, 40.31809214658188], [115.5698017873665, 40.31808923694207], [115.56979988660214, 40.31817930187567], [115.56921157339727, 40.318172025659614], [115.56920967184311, 40.318262090568695], [115.56791538182843, 40.31824607231519]]]}}, {"type": "Feature", "properties": {"year": 2022, "water_area_km2": 0.0157}, "geometry": {"type": "Polygon", "coordinates": [[[115.57696975991269, 40.318628091734894], [115.57697165118007, 40.31853802652699], [115.57685398753158, 40.3185365788068], [115.57685587894669, 40.318446513602], [115.57697354243892, 40.31844796131761], [115.57697543368926, 40.31835789610675], [115.57685777035327, 40.31835644839572], [115.57686344452183, 40.31808625276798], [115.57698110738907, 40.31808770046527], [115.57698488981296, 40.317907570030215], [115.57710255237625, 40.3179090175987], [115.57710633445353, 40.31772888714856], [115.57722399671283, 40.317730334588255], [115.57722777844351, 40.317550204123044], [115.57734544039889, 40.31755165143393], [115.57734733109518, 40.317461586194526], [115.57746499290282, 40.3174630333812], [115.57746688343437, 40.317372968135736], [115.5778198684397, 40.317377308964275], [115.577821758494, 40.317287243703575], [115.57793942002324, 40.31728869040259], [115.57794130991275, 40.31719862513583], [115.57829429408292, 40.31720296450136], [115.57829240466212, 40.317293029781844], [115.57841006622547, 40.317294476002346], [115.57841384474605, 40.31711434543074], [115.57853150600545, 40.31711579152245], [115.57853339509671, 40.31702572622984], [115.57865105620836, 40.31702717219735], [115.57865294513488, 40.316937106898685], [115.57877060609883, 40.316938552741995], [115.57877249486059, 40.316848487437255], [115.57900781650152, 40.31685137875584], [115.5790097049423, 40.316761313440495], [115.57912736561931, 40.316762758915765], [115.57912547733478, 40.31685282423569], [115.57947845988562, 40.31685715995748], [115.57947468422844, 40.31703729062036], [115.57923936189444, 40.317034400240495], [115.57923747374059, 40.31712446556055], [115.57911981243011, 40.3171230201866], [115.57911792411151, 40.31721308550062], [115.57900026265331, 40.31721164000246], [115.57899837416996, 40.31730170531042], [115.57888071256403, 40.31730025968806], [115.57887882391593, 40.317390324989965], [115.57876116216225, 40.317388879243396], [115.578757384528, 40.31756900983359], [115.57863972247037, 40.31756756395826], [115.57863594448956, 40.31774769453337], [115.57851828212794, 40.31774624852924], [115.57851639296852, 40.31783631381001], [115.5783987304592, 40.31783486768168], [115.57839684113499, 40.31792493295639], [115.57827917847794, 40.31792348670384], [115.57827728898899, 40.3180135519725], [115.5781596261842, 40.31801210559574], [115.57815584686823, 40.318192236119444], [115.57803818375946, 40.318190789613894], [115.57803629393244, 40.31828085486894], [115.57791863067595, 40.31827940823919], [115.577922410634, 40.31809927773677], [115.57804007357798, 40.318100724357365], [115.57804196338795, 40.31801065909936], [115.57792430060023, 40.31800921248334], [115.57792619055793, 40.31791914722842], [115.57780852793498, 40.31791770049736], [115.57780663782101, 40.31800776574769], [115.57768897505034, 40.318006318892415], [115.57768708477161, 40.31809638413668], [115.5775694218532, 40.31809493715719], [115.57756564095767, 40.31827506763213], [115.5774479777353, 40.31827362052385], [115.57744608711849, 40.31836368575453], [115.57732842374838, 40.318362238522035], [115.57732653296682, 40.31845230374664], [115.57720886944898, 40.31845085638994], [115.57720697850264, 40.318540921608474], [115.57708931483711, 40.318539474127554], [115.57708742372596, 40.318629539340044], [115.57696975991269, 40.318628091734894]]]}}, {"type": "Feature", "properties": {"year": 2022, "water_area_km2": 0.0162}, "geometry": {"type": "Polygon", "coordinates": [[[115.60728152828337, 40.30404231996357], [115.6072870783674, 40.30377212013104], [115.60705179925861, 40.30376928709266], [115.6070554998975, 40.30358915388154], [115.6069378606679, 40.303587737191954], [115.60693971113098, 40.303497670588655], [115.60682207206587, 40.30349625378399], [115.60682762387341, 40.30322605397868], [115.60670998528508, 40.30322463706789], [115.60671368676067, 40.303044503865955], [115.60659604849293, 40.30304308684456], [115.60659789937436, 40.30295302024586], [115.60636262317624, 40.302950185853334], [115.60636447436157, 40.30286011926213], [115.60648211230034, 40.30286153651369], [115.60648581433371, 40.30268140331786], [115.60636817670722, 40.30267998607527], [115.60637187901948, 40.30249985288251], [115.60625424171361, 40.30249843552934], [115.60625794430474, 40.30231830233963], [115.60637558129835, 40.302319719683844], [115.60637928354382, 40.30213958647927], [115.60732037729503, 40.30215092085666], [115.60732222715619, 40.30206085421628], [115.6074398637565, 40.302062270470906], [115.60744171345321, 40.30197220382456], [115.60755934990574, 40.301973619955135], [115.60755750036516, 40.30206368660596], [115.60779277360749, 40.30206651851738], [115.60779092437085, 40.302156585175695], [115.60790856116067, 40.30215800095653], [115.60790301386906, 40.30242820093606], [115.60778537661088, 40.30242678514178], [115.60778167806252, 40.302606918445136], [115.60766404050038, 40.30260550252232], [115.60766219105757, 40.30269556916729], [115.60754455334765, 40.30269415312042], [115.60754085412471, 40.30287428639697], [115.60765849214691, 40.302875702452816], [115.60765294371838, 40.30314590237001], [115.60753530522777, 40.303144486300724], [115.60753160592141, 40.3033246195625], [115.60741396712687, 40.30332320336468], [115.60740286807082, 40.30386360308768], [115.60763814754198, 40.303866435417554], [115.60763629798238, 40.30395650204184], [115.60740101819894, 40.303953669703], [115.60739916831872, 40.30404373631685], [115.60728152828337, 40.30404231996357]], [[115.60707215235952, 40.3027785543583], [115.60718979019221, 40.30277997088795], [115.60719349033525, 40.302599837635334], [115.60707585281484, 40.302598421114666], [115.60707215235952, 40.3027785543583]], [[115.60695821530275, 40.30259700447442], [115.60707585281484, 40.302598421114666], [115.60707770302999, 40.302508354490634], [115.60696006567404, 40.30250693785488], [115.60695821530275, 40.30259700447442]]]}}, {"type": "Feature", "properties": {"year": 2022, "water_area_km2": 0.005}, "geometry": {"type": "Polygon", "coordinates": [[[115.58595638396348, 40.294054001088675], [115.5859582616591, 40.29396393514648], [115.58607588314112, 40.29396537288573], [115.58607776067221, 40.2938753069375], [115.58596013934626, 40.29387386920279], [115.58596201702493, 40.29378380325763], [115.5858443958635, 40.29378236540796], [115.58584815150759, 40.2936022335223], [115.5859657723569, 40.293603671362874], [115.585969527655, 40.29342353946221], [115.58608714820065, 40.29342497717415], [115.58608902568093, 40.29333491121704], [115.58597140529132, 40.29333347350965], [115.58597328291921, 40.29324340755562], [115.58632614364527, 40.29324772030554], [115.58632802079653, 40.29315765433637], [115.58656326101078, 40.29316052889624], [115.58656138417162, 40.293250594874515], [115.58667900444749, 40.2932520319797], [115.58667712775596, 40.29334209796103], [115.5869123686452, 40.29334497182194], [115.5869104922573, 40.29343503781091], [115.5867928716524, 40.29343360093567], [115.58679099509997, 40.2935236669186], [115.58667337434748, 40.29352222991928], [115.58666962090516, 40.2937023618716], [115.58655199984901, 40.29370092474367], [115.58655012295908, 40.29379099071306], [115.58643250175533, 40.29378955346104], [115.58642874763798, 40.293969685386294], [115.58619350463161, 40.29396681050545], [115.58619162724811, 40.29405687645674], [115.58595638396348, 40.294054001088675]]]}}, {"type": "Feature", "properties": {"year": 2022, "water_area_km2": 0.0587}, "geometry": {"type": "Polygon", "coordinates": [[[115.44706433551518, 40.24029179364541], [115.44706639368832, 40.24020173253105], [115.44694887269755, 40.24020015521324], [115.44695093101703, 40.24011009410236], [115.44683341019116, 40.24010851667027], [115.44683546865694, 40.24001845556289], [115.44671794799596, 40.240016878016505], [115.44672618238873, 40.23965663359208], [115.44660866235944, 40.23965505594639], [115.44661483852339, 40.239384872627376], [115.44649731897013, 40.239383294877406], [115.44650143667756, 40.23920317266726], [115.4463839174448, 40.239201594807994], [115.44638597644018, 40.23911153370567], [115.44626845737228, 40.23910995573215], [115.44627051651399, 40.23901989463332], [115.44615299761097, 40.2390183165455], [115.44615711617772, 40.23883819435339], [115.44603959759516, 40.2388366161563], [115.44604165702022, 40.238746555062995], [115.44592413860255, 40.238744976751626], [115.44592825773594, 40.23856485457053], [115.44581073963874, 40.238563276149875], [115.44582103808776, 40.23811297069603], [115.44593855540703, 40.238114549091684], [115.4459406149134, 40.23802448799143], [115.44617564926862, 40.23802764441494], [115.44617770845453, 40.2379375833032], [115.4471178450019, 40.237950204186355], [115.44711578706068, 40.238040265338064], [115.44852599486177, 40.23805918241], [115.44852393877831, 40.238149243620114], [115.44969911452121, 40.23816499477657], [115.44970116904881, 40.238074933516565], [115.45005372148555, 40.2380796565227], [115.45005166742472, 40.238169717797675], [115.45028670274, 40.23817286588203], [115.4502805414355, 40.23844304972786], [115.45016302330647, 40.23844147573037], [115.45016096936418, 40.23853153700434], [115.45004345108882, 40.23852996288257], [115.4500413969817, 40.23862002415007], [115.44992387855999, 40.238618449904045], [115.44992182428804, 40.238708511165065], [115.44980430572, 40.2387069367948], [115.44980225128316, 40.23879699804933], [115.44968473256881, 40.23879542355479], [115.44968267796712, 40.23888548480285], [115.44956515910641, 40.23888391018405], [115.44956310433987, 40.23897397142562], [115.44944558533285, 40.238972396682556], [115.44944353040147, 40.239062457917655], [115.44932601124809, 40.23906088305032], [115.44932395615184, 40.23915094427893], [115.44908891756174, 40.23914779417646], [115.44908686214501, 40.23923785539361], [115.44896934270827, 40.23923628015847], [115.44896728712669, 40.23932634136914], [115.44884976754362, 40.23932476600974], [115.44884771179719, 40.23941482721391], [115.44873019206776, 40.23941325173024], [115.44872813615648, 40.239503312927944], [115.4486106162807, 40.23950173731999], [115.44860856020456, 40.23959179851121], [115.44849104018247, 40.239590222779], [115.44848898394146, 40.23968028396374], [115.44837146377303, 40.239678708107256], [115.44836940736715, 40.239768769285504], [115.4482518870524, 40.23976719330476], [115.44824983048164, 40.239857254476526], [115.44813231002055, 40.239855678371505], [115.44813025328493, 40.23994573953678], [115.44801273267754, 40.23994416330748], [115.44801067577703, 40.24003422446627], [115.4478931550233, 40.240032648112695], [115.4478910979579, 40.24012270926503], [115.44777357705784, 40.24012113278719], [115.4477715198276, 40.240211193933], [115.44765399878119, 40.24020961733088], [115.44765194138607, 40.24029967847024], [115.44706433551518, 40.24029179364541]]]}}, {"type": "Feature", "properties": {"year": 2022, "water_area_km2": 76.4898}, "geometry": {"type": "Polygon", "coordinates": [[[115.74898227895187, 40.39818303673525], [115.74898561368735, 40.39800289615232], [115.74886780354277, 40.39800162133267], [115.74887280606033, 40.397731410459386], [115.74875499639403, 40.39773013553185], [115.74875999931461, 40.397459924657475], [115.74887780851019, 40.397461199572916], [115.74887947597843, 40.39737112927449], [115.74876166693976, 40.39736985436309], [115.74876666977006, 40.397099643471144], [115.74864886120966, 40.39709836845184], [115.74865052896162, 40.39700829815565], [115.74853272056568, 40.39700702302038], [115.74853605636085, 40.39682688243166], [115.74830044021914, 40.39682433181732], [115.74830210841924, 40.39673426152883], [115.74818430051658, 40.39673298604571], [115.74818596886608, 40.396642915759784], [115.74806816112789, 40.39664164016072], [115.74807149811808, 40.396461499592554], [115.74795369070121, 40.396460223881576], [115.7479570279751, 40.39628008331562], [115.74783922087958, 40.39627880749272], [115.74784088966214, 40.39618873721158], [115.74772308273104, 40.39618746127273], [115.74772475166299, 40.396097390994164], [115.74760694489633, 40.39609611493938], [115.74760861397765, 40.3960060446634], [115.74749080737541, 40.396004768492666], [115.74749247660607, 40.39591469821923], [115.74737467016828, 40.39591342193255], [115.74737800892083, 40.39573328138939], [115.74726020280438, 40.3957320049908], [115.74726187232626, 40.395641934721056], [115.74749748425292, 40.395644487390186], [115.74750082264649, 40.39546434683017], [115.74738301699318, 40.39546307056367], [115.74738635567041, 40.39528293000586], [115.74726855033846, 40.395281653627464], [115.74726688084671, 40.39537172390306], [115.74714907536539, 40.39537044740064], [115.74715241465513, 40.395190306856065], [115.74691680434266, 40.39518775350743], [115.74692014422985, 40.39500761297315], [115.7468023393987, 40.39500633612695], [115.74680400948789, 40.39491626586165], [115.74668620482119, 40.3949149888995], [115.74668787505973, 40.394824918636786], [115.74680567956953, 40.39482619559489], [115.74680734964366, 40.394736125326666], [115.74668954529075, 40.39473484837259], [115.7466912155142, 40.394644778106944], [115.7465734113257, 40.39464350103694], [115.74657508169855, 40.394553430773875], [115.74645727767447, 40.39455215358793], [115.74645894819665, 40.39446208332743], [115.74622334048489, 40.39445952860369], [115.74622501131331, 40.3943694583498], [115.74610720762564, 40.394368180812], [115.74610887860342, 40.39427811056071], [115.74563766455569, 40.3942729992259], [115.7456426793264, 40.39400278851174], [115.74552487630397, 40.39400151039023], [115.7455198610626, 40.39427172109227], [115.74528425409908, 40.39426916446502], [115.74528258202308, 40.39435923468802], [115.7455181893004, 40.394361791323334], [115.74551651753063, 40.39445186155296], [115.74563432133749, 40.3944531396947], [115.74563264971708, 40.39454320992689], [115.74551484575333, 40.394541931781106], [115.7455131739685, 40.39463200200779], [115.74539536985539, 40.39463072373799], [115.74539704179713, 40.39454065351535], [115.74527923784848, 40.39453937512961], [115.74528090993955, 40.39444930490954], [115.74516310615532, 40.39444802640788], [115.74516143390736, 40.3945380966239], [115.74492582604776, 40.39453553925252], [115.74492749860951, 40.394445469044584], [115.74480969484793, 40.394444190182995], [115.74481136755901, 40.39435411997764], [115.74469356396187, 40.3943528410001], [115.74469858252053, 40.39408263038743], [115.74458077940159, 40.394081351302056], [115.74458245239627, 40.393991281098955], [115.74446464944175, 40.39399000189764], [115.74446632258578, 40.39389993169711], [115.74434851979571, 40.39389865237988], [115.74435353965308, 40.39362844178166], [115.7444713419725, 40.393629721086754], [115.74447636129128, 40.393359510463206], [115.7443585594425, 40.39335823117026], [115.74436023269054, 40.39326816096353], [115.74424243100621, 40.39326688155466], [115.74424410440358, 40.39317681135053], [115.74436190593104, 40.393178090755335], [115.74436692560722, 40.39290788012196], [115.74448472667157, 40.39290915939466], [115.74448807277088, 40.392729018957], [115.74437027202025, 40.39272773969238], [115.7443685988175, 40.39281780990791], [115.74425079791754, 40.39281653051928], [115.74424912455041, 40.39290660072929], [115.74413132350111, 40.39290532121663], [115.74412964996952, 40.392995391421124], [115.74424745117568, 40.39299667093782], [115.7442457777934, 40.393086741144906], [115.74412797643038, 40.39308546162416], [115.74412128219826, 40.39344574242161], [115.74400348021527, 40.393444462764705], [115.74400180648149, 40.39353453295635], [115.74388400434916, 40.39353325317542], [115.74388233045094, 40.39362332336155], [115.74376452816927, 40.393622043456595], [115.7437611800364, 40.393802183816376], [115.74364337744854, 40.39380090378334], [115.7436400289717, 40.39398104412916], [115.74340442319107, 40.39397848368696], [115.74340274862756, 40.394068553849564], [115.7432849455917, 40.394067273444435], [115.74328662031209, 40.393977203285885], [115.74316881744068, 40.393975922764824], [115.74318724059222, 40.39298515096853], [115.74330504173795, 40.39298643144501], [115.7433100656045, 40.3927162209122], [115.74342786628713, 40.39271750125655], [115.74343121517998, 40.3925373608859], [115.74366681594043, 40.392539921198484], [115.74367016417554, 40.39235978080578], [115.74378796425336, 40.39236106077402], [115.74379466000545, 40.392000779954834], [115.74391245946333, 40.3920020597869], [115.7439141332256, 40.391911989574396], [115.74403193253417, 40.39191326928243], [115.74403360613202, 40.39182319906442], [115.74391580698033, 40.39182191936042], [115.7439174807275, 40.39173184914498], [115.74403527972233, 40.39173312884494], [115.74403695330507, 40.39164305862397], [115.7439191544671, 40.39164177892807], [115.74392584935003, 40.3912814980458], [115.74380805114711, 40.39128021824614], [115.7438097250058, 40.391190148025956], [115.7439275230519, 40.39119142782158], [115.74392919674621, 40.391101357595886], [115.74381139885698, 40.39110007780431], [115.74381474653666, 40.39091993735663], [115.74393254411214, 40.390921217140104], [115.74393589144789, 40.39074107667846], [115.74381809418611, 40.39073979690309], [115.74382144180535, 40.390559656443685], [115.74323245717838, 40.39055325580789], [115.74323078258826, 40.390643326018065], [115.74311298552865, 40.390642045526974], [115.74310796124232, 40.39091225613657], [115.74299016371971, 40.390910975513364], [115.74301528682416, 40.38955992239431], [115.74313308199393, 40.38956120295674], [115.74313810594022, 40.389290992281225], [115.743020311241, 40.389289711730946], [115.74302198603151, 40.3891996415069], [115.74290419149668, 40.389198360840716], [115.74290586643646, 40.38910829061926], [115.74267027770321, 40.389105728935135], [115.7426736281875, 40.38892558850402], [115.74243804011185, 40.38892302635631], [115.74243971565636, 40.38883295614665], [115.74220412792462, 40.3888303935272], [115.74220580377526, 40.3887403233242], [115.74197021638747, 40.388737760233056], [115.74197189254423, 40.388647690036706], [115.7417363055004, 40.38864512647385], [115.74173798196325, 40.38855505628415], [115.74162018860953, 40.38855377432684], [115.74162186522169, 40.388463704139724], [115.74150407203236, 40.388462422066524], [115.74151077903267, 40.38810214131963], [115.74162857159463, 40.388103423376606], [115.74163192473573, 40.38792328298625], [115.74174971699158, 40.38792456491515], [115.74175306978873, 40.38774442451083], [115.74187086173849, 40.38774570631167], [115.74189097600409, 40.38666486371398], [115.7420087660794, 40.3866661453462], [115.74201379400515, 40.386395934651645], [115.74213158361756, 40.38639721615175], [115.74213325942087, 40.38630714591326], [115.742251048884, 40.386308427289364], [115.74225440015427, 40.386128286799845], [115.74237218931134, 40.38612956804791], [115.74238224199976, 40.38558914651988], [115.74250003022345, 40.38559042762367], [115.74250338074548, 40.3854102870945], [115.74262116866309, 40.385411568070246], [115.74262451884125, 40.38523142752712], [115.74274230645278, 40.385232708374815], [115.74274565628707, 40.38505256781771], [115.74286344359254, 40.38505384853735], [115.74286846781686, 40.38478363767857], [115.74298625465943, 40.384784918266114], [115.74299462743144, 40.38433456678522], [115.74311241349751, 40.38433584723258], [115.74312078529661, 40.38388549569479], [115.7432385705862, 40.38388677600196], [115.74326033434153, 40.38271586177965], [115.74349590086652, 40.382718421928864], [115.74349757463507, 40.38262835158571], [115.74337979152561, 40.38262707157513], [115.74338481325636, 40.38235686054903], [115.74350259589545, 40.382358140547474], [115.74352100660192, 40.38136736662781], [115.74340322568753, 40.38136608667393], [115.74340824710107, 40.38109587558632], [115.74352602754513, 40.38109715552805], [115.74352770117774, 40.38100708515854], [115.74364548147256, 40.381008364976296], [115.74364715494085, 40.38091829460126], [115.74388271523958, 40.38092085386891], [115.74388438838676, 40.380830783484306], [115.74400216839065, 40.3808320629342], [115.74400384137351, 40.380741992544095], [115.74412162122816, 40.38074327187003], [115.74412496685765, 40.380563131077324], [115.7442427464063, 40.38056441027522], [115.74425278217295, 40.380023987837646], [115.74401722496451, 40.38002142937049], [115.74401889787943, 40.37993135896719], [115.743312227376, 40.379923680712], [115.74331055352042, 40.38001375109099], [115.7430749964328, 40.38001119070515], [115.74307332225614, 40.380101261074586], [115.74295554356688, 40.380099980697736], [115.74295386922587, 40.38019005106164], [115.74283609038739, 40.38018877056083], [115.74284278833316, 40.37982848911261], [115.74272501012935, 40.379827208508075], [115.74273003397965, 40.37955699741868], [115.74284781171316, 40.37955827801105], [115.74284948615805, 40.37946820764094], [115.74296726374233, 40.379469488109336], [115.74296893802291, 40.3793794177337], [115.74308671545795, 40.379380698078144], [115.74309006368289, 40.37920055731439], [115.74320784081198, 40.3792018375308], [115.74320951475633, 40.37911176714267], [115.74332729173621, 40.379113047235116], [115.74333063928873, 40.378932906446366], [115.7434484159626, 40.3789341864108], [115.74345008957079, 40.378844116010185], [115.74333231305367, 40.3788428360498], [115.74333566056089, 40.37866269525225], [115.74321788436485, 40.37866141518006], [115.74322123215539, 40.37848127438475], [115.74310345628045, 40.37847999420075], [115.74311015239796, 40.37811971260877], [115.74275682669958, 40.37811587138591], [115.74276017565356, 40.37793573060545], [115.7426424007494, 40.37793444996611], [115.74264574998668, 40.37775430918791], [115.7425279754036, 40.37775302843677], [115.7425396985934, 40.37712253569521], [115.74265747207922, 40.37712381641798], [115.74265579751723, 40.37721388681808], [115.74277357116735, 40.37721516742499], [115.74277189675456, 40.37730523782768], [115.74288967056899, 40.37730651831873], [115.74288799630541, 40.377396588724004], [115.74335909226568, 40.377401709505385], [115.74336913397177, 40.37686128695456], [115.7434869070402, 40.376862566825835], [115.74349025390165, 40.376682425955735], [115.74360802666413, 40.37668370569901], [115.74361471966947, 40.37632342392502], [115.74349694753398, 40.37632214419796], [115.74349862092319, 40.37623207375485], [115.74361639290193, 40.376233353477865], [115.74361806612684, 40.37614328302925], [115.74373583795638, 40.376144562628326], [115.74373918407005, 40.3759644217186], [115.74385695559367, 40.37596570118966], [115.74385528269735, 40.37605577164932], [115.74397305438524, 40.37605705100454], [115.74396469057412, 40.37650740330105], [115.74384691810249, 40.37650612392559], [115.74384524516088, 40.37659619437645], [115.7449051990879, 40.37660770447553], [115.74490687061876, 40.37651763398826], [115.74514241570535, 40.37652019046102], [115.74515244285124, 40.37597976745802], [115.74503467124468, 40.37597848930585], [115.74503634256601, 40.375888418804266], [115.74515411401583, 40.37588969695238], [115.7451557851729, 40.37579962644529], [115.74492024259423, 40.37579707003724], [115.74492191405724, 40.375706999536774], [115.74456860071604, 40.37570316403759], [115.74456692878282, 40.375793234525915], [115.74409584380653, 40.37578811883222], [115.74409417123879, 40.375878189302895], [115.74385862848243, 40.37587563072855], [115.74386030136365, 40.37578556026597], [115.74397807258131, 40.37578683960904], [115.74398141800765, 40.3756066986714], [115.74409918891938, 40.375607977886474], [115.74410086146446, 40.37551790741141], [115.7444541737747, 40.375521744325106], [115.74445918995407, 40.37525153285468], [115.74434141964667, 40.37525025401549], [115.74434309184811, 40.37516018352647], [115.74469640232273, 40.37516401967221], [115.74469807404643, 40.375073949169575], [115.74481584406296, 40.375075227640984], [115.74481751562239, 40.374985157132855], [115.74493528548975, 40.374986435480324], [115.74493361408706, 40.375076505992496], [115.7450513841187, 40.37507778422411], [115.74504971286524, 40.37516785473888], [115.7452852532646, 40.3751704108505], [115.74528358231707, 40.37526048137189], [115.7454013526848, 40.3752617592519], [115.74540302347559, 40.37517168872646], [115.74587410439493, 40.37517679903136], [115.74587577455125, 40.375086728488284], [115.74611131474268, 40.37508928291326], [115.74611298457798, 40.37499921236064], [115.74634852448605, 40.37500176629795], [115.74635186350709, 40.37482162517213], [115.74646963315895, 40.37482290195286], [115.74647130250145, 40.37473283138373], [115.74658907200411, 40.37473410804051], [115.74659074118235, 40.37464403746588], [115.74670851053581, 40.37464531399873], [115.74671518654644, 40.37428503166936], [115.74683295528051, 40.374286308066154], [115.74684129934076, 40.373835955101306], [115.74672353139036, 40.37383467872469], [115.7467268692752, 40.37365453753659], [115.74649133402389, 40.37365198443986], [115.74649300326847, 40.37356191385168], [115.74625746836074, 40.37355936028348], [115.74625913791124, 40.37346928970193], [115.74602360334707, 40.37346673566224], [115.74602193348312, 40.373556806235705], [115.74578639863564, 40.37355425170838], [115.7457847284507, 40.3736443222723], [115.74554919331992, 40.37364176725732], [115.74554752281398, 40.3737318378117], [115.74507645201598, 40.373726726326865], [115.74507812314879, 40.373636655788665], [115.74484258810847, 40.373634099334986], [115.74484425954722, 40.37354402880341], [115.74496202690689, 40.37354530708615], [115.74496369818138, 40.37345523654906], [115.74519923260986, 40.373457792746784], [115.74520090356334, 40.37336772220014], [115.74531867063217, 40.37336900011512], [115.74532034142142, 40.37327892956297], [115.74555587526825, 40.37328148502517], [115.7455575457365, 40.37319141446347], [115.7456753125145, 40.373192692010704], [115.74567698281847, 40.37310262144347], [115.74579474944728, 40.37310389886676], [115.74579641958701, 40.373013828294056], [115.74603195255382, 40.37301638277289], [115.74603362237256, 40.37292631219063], [115.74626915505604, 40.37292886618181], [115.74627082455382, 40.37283879559], [115.74650635695401, 40.37284134909356], [115.74650802613081, 40.37275127849221], [115.74674355824764, 40.372753831508135], [115.74674522710349, 40.37266376089724], [115.74721629080067, 40.37266886547428], [115.74721795902211, 40.37257879484575], [115.74733572480851, 40.372580070686254], [115.74733906091535, 40.372399929416765], [115.74745682639583, 40.37240120512931], [115.74745849428125, 40.37231113448831], [115.74757625961256, 40.37231241007693], [115.74757959504737, 40.3721322687825], [115.74769736007276, 40.37213354424316], [115.74770069516408, 40.37195340293479], [115.74781845988355, 40.37195467826749], [115.74782179463135, 40.37177453694518], [115.74793955904492, 40.37177581214994], [115.74794289344922, 40.37159567081371], [115.74806065755688, 40.37159694589051], [115.74806399161764, 40.37141680454034], [115.74818175541942, 40.37141807948919], [115.7481850891367, 40.3712379381251], [115.74830285263256, 40.371239212945994], [115.74830618600633, 40.37105907156798], [115.74842394919634, 40.37106034626092], [115.74842728222661, 40.37088020486898], [115.74854504511072, 40.370881479433976], [115.74854671145788, 40.37079140873177], [115.74866447419278, 40.37079268317286], [115.7486661403757, 40.370702612465166], [115.74878390296143, 40.370703886782344], [115.74878556898014, 40.37061381606914], [115.74902109386073, 40.370616364335774], [115.74902275955854, 40.37052629361305], [115.7491405218534, 40.37052756756251], [115.74914385291304, 40.37034742610461], [115.74926161490201, 40.37034869992614], [115.74926328026385, 40.370258629190964], [115.74938104210365, 40.37025990288858], [115.74938270730127, 40.37016983214791], [115.74950046899188, 40.37017110572162], [115.74950213402528, 40.37008103497544], [115.74973765711563, 40.370083581755175], [115.74973932182816, 40.369993510999485], [115.74985708322788, 40.36999478420551], [115.74985874777619, 40.36990471344431], [115.75009427028478, 40.36990725948867], [115.75009593451217, 40.36981718871796], [115.75092026243189, 40.36982609606892], [115.7509219255549, 40.36973602526856], [115.75115744757183, 40.369738569139045], [115.75115911037393, 40.369648498329155], [115.75127687123697, 40.36964977008057], [115.75127853387487, 40.3695596992652], [115.7513962945887, 40.369560970892714], [115.75139961952863, 40.36938082924953], [115.75151737993656, 40.36938210074911], [115.75152070453312, 40.369201959092024], [115.75163846463516, 40.36920323046369], [115.75164178888832, 40.36902308879271], [115.75175954868449, 40.369024360036455], [115.75176121064314, 40.36893428919473], [115.75187897029011, 40.36893556031458], [115.7518822938715, 40.368755418618726], [115.75200005321261, 40.36875668961066], [115.75200503805843, 40.36848647704382], [115.75212279693694, 40.36848774790381], [115.75212611981665, 40.36830760617722], [115.75224387838927, 40.3683088769093], [115.7522455396612, 40.3682188060398], [115.75236329808465, 40.36822007664798], [115.75236662029263, 40.36803993489652], [115.75248437841022, 40.3680412053768], [115.75248936119593, 40.36777099272658], [115.75260711885095, 40.36777226307492], [115.75261376183362, 40.36741197950471], [115.75273151886941, 40.367413249717096], [115.75273484000243, 40.36723310791517], [115.75285259673237, 40.367234377999665], [115.75285591752206, 40.36705423618384], [115.75297367394613, 40.367055506140446], [115.75297533417306, 40.3669654352263], [115.75309309044795, 40.366966705059006], [115.753096410566, 40.36678656321833], [115.753214166535, 40.36678783292313], [115.75322246591573, 40.36633747827572], [115.75334022110889, 40.36633874784057], [115.75334520017742, 40.3660685350225], [115.75346295490806, 40.366069804455435], [115.75346461442592, 40.36597973350913], [115.75358236900736, 40.365981002818195], [115.75358568770733, 40.36580086091316], [115.75370344198292, 40.36580213009433], [115.753705101165, 40.3657120591356], [115.7538228552914, 40.36571332819288], [115.75382451430934, 40.36562325722868], [115.75394226828656, 40.3656245261621], [115.75394558598667, 40.365444384221256], [115.75406333965803, 40.36544565302678], [115.7540649983402, 40.36535558205016], [115.75418275186242, 40.36535685073182], [115.75418606889093, 40.36517670876612], [115.7543038221073, 40.365177977319895], [115.75430548045368, 40.365087906330835], [115.75442323352087, 40.36508917476074], [115.75442654987785, 40.364909032770214], [115.75407329163869, 40.364905227145044], [115.75407495027595, 40.36481515615963], [115.7538394451339, 40.36481261848494], [115.75384110407701, 40.364722547506084], [115.75348784689005, 40.36471874010719], [115.75348950629564, 40.36462866913893], [115.75337175407162, 40.364627399770264], [115.75337341362636, 40.364537328804566], [115.75325566156648, 40.36453605932007], [115.7532573212704, 40.36444598835692], [115.75313956937468, 40.36444471875659], [115.75314122922777, 40.36435464779598], [115.75302347749616, 40.364353378079805], [115.75302679749318, 40.364173236162266], [115.7529090460824, 40.36417196633429], [115.75291236636274, 40.36399182441891], [115.75279461527276, 40.363990554479116], [115.75279793583645, 40.363810412565925], [115.75268018506725, 40.36380914251433], [115.75268350591429, 40.36362900060332], [115.7525657554659, 40.3636277304399], [115.75256741603482, 40.36353765948622], [115.75244966575055, 40.36353638920697], [115.75245132646864, 40.36344631825585], [115.7523335763485, 40.363445047860765], [115.75233689807551, 40.36326490596218], [115.75221914827615, 40.3632636354553], [115.75222247028647, 40.36308349355889], [115.7521047208079, 40.36308222294021], [115.75211634870449, 40.36245172628481], [115.75223409708654, 40.36245299687535], [115.75223907988845, 40.36218278398903], [115.75235682780809, 40.362184054447646], [115.75236014932528, 40.362003912508065], [115.75247789693914, 40.362005182838814], [115.75247955752987, 40.36191511186281], [115.75259730499458, 40.3619163820697], [115.75259896542119, 40.3618263110882], [115.75271671273673, 40.36182758117123], [115.75271837299923, 40.36173751018425], [115.75283612016565, 40.36173878014341], [115.75283778026397, 40.361648709150955], [115.75295552728127, 40.36164997898626], [115.75295884714224, 40.3614698369889], [115.75307659385373, 40.36147110669632], [115.75308489259194, 40.36102075165724], [115.7529671466636, 40.36101948196992], [115.7529688065454, 40.360929410961724], [115.75249782353342, 40.3609243310301], [115.7524961630251, 40.361014402022214], [115.75226067125081, 40.361011861329324], [115.75225901042171, 40.361101932311925], [115.75202351836414, 40.36109939113164], [115.75202185721432, 40.36118946210474], [115.75166861871425, 40.361185649423454], [115.75166695708704, 40.36127572038302], [115.75131371818455, 40.361271906611094], [115.75131205607994, 40.36136197755714], [115.75107656320253, 40.36135943443529], [115.75107490077718, 40.36144950537181], [115.75083940761647, 40.36144696176254], [115.75083608211673, 40.36162710361509], [115.75071833523437, 40.36162583162265], [115.75071667231663, 40.361715902542706], [115.75059892528513, 40.36171463042638], [115.75059726220324, 40.361804701340944], [115.7504795150226, 40.36180342910076], [115.75047785177657, 40.36189350000984], [115.75036010444683, 40.36189222764579], [115.75035844103664, 40.361982298549364], [115.75024069355777, 40.36198102606145], [115.75023570281232, 40.36225123875133], [115.75035345076111, 40.36225251125132], [115.75035012387325, 40.362432653045325], [115.75023237561118, 40.36243138053725], [115.75022904837999, 40.36261152231734], [115.75011129981215, 40.362610249681374], [115.75010630843916, 40.36288046232843], [115.74998855940889, 40.36287918956053], [115.7499852314761, 40.36305933130987], [115.74986748214003, 40.363058058414076], [115.74986415386394, 40.36323820014948], [115.74974640422211, 40.363236927125776], [115.74974473991612, 40.363326997987265], [115.74962699012517, 40.36332572483969], [115.74962366117741, 40.3635058665502], [115.74974141128166, 40.36350713970583], [115.7497330895641, 40.36395749397662], [115.7496153386766, 40.36395622080085], [115.74961034508603, 40.364226433333656], [115.74949259373605, 40.36422516002594], [115.7494909290342, 40.364315230863255], [115.7492554260435, 40.364312683880186], [115.74925376102081, 40.364402754707996], [115.74913600938008, 40.364401481032665], [115.749131013797, 40.36467169349514], [115.74901326169382, 40.364670419687855], [115.74901825774687, 40.36440020723747], [115.74890050612119, 40.36439893332243], [115.74889884062101, 40.36448900413666], [115.74878108884616, 40.36448773009773], [115.74877442614373, 40.36484801332388], [115.74889217854522, 40.36484928737893], [115.74889051300748, 40.36493935818584], [115.74900826557311, 40.36494063212507], [115.74899993855503, 40.36539098615781], [115.74888218520607, 40.36538971219842], [115.74887885403294, 40.365569853793204], [115.74876110037816, 40.3655685797059], [115.74875943462366, 40.36565865049706], [115.74864168081976, 40.36565737628585], [115.74863668304114, 40.36592758863847], [115.74851892877476, 40.36592631429531], [115.74851726267684, 40.36601638507254], [115.74839950826131, 40.36601511060548], [115.74839784199924, 40.36610518137723], [115.74828008743454, 40.366103906786286], [115.74827675457446, 40.366284048317304], [115.74815899970397, 40.366282773598435], [115.74815399988746, 40.366552985871884], [115.74803624455447, 40.36655171102104], [115.74803124420029, 40.36682192326921], [115.7479134884048, 40.3668206482864], [115.74790515354736, 40.36727100198389], [115.74778739697602, 40.367269726861046], [115.74778072832801, 40.36763000977653], [115.74766297113749, 40.36762873451767], [115.74765796910243, 40.3678989466768], [115.74754021144938, 40.36789767128597], [115.74753854393265, 40.36798774199872], [115.74742078613042, 40.367986466483984], [115.74741911844947, 40.36807653719124], [115.74730136049813, 40.3680752615526], [115.74729969265296, 40.36816533225434], [115.74718193455243, 40.36816405649179], [115.7471652541202, 40.369064763388295], [115.74704749446033, 40.36906348746552], [115.74704415797018, 40.36924362881915], [115.74692639800445, 40.36924235276842], [115.74692472959141, 40.36933242343901], [115.74657144926931, 40.36932859455544], [115.74656978037865, 40.36941866521245], [115.74645202012965, 40.36941738867413], [115.74645368917699, 40.36932731802117], [115.74551160870968, 40.36931710143158], [115.74551494928886, 40.36913696018592], [115.74539718957772, 40.369135682580875], [115.7453988600127, 40.3690456119599], [115.74504558139458, 40.369041778437676], [115.74504391048954, 40.36913184904652], [115.74492615080855, 40.369130570962], [115.7449244797393, 40.36922064156534], [115.74480671990916, 40.3692193633569], [115.74480504867566, 40.36930943395472], [115.74468728869637, 40.36930815562236], [115.74468561729864, 40.369398226214685], [115.7445678571702, 40.3693969477584], [115.74456618560824, 40.369487018345225], [115.7443306650606, 40.36948446106494], [115.7443289931777, 40.3695745316422], [115.74374019115717, 40.36956813632349], [115.74373851848326, 40.36965820687903], [115.7436207579451, 40.369656927451615], [115.7436224307757, 40.36956685690011], [115.7433869100354, 40.36956429769376], [115.7433852368914, 40.369654368237164], [115.74326747637589, 40.36965308845012], [115.74326914967658, 40.369563017910785], [115.7431513893253, 40.369561738007924], [115.74314971586792, 40.369651808543225], [115.74256091344134, 40.36964540721056], [115.74256258768219, 40.36955533669552], [115.74232706707781, 40.36955277533146], [115.74232874162449, 40.36946270482305], [115.74221098149033, 40.369461423965255], [115.74221265618615, 40.36937135345944], [115.74209489621626, 40.36937007248583], [115.74209992072845, 40.369099860971765], [115.74198216123617, 40.369098579890434], [115.74198551118657, 40.36891843888184], [115.74186775201521, 40.368917157688756], [115.74186942713575, 40.368827087186304], [115.74175166812864, 40.368825805877414], [115.74175334339834, 40.368735735377555], [115.74163558455547, 40.36873445395285], [115.74163725997428, 40.368644383455596], [115.74151950129567, 40.36864310191506], [115.74152285242398, 40.368462960924255], [115.74128733571618, 40.36846039749982], [115.74128901158237, 40.368370327010325], [115.74117125339647, 40.36836904512236], [115.74117292941179, 40.36827897463546], [115.74105517139014, 40.368277692631686], [115.74105684755457, 40.36818762214738], [115.74093908969719, 40.3681863400278], [115.74094411861515, 40.367916128578265], [115.74082636123538, 40.367914846350985], [115.7408297141229, 40.36773470538543], [115.74047644296898, 40.36773085800875], [115.74047811987143, 40.36764078753595], [115.73977157870799, 40.36763308957056], [115.73977325654295, 40.36754301912066], [115.73953774319568, 40.367540452181395], [115.73953942133643, 40.36745038173815], [115.73942166483084, 40.36744909809279], [115.73942334312066, 40.367359027652135], [115.73930558677934, 40.36735774389097], [115.73930726521827, 40.36726767345293], [115.73907175287167, 40.367265105579136], [115.7390751103535, 40.36708496471489], [115.73883959866389, 40.36708239637791], [115.7388412777068, 40.366992325951706], [115.73860576636082, 40.3669897571434], [115.73860744570949, 40.366899686723876], [115.73848969020455, 40.366898402143995], [115.73848801069919, 40.366988472559456], [115.73825249939867, 40.366985903031974], [115.73825417921738, 40.36689583262464], [115.7380186682605, 40.36689326262586], [115.73802034838496, 40.36680319222518], [115.73790259307457, 40.36680190705006], [115.73790427334812, 40.36671183665201], [115.737786518202, 40.36671055136109], [115.73778819862463, 40.36662048096564], [115.7374349337017, 40.36661662438592], [115.73743661458677, 40.366526554001204], [115.7373188597843, 40.36652526823898], [115.737322221845, 40.3663451274733], [115.73720446736347, 40.366343841599345], [115.73720614853913, 40.36625377121837], [115.7370883942218, 40.36625248522864], [115.73709007554655, 40.36616241485028], [115.73697232139348, 40.366161128744764], [115.7369740028673, 40.366071058369], [115.73638523299917, 40.36606462606389], [115.73638355074205, 40.36615469641928], [115.73591253435748, 40.36614954840145], [115.7359108514661, 40.36623961873911], [115.7355575887874, 40.36623575645499], [115.73555590541844, 40.366325826778954], [115.73532039669061, 40.36632325131544], [115.73531871300071, 40.36641332162978], [115.73508320398993, 40.36641074567867], [115.73508488799317, 40.36632067537249], [115.73496713365584, 40.366319387221225], [115.73497387021948, 40.36595910599812], [115.73509162393013, 40.36596039413307], [115.73509835974555, 40.365600112870204], [115.73486285358511, 40.36559753651304], [115.7348645378333, 40.36550746620181], [115.73474678492114, 40.36550617784753], [115.7347484693184, 40.36541610753892], [115.73463071657049, 40.36541481906886], [115.7346340856555, 40.36523467845539], [115.7345163332285, 40.36523338987364], [115.73451801791627, 40.36514331956878], [115.73440026565353, 40.36514203087124], [115.73440195049035, 40.365051960569], [115.73428419839188, 40.365050671755675], [115.73428588337774, 40.364960601456055], [115.73416813144354, 40.36495931252696], [115.73416644630102, 40.365049382822505], [115.73404869421773, 40.36504809376951], [115.73405206480851, 40.36486795318509], [115.73393431304616, 40.36486666402038], [115.73393262759792, 40.364956734309246], [115.73381487568652, 40.3649554450206], [115.733813190074, 40.365045515303905], [115.73393094214207, 40.36504680459663], [115.73392925667864, 40.365136874882566], [115.73416476115088, 40.365139453116605], [115.73416307599315, 40.365229523409226], [115.7331033046977, 40.36521791754391], [115.7330982449491, 40.36548812830278], [115.73298049215101, 40.36548683815066], [115.73297880539629, 40.36557690839661], [115.73286105244914, 40.36557561812056], [115.73285767860351, 40.36575575859989], [115.73273992535064, 40.36575446819582], [115.73274161243393, 40.36566439796098], [115.73250610626435, 40.365661816801435], [115.73250779365334, 40.36557174657329], [115.73239004073666, 40.36557045581782], [115.73239172827468, 40.365480385592285], [115.73215622277743, 40.365477803729966], [115.73215791062118, 40.36538773351115], [115.73204015804062, 40.36538644240429], [115.7320418460334, 40.365296372188084], [115.7318063412085, 40.365293789622974], [115.73180802950698, 40.365203719413486], [115.73121926836124, 40.3651972609237], [115.7312209574354, 40.36510719073319], [115.73086770130935, 40.365103314213336], [115.73086939084585, 40.36501324403361], [115.73063388711326, 40.365010659095965], [115.73063557695544, 40.36492058892297], [115.73051782525721, 40.36491929627846], [115.73051951524843, 40.364829226108085], [115.7304017637145, 40.36482793334782], [115.73040683411233, 40.36455772284017], [115.730289083056, 40.36455642997232], [115.73029246359637, 40.364376289634755], [115.73017471286096, 40.36437499665524], [115.73017640327636, 40.36428492648834], [115.73005865270521, 40.36428363339307], [115.73006034326964, 40.36419356322881], [115.72994259286277, 40.364192270017774], [115.72994428357623, 40.36410219985613], [115.72970878309866, 40.36409961308271], [115.72971047411778, 40.364009542927796], [115.72947497398401, 40.36400695568316], [115.7294766653088, 40.36391688553496], [115.72935891541003, 40.36391559173698], [115.72936229835, 40.363735451444384], [115.72924454877213, 40.36373415753472], [115.72924624038728, 40.36364408739032], [115.72936398980852, 40.36364538129587], [115.72936568125942, 40.363555311145895], [115.72960117981147, 40.363557898589285], [115.72960287094148, 40.36346782842966], [115.72972062007229, 40.36346912196749], [115.72972231103802, 40.36337905180232], [115.73031105602334, 40.363385517673294], [115.73031274619822, 40.36329544748618], [115.73078374169718, 40.363300618009376], [115.73078543123788, 40.363210547804435], [115.73113867747219, 40.36321442442618], [115.73114036653534, 40.36312435420752], [115.73125811513871, 40.363125646170985], [115.7312598040376, 40.363035575946746], [115.73137755249196, 40.3630368677863], [115.73137924122659, 40.3629467975565], [115.73149698953192, 40.362948089272116], [115.7314986781023, 40.362858019036786], [115.73161642625863, 40.362859310628465], [115.7316231798374, 40.3624990296561], [115.73138768478547, 40.362496446385606], [115.73139106215571, 40.36231630590698], [115.73127331495442, 40.362315014100155], [115.73127500378475, 40.36222494386272], [115.73139275082939, 40.36222623566546], [115.73139443949545, 40.362136165422484], [115.73162993329429, 40.36213874866027], [115.73163499830699, 40.36186853789802], [115.73151725187364, 40.36186724635132], [115.73151894035261, 40.361777176098386], [115.73140119408352, 40.36177588443593], [115.7314028827115, 40.36168581418563], [115.73128513660664, 40.3616845224074], [115.73128682538363, 40.36159445215972], [115.73116907944305, 40.36159316026576], [115.73117076836904, 40.3615030900207], [115.73105302259269, 40.36150179801099], [115.73105471166768, 40.36141172776856], [115.73093696605558, 40.3614104356431], [115.7309386552796, 40.36132036540328], [115.7307031643915, 40.36131778080103], [115.73070147485424, 40.361407851032666], [115.72987725588968, 40.361398801121275], [115.72987556524839, 40.3614888713228], [115.72964007387105, 40.361486284547105], [115.72963669193912, 40.36166642492938], [115.72940119996578, 40.36166383765796], [115.7294028912488, 40.36157376747575], [115.7292851454302, 40.361572473664374], [115.72928683686223, 40.361482403484786], [115.72905134556117, 40.36147981551072], [115.72905303729884, 40.36138974533785], [115.72893529181638, 40.361388451175166], [115.72893867558206, 40.36120831083322], [115.72858544012026, 40.361204427650705], [115.72858713246148, 40.361114357489825], [115.72823389753827, 40.36111047324107], [115.72823559034175, 40.361020403091004], [115.72717588739415, 40.36100874391051], [115.72717758159959, 40.360918673795894], [115.72705983702248, 40.36091737773632], [115.7270615313769, 40.36082730762434], [115.72682604255883, 40.36082471515389], [115.72682773721885, 40.360734645048645], [115.72670999297792, 40.36073334863778], [115.7267116877869, 40.360643278535164], [115.72659394371023, 40.36064198200856], [115.7265956386682, 40.3605519119086], [115.7264778947558, 40.360550615266256], [115.72647958986275, 40.360460545168934], [115.72659733361854, 40.360461841807165], [115.72659902856122, 40.36037177170425], [115.72707000303443, 40.36037695704243], [115.72707169734299, 40.36028688692167], [115.72766041482338, 40.360293365877645], [115.7276621083412, 40.3602032957349], [115.72895728574747, 40.36021753884776], [115.72895897753492, 40.36012746865846], [115.72931220742709, 40.36013135061501], [115.72931051610949, 40.3602214208166], [115.72942825957877, 40.360222714566554], [115.72942656841018, 40.360312784770755], [115.73013303032569, 40.36032054477855], [115.73013472055459, 40.36023047454979], [115.73037020760752, 40.360233060252206], [115.73037358741595, 40.36005291977391], [115.7302558441989, 40.360051626990796], [115.73026429436963, 40.35960127578984], [115.73014655194328, 40.35959998290737], [115.73014993227142, 40.359419842424906], [115.7300321901659, 40.35941854943078], [115.73003388047518, 40.35932847919144], [115.72979839660024, 40.35932589285189], [115.72980008721508, 40.359235822619276], [115.72968234544565, 40.35923452927384], [115.72968403620949, 40.359144459043854], [115.72944855300676, 40.359141872001715], [115.72945024407619, 40.359051801778435], [115.72933250264289, 40.35905050808172], [115.72933419386126, 40.35896043786107], [115.7292164525922, 40.35895914404862], [115.72921814395956, 40.35886907383062], [115.72910040285471, 40.358867779902425], [115.72910378587976, 40.358687639470205], [115.72898604509578, 40.358686345430385], [115.72898773675347, 40.35859627521617], [115.72886999613371, 40.35859498106063], [115.72887507153078, 40.35832477042146], [115.72875733138848, 40.358323476158375], [115.72876071526157, 40.35814333573313], [115.72864297544007, 40.35814204135841], [115.72864635959584, 40.3579619009355], [115.7285286200952, 40.35796060644915], [115.72853200453362, 40.357780466028565], [115.72841426535379, 40.35777917143059], [115.72841765007487, 40.35759903101233], [115.72829991121588, 40.35759773630273], [115.72830160372156, 40.35750766609551], [115.72818386502679, 40.35750637127017], [115.72818555768146, 40.3574163010656], [115.72806781915094, 40.35741500612453], [115.72806951195453, 40.35732493592256], [115.72795177358825, 40.3573236408658], [115.72795346654078, 40.35723357066647], [115.72783572833872, 40.35723227549397], [115.72783742144024, 40.357142205297286], [115.7276019453722, 40.35713961460104], [115.72760363877926, 40.357049544411076], [115.72736816305498, 40.357046953243774], [115.72736985676757, 40.356956883060526], [115.72725211907348, 40.35695558730124], [115.72725381293505, 40.35686551712065], [115.72713607540517, 40.35686422124565], [115.72713776941568, 40.356774151067704], [115.72690229469207, 40.35677155896644], [115.72690398900811, 40.356681488795225], [115.72666851462823, 40.35667889622291], [115.7266702092498, 40.35658882605843], [115.72655247222792, 40.35658752959664], [115.72655416699845, 40.3564974594348], [115.72631869329079, 40.35649486615999], [115.72632038836686, 40.35640479600489], [115.72596717833248, 40.35640090520638], [115.72596887387064, 40.35631083506213], [115.72573340086582, 40.35630824060559], [115.7257350967095, 40.35621817046808], [115.72561736037514, 40.3562168730642], [115.72561905636776, 40.35612680292931], [115.72550132019764, 40.35612550540972], [115.72550301633918, 40.356035435277505], [115.7253852803333, 40.3560341376422], [115.72538697662377, 40.35594406751261], [115.72526924078214, 40.35594276976161], [115.72527093722152, 40.35585269963465], [115.72479999455781, 40.35584750744892], [115.72479829749209, 40.35593757755942], [115.72468056168871, 40.35593627920935], [115.72467546997585, 40.356206489519785], [115.72443999745258, 40.35620389243552], [115.72444169501102, 40.35611382234173], [115.72420622283154, 40.356111224786446], [115.72420792069552, 40.35602115469941], [115.72397244885984, 40.35601855667309], [115.7239741470293, 40.355928486592816], [115.72373867553742, 40.355925888095456], [115.7237403740124, 40.35583581802194], [115.72350490286435, 40.35583321905356], [115.72350660164481, 40.355743148986804], [115.72327113084057, 40.3557405495474], [115.72327282992653, 40.355650479487394], [115.7231550946925, 40.355649179592085], [115.72315849315457, 40.35546903947593], [115.7229230233358, 40.35546643934233], [115.72292642239353, 40.35528629923675], [115.72269095323173, 40.35528369864038], [115.72269265306227, 40.35519362859362], [115.72257491864943, 40.35519232811982], [115.72257661862886, 40.35510225807572], [115.72245888438027, 40.35510095748624], [115.72246058450861, 40.35501088744479], [115.72222511634762, 40.355008285914636], [115.72222681678143, 40.35491821587994], [115.72199134896427, 40.354915613878774], [115.72199304970357, 40.354825543850865], [115.72105117999448, 40.35481513108684], [115.72105288197866, 40.3547250610904], [115.72058194793466, 40.354719851849474], [115.72058365053744, 40.354629781868056], [115.72011271724263, 40.3546245707267], [115.720114420464, 40.354534500760316], [115.71976122104329, 40.35453059115869], [115.71975951735217, 40.354620661112705], [115.7194063175309, 40.35461675042045], [115.7194046133624, 40.35470682036062], [115.71928687994743, 40.3547055165528], [115.71928347127421, 40.354885656420485], [115.7191657375538, 40.35488435248458], [115.7191640330491, 40.3549744224121], [115.7190462991798, 40.35497311835227], [115.71904459451082, 40.355063188274194], [115.71880912648216, 40.35506057978685], [115.71880571649484, 40.355240719609796], [115.71904118514979, 40.35524332811363], [115.71903948045774, 40.35533339803115], [115.71915721495334, 40.355334702107484], [115.71915551041018, 40.35542477202766], [115.71927324507004, 40.355426075988305], [115.71926813186415, 40.35569628575242], [115.71938586700144, 40.35569758960565], [115.71938416274067, 40.355787659528204], [115.71867775109286, 40.35577983458694], [115.71867945629309, 40.35568976468915], [115.717502105728, 40.355676713576734], [115.71750381248631, 40.355586643718766], [115.71691513827534, 40.35558011369031], [115.71691343073414, 40.3556701835276], [115.71679569575848, 40.355668877158344], [115.71679740345627, 40.35557880732518], [115.71667966864489, 40.35557750084024], [115.7166779607905, 40.35566757066927], [115.71656022583026, 40.35566626406038], [115.7165619338412, 40.35557619423549], [115.71609099470353, 40.3555709666184], [115.71609441195494, 40.355390826997315], [115.71597667750295, 40.35538951980178], [115.71597838627366, 40.355299449993176], [115.71574291770594, 40.35529683525097], [115.71574462678208, 40.35520676544918], [115.71550915855836, 40.355204150236005], [115.71551086793997, 40.35511408044102], [115.71539313399624, 40.35511277265886], [115.7153948435267, 40.35502270286654], [115.71515937597553, 40.35502008695107], [115.71516108581142, 40.35493001716558], [115.71504335220398, 40.354928709032265], [115.71504506218872, 40.354838639249444], [115.71492732874559, 40.35483733100047], [115.71492903887918, 40.35474726122032], [115.7148113056003, 40.35474595285567], [115.71481301588275, 40.35465588307819], [115.71469528276818, 40.354654574597895], [115.7146969931995, 40.354564504823074], [115.71446152730661, 40.35456188751132], [115.71446323804334, 40.35447181774334], [115.71411003973161, 40.35446789088961], [115.71411175093033, 40.35437782113258], [115.71399401833177, 40.35437651194587], [115.71399572967934, 40.3542864421915], [115.71376026481849, 40.35428382346695], [115.71376197647147, 40.35419375371942], [115.71352651195465, 40.35419113452393], [115.71352822391302, 40.35410106478324], [115.71329275974023, 40.35409844511682], [115.71329447200401, 40.35400837538293], [115.71317674008579, 40.35400706537416], [115.71317845249841, 40.35391699564296], [115.71306072074445, 40.35391568551852], [115.71306243330592, 40.35382561579], [115.71294470171622, 40.35382430554992], [115.71294641442655, 40.35373423582407], [115.71271095158349, 40.353731614992796], [115.71271266459921, 40.353641545273774], [115.71259493334584, 40.35364023468259], [115.71259664651038, 40.35355016496625], [115.7124789154213, 40.35354885425941], [115.7124823420403, 40.353368714830616], [115.71236461127206, 40.35336740401227], [115.71236803817328, 40.3531872645859], [115.71225030772588, 40.35318595365605], [115.71225202132145, 40.35309588394481], [115.71213429103835, 40.35309457289931], [115.71213771851941, 40.352914433480755], [115.71201998855716, 40.35291312232374], [115.71202513019043, 40.35264291319732], [115.71178967122843, 40.35264029054882], [115.71179138540386, 40.35255022084539], [115.71143819748852, 40.35254628598662], [115.71143991212585, 40.35245621629416], [115.71132218299275, 40.352454904439135], [115.71132389777888, 40.352364834749366], [115.7112061688101, 40.35236352277868], [115.71120788374505, 40.35227345309159], [115.71109015494054, 40.35227214100527], [115.71109530016862, 40.35200193194768], [115.7109775718415, 40.352000619754016], [115.71098100226796, 40.35182048038325], [115.71086327426165, 40.35181916807811], [115.71086670497027, 40.35163902870978], [115.7107489772848, 40.35163771629316], [115.71075069278403, 40.35154764661093], [115.71063296526286, 40.35154633407867], [115.71063639655122, 40.35136619471814], [115.71051866935085, 40.35136488207439], [115.71052038513999, 40.351274812396085], [115.7104026581039, 40.35127349963669], [115.710406089972, 40.35109336028399], [115.71028836325675, 40.35109204741312], [115.7102900793357, 40.351001977738726], [115.71017235278472, 40.35100066475221], [115.7101740690125, 40.3509105950805], [115.7100563426258, 40.35090928197835], [115.71005805900239, 40.35081921230933], [115.70994033277998, 40.35081789909156], [115.70994376582297, 40.35063775975742], [115.70982603992138, 40.350636446428176], [115.70982947324644, 40.35045630709648], [115.7097117476657, 40.35045499365575], [115.70971689806483, 40.350184784659675], [115.7095991729614, 40.350183471111635], [115.70960260683519, 40.35000333178189], [115.70972033162553, 40.35000464532163], [115.7097289153918, 40.34955429695081], [115.70984663940725, 40.34955561034997], [115.70985522219728, 40.34910526192167], [115.70997294543784, 40.34910657518026], [115.70997981090437, 40.34874629639458], [115.71009753352658, 40.348747609516764], [115.71010439824316, 40.34838733069097], [115.71022212024704, 40.348388643676756], [115.71022555224584, 40.34820850424674], [115.71034327394442, 40.348209817104426], [115.7103467055992, 40.348029677660236], [115.7104644269925, 40.34803099038983], [115.7104695739471, 40.34776078120009], [115.71058729487856, 40.34776209379744], [115.71059072582993, 40.34758195432194], [115.7107084464561, 40.34758326679122], [115.71071187706346, 40.34740312730155], [115.71082959738438, 40.34740443964275], [115.71083817298484, 40.34695409087213], [115.71072045344648, 40.34695277855172], [115.71072216869989, 40.34686270879734], [115.71048672995943, 40.34686008380548], [115.71048844551808, 40.34677001405795], [115.71037072631599, 40.34676870138652], [115.71037244202341, 40.346678631641666], [115.71025472298554, 40.346677318854624], [115.7102581546902, 40.346497179368846], [115.71037587341506, 40.34649849214759], [115.71037930477576, 40.34631835264763], [115.71002614956342, 40.34631441397702], [115.71002443341744, 40.34640448371526], [115.70978899633492, 40.346401857327706], [115.70978727986818, 40.34649192705617], [115.70955184250363, 40.346489300181204], [115.70955012571613, 40.346579369899885], [115.70931468806955, 40.34657674253752], [115.70931297096129, 40.346666812246426], [115.70907753303268, 40.346664184396644], [115.70907581560367, 40.34675425409577], [115.70884037739303, 40.34675162575859], [115.70883865964326, 40.346841695447914], [115.70860322115061, 40.34683906662332], [115.70860150308009, 40.34692913630286], [115.70848378368886, 40.34692782170676], [115.70848206545409, 40.347017891380666], [115.7082466263819, 40.34701526182079], [115.70824490782634, 40.34710533148491], [115.70800946847216, 40.34710270143762], [115.70800774959584, 40.34719277109196], [115.70777230995964, 40.347190140557245], [115.70777059076252, 40.34728021020179], [115.70753515084432, 40.34727757917964], [115.70753343132647, 40.347367648814384], [115.70729799112625, 40.34736501730482], [115.70729627128762, 40.34745508692976], [115.70717855104265, 40.347453770991166], [115.7071768310397, 40.34754384061046], [115.707059110646, 40.34754252454791], [115.70705567030384, 40.34772266377381], [115.70693794960485, 40.347721347583146], [115.70693622926562, 40.34781141718972], [115.7068185084179, 40.34781010087513], [115.70681678791439, 40.34790017047606], [115.70669906691788, 40.34789885403752], [115.70669734625011, 40.34798892363282], [115.70657962510485, 40.34798760707033], [115.70657790427282, 40.348077676660004], [115.70646018297882, 40.348076359973575], [115.70645846198248, 40.348166429557615], [115.70634074053973, 40.34816511274724], [115.7063390193791, 40.34825518232563], [115.7062212977876, 40.34825386539132], [115.7062195764627, 40.348343934964085], [115.70610185472245, 40.34834261790581], [115.70610013323326, 40.348432687472936], [115.705864689463, 40.34843005298871], [115.705862967653, 40.34852012254603], [115.70574524562302, 40.348518805120094], [115.70574352364875, 40.34860887467179], [115.70550807929902, 40.34860623945222], [115.70550635700393, 40.34869630899408], [115.7053886346842, 40.34869499120045], [115.70538691222481, 40.34878506073668], [115.70515146729564, 40.34878242478175], [115.70514974451544, 40.348872494308175], [115.70491429930429, 40.34886985786577], [115.7049125762033, 40.348959927382374], [115.70432396252882, 40.34895333415934], [115.70432568641243, 40.348863264663606], [115.70409024131013, 40.348860626544266], [115.704091965499, 40.348770557055396], [115.70385652074083, 40.34876791846529], [115.70385824523498, 40.34867784898332], [115.70362280082097, 40.34867520992244], [115.70362452562036, 40.34858514044736], [115.70338908155054, 40.34858250091572], [115.70339080665518, 40.3484924314475], [115.70327308478846, 40.34849111150619], [115.70327481004186, 40.34840104204069], [115.70303936664479, 40.34839840180709], [115.7030428177543, 40.3482182628884], [115.70292509638047, 40.348216942600295], [115.70292682208004, 40.34812687314293], [115.70280910087052, 40.34812555273921], [115.70281082671885, 40.34803548328456], [115.70257538463619, 40.34803284212617], [115.70257711078975, 40.3479427726784], [115.70175306484134, 40.347933524880325], [115.70175133759217, 40.348023594298816], [115.7010450118583, 40.348015662918385], [115.70104674004655, 40.347925593524984], [115.7006935777544, 40.34792162623033], [115.70069530640438, 40.347831556848035], [115.70057758581244, 40.34783023418112], [115.70057931461116, 40.34774016480153], [115.70034387376367, 40.34773751911675], [115.70034560286761, 40.347647449744066], [115.70011016236437, 40.34764480358856], [115.70011189177353, 40.347554734222776], [115.69987645161451, 40.34755208759653], [115.69987472189234, 40.34764215695395], [115.6994038410419, 40.347636862247434], [115.69940211068585, 40.3477269315866], [115.69928439033625, 40.34772560760633], [115.6992826598159, 40.347815676939845], [115.6991649393176, 40.34781435283561], [115.69916320863291, 40.34790442216347], [115.69904548798591, 40.34790309793528], [115.69904202628014, 40.34808323657819], [115.69892430532788, 40.348081912221836], [115.69892084327785, 40.348262050850494], [115.69880312202038, 40.34826072636599], [115.69880139082714, 40.348350795673916], [115.69856594802262, 40.34834814633718], [115.69856421650853, 40.348438215635255], [115.69844649496147, 40.34843689078303], [115.69844476328306, 40.34852696007545], [115.69832704158728, 40.34852563509925], [115.69832530974452, 40.348615704386], [115.69808986606338, 40.34861305406587], [115.69809159821916, 40.34852298478751], [115.69785615488233, 40.34852033399667], [115.69785788734333, 40.3484302647252], [115.69774016584313, 40.34842893915432], [115.69774189845283, 40.348338869885595], [115.69762417711699, 40.34833754419911], [115.69763110810369, 40.34797726712634], [115.69751338740173, 40.34797594133687], [115.69752898307317, 40.34716531787496], [115.69764670236658, 40.34716664362667], [115.69765016767235, 40.34698650505503], [115.69753244869196, 40.346985179311716], [115.69753591427948, 40.34680504074259], [115.69741819561993, 40.346803714887905], [115.69741992855846, 40.346713645605334], [115.69671361770436, 40.346705687987175], [115.69671188382681, 40.34679575724455], [115.69647644662497, 40.3467931037386], [115.69647471242659, 40.34688317298612], [115.69565068137118, 40.34687388191312], [115.6956524166651, 40.346783812695016], [115.69541697960412, 40.3467811570332], [115.69541871520322, 40.34669108782202], [115.695300996841, 40.34668975981565], [115.6953044683287, 40.34650962139732], [115.69518675028728, 40.34650829327959], [115.69519022205668, 40.346328154863784], [115.69507250433611, 40.34632682663469], [115.69507597638716, 40.34614668822142], [115.69495825898741, 40.346145359880964], [115.69495999515769, 40.34605529067632], [115.69484227792228, 40.34605396222032], [115.69484401424123, 40.345963893018414], [115.6946085801069, 40.3459612357555], [115.694610316731, 40.34587116656054], [115.69402173231475, 40.34586452132837], [115.69401999490819, 40.345954590502295], [115.69390227789195, 40.345953261092355], [115.69390054032101, 40.346043330260606], [115.69378282315613, 40.34604200072669], [115.69377934767776, 40.34622213905037], [115.69366163020773, 40.346220809388264], [115.69365815438503, 40.346400947697646], [115.69354043660981, 40.34639961790735], [115.69353869853019, 40.34648968705564], [115.69342098060632, 40.34648835714137], [115.69341924236238, 40.346578426283976], [115.69330152428984, 40.34657709624573], [115.69329804746542, 40.34675723451811], [115.69318032908772, 40.346755904351674], [115.69317859050726, 40.34684597348144], [115.69306087198089, 40.34684464319103], [115.69305739448339, 40.34702478143775], [115.69293967565187, 40.34702345101915], [115.69293793673486, 40.347113520136084], [115.69282021775467, 40.3471121895935], [115.69281673958412, 40.34729232781455], [115.69269902029878, 40.34729099714377], [115.6926972810452, 40.347381066247884], [115.69210868395365, 40.34737441107631], [115.69211564405094, 40.3470141347353], [115.69223336282754, 40.34701546599231], [115.6922385823486, 40.34674525870848], [115.69235630066352, 40.346746589833074], [115.69235977999197, 40.34656645162809], [115.69247749800174, 40.34656778262449], [115.69248271646607, 40.346297575293335], [115.6926004340142, 40.34629890615733], [115.69260565193842, 40.34602869880032], [115.69272336902489, 40.3460300295319], [115.69272510816079, 40.34593996040576], [115.6928428250986, 40.34594129101336], [115.69284456407016, 40.34585122188154], [115.69296228085932, 40.34585255236517], [115.69296575846587, 40.345672414088675], [115.69308347494992, 40.34567374444412], [115.69308521358492, 40.34558367529946], [115.69320292992032, 40.34558500553093], [115.69321336062683, 40.34504459060683], [115.6929779298418, 40.34504193007466], [115.6929796685784, 40.34495186092392], [115.69274423813773, 40.34494919992111], [115.6927459771795, 40.34485913077734], [115.6920396869847, 40.34485114491989], [115.69203794700401, 40.3449412140384], [115.6918025166889, 40.3449385511194], [115.69180077638741, 40.34502862022801], [115.69168306108512, 40.345027288584646], [115.69168132061928, 40.34511735768757], [115.69121045886276, 40.34511202989963], [115.69121219995453, 40.34502196081359], [115.69109448469153, 40.34502062857141], [115.69109622593196, 40.3449305594881], [115.69097851083329, 40.34492922713038], [115.69098025222235, 40.34483915804981], [115.69086253728803, 40.344837825576555], [115.6908642788257, 40.34474775649873], [115.69062884929359, 40.344745091201354], [115.69062710744295, 40.34483516027074], [115.69039167762926, 40.344832494485885], [115.69038993545779, 40.34492256354535], [115.69027222040624, 40.34492123046905], [115.6902704780704, 40.34501129952285], [115.69015276287026, 40.34500996632257], [115.69015102037007, 40.34510003537068], [115.69003330502129, 40.34509870204642], [115.69003156235675, 40.34518877108883], [115.68991384685931, 40.34518743764059], [115.68991210403044, 40.345277506677306], [115.68932352587886, 40.34527083761857], [115.68932526949018, 40.345180768602944], [115.68920755403995, 40.34517943443613], [115.6892162727611, 40.344729089357166], [115.68933398742888, 40.34473042350287], [115.68933747454932, 40.344550285452534], [115.689455188912, 40.34455161947004], [115.68945693230395, 40.34446155043845], [115.68957464651801, 40.34446288433197], [115.68957813296534, 40.344282746255935], [115.6896958468743, 40.34428408002125], [115.68969758992966, 40.34419401097681], [115.68981530369004, 40.344195344618136], [115.68981878946423, 40.34401520651641], [115.6899365029195, 40.344016540029536], [115.6899417310524, 40.34374633285326], [115.69005944404607, 40.343747666233966], [115.69006118658484, 40.343657597168054], [115.6901788994299, 40.34365893042479], [115.69018064180432, 40.34356886135318], [115.69029835450077, 40.34357019448593], [115.69030009671087, 40.34348012540863], [115.69041780925868, 40.34348145841742], [115.69041955130446, 40.343391389334435], [115.6903018389131, 40.343390056329866], [115.69030358110747, 40.34329998724964], [115.69006815666131, 40.343297320889675], [115.69006989916078, 40.3432072518164], [115.68995218710597, 40.34320591846103], [115.68995392975404, 40.34311584939051], [115.68983621786356, 40.34311451591959], [115.68983796066026, 40.34302444685182], [115.6897202489341, 40.34302311326537], [115.68972199187941, 40.34293304420035], [115.68948656876364, 40.34293037667662], [115.689488312014, 40.34284030761859], [115.6893706006244, 40.34283897368131], [115.68937234402338, 40.34274890462603], [115.6892546327981, 40.34274757057321], [115.68925637634571, 40.34265750152069], [115.68902095423167, 40.34265483306426], [115.68902269808433, 40.342564764018704], [115.6887872763147, 40.34256209509172], [115.68878902047244, 40.342472026053144], [115.6885535990472, 40.34246935665561], [115.68855534351002, 40.34237928762401], [115.6883199224292, 40.34237661775591], [115.68832166719707, 40.342286548731295], [115.68808624646067, 40.34228387839264], [115.68808799153359, 40.34219380937501], [115.68773486095742, 40.34218980298159], [115.6877366064919, 40.34209973397516], [115.68761889647203, 40.34209839827543], [115.6876206421551, 40.342008329271756], [115.68738522245197, 40.34200565752147], [115.68738696844005, 40.3419155885248], [115.68715154908135, 40.34191291630397], [115.6871532953745, 40.341822847314276], [115.6868001668649, 40.34181883809762], [115.68680191361955, 40.34172876911914], [115.68644878565027, 40.34172475883745], [115.6864505328664, 40.3416346898702], [115.68609740543744, 40.34163067852346], [115.68609915311508, 40.341540609567446], [115.68598144414433, 40.3415392722166], [115.68598493978892, 40.34135913430862], [115.68574952249686, 40.341356459264624], [115.68575127062024, 40.341266390316896], [115.6853981452107, 40.341262376865515], [115.68539989379556, 40.341172307929014], [115.68528218549794, 40.341170969876636], [115.68528393423138, 40.341080900942906], [115.6850485179727, 40.341078224487376], [115.68505026701118, 40.340988155560645], [115.68493255905014, 40.34098681715751], [115.6849308098552, 40.341076886079996], [115.68457768555005, 40.34107287013937], [115.68457593587789, 40.34116293904769], [115.68434051940098, 40.34116026114673], [115.68433876940801, 40.341250330045106], [115.68410335264977, 40.3412476516567], [115.68410160233597, 40.34133772054513], [115.68327764283573, 40.34132834238403], [115.6832793942447, 40.341238273525306], [115.68304397762864, 40.341235592981484], [115.68304572934265, 40.34114552412975], [115.6828103130711, 40.341142843115435], [115.6828120650901, 40.34105277427074], [115.68269435712266, 40.3410514335882], [115.68269610929022, 40.34096136474628], [115.6825784014871, 40.340960023948234], [115.68258015380323, 40.34086995510908], [115.68222703091067, 40.34086593200924], [115.68222878368825, 40.340775863181356], [115.68187566133624, 40.34077183901656], [115.68187741457525, 40.340681770199936], [115.68046492775656, 40.34066566281487], [115.6804631726401, 40.34075573158052], [115.68011005064416, 40.34075170202728], [115.68010829505042, 40.340841770778695], [115.67999058757782, 40.34084042735055], [115.6799853202798, 40.341110633583234], [115.68010302822175, 40.341111977024134], [115.6800977613218, 40.34138218325633], [115.67998005291047, 40.341380839802675], [115.67997829710484, 40.34147090853955], [115.67974287999304, 40.341468221264485], [115.67974112386658, 40.341558289991376], [115.67938799778891, 40.341554258167925], [115.67939151097264, 40.34137412073819], [115.67927380260883, 40.341372776566054], [115.67927555934526, 40.34128270785323], [115.67915785114585, 40.3412813635656], [115.6791596080308, 40.34119129485557], [115.67904189999577, 40.341189950452446], [115.67904365702925, 40.341099881745194], [115.67892594915861, 40.341098537226586], [115.67892770634063, 40.341008468522126], [115.67880999863435, 40.341007123888026], [115.67881175596492, 40.34091705518636], [115.67869404842301, 40.340915710436775], [115.67869580590208, 40.340825641737865], [115.67810726909379, 40.340818916215106], [115.67810551083244, 40.34090898489273], [115.67798780333813, 40.340907639424685], [115.67798604491239, 40.34099770809657], [115.67786833726956, 40.34099636250453], [115.67786657867944, 40.34108643117068], [115.67763116310465, 40.34108373961884], [115.67762940419371, 40.341173808275], [115.67715857251349, 40.34116842371736], [115.67716033205026, 40.34107835507824], [115.67704262430651, 40.34107700864374], [115.6770443839918, 40.34098694000741], [115.67669126127753, 40.34098289999821], [115.67669302142423, 40.34089283137321], [115.67681072883127, 40.34089417815843], [115.67681248881357, 40.34080410952768], [115.676694781563, 40.340802762746726], [115.67669654169383, 40.34071269411878], [115.67646112752938, 40.34071000020617], [115.67646288796516, 40.34061993158528], [115.6763451810513, 40.34061858445362], [115.67634694163561, 40.34052851583552], [115.67622923488614, 40.3405271685884], [115.67623099561894, 40.340437099973094], [115.67611328903385, 40.3404357526105], [115.67611504991518, 40.34034568399798], [115.67635046278038, 40.34034837859492], [115.67635222334084, 40.340258309972405], [115.67599910452431, 40.34025426791018], [115.6760026265601, 40.34007413068633], [115.67612033251145, 40.34007547815162], [115.67612385420259, 40.339895340913344], [115.67600614856413, 40.33989399345659], [115.67600967053637, 40.339713856220975], [115.67577425990906, 40.33971116096532], [115.67577602119619, 40.33962109235382], [115.67530520066266, 40.33961570042271], [115.6753034387498, 40.339705769017144], [115.67506802821785, 40.33970307232462], [115.67506626598416, 40.33979314090902], [115.67494856057363, 40.33979179237889], [115.67494327335551, 40.3400619981105], [115.67482556748362, 40.3400606494478], [115.67482380490526, 40.3401507180178], [115.67470609888485, 40.340149369231106], [115.6747043361421, 40.340239437795354], [115.6744689238123, 40.340236739854234], [115.67446716074865, 40.34032680840847], [115.67352551049608, 40.34031601182018], [115.67352727481128, 40.34022594330011], [115.67340956872195, 40.34022459319201], [115.67341133318565, 40.340134524674745], [115.67329362726075, 40.34013317445119], [115.67329539187291, 40.340043105936736], [115.67317768611241, 40.340041755597696], [115.67318121562577, 40.339861618572925], [115.67259268850707, 40.33985486512446], [115.67259092297215, 40.339944933616216], [115.67223780632715, 40.33994088009746], [115.6722395723314, 40.33985081161853], [115.67212186695544, 40.33984946021041], [115.67212363310817, 40.33975939173429], [115.67200592789662, 40.33975804021071], [115.67201122677633, 40.33948783478638], [115.67212893151856, 40.33948918629712], [115.67213246375232, 40.33930904933165], [115.67225016818963, 40.339310400714105], [115.67225193413812, 40.33922033222489], [115.67213422985726, 40.33921898084671], [115.67213952812425, 40.33894877538306], [115.67202182432065, 40.338947423897984], [115.67202359055014, 40.33885735541143], [115.67178818327972, 40.33885465209063], [115.67178994981414, 40.33876458361116], [115.6716722463473, 40.33876323177544], [115.67167401303018, 40.338673163298786], [115.67155630972776, 40.3386718113476], [115.6715580765591, 40.33858174287376], [115.6709695609487, 40.338574981343285], [115.67097132855423, 40.33848491288937], [115.67085362561251, 40.338483560228354], [115.67085185785055, 40.33857362867799], [115.67049874860392, 40.33856956996371], [115.67049698036469, 40.33865963839904], [115.67026157392728, 40.3386569319823], [115.67025803679915, 40.338837068831374], [115.67014033327953, 40.33883571543485], [115.67013856454707, 40.3389257838529], [115.67002086087902, 40.33892443033234], [115.67001555416444, 40.339194635564816], [115.67013325830183, 40.33919598909823], [115.67012087678363, 40.339826467952506], [115.67000317155117, 40.339825114389114], [115.66999963358988, 40.34000525118281], [115.66976422252314, 40.34000254367965], [115.66976245321763, 40.340092612065725], [115.66940933620805, 40.340088549900116], [115.66940756642522, 40.34017861827186], [115.66928986061485, 40.34017726397289], [115.6692880906676, 40.340267332338875], [115.66905267875799, 40.34026462337316], [115.66905090848987, 40.34035469172908], [115.66822696596263, 40.340345206547234], [115.6682287373259, 40.34025513822132], [115.66775791382618, 40.3402497155003], [115.66775968580723, 40.34015964719007], [115.66705345173612, 40.340151509542125], [115.66705167881639, 40.340241577826596], [115.66693397300942, 40.34024022112857], [115.66693219992528, 40.340330289407255], [115.66681449396987, 40.3403289325852], [115.66681094746465, 40.34050906912959], [115.66669324120434, 40.34050771217919], [115.6666861474722, 40.34086798523315], [115.66680385435832, 40.34086934220073], [115.6668020810617, 40.340959410464826], [115.66691978811228, 40.34096076731696], [115.66691624180801, 40.34114090384934], [115.66679853444455, 40.34113954698863], [115.66679676112398, 40.34122961524831], [115.66656134610814, 40.341226901159054], [115.66656311974162, 40.34113683290796], [115.66620999774723, 40.34113276088889], [115.66620822364439, 40.3412228291271], [115.66585510125267, 40.34121875601745], [115.66585332667248, 40.3413088242413], [115.66526478873078, 40.34130203330888], [115.66526301336029, 40.341392101509754], [115.66502759792677, 40.34138938428999], [115.66502582223536, 40.34147945248079], [115.66490811437417, 40.341478093686995], [115.66490633851834, 40.341568161872026], [115.66467092250703, 40.34156544391659], [115.66466914633027, 40.341655512091556], [115.66455143818017, 40.34165415292991], [115.66454966183893, 40.3417442210991], [115.66443195354042, 40.34174286181342], [115.6644301770347, 40.34183292997684], [115.66431246858775, 40.34183157056711], [115.66430891523936, 40.34201170688091], [115.6641912064875, 40.34201034734283], [115.66418942964482, 40.34210041549321], [115.66371859409169, 40.342094976126226], [115.66371681661516, 40.34218504425792], [115.66336368956512, 40.34218096346241], [115.66336546751101, 40.34209089534363], [115.66301234100249, 40.342086813483334], [115.66301411940974, 40.34199674537599], [115.66289641074607, 40.341995384520715], [115.66289996784943, 40.34181524831023], [115.66278225950668, 40.34181388734382], [115.66278403820279, 40.341723819240684], [115.66266633002452, 40.341722458158834], [115.66266988770556, 40.34154232195676], [115.66255217984822, 40.34154096076378], [115.66256107469263, 40.34109062025435], [115.66267878176771, 40.341091981425784], [115.66268411810871, 40.34082177708956], [115.66280182472245, 40.34082313812833], [115.6628053819301, 40.34064300188818], [115.66292308823895, 40.3406443627986], [115.6629248666743, 40.34055429467201], [115.66304257283474, 40.34055565545839], [115.66304435110561, 40.34046558732603], [115.66316205711763, 40.340466947988354], [115.66316383522404, 40.340376879850204], [115.66328154108764, 40.340378240388475], [115.66328331902959, 40.34028817224456], [115.66340102474473, 40.340289532658794], [115.66340280252224, 40.3401994645091], [115.66352050808896, 40.34020082479929], [115.66352228570199, 40.34011075664381], [115.66363999112029, 40.340112116809955], [115.66364710086646, 40.33975184415611], [115.66376480566703, 40.3397532041853], [115.66377546910708, 40.33921279513455], [115.66389317297704, 40.33921415501817], [115.66389495003256, 40.33912408683359], [115.6640126537541, 40.33912544659318], [115.66401443064517, 40.339035378402826], [115.66413213421828, 40.33903673803838], [115.6641339109449, 40.338946669842244], [115.6642516143696, 40.33894802935376], [115.66425339093178, 40.33885796115184], [115.66448879749233, 40.33886067980708], [115.66449234996689, 40.33868054338162], [115.66461005294633, 40.338681902521024], [115.66462248525997, 40.33805142495552], [115.66450478337553, 40.33805006584622], [115.66450833570589, 40.33786992939429], [115.66439063414234, 40.337868570173875], [115.6643941867535, 40.33768843372465], [115.66415878427613, 40.337685714941834], [115.66416056088252, 40.337595646723635], [115.66298355054076, 40.337582045668974], [115.66298177237012, 40.33767211384412], [115.66251096783223, 40.33766667005268], [115.6625145254169, 40.337486533735344], [115.66227912382178, 40.33748381113848], [115.66228090291493, 40.33739374298623], [115.66216320228583, 40.337392381512515], [115.66216498152735, 40.33730231336311], [115.66204728106273, 40.33730095177398], [115.66204906045265, 40.3372108836274], [115.66193136015244, 40.33720952192286], [115.66193491922105, 40.33702938563391], [115.66205261920842, 40.337030747329834], [115.66205795728189, 40.336760542872426], [115.66217565680803, 40.33676190443568], [115.66217743599337, 40.33667183627597], [115.66205973662368, 40.33667047471702], [115.6620615159574, 40.33658040656012], [115.66194381675213, 40.33657904488575], [115.66194737570837, 40.336398908576186], [115.66182967682393, 40.33639754679072], [115.66183679526576, 40.33603727417117], [115.661719097015, 40.336035912283215], [115.66172087676179, 40.33594584412895], [115.66160317867548, 40.3359444821256], [115.66160673845782, 40.33576434582129], [115.66148904069236, 40.33576298370683], [115.66149082072788, 40.335672915556785], [115.66125542553385, 40.33567019097734], [115.66125898620643, 40.335490054690055], [115.6611412889343, 40.33548869222939], [115.66114306941496, 40.33539862408786], [115.66102537230725, 40.33539726151177], [115.6610324947752, 40.33503698894818], [115.66056170892708, 40.33503153751572], [115.66055992769654, 40.33512160564157], [115.66044223109819, 40.335120242479846], [115.6604404497032, 40.33521031059992], [115.66055814645796, 40.33521167376594], [115.66055458395667, 40.335391810010286], [115.6607899781159, 40.33539453600047], [115.66078819716601, 40.33548460412906], [115.66102359167017, 40.33548732964899], [115.66101824971078, 40.33575753405182], [115.66113594744412, 40.33575889664515], [115.66113416693135, 40.335848964780794], [115.66125186482911, 40.335850327258726], [115.66124118252225, 40.33639073606755], [115.66147658021883, 40.336393460715975], [115.66147123989545, 40.336663665126395], [115.66123584126038, 40.33666094045208], [115.66123762168901, 40.336570872325375], [115.66111992253994, 40.33656950981294], [115.66112170311696, 40.336479441689086], [115.66100400413234, 40.33647807906125], [115.66100578485775, 40.336388010940226], [115.66088808603757, 40.33638664819698], [115.66088986691136, 40.33629658007879], [115.66077216825562, 40.33629521722014], [115.66077573029193, 40.33611508098799], [115.66065803195706, 40.33611371801825], [115.66066337542053, 40.335843513671904], [115.66054567756288, 40.33584215059539], [115.66054745885772, 40.335752082481314], [115.6600766681332, 40.3357466289953], [115.66007488621273, 40.3358366970921], [115.65995718839528, 40.33583533341699], [115.6599554063104, 40.33592540150801], [115.65972001038679, 40.33592267378999], [115.65971822798103, 40.33601274187091], [115.6596005298749, 40.336011377828], [115.65959874730467, 40.33610144590314], [115.65948104905014, 40.33610008173618], [115.65947926631549, 40.33619014980552], [115.65912617113095, 40.3361860565734], [115.65912260469904, 40.33636619268174], [115.65900490600745, 40.33636482802295], [115.65900133923053, 40.33654496411677], [115.65841284432916, 40.33653813898382], [115.65841462850373, 40.33644807095926], [115.65829692970401, 40.33644670557781], [115.65829514537303, 40.33653677359806], [115.65794204855294, 40.336532676722456], [115.65793847892837, 40.3367128127326], [115.65782077969162, 40.336711446859304], [115.65782256466433, 40.3366213788593], [115.65770486559204, 40.33662001287061], [115.65770843582614, 40.33643987687483], [115.65759073707474, 40.336438510775054], [115.65759252233612, 40.33634844277927], [115.65747482374915, 40.33634707656412], [115.65747839456058, 40.33616694057678], [115.65736069629452, 40.33616557425054], [115.65736426738658, 40.33598543826597], [115.65724656944136, 40.33598407182868], [115.65724835513171, 40.335894003838504], [115.65689526181366, 40.33588990382126], [115.65689704796519, 40.33579983584259], [115.6563085600449, 40.335793000107785], [115.65630498616973, 40.335973136020364], [115.65595189257583, 40.33596903311689], [115.6559393804742, 40.33659950867363], [115.65582168153081, 40.33659814076939], [115.65582525677013, 40.336418004912055], [115.65570755814763, 40.33641663689676], [115.6557164968869, 40.3359662972493], [115.65524570560576, 40.33596082407751], [115.65524212888297, 40.33614095990626], [115.65512443077004, 40.33613959130536], [115.65512264224013, 40.33622965921318], [115.65500494397885, 40.33622829048822], [115.65500315528448, 40.33631835839025], [115.65488545687487, 40.336316989541245], [115.654883668016, 40.33640705743746], [115.65476596945803, 40.336405688464396], [115.65476418043468, 40.3364957563548], [115.65464648172839, 40.33649438725768], [115.65464290334467, 40.33667452302544], [115.65440750533062, 40.33667178445469], [115.65440571581382, 40.33676185232768], [115.65417031751923, 40.33675911326938], [115.65417210734886, 40.33666904540506], [115.65381901043675, 40.33666493593269], [115.65382080072754, 40.3365748680799], [115.6537031019294, 40.336573498020684], [115.65370489236851, 40.336483430170745], [115.65358719373485, 40.336482059996136], [115.65358898432231, 40.33639199214908], [115.65288279362852, 40.3363837686133], [115.65288458514635, 40.33629370079079], [115.65253149037778, 40.3362895874197], [115.65253328235677, 40.336199519608726], [115.65194479201949, 40.336192661617545], [115.65194299925845, 40.3362827294068], [115.6513545083413, 40.336275868400925], [115.65135271479011, 40.33636593616699], [115.65123501647454, 40.33636456360232], [115.6512314290351, 40.33654469912133], [115.65111373041479, 40.33654332642824], [115.65111014263013, 40.33672346193267], [115.65099244370509, 40.33672208911118], [115.65099064964426, 40.33681215685683], [115.65075525150561, 40.33680941084598], [115.65075345712383, 40.33689947858148], [115.65063575791022, 40.336898105392116], [115.65063216880952, 40.33707824084999], [115.65051446929121, 40.33707686753223], [115.65050729036703, 40.33743713841294], [115.65038959023113, 40.33743576495806], [115.65038779532344, 40.3375258326702], [115.6501523947631, 40.33752308539255], [115.65015418998362, 40.3374330176891], [115.65003648987201, 40.33743164387504], [115.6500562384841, 40.3364408990877], [115.65017393687516, 40.33644227285393], [115.65017932222098, 40.336172069686114], [115.65029702015089, 40.33617344331957], [115.65029881509356, 40.33608337558968], [115.65041651287518, 40.33608474909907], [115.65042010242341, 40.33590461362618], [115.6505377999003, 40.33590598700715], [115.65053959450587, 40.335815919264135], [115.65065729183445, 40.335817292521064], [115.65065908627554, 40.335727224772235], [115.6507767834558, 40.33572859790509], [115.65077857773237, 40.33563853015044], [115.65089627476432, 40.33563990315923], [115.65089806887639, 40.33554983539876], [115.65113346265176, 40.33555258104851], [115.65113525644296, 40.335462513277875], [115.65125295318636, 40.33546388591883], [115.65125474681305, 40.33537381814237], [115.65137244340814, 40.335375190659256], [115.65137423687032, 40.33528512287699], [115.65160962977203, 40.33528786754294], [115.6516114229133, 40.33519779975051], [115.65172911921988, 40.335199171899575], [115.6517309121967, 40.33510910410132], [115.65184860835494, 40.33511047612632], [115.6518521939715, 40.33493034051672], [115.65196988982504, 40.33493171241332], [115.65197885294295, 40.334481373341845], [115.65233193820612, 40.334485488248234], [115.65233373033624, 40.33439542041649], [115.65198064554227, 40.33439130552313], [115.65198781585872, 40.334031034233554], [115.65210551015637, 40.334032405967015], [115.65210371774577, 40.33412247379596], [115.65245680115646, 40.33412658829111], [115.65245859309789, 40.334036520449146], [115.65234089877595, 40.334035149074815], [115.65235165119304, 40.33349474201808], [115.65246934457662, 40.33349611336637], [115.65247651206747, 40.333135841948405], [115.65259420483358, 40.33313721315963], [115.6525959965297, 40.3330471452971], [115.65283138177338, 40.33304988735175], [115.65283317314868, 40.33295981947908], [115.65306855811191, 40.33296256104622], [115.65307034916634, 40.33287249316341], [115.65318804150368, 40.33287386376306], [115.65318983239365, 40.33278379587444], [115.6533075245827, 40.33278516635007], [115.65331468743624, 40.33242489476347], [115.65343237900787, 40.33242626510204], [115.65343596007341, 40.33224612929123], [115.65331826881457, 40.33224475896133], [115.65332185016057, 40.33206462315329], [115.65320415922257, 40.33206325271239], [115.65320953165012, 40.33179304900231], [115.65309184118932, 40.3317916784547], [115.65309363213872, 40.33170161055273], [115.65321132244317, 40.331702981096], [115.65321490400501, 40.33152284527897], [115.65333259400475, 40.331524215693875], [115.65333438461718, 40.33143414777881], [115.65356976432818, 40.33143688824083], [115.65357155461979, 40.331346820315616], [115.65345386491663, 40.3313454501488], [115.65345565535652, 40.33125538222645], [115.65333796581781, 40.33125401194426], [115.65334154698613, 40.33107387610384], [115.65322385776823, 40.33107250571063], [115.65323102063344, 40.33071223402945], [115.6531133320491, 40.33071086353388], [115.6531187045823, 40.33044065977055], [115.65300101647512, 40.33043928916831], [115.6530028074597, 40.33034922124859], [115.65288511951697, 40.330347850531005], [115.65288332837599, 40.33043791844639], [115.65276564028497, 40.33043654760476], [115.65276384897955, 40.33052661551433], [115.65241078428588, 40.33052250225826], [115.6524072007126, 40.330702638046944], [115.6522895121848, 40.33070126671352], [115.65228772022968, 40.33079133460131], [115.65217003155361, 40.33078996314385], [115.65216823943405, 40.33088003102583], [115.65193286179338, 40.330877287743114], [115.6519346542257, 40.330787219869826], [115.65205234288561, 40.33078859156668], [115.65205592741323, 40.330608455806995], [115.65193823906604, 40.33060708411882], [115.6519400314741, 40.33051701624111], [115.65205771966492, 40.33051838792494], [115.65206130414404, 40.330338252156416], [115.65194361626595, 40.33033688048126], [115.65194540864974, 40.33024681259912], [115.65182772093611, 40.330245440808625], [115.65182951346817, 40.33015537292936], [115.65159413837787, 40.33015262899797], [115.65159593121459, 40.33006256112592], [115.65088980707594, 40.330054326485126], [115.65088801330106, 40.330144394331114], [115.65077032581655, 40.330143021467705], [115.65077211974781, 40.330052953626065], [115.65018368322853, 40.33004608753538], [115.65018188851549, 40.33013615535528], [115.64982882623197, 40.3301320342515], [115.64982703104174, 40.33022210205688], [115.64947396836202, 40.330217979862816], [115.64947217269462, 40.33030804765368], [115.64935448499453, 40.330306673345255], [115.64935268916265, 40.330396741130286], [115.64923500131432, 40.330395366697815], [115.64923320531798, 40.33048543447703], [115.64911551732139, 40.33048405992051], [115.64911372116059, 40.33057412769391], [115.64899603301572, 40.33057275301334], [115.64899423669044, 40.33066282078091], [115.64887654839734, 40.33066144597629], [115.64887475190758, 40.33075151373804], [115.64852168660775, 40.330747388592975], [115.64852348356656, 40.33065732084429], [115.64828810705325, 40.330654570157805], [115.64828990431671, 40.33056450241635], [115.64805452814856, 40.3305617512598], [115.64805632571664, 40.330471683525566], [115.64782094989363, 40.330468931898956], [115.64782274776634, 40.33037886417197], [115.64770506002337, 40.33037748818347], [115.64770685804432, 40.33028742045938], [115.6475891704658, 40.33028604435553], [115.64759636309395, 40.329925773461824], [115.64771405004701, 40.32992714954824], [115.64771944396391, 40.32965694634942], [115.64783713045597, 40.329658322303075], [115.64785331036154, 40.328847712587866], [115.64773562527662, 40.32884633667341], [115.64773742315971, 40.32875626892426], [115.64785510808828, 40.32875764483437], [115.64785690580692, 40.32866757707939], [115.64809227537565, 40.32867032853183], [115.64809047796972, 40.3287603962955], [115.64844353285268, 40.328764522589566], [115.64844173590771, 40.32885459036485], [115.64855942104126, 40.328855965561175], [115.64855762424452, 40.328946033339335], [115.64879299484863, 40.328948783381634], [115.64878940185625, 40.32912891895093], [115.64902477311819, 40.32913166853189], [115.64902297692254, 40.32922173632303], [115.64914066272202, 40.329223110938315], [115.6491424587613, 40.32913304314283], [115.64926014441251, 40.32913441763409], [115.64926194028735, 40.32904434983277], [115.64937962579032, 40.329045724199986], [115.64938142150069, 40.32895565639284], [115.64949910685543, 40.328957030636026], [115.64950090240134, 40.32886696282306], [115.6496185876078, 40.3288683369422], [115.6496203829893, 40.328778269123404], [115.6497380680475, 40.328779643118516], [115.64973986326454, 40.32868957529391], [115.64985754817451, 40.328690949164965], [115.64985934322708, 40.328600881334545], [115.65009471275859, 40.32860362870891], [115.65009830221408, 40.328423493026236], [115.64939219559291, 40.328415249519075], [115.64939399124661, 40.32832518170162], [115.64927630699444, 40.3283238073692], [115.64927810279637, 40.32823373955463], [115.64916041870865, 40.32823236510688], [115.64916221465882, 40.32814229729519], [115.64904453073554, 40.3281409227321], [115.6490481229243, 40.327960787112985], [115.64881275572742, 40.32795803764517], [115.64881455212233, 40.32786796984212], [115.64775540154463, 40.327855591351764], [115.64775360374264, 40.327945659115635], [115.64728286973796, 40.327940154435176], [115.64728466816534, 40.32785008668871], [115.64704930152436, 40.327847333639106], [115.6470511002563, 40.32775726589989], [115.64693341710432, 40.32775588919992], [115.6469352159845, 40.32766582146358], [115.64681753299696, 40.32766444464828], [115.64682293005784, 40.32739424144353], [115.64670524754746, 40.327392864521606], [115.64670884586013, 40.32721272905313], [115.64682652805786, 40.32721410596632], [115.64683732186317, 40.326673699499345], [115.64671964060346, 40.326672322612296], [115.64672143969894, 40.326582254867006], [115.6466037586037, 40.32658087786466], [115.64660735708298, 40.32640074237835], [115.6464896763085, 40.326399365265026], [115.646493275068, 40.326219229781564], [115.64637559461428, 40.326217852557285], [115.64637739413818, 40.3261277848177], [115.64649507443558, 40.326129162037624], [115.64649867314635, 40.32594902654531], [115.64661635313918, 40.32595040363683], [115.64661455394419, 40.32604047138808], [115.64767367565169, 40.32605285986565], [115.64767187785552, 40.32614292765464], [115.64802491903966, 40.32614705500605], [115.64802312170436, 40.32623712280663], [115.64861152462167, 40.32624399935389], [115.64860972805994, 40.32633406717476], [115.64908045116498, 40.3263395662758], [115.64907865522045, 40.326429634112614], [115.64919633617329, 40.326431008593026], [115.64920172351354, 40.32616080506512], [115.6490840430297, 40.32615943059776], [115.64908583894993, 40.32606936275652], [115.6489681586305, 40.32606798817383], [115.64896995469896, 40.32597792033548], [115.64885227454396, 40.32597654563747], [115.64885586696921, 40.32579640996505], [115.64862050730885, 40.32579366022741], [115.64862230382195, 40.32570359239769], [115.64850462416027, 40.32570221735371], [115.6485064208216, 40.32561214952686], [115.64827106183516, 40.32560939908858], [115.64827285880105, 40.32551933126898], [115.64815517947632, 40.32551795587468], [115.64815697659043, 40.325427888057966], [115.64792161827793, 40.32542513691905], [115.64792341569658, 40.325335069109556], [115.64745269979412, 40.32532956541308], [115.64745090175018, 40.32541963320516], [115.64674482720184, 40.32541137404409], [115.64674662618376, 40.32532130627816], [115.64651126837855, 40.32531855227582], [115.64651306766494, 40.32522848451714], [115.64639538893083, 40.325227107340815], [115.64639718836546, 40.32513703958502], [115.64604415268076, 40.32513290735109], [115.64604055286546, 40.325313042835035], [115.64592287400751, 40.32531166517566], [115.64591567365419, 40.32567193610844], [115.64520959692513, 40.325663667534364], [115.64521139796358, 40.325573599829546], [115.64485836017765, 40.32556946393999], [115.64486016167695, 40.325479396246806], [115.64474248258755, 40.325478017381975], [115.64474428423506, 40.325387949691674], [115.64462660531012, 40.32538657071154], [115.64462840710583, 40.32529650302412], [115.64439304959294, 40.32529374471355], [115.64439485169316, 40.32520367703341], [115.64427717310522, 40.32520229770298], [115.64428798647376, 40.32466189161731], [115.64440566412375, 40.32466327092155], [115.64441647626177, 40.324122864756646], [115.644534152982, 40.324124243915], [115.64453595482026, 40.324034176211335], [115.64441827825632, 40.324032797057335], [115.64442368419122, 40.32376259395057], [115.64430600810435, 40.323761214689995], [115.64430961233293, 40.323581079286846], [115.64407426080881, 40.323578320424176], [115.64407606322352, 40.323488252729135], [115.64395838762997, 40.32348687312266], [115.64396019019286, 40.323396805430505], [115.64360716392989, 40.32339266590624], [115.64360536089806, 40.32348273358529], [115.64337000978409, 40.32347997329538], [115.64336820643155, 40.32357004096422], [115.6430151793527, 40.32356589961876], [115.64301698317418, 40.32347583196302], [115.6424286056537, 40.32346892734915], [115.64242499643952, 40.32364906261543], [115.64230732064723, 40.32364768132492], [115.64230551587161, 40.32373774895148], [115.64218783993114, 40.32373636753694], [115.64218242508653, 40.32400657039464], [115.64206474868527, 40.32400518884731], [115.64206113843554, 40.32418532406965], [115.64194346172981, 40.32418394239391], [115.64194165643642, 40.32427400999851], [115.64205933329848, 40.32427539167864], [115.64205572299988, 40.32445552689214], [115.64193804582521, 40.32445414520327], [115.64193624050739, 40.324544212803445], [115.64170088586984, 40.32454144905795], [115.64169727458452, 40.32472158423637], [115.6415795969653, 40.32472020217537], [115.64157417950727, 40.324990404918836], [115.64145650142729, 40.324989022725035], [115.64144747138607, 40.32543936057945], [115.64132979253262, 40.32543797824412], [115.64132618014648, 40.325618113366815], [115.64120850098851, 40.32561673090304], [115.64120488825714, 40.325796866011075], [115.64108720879467, 40.32579548341889], [115.64108359571803, 40.32597561851229], [115.64096591595109, 40.325974235791655], [115.64096410924422, 40.326064303331776], [115.64084642932907, 40.326062920487104], [115.64083920179483, 40.326423190615294], [115.6409568823353, 40.326424573477475], [115.64095146206803, 40.32669477607128], [115.6408337810586, 40.32669339319597], [115.64082836024902, 40.326963595763374], [115.64059299731655, 40.32696082962744], [115.64059119005104, 40.32705089713821], [115.64047350844072, 40.32704951388633], [115.64047170101072, 40.32713958139124], [115.64035401925221, 40.32713819801532], [115.64035040405511, 40.32731833301195], [115.64023272199208, 40.327316949507605], [115.64023091422497, 40.32740701699934], [115.6396425032504, 40.32740009766043], [115.63964792887234, 40.32712989524652], [115.63976561058195, 40.32713127934052], [115.63977103566144, 40.3268610769002], [115.63965335442084, 40.32685969281934], [115.63965516292072, 40.32676962534067], [115.6395374818446, 40.32676824114452], [115.63953929049265, 40.326678173668746], [115.63942160958105, 40.32667678935731], [115.63942341837725, 40.32658672188445], [115.63918805689117, 40.32658395291129], [115.63918262954007, 40.326854155299145], [115.63906494834029, 40.326852770619894], [115.63906132975275, 40.327032905528995], [115.63917901126521, 40.327034290217014], [115.6391717746176, 40.32739456003506], [115.63905409247978, 40.32739317532952], [115.63905228314114, 40.32748324277594], [115.63881691857733, 40.32748047299705], [115.63881872822864, 40.32739040555938], [115.63858336401016, 40.32738763531053], [115.63858517396599, 40.327297567880144], [115.63846749202534, 40.32729618258058], [115.63847111222518, 40.327116047724175], [115.63800038579485, 40.32711050536422], [115.63799857507368, 40.32720057277561], [115.63729248473523, 40.32719225561899], [115.63729067306787, 40.32728232300258], [115.63681994571364, 40.327276775820344], [115.63681813341276, 40.32736684318492], [115.6367004514383, 40.32736545608577], [115.6367022638955, 40.327275388725596], [115.63623153670476, 40.32726983914977], [115.6362333497791, 40.327179771805696], [115.6361156681582, 40.32717838411693], [115.63611748138074, 40.32708831677577], [115.63599979992432, 40.327086928971724], [115.63600342665752, 40.326906794293755], [115.63588574552196, 40.32690540637881], [115.6358893725351, 40.32672527170375], [115.63553633011551, 40.32672110726722], [115.63553814407882, 40.32663103994066], [115.63542046344497, 40.32662965156018], [115.63542409165967, 40.326449516911424], [115.63530641134668, 40.32644812842007], [115.6353100398413, 40.32626799377419], [115.63519235984913, 40.326266605171945], [115.6351941742405, 40.32617653785121], [115.63507649441286, 40.32617514913369], [115.63507830895234, 40.326085081815854], [115.63496062928921, 40.326083692983055], [115.63496244397687, 40.32599362566814], [115.63531548252186, 40.325997791794315], [115.63531366830318, 40.32608785912242], [115.63543134799089, 40.32608924759619], [115.63542953392034, 40.3261793149272], [115.63613561315626, 40.32618764328304], [115.63613742628883, 40.326097575925644], [115.63649046554819, 40.32610173847478], [115.6364922782036, 40.326011671102755], [115.63660995781675, 40.326013058375395], [115.63661720773138, 40.325652788854946], [115.63673488672742, 40.32565417599035], [115.63673851132303, 40.32547404121249], [115.6368561900146, 40.325475428219434], [115.63686887474756, 40.32484495641978], [115.63698655235306, 40.324846343276334], [115.63699017617628, 40.32466620845438], [115.63710785347732, 40.324667595182476], [115.63711147695525, 40.32448746034584], [115.63722915395182, 40.32448884694549], [115.63723277708442, 40.32430871209418], [115.63735045377655, 40.324310098565384], [115.63735226517429, 40.324220031133144], [115.63746994171828, 40.32422141748029], [115.63747175295153, 40.32413135004217], [115.63758942934737, 40.32413273626526], [115.63759124041614, 40.324042668821285], [115.63770891666383, 40.32404405492033], [115.63771253846426, 40.323863920019164], [115.6378302144075, 40.32386530598976], [115.63783202513916, 40.32377523853258], [115.63794970093427, 40.32377662437913], [115.63795694315397, 40.32341635451815], [115.63807461833201, 40.32341774022748], [115.63807642871024, 40.32332767275417], [115.63819410374015, 40.32332905833944], [115.63819772415945, 40.3231489233796], [115.63843307361854, 40.32315169417364], [115.63843669337999, 40.32297155919037], [115.63855436780915, 40.32297294439912], [115.63855979692119, 40.322702741899995], [115.63867747088963, 40.32270412697594], [115.63868108994426, 40.32252399196039], [115.63856341628842, 40.322522606893216], [115.6385652259598, 40.32243253938761], [115.6384475524684, 40.32243115420517], [115.63845117209924, 40.322251019198305], [115.63833349892863, 40.32224963390498], [115.63833892878257, 40.321979431396784], [115.638221256089, 40.32197804599694], [115.63821944598955, 40.32206811349676], [115.63810177314784, 40.32206672797288], [115.63809634233164, 40.322336930450334], [115.63797866902922, 40.32233554479365], [115.63797323767065, 40.32260574724467], [115.63785556390748, 40.32260436145516], [115.63785013200653, 40.32287456387976], [115.6376147835669, 40.322871791915425], [115.63761297260432, 40.32296185937856], [115.63749529824047, 40.32296047321252], [115.63749348711339, 40.3230505406698], [115.63714046360192, 40.32304638144052], [115.6371386519978, 40.32313644888316], [115.63678562809098, 40.32313228856376], [115.63678381600974, 40.32322235599175], [115.63666614123416, 40.323220968974915], [115.63666070447256, 40.323491171236874], [115.63654302923625, 40.323489784087194], [115.63654121680973, 40.32357985150052], [115.63642354142527, 40.32357846422678], [115.63642172883429, 40.32366853163423], [115.6363040533017, 40.32366714423643], [115.63629680223072, 40.324027413833925], [115.63617912608107, 40.324026026298895], [115.63617731313659, 40.3241160936902], [115.6360596368388, 40.32411470603111], [115.63605601061266, 40.3242948408005], [115.63570298083056, 40.32429067707888], [115.63570116723626, 40.324380744448185], [115.63534813705884, 40.32437657963638], [115.63534632298744, 40.32446664699102], [115.63511096926413, 40.324463869842695], [115.63511641239162, 40.32419366780073], [115.63523408878027, 40.32419505642154], [115.63523771717841, 40.32401492171072], [115.63535539326263, 40.32401631020307], [115.6353572072931, 40.323926242841054], [115.63547488322916, 40.32392763120935], [115.63547851095299, 40.3237474964721], [115.63559618658462, 40.32374888471195], [115.63559800027797, 40.32365881733672], [115.63571567576147, 40.323660205452505], [115.63571930281097, 40.32348007068883], [115.63583697799007, 40.32348145867616], [115.63584241803404, 40.323211256506426], [115.63572474332389, 40.32320986853228], [115.63572655681185, 40.32311980114381], [115.63537353319934, 40.32311563651657], [115.63536990527743, 40.323295771265684], [115.6352522304437, 40.323294382808484], [115.63524860217647, 40.323474517542884], [115.63513092703829, 40.32347312895725], [115.6351291127361, 40.32356319631784], [115.6350114374498, 40.32356180760813], [115.63500962298312, 40.32365187496286], [115.63477427212246, 40.323649097175675], [115.63477245733499, 40.323739164520134], [115.63465478176062, 40.323737775442645], [115.63465296680866, 40.32382784278123], [115.63441761537189, 40.32382506425846], [115.6344158000991, 40.32391513158678], [115.63418044838247, 40.323912352576556], [115.63417863278887, 40.32400241989459], [115.6338256048064, 40.323998250468584], [115.63382378873571, 40.324088317771945], [115.63358843647573, 40.32408553754748], [115.63358662008422, 40.32417560484059], [115.63346894381021, 40.32417421454444], [115.63346712725419, 40.32426428183166], [115.63334945083207, 40.32426289141146], [115.63334763411154, 40.324352958692806], [115.63287692787974, 40.32434739579772], [115.63287511052577, 40.324437463059986], [115.632757433832, 40.32443607203264], [115.63275561631355, 40.32452613928902], [115.63252026263794, 40.324523356866536], [115.63251844479865, 40.32461342411265], [115.63240076781685, 40.32461203271749], [115.63239894981304, 40.32470209995771], [115.63228127268312, 40.324700708438485], [115.63227945451482, 40.324790775672824], [115.6319264227053, 40.32478660038394], [115.63192460405983, 40.324876667603576], [115.63168924924854, 40.3248738834705], [115.63169106820664, 40.32478381625966], [115.63133803652018, 40.32477963917575], [115.631339855939, 40.32468957197666], [115.6312221788829, 40.32468817938044], [115.63122399844984, 40.324598112184276], [115.63110632155825, 40.32459671947278], [115.6311081412733, 40.32450665227957], [115.63099046454624, 40.32450525945281], [115.63100138360201, 40.32396485628895], [115.63111905939121, 40.323966249089246], [115.63112269869819, 40.32378611468068], [115.63135804967597, 40.32378889990465], [115.63135986900454, 40.32369883268933], [115.63159521970252, 40.32370161742583], [115.63159703871028, 40.32361155020024], [115.63230309006329, 40.32361990151136], [115.63230127199337, 40.32370996876339], [115.6326542982495, 40.32371414281671], [115.63265248064032, 40.32380421008049], [115.63288783183133, 40.32380699219319], [115.6328896491279, 40.323716924920596], [115.63324267550699, 40.32372109717897], [115.63324449232647, 40.3236310298917], [115.63347984297421, 40.323633810790156], [115.63348165947288, 40.32354374349261], [115.63359933465274, 40.32354513375794], [115.6336011509869, 40.323455066454514], [115.63383650105857, 40.32345784661737], [115.63383831707193, 40.32336777930368], [115.63395599196376, 40.32336916920123], [115.63395780781262, 40.32327910188166], [115.63419315730822, 40.32328188130895], [115.63419497283631, 40.323191813979115], [115.63431264744008, 40.32319320350886], [115.63431627815905, 40.32301306883597], [115.63443395245842, 40.32301445823725], [115.63443576764932, 40.322924390894194], [115.63455344180056, 40.32292578017143], [115.63455707184524, 40.3227456454721], [115.63467474569205, 40.32274703462087], [115.63467656054581, 40.322656967264585], [115.63479423424452, 40.3226583562893], [115.6347960489338, 40.32256828892715], [115.63491372248438, 40.32256967782782], [115.63491553700918, 40.32247961045981], [115.63503321041166, 40.32248099923641], [115.63503502477198, 40.322390931862515], [115.63515269802636, 40.32239232051507], [115.63515451222219, 40.32230225313532], [115.63527218532845, 40.32230364166381], [115.6352739993598, 40.32221357427818], [115.63539167231794, 40.32221496268262], [115.6353934861848, 40.32212489529112], [115.63551115899483, 40.32212628357152], [115.63551297269723, 40.322036216174155], [115.63574831802924, 40.32203899236718], [115.63575013141087, 40.32194892495955], [115.63610314900137, 40.32195308833849], [115.63610496190594, 40.32186302091621], [115.63634030669456, 40.3218657958951], [115.63634574442145, 40.32159559359303], [115.63646341635915, 40.32159698088981], [115.63647066592206, 40.32123671111551], [115.63658833724277, 40.32123809827507], [115.63659558604975, 40.32087782845963], [115.6367132567535, 40.32087921548197], [115.6367223167969, 40.32042887815753], [115.6368399867274, 40.320430265038276], [115.63684904578511, 40.31997992765502], [115.636731376636, 40.319978540796235], [115.63674406006756, 40.319348068428475], [115.63662639202056, 40.31934668148076], [115.63663001609713, 40.319166546514055], [115.63651234837087, 40.31916515945549], [115.6365159727273, 40.31898502449166], [115.63639830532173, 40.31898363732222], [115.63640192995801, 40.31880350236129], [115.63628426287318, 40.318802115081006], [115.63628970023508, 40.31853191264171], [115.63617203362723, 40.31853052525495], [115.6361847216128, 40.317900052875764], [115.63606705610697, 40.3178986654001], [115.63607068148467, 40.317718530430135], [115.63595301629951, 40.317717142843605], [115.63595664195702, 40.31753700787653], [115.63583897709258, 40.31753562017915], [115.63584260302989, 40.317355485214975], [115.63572493848613, 40.31735409740674], [115.63572856470327, 40.31717396244544], [115.6356109004802, 40.31717257452636], [115.63561271373277, 40.31708250704789], [115.63549504967412, 40.31708111901357], [115.63549686307475, 40.31699105153802], [115.63537919918056, 40.31698966338846], [115.63538101272925, 40.316899595915835], [115.63502802156451, 40.31689543076252], [115.63502983557379, 40.31680536330161], [115.63432385440271, 40.3167970297912], [115.63432566934134, 40.31670696235519], [115.63338436282163, 40.31669584434362], [115.63338254663297, 40.31678591174444], [115.63302955635446, 40.31678174050293], [115.63302773968887, 40.31687180788907], [115.63255708547389, 40.316866244541224], [115.6325552681751, 40.316956311908264], [115.63220227713113, 40.316952138127995], [115.63220045935537, 40.31704220548038], [115.63172980411987, 40.317036638747496], [115.63172798571091, 40.31712670608078], [115.6312573299816, 40.31712113741611], [115.6312555109394, 40.31721120473026], [115.63102018281145, 40.317208419671296], [115.63101836344856, 40.31729848697518], [115.63078303504093, 40.317295701428854], [115.6307812153573, 40.31738576872243], [115.63054588666998, 40.317382982688734], [115.63054406666565, 40.317473049972016], [115.63042640217802, 40.3174716567713], [115.63042458200923, 40.317561724048716], [115.63030691737357, 40.31756033072396], [115.63030509704029, 40.317650397995465], [115.6301874322566, 40.31764900454666], [115.63018561175886, 40.31773907181229], [115.6300679468271, 40.317737678239425], [115.63006430549444, 40.31791781275744], [115.62994664025841, 40.31791641905611], [115.62994299858039, 40.318096553559414], [115.62982533304, 40.31809515972962], [115.62982351203243, 40.31818522697465], [115.62970584634401, 40.31818383302081], [115.62970402517193, 40.31827390025993], [115.62958635933548, 40.31827250618204], [115.62958453799894, 40.31836257341529], [115.62946687201442, 40.31836117921333], [115.62946505051342, 40.3184512464407], [115.62934738438085, 40.318449852114696], [115.6293419193597, 40.318720053774676], [115.62910658618163, 40.318717264737266], [115.62911023016234, 40.318537130316415], [115.62899256389817, 40.31853573562708], [115.628999852386, 40.31817546678534], [115.62911751802514, 40.318176861457005], [115.62912116190722, 40.31799672701846], [115.62923882724205, 40.31799812156167], [115.62924247077878, 40.31781798710839], [115.62912480575646, 40.31781659257401], [115.62912844957282, 40.317636458123665], [115.62901078487127, 40.31763506347846], [115.62901442896727, 40.31745492903104], [115.62889676458643, 40.317453534275046], [115.62889858677838, 40.31736346705354], [115.62854559415395, 40.31735928208097], [115.62854741680644, 40.31726921487124], [115.62760610475308, 40.31725804971575], [115.62760428085056, 40.31734811689014], [115.62736895260694, 40.31734532439607], [115.62736712838368, 40.317435391560146], [115.62724946411798, 40.317433995129235], [115.62724581533426, 40.317614129444124], [115.62701048620248, 40.3176113362057], [115.62700866148576, 40.31770140335209], [115.62689099677597, 40.317700006549], [115.62688917189476, 40.317790073689494], [115.62677150703692, 40.31778867676235], [115.62676968199123, 40.31787874389694], [115.62653435198773, 40.317875949674885], [115.62653252662129, 40.31796601679917], [115.62641486147562, 40.31796461950427], [115.6264130359447, 40.31805468662263], [115.62629537065102, 40.318053289203675], [115.62628441635493, 40.318593691856385], [115.6261667501319, 40.318592294291236], [115.62616309832146, 40.31877242848816], [115.6254570992811, 40.318764040531676], [115.62545527242594, 40.318854107601375], [115.62521993916585, 40.31885131064989], [115.62521811198991, 40.318941377709265], [115.62510044521595, 40.31893997904963], [115.62509496316989, 40.31921018020558], [115.62497729593537, 40.319208781413025], [115.62497546841394, 40.319298848457635], [115.62485780103138, 40.319297449541004], [115.62485597334542, 40.31938751657971], [115.62473830581487, 40.31938611753901], [115.6247364779644, 40.31947618457182], [115.6246188102858, 40.31947478540704], [115.62461698227082, 40.31956485243393], [115.62449931444421, 40.31956345314508], [115.6244974862647, 40.319653520166064], [115.62437981829005, 40.31965212075313], [115.62437798994603, 40.31974218776823], [115.62426032182337, 40.31974078823122], [115.62425849331483, 40.319830855240404], [115.62414082504412, 40.319829455579324], [115.62413899637106, 40.319919522582595], [115.62402132795232, 40.31991812279744], [115.62401949911475, 40.320008189794805], [115.62378416198948, 40.32000538985669], [115.62377135770758, 40.3206358587349], [115.62388902736004, 40.32063725879479], [115.6238871983002, 40.32072732577594], [115.62400486811717, 40.32072872572062], [115.62399938135697, 40.320998926668445], [115.62411705165104, 40.32100032650678], [115.62410059233163, 40.32181092931048], [115.62398292063097, 40.32180952943227], [115.62397560453829, 40.322169797288936], [115.62385793222072, 40.322168397273344], [115.62385244459571, 40.32243859813704], [115.62373477181751, 40.3224371979885], [115.62373111304699, 40.32261733188139], [115.62384878613778, 40.322618732038805], [115.62384695689644, 40.32270879898747], [115.62372928364937, 40.32270739882563], [115.62372379540696, 40.32297759964946], [115.62360612169924, 40.32297619935467], [115.6236042921123, 40.32306626628858], [115.62336894440901, 40.323063465331145], [115.62337626395764, 40.32270319762214], [115.62314091753774, 40.322700396221535], [115.62314274771684, 40.322610329299486], [115.6230250746756, 40.322608928424124], [115.62303239593467, 40.32224866073883], [115.62315006835075, 40.32225006159645], [115.62315372861819, 40.32206992773608], [115.62327140072996, 40.322071328465185], [115.62327506065179, 40.32189119459004], [115.62233368648947, 40.321879985477885], [115.62233185528237, 40.321970052380706], [115.62221418339293, 40.32196865069882], [115.62220685785674, 40.32232891827761], [115.6220891853504, 40.3223275164583], [115.62208369064267, 40.322597717113595], [115.62196601767572, 40.32259631516133], [115.62196418593363, 40.322686382039024], [115.62208185905689, 40.32268778399574], [115.62207819586058, 40.322867917755595], [115.62196052242473, 40.322866515790004], [115.62195685888277, 40.323046649535094], [115.62183918514259, 40.32304524744097], [115.6218373532029, 40.32313531430686], [115.62171967931471, 40.323133912088636], [115.62172517557782, 40.322863711499856], [115.62160750216678, 40.32286230917529], [115.62161299882445, 40.32259210858656], [115.62149532589054, 40.322590706155644], [115.6215081522299, 40.32196023809466], [115.62127280857496, 40.32195743293604], [115.62127464118869, 40.32186736607316], [115.6211569695299, 40.32186596331881], [115.62116796597635, 40.32132556213718], [115.62105029526357, 40.32132415928983], [115.62105212813199, 40.321234092425506], [115.62069911651211, 40.32122988317882], [115.62070094984114, 40.321139816326344], [115.61999492776229, 40.32113139462906], [115.6199930934956, 40.321221461454876], [115.61928707077688, 40.32121303542348], [115.6192925763653, 40.320942835021604], [115.61941024632887, 40.32094423964596], [115.61941208135218, 40.32085417283794], [115.61952975116776, 40.3208555773382], [115.6195315860265, 40.32076551052425], [115.61964925569407, 40.32076691490042], [115.61965109038826, 40.32067684808055], [115.61976875990783, 40.32067825233262], [115.61977059443747, 40.32058818550683], [115.62000593318886, 40.320590993643144], [115.62000776739768, 40.320500926806986], [115.61965475975184, 40.32049671443639], [115.61965659442119, 40.320406647612096], [115.61942125634455, 40.320403838775675], [115.6194230913182, 40.320313771958794], [115.61918775358721, 40.32031096265269], [115.61918958886513, 40.32022089584323], [115.61907192016834, 40.32021949101515], [115.61907375559426, 40.32012942420866], [115.61895608706202, 40.320128019265375], [115.61895975820156, 40.319947885656866], [115.61919509464924, 40.31995069540599], [115.61919692989404, 40.31986062859062], [115.61931459797404, 40.31986203328126], [115.61931643305431, 40.319771966459975], [115.61943410098628, 40.319773371026535], [115.61943593590202, 40.319683304199316], [115.61955360368599, 40.31968470864177], [115.61956277735912, 40.319234374461345], [115.61968044437005, 40.319235778761936], [115.61968227892355, 40.31914571191698], [115.61979994578648, 40.31914711609348], [115.61980178017546, 40.319057049242595], [115.62015478034508, 40.31906126104091], [115.62015294642488, 40.31915132790513], [115.62038828022519, 40.31915413518135], [115.62038644660925, 40.31924420205297], [115.62062178075516, 40.319247008859506], [115.62061994744349, 40.319337075738545], [115.62109061645958, 40.319342687933656], [115.62109244914618, 40.31925262103687], [115.6212101162646, 40.319254023782094], [115.62121194878662, 40.31916395687938], [115.62132961575706, 40.31916535950053], [115.62133144811456, 40.3190752925919], [115.621449114937, 40.31907669508896], [115.62145094712997, 40.31898662817441], [115.62156861380438, 40.318988030547395], [115.62156678176767, 40.319078097466374], [115.62180211545379, 40.31908090186229], [115.62180028372136, 40.319170968788676], [115.62191795073309, 40.31917237081161], [115.62191611914865, 40.319262437740946], [115.6220337863249, 40.31926383964868], [115.62203012344378, 40.319443973511824], [115.62214779094084, 40.31944537530879], [115.62214412833924, 40.3196255091749], [115.62261479966021, 40.31963111520178], [115.62261663034006, 40.31954104825173], [115.62273429803467, 40.319542449454886], [115.62273612854999, 40.31945238249892], [115.62285379609659, 40.319453783578005], [115.62285562644739, 40.31936371661612], [115.62297329384599, 40.319365117571124], [115.62297512403227, 40.31927505060333], [115.62309279128282, 40.31927645143426], [115.62309462130457, 40.31918638446055], [115.62321228840713, 40.31918778516741], [115.62321411826437, 40.31909771818778], [115.6233317852189, 40.31909911877055], [115.6233336149116, 40.31900905178503], [115.62345128171813, 40.31901045224373], [115.62345494076625, 40.31883031825938], [115.62357260726851, 40.31883171858958], [115.6235799246407, 40.31847145058544], [115.62287392950135, 40.31846304691605], [115.62287209923312, 40.31855311389269], [115.62240143534693, 40.31854750903589], [115.62241058973086, 40.31809717422661], [115.62229292456128, 40.31809577273549], [115.62229475556954, 40.31800570577365], [115.62217709056448, 40.318004304167324], [115.62218441514004, 40.31764403632293], [115.62230207952008, 40.317645437911494], [115.62231489611561, 40.31701496909593], [115.62219723282932, 40.31701356753841], [115.6222082190981, 40.316473165665556], [115.62209055675756, 40.31647176401503], [115.62209421909357, 40.31629163005447], [115.62197655707381, 40.3162902282932], [115.62197838838567, 40.31620016131515], [115.6218607265304, 40.31619875943867], [115.62186255799027, 40.31610869246358], [115.6217448962995, 40.31610729047191], [115.62174672790734, 40.316017223499784], [115.62162906638109, 40.31601582139292], [115.6216308981369, 40.315925754423745], [115.62116025273946, 40.31592014481777], [115.62115842035868, 40.316010211769175], [115.62104075887373, 40.31600880906416], [115.62103892632842, 40.316098876009654], [115.62080360307085, 40.316096070231865], [115.62080177020479, 40.316186137166994], [115.62068410843217, 40.31618473409421], [115.62068227540162, 40.316274801023425], [115.62056461348098, 40.31627339782656], [115.62056278028594, 40.31636346474986], [115.62044511821733, 40.31636206142894], [115.62044145148988, 40.316542195262215], [115.62032378911708, 40.31654079181278], [115.62032012204406, 40.316720925631266], [115.62020245936702, 40.3167195220533], [115.62020062566185, 40.31680958895589], [115.62008296283683, 40.31680818525384], [115.62007929508921, 40.31698831904572], [115.61996163195997, 40.31698691521516], [115.61995979791749, 40.31707698210444], [115.61984213464025, 40.31707557814979], [115.61984030043327, 40.31716564503314], [115.61972263700807, 40.317164240954426], [115.61972080263654, 40.31725430783186], [115.61960313906336, 40.31725290362906], [115.61960130452731, 40.317342970500576], [115.61936597709324, 40.31734016172718], [115.61936414223644, 40.31743022858834], [115.61912881452295, 40.317427419327515], [115.61912697934534, 40.317517486178296], [115.61877398736846, 40.31751327137647], [115.6187721517138, 40.31760333821241], [115.6185368234581, 40.31760052773745], [115.61853498748265, 40.31769059456303], [115.61829965894755, 40.31768778360063], [115.61829782265133, 40.31777785041583], [115.61759183630726, 40.31776941463064], [115.61758999906522, 40.31785948141768], [115.61735467003764, 40.31785666852327], [115.6173528324748, 40.317946735299934], [115.61723516781717, 40.31794532866882], [115.61723333008977, 40.318035395439544], [115.61699800048687, 40.318032581809504], [115.61699616243868, 40.31812264856984], [115.61676083255644, 40.318119834452354], [115.61675899418742, 40.31820990120231], [115.61640599895746, 40.31820567911542], [115.61640416011137, 40.31829574585053], [115.61605116448729, 40.31829152267354], [115.61604932516411, 40.318381589393816], [115.61569632914589, 40.31837736512671], [115.61569448934567, 40.31846743183212], [115.61463550033277, 40.31845475253017], [115.61463365911791, 40.318544819193974], [115.61404533139782, 40.31853777092766], [115.61404348939331, 40.31862783756766], [115.61392582371798, 40.31862642755102], [115.6139239815489, 40.31871649418509], [115.6138063157256, 40.31871508404435], [115.61380263105002, 40.31889521729914], [115.6136849649225, 40.31889380702983], [115.61368312241598, 40.31898387365054], [115.6135654561405, 40.31898246325712], [115.61356361346941, 40.319072529871896], [115.61344594704597, 40.31907111935436], [115.6134441042103, 40.3191611859632], [115.6133264376389, 40.319159775321566], [115.61332459463868, 40.31924984192446], [115.61320692791934, 40.31924843115872], [115.61320508475451, 40.31933849775567], [115.6130874178872, 40.31933708686582], [115.61308557455781, 40.31942715345682], [115.61296790754257, 40.319425742442874], [115.61296606404856, 40.319515809027926], [115.61284839688537, 40.31951439788986], [115.61284655322682, 40.31960446446899], [115.61272888591566, 40.319603053206805], [115.61272704209249, 40.319693119779984], [115.61249170718258, 40.31969029688776], [115.61248986303858, 40.31978036345051], [115.61190152512796, 40.31977330410384], [115.61190337005331, 40.319683237563424], [115.61166803525987, 40.3196804129962], [115.61166988048943, 40.31959034646324], [115.61155221326145, 40.31958893400462], [115.61154852248147, 40.31976906706011], [115.61143085494928, 40.31976765447291], [115.61141424462085, 40.32057825310925], [115.61129657569049, 40.32057684036216], [115.61129472990056, 40.32066690686545], [115.61117706082229, 40.320665493994234], [115.61117521486774, 40.32075556049158], [115.6109398764236, 40.32075273438128], [115.61093803014818, 40.320842800868185], [115.61070269142479, 40.320839974270335], [115.61070084482849, 40.32093004074683], [115.61034783633701, 40.32092579993927], [115.61034598926355, 40.32101586640088], [115.60963997156789, 40.321007381528375], [115.6096381235484, 40.321097447961634], [115.60928511434423, 40.3210932038967], [115.60928326584758, 40.321183270315046], [115.60904792610725, 40.32118044033121], [115.60904607728969, 40.32127050673912], [115.60892840727577, 40.32126909156325], [115.60892655829359, 40.32135915796522], [115.6088088881317, 40.32135774266521], [115.60880703898492, 40.3214478090612], [115.6086893686751, 40.32144639363707], [115.60868751936367, 40.32153646002712], [115.60856984890592, 40.321535044478864], [115.60856799942987, 40.32162511086293], [115.60845032882418, 40.321623695190546], [115.6084484791835, 40.32171376156867], [115.60821313768454, 40.321710929855946], [115.60821128772297, 40.32180099622364], [115.60809361682973, 40.32179958018332], [115.60809176670351, 40.321889646545046], [115.60797409566231, 40.32188823038061], [115.60797224537149, 40.32197829673636], [115.60785457418235, 40.32197688044778], [115.6078527237269, 40.322066946797584], [115.60773505238983, 40.32206553038486], [115.6077332017697, 40.322155596728706], [115.60749785880805, 40.32215276353534], [115.60750526248867, 40.32179249818699], [115.60762293334021, 40.32179391482556], [115.60762848554418, 40.32152371578533], [115.60774615593519, 40.32152513229081], [115.60774985705022, 40.32134499958096], [115.60786752713702, 40.32134641595781], [115.60786937752572, 40.32125634959618], [115.60798704746458, 40.32125776584891], [115.60798889768866, 40.32116769948133], [115.60810656747958, 40.321169115609905], [115.60811026759016, 40.32098898286136], [115.60822793707685, 40.32099039886133], [115.60823163684151, 40.320810266097894], [115.60834930602398, 40.32081168196925], [115.60835300544271, 40.320631549190956], [115.608470674321, 40.3206329649337], [115.60847437339379, 40.32045283214053], [115.60835670482807, 40.32045141640675], [115.60835855450824, 40.320361350012426], [115.60824088610711, 40.32035993416346], [115.60823903627069, 40.32045000055331], [115.60776836212456, 40.32044433594314], [115.60776651165466, 40.320534402313555], [115.60729583701698, 40.3205287357711], [115.60729398591367, 40.32061880212212], [115.60588196092692, 40.32060179095484], [115.60588010793994, 40.32069185725053], [115.60564477024657, 40.32068902037195], [115.60564291693868, 40.320779086657176], [115.60552524794825, 40.32077766803392], [115.60552339447571, 40.32086773431319], [115.60540572533739, 40.3208663155658], [115.60540387170022, 40.3209563818391], [115.60528620241395, 40.320954962967576], [115.60528434861214, 40.32104502923489], [115.60516667917797, 40.32104361023923], [115.60516482521152, 40.32113367650059], [115.60492948605571, 40.321130838141315], [115.60492763176833, 40.32122090439222], [115.60480996204669, 40.321219485028614], [115.60480810759469, 40.32130955127355], [115.60469043772511, 40.3213081317858], [115.60468858310847, 40.32139819802475], [115.60457091309098, 40.32139677841287], [115.60456905830968, 40.32148684464586], [115.60445138814428, 40.32148542490983], [115.60444953319836, 40.32157549113684], [115.60421419258007, 40.32157265129684], [115.60421233731321, 40.321662717513384], [115.60350631472154, 40.321654195094816], [115.60350817092613, 40.32156412890525], [115.60291981977802, 40.32155702362188], [115.60291796279206, 40.321647089788954], [115.60280029243128, 40.321645668368824], [115.60279843528065, 40.321735734529916], [115.60268076477195, 40.32173431298565], [115.60267890745666, 40.321824379140764], [115.60256123680007, 40.321822957472335], [115.60255752183177, 40.32200308976915], [115.60243985087098, 40.32200166797207], [115.60243427788686, 40.32227186639269], [115.6023166064656, 40.322270444462454], [115.60230917507766, 40.3226307089846], [115.6021915030396, 40.32262928691671], [115.6021877869828, 40.3228094191599], [115.60207011464055, 40.322807996963355], [115.60206825644326, 40.32289806307824], [115.60195058395311, 40.32289664075753], [115.60194872559116, 40.32298670686643], [115.6018310529531, 40.32298528442157], [115.60182733589147, 40.32316541662592], [115.60170966294919, 40.3231639940524], [115.60170780424953, 40.32325406014787], [115.60159013115934, 40.323252637450175], [115.60158641342224, 40.32343276962765], [115.60146874002787, 40.3234313468013], [115.6014650219446, 40.32361147896386], [115.60134734824602, 40.323610056008846], [115.60134177058939, 40.323880254228094], [115.60122409643029, 40.3238788311399], [115.60122223703836, 40.32396889720552], [115.60110456273131, 40.323967473993164], [115.6011027031747, 40.32405754005281], [115.60098502871976, 40.32405611671628], [115.60098316899844, 40.32414618276993], [115.60074781980114, 40.3241433357289], [115.60074595975881, 40.32423340177207], [115.60051061028246, 40.32423055424337], [115.60050874991916, 40.324320620276055], [115.60039107503725, 40.32431919632771], [115.60038921450928, 40.32440926235439], [115.60015386445805, 40.32440641408971], [115.60015200360904, 40.3244964801059], [115.5999166532788, 40.32449363135354], [115.5999147921088, 40.32458369735924], [115.5996794414995, 40.32458084811922], [115.5996775800085, 40.32467091411443], [115.59944222912019, 40.32466806438673], [115.59944036730818, 40.324758130371436], [115.59920501614083, 40.324755280156076], [115.59920315400781, 40.32484534613028], [115.59896780256145, 40.32484249542724], [115.59896594010742, 40.32493256139094], [115.59873058838204, 40.32492971020022], [115.59872872560697, 40.325019776153425], [115.59849337360261, 40.32501692447502], [115.59849151050655, 40.325106990417716], [115.59837383436064, 40.32510556439452], [115.59837197109987, 40.325195630331216], [115.59825429480607, 40.32519420418382], [115.59825243138059, 40.32528427011453], [115.59789940208069, 40.325279990940835], [115.59789753817786, 40.325370056856514], [115.59719147886719, 40.32536149525107], [115.59718961401808, 40.32545156113819], [115.59601284761013, 40.32543728217737], [115.5960109811895, 40.3255273480178], [115.59577562769628, 40.32552449078061], [115.59577376095464, 40.3256145566105], [115.59412628525696, 40.32559454248429], [115.59412815418698, 40.325504476717725], [115.59401047757093, 40.325503046244314], [115.59401234664882, 40.32541298048082], [115.59413002310855, 40.32541441094969], [115.59413189202171, 40.325324345180185], [115.59401421571827, 40.32532291471583], [115.59401795383191, 40.325142783181434], [115.59390027784953, 40.325141352606465], [115.59390214704999, 40.325051286841585], [115.59378447123237, 40.32504985615149], [115.5937863405807, 40.324959790389634], [115.59366866492782, 40.32495835958441], [115.59367053442404, 40.32486829382561], [115.59355285893588, 40.32486686290525], [115.59355472857999, 40.32477679714952], [115.59343705325655, 40.32477536611402], [115.59343892304851, 40.324685300361324], [115.59332124788982, 40.324683869210695], [115.59332498776108, 40.32450373770995], [115.59320731292343, 40.324502306448714], [115.59321292313597, 40.32423210920008], [115.59309524877564, 40.32423067783279], [115.59310085938115, 40.32396048058444], [115.59298318549817, 40.323959049111075], [115.5930074992767, 40.322788194273365], [115.59288982743395, 40.32278676273926], [115.59289169782186, 40.32269669697668], [115.59242101116045, 40.32269096966182], [115.59242288216505, 40.32260090391591], [115.59218753919755, 40.322598039549625], [115.59218941050632, 40.3225079738113], [115.5920717391915, 40.322506541453215], [115.59208483921043, 40.32187608127524], [115.59220250943125, 40.32187751360159], [115.59220625190528, 40.32169738209979], [115.59432431169635, 40.321723143350845], [115.59432244327661, 40.321813209184036], [115.59444011350139, 40.321814639232514], [115.5944382452295, 40.32190470506874], [115.59455591561895, 40.32190613500209], [115.59455404749495, 40.32199620084137], [115.5946717180491, 40.32199763065959], [115.59466985007296, 40.322087696501924], [115.59549354528203, 40.322097701910955], [115.59549541216423, 40.32200763603695], [115.59561308278579, 40.32200906489796], [115.59561494950327, 40.32191899901796], [115.59573261997696, 40.32192042775482], [115.59573448652974, 40.32183036186881], [115.59585215685556, 40.32183179048149], [115.59585402324365, 40.32174172458948], [115.59597169342162, 40.32174315307799], [115.595973559645, 40.32165308717998], [115.59609122967511, 40.32165451554431], [115.59609309573379, 40.32156444964031], [115.59632843550668, 40.32156730600098], [115.59633030124438, 40.32147724008646], [115.59644797098717, 40.321478668082804], [115.5964498365602, 40.32138860216229], [115.59668517575845, 40.32139145778698], [115.5966870410105, 40.32130139185593], [115.59680471046596, 40.32130281948429], [115.5968065755533, 40.321212753547265], [115.59692424486092, 40.32121418105145], [115.59692610978358, 40.32112411510842], [115.5970437789433, 40.321125542488446], [115.59704750845086, 40.32094541058891], [115.59716517730645, 40.32094683784024], [115.59716704189134, 40.32085677188375], [115.59728471059908, 40.32085819901092], [115.5972865750193, 40.32076813304842], [115.59740424357913, 40.320769560051424], [115.59740610783466, 40.32067949408294], [115.59752377624665, 40.32068092096179], [115.59752750441992, 40.32050078901132], [115.59764517252778, 40.32050221576149], [115.59764703644554, 40.32041214977954], [115.59776470440553, 40.32041357640556], [115.59776656815859, 40.32032351041759], [115.59788423597074, 40.32032493691944], [115.59788609955912, 40.32023487092549], [115.59800376722337, 40.320236297303175], [115.59800563064711, 40.320146231303234], [115.59812329816351, 40.32014765755677], [115.5981270246732, 40.31996752554342], [115.59824469188545, 40.31996895166827], [115.59824841804904, 40.31978881963998], [115.59836608495716, 40.31979024563617], [115.59837167367067, 40.31952004756911], [115.5984893401184, 40.31952147343211], [115.59850051638102, 40.318981077230966], [115.59838285087086, 40.31897965139503], [115.59839589055551, 40.31834918912473], [115.59851355497186, 40.31835061492906], [115.59851914281334, 40.3180804167775], [115.59863680676933, 40.31808184244865], [115.59864053164249, 40.31790171033119], [115.5987581952944, 40.317903135873685], [115.5987600575621, 40.31781306980823], [115.59887772106615, 40.31781449522658], [115.59887958316921, 40.317724429155135], [115.59899724652539, 40.31772585444934], [115.59899910846383, 40.317635788371895], [115.59923443488886, 40.3176386385924], [115.59923629650639, 40.31754857250444], [115.59935395957525, 40.31754999743073], [115.59935582102814, 40.317459931336806], [115.60017946165146, 40.31746990243952], [115.6001776012923, 40.317559968565014], [115.60147189624965, 40.31757562564665], [115.60147375489005, 40.3174855594716], [115.60182674413117, 40.31748982705896], [115.60182860229445, 40.31739976086891], [115.6020639281846, 40.31740260532], [115.602065786027, 40.31731253911948], [115.60230111163818, 40.31731538308301], [115.6023029691597, 40.31722531687202], [115.60253829449188, 40.31722816034804], [115.60254015169254, 40.31713809412655], [115.60277547674572, 40.317140937115035], [115.6027773336255, 40.31705087088307], [115.60418928277298, 40.317067918711004], [115.60418742776817, 40.31715798499693], [115.60677600777062, 40.31718919470473], [115.60677785933798, 40.31709912832002], [115.6068955220052, 40.317100545562845], [115.60689737340793, 40.31701047917215], [115.60701503592728, 40.317011896290865], [115.60701688716544, 40.31692182989421], [115.60713454953685, 40.316923246888805], [115.60713825167565, 40.316743114082094], [115.60725591374292, 40.316744530948085], [115.60725961553584, 40.316564398126495], [115.60737727729897, 40.31656581486389], [115.60737912802666, 40.3164757484464], [115.60749678964191, 40.31647716505967], [115.60749864020501, 40.31638709863621], [115.60773396314804, 40.31638993149491], [115.6077358133903, 40.31629986506101], [115.60797113605423, 40.316302697432214], [115.60797298597568, 40.316212630987884], [115.6083259695654, 40.31621687863404], [115.60832781900979, 40.31612681217477], [115.60879846328791, 40.316132474010246], [115.60880031209899, 40.31604240753159], [115.6090356339756, 40.316045237722605], [115.60903748246587, 40.315955171233504], [115.60927280406334, 40.31595800093705], [115.60927465223277, 40.31586793443751], [115.6095099735511, 40.315870763653585], [115.60951182139974, 40.315780697143616], [115.60962948191516, 40.315782111567735], [115.60963132959922, 40.31569204505181], [115.60974898996673, 40.315693459351834], [115.60975083748625, 40.315603392829956], [115.6099861579338, 40.31560622106216], [115.6099880051325, 40.31551615452984], [115.61010566521252, 40.31551756846202], [115.61010751224666, 40.31542750192376], [115.61034283211924, 40.31543032942031], [115.61034467883255, 40.315340262871615], [115.61069765823522, 40.315344503205814], [115.61069950447151, 40.31525443664222], [115.6112878028613, 40.31526150145102], [115.6112859574062, 40.315351568036974], [115.61187425678523, 40.31535862987751], [115.61187241210298, 40.31544869648433], [115.6123430523809, 40.315454343821386], [115.61234120831527, 40.315544410444616], [115.61340015083317, 40.31555710999504], [115.61340199349263, 40.315467043331594], [115.61351965365773, 40.31546845379016], [115.61352149615267, 40.315378387120795], [115.61363915616984, 40.315379797455265], [115.61364099850023, 40.315289730779945], [115.61375865836946, 40.315291140990325], [115.6137605005353, 40.315201074309066], [115.61387816025662, 40.31520248439536], [115.61388000225793, 40.31511241770816], [115.6139976618313, 40.31511382767037], [115.61399950366808, 40.31502376097722], [115.61411716309352, 40.31502517081534], [115.61411900476575, 40.31493510411625], [115.61423666404328, 40.31493651383029], [115.61423850555097, 40.31484644712528], [115.61435616468059, 40.31484785671522], [115.61435800602374, 40.31475779000425], [115.61459332399538, 40.31476060881634], [115.61459516501775, 40.314670542094994], [115.61471282385978, 40.31467195131713], [115.61471466471764, 40.31458188458985], [115.61483232341176, 40.31458329368791], [115.61483416410509, 40.31449322695468], [115.61518713976855, 40.31449745351777], [115.61518897998486, 40.31440738676967], [115.61530663839972, 40.314408795380324], [115.61530479833962, 40.314498862132865], [115.61565777410267, 40.31450308726049], [115.61565593450295, 40.314593154024934], [115.61589125203226, 40.314595970187476], [115.61588941273672, 40.31468603695935], [115.61612473061167, 40.31468885265232], [115.61612289162031, 40.31477891943164], [115.61624055072646, 40.31478032710314], [115.61623871188301, 40.31487039388544], [115.61647403043266, 40.314873208878495], [115.61647219189338, 40.31496327566822], [115.61706048919372, 40.31497031107968], [115.61706232695182, 40.31488024426769], [115.61729764561753, 40.314883057585995], [115.61729948305485, 40.31479299076359], [115.6174171422439, 40.31479439723887], [115.61741897951673, 40.31470433041055], [115.61753663855781, 40.314705736761745], [115.61754031276614, 40.31452560309178], [115.61765797150305, 40.314527009314446], [115.61765980843857, 40.31443694247279], [115.61777746702754, 40.31443834857137], [115.61777930379853, 40.3143482817238], [115.61789696223956, 40.31434968769832], [115.61789879884601, 40.314259620844815], [115.61801645713912, 40.31426102669527], [115.61802196644015, 40.313990826112544], [115.61813962427284, 40.31399223183001], [115.61814146053375, 40.3139021649617], [115.6180238028573, 40.313900759248675], [115.61802747566668, 40.31372062551654], [115.61790981831095, 40.31371921969279], [115.61791165485945, 40.31362915282896], [115.61779399766823, 40.31362774689005], [115.61779583436467, 40.313537680029185], [115.61756052031954, 40.31353486780142], [115.61756235732014, 40.313444800947984], [115.61732704362059, 40.31344198825064], [115.61732888092536, 40.31335192140463], [115.61721122424422, 40.31335051488099], [115.61721306169692, 40.31326044803795], [115.6170954051803, 40.31325904139915], [115.61709724278093, 40.31316897455908], [115.61697958642881, 40.31316756780511], [115.61698326191765, 40.31298743412948], [115.61686560588629, 40.31298602726479], [115.61687847092965, 40.31235555938476], [115.61676081600005, 40.31235415243163], [115.61676632993438, 40.31208395190284], [115.61664867548174, 40.31208254484346], [115.61665051359948, 40.311992478002026], [115.6165328593113, 40.3119910708275], [115.61653469757698, 40.31190100398905], [115.61641704345331, 40.311899596699355], [115.61641888186692, 40.31180952986389], [115.61630122790775, 40.311808122459034], [115.61629938933797, 40.31189818929006], [115.6159464270416, 40.31189396634448], [115.61594826608003, 40.311803899526836], [115.61583061215404, 40.31180249164355], [115.61583245134037, 40.31171242482887], [115.6157147975789, 40.31171101683042], [115.61571847623911, 40.31153088320558], [115.61583612968816, 40.31153229119511], [115.61583796884962, 40.31144222437601], [115.61548500899592, 40.31143800006197], [115.61548684861768, 40.31134793325475], [115.61525154240245, 40.311345116456266], [115.61525338232833, 40.3112550496565], [115.61490042353633, 40.31125082357507], [115.61490226392253, 40.31116075678722], [115.6150199166887, 40.311162165596166], [115.61502175691041, 40.31107209880238], [115.61478645169876, 40.31106928107377], [115.61478829222456, 40.310979214287414], [115.61420003012176, 40.310972167895066], [115.61420187142028, 40.31088210112955], [115.61408421918082, 40.31088069149672], [115.61408606062726, 40.31079062473419], [115.61385075648566, 40.310787805118636], [115.61385259823618, 40.31069773836354], [115.61397025014661, 40.31069914822666], [115.6139739333103, 40.31051901470314], [115.61373863012254, 40.31051619487515], [115.61374047200432, 40.310426128120085], [115.6136228205791, 40.310424718031165], [115.61362650463013, 40.310244584525556], [115.6135088535256, 40.31024317432594], [115.61351438000848, 40.30997297406985], [115.61316142815049, 40.309968742793565], [115.61316327076342, 40.30987867605197], [115.61281031944878, 40.309874443712665], [115.61281216252198, 40.309784376983], [115.61269451225658, 40.30978296596849], [115.61269819869041, 40.30960283251366], [115.61258054874571, 40.309601421388486], [115.61258423545866, 40.309421287936686], [115.61246658583465, 40.309419876700844], [115.61247027282674, 40.30923974325207], [115.61235262352342, 40.30923833190556], [115.61235446716319, 40.30914826518343], [115.61223681802436, 40.30914685372179], [115.61223866181201, 40.30905678700265], [115.61212101283769, 40.309055375425885], [115.6121228567732, 40.30896530870974], [115.61200520796339, 40.308963897017826], [115.61201074018855, 40.30869369687394], [115.6118930918556, 40.30869228507584], [115.6118967802765, 40.30851215164813], [115.61177913226425, 40.30851073973939], [115.61178097661839, 40.308420673027776], [115.61166332877065, 40.308419261003905], [115.61166701776637, 40.30823912758522], [115.61154937023929, 40.30823771545068], [115.6115530595141, 40.308057582035026], [115.6114354123077, 40.30805616978984], [115.61144648086952, 40.30751576953424], [115.61156412713886, 40.3075171817526], [115.61156597171387, 40.307427115033704], [115.61168361783537, 40.30742852712799], [115.61168546224587, 40.307338460403145], [115.61203840019172, 40.307342695955064], [115.61204024412542, 40.30725262921533], [115.61215788996782, 40.307254040822315], [115.61215973373702, 40.30716397407664], [115.61227737943155, 40.307165385559564], [115.61228106663266, 40.30698525205483], [115.61216342125046, 40.306983840580834], [115.61216710873065, 40.30680370707913], [115.6124023988787, 40.30680652988966], [115.61240424229399, 40.30671646312766], [115.61252188722433, 40.30671787434906], [115.61252373047513, 40.30662780758111], [115.61370017867378, 40.306641913173145], [115.61369833698465, 40.30673197998574], [115.61393362703639, 40.30673479967801], [115.61393178565132, 40.30682486649806], [115.61404943084581, 40.30682627616928], [115.61405127207472, 40.30673620934476], [115.61416891712136, 40.30673761889192], [115.61417259924197, 40.30655748522954], [115.61464317826217, 40.306563122186574], [115.61464501868535, 40.306473055335324], [115.614762663305, 40.30647446427116], [115.61476082303798, 40.30656453112687], [115.6149961126145, 40.30656734864869], [115.61499795256918, 40.30647728178405], [115.6151155972137, 40.30647869036111], [115.61513767414868, 40.305397887816866], [115.61502003137812, 40.30539647929332], [115.61502555089365, 40.305126278637395], [115.61514319319576, 40.30512768714758], [115.61514871216816, 40.30485748646502], [115.6152663540101, 40.30485889484223], [115.61527003297127, 40.30467876103755], [115.61538767450918, 40.30468016928627], [115.6153858351889, 40.304770236193804], [115.61550347689129, 40.304771644327396], [115.6155053160554, 40.30468157741541], [115.6156229576099, 40.30468298542496], [115.6156247966096, 40.30459291850704], [115.61586007943117, 40.3045957341585], [115.61586191811027, 40.30450566723018], [115.61609720065272, 40.304508482394404], [115.61609903901122, 40.30441841545569], [115.6162166801387, 40.30441982285397], [115.6162203565185, 40.30423968896322], [115.61598507489637, 40.3042368740649], [115.61598691338614, 40.304146807126216], [115.61563399148356, 40.304142583895256], [115.61563583043349, 40.30405251696848], [115.61540054951887, 40.30404970089219], [115.61540238877278, 40.303959633972845], [115.61516710820365, 40.30395681742716], [115.61516894776157, 40.30386675051525], [115.61481602743851, 40.303862524813276], [115.61481786745657, 40.30377245791326], [115.61446494767662, 40.30376823114846], [115.61446678815481, 40.30367816426036], [115.61411386891801, 40.30367393643275], [115.61411570985636, 40.30358386955657], [115.61352751207512, 40.30357682080799], [115.61352935378586, 40.30348675395265], [115.6132940750438, 40.30348393362512], [115.61329223302074, 40.30357400047154], [115.6130569539996, 40.303571179656764], [115.61305511165597, 40.303661246492794], [115.61293747200172, 40.303659835901584], [115.61293562949362, 40.303749902731646], [115.61270034989775, 40.30374708118156], [115.61269850706908, 40.30383714800123], [115.61258086712745, 40.303835737042355], [115.6125790241343, 40.303925803856075], [115.61269666423206, 40.30392721481942], [115.61269482138677, 40.30401728163613], [115.61234190064997, 40.304013048373974], [115.61234005732793, 40.304103115175806], [115.612104776566, 40.30410029239421], [115.61210293292332, 40.30419035918562], [115.61198529239867, 40.30418894761098], [115.61198344859156, 40.304279014396464], [115.61174816725492, 40.30427619087952], [115.61174632312718, 40.30436625765459], [115.6115110415115, 40.30436343365038], [115.61150919706314, 40.30445350041502], [115.61139155611163, 40.304452088229084], [115.61138971149879, 40.30454215498778], [115.61091914715136, 40.30453650503034], [115.6109173019056, 40.304626571769674], [115.61079966068341, 40.30462515897689], [115.61079781527316, 40.30471522571026], [115.61056253254141, 40.304712399757015], [115.61056068681057, 40.304802466479984], [115.610443045301, 40.304801053319515], [115.61044119940568, 40.30489112003652], [115.61020591609926, 40.304888293347894], [115.6102040698833, 40.30497836005446], [115.61008642808642, 40.30497694652631], [115.61008458170598, 40.30506701322694], [115.60996693976126, 40.305065599574725], [115.60996509321636, 40.30515566626939], [115.60984745112381, 40.30515425249312], [115.6098456044144, 40.30524431918185], [115.60972796217405, 40.30524290528152], [115.60972611530016, 40.30533297196429], [115.60960847291196, 40.3053315579399], [115.6096066258736, 40.30542162461672], [115.60937134080989, 40.30541879620022], [115.6093676460835, 40.30559892953153], [115.60925000325184, 40.30559751513495], [115.60924815572, 40.305687581793904], [115.60901286976934, 40.30568475263304], [115.60900917405601, 40.305864885928614], [115.60889153078087, 40.305863471159846], [115.6088859866799, 40.30613367107869], [115.6087683429446, 40.30613225617691], [115.6087646465233, 40.3063123894398], [115.60864700248399, 40.30631097440946], [115.60864515410466, 40.30640104103421], [115.60876279830015, 40.306402456069016], [115.60876095006864, 40.30649252269677], [115.60864330571701, 40.306491107657486], [115.6086396089167, 40.306671240899604], [115.60852196426109, 40.30666982573176], [115.6085182671151, 40.30684995895899], [115.60840062215547, 40.30684854366261], [115.60839507590543, 40.30711874347895], [115.60827743048564, 40.307117328049536], [115.60826448785059, 40.30774779420461], [115.60814684134593, 40.30774637862423], [115.60813944474633, 40.30810664494814], [115.6080217976253, 40.308105229230236], [115.6080162496195, 40.3083754289442], [115.60789860203826, 40.308374013093264], [115.60789675253014, 40.30846407965716], [115.60777910480107, 40.30846266368214], [115.6077735557581, 40.3087328633515], [115.60765590756884, 40.30873144724343], [115.60765405771498, 40.308821513792445], [115.60753640937786, 40.30882009756031], [115.60753270933274, 40.30900023064495], [115.60729741205883, 40.30899739780392], [115.60729556171138, 40.30908746433505], [115.60717791293074, 40.309086047730666], [115.60717606241879, 40.309176114255834], [115.60705841349031, 40.30917469752736], [115.60705656281381, 40.30926476404656], [115.6069389137375, 40.30926334719401], [115.60693521204708, 40.309443480219024], [115.60681756266673, 40.3094420632379], [115.60681571165281, 40.30953212974371], [115.60669806212464, 40.30953071263849], [115.60669621094617, 40.309620779138335], [115.60646091160247, 40.309617944560145], [115.6064590601033, 40.30970801104952], [115.60634141028778, 40.309706593576536], [115.60633955862406, 40.30979666005996], [115.60622190866071, 40.309795242462876], [115.60622005683244, 40.30988530894035], [115.60610240672126, 40.30988389121919], [115.60610055472844, 40.30997395769069], [115.60598290446943, 40.30997253984542], [115.60598105231206, 40.31006260631096], [115.60586340190518, 40.31006118834161], [115.6058615495833, 40.31015125480118], [115.60574389902858, 40.310149836707744], [115.60574204654215, 40.31023990316133], [115.60562439583958, 40.3102384849438], [115.60562254318859, 40.310328551391436], [115.60550489233819, 40.31032713304982], [115.60550303952266, 40.31041719949148], [115.60538538852443, 40.31041578102577], [115.60538353554433, 40.31050584746146], [115.60526588439825, 40.310504428871646], [115.6052621781006, 40.310684561729616], [115.6051445266505, 40.31068314301122], [115.60514082000705, 40.31086327585431], [115.6050231682529, 40.31086185700733], [115.6050194612636, 40.311041989835516], [115.6049018092054, 40.311040570859944], [115.60489995554202, 40.311130637267325], [115.60466465113832, 40.31112779894838], [115.60466279715418, 40.311217865345306], [115.60454514480867, 40.31121644600192], [115.60454329065996, 40.31130651239288], [115.60442563816662, 40.31130509292541], [115.60442378385335, 40.31139515931038], [115.60430613121214, 40.3113937397188], [115.6043042767343, 40.31148380609781], [115.60406897116462, 40.31148096654684], [115.604067116366, 40.31157103291539], [115.60277293461269, 40.31155540678361], [115.60277107808747, 40.31164547310122], [115.60253577211054, 40.31164263042244], [115.60253391526456, 40.31173269672957], [115.60241626213246, 40.31173127520626], [115.6024125481029, 40.31191140780708], [115.60229489466677, 40.311909986155165], [115.60229303748321, 40.31200005244885], [115.60217538389925, 40.31199863067284], [115.60217166919463, 40.31217876324679], [115.60205401530662, 40.312177341342164], [115.60205215778555, 40.31226740762242], [115.60193450374969, 40.312265985593676], [115.60193078836997, 40.31244611814074], [115.60181313403011, 40.31244469598339], [115.60181127617145, 40.31253476225021], [115.60169362168375, 40.31253333996874], [115.60169176366053, 40.312623406229584], [115.60157410902497, 40.312621983823995], [115.60157225083717, 40.31271205007885], [115.60145459605377, 40.312710627549144], [115.60145273770136, 40.31280069379802], [115.60133508277016, 40.31279927114421], [115.60133136572776, 40.31297940362851], [115.60109605526564, 40.31297655794403], [115.60109419641944, 40.31306662417496], [115.60097654104474, 40.31306520114879], [115.60097468203394, 40.31315526737373], [115.60085702651142, 40.31315384422344], [115.60085516733601, 40.31324391044241], [115.60061985600366, 40.31324106377397], [115.60061799650745, 40.31333112998245], [115.60050034069764, 40.313329706464295], [115.60049848103684, 40.31341977266679], [115.60038082507917, 40.313418349024516], [115.60037896525374, 40.313508415221044], [115.60026130914828, 40.313506991454645], [115.60025944915826, 40.31359705764517], [115.60002413666004, 40.31359420974452], [115.60002227634918, 40.31368427592455], [115.59955165082854, 40.31367857866983], [115.59954978988442, 40.31376864483034], [115.59896150739137, 40.31376152054803], [115.59895964565776, 40.31385158668451], [115.59813604942657, 40.31384160763377], [115.59813418659101, 40.313931673737194], [115.59778121643501, 40.31392739519337], [115.59777935312239, 40.31401746128176], [115.5975440394146, 40.31401460831209], [115.59754217578116, 40.31410467438998], [115.59742451878364, 40.3141032477212], [115.59742265498556, 40.31419331379309], [115.59730499784024, 40.314191887000185], [115.59730313387752, 40.31428195306608], [115.59718547658439, 40.31428052614903], [115.59718361245704, 40.31437059220893], [115.59706595501608, 40.314369165167754], [115.5970640907241, 40.314459231221655], [115.59682877555497, 40.314456376771396], [115.59682691094214, 40.31454644281478], [115.59670925321396, 40.314545015405706], [115.5967055236506, 40.31472514747902], [115.59658786561836, 40.314723719941284], [115.59658600066786, 40.3148137859712], [115.59646834248781, 40.314812358309325], [115.59645528650506, 40.31544282044574], [115.59633762723983, 40.3154413926326], [115.5963338965709, 40.31562152464922], [115.59621623700161, 40.31562009670743], [115.59621437149828, 40.315710162708996], [115.59609671178116, 40.31570873464305], [115.5960948461132, 40.315798800638646], [115.59597718624828, 40.31579737244855], [115.59597532041565, 40.315887438438125], [115.59585766040288, 40.3158860101239], [115.59585392839992, 40.316066142089575], [115.59573626808312, 40.31606471364667], [115.59573253573402, 40.316244845597396], [115.59561487511316, 40.31624341702582], [115.5956111424179, 40.31642354896158], [115.59549348149298, 40.31642212026134], [115.59548601537651, 40.316782384097024], [115.59536835383504, 40.31678095525907], [115.59536275369057, 40.31705115310673], [115.59524509168878, 40.31704972413557], [115.5952432248009, 40.31713979007733], [115.59512556265129, 40.31713836098201], [115.5951236955987, 40.317228426917744], [115.59488837101226, 40.31722556835918], [115.59489210573396, 40.3170454365043], [115.59477444376586, 40.317044007054626], [115.59477817876636, 40.3168638752029], [115.59466051711915, 40.31686244564264], [115.5946754580342, 40.316141918212786], [115.59479311843147, 40.31614334773683], [115.59479685326353, 40.31596321585553], [115.59491451335674, 40.31596464525092], [115.59492011507298, 40.31569444740431], [115.5950377747059, 40.31569587666649], [115.59503964177158, 40.31560581071013], [115.59515730125669, 40.31560723984818], [115.59516103505031, 40.31542710792199], [115.5952786942314, 40.315428536931364], [115.59528242767884, 40.3152484049902], [115.59540008655588, 40.3152498338709], [115.59540381965721, 40.31506970191479], [115.59552147823022, 40.31507113066681], [115.59552894370695, 40.31471086671876], [115.59564660166346, 40.31471229533308], [115.59565220021395, 40.314442097342955], [115.59576985771021, 40.31444352582408], [115.59577172372065, 40.3143534598199], [115.59588938106907, 40.31435488817688], [115.59589311275226, 40.31417475615502], [115.59601076979668, 40.31417618438336], [115.59601263546942, 40.314086118365694], [115.59613029236603, 40.31408754646987], [115.59613215787414, 40.313997480446226], [115.59624981462291, 40.31399890842627], [115.5962516799664, 40.3139088423966], [115.59636933656739, 40.313910270252514], [115.59637120174624, 40.313820204216846], [115.59648885819942, 40.313821631948635], [115.59649072321363, 40.31373156590697], [115.59660837951898, 40.31373299351461], [115.59661024436859, 40.31364292746695], [115.5968455566921, 40.313645782314346], [115.59684742122084, 40.31355571625618], [115.596965077239, 40.313557143495935], [115.59696694160314, 40.313467077431774], [115.59731990923936, 40.313471358419804], [115.59732177312644, 40.313381292340594], [115.59755708461354, 40.31338414572551], [115.59755894817975, 40.313294079635796], [115.59802957062993, 40.313299784952164], [115.5980314335629, 40.31320971884293], [115.59826674452594, 40.3132125707744], [115.59826860713808, 40.313122504654636], [115.59873922854014, 40.31312820706417], [115.59874109051901, 40.31303814092488], [115.59932936667946, 40.31304526622292], [115.59933122786887, 40.312955200059584], [115.5996841931972, 40.31295947378952], [115.59968605390958, 40.31286940761119], [115.5998037088796, 40.3128708319441], [115.59980556942737, 40.31278076575978], [115.59992322424958, 40.31278218996858], [115.59992508463274, 40.31269212377827], [115.60016039398987, 40.31269497182798], [115.6001641141062, 40.312514839424914], [115.60028176848493, 40.312516263261344], [115.60028362837431, 40.31242619705309], [115.6004012826052, 40.31242762076539], [115.60040314232998, 40.31233755455116], [115.60052079641306, 40.312338978139344], [115.60052451552504, 40.31215884569741], [115.60075982309154, 40.312161692496936], [115.60076354154513, 40.311981560031064], [115.60088119502855, 40.311982983242395], [115.60088305408654, 40.31189291700274], [115.60100070742214, 40.311894340089964], [115.60100256631557, 40.31180427384433], [115.60112021950334, 40.31180569680743], [115.60112207823218, 40.311715630555796], [115.60123973127212, 40.3117170533948], [115.60124158983636, 40.3116269871372], [115.60135924272849, 40.311628409852084], [115.60136110112815, 40.311538343588495], [115.60147875387246, 40.311539766179266], [115.60148061210755, 40.311449699909694], [115.60159826470402, 40.31145112237635], [115.60160198083663, 40.31127098982378], [115.6017196331291, 40.311272412161834], [115.60172149102665, 40.311182345878834], [115.60183914317128, 40.31118376809276], [115.60184100090423, 40.31109370180378], [115.60195865290105, 40.31109512389361], [115.60196051046944, 40.31100505759864], [115.60207816231842, 40.31100647956436], [115.60208001972222, 40.310916413263406], [115.60219767142338, 40.31091783510503], [115.60219952866262, 40.31082776879811], [115.60243483177769, 40.31083061211352], [115.60243668869614, 40.310740545796136], [115.60255434011005, 40.31074196726993], [115.60255619686393, 40.31065190094654], [115.60290915068727, 40.31065616463681], [115.6029110069642, 40.31056609829846], [115.60373456508489, 40.31057604269146], [115.6037364202601, 40.31048597632015], [115.60385407129746, 40.310487396464815], [115.60385592630809, 40.310397330087525], [115.60397357719765, 40.31039875010809], [115.6039754320437, 40.31030868372483], [115.60409308278543, 40.31031010362129], [115.60409493746693, 40.31022003723206], [115.60421258806082, 40.310221457004424], [115.60421444257778, 40.31013139060922], [115.60433209302383, 40.310132810257485], [115.60433580172028, 40.309952677453666], [115.6044534518623, 40.30995409697334], [115.6044553060418, 40.309864030564725], [115.60457295603598, 40.309865449960306], [115.60457481005092, 40.309775383545706], [115.60469245989731, 40.3097768028172], [115.60469431374767, 40.309686736396635], [115.60481196344622, 40.30968815554403], [115.60481381713207, 40.3095980891175], [115.60504911624184, 40.309600927044514], [115.60505096960694, 40.30951086060751], [115.60516861901819, 40.30951227938712], [115.60517047221873, 40.309422212944156], [115.60528812148216, 40.30942363159969], [115.60528997451814, 40.30933356515074], [115.60540762363374, 40.30933498368217], [115.6054094765052, 40.309244917227275], [115.60552712547296, 40.30924633563461], [115.60552897817988, 40.30915626917375], [115.60564662699979, 40.309157687457], [115.60564847954218, 40.30906762099016], [115.60576612821427, 40.309069039149335], [115.60576798059212, 40.30897897267653], [115.60588562911636, 40.30898039071161], [115.60588748132969, 40.30889032423283], [115.60600512970612, 40.308891742143814], [115.60600698175486, 40.30880167565908], [115.60612462998346, 40.308803093446], [115.6061264818677, 40.308713026955296], [115.60624412994848, 40.30871444461812], [115.60624598166817, 40.30862437812144], [115.6063636296011, 40.308625795660184], [115.60636548115629, 40.308535729157555], [115.60648312894139, 40.30853714657221], [115.60648498033201, 40.30844708006362], [115.60660262796928, 40.30844849735419], [115.60660633041317, 40.308268364323595], [115.60672397774643, 40.30826978148559], [115.60672582879967, 40.3081797149636], [115.60684347598509, 40.30818113200152], [115.60684717775416, 40.30800099894412], [115.60696482463558, 40.30800241585347], [115.60696852605892, 40.307822282781174], [115.60708617263633, 40.30782369956198], [115.60709357475815, 40.307463433381734], [115.60721122071922, 40.307464850025], [115.60721677175444, 40.30719465036086], [115.60733441725532, 40.30719606687107], [115.60733996774694, 40.3069258671802], [115.60745761278768, 40.30692728355736], [115.6074705625496, 40.306296817528874], [115.6075882065055, 40.30629823375507], [115.60759375580984, 40.30602803399296], [115.6077113993056, 40.30602945008613], [115.60771509848779, 40.30584931689504], [115.60783274167959, 40.30585073285965], [115.60783644051608, 40.30567059965369], [115.6079540834039, 40.305672015489755], [115.60795963112764, 40.305401815656296], [115.60807727355532, 40.30540323135933], [115.6080809716838, 40.30522309812068], [115.6081986138075, 40.30522451369516], [115.60820231159035, 40.30504438044162], [115.60831995341007, 40.30504579588757], [115.60832365084723, 40.304865662619164], [115.60844129236298, 40.30486707793657], [115.60844314091291, 40.30477701129568], [115.60867842365714, 40.30477984156278], [115.60868027188641, 40.30468977491143], [115.60891555435167, 40.304692604691255], [115.60891740226033, 40.30460253802949], [115.6090350433493, 40.30460395273555], [115.60903689109345, 40.304513886067824], [115.60927217298409, 40.30451671511226], [115.60927402040763, 40.30442664843409], [115.6093916612093, 40.30442806277245], [115.60939535571907, 40.304247929402756], [115.60986591775985, 40.304253585524634], [115.60986776437767, 40.30416351881966], [115.61010304513572, 40.304166346154155], [115.6101048914329, 40.30407627943876], [115.61034017191196, 40.30407910628601], [115.61034201788854, 40.30398903956019], [115.61057729808861, 40.303991865920175], [115.61057914374457, 40.303901799183926], [115.61069678370093, 40.30390321218008], [115.61069862919241, 40.30381314543788], [115.61093390881784, 40.30381597106251], [115.6109357539887, 40.303725904309886], [115.61117103333513, 40.30372872944727], [115.61117287818539, 40.303638662684236], [115.61140815725278, 40.30364148733437], [115.61141000178245, 40.30355142056091], [115.61164528057083, 40.3035542447238], [115.61164712477988, 40.303464177939915], [115.61176476403041, 40.30346558983753], [115.611766608075, 40.3033755230477], [115.61200188628872, 40.30337834647526], [115.6120037300127, 40.30328827967502], [115.61212136897589, 40.30328969120497], [115.61212321253544, 40.30319962439878], [115.61224085135079, 40.303201035804676], [115.61224269474589, 40.303110968992556], [115.61247797208927, 40.3031137914367], [115.61247981516374, 40.30302372461416], [115.6127150922281, 40.30302654657108], [115.612716934982, 40.30293647973813], [115.61389331924083, 40.30295058230366], [115.61389147804833, 40.30304064918126], [115.61424439395635, 40.30304487763262], [115.61424255322396, 40.30313494452214], [115.61447783084976, 40.30313776290077], [115.61447599042134, 40.30322782979773], [115.61494654639708, 40.30323346513792], [115.61494838620092, 40.303143398223135], [115.6151836639263, 40.30314621516687], [115.61518550340955, 40.303056148241666], [115.61542078085583, 40.303058964698195], [115.6154244591729, 40.30287883082555], [115.6155420975962, 40.30288023886552], [115.61554393658618, 40.30279017192253], [115.615426298319, 40.302788763886994], [115.6154354939251, 40.302338429172174], [115.61555313141157, 40.302339837185414], [115.61555497035178, 40.30224977023355], [115.61567260769041, 40.30225117812276], [115.61567444646619, 40.30216111116497], [115.61579208365697, 40.30216251893017], [115.61579759946616, 40.301892318034575], [115.61591523619686, 40.30189372566681], [115.61591891304926, 40.30171359172013], [115.61580127663082, 40.3017121840968], [115.61580311520073, 40.301622117125696], [115.61568547894672, 40.301620709387265], [115.61568731766447, 40.30153064241913], [115.6154520454936, 40.30152782659247], [115.6154502064636, 40.30161789355168], [115.61521493401364, 40.30161507723782], [115.61521861268984, 40.301434943335764], [115.61510097678956, 40.3014335350084], [115.61510281627135, 40.30134346805961], [115.61486754480794, 40.3013406510551], [115.6148657050139, 40.30143071799497], [115.61463043327142, 40.30142790050326], [115.61462859315682, 40.30151796743272], [115.61451095714189, 40.30151655850307], [115.61450911686286, 40.3016066254266], [115.61439148070009, 40.30160521637291], [115.61439332113527, 40.30151514945384], [115.61380514122662, 40.30150810241418], [115.61380330001084, 40.30159816931094], [115.6136856638979, 40.30159675953985], [115.61369118798875, 40.30132655885852], [115.61380882363332, 40.30132796861622], [115.61381066482419, 40.30123790171504], [115.61392830032092, 40.30123931134872], [115.6139301413474, 40.301149244441596], [115.61381250600678, 40.301147834812376], [115.6138180295047, 40.300877634095514], [115.61370039464074, 40.300876224360124], [115.61370223594623, 40.30078615745601], [115.61381987065407, 40.30078756718694], [115.61382539405236, 40.30051736645236], [115.6137077598129, 40.30051595673482], [115.61370960108519, 40.30042588982481], [115.61347433294343, 40.30042307003996], [115.61347064976607, 40.30060320384066], [115.61335301539539, 40.30060179375996], [115.61335485714436, 40.30051172686481], [115.61300195455055, 40.30050749591874], [115.61300379675956, 40.30041742903552], [115.61288616273436, 40.30041601848551], [115.61288800509115, 40.30032595160526], [115.6127703712304, 40.30032454094014], [115.6127740562313, 40.30014440718416], [115.61265642269109, 40.30014299640842], [115.61266379321769, 40.29978272889662], [115.61278142613348, 40.2997841396545], [115.61278695347285, 40.29951393899173], [115.61290458592859, 40.29951534961665], [115.61290642820232, 40.29942528272164], [115.61302406051024, 40.29942669322256], [115.61303142889766, 40.29906642560989], [115.61291379721415, 40.299065015126864], [115.61291748167024, 40.29888488132062], [115.61279985030728, 40.298883470726956], [115.61280353504232, 40.298703336923715], [115.61256827296575, 40.298700515395595], [115.61257011563303, 40.298610448500696], [115.61233485390188, 40.29860762650328], [115.61233669687306, 40.298517559615846], [115.61210143548738, 40.29851473714915], [115.61210327876245, 40.29842467026916], [115.61198564823819, 40.29842325886096], [115.61198749166104, 40.29833319198398], [115.61186986130117, 40.29833178046068], [115.61187170487183, 40.29824171358668], [115.6117540746764, 40.2982403019483], [115.61175591839483, 40.29815023507729], [115.61163828836382, 40.298148823323835], [115.61164197608797, 40.29796868958635], [115.61152434637745, 40.297967277722265], [115.61152619038316, 40.29787721085576], [115.61140856083706, 40.297875798876596], [115.61141040499055, 40.297785732013104], [115.61129277560887, 40.297784319918854], [115.61129461991011, 40.29769425305835], [115.61117699069287, 40.29769284084903], [115.61117883514191, 40.29760277399152], [115.61106120608906, 40.29760136166712], [115.6110630506859, 40.2975112948126], [115.61094542179744, 40.29750988237313], [115.61094726654204, 40.2974198155216], [115.61082963781801, 40.29741840296705], [115.61083148271041, 40.297328336118504], [115.61071385415079, 40.29732692344887], [115.61071569919093, 40.29723685660334], [115.61059807079575, 40.297235443818636], [115.61059991598368, 40.2971453769761], [115.61048228775289, 40.29714396407631], [115.61048413308859, 40.29705389723678], [115.61036650502221, 40.2970524842219], [115.6103683505057, 40.29696241738537], [115.61013309471011, 40.29695959100595], [115.61013494049743, 40.29686952417686], [115.61001731276822, 40.29686811081231], [115.6100191587033, 40.29677804398623], [115.60978390358201, 40.29677521690743], [115.60978574982099, 40.29668515008883], [115.60931524030266, 40.29667949451454], [115.60931708715766, 40.296589427712384], [115.60908183276065, 40.29658659921692], [115.60908367991946, 40.296496532422225], [115.60861317184977, 40.29649087401466], [115.60861501962461, 40.296400807236395], [115.6084973927841, 40.29639939234012], [115.60849554485316, 40.29648945911391], [115.60814266391338, 40.29648521369436], [115.60814081550583, 40.29657528045321], [115.6080231883865, 40.29657386506979], [115.60802133981453, 40.29666393182269], [115.60790371254744, 40.29666251631525], [115.60790186381105, 40.29675258306218], [115.6077842363962, 40.29675116743071], [115.60778238749539, 40.2968412341717], [115.60766475993279, 40.29683981841619], [115.60766291086756, 40.296929885151215], [115.60742765545515, 40.2969270532726], [115.60742580606943, 40.29701711999718], [115.60695529472038, 40.29701145478745], [115.60695344470192, 40.29710152149262], [115.60660056080945, 40.29709727131662], [115.60659871031439, 40.29718733800685], [115.60648108221083, 40.29718592103794], [115.6064792315513, 40.2972759877222], [115.6063616033, 40.29727457062926], [115.60635790164378, 40.2974547039844], [115.60659315877909, 40.29745753806869], [115.60659500929921, 40.2973674713829], [115.60671263772329, 40.29736888824124], [115.60670338581978, 40.2978192216779], [115.6065857566152, 40.297817804797134], [115.6065820554832, 40.2979979381525], [115.60634679647472, 40.297995104014355], [115.606344945584, 40.29808517068084], [115.60599205666557, 40.29808091856354], [115.6059902052982, 40.2981709852151], [115.60575494574879, 40.2981681498635], [115.6057530940609, 40.29825821650459], [115.60528257443788, 40.29825254434882], [115.6052807221172, 40.29834261097049], [115.60481020200343, 40.2983369368839], [115.60480834905002, 40.29842700348611], [115.60469071888636, 40.29842558466109], [115.60468886576848, 40.29851565125735], [115.60457123545707, 40.29851423230828], [115.60456752888403, 40.29869436548737], [115.60444989826878, 40.298692946409766], [115.60444804481362, 40.298783012992594], [115.604565675585, 40.298784432074704], [115.60456382227757, 40.298874498660545], [115.60444619135012, 40.29887307957396], [115.60444433787823, 40.29896314615384], [115.60432670680305, 40.2989617269432], [115.6043248531667, 40.29905179351711], [115.60420722194377, 40.29905037418242], [115.60420536814294, 40.299140440750364], [115.60408773677224, 40.29913902129162], [115.60408588280697, 40.2992290878536], [115.60396825128855, 40.29922766827081], [115.60396454302072, 40.29940780138133], [115.6038469111984, 40.29940638166999], [115.60384505689585, 40.299496448218534], [115.60372742492578, 40.299495028383156], [115.60372371598334, 40.29967516146682], [115.6034884514439, 40.29967232141941], [115.60348659664791, 40.29976238795002], [115.6033689642346, 40.29976096774248], [115.60336710927416, 40.29985103426714], [115.60313184416046, 40.29984819348439], [115.6031299888794, 40.29993825999856], [115.60301235617898, 40.29993683942335], [115.60300307886766, 40.30038717194961], [115.60312071234864, 40.300388592547314], [115.60311885701738, 40.30047865905264], [115.60358939164946, 40.30048434026582], [115.60359124635626, 40.30039427374251], [115.60382651341025, 40.30039711362274], [115.60382836779645, 40.30030704708897], [115.60418126797178, 40.30031130599913], [115.60418312188128, 40.30022123945041], [115.604653654941, 40.30022691630545], [115.60465180165596, 40.30031698287215], [115.60476943509791, 40.30031840179151], [115.60476572881504, 40.30049853492947], [115.60488336257757, 40.30049995373824], [115.60487780355895, 40.300770153447594], [115.60476016932805, 40.300768734625336], [115.60475831614902, 40.30085880118767], [115.60487595053601, 40.300860220014414], [115.60486668529609, 40.30131055282638], [115.60510195565638, 40.301313390166094], [115.60510010289558, 40.301403456733034], [115.60545300896707, 40.30140771185932], [115.60544930435712, 40.30158784501573], [115.60533166867936, 40.30158642675088], [115.60532240622773, 40.30203675959358], [115.60544004268614, 40.30203817788087], [115.60543819032686, 40.30212824444947], [115.60532055371233, 40.30212682615768], [115.6053168486565, 40.30230695928146], [115.60519921173805, 40.302305540861134], [115.60520106442627, 40.30221547430447], [115.6049657909267, 40.30221263711406], [115.60496208491736, 40.30239277020795], [115.60460917379389, 40.302388513498634], [115.60460546681433, 40.302568646559656], [115.60448782947763, 40.30256722740843], [115.60448412215236, 40.30274736045455], [115.60460175980134, 40.302748779614774], [115.60459990628232, 40.30283884614011], [115.60436463068045, 40.30283600769112], [115.60436092299277, 40.3030161407194], [115.6041256467998, 40.30301330177415], [115.60412008426874, 40.30328350127852], [115.60400244571638, 40.303282081613055], [115.60400059136649, 40.303372148107066], [115.60411823007497, 40.30337356777702], [115.60411637587286, 40.30346363427404], [115.60423401474587, 40.30346505382892], [115.60423216069155, 40.303555120328966], [115.60446743877492, 40.303557959088984], [115.60446373126572, 40.303738092102606], [115.60469901000708, 40.303740930402306], [115.60469715655225, 40.30383099691589], [115.60493243563936, 40.30383383474627], [115.60493058248842, 40.30392390126737], [115.60469530308904, 40.303921063428], [115.6046934496175, 40.30401112993863], [115.60481108946915, 40.30401254892259], [115.60480738281328, 40.304192681948386], [115.60492502298555, 40.30419410082177], [115.60492316980122, 40.30428416733694], [115.6048055294728, 40.30428274845908], [115.60480367612394, 40.30437281496828], [115.6046860356477, 40.30437139596636], [115.60468418213436, 40.3044614624696], [115.60456654151032, 40.30446004334359], [115.60455912674877, 40.30482030932381], [115.60467676799739, 40.30482172846778], [115.60467862154415, 40.30473166197044], [115.60479626264501, 40.30473308099035], [115.60479440925437, 40.30482314749217], [115.60491205051972, 40.30482456639699], [115.60491390375421, 40.30473449989068], [115.60503154487175, 40.30473591867142], [115.60502969179342, 40.30482598518222], [115.60514733307548, 40.30482740384788], [115.60514548014493, 40.30491747036169], [115.60502783870673, 40.304916051691556], [115.60502413250829, 40.30509618470577], [115.60490649076614, 40.305094765907064], [115.60490463749824, 40.30518483240748], [115.60478699560826, 40.30518341348469], [115.60478514217586, 40.305273479979135], [115.60466750013809, 40.30527206093227], [115.60466564654118, 40.30536212742073], [115.60443036217843, 40.30535928895929], [115.60442850826084, 40.3054493554373], [115.60419322361923, 40.30544651648853], [115.6041987862839, 40.30517631707706], [115.6040811444441, 40.30517489743679], [115.60407929007474, 40.30526496390427], [115.60384400610793, 40.305262124256], [115.60384771546288, 40.305081991337545], [115.60373007380434, 40.30508057134301], [115.60372821897488, 40.30517063779849], [115.60349293537057, 40.30516779744171], [115.60349108022045, 40.30525786388672], [115.60337343827467, 40.30525644352446], [115.60336972763704, 40.30543657640103], [115.60325208538733, 40.3054351559102], [115.6032483744039, 40.30561528877187], [115.60301308930498, 40.305612447413466], [115.60301123348839, 40.30570251383309], [115.6028935907953, 40.30570109297002], [115.6028880228269, 40.30597129220653], [115.60277037967373, 40.305969871210365], [115.60276852351134, 40.30605993761508], [115.60265088021038, 40.30605851649485], [115.60264716754818, 40.306238649290854], [115.60252952394326, 40.306237228042036], [115.60252581093529, 40.306417360823126], [115.60240816702641, 40.30641593944572], [115.60240445367259, 40.30659607221191], [115.60228680945976, 40.30659465070592], [115.60228495261413, 40.30668471708229], [115.60216730825351, 40.30668329545222], [115.60216545124335, 40.30677336182261], [115.60204780673493, 40.306771940068444], [115.60204594956024, 40.30686200643285], [115.60181066025619, 40.30685916255676], [115.60181251774324, 40.30676909620134], [115.60193016223491, 40.30677051819469], [115.6019320195574, 40.3066804518333], [115.60204966390127, 40.306681873702544], [115.60205337820881, 40.30650174096633], [115.60217102224874, 40.306503162706996], [115.60217659317873, 40.306232963578076], [115.60194130604427, 40.306230120004166], [115.60193944876364, 40.30632018637294], [115.60170416135033, 40.30631734231171], [115.601702303749, 40.306407408670005], [115.60158465989875, 40.306405986455495], [115.60157908657604, 40.30667618550802], [115.60169673089477, 40.306677607736034], [115.60169487325996, 40.30676767408842], [115.6012242954106, 40.30676198444083], [115.60122615367007, 40.30667191810646], [115.60087322083955, 40.30666764962861], [115.60087136211156, 40.306757715949466], [115.6007537176953, 40.30675629287984], [115.60075929432264, 40.306486093926324], [115.60052400645228, 40.30648324745533], [115.60052214727254, 40.30657331376564], [115.60040450319379, 40.30657189034627], [115.60040264384953, 40.30666195665059], [115.60052028808444, 40.306663380074475], [115.60051842888798, 40.306753446381826], [115.60028314011416, 40.306750599405454], [115.60028499962299, 40.30666053310711], [115.59981442280066, 40.306654837737355], [115.59981628292573, 40.30656477145558], [115.5996986388973, 40.30656334731867], [115.59970049917014, 40.306473281039914], [115.59958285530625, 40.30647185678794], [115.59958657613912, 40.30629172423502], [115.59946893259595, 40.30629029987248], [115.59947079315596, 40.30620023359832], [115.59935314977733, 40.306198809120694], [115.5993550104851, 40.30610874284956], [115.59923736727103, 40.30610731825686], [115.59923922812659, 40.30601725198874], [115.5990039420359, 40.306014402453634], [115.5990058031954, 40.30592433619307], [115.59888816031882, 40.30592291125064], [115.59889002162606, 40.30583284499312], [115.59865473621038, 40.30582999475853], [115.59865659782155, 40.305739928508544], [115.59830367022947, 40.30573565227334], [115.59830180814984, 40.305825718509794], [115.59806652281814, 40.30582286707938], [115.59806838521008, 40.305732800851956], [115.5978331002243, 40.30572994895224], [115.59783496292015, 40.30563988273238], [115.597717320596, 40.30563845660767], [115.59771545774399, 40.30572852282301], [115.59712724546851, 40.305721390383106], [115.59712910910133, 40.30563132419033], [115.5970114668276, 40.305629897348126], [115.59701333060816, 40.30553983115839], [115.59689568849898, 40.30553840420111], [115.59689941634717, 40.30535827182625], [115.59654649100703, 40.30535399026404], [115.59654462661867, 40.30544405643865], [115.5963093427883, 40.30544120145691], [115.59630747807924, 40.30553126762101], [115.5960721939702, 40.3055284121519], [115.59607032894039, 40.30561847830548], [115.59595268674232, 40.305617050387035], [115.59595455192829, 40.30552698423797], [115.5958369098948, 40.30552555620446], [115.59583504455269, 40.305615622349], [115.59559976019864, 40.30561276591419], [115.59559789453579, 40.305702832048205], [115.59548025221524, 40.30570140364692], [115.59548211803421, 40.30561133751742], [115.5953644758782, 40.30560990900106], [115.59536634184494, 40.3055198428746], [115.59548398384479, 40.30552127138643], [115.59548584964693, 40.305431205253974], [115.59536820780323, 40.30542977674666], [115.59537940337637, 40.30488937994801], [115.59549704428316, 40.30489080842818], [115.59550264148768, 40.30462060999535], [115.59538500104937, 40.30461918152874], [115.59538686692352, 40.30452911538601], [115.59550450720569, 40.304530543848095], [115.59550637291531, 40.30444047769937], [115.59562401304974, 40.304441906037376], [115.59563147517946, 40.304081641409624], [115.59527855667507, 40.30407735609119], [115.59527482469016, 40.30425748838088], [115.59503954510474, 40.30425463088595], [115.59503767878739, 40.30434469701954], [115.59515531873205, 40.304346125831316], [115.59515345256243, 40.30443619196794], [115.59491817236923, 40.304433334215766], [115.59492377178975, 40.30416313582858], [115.59480613217421, 40.3041617067867], [115.59480799878703, 40.30407164065921], [115.59492563824641, 40.304073069696564], [115.59492750469467, 40.30398300356307], [115.59480986539141, 40.30398157453023], [115.59481173198738, 40.303891508399786], [115.59457645371843, 40.303888649984444], [115.59457832061828, 40.303798583861564], [115.5942254037464, 40.303794295355324], [115.59422727110626, 40.30370422924454], [115.59399199354607, 40.30370136965156], [115.59399572886505, 40.30352123744367], [115.59387809040986, 40.303519807476874], [115.59388556157128, 40.303159543061454], [115.59376792374907, 40.303158112993195], [115.5937735275001, 40.3028879146797], [115.59365589015472, 40.30288648450544], [115.59365775821102, 40.302796418402515], [115.5935401210302, 40.30279498811322], [115.59354385742978, 40.30261485591198], [115.59342622056963, 40.30261342551218], [115.59342808891292, 40.30252335941386], [115.59331045221734, 40.30252192889902], [115.59331232070834, 40.30243186280377], [115.5931946841773, 40.302430432173885], [115.593196552816, 40.30234036608167], [115.59307891644953, 40.302338935336756], [115.59308265401391, 40.30215880315695], [115.5929650179681, 40.30215737230152], [115.59296688689379, 40.302067306213935], [115.59284925101254, 40.30206587524348], [115.59285298915087, 40.30188574307293], [115.59273535359029, 40.301884311991955], [115.5927503070554, 40.30116378328688], [115.59263267275226, 40.30116235212259], [115.59264014990697, 40.30080208775268], [115.59275778358564, 40.300803518898846], [115.59276339089485, 40.30053332059231], [115.59252812448261, 40.30053045820759], [115.59253373265263, 40.300260259914936], [115.5924160999275, 40.30025882855682], [115.59241796945676, 40.30016876246085], [115.59230033689617, 40.300167330987726], [115.59230220657311, 40.3000772648948], [115.59206694178945, 40.30007440159894], [115.59206881177019, 40.29998433551359], [115.59183354733247, 40.299981471748566], [115.59183541761699, 40.299891405670806], [115.59148252149204, 40.29988710914019], [115.59148626297242, 40.29970697700745], [115.59136863125983, 40.299705544600535], [115.59137050214349, 40.29961547853648], [115.59125287059544, 40.29961404601453], [115.59125099955571, 40.29970411207406], [115.59113336786001, 40.29970267942803], [115.59113523905587, 40.299612613373036], [115.5910176075247, 40.29961118061198], [115.59101947886825, 40.299521114560065], [115.59090184750163, 40.29951968168399], [115.5909074619499, 40.29924948353295], [115.5910250928482, 40.299250916395415], [115.59102696415798, 40.29916085033758], [115.59090933341578, 40.29915941747966], [115.59091494776278, 40.29888921931087], [115.59079731749735, 40.298887786346995], [115.59079918908557, 40.298797720292306], [115.59103444931269, 40.29880058609143], [115.59103632058027, 40.2987105200262], [115.5909186906186, 40.29870908719095], [115.59092056203384, 40.298619021128786], [115.59080293223668, 40.29861758817852], [115.59080480379961, 40.2985275221194], [115.590687174167, 40.29852608905412], [115.59068904587755, 40.298436022998054], [115.59057141640949, 40.29843458981777], [115.59057328826773, 40.298344523764776], [115.59045565896419, 40.29834309046947], [115.59045753097008, 40.29825302441954], [115.59033990183109, 40.29825159100921], [115.5903417739846, 40.29816152496234], [115.58975362919679, 40.29815435614021], [115.58975550212237, 40.298064290114546], [115.58963787334625, 40.29806285599601], [115.58964161948421, 40.297882723949314], [115.58952399102871, 40.29788128972031], [115.58952024457854, 40.29806142175792], [115.58916735832618, 40.29805711832638], [115.58916548462014, 40.29814718432934], [115.58881259797552, 40.298142879808225], [115.58881447214983, 40.298052813818884], [115.58869684344131, 40.29805137874397], [115.58870434067845, 40.29769111479001], [115.58882196876262, 40.29769254984677], [115.5888200946221, 40.29778261584202], [115.58905535112798, 40.29778548560597], [115.5890572249563, 40.297695419601645], [115.58917485306583, 40.29769685429975], [115.58917672672963, 40.29760678828939], [115.5892943546915, 40.29760822286342], [115.58929997516391, 40.297338024809854], [115.5891823476703, 40.29733659024945], [115.58918422130029, 40.29724652423319], [115.58906659397121, 40.297245089557784], [115.58907221527878, 40.29697489151372], [115.5888369615825, 40.296972021831536], [115.5888350875096, 40.29706208783861], [115.58871746051805, 40.29706065281366], [115.58871933474705, 40.29697058681113], [115.58860170792002, 40.29696915167118], [115.58860358229667, 40.29687908567171], [115.58836832898017, 40.29687621504227], [115.58837020366052, 40.29678614905039], [115.58813495068999, 40.29678327795185], [115.58813682567406, 40.29669321196761], [115.58801919935756, 40.29669177624358], [115.58802107448925, 40.29660171026238], [115.58790344833731, 40.29660027442334], [115.58790719888746, 40.296420142465635], [115.58767194723326, 40.29641727044712], [115.58767382280784, 40.29632720447514], [115.5875561971495, 40.29632576829112], [115.58755994858542, 40.296145636351795], [115.58732469791845, 40.29614276364332], [115.58732657393587, 40.29605269768054], [115.58720894877113, 40.29605126115154], [115.5872108249362, 40.29596119519183], [115.58709319993599, 40.29595975854783], [115.58709882884862, 40.29568956067348], [115.5869812043251, 40.29568812392358], [115.58699058645728, 40.29523779412614], [115.58687296272261, 40.29523635727946], [115.58687483927972, 40.29514629132008], [115.58675721570961, 40.295144854358405], [115.58676096911059, 40.29496472244432], [115.58664334586106, 40.29496328537221], [115.5866527299958, 40.29451295558384], [115.58677035246498, 40.29451439263321], [115.58677785899619, 40.29415412875769], [115.58713072458177, 40.29415843913398], [115.5871326007252, 40.29406837314776], [115.58736784417908, 40.29407124612519], [115.58736972000197, 40.2939811801284], [115.58701685530201, 40.293976870496586], [115.58701873158459, 40.29388680451195], [115.58760683867986, 40.29389398661124], [115.58760871417367, 40.29380392060238], [115.58784395675887, 40.29380679259628], [115.5878458319321, 40.29371672657687], [115.58796345308133, 40.29371816238997], [115.58796532809008, 40.293628096364515], [115.58808294909167, 40.29362953205356], [115.58809044841784, 40.2932692679188], [115.5882080688037, 40.29327070347012], [115.58820994345804, 40.29318063742819], [115.58809232322827, 40.29317920188141], [115.58809419803022, 40.29308913584255], [115.5877413378598, 40.29308482849868], [115.58773946258967, 40.29317489452391], [115.58762184239372, 40.29317345849902], [115.5876199669591, 40.293263524518224], [115.58750234661554, 40.293262088369254], [115.58750047101638, 40.29335215438243], [115.58738285052522, 40.293350718109394], [115.58738660202718, 40.29317058609065], [115.5875042222062, 40.293172022354604], [115.58750609778843, 40.29308195633846], [115.5876237178199, 40.29308339247834], [115.5876255932376, 40.292993326456184], [115.58774321312146, 40.29299476247197], [115.58774508837466, 40.292904696443784], [115.58786270811092, 40.2929061323355], [115.58786458319962, 40.2928160663013], [115.58798220278827, 40.29281750206895], [115.58798407771245, 40.29272743602871], [115.58786645827986, 40.29272600026561], [115.587870208415, 40.2925458681898], [115.58775258930295, 40.292544432316255], [115.58775633971636, 40.292364300243605], [115.58787395851628, 40.29236573610805], [115.58787770858378, 40.29218560402041], [115.58776009009594, 40.29218416816505], [115.5877638404417, 40.292004036080584], [115.58752860411558, 40.29200116402949], [115.5875323550517, 40.29182103195728], [115.58764997289845, 40.2918224680335], [115.58765372348866, 40.29164233594629], [115.58788895858333, 40.29164520772197], [115.58788520861728, 40.29182533982737], [115.5880028264894, 40.29182677554501], [115.58800095164973, 40.29191684160004], [115.58811856968634, 40.291918277202704], [115.58812231904511, 40.2917381450821], [115.58823993677808, 40.291739580556154], [115.58823806225897, 40.29182964662175], [115.58894376977052, 40.29183825698339], [115.58894564335338, 40.291748190890544], [115.58871040779447, 40.29174532125717], [115.58871228168094, 40.29165525517191], [115.58918275220836, 40.2916609939424], [115.5891846254622, 40.291570927837505], [115.58930224295914, 40.29157236222678], [115.58930598912941, 40.29139223000347], [115.58918837194457, 40.291390795623265], [115.58919024517307, 40.29130072951394], [115.58907262815273, 40.291299295018774], [115.5890763748965, 40.29111916280475], [115.58895875819667, 40.29111772819915], [115.58896063171191, 40.291027662094464], [115.58884301517658, 40.29102622737387], [115.5888411415053, 40.29111629347401], [115.58872352482236, 40.29111485862938], [115.58872165098659, 40.291204924723495], [115.58860403415606, 40.291203489754785], [115.58860216015579, 40.291293555842884], [115.5884845431777, 40.29129212075011], [115.58848266901292, 40.29138218683218], [115.58836505188722, 40.29138075161535], [115.58836317755798, 40.2914708176914], [115.58812794301984, 40.29146794689007], [115.58812981766118, 40.291377880823106], [115.58801220056085, 40.2913764452477], [115.58801407534978, 40.2912863791838], [115.58789645841394, 40.29128494349343], [115.58789833335044, 40.291194877432595], [115.58754548306175, 40.29119056965799], [115.58754735845794, 40.291100503609314], [115.587429741868, 40.29109906744995], [115.58743161741175, 40.29100900140434], [115.5873140009863, 40.29100756513001], [115.58731587667766, 40.29091749908747], [115.58708064416422, 40.290914626189334], [115.58708627212371, 40.29064442808014], [115.58696865634779, 40.290642991465454], [115.5869724085906, 40.290462859394346], [115.58650194681978, 40.290457111776774], [115.58649631657048, 40.2907273098266], [115.58637870068081, 40.29072587260977], [115.5863768237581, 40.29081593861886], [115.5861415916921, 40.29081306381754], [115.58613783719711, 40.290993195813094], [115.58602022086474, 40.29099175822405], [115.5860183434485, 40.29108182421507], [115.58590072696855, 40.29108038650195], [115.58589697179863, 40.29126051847044], [115.58601458859066, 40.29126195619266], [115.58601271114902, 40.29135202217923], [115.58624794507055, 40.2913548972742], [115.58624606793255, 40.29144496326841], [115.58577559949919, 40.291439212582155], [115.58577747726135, 40.291349146606166], [115.58565986033021, 40.29134770864035], [115.58566173823998, 40.29125764266744], [115.58519127122428, 40.29125188962721], [115.58518939269035, 40.2913419555819], [115.58495415892126, 40.291339078335554], [115.58495040120386, 40.29151921022232], [115.5845975496775, 40.29151489342907], [115.58459567033796, 40.29160495935654], [115.58447805302342, 40.29160352018186], [115.58447617351936, 40.291693586103314], [115.58435855605723, 40.291692146804564], [115.58435667638868, 40.29178221271998], [115.58423905877899, 40.291780773297134], [115.58423717894588, 40.29187083920651], [115.58411956118863, 40.29186939965959], [115.58411580118492, 40.292049531464805], [115.58399818312407, 40.29204809178925], [115.58399630295344, 40.29213815768507], [115.58387868474503, 40.29213671788544], [115.58387680440988, 40.292226783775234], [115.58375918605388, 40.29222534385151], [115.58374978347074, 40.292675673255474], [115.583632164343, 40.29267423318944], [115.58363028364488, 40.29276429906122], [115.58351266436954, 40.29276285887109], [115.58350890263576, 40.292942990601134], [115.58374414181914, 40.2929458708801], [115.58374602237814, 40.2928558050067], [115.58398126128333, 40.292858684798446], [115.58398314152177, 40.29276861891445], [115.58410076083103, 40.292770058626466], [115.58410452097036, 40.29258992684494], [115.58445737801269, 40.29259424523651], [115.58445925760151, 40.292504179329846], [115.5845768764765, 40.29250561855009], [115.5845787559008, 40.29241555263739], [115.58469637462822, 40.29241699173355], [115.58470577084228, 40.291966662125105], [115.58505862473471, 40.29197097862812], [115.585056745977, 40.29206104456644], [115.58517436411414, 40.29206248316628], [115.58517248550399, 40.29215254910768], [115.58540772211578, 40.292155425957915], [115.58540960041381, 40.29206536000742], [115.58564483674739, 40.29206823637045], [115.58564671472487, 40.29197817040938], [115.58576433274831, 40.291979608407054], [115.58576621056127, 40.29188954243993], [115.58588382843716, 40.291890980313525], [115.58588195078022, 40.29198104628521], [115.5859995688206, 40.29198248404385], [115.58600144632149, 40.29189241806762], [115.58611906421426, 40.29189385570217], [115.58612094155066, 40.29180378971993], [115.58623855929585, 40.29180522723042], [115.58623480492675, 40.29198535920254], [115.58658765914943, 40.29198967104417], [115.58658578242031, 40.29207973704167], [115.5867034006675, 40.292081174087706], [115.58670152408597, 40.29217124008827], [115.58681914249769, 40.292172677019344], [115.58681538962132, 40.29235280902515], [115.58693300835361, 40.292354245845786], [115.58692737944376, 40.29262444385704], [115.58680976024331, 40.29262300702274], [115.58680788376707, 40.29271307301898], [115.58692550312354, 40.292714509857824], [115.58692362679487, 40.29280457585712], [115.58704124631586, 40.29280601258099], [115.58703937013479, 40.29289607858337], [115.58692175045775, 40.29289464185496], [115.58691987411217, 40.292984707851325], [115.58633177507363, 40.292977522393606], [115.58633365219947, 40.29288745642], [115.58598079334608, 40.2928831437247], [115.58597891575205, 40.29297320968465], [115.58586129599514, 40.29297177187594], [115.58585941823661, 40.29306183782985], [115.5857417983321, 40.293060399897065], [115.5857380424775, 40.29324053179137], [115.58562042226936, 40.293239093729944], [115.58562417843605, 40.29305896184475], [115.58550655854849, 40.29305752367291], [115.5855046803133, 40.293147589611706], [115.58538706027817, 40.29314615131578], [115.58539457379223, 40.292785887569984], [115.58504171561022, 40.292781572019706], [115.58503983677626, 40.29287163794471], [115.58492221724313, 40.292870199184335], [115.58491845923768, 40.29305033102079], [115.58468321957268, 40.29304745312326], [115.58468134024513, 40.293137519030154], [115.58409324045061, 40.2931303221718], [115.58408571993456, 40.293490585693455], [115.58420334050074, 40.29349202532242], [115.58420522048641, 40.29340195943966], [115.584322840905, 40.29340339894454], [115.58432096107538, 40.293493464831855], [115.58479144345873, 40.29349922167427], [115.58479520186104, 40.29331908986171], [115.58491282216595, 40.29332052876438], [115.58491094312508, 40.29341059467597], [115.58502856359452, 40.29341203346367], [115.58502668470125, 40.29350209937831], [115.58514430533523, 40.29350353805103], [115.58513866907275, 40.29377373579975], [115.58537391130244, 40.29377661281395], [115.58537015437601, 40.293956744657265], [115.58513491152206, 40.29395386762486], [115.58512175982783, 40.29458432896608], [115.5850041373211, 40.294582890238686], [115.58500037930578, 40.29476302202805], [115.58523562495195, 40.294765899381495], [115.58523374624374, 40.29485596528307], [115.58511612326035, 40.29485452666156], [115.58511424438757, 40.294944592557094], [115.58534949067496, 40.29494746968969], [115.58534761210585, 40.295037535592854], [115.58546523541831, 40.2950389739844], [115.58546147856684, 40.295219105795404], [115.5852262313261, 40.29521622887455], [115.58522998880186, 40.29503609708176], [115.5849947422193, 40.29503321970098], [115.58499850028542, 40.29485308792052], [115.58488087731898, 40.29485164905992], [115.58488275649542, 40.294761583172026], [115.5846475109001, 40.29475870510137], [115.58464939038018, 40.29466863922109], [115.5844141451309, 40.29466576068141], [115.58441602491465, 40.29457569480876], [115.5842984024588, 40.29457425536419], [115.58430028239012, 40.294484189494625], [115.58441790468991, 40.29448562893465], [115.58441978445671, 40.29439556305906], [115.58453740660894, 40.29439700237499], [115.5845392862112, 40.29430693649336], [115.5846569082158, 40.29430837568522], [115.58466066708276, 40.294128243908396], [115.58442542370625, 40.2941253654234], [115.58442730343916, 40.29403529954188], [115.58430968191965, 40.29403386012465], [115.58431156180013, 40.29394379424621], [115.58419394044519, 40.293942354714], [115.58419018036365, 40.29412248646027], [115.58407255870505, 40.294121046799404], [115.58407443890613, 40.29403098093155], [115.58383919592652, 40.29402810126036], [115.5838373154133, 40.29411816711909], [115.58371969378015, 40.29411672709962], [115.58372157444941, 40.29402666124546], [115.58336871006904, 40.29402234048358], [115.58336682893159, 40.29411240632406], [115.58313158574161, 40.294109525209365], [115.58312970428355, 40.294199591039245], [115.58301208254522, 40.29419815029804], [115.58301020092264, 40.29428821612188], [115.58289257903674, 40.29428677525657], [115.58289446081541, 40.29419670943729], [115.58242397398091, 40.29419094479902], [115.5824183267467, 40.29446114219766], [115.5823007045911, 40.294459700725575], [115.58229693941372, 40.29463983230816], [115.58206169450375, 40.29463694898712], [115.58205981159018, 40.294727014767055], [115.58182456640203, 40.29472413095876], [115.58182268316787, 40.29481419672809], [115.58170506043045, 40.29481275464007], [115.58170129362448, 40.29499288616516], [115.58158367058343, 40.294991443948476], [115.58157990343136, 40.29517157545853], [115.58146228008665, 40.29517013311317], [115.58145851258847, 40.295350264608174], [115.58134088894015, 40.295348822134144], [115.58133900502223, 40.29543888787486], [115.5812213812263, 40.29543744527673], [115.58121949714382, 40.29552751101139], [115.58110187320034, 40.29552606828916], [115.58109998895331, 40.295616134017784], [115.58098236486224, 40.29561469117146], [115.58098048045062, 40.29570475689402], [115.58086285621197, 40.295703313923575], [115.5808609716358, 40.2957933796401], [115.58074334724958, 40.295791936545555], [115.5807414625088, 40.29588200225603], [115.580623837975, 40.29588055903738], [115.58062006815585, 40.296060690444726], [115.5805024433184, 40.29605924709741], [115.58049867315307, 40.29623937848971], [115.58038104801197, 40.2962379350137], [115.5803791627605, 40.296328000703056], [115.58026153747181, 40.296326557102944], [115.58025965205573, 40.29641662278626], [115.5801420266195, 40.29641517906202], [115.58014014103883, 40.29650524473929], [115.57990488987967, 40.296502356923064], [115.57990300397837, 40.29659242258971], [115.57966775254106, 40.29658953428618], [115.57966586631909, 40.29667959994219], [115.57943061460364, 40.29667671115135], [115.57943627418052, 40.29640651420629], [115.57955389956577, 40.29640795864777], [115.57955955859786, 40.29613776167569], [115.57967718352339, 40.2961392059839], [115.57967906969431, 40.296049140319], [115.57979669447225, 40.29605058450311], [115.57980046647647, 40.29587045315973], [115.57991809095076, 40.29587189721516], [115.57993129160515, 40.295241437434726], [115.58004891499543, 40.2952428813386], [115.58005645741517, 40.294882618556095], [115.58017408018968, 40.29488406232216], [115.58017973644698, 40.294613865206024], [115.58041498108511, 40.29461675235213], [115.58041686617509, 40.294526686634654], [115.58053448835085, 40.294528130023835], [115.58054014310159, 40.2942579328488], [115.58065776481764, 40.29425937610475], [115.58066530374205, 40.29389911316573], [115.58054768265025, 40.293897669928064], [115.58054579777581, 40.293987735660465], [115.58042817653646, 40.293986292298705], [115.5804319465889, 40.29380616084155], [115.58019670475987, 40.29380327377771], [115.58019859008546, 40.293713208056054], [115.57949286573883, 40.29370454402325], [115.57949475199229, 40.29361447832755], [115.57925951092355, 40.29361158936953], [115.57926139748058, 40.29352152368149], [115.57784995365566, 40.293504179947874], [115.57784806522592, 40.293594245581005], [115.57725996321378, 40.2935870139225], [115.57725807399525, 40.29367707953125], [115.57549376689606, 40.29365536655772], [115.57549187532818, 40.29374543209625], [115.57513901367038, 40.293741086260525], [115.5751371216258, 40.29383115178381], [115.57490188025116, 40.29382825395318], [115.57489809551213, 40.29400838497698], [115.57430999066426, 40.294001138262736], [115.57430809750169, 40.29409120374948], [115.57419047640164, 40.29408975404344], [115.57418858307446, 40.29417981952412], [115.57371809813549, 40.294174019486356], [115.57371999208692, 40.294083954024046], [115.57348474998079, 40.29408105329717], [115.57348096144514, 40.29426118420191], [115.57371620417553, 40.294264084947166], [115.573714310207, 40.294354150406505], [115.57347906716451, 40.294351249652074], [115.57347717287536, 40.294441315100755], [115.57277144301656, 40.294432609941154], [115.57276954778244, 40.294522675360795], [115.57265192601317, 40.294521224077904], [115.57265382140332, 40.29443115866287], [115.5724185782025, 40.29442825574769], [115.57241478678942, 40.294608386557904], [115.57206192111593, 40.29460403126109], [115.57206002492839, 40.29469409665019], [115.57194240289824, 40.29469264464092], [115.57194429924189, 40.29460257925642], [115.5717090555194, 40.29459967488849], [115.57170715886366, 40.29468974026379], [115.57147191486328, 40.294686835408534], [115.57147381183117, 40.29459677004241], [115.57135618999988, 40.294595317440084], [115.57135808711526, 40.29450525207708], [115.57053473562816, 40.29449508054609], [115.57053663382744, 40.29440501521382], [115.57018376950096, 40.2944006542071], [115.57018187083352, 40.29449071952556], [115.57006424925243, 40.29448926561299], [115.57006235042036, 40.29457933092537], [115.56994472869177, 40.29457787688867], [115.56994282969505, 40.29466794219498], [115.56982520781898, 40.294666488034125], [115.56982330865765, 40.294756553334345], [115.56958806461904, 40.29475364464485], [115.56958616513703, 40.29484370993437], [115.5691156765383, 40.29483789110259], [115.56911377642346, 40.29492795637221], [115.56899615413913, 40.29492650136083], [115.56899425385969, 40.29501656662437], [115.5687590090046, 40.29501365623379], [115.56875710840445, 40.295103721486626], [115.5686394858337, 40.295102266107435], [115.5686375850689, 40.29519233135418], [115.56840233964098, 40.29518942022798], [115.56840424071792, 40.295099354990434], [115.56828661817289, 40.29509789925263], [115.56828851939731, 40.295007834018236], [115.56793565228186, 40.29500346610148], [115.56793375058923, 40.29509353132205], [115.56781612807849, 40.29509207510612], [115.5678123243554, 40.29527220553362], [115.5676947015411, 40.29527074918893], [115.56769089747158, 40.29545087960128], [115.56757327435372, 40.29544942312785], [115.56756946993774, 40.29562955352503], [115.56745184651632, 40.29562809692285], [115.56744994413938, 40.29571816211462], [115.56709707345843, 40.29571379157697], [115.56709517060473, 40.29580385675342], [115.56685992321484, 40.29580094245476], [115.5668580200404, 40.2958910076205], [115.56674039620225, 40.29588955028726], [115.56673849286317, 40.2959796154469], [115.56662086887752, 40.295978157989495], [115.56661706186145, 40.2961582882951], [115.56649943757225, 40.296156830708945], [115.56650134124067, 40.296066765561505], [115.56638371711614, 40.29606530786041], [115.56638562093202, 40.295975242716096], [115.56626799697216, 40.29597378490009], [115.56627370883652, 40.295703589472076], [115.56639133232818, 40.29570504727425], [115.56640085115009, 40.2952547215082], [115.56651847387002, 40.29525617916775], [115.56652989523663, 40.294715788171935], [115.56664751702874, 40.29471724568427], [115.56665513047726, 40.29435698497231], [115.56677275165372, 40.294358442346656], [115.5667784611818, 40.2940882467833], [115.56689608189865, 40.294089704024266], [115.56689798490146, 40.29399963882891], [115.56701560547084, 40.294001095945745], [115.56701750830902, 40.293911030744276], [115.56713512873092, 40.29391248773697], [115.56713703140446, 40.29382242252943], [115.5673722719619, 40.293825336147], [115.56737417431474, 40.29373527092875], [115.56749179445026, 40.29373672755363], [115.5674936966385, 40.29364666232927], [115.56772893662317, 40.29364957521125], [115.56773083849069, 40.29355950997619], [115.56784845833984, 40.29356096623327], [115.56785036004274, 40.29347090099213], [115.56808559945466, 40.2934738131385], [115.56808750083688, 40.29338374788665], [115.56820512039965, 40.29338520377593], [115.56820702161725, 40.293295138518], [115.56832464103255, 40.29329659428315], [115.5683265420855, 40.29320652901913], [115.56844416135333, 40.29320798466014], [115.56844606224168, 40.29311791939002], [115.56856368136202, 40.293119374906894], [115.56856558208574, 40.2930293096307], [115.56868320105858, 40.293030765023445], [115.5686889027102, 40.29276056917213], [115.56880652122348, 40.29276202443153], [115.56881032196962, 40.292581893847355], [115.56869270376843, 40.29258043859717], [115.5686965047924, 40.292400308016305], [115.56857888691187, 40.29239885265581], [115.56858078756704, 40.292308787367766], [115.56716937554197, 40.292291313774456], [115.56717127806108, 40.292201248540245], [115.56705366060412, 40.292199791635184], [115.56706127121895, 40.291839530701985], [115.56717888805176, 40.291840987588586], [115.56718079052797, 40.29175092234697], [115.5672984072133, 40.29175237910944], [115.56730030952491, 40.291662313861714], [115.5674179260628, 40.291663770500065], [115.56741982820978, 40.29157370524626], [115.56753744460019, 40.29157516176047], [115.56753934658258, 40.29148509650057], [115.56765696282554, 40.291486552890674], [115.56765886464329, 40.29139648762468], [115.56777648073877, 40.29139794389063], [115.56777838239194, 40.29130787861856], [115.56789599833996, 40.29130933476038], [115.56789980130846, 40.29112920420255], [115.56801741695301, 40.29113066021564], [115.56801931826838, 40.291040594929896], [115.56825454927109, 40.291043506588316], [115.56825645026582, 40.29095344129187], [115.56849168099075, 40.290956352463], [115.56849358166484, 40.29086628715585], [115.56861119688413, 40.29086774255754], [115.56861309739362, 40.290777677244314], [115.56873071246545, 40.29077913252186], [115.56873261281034, 40.29068906720255], [115.56885022773469, 40.290690522356], [115.56885402808668, 40.2905103917037], [115.56897164270755, 40.29051184672841], [115.56897544271322, 40.29033171606099], [115.56909305703059, 40.29033317095698], [115.56909685668991, 40.29015304027442], [115.56921447070381, 40.29015449504167], [115.56922966775028, 40.28943397221534], [115.56934728052454, 40.28943542682626], [115.56934917996078, 40.28934536146169], [115.56923156734254, 40.2893439068554], [115.56924486424856, 40.28871344929427], [115.569127252731, 40.2887119946007], [115.56914814873721, 40.28772127548012], [115.56926575853863, 40.28772273012302], [115.56926955738915, 40.28754259934537], [115.56938716688713, 40.287544053859556], [115.56939286463061, 40.287273857668154], [115.56951047366913, 40.287275312049026], [115.56951427180995, 40.28709518123814], [115.56963188054502, 40.28709663549031], [115.56963377944659, 40.28700657007804], [115.56975138803423, 40.2870080242061], [115.56975708421956, 40.2867378279466], [115.56987469234775, 40.28673928194136], [115.56989177903745, 40.285928693041456], [115.56977417231325, 40.285927239088146], [115.56977607094751, 40.28583717365202], [115.56942325129425, 40.2858328110889], [115.569421352192, 40.2859228765112], [115.56906853214778, 40.285918512858814], [115.56907233127968, 40.28573838204034], [115.56895472492741, 40.285736927259784], [115.56895662463651, 40.28564686185292], [115.5688390184488, 40.285645406957464], [115.56884281815329, 40.28546527614853], [115.56872521228608, 40.28546382114279], [115.56873091224655, 40.28519362493212], [115.5686133068559, 40.285192169820704], [115.56861710709866, 40.28501203901539], [115.56849950202856, 40.2850105837937], [115.56850140229308, 40.28492051839344], [115.56838379738753, 40.28491906305686], [115.56838759820285, 40.28473893226109], [115.56826999361783, 40.28473747681425], [115.56827189416862, 40.28464741141876], [115.56803668533628, 40.284644500175816], [115.56803858619047, 40.28455443478805], [115.56792098194316, 40.28455297899195], [115.56792288294474, 40.284462913607335], [115.56780527886195, 40.284461457696345], [115.56780718001096, 40.28437139231485], [115.56768957609276, 40.284369936288996], [115.56769147738916, 40.28427987091062], [115.56745626989043, 40.284276958509665], [115.56745817149023, 40.28418689313904], [115.5673405679097, 40.284185436763934], [115.5673424696569, 40.284095371396425], [115.56722486624092, 40.28409391490646], [115.56722676813551, 40.284003849542096], [115.5671091648841, 40.28400239293724], [115.56711106692612, 40.283912327576], [115.56699346383925, 40.28391087085628], [115.56699536602865, 40.28382080549817], [115.56570173435503, 40.28380477374592], [115.56570363825162, 40.28371470843708], [115.56535083026154, 40.28371033364567], [115.56535273461745, 40.28362026834921], [115.5651175296456, 40.283617351233424], [115.56511943430486, 40.283527285944714], [115.5650018319878, 40.28352582721221], [115.56501326069902, 40.282985435476576], [115.56513086208025, 40.28298689418137], [115.56513276667943, 40.28289682888229], [115.56525036791326, 40.28289828746299], [115.56525227234789, 40.282808222157804], [115.56536987343435, 40.282809680614406], [115.56537177770443, 40.28271961530312], [115.56548937864349, 40.28272107363563], [115.56549318684594, 40.282540942999404], [115.56537558621876, 40.282539484676136], [115.56537749046309, 40.28244941936042], [115.56525989000049, 40.282447960922305], [115.56526179439216, 40.282357895609714], [115.56502659380463, 40.28235497838428], [115.56502849849969, 40.28226491307943], [115.56491089837476, 40.28226345429211], [115.56491280321717, 40.28217338899043], [115.56479520325679, 40.28217193008824], [115.56480472811978, 40.28172160358068], [115.56492232730034, 40.281723062459776], [115.5649242320912, 40.281632997149195], [115.56539462827541, 40.28163883145232], [115.56539653243387, 40.2815487661218], [115.56551413134544, 40.28155022439426], [115.56551222734295, 40.28164028972941], [115.56598262369889, 40.281646121643014], [115.56598072031164, 40.28173618699513], [115.56656871672945, 40.28174347422199], [115.56656681411344, 40.2818335395957], [115.56691961253495, 40.281837910511946], [115.56691771037825, 40.28192797589802], [115.56715290968074, 40.281930889254006], [115.56715100782739, 40.282020954647834], [115.56738620747609, 40.28202386753514], [115.5673843059261, 40.28211393293671], [115.56750190591927, 40.28211538920575], [115.56750000451667, 40.28220545461044], [115.56761760467438, 40.282206910764614], [115.56761380215539, 40.28238704157877], [115.56784900312039, 40.282389953547145], [115.56785090407224, 40.28229988813157], [115.56796850441164, 40.28230134393192], [115.56797040519898, 40.282211278510275], [115.56808800539098, 40.28221273418654], [115.56808990601377, 40.28212266875879], [115.56820750605836, 40.28212412431097], [115.56820940651662, 40.28203405887713], [115.56844460631962, 40.28203696961383], [115.56844650645735, 40.281946904169295], [115.56856410621575, 40.28194835935382], [115.56856600618897, 40.281858293903205], [115.56868360579996, 40.28185974896365], [115.56868550560866, 40.28176968350693], [115.56903830402516, 40.28177404795757], [115.5690402033574, 40.28168398248557], [115.56939300138306, 40.28168834584708], [115.56939490023886, 40.28159828035978], [115.56986529710242, 40.28160409648405], [115.56986719532583, 40.28151403097686], [115.57021999259548, 40.281518391801725], [115.57022189034244, 40.28142832627925], [115.57045708825308, 40.28143123288925], [115.57045898567958, 40.28134116735608], [115.57057658449177, 40.281342620477275], [115.57057848175374, 40.281252554938035], [115.57081367909188, 40.28125546081278], [115.5708155760334, 40.28116539526284], [115.57093317455933, 40.281166848016404], [115.57093507133632, 40.281076782460396], [115.57105266971485, 40.28107823508988], [115.57105456632733, 40.28098816952778], [115.57117216455848, 40.280989622033196], [115.57117406100645, 40.28089955646503], [115.57129165909016, 40.28090100884637], [115.57129355537366, 40.28081094327212], [115.57141115330995, 40.280812395529395], [115.57141304942893, 40.28072232994907], [115.57153064721784, 40.28072378208226], [115.57153254317232, 40.280633716495856], [115.57165014081382, 40.28063516850497], [115.5716520366038, 40.28054510291249], [115.57176963409789, 40.280546554797546], [115.57177152972336, 40.28045648919899], [115.57188912707005, 40.28045794095997], [115.57189102253103, 40.28036787535534], [115.57212621693814, 40.28037077850969], [115.57212811207869, 40.280280712894395], [115.5722457091391, 40.28028216428777], [115.57224760411513, 40.280192098666376], [115.57248279794973, 40.28019500108553], [115.57248469260529, 40.28010493545347], [115.57260228937946, 40.28010638647925], [115.57260418387054, 40.28001632084112], [115.57283937713258, 40.28001922252508], [115.57284127130322, 40.279929156876264], [115.57295886779112, 40.27993060753445], [115.57296076179729, 40.27984054187959], [115.57307835813775, 40.279841992413694], [115.57308025197942, 40.279751926752745], [115.5731978481725, 40.2797533771628], [115.57319974184969, 40.279663311495774], [115.57331733789533, 40.279664761781774], [115.57331923140805, 40.27957469610868], [115.5734368273063, 40.2795761462706], [115.5734406139942, 40.2793960149108], [115.5735582095891, 40.27939746494408], [115.5735601027643, 40.27930739925737], [115.5736776982118, 40.27930884916659], [115.5736795912225, 40.279218783473794], [115.57391478183122, 40.27922168292465], [115.5739166745215, 40.27913161722121], [115.57415186485247, 40.27913451618501], [115.57415375722236, 40.279044450470906], [115.57438894727555, 40.279047348947664], [115.57439083932502, 40.2789572832229], [115.57462602910046, 40.278960181212625], [115.5746279208295, 40.278870115477204], [115.5749807050888, 40.278874461552014], [115.5749825963415, 40.27878439580135], [115.57557056949783, 40.27879163684714], [115.57557245996232, 40.27870157107207], [115.57580764897264, 40.278704466644946], [115.57580953911672, 40.27861440085923], [115.57604472784925, 40.2786172959451], [115.57604661767293, 40.27852723014872], [115.57616421189604, 40.278528677507886], [115.57616610155526, 40.27843861170545], [115.57628369563095, 40.27844005894055], [115.5762855851257, 40.27834999313205], [115.576403179054, 40.278351440243114], [115.57640695770608, 40.27817130861255], [115.57652455133099, 40.278172755594966], [115.57652832963716, 40.27799262394932], [115.57664592295873, 40.27799407080311], [115.57664781194308, 40.27790400497348], [115.57676540511724, 40.27790545170324], [115.57676918274855, 40.27772532003037], [115.57688677561937, 40.27772676663151], [115.57689244153467, 40.27745656909737], [115.57701003394618, 40.2774580155653], [115.57701381086864, 40.27727788385932], [115.5771314029768, 40.27727933019863], [115.5771370678288, 40.277009132614815], [115.57725465947773, 40.277010578820935], [115.57725843569132, 40.27683044708184], [115.57737602703686, 40.27683189315933], [115.57737980290457, 40.27665176140517], [115.5774973939468, 40.276653207354045], [115.57752004656689, 40.27557241664975], [115.57740245739569, 40.27557097075581], [115.57741000862035, 40.27521070715868], [115.57729242008132, 40.275209261163596], [115.57731885047795, 40.273948338451255], [115.57720126413014, 40.273946892400815], [115.57720504007669, 40.27376676057025], [115.5770874540492, 40.27376531440952], [115.57708934216562, 40.2736752484966], [115.57697175630254, 40.27367380222101], [115.57697364456635, 40.27358373631119], [115.57685605886769, 40.27358228992074], [115.57685983568155, 40.27340215810581], [115.5767422503032, 40.27340071160507], [115.57674036174461, 40.27349077750869], [115.57662277621888, 40.27348933088393], [115.5766208874959, 40.2735793967815], [115.57650330182278, 40.27357795003272], [115.57650519070167, 40.27348788413974], [115.57627001969277, 40.273484990293], [115.57627757637034, 40.27312472674292], [115.57615999150227, 40.27312327965872], [115.57616377010173, 40.27294314788395], [115.57604618555396, 40.27294170068947], [115.57604996443114, 40.272761568917964], [115.5759323802037, 40.2727601216132], [115.57593615935859, 40.272579989844935], [115.57581857545141, 40.272578542429905], [115.57582424458754, 40.27230834478015], [115.57570666115656, 40.27230689725942], [115.57570855100745, 40.2722168313778], [115.5755909677409, 40.272215383742214], [115.57559285773915, 40.2721253178637], [115.5753576915434, 40.27212242224339], [115.5753595818449, 40.272032356372556], [115.57524199891569, 40.27203090838784], [115.57524010845829, 40.27212097425408], [115.57512252538169, 40.27211952614534], [115.57512441599499, 40.27202946028368], [115.57477166728405, 40.272025115254586], [115.57476977620311, 40.27211518110248], [115.57465219316065, 40.272113732516], [115.57465408439747, 40.272023666672666], [115.57418375293639, 40.272017871150666], [115.57418564478824, 40.27192780532421], [115.57406806210017, 40.27192635614971], [115.57406995409937, 40.27183629032636], [115.57395237157574, 40.271834841037], [115.57396183222328, 40.27138451192105], [115.57384425048758, 40.2713830625352], [115.57385181947556, 40.271022799234146], [115.57373423837193, 40.27102134974723], [115.57374370019436, 40.270571020610554], [115.5738612805186, 40.270572470074534], [115.57386317270162, 40.27048240423816], [115.57374559253323, 40.27048095477878], [115.57375126949871, 40.270210757274576], [115.57386884919948, 40.27021220672018], [115.57387452562057, 40.26994200918889], [115.57399210486224, 40.2699434585013], [115.57399399682967, 40.269853392649985], [115.57411157592401, 40.26985484183839], [115.57411346772705, 40.269764775981], [115.57423104667403, 40.26976622504539], [115.57423293831266, 40.269676159181934], [115.57435051711232, 40.2696776081223], [115.57435240858653, 40.26958754225277], [115.57446998723888, 40.269588991069135], [115.57447187854869, 40.26949892519354], [115.57470703556717, 40.26950182245879], [115.57470892655675, 40.269411756572545], [115.57482650492291, 40.26941320502144], [115.57482839574811, 40.269323139129135], [115.57494597396693, 40.26932458745402], [115.57494786462772, 40.269234521555646], [115.57506544269921, 40.269235969756515], [115.57506922368349, 40.269055837946155], [115.57518680145175, 40.26905728601844], [115.57518869177524, 40.268967220106454], [115.5753062693962, 40.26896866805472], [115.57530815955528, 40.26887860213667], [115.57542573702888, 40.268880049960934], [115.57542951700981, 40.268699918111224], [115.57554709418021, 40.268701365806876], [115.57555087381532, 40.26852123394208], [115.5756684506825, 40.26852268150916], [115.57567222997183, 40.26834254962928], [115.57578980653582, 40.26834399706776], [115.57579925383075, 40.267893667319235], [115.57591682962396, 40.267895114615385], [115.57592816516167, 40.26735471884083], [115.57581059030358, 40.26735327157217], [115.57581247968591, 40.26726320560915], [115.57569490499216, 40.26726175822565], [115.57569679452183, 40.26717169226573], [115.57534407095929, 40.26716734941251], [115.57534596094798, 40.267077283464864], [115.57546353530446, 40.267078731197444], [115.57546542512878, 40.26698866524371], [115.57534785092815, 40.26698721751574], [115.5753497408998, 40.26689715156512], [115.5757024630597, 40.26690149437709], [115.5757119104524, 40.26645116453308], [115.5755943371698, 40.266449717071424], [115.57559622677864, 40.26635965110277], [115.57536108055072, 40.26635675583038], [115.57536297046269, 40.266266689869404], [115.57465753291848, 40.266258001213835], [115.57465564207145, 40.266348067147305], [115.57430292294687, 40.26634372119368], [115.57430103162376, 40.26643378711189], [115.57394831210841, 40.26642944006979], [115.57394642030926, 40.26651950597277], [115.5733585538417, 40.26651225849136], [115.57335666125479, 40.266602324369906], [115.5731215144158, 40.26659942453226], [115.57311962150865, 40.26668949040014], [115.57288447439214, 40.266686590075665], [115.57288258116478, 40.26677665593289], [115.57264743377068, 40.26677375512156], [115.5726455402231, 40.266863820968105], [115.57241039255146, 40.26686091966993], [115.57240849868364, 40.266950985505815], [115.57182062887478, 40.266943730147645], [115.57181873421919, 40.26703379595907], [115.57134843790246, 40.26702798950468], [115.5713465426149, 40.26711805529624], [115.57122896840126, 40.2671166033795], [115.57123086384462, 40.26702653759254], [115.57111328979533, 40.267025085560995], [115.57111518538603, 40.266935019777144], [115.57099761150114, 40.266933567630765], [115.57100519440175, 40.266573304498955], [115.5708876211488, 40.26657185225157], [115.57091226665733, 40.265400996969426], [115.5710298378844, 40.26540244915704], [115.5710336290612, 40.265222317543746], [115.57115119998514, 40.26522376960276], [115.57115499081611, 40.26504363797438], [115.57127256143694, 40.26504508990479], [115.57127445668377, 40.264955024083775], [115.5713920271573, 40.26495647589017], [115.57139392223976, 40.26486641006307], [115.571511492566, 40.264867861745465], [115.57151338748409, 40.26477779591231], [115.57174852785053, 40.26478069890969], [115.5717504224484, 40.26469063306584], [115.57269098300914, 40.264702240242364], [115.57269287635187, 40.264612174360295], [115.57304558623551, 40.26461652506751], [115.57304747910221, 40.264526459170185], [115.57316504892468, 40.2645279091625], [115.57316883432081, 40.26434777735422], [115.57328640384011, 40.26434922721797], [115.57328829636957, 40.26425916130702], [115.5734058657416, 40.26426061104677], [115.57340775810668, 40.264170545129744], [115.57352532733145, 40.264171994745496], [115.57352721953218, 40.2640819288224], [115.57364478860963, 40.26408337831417], [115.57364668064598, 40.26399331238501], [115.57376424957616, 40.26399476175278], [115.57376803331165, 40.26381462988081], [115.57388560193868, 40.263816079120005], [115.57388749363783, 40.26372601317723], [115.57400506211758, 40.26372746229242], [115.57400695365234, 40.26363739634357], [115.5741245219848, 40.263638845334775], [115.57412830471716, 40.26345871342345], [115.5742458727465, 40.26346016228608], [115.57424776394406, 40.26337009632361], [115.5743653318261, 40.26337154506225], [115.57436911388399, 40.2631914131237], [115.57448668146294, 40.263192861733756], [115.57448857232328, 40.26310279575769], [115.57460613975493, 40.26310424424376], [115.57460992113842, 40.26292411227797], [115.57472748826694, 40.26292556063547], [115.57472937879008, 40.262835494645785], [115.57484694577131, 40.2628369428793], [115.57484883613012, 40.26274687688353], [115.57496640296407, 40.26274832499307], [115.57497018334449, 40.262568192987935], [115.57508774987531, 40.2625696409689], [115.57508963989693, 40.26247957495952], [115.57520720628047, 40.262481022816516], [115.57520909613775, 40.26239095680107], [115.575326662374, 40.262392404534076], [115.57532855206695, 40.262302338512576], [115.5754461181559, 40.2623037861216], [115.57544989720463, 40.26212365406498], [115.57556746299048, 40.26212510154544], [115.57556935234625, 40.26203503551033], [115.57568691798483, 40.26203648286681], [115.57569069635919, 40.261856350782985], [115.57580826169465, 40.261857798010894], [115.57581203972333, 40.26167766591199], [115.5759296047557, 40.26167911301135], [115.57593716008765, 40.261318848777435], [115.57605472450533, 40.26132029573908], [115.57605661316121, 40.26123022967232], [115.5761741774316, 40.261231676509986], [115.57617795440623, 40.26105154436286], [115.57629551837351, 40.26105299107196], [115.57629740669226, 40.2609629249916], [115.57641497051225, 40.26096437157675], [115.57641685866668, 40.260874305490326], [115.57665198602061, 40.260877198293265], [115.57665387385491, 40.2607871321962], [115.57677143738886, 40.260788578414], [115.57677332505885, 40.260698512310874], [115.57689088844549, 40.260699958404714], [115.57690032588891, 40.26024962784401], [115.57678276328127, 40.260248181773086], [115.57678653851067, 40.2600680495476], [115.57666897622313, 40.26006660336644], [115.57667275173009, 40.2598864711442], [115.57655518976263, 40.2598850248528], [115.57656085342661, 40.25961482652208], [115.57667841492668, 40.259616272799725], [115.57667463947078, 40.259796405030855], [115.57679220129094, 40.259797851198286], [115.57679031370604, 40.2598879173162], [115.57690787569051, 40.25988936336883], [115.57691165054024, 40.25970923112235], [115.57702921222165, 40.25971067704643], [115.57703109947794, 40.259620610916386], [115.57714866101205, 40.2596220567165], [115.57715809638704, 40.25917172602124], [115.5768054141471, 40.25916738833142], [115.57680730166393, 40.259077322201655], [115.57727754404439, 40.259083105531005], [115.57727188333783, 40.25935330397077], [115.57738944442157, 40.25935474951838], [115.57738378410578, 40.25962494795857], [115.57750134566541, 40.259626393400524], [115.57749757239063, 40.25980652569574], [115.57761513427035, 40.25980797102746], [115.57761324777596, 40.25989803717743], [115.57773080981998, 40.25989948239435], [115.57772515075322, 40.26016968084909], [115.57784271327313, 40.26017112596034], [115.57784082705635, 40.26026119211354], [115.57772326438065, 40.26025974699771], [115.57771760521186, 40.260529945434705], [115.57760004207728, 40.26052850018575], [115.57759815551485, 40.26061856632388], [115.57748059223299, 40.26061712095096], [115.57747681877106, 40.26079725321363], [115.57735925518608, 40.260795807712164], [115.57735359446201, 40.26106600608133], [115.57747115851438, 40.26106745159651], [115.57746738496739, 40.26124758384438], [115.57758494933988, 40.26124902924934], [115.57758306270944, 40.261339095375625], [115.57781819179152, 40.261341985836516], [115.57781630546418, 40.26143205197048], [115.57793387017381, 40.26143349702641], [115.57793198399378, 40.261523563163465], [115.57816711375011, 40.26152645292629], [115.57816522787319, 40.26161651907102], [115.5789881833788, 40.26162662951203], [115.57898629858403, 40.2617166956873], [115.58098490919367, 40.26174122533668], [115.58098679133973, 40.26165115908374], [115.58157461767743, 40.26165836709694], [115.58157649903596, 40.2615683008197], [115.58169406417313, 40.26156974205959], [115.58170158889918, 40.26120947691757], [115.58181915342163, 40.261210918019806], [115.58182855835936, 40.26076058653617], [115.58194612211126, 40.2607620274962], [115.58195176450475, 40.260491828574594], [115.58206932779774, 40.260493269401536], [115.58207308903938, 40.2603131367706], [115.58219065202925, 40.260314577469046], [115.58219441292542, 40.26013444482308], [115.58231197561216, 40.26013588539301], [115.58231385589174, 40.26004581906324], [115.58243141843116, 40.26004725950922], [115.58243329854645, 40.259957193173406], [115.58255086093857, 40.25995863349544], [115.58255274088958, 40.25986856715358], [115.58267030313438, 40.259870007351665], [115.5826740626994, 40.25968987465441], [115.58279162464108, 40.25969131472399], [115.58279538386063, 40.2595111820117], [115.58291294549919, 40.259512621952766], [115.58291482494047, 40.25942255558983], [115.58303238643171, 40.259423995406955], [115.58303426570873, 40.259333929038], [115.58315182705263, 40.25933536873118], [115.58315370616539, 40.25924530235618], [115.58338882856708, 40.259248181375256], [115.58339070735977, 40.259158114989646], [115.58350826841753, 40.25915955431556], [115.58351014704597, 40.25906948792393], [115.58362770795641, 40.25907092712589], [115.58362958642059, 40.25898086072822], [115.58386470795531, 40.25898373876488], [115.58386658609945, 40.25889367235661], [115.58398414672371, 40.25889511119132], [115.58398602470359, 40.25880504477701], [115.58410358518054, 40.258806483487774], [115.58410546299618, 40.25871641706745], [115.58434058366389, 40.25871929412169], [115.5843424611595, 40.258629227690776], [115.58446002135027, 40.25863066603427], [115.58446377600448, 40.25845053315888], [115.58458133589212, 40.25845197137388], [115.58458321305076, 40.258361904929416], [115.58470077279112, 40.25836334302049], [115.58470264978551, 40.25827327656999], [115.58482020937852, 40.25827471453712], [115.58482208620867, 40.25818464808059], [115.58493964565439, 40.258186085923796], [115.58494152232029, 40.258096019461235], [115.58505908161867, 40.2580974571805], [115.58506283461352, 40.25791732424181], [115.5851803936088, 40.257918761832606], [115.58518414625827, 40.2577386288789], [115.58530170495044, 40.2577400663412], [115.58530545725452, 40.25755993337249], [115.5854230156436, 40.257561370706306], [115.58542676760229, 40.257381237722576], [115.58554432568826, 40.257382674927904], [115.58554620149917, 40.257292608429275], [115.58566375943782, 40.25729404551068], [115.58566751072269, 40.25711391249987], [115.58590262600228, 40.257116786286346], [115.58590450132047, 40.257026719769634], [115.58625717383596, 40.25703102954037], [115.58625904867839, 40.25694096300852], [115.5864941634194, 40.25694383558305], [115.58649603794186, 40.25685376904063], [115.58661359516927, 40.256855205144284], [115.58661546952746, 40.25676513859583], [115.58685058369613, 40.25676801043592], [115.5868543317641, 40.25658787731638], [115.58697188854957, 40.256589313048266], [115.58697563627219, 40.25640917991373], [115.58709319275455, 40.256410615517154], [115.58709506644743, 40.25632054894312], [115.58721262278249, 40.25632198442262], [115.58721636983138, 40.25614185126103], [115.58733392586333, 40.25614328661206], [115.5873376725669, 40.25596315343546], [115.58745522829577, 40.25596458865804], [115.58747395974929, 40.25506392264087], [115.58735640557803, 40.255062487463746], [115.58736764497935, 40.25452208780975], [115.58748519821604, 40.2545235229596], [115.58749081733546, 40.25425332309901], [115.58760837011336, 40.25425475811586], [115.58761398868951, 40.25398455822833], [115.58773154100861, 40.25398599311219], [115.58774090435458, 40.253535659914], [115.58785845590337, 40.253537094655776], [115.58788092520373, 40.2524562947748], [115.58799847489206, 40.25245772934271], [115.58800221934581, 40.25227759599942], [115.58811976873112, 40.25227903043888], [115.58812351283963, 40.25209889708059], [115.58824106192189, 40.25210033139161], [115.58824293380776, 40.25201026470572], [115.58836048274271, 40.25201169889284], [115.5883623544644, 40.25192163220092], [115.58847990325206, 40.25192306626414], [115.5884817748096, 40.2518329995662], [115.58859932344996, 40.25183443350552], [115.5886011948433, 40.25174436680157], [115.58871874333637, 40.251745800616995], [115.58872061456556, 40.25165573390701], [115.58883816291134, 40.25165716759856], [115.58884190503292, 40.25147703416508], [115.58895945307567, 40.251478467728184], [115.58896132396809, 40.25138840100469], [115.58907887186355, 40.2513898344439], [115.58908448402299, 40.25111963425092], [115.58920203145969, 40.251121067557165], [115.58920577254568, 40.25094093407872], [115.58932331967937, 40.25094236725653], [115.58932893077798, 40.25067216701414], [115.5894464774529, 40.25067360005899], [115.58945208800844, 40.25040339978969], [115.58956963422463, 40.25040483270157], [115.5895733742414, 40.250224699172236], [115.58969092015458, 40.2502261319557], [115.58969278999459, 40.250136065184265], [115.58981033576048, 40.25013749784385], [115.58981407510377, 40.249957364287496], [115.58993162056667, 40.249958796818646], [115.58993349006994, 40.24986873003372], [115.59005103538554, 40.24987016244099], [115.59005290472467, 40.24978009565003], [115.59017044989297, 40.249781527933415], [115.59017418823456, 40.249601394338036], [115.59029173309983, 40.249602826492996], [115.590299209059, 40.249242559266314], [115.59018166481657, 40.249241127129494], [115.59018353394103, 40.24915106032367], [115.59006598986275, 40.24914962807204], [115.59006785913448, 40.24905956126926], [115.58995031522034, 40.249058128902824], [115.58995218463934, 40.2489680621031], [115.58971709714777, 40.24896519702126], [115.58971896686975, 40.248875130229145], [115.58936633616274, 40.24887083172492], [115.58936820634345, 40.24878076494494], [115.58925066294701, 40.24877933187605], [115.589252533275, 40.248689265099124], [115.58901744681884, 40.2486863986124], [115.58901931744981, 40.248596331843075], [115.5887842313388, 40.24859346488807], [115.58878236039642, 40.248683531648304], [115.58842973082601, 40.24867923030712], [115.58842785940806, 40.248769297052256], [115.58819277275855, 40.24876642888567], [115.58819464448793, 40.2486763621496], [115.58795955818358, 40.24867349351474], [115.58796143021597, 40.248583426786276], [115.58702108658191, 40.24857194750948], [115.58702295985147, 40.24848188081591], [115.58678787433881, 40.24847900981239], [115.58679162147547, 40.248298876438966], [115.5866740790432, 40.248297440767296], [115.58667595275456, 40.248207374082924], [115.5867934950311, 40.248208809750054], [115.58679724211707, 40.24802867636775], [115.58691478409064, 40.248030111906466], [115.58691853083144, 40.24784997850915], [115.58703607250206, 40.247851413919435], [115.58703794570407, 40.24776134721402], [115.58715548722745, 40.247762782500395], [115.58715736026531, 40.24767271578897], [115.58727490164142, 40.247674150951475], [115.58727677451515, 40.24758408423401], [115.5875118569813, 40.247586954191924], [115.58751372953517, 40.24749688746389], [115.5878663528306, 40.24750119149209], [115.58786448074383, 40.247591258233754], [115.58809956329438, 40.24759412699827], [115.58809769151054, 40.24768419374754], [115.58833277440624, 40.24768706204381], [115.58833090292538, 40.24777712880067], [115.5886835277993, 40.247781430363666], [115.58868539881306, 40.24769136359319], [115.58880294029889, 40.247692797204294], [115.5888066819897, 40.247512663649815], [115.58892422317253, 40.24751409713251], [115.5889335764735, 40.24706376319771], [115.58858095528572, 40.247059462459696], [115.5885828263877, 40.24696939568191], [115.58834774594942, 40.24696652793564], [115.58834961735437, 40.24687646116547], [115.58823207730357, 40.24687502711788], [115.58823582039953, 40.24669489358218], [115.58811828066855, 40.24669345942434], [115.58812015235956, 40.24660339265882], [115.58800261279274, 40.24660195838619], [115.58800635646084, 40.24642182485978], [115.58788881721381, 40.2464203904769], [115.58789256115956, 40.246240256953676], [115.58801010009519, 40.24624169132747], [115.58801384369578, 40.24606155778924], [115.58824892096959, 40.246064426160665], [115.58825266391369, 40.24588429259836], [115.58837020225188, 40.24588572659599], [115.58837394485086, 40.24570559301869], [115.58825640682402, 40.24570415903013], [115.58826014970062, 40.24552402545599], [115.58814261199362, 40.2455225913572], [115.58814635514784, 40.24534245778623], [115.58802881776063, 40.24534102357719], [115.58803068948077, 40.24525095679403], [115.58779561504304, 40.24524808802705], [115.5877974870661, 40.24515802125149], [115.58673965391522, 40.24514510593428], [115.58674152733096, 40.24505503919815], [115.5866239905121, 40.24505360357081], [115.58662586407507, 40.244963536837744], [115.58650832742033, 40.24496210109564], [115.58651207483233, 40.244781967634175], [115.5863945384974, 40.244780531781835], [115.5863964123464, 40.244690465053424], [115.58627887617557, 40.2446890290863], [115.58628075017182, 40.24459896236097], [115.58616321416513, 40.244597526279065], [115.58616508830858, 40.24450745955681], [115.58604755246601, 40.24450602336013], [115.58604942675672, 40.244415956640935], [115.58569681974674, 40.24441164734863], [115.58569869449599, 40.2443215806416], [115.58546362350961, 40.24431870719255], [115.58546549856176, 40.24422864049314], [115.58534796323693, 40.24422720359418], [115.58534983843631, 40.24413713689785], [115.58523230327559, 40.24413569988411], [115.58523605396036, 40.24395556649611], [115.58511851911945, 40.24395412937216], [115.5851222700817, 40.24377399598735], [115.58500473556057, 40.24377255875318], [115.58500848680038, 40.243592425371546], [115.58489095259904, 40.243590988027165], [115.58489282836192, 40.24350092133868], [115.58477529432473, 40.24349948387953], [115.58477904613645, 40.24331935050724], [115.58466151241903, 40.243317912937876], [115.58466338846789, 40.24322784625405], [115.5845458549146, 40.24322640856993], [115.58454773111065, 40.24313634188919], [115.58443019772147, 40.2431349040903], [115.58443207406474, 40.24304483741263], [115.58419700762309, 40.24304196146599], [115.5842007609069, 40.24286182812445], [115.5840832280101, 40.24286038998127], [115.58408510479498, 40.24277032331283], [115.58396757206229, 40.24276888505488], [115.58398446414637, 40.24195828501342], [115.58410199547811, 40.24195972323037], [115.58410574887021, 40.24177958986243], [115.5842232798991, 40.24178102795097], [115.58422890945685, 40.241510827874336], [115.58434644002725, 40.2415122658299], [115.58435019271214, 40.24133213242896], [115.58446772297968, 40.2413335702561], [115.5844695991538, 40.24124350354886], [115.58458712927415, 40.241244941252134], [115.58459088128572, 40.24106480782413], [115.58470841110324, 40.24106624539898], [115.58471028694068, 40.2409761786782], [115.58482781661101, 40.2409776161292], [115.58483156794924, 40.24079748267411], [115.58494909731672, 40.240798919996706], [115.5849509728175, 40.240708853262376], [115.58506850203781, 40.2407102904611], [115.58507037737448, 40.240620223720754], [115.58518790644759, 40.240621660795625], [115.58519165678432, 40.240441527301385], [115.58530918555459, 40.24044296424785], [115.58531293554618, 40.24026283073859], [115.58543046401365, 40.24026426755665], [115.58543421366016, 40.24008413403238], [115.58555174182476, 40.24008557072203], [115.58555549112621, 40.23990543718275], [115.58567301898799, 40.23990687374399], [115.58567676794435, 40.23972674018969], [115.58579429550329, 40.23972817662253], [115.58579616981315, 40.23963810983862], [115.58591369722492, 40.23963954614761], [115.5859155713707, 40.23954947935766], [115.5861506259083, 40.23955235160862], [115.58615249973437, 40.239462284808106], [115.58638755399446, 40.23946515657278], [115.5863894275008, 40.23937508976169], [115.58650695448789, 40.23937652546052], [115.58650882783013, 40.2392864586434], [115.58674388151837, 40.239289329674065], [115.58674575454091, 40.23919926284638], [115.58698080795165, 40.23920213339074], [115.58698268065449, 40.23911206655249], [115.58710020721689, 40.23911350164118], [115.58710207975564, 40.239023434796884], [115.58721960617086, 40.23902486976172], [115.58722147854553, 40.238934802911416], [115.58733900481356, 40.23893623775241], [115.58734087702416, 40.23884617089609], [115.58745840314498, 40.23884760561324], [115.5874602751915, 40.2387575387509], [115.58757780116512, 40.238758973344204], [115.58757967304761, 40.23866890647584], [115.58769719887404, 40.2386703409453], [115.58769907059246, 40.2385802740709], [115.5878165962717, 40.23858170841652], [115.58781846782604, 40.2384916415361], [115.58828857000482, 40.238497377707446], [115.5882904409282, 40.23840731080738], [115.58852549175694, 40.23841017816818], [115.58852736236064, 40.23832011125756], [115.58864488763204, 40.23832154475446], [115.58864675807168, 40.238231477837836], [115.5888818083285, 40.23823434446468], [115.58888367844844, 40.23814427753748], [115.58911872842772, 40.23814714367805], [115.589120598228, 40.238057076740304], [115.58947317279323, 40.23806137504283], [115.5894750421182, 40.23797130808999], [115.58982761629242, 40.23797560530523], [115.58982948514209, 40.23788553833731], [115.59018205892524, 40.23788983446526], [115.59018392729959, 40.23779976748226], [115.59077154966184, 40.23780692528692], [115.59077341724965, 40.23771685827975], [115.59100846594222, 40.23771972055748], [115.59101033321039, 40.23762965353977], [115.5911278574137, 40.23763108449517], [115.59112972451778, 40.237541017471464], [115.5913647726384, 40.23754387901528], [115.59136663942283, 40.23745381198103], [115.59148416334014, 40.237455242569474], [115.59148602996054, 40.2373651755292], [115.59160355373061, 40.23736660599381], [115.591605420187, 40.23727653894755], [115.59172294380988, 40.237277969288336], [115.59172667638616, 40.237097835182304], [115.59184419970622, 40.23709926539473], [115.5918479319376, 40.23691913127373], [115.59196545495483, 40.23692056135783], [115.59196918684134, 40.23674042722184], [115.59185166413533, 40.2367389971468], [115.5918535302216, 40.23664893008113], [115.59114839509603, 40.23664034715303], [115.59115026210756, 40.23655028011306], [115.59103273977169, 40.23654884921205], [115.59103834122264, 40.236278648096864], [115.59115586309167, 40.23628007898427], [115.59115773006954, 40.23619001193839], [115.59127525179137, 40.23619144270199], [115.59127711860522, 40.23610137565009], [115.59139464017983, 40.23610280628986], [115.59139650682967, 40.23601273923195], [115.59151402825708, 40.236014169747904], [115.59151589474287, 40.23592410268399], [115.59175093731176, 40.23592696334896], [115.59175280347793, 40.235836896274506], [115.5921053669275, 40.23584118636372], [115.59210723261842, 40.235751119274205], [115.59234227464897, 40.23575397872818], [115.59234414002024, 40.23566391162813], [115.5925791817732, 40.23566677059589], [115.59258104682488, 40.235576703485314], [115.59375625453791, 40.23559099112165], [115.59375439104232, 40.23568105827747], [115.59398943299698, 40.235683914382335], [115.59398756980421, 40.23577398154575], [115.59422261210366, 40.23577683718249], [115.59422074921373, 40.23586690435345], [115.59433827053167, 40.23586833199742], [115.59433640778892, 40.23595839917144], [115.59457145076121, 40.23596125411054], [115.5945695883213, 40.23605132129212], [115.59492215330951, 40.236055602819675], [115.59492029132805, 40.236145670013315], [115.59527285685864, 40.23614995048083], [115.59527099533564, 40.23624001768656], [115.59550603937588, 40.23624287074415], [115.59550417815571, 40.23633293795745], [115.59573922254074, 40.23633579054692], [115.59573736162339, 40.23642585776777], [115.5959724063532, 40.2364287098891], [115.59597054573871, 40.236518777117496], [115.59608806827181, 40.236520203003735], [115.59608620780455, 40.23661027023518], [115.59620373050167, 40.23661169600666], [115.59620187018162, 40.23670176324113], [115.59631939304273, 40.23670318889783], [115.59631753286993, 40.236793256135336], [115.59655257892855, 40.23679610709987], [115.59655071905858, 40.23688617434494], [115.59690328867623, 40.2368904499106], [115.59690514807933, 40.23680038265198], [115.59714019422177, 40.23680323242358], [115.59714205330523, 40.23671316515448], [115.59737709916998, 40.236716014439885], [115.59737895793383, 40.23662594716027], [115.59749648072314, 40.23662737161952], [115.59749833932301, 40.236537304333915], [115.59761586196507, 40.23653872866936], [115.59761772040096, 40.236448661377764], [115.59773524289577, 40.23645008558941], [115.59773710116767, 40.23636001829183], [115.59785462351525, 40.236361442379675], [115.59785648162313, 40.236271375076115], [115.5979740038235, 40.23627279904015], [115.5979758617674, 40.2361827317306], [115.59809338382051, 40.23618415557084], [115.59809524160042, 40.2360940882553], [115.59833028542053, 40.236096935568895], [115.59833214288085, 40.23600686824285], [115.59844966464784, 40.23600829171622], [115.59845337923214, 40.23582815705068], [115.5985709006963, 40.23582958039574], [115.59857461493587, 40.235649445715296], [115.59869213609716, 40.235650868932034], [115.59869584999203, 40.23547073423664], [115.5988133708505, 40.23547215732509], [115.59882079791733, 40.2351118878986], [115.59893831816173, 40.23511331084973], [115.59894945757732, 40.234572906638604], [115.59906697689647, 40.23457432944341], [115.59907254602447, 40.23430412730439], [115.59919006488519, 40.2343055499764], [115.59919563347108, 40.23403534781056], [115.59931315187336, 40.234036770349775], [115.59931686391094, 40.23385663555616], [115.5994343820104, 40.23385805796707], [115.59943809370331, 40.23367792315852], [115.59955561149994, 40.233679345441146], [115.59955932284824, 40.233499210617694], [115.59967684034201, 40.23350063277203], [115.59967869584803, 40.23341056535358], [115.59991373054955, 40.2334134092954], [115.59991558573597, 40.23332334186647], [115.60003310294368, 40.233324763653954], [115.60003495796617, 40.23323469621905], [115.60026999209549, 40.23323753942718], [115.60029039336811, 40.232246797446614], [115.60040790873386, 40.232248218822235], [115.60040976318926, 40.232158151356096], [115.60052727840778, 40.232159572607955], [115.60052913269922, 40.23206950513583], [115.60064664777052, 40.23207092626391], [115.60065035601721, 40.231890791306235], [115.60076787078569, 40.23189221230604], [115.60077343262628, 40.23162200984494], [115.60089094693639, 40.23162343071196], [115.60089465447717, 40.231443295721526], [115.60101216848449, 40.23144471646028], [115.6010158756807, 40.23126458145492], [115.60125090309803, 40.231267422556634], [115.60125275637246, 40.231177355042746], [115.60148778351206, 40.23118019565837], [115.60148963646698, 40.231090128134], [115.6018421767723, 40.23109438814942], [115.60184402925215, 40.2310043206101], [115.60231408248715, 40.231009998942895], [115.60231593433636, 40.230919931384086], [115.60278598708263, 40.23092560779058], [115.60278783830118, 40.23083554021235], [115.60325789055865, 40.23084121469257], [115.60325974114659, 40.23075114709487], [115.60349476701423, 40.230753983610384], [115.60349661728266, 40.230663916002214], [115.60373164287252, 40.23066675203168], [115.60373349282146, 40.230576684413066], [115.60385100547335, 40.23057810224439], [115.60385470503506, 40.23039796699374], [115.60397221738414, 40.23039938469682], [115.60397406699693, 40.230309317064794], [115.60467914033293, 40.23031782075177], [115.60467544296587, 40.23049795606822], [115.60479295552885, 40.23049937294092], [115.6047892584396, 40.230679508260444], [115.60490677132206, 40.23068092502285], [115.6049049229205, 40.23077099268489], [115.60502243596687, 40.23077240933251], [115.60502058771254, 40.23086247699755], [115.60525561414143, 40.23086530994397], [115.60525376618992, 40.2309553776165], [115.60548879296326, 40.23095821009482], [115.60548694531458, 40.23104827777486], [115.60560445886932, 40.2310496938396], [115.60560076385813, 40.231229829204196], [115.60548324999225, 40.23122841313049], [115.60547955463662, 40.231408548480225], [115.6053620404679, 40.23140713227827], [115.60535464903435, 40.23176740294206], [115.6054721638254, 40.23176881916196], [115.60547031610176, 40.23185888682871], [115.60558783105671, 40.23186030293382], [115.60558598348034, 40.23195037060356], [115.60570349859918, 40.231951786593875], [115.60570165117008, 40.232041854266626], [115.60581916645285, 40.23204327014215], [115.60581731917098, 40.23213333781792], [115.60593483461766, 40.232134753578656], [115.60593298748306, 40.23222482125744], [115.60605050309364, 40.23222623690337], [115.6060486561063, 40.232316304585154], [115.6061661718808, 40.232317720116306], [115.60616432504074, 40.2324077878011], [115.60628184097912, 40.23240920321744], [115.60627999428631, 40.23249927090525], [115.60639751038863, 40.23250068620681], [115.60639381728919, 40.23268082158694], [115.60651133371103, 40.23268223677819], [115.60650764088946, 40.23286237216138], [115.6066251576308, 40.232863787242316], [115.60662146508714, 40.23304392262855], [115.60673898214797, 40.23304533759918], [115.60672052048629, 40.23394601448663], [115.60660300186952, 40.23394459947119], [115.6065937699486, 40.234394937837145], [115.60647625056214, 40.23439352268001], [115.6064725574243, 40.23457365800709], [115.60635503773497, 40.23457224272171], [115.60635134425263, 40.23475237803392], [115.60623382426039, 40.234750962620296], [115.60622828350765, 40.23502116556408], [115.60611076305692, 40.23501975001771], [115.60609229178384, 40.235920426356216], [115.60620981379064, 40.235921841947416], [115.60620057861993, 40.2363721800837], [115.6063181014132, 40.23637359557802], [115.60630886681244, 40.236823933699824], [115.6061913432411, 40.236822518183104], [115.60618395478815, 40.23718278863602], [115.60606643060265, 40.23718137298206], [115.60604795733116, 40.238082048966184], [115.60616548307291, 40.23808346466499], [115.60616178862995, 40.23826359985306], [115.6062793146913, 40.238265015441534], [115.60627746761298, 40.23835508303784], [115.60639499383831, 40.23835649851148], [115.60639314690727, 40.2384465661108], [115.60651067329653, 40.23844798146964], [115.60650882651282, 40.23853804907195], [115.60662635306605, 40.23853946431597], [115.60662450642964, 40.23862953192128], [115.60674203314683, 40.238630947050474], [115.60674018665775, 40.23872101465881], [115.60685771353889, 40.238722429673174], [115.60685586719711, 40.238812497284506], [115.60697339424222, 40.23881391218406], [115.60697154804772, 40.23890397979841], [115.6072066024742, 40.23890680924855], [115.60720475658269, 40.23899687687038], [115.60755733875169, 40.239001120164275], [115.60755549331877, 40.23909118779805], [115.60767302088071, 40.239092601995225], [115.60767117559513, 40.23918266963201], [115.60778870332103, 40.23918408371434], [115.60778501303614, 40.23936421899245], [115.60790254108164, 40.23936563296445], [115.60789885107478, 40.239545768245605], [115.607781322718, 40.239544354264645], [115.60777947754644, 40.239634421898536], [115.6073093635799, 40.23962876476376], [115.60731120937402, 40.239538697147786], [115.60695862445341, 40.23953445305743], [115.60696047070611, 40.23944438545343], [115.60660788632734, 40.23944014030276], [115.60660603960767, 40.23953020789332], [115.60648851134242, 40.2395287926], [115.6064866644588, 40.2396188601846], [115.60625160764197, 40.23961602923109], [115.60624976043873, 40.23970609680523], [115.60613223188717, 40.239704681145035], [115.60613038451997, 40.23979474871322], [115.60601285582108, 40.23979333292924], [115.60601100828991, 40.23988340049148], [115.60589347944371, 40.2398819845837], [115.60589163174856, 40.23997205213997], [115.60577410275503, 40.239970636108396], [115.60577225489592, 40.240060703658706], [115.60565472575507, 40.240059287503335], [115.60565287773197, 40.24014935504769], [115.60553534844382, 40.24014793876853], [115.60553350025675, 40.240238006306924], [115.60541597082128, 40.24023658990396], [115.60541227411085, 40.24041672496735], [115.60529474437242, 40.24041530843612], [115.60529289584905, 40.2405053759611], [115.60517536596329, 40.24050395930607], [115.60517166858025, 40.24068409434265], [115.60505413839155, 40.24068267755933], [115.60505044066387, 40.24086281258102], [115.60493291017218, 40.24086139566942], [115.60491626858416, 40.24167200315356], [115.60515133237766, 40.24167483693822], [115.60514948358195, 40.24176490443806], [115.60526701564687, 40.2417663211559], [115.60526516699849, 40.24185638865875], [115.60514763477794, 40.24185497193641], [115.60514578596556, 40.241945039433276], [115.60502825359768, 40.24194362258716], [115.60502640462133, 40.24203369007805], [115.60490887210611, 40.242032273108116], [115.60490702296576, 40.24212234059307], [115.60467195764899, 40.242119506286265], [115.60467010818898, 40.24220957376075], [115.60455257538744, 40.2422081564239], [115.60454702649041, 40.242478358825046], [115.60466455975893, 40.24247977617539], [115.60466271026557, 40.24256984364396], [115.6047802436981, 40.24257126087947], [115.60477839435207, 40.24266132835107], [115.60489592794859, 40.24266274547173], [115.6048940787499, 40.24275281294636], [115.60501161251041, 40.24275422995218], [115.60500976345904, 40.24284429742981], [115.60512729738358, 40.24284571432082], [115.60512544847955, 40.24293578180145], [115.60536051666496, 40.242938615234486], [115.60535866806391, 40.24302868272262], [115.60559373659399, 40.24303151568734], [115.60559188829598, 40.24312158318297], [115.60676723300286, 40.24313574089218], [115.60676538625319, 40.24322580843116], [115.60688292092536, 40.2432272235503], [115.60688476751935, 40.24313715600683], [115.60700230204417, 40.24313857100216], [115.60700045560584, 40.243228638550114], [115.60735305969723, 40.243232882833624], [115.6073475217334, 40.24350308550893], [115.60722998656094, 40.24350167085364], [115.60722814040066, 40.24359173840465], [115.60711060508085, 40.24359032362556], [115.60710875875658, 40.24368039117061], [115.60699122328944, 40.24367897626771], [115.60698937680117, 40.243769043806786], [115.60675430558044, 40.24376621363405], [115.6067524587725, 40.243856281162714], [115.60651738727375, 40.243853450503714], [115.60651554014615, 40.24394351802193], [115.60628046836933, 40.24394068687667], [115.60627862092203, 40.244030754384454], [115.60604354886716, 40.24402792275293], [115.60604170110021, 40.244117990250245], [115.60592416492959, 40.244116574251024], [115.6059223169986, 40.24420664174237], [115.605687244371, 40.24420380937696], [115.60567430644136, 40.24483428171234], [115.60579184384076, 40.244835697986105], [115.60578814752583, 40.24501583293476], [115.6059056852449, 40.24501724909817], [115.60590014117707, 40.24528745152352], [115.60601767937156, 40.24528886758104], [115.6060121356958, 40.24555907000656], [115.60612967436568, 40.245560485958215], [115.60612413108203, 40.2458306883839], [115.6062416702273, 40.24583210422967], [115.60623982260512, 40.24592217170642], [115.60612228330413, 40.24592075585615], [115.60611489210935, 40.246281025730475], [115.60599735219392, 40.24627960974295], [115.60598072011702, 40.24709021683344], [115.6060982614337, 40.24709163286131], [115.60609271772522, 40.24736183521169], [115.60621025951737, 40.24736325113369], [115.60620656398144, 40.247543386035524], [115.60632410609334, 40.24754480184715], [115.60631117254525, 40.24817527398843], [115.60619362934342, 40.24817385814542], [115.60619178150466, 40.24826392558378], [115.60607423815546, 40.24826250961693], [115.60607239015266, 40.24835257704933], [115.60595484665609, 40.24835116095867], [115.60595115031408, 40.248531295810075], [115.60583360651442, 40.248529879591096], [115.60582990982768, 40.24871001442763], [115.60571236572488, 40.248708598080334], [115.6057086686934, 40.248888732901975], [115.60559112428753, 40.24888731642637], [115.60558742691124, 40.24906745123314], [115.60546988220229, 40.249066034629216], [115.60546803334593, 40.2491561020259], [115.60535048848958, 40.24915468529814], [115.60534863946918, 40.24924475268886], [115.60523109446545, 40.24924333583727], [115.60522739608821, 40.24942347060531], [115.60510985078136, 40.249422053625395], [115.60510800142451, 40.24951212100272], [115.60499045597032, 40.249510703898956], [115.6049886064494, 40.24960077127031], [115.60487106084781, 40.24959935404273], [115.60486736146954, 40.24977948877202], [115.60474981556484, 40.24977807141612], [115.60474241608533, 40.25013834083904], [115.6046248695661, 40.25013692334583], [115.60462116946485, 40.250317058039435], [115.60450362264251, 40.25031564041789], [115.60450177242366, 40.25040570775799], [115.60438422545391, 40.25040429001261], [115.604382375071, 40.25049435734676], [115.60426482795386, 40.25049293947754], [115.60426297740686, 40.2505830068057], [115.60414543014235, 40.25058158881263], [115.6041417287119, 40.25076172345556], [115.60402418114425, 40.25076030533416], [115.60402233026076, 40.25085037264892], [115.60413987798412, 40.2508517907748], [115.60412692265628, 40.25148226196823], [115.6047146668488, 40.251489350964555], [115.6047165168563, 40.251399283633184], [115.60542180922815, 40.2514077864631], [115.60542365829286, 40.251317719103334], [115.60577630412415, 40.25132196889352], [115.60577815271334, 40.25123190151882], [115.60636589515344, 40.25123898209296], [115.60636404734292, 40.25132904949008], [115.60659914468874, 40.251331880893204], [115.60659729718135, 40.251421948297825], [115.60671484602247, 40.25142336382485], [115.60670930391754, 40.25169356604328], [115.60659175460921, 40.2516921505028], [115.60658621196208, 40.251962352694505], [115.60646866219486, 40.25196093702124], [115.60646681447342, 40.25205100441102], [115.60634926455879, 40.252049588613914], [115.60634741667329, 40.25213965599775], [115.60622986661122, 40.2521382400768], [115.60622617050376, 40.25231837483107], [115.60610862013854, 40.252316958781776], [115.60609753068171, 40.25285736298226], [115.60621508198135, 40.25285877905845], [115.60621323386513, 40.25294884642451], [115.60633078532888, 40.252950262385816], [115.60632893736006, 40.25304032975488], [115.6064464889879, 40.25304174560132], [115.6064446411665, 40.25313181297339], [115.6065621929584, 40.25313322870495], [115.60656034528442, 40.25322329608002], [115.6066778972404, 40.2532247116967], [115.60667604971384, 40.253314779074785], [115.60679360183391, 40.25331619457658], [115.60679175445479, 40.25340626195767], [115.60690930673893, 40.253407677344576], [115.60690745950723, 40.253497744728676], [115.60702501195543, 40.253499160000715], [115.60702316487115, 40.25358922738781], [115.60714071748345, 40.25359064254495], [115.60713887054658, 40.25368070993506], [115.60725642332295, 40.253682124977324], [115.60725457653352, 40.253772192370434], [115.60737212947397, 40.25377360729781], [115.60737028283197, 40.25386367469393], [115.60748783593648, 40.25386508950643], [115.6074859894419, 40.25395515690555], [115.6076035427105, 40.25395657160315], [115.6075998500079, 40.25413670640592], [115.60771740359635, 40.25413812099312], [115.60771186494728, 40.25440832319965], [115.60782941901131, 40.25440973768091], [115.6078257268485, 40.25458987248683], [115.60770817247294, 40.2545884579966], [115.60770447996534, 40.25476859278767], [115.60758692528657, 40.25476717816912], [115.60758323243411, 40.25494731294531], [115.60746567745218, 40.254945898198436], [115.6074638308577, 40.25503596557984], [115.60734627572832, 40.25503455070909], [115.60734258220286, 40.25521468545852], [115.60722502677028, 40.25521327045944], [115.60721948595237, 40.25548347255904], [115.6071019300608, 40.25548205742715], [115.60709823582903, 40.25566219214389], [115.60698067963426, 40.25566077688367], [115.60697698505764, 40.255840911585516], [115.60685942855964, 40.25583949619698], [115.60685758110309, 40.255929563541194], [115.60674002445765, 40.25592814802878], [115.606738176837, 40.25601821536704], [115.60662062004413, 40.25601679973076], [115.60661877225935, 40.25610686706308], [115.60650121531904, 40.25610545130295], [115.60649751941298, 40.256285585954174], [115.60637996216944, 40.2562841700657], [115.60636887331663, 40.25682457395703], [115.60648643149479, 40.25682598987241], [115.6064845834793, 40.256916057186956], [115.60660214182158, 40.25691747298743], [115.60660029395348, 40.25700754030498], [115.60671785245988, 40.25700895599057], [115.60671600473925, 40.25709902331111], [115.60718623947122, 40.2571046848776], [115.60718808656873, 40.25701461753913], [115.60742320367312, 40.25701744759713], [115.60742505045076, 40.2569273802482], [115.60754260885965, 40.25692879509365], [115.60754445547319, 40.25683872773878], [115.60801468856894, 40.25684438590886], [115.60800361250163, 40.257384790123474], [115.60788605328052, 40.25738337573315], [115.60786759094474, 40.25828404926124], [115.60798515172368, 40.25828546369636], [115.60798330560013, 40.25837553104553], [115.6081008665432, 40.25837694536575], [115.6080990205671, 40.258467012717915], [115.60821658167427, 40.258468426923216], [115.60821473584562, 40.25855849427838], [115.60844985839653, 40.25856132233978], [115.60844801287118, 40.25865138970246], [115.60856557431488, 40.25865280355854], [115.60856372893699, 40.258742870924195], [115.60868129054482, 40.25874428466539], [115.6086794453144, 40.258834352034036], [115.60879700708634, 40.25883576566031], [115.60879516200339, 40.258925833031974], [115.60891272393944, 40.258927246543344], [115.60890718910807, 40.25919744866286], [115.60902475151983, 40.259198862068274], [115.6090155274135, 40.259649198926994], [115.60913309061257, 40.2596506122354], [115.60912940122344, 40.2598307469775], [115.60924696474241, 40.259832160175456], [115.6092432756316, 40.26001229492061], [115.60936083947051, 40.26001370800812], [115.60935899505843, 40.26010377538296], [115.60947655906146, 40.26010518835556], [115.60947287052396, 40.26028532310974], [115.60959043484691, 40.260286735971896], [115.60958674658778, 40.26046687072912], [115.60970431123064, 40.26046828348083], [115.60970062324986, 40.260648418241104], [115.60958305829539, 40.26064700548044], [115.60957568161083, 40.26100727496538], [115.60969324718856, 40.26100868774392], [115.609689559108, 40.261188822486474], [115.60980712500569, 40.26119023515458], [115.6098034372035, 40.26137036990018], [115.6099210034211, 40.26137178245782], [115.60991915966336, 40.261461849832884], [115.6100367260451, 40.2614632622756], [115.61002382059885, 40.26209373389096], [115.61014138807961, 40.262095146245585], [115.61013032687933, 40.26263555045659], [115.61001275846365, 40.26263413807512], [115.61001091474536, 40.26272420543399], [115.60989334618218, 40.26272279292864], [115.60989150229975, 40.262812860281564], [115.60977393358905, 40.26281144765234], [115.6097702454876, 40.26299158234479], [115.60965267647356, 40.262990169587205], [115.60964898802719, 40.2631703042648], [115.60953141870984, 40.26316889137889], [115.60952957431833, 40.26325895871099], [115.60964714379155, 40.26326037160139], [115.60964345529531, 40.263440506270115], [115.60976102508847, 40.263441919050045], [115.60975918098372, 40.26353198638668], [115.60987675094105, 40.26353339905169], [115.60987490698379, 40.26362346639131], [115.60999247710527, 40.26362487894138], [115.60999063329552, 40.26371494628399], [115.61022577387507, 40.263717771034855], [115.61022393036868, 40.263807838384935], [115.61045907129312, 40.26381066266711], [115.6104572280901, 40.263900730024666], [115.61057479872062, 40.26390214199111], [115.61057295566512, 40.263992209351656], [115.61080809726276, 40.263995032935256], [115.61080625451059, 40.26408510030328], [115.61104139645315, 40.264087923418174], [115.61103955400435, 40.26417799079365], [115.6112746962918, 40.26418081343985], [115.61127285414638, 40.26427088082279], [115.6115079967787, 40.264273703000285], [115.61150615493666, 40.26436377039068], [115.61162372642112, 40.26436518130478], [115.6116218847266, 40.26445524869818], [115.61173945637519, 40.26445665949734], [115.61173761482823, 40.26454672689371], [115.61185518664097, 40.26454813757793], [115.61185150383378, 40.2647282723752], [115.61196907596648, 40.264729682948925], [115.61196539343779, 40.26490981774922], [115.61208296589048, 40.264911228212476], [115.61207928364027, 40.265091363015806], [115.61219685641296, 40.26509277336858], [115.61219501543123, 40.26518284077249], [115.61231258836806, 40.265184251010304], [115.61230890669141, 40.26536438582264], [115.61242647994823, 40.265365795949975], [115.61242279855007, 40.26554593076535], [115.61254037212689, 40.26554734078219], [115.61253669100722, 40.26572747560056], [115.61265426490402, 40.265728885506945], [115.61265242448758, 40.26581895291838], [115.61276999854854, 40.265820362709796], [115.61276631800247, 40.26600049753717], [115.61288389238342, 40.26600190721809], [115.6128820522538, 40.26609197463403], [115.6129996267989, 40.266093384200005], [115.61299778681683, 40.266183451618936], [115.61311536152608, 40.266184861069945], [115.61311352169156, 40.26627492849185], [115.61334867144662, 40.26627774704455], [115.61334683191554, 40.26636781447392], [115.61346440696136, 40.266369223575595], [115.6134625675778, 40.26645929100795], [115.61358014278778, 40.266460699994674], [115.61356726796183, 40.26709117201102], [115.61368484427109, 40.26709258090955], [115.61367932683171, 40.26736278319351], [115.61356175005488, 40.26736137428159], [115.6135580714088, 40.267541509121266], [115.61344049432853, 40.26754010008101], [115.61343865483717, 40.26763016749416], [115.61332107760934, 40.267628758330005], [115.61331739829005, 40.26780889314298], [115.61319982075877, 40.26780748385048], [115.6131979809308, 40.267897551250286], [115.61308040325197, 40.2678961418339], [115.61307856325983, 40.26798620922776], [115.61296098543343, 40.26798479968748], [115.61295914527716, 40.268074867075406], [115.61284156730316, 40.26807345741124], [115.61283788665399, 40.26825359217374], [115.61272030837658, 40.268252182381225], [115.61271294635516, 40.26861245187064], [115.61259536746257, 40.26861104194083], [115.61257511950447, 40.26960178286588], [115.61245753890556, 40.26960037276752], [115.61245385703897, 40.269780507453035], [115.6123362761366, 40.26977909722631], [115.61232522940239, 40.27031950122066], [115.61220764757303, 40.270318090847724], [115.61220580626572, 40.27040815817047], [115.61208822428877, 40.27040674767362], [115.61208638281728, 40.270496814990445], [115.61196880069274, 40.27049540436968], [115.61196695905706, 40.270585471680555], [115.61184937678493, 40.2705840609359], [115.61184753498509, 40.270674128240834], [115.6117299525654, 40.27067271737228], [115.61172811060132, 40.27076278467126], [115.61161052803405, 40.27076137367879], [115.61160868590578, 40.270851440971825], [115.61137352048438, 40.270848618619645], [115.61137167803605, 40.27093868590227], [115.61113651233609, 40.270935863063414], [115.61113466956766, 40.27102593033561], [115.61101708657425, 40.27102451873255], [115.6110134007007, 40.27120465326361], [115.61089581740384, 40.27120324153216], [115.61089213118527, 40.27138337604836], [115.61077454758492, 40.27138196418854], [115.61076348779442, 40.27192236767491], [115.61064590326701, 40.271920955668826], [115.61064405978362, 40.272011022906916], [115.61076164446693, 40.27201243491748], [115.61075242770474, 40.27246277110813], [115.61087001317583, 40.27246418302161], [115.61086632672459, 40.27264431749648], [115.61098391251582, 40.27264572929945], [115.61098022634312, 40.27282586377734], [115.61109781245445, 40.27282727546981], [115.61109412656033, 40.27300740995075], [115.61121171299177, 40.273008821532706], [115.61120249889062, 40.27345915773156], [115.6113200861099, 40.27346056921641], [115.61131087258055, 40.27391090540071], [115.6114284605877, 40.27391231678847], [115.61142293283812, 40.274182518494726], [115.61154052132133, 40.274183929776434], [115.61153499396472, 40.27445413148281], [115.61165258292397, 40.27445554265848], [115.61164889828987, 40.274635677130945], [115.61176648756926, 40.27463708819609], [115.61176464539565, 40.27472715543458], [115.61188223483929, 40.27472856638474], [115.6118803928133, 40.27481863362622], [115.61199798242112, 40.27482004446138], [115.61199614054274, 40.27491011170586], [115.61223132009518, 40.274912933026755], [115.61222947852032, 40.27500300027868], [115.61269983834846, 40.275008641504876], [115.612697997389, 40.27509870877319], [115.61293317766474, 40.27510152867848], [115.61292949634463, 40.275281663228554], [115.61304708680677, 40.27528307301095], [115.61304524629018, 40.27537314028822], [115.61316283691657, 40.27537454995561], [115.6131609965476, 40.275464617235876], [115.61327858733819, 40.27546602678828], [115.61327674711686, 40.27555609407155], [115.61339433807169, 40.27555750350894], [115.61339249799798, 40.27564757079518], [115.61351008911703, 40.275648980117595], [115.61350824919096, 40.27573904740682], [115.61374343176577, 40.27574186570218], [115.61374159214324, 40.27583193299887], [115.6139767750631, 40.27583475082532], [115.61397493574415, 40.27592481812943], [115.61421011900902, 40.275927635486966], [115.61420827999362, 40.276017702798526], [115.61456105542092, 40.27602192795225], [115.61456289396851, 40.27593186062732], [115.61538603583077, 40.27594171510702], [115.61538419837466, 40.27603178246316], [115.61550179025834, 40.27603318977259], [115.61549995294988, 40.27612325713174], [115.61561754499778, 40.276124664326154], [115.61561570783697, 40.276214731688256], [115.61573330004909, 40.27621613876767], [115.61573146303591, 40.27630620613276], [115.61596664779684, 40.27630901994212], [115.61596481108727, 40.276399087314644], [115.61619999619317, 40.27640190065508], [115.61619815978719, 40.276491968035025], [115.6163157525085, 40.27649337453049], [115.61631391625016, 40.276583441913424], [115.61643150913568, 40.276584848293886], [115.61642783690603, 40.276764983064226], [115.61654543011169, 40.27676638933413], [115.61654359414037, 40.276856456721525], [115.61666118751027, 40.276857862876426], [115.61665935168661, 40.27694793026681], [115.6167769452207, 40.276949336306686], [115.61677510954472, 40.27703940370006], [115.61701029694963, 40.27704221543033], [115.61700846157721, 40.27713228283111], [115.61724364932711, 40.277135094092415], [115.61724181425832, 40.27722516150063], [115.6173594083016, 40.27722656695654], [115.61735757338046, 40.277316634367715], [115.61771035602779, 40.277320850032], [115.61770852156621, 40.27741091745504], [115.61806130475581, 40.277415132057456], [115.61805947075379, 40.277505199492396], [115.6181770653228, 40.27750660412538], [115.61817523146843, 40.2775966715633], [115.61841042094314, 40.27759948047975], [115.6184085873924, 40.27768954792507], [115.6185261822981, 40.277690952208545], [115.61852434889504, 40.277781019656835], [115.61875953904311, 40.27778382787427], [115.61875770594368, 40.277873895329975], [115.61887530118605, 40.27787529926395], [115.61887163527427, 40.27805543417983], [115.6189892308368, 40.2780568380032], [115.61898739802449, 40.27814690546337], [115.61910499375121, 40.27814830917174], [115.61910316108657, 40.27823837663487], [115.61922075697751, 40.278239780228205], [115.61921892446055, 40.2783298476943], [115.61945411657915, 40.27833265453145], [115.61945228436579, 40.27842272200497], [115.61968747682934, 40.27842552837311], [115.61968564491963, 40.27851559585404], [115.61980324131974, 40.278516998863346], [115.61980140955775, 40.278607066347234], [115.62003660269463, 40.27860987201631], [115.62003477123626, 40.278699939507625], [115.62026996471809, 40.278702744707694], [115.62026813356337, 40.278792812206405], [115.62038573047263, 40.278794214631674], [115.6203838994656, 40.27888428213335], [115.62061909362076, 40.278887086634334], [115.62061726291738, 40.27897715414342], [115.62073486016331, 40.27897855621915], [115.62073302960763, 40.2790686237312], [115.62085062701777, 40.27907002569189], [115.62084879660979, 40.2791600932069], [115.62096639418412, 40.27916149505254], [115.62096456392385, 40.279251562570515], [115.62108216166239, 40.279252964301136], [115.62108033154983, 40.27934303182208], [115.62119792945259, 40.27934443343766], [115.6211960994877, 40.27943450096156], [115.62131369755468, 40.2794359024621], [115.62131186773753, 40.27952596998896], [115.6214294659687, 40.279527371374456], [115.62142763629926, 40.27961743890429], [115.62154523469462, 40.279618840174756], [115.62154340517287, 40.27970890770752], [115.62166100373246, 40.279710308862946], [115.62165734497616, 40.27989044393296], [115.62177494385591, 40.27989184497778], [115.62177311462136, 40.279981912515005], [115.62189071366531, 40.27998331344479], [115.62188705548337, 40.28016344852369], [115.6220046548475, 40.28016484934286], [115.62200282590011, 40.28025491688453], [115.62212042542848, 40.28025631758865], [115.62211859662881, 40.280346385133285], [115.62223619632137, 40.28034778572237], [115.6222343676694, 40.280437853269966], [115.62235196752617, 40.28043925374401], [115.6223483105095, 40.280619388843625], [115.62246591068646, 40.28062078920704], [115.62246225394871, 40.28080092430963], [115.62257985444585, 40.28080232456245], [115.62257802622057, 40.28089239211596], [115.6226956268819, 40.28089379225372], [115.62269379880436, 40.2809838598102], [115.62281139962991, 40.28098525983291], [115.62280774376204, 40.2811653949503], [115.62292534490777, 40.28116679486238], [115.6229216893189, 40.281346929982746], [115.6230392907848, 40.28134832978422], [115.62303746313398, 40.281438397346605], [115.6231550647641, 40.28143979703303], [115.62315140974967, 40.28161993216226], [115.6232690117, 40.281621331738066], [115.62326718433637, 40.28171139930488], [115.6233847864509, 40.281712798765646], [115.62338113201095, 40.28189293390374], [115.62349873444568, 40.281894333253874], [115.6234950802847, 40.28207446839492], [115.62361268303961, 40.282075867634404], [115.62361085610274, 40.28216593520716], [115.62372845902189, 40.282167334331604], [115.6237248054354, 40.28234746948153], [115.62384240867472, 40.28234886849534], [115.62383875536726, 40.28252900364822], [115.62395635892679, 40.28253040255141], [115.62394539974264, 40.28307080800123], [115.6238277952472, 40.28306940907148], [115.62382231507596, 40.28333961176318], [115.62370471012079, 40.28333821270065], [115.62370105632013, 40.28351834781222], [115.62358345106124, 40.28351694862132], [115.62358162399256, 40.28360701617048], [115.6234640185859, 40.28360561685565], [115.62346036411186, 40.28378575194065], [115.62334275840145, 40.28378435249747], [115.62332996639083, 40.284414825217475], [115.62344757319318, 40.28441622469167], [115.6234347818708, 40.28504669737041], [115.62355238977337, 40.28504809675611], [115.62354690812246, 40.28531829932386], [115.62366451650131, 40.28531969860335], [115.62366268942388, 40.28540976612743], [115.62378029796697, 40.28541116529185], [115.62377847103728, 40.28550123281887], [115.62389607974461, 40.285502631868226], [115.6238942529627, 40.285592699398215], [115.62401186183428, 40.28559409833249], [115.62400820855778, 40.285774233396864], [115.6241258177496, 40.2857756322205], [115.624123991255, 40.285865699754915], [115.62424160061107, 40.28586709846347], [115.62423977426424, 40.285957166000834], [115.6244749933131, 40.28595996306831], [115.62447316727004, 40.28605003061305], [115.62470838666385, 40.28605282721135], [115.6247065609246, 40.28614289476347], [115.62482417078986, 40.2861442928878], [115.62482234519837, 40.28623436044287], [115.62493995522789, 40.286235758452115], [115.62493812978418, 40.286325826010135], [115.62505573997792, 40.28632722390431], [115.62505208937787, 40.28650735902479], [115.62516969989186, 40.2865087568083], [115.62516604957091, 40.28668889193172], [115.62528366040516, 40.28669028960458], [115.62528001036331, 40.286870424730964], [115.62539762151783, 40.28687182229316], [115.62539397175512, 40.28705195742248], [115.62551158322991, 40.287053354874026], [115.6255079337463, 40.28723349000629], [115.62562554554134, 40.287234887347175], [115.62562189633687, 40.28741502248239], [115.6257395084522, 40.28741641971261], [115.62573585952686, 40.28759655485078], [115.62585347196243, 40.28759795197034], [115.6258479989808, 40.28786815467979], [115.62596561189267, 40.287869551693106], [115.62596196350916, 40.28804968683421], [115.62607957674133, 40.288051083736875], [115.62607592863696, 40.28823121888092], [115.6261935421894, 40.288232615672904], [115.62618807043926, 40.288502818391194], [115.62630568446802, 40.28850421507693], [115.62630203690551, 40.28868435022391], [115.62641965125457, 40.288685746798976], [115.62641600397124, 40.28886588194891], [115.62653361864056, 40.2888672784133], [115.62652085398216, 40.28949775142256], [115.62663846975194, 40.28949914779838], [115.62662935267231, 40.289949485639994], [115.6267469692305, 40.2899508819184], [115.62673602939988, 40.29049128730618], [115.62685364690256, 40.29049268349159], [115.62683176822593, 40.29157349416091], [115.62694938760941, 40.29157489027983], [115.62694027192502, 40.29202522801812], [115.62705789209701, 40.292026624039615], [115.62705242305591, 40.292296826678154], [115.6271700437043, 40.29229822259337], [115.62716822083021, 40.29238829014101], [115.62728584164287, 40.292389685941124], [115.62728037343948, 40.29265988858848], [115.62739799472855, 40.29266128428231], [115.62739617213373, 40.292751351832905], [115.62751379358707, 40.292752747411626], [115.62751014868486, 40.29293288251721], [115.62762777045857, 40.29293427798524], [115.62762594815119, 40.29302434554024], [115.62774357008918, 40.29302574089314], [115.62773992576194, 40.29320587600754], [115.62785754802027, 40.29320727124975], [115.62785572600038, 40.293297338809154], [115.62797334842298, 40.293298733936254], [115.62796970467072, 40.29347886905949], [115.62808732741368, 40.293480264075875], [115.62808550568127, 40.29357033163969], [115.62820312858852, 40.29357172654096], [115.62819948541123, 40.293751861672995], [115.62831710863884, 40.29375325646356], [115.6283116442795, 40.29402345916382], [115.62842926798355, 40.2940248538481], [115.62842380401851, 40.29429505654831], [115.62854142819899, 40.29429645112629], [115.62853596462826, 40.29456665382648], [115.62865358928518, 40.29456804829817], [115.6286481261088, 40.29483825099834], [115.62876575124214, 40.29483964536373], [115.62876028846009, 40.29510984806386], [115.6288779140699, 40.29511124232295], [115.6288724516822, 40.29538144502305], [115.62899007776846, 40.29538283917585], [115.62897915370787, 40.29592324456271], [115.62909678073888, 40.29592463862243], [115.62909131906602, 40.2961948413092], [115.62920894657348, 40.29619623526262], [115.62920348529502, 40.29646643794935], [115.62932111327899, 40.296467831796456], [115.62931565239492, 40.29673803448315], [115.62943328085535, 40.29673942822395], [115.62942782036569, 40.297009630910594], [115.62954544930263, 40.29701102454508], [115.62952178835646, 40.298181902757904], [115.62940415739017, 40.29818050906605], [115.629393235549, 40.298720914284495], [115.6292756036543, 40.298719520446625], [115.62924283354755, 40.300340735703955], [115.62936046825234, 40.300342129621264], [115.62934590415563, 40.301062669617565], [115.62946354011764, 40.30106406345061], [115.62945989932362, 40.30124419844377], [115.62957753560609, 40.30124559216606], [115.62957571535291, 40.30133565966486], [115.62969335179972, 40.301337053272], [115.6296878914593, 40.301607255772716], [115.6298055283827, 40.30160864927352], [115.62980006843682, 40.3018788517742], [115.62968243104497, 40.30187745826015], [115.62967150999475, 40.30241786319519], [115.62955387167432, 40.302416469535096], [115.62955205131442, 40.3025065370147], [115.62931677438588, 40.302503749326966], [115.6293149537055, 40.302593816796254], [115.62919731509741, 40.30259242276862], [115.62919367339971, 40.30277255769398], [115.62907603448754, 40.302771163537926], [115.62907057141096, 40.30304136590165], [115.62895293203862, 40.30303997161278], [115.6289492896342, 40.30322010650573], [115.62883164995776, 40.30321871208846], [115.6288298285871, 40.303308779528315], [115.62871218876272, 40.30330738498705], [115.62870854568445, 40.30348751985348], [115.62859090555598, 40.30348612518381], [115.62858726213258, 40.30366626003553], [115.62846962170003, 40.303664865237444], [115.62846779981986, 40.30375493265667], [115.62835015923937, 40.3037535377346], [115.62834651514208, 40.303933672559786], [115.62822887425753, 40.303932277509304], [115.62822522981506, 40.30411241231976], [115.6281075886264, 40.30411101714086], [115.62810394383878, 40.30429115193659], [115.62798630234603, 40.30428975662927], [115.62798447978372, 40.3043798240205], [115.62786683814306, 40.30437842858918], [115.62786136993837, 40.304648630740786], [115.62774372783745, 40.30464723517664], [115.62773643615816, 40.305007504673775], [115.6278540788837, 40.3050089002556], [115.62785225609947, 40.305098967630606], [115.62796989898939, 40.30510036309726], [115.62796807635313, 40.30519043047522], [115.62808571940742, 40.305191825826704], [115.62808389691911, 40.305281893207614], [115.62831918336468, 40.305284683560664], [115.62831736118042, 40.305374750948914], [115.6285526479712, 40.30537754083245], [115.62855082609109, 40.30546760822808], [115.62878611322705, 40.3054703976421], [115.62878429165102, 40.305560465045076], [115.62901957913216, 40.30556325398958], [115.62901775786027, 40.3056533213999], [115.62913540176932, 40.305654715697194], [115.62913358064539, 40.305744783110455], [115.6292512247188, 40.30574617729258], [115.6292475827586, 40.3059263121235], [115.62936522715259, 40.305927706194865], [115.62936158547186, 40.30610784102873], [115.62947923018638, 40.306109234989314], [115.62947740948988, 40.306199302408444], [115.62971269925588, 40.306202089979685], [115.62971087886349, 40.30629215740616], [115.62982852391501, 40.30629355101681], [115.62982670367059, 40.306383618446226], [115.62994434888643, 40.30638501194169], [115.62994070868531, 40.30656514680493], [115.63005835422175, 40.306566540189635], [115.63005653426502, 40.30665660762344], [115.63017417996582, 40.306658000892966], [115.63017236015708, 40.30674806832972], [115.63029000602228, 40.30674946148405], [115.6302881863615, 40.30683952892373], [115.63040583239103, 40.30684092196289], [115.63040401287824, 40.306930989405515], [115.63052165907219, 40.3069323823295], [115.63051983970735, 40.30702244977505], [115.63063748606565, 40.30702384258383], [115.6306356668488, 40.30711391003233], [115.63087095990241, 40.307116695299946], [115.63086914098967, 40.30720676275577], [115.63122208110013, 40.30721093977347], [115.63122026264773, 40.30730100724106], [115.63180849711001, 40.30730796656736], [115.63180667943033, 40.3073980340555], [115.6321596206746, 40.30740220822937], [115.63215780345524, 40.30749227572925], [115.63239309797144, 40.30749505792266], [115.63239128105626, 40.30758512542987], [115.63262657591757, 40.307587907153696], [115.63262475930654, 40.30767797466824], [115.632860054513, 40.30768075592248], [115.63285823820615, 40.30777082344436], [115.63297588597784, 40.30777221389649], [115.63297406981899, 40.30786228142129], [115.63320936569932, 40.307865061975576], [115.63320754984461, 40.307955129507704], [115.63344284607007, 40.307957909592396], [115.63344103051956, 40.30804797713185], [115.63367632709014, 40.308050756746944], [115.6336745118438, 40.308140824293716], [115.63379216029756, 40.30814221392627], [115.63379034519922, 40.30823228147598], [115.63390799381735, 40.30823367099334], [115.63390617886702, 40.308323738545965], [115.6340238276495, 40.308325127948116], [115.63402019803668, 40.30850526305775], [115.63413784713973, 40.308506652349095], [115.63413603247723, 40.3085967199061], [115.63425368174465, 40.30859810908224], [115.63425186723013, 40.308688176642164], [115.63448716610192, 40.30869095464445], [115.63448535189161, 40.308781022211704], [115.63483830072919, 40.30878518833131], [115.63483648697928, 40.308875255910266], [115.63577768548882, 40.308886360335244], [115.6357794979892, 40.308796292721134], [115.63625009681543, 40.3088018420456], [115.6362519086829, 40.30871177441244], [115.63660485741977, 40.308715935136796], [115.63660666881047, 40.30862586748899], [115.63684196769685, 40.30862864069845], [115.63684377876703, 40.308538573040394], [115.6370790773737, 40.30854134576267], [115.63708088812332, 40.30845127809436], [115.63719853728273, 40.30845266427172], [115.63720034786799, 40.30836259659754], [115.63743564589892, 40.30836536858467], [115.63743745616362, 40.308275300900235], [115.63767275391483, 40.308278072400185], [115.63767456385904, 40.30818800470552], [115.6379098613305, 40.30819077571829], [115.63791167095415, 40.30810070801338], [115.63826461675401, 40.30810486362238], [115.63826642590095, 40.30801479590284], [115.63967820796027, 40.30803140752236], [115.63967640068758, 40.30812147529448], [115.64049994185756, 40.30813115748318], [115.64049813567001, 40.3082212252845], [115.64155697630923, 40.30823366524104], [115.64155517151922, 40.30832373308026], [115.64202576819528, 40.30832925885771], [115.64202396402189, 40.308419326712965], [115.64237691208295, 40.30842346980337], [115.64237510836998, 40.30851353767026], [115.64284570652333, 40.30851906013387], [115.64284390342702, 40.30860912801677], [115.64307920286488, 40.30861188853969], [115.6430774000728, 40.30870195642985], [115.64319504996013, 40.30870333651628], [115.6431932473161, 40.30879340440933], [115.6434285474275, 40.308796164232135], [115.64342674508775, 40.30888623213246], [115.64354439531184, 40.30888761186881], [115.64354259312013, 40.30897767977203], [115.64366024350853, 40.308979059393145], [115.64365483735328, 40.309249263107034], [115.64377248821842, 40.30925064262166], [115.64376888438666, 40.30943077843229], [115.64388653557228, 40.30943215783605], [115.64387932843609, 40.309792429457076], [115.64399698025464, 40.30979380875869], [115.64398797193257, 40.31024414827366], [115.64410562454029, 40.3102455274775], [115.64410021991814, 40.310515731181894], [115.64421787300259, 40.31051711027923], [115.64421427019296, 40.31069724608352], [115.64433192359792, 40.310698625069975], [115.64432832106822, 40.310878760877124], [115.64444597479373, 40.31088013975268], [115.64444417367291, 40.3109702076584], [115.64456182756275, 40.31097158641872], [115.64456002659, 40.31106165432733], [115.64467768064418, 40.3110630329724], [115.64467587981953, 40.31115310088391], [115.64479353403803, 40.31115447941374], [115.64479173336149, 40.31124454732812], [115.64502704213528, 40.311247304037664], [115.64502524176302, 40.311337371959304], [115.64514289631833, 40.31133875013903], [115.64514109609415, 40.31142881806355], [115.64525875081378, 40.311430196128015], [115.64525695073772, 40.311520264055446], [115.64572757032226, 40.311525775134584], [115.64572577086292, 40.31161584307799], [115.64631404630725, 40.311622729257365], [115.6463122476209, 40.3117127972211], [115.64654755816785, 40.31171555086428], [115.6465457597858, 40.311805618835244], [115.64666341522766, 40.31180699548176], [115.64666161699373, 40.31189706345562], [115.64689692821419, 40.311899816398515], [115.64689513028459, 40.31198988437961], [115.64701278606323, 40.311991260676], [115.6470109882817, 40.31208132865998], [115.64712864422465, 40.31208270484111], [115.64712684659128, 40.31217277282797], [115.64724450269856, 40.31217414889383], [115.64724270521326, 40.312264216883584], [115.64736036148487, 40.31226559283418], [115.64735856414772, 40.31235566082682], [115.64747622058363, 40.31235703666215], [115.6474744233946, 40.312447104657664], [115.64759207999485, 40.312448480377746], [115.64759028295391, 40.31253854837613], [115.64770793971852, 40.31253992398095], [115.6477061428257, 40.31262999198222], [115.64782379975459, 40.31263136747177], [115.64782200300992, 40.31272143547592], [115.64793966010316, 40.312722810850204], [115.6479378635066, 40.312812878857244], [115.64805552076415, 40.312814254116255], [115.6480537243157, 40.31290432212619], [115.6481713817376, 40.312905697269926], [115.64816958543729, 40.31299576528273], [115.64828724302349, 40.312997140311204], [115.64828544687131, 40.31308720832688], [115.64840310462185, 40.31308858324008], [115.64840130861779, 40.313178651258646], [115.64851896653265, 40.31318002605659], [115.64851717067673, 40.31327009407802], [115.64863482875592, 40.3132714687607], [115.64863303304813, 40.313361536785], [115.64886834954328, 40.31336428580019], [115.64886655413983, 40.31345435383172], [115.64910187097982, 40.31345710237712], [115.64910007588074, 40.313547170415895], [115.6493353930656, 40.31354991849148], [115.64933359827087, 40.31363998653748], [115.64956891580057, 40.31364273414328], [115.6495707102828, 40.31355266608858], [115.64968836890358, 40.3135540397077], [115.64969016322149, 40.31346397164718], [115.64992548017482, 40.313466718517844], [115.64992727417219, 40.313376650447154], [115.65004493250474, 40.313378023698704], [115.65004672633779, 40.31328795562221], [115.65016438452224, 40.31328932874978], [115.65016617819096, 40.31319926066746], [115.65028383622725, 40.313200633671066], [115.65028742322798, 40.31302049749329], [115.650640396448, 40.31302461576031], [115.65064218946755, 40.312934547656184], [115.65075984706749, 40.31293592016826], [115.65075626133276, 40.31311605638374], [115.65087391925326, 40.31311742878489], [115.65087033379862, 40.31329756500316], [115.65098799203965, 40.31329893729339], [115.65098440686513, 40.31347907351444], [115.65110206542673, 40.313480445693735], [115.65109131064658, 40.31402085434767], [115.6509736511476, 40.31401948214231], [115.65096827317967, 40.31428968643636], [115.65085061322006, 40.31428831409834], [115.65084164899733, 40.31473865453726], [115.65095930973813, 40.31474002689698], [115.65095751702555, 40.31483009498468], [115.65107517793066, 40.314831467229126], [115.65107159279376, 40.315011603408806], [115.65118925401946, 40.3150129755423], [115.65118746159514, 40.31510304363428], [115.65130512298515, 40.31510441565249], [115.65130333070898, 40.315194483747334], [115.65153865382577, 40.31519722743356], [115.65153686185398, 40.31528729553561], [115.65212517056858, 40.31529415267933], [115.65212696175914, 40.31520408455556], [115.65283293154575, 40.31521230915415], [115.65283472179074, 40.31512224100289], [115.65295238329387, 40.31512361134626], [115.65295417337454, 40.31503354318918], [115.65307183472949, 40.3150349134086], [115.65307362464584, 40.3149448452457], [115.65330894706749, 40.314947585316965], [115.65331073666327, 40.31485751714392], [115.65342839772997, 40.31485888699577], [115.65343018716145, 40.31476881881692], [115.65354784807995, 40.314770188544806], [115.65354963734713, 40.31468012036015], [115.65366729811747, 40.31468148996407], [115.65367087631515, 40.31450135358165], [115.65378853678106, 40.314502723057274], [115.65379211463397, 40.3143225866603], [115.65390977479548, 40.31432395600763], [115.65391514104563, 40.314053751388116], [115.65403280074649, 40.31405512060281], [115.65403458932417, 40.31396505238903], [115.65438756800646, 40.313969159302346], [115.65438935610736, 40.31387909107409], [115.65450701552803, 40.3138804598016], [115.65450880346462, 40.31379039156754], [115.65462646273713, 40.3137917601711], [115.65462825050943, 40.313701691931236], [115.65474590963375, 40.31370306041084], [115.6547494848417, 40.31352292391802], [115.6548671436616, 40.31352429226933], [115.65487071852486, 40.313344155761975], [115.65498837704037, 40.313345523985], [115.65499016430368, 40.31325545572477], [115.655107822671, 40.31325682382384], [115.65510960977002, 40.3131667555578], [115.65522726798918, 40.313168123532925], [115.65522905492391, 40.3130780552611], [115.6553467129949, 40.31307942311226], [115.65534849976535, 40.312989354834635], [115.65546615768818, 40.312990722561835], [115.65546794429432, 40.31290065427841], [115.65570325985169, 40.3129033893653], [115.65570504613733, 40.31281332107173], [115.6560580190651, 40.31281742279194], [115.65605623324815, 40.31290749109847], [115.65617389106306, 40.31290885810363], [115.65617210539428, 40.31299892641304], [115.65605444742313, 40.31299755940355], [115.65605087574895, 40.3131776960093], [115.65593321747339, 40.313176328871535], [115.65592071526642, 40.31380680691495], [115.65580305590527, 40.313805439627274], [115.65578697965309, 40.31461605410955], [115.65590464042035, 40.31461742143618], [115.65589213731121, 40.31524789931468], [115.65577447545024, 40.31524653195774], [115.65577090274833, 40.31542666847255], [115.65565324058292, 40.315425300987336], [115.65564788100092, 40.3156955057355], [115.65553021837482, 40.315694138117664], [115.65551949805572, 40.316234547548284], [115.65563716161935, 40.31623591519211], [115.65563358842772, 40.31641605166585], [115.6557512523119, 40.31641741919869], [115.65574946586024, 40.31650748743769], [115.65586712990874, 40.31650885485523], [115.65586534360529, 40.316598923097075], [115.65598300781811, 40.3166002903993], [115.65598122166284, 40.316690358644], [115.65609888603998, 40.31669172583093], [115.65609710003294, 40.31678179407847], [115.65633242912385, 40.316784528102055], [115.65633064342127, 40.3168745963568], [115.65644830813507, 40.31687596319345], [115.65644652258071, 40.31696603145106], [115.65656418745883, 40.3169673981724], [115.65656240205264, 40.317057466432864], [115.65679773214556, 40.31706019952528], [115.6567941619341, 40.317240336059065], [115.65702949268425, 40.317243068690225], [115.65702770787897, 40.31733313696357], [115.65714537342238, 40.317334503104014], [115.65714358876531, 40.317424571380215], [115.65761425164453, 40.31743003476287], [115.65761246760447, 40.31752010305488], [115.65808313123746, 40.31752556454058], [115.65808134781442, 40.31761563284842], [115.65866967831795, 40.3176224570352], [115.6586678956682, 40.317712525363156], [115.6597268924874, 40.31772480140075], [115.659725111236, 40.31781486976609], [115.66019577732295, 40.31782032268936], [115.66019399668856, 40.317910391070505], [115.66054699680691, 40.31791447951963], [115.66054521663332, 40.31800454791223], [115.66089821729274, 40.31800863529751], [115.66089643757994, 40.31809870370159], [115.66124943878037, 40.318102790023], [115.66124765952834, 40.31819285843854], [115.66160066126983, 40.31819694369609], [115.6615988824786, 40.318287012123086], [115.66183421732558, 40.318289735038505], [115.66183243883886, 40.31837980347266], [115.6621854416383, 40.31838388696138], [115.6621836636124, 40.318473955406986], [115.66230133138451, 40.318475316334904], [115.66229955350686, 40.31856538478335], [115.66253488938769, 40.31856810628886], [115.66253311181455, 40.318658174744435], [115.66288611616478, 40.31866225611829], [115.66288433905245, 40.31875232458531], [115.66323734394363, 40.318756404895254], [115.66323556729213, 40.31884647337374], [115.66347090423886, 40.318849192990726], [115.66346912789189, 40.318939261476345], [115.66358679653358, 40.318940621109675], [115.66358502033485, 40.31903068959812], [115.66382035795476, 40.319033408514436], [115.6638185820606, 40.31912347701003], [115.66393625103886, 40.319124836293014], [115.66393447529298, 40.31921490479142], [115.6640521444355, 40.31921626395907], [115.6640503688379, 40.31930633246031], [115.66416803814472, 40.319307691512606], [115.66416626269536, 40.31939776001669], [115.66428393216648, 40.31939911895365], [115.66428215686541, 40.31948918746055], [115.66451749614421, 40.31949190498409], [115.6645157211477, 40.31958197349812], [115.66463339095539, 40.319583332084704], [115.66463161610716, 40.31967340060158], [115.66474928607914, 40.319674759072825], [115.66474751137918, 40.31976482759252], [115.665100521812, 40.31976890230124], [115.66509874757287, 40.31985897083237], [115.66604011032936, 40.319869831491964], [115.6660418833182, 40.31977976292646], [115.66663023451949, 40.31978654692851], [115.6666320067189, 40.31969647834007], [115.6673380274865, 40.31970461516824], [115.66733625622479, 40.31979468378244], [115.66757159685712, 40.319797395109866], [115.66756982589999, 40.31988746373118], [115.66792283737726, 40.31989152983779], [115.66792106688101, 40.319981598470505], [115.668274078899, 40.31998566351311], [115.66827230886364, 40.320075732157214], [115.66850765056145, 40.32007844159593], [115.66850588083065, 40.32016851024714], [115.66874122287298, 40.320171219215815], [115.66873945344678, 40.32026128787413], [115.6688571246362, 40.320262642183266], [115.66885535535832, 40.320352710844425], [115.66909069807369, 40.3203554191123], [115.66908892910038, 40.320445487780546], [115.66932427216025, 40.32044819557837], [115.66932250349157, 40.32053826425373], [115.66944017518973, 40.32053961797744], [115.66943840666939, 40.3206296866556], [115.66967375040224, 40.32063239375263], [115.66967198218649, 40.32072246243789], [115.66978965422118, 40.320723815811206], [115.66978788615373, 40.32081388449929], [115.67014090277455, 40.32081794391414], [115.67013913516803, 40.3209080126136], [115.67025680754719, 40.320909365516854], [115.67025504008897, 40.320999434219104], [115.67049038518381, 40.32100213967521], [115.67048861803022, 40.32109220838455], [115.6706062907459, 40.32109356093739], [115.67060452374062, 40.32118362964957], [115.67083986950847, 40.32118633440484], [115.67083810280783, 40.3212764031241], [115.67095577586002, 40.321277755326534], [115.67095400930769, 40.321367824048586], [115.67118935574852, 40.32137052810304], [115.67118758950085, 40.32146059683218], [115.67142293628618, 40.32146330041653], [115.67142117034311, 40.32155336915278], [115.671538843904, 40.32155472076975], [115.67153707810928, 40.3216447895088], [115.67165475183445, 40.32164614101038], [115.67165298618808, 40.32173620975225], [115.67177066007748, 40.321737561138455], [115.67176889457944, 40.3218276298831], [115.67188656863314, 40.32182898115393], [115.67188303792577, 40.32200911864739], [115.67200071230003, 40.3220104698071], [115.6719989470907, 40.3221005385559], [115.67211662162924, 40.32210188960022], [115.67211309149931, 40.32228202710198], [115.67223076635841, 40.32228337803519], [115.6722290014378, 40.322373446788134], [115.67234667646115, 40.32237479760595], [115.67234314690872, 40.322554935115974], [115.67246082225263, 40.322556285822685], [115.67245905762077, 40.322646354579774], [115.67257673312899, 40.3226477051711], [115.67257496864546, 40.322737773930996], [115.67269264431793, 40.32273912440693], [115.67269087998277, 40.32282919316961], [115.6728085558195, 40.32283054353014], [115.6728067916327, 40.32292061229564], [115.67304214364265, 40.32292331266627], [115.67304037976051, 40.32301338143884], [115.67362876070617, 40.323020130292605], [115.67362699759764, 40.32311019908507], [115.67421537952363, 40.32311694496851], [115.67421714185062, 40.323026876154685], [115.67445249436405, 40.323029573661856], [115.67445425637045, 40.322939504838025], [115.67457193248278, 40.322940853407836], [115.67457369432493, 40.322850784578264], [115.67469137028888, 40.32285213302414], [115.6746984169528, 40.32249185767407], [115.67481609229945, 40.32249320598322], [115.67482137674503, 40.32222299944242], [115.67493905163073, 40.322224347619084], [115.67494081294039, 40.32213427876495], [115.67505848767772, 40.32213562681768], [115.6750620099606, 40.321955489096446], [115.67529735883387, 40.321958184825874], [115.6752991196508, 40.321868115954516], [115.67541679394306, 40.32186946363546], [115.67541855459574, 40.32177939475838], [115.67565390289143, 40.32178208975275], [115.67565566322357, 40.32169202086565], [115.67589101123842, 40.321694715372836], [115.67589277125003, 40.321604646475755], [115.67612811898402, 40.32160734049577], [115.67612987867508, 40.321517271588675], [115.67636522612824, 40.32151996512152], [115.67636698549875, 40.321429896204435], [115.67683767987508, 40.32143528181713], [115.67683943861246, 40.32134521288153], [115.67719245900908, 40.321349250821825], [115.67719421726964, 40.32125918187196], [115.67754723726874, 40.321263218722535], [115.67754899505246, 40.32117314975843], [115.67766666824507, 40.321174495131714], [115.67766842586457, 40.32108442616186], [115.6777860989088, 40.32108577141123], [115.67778785636408, 40.32099570243567], [115.67790552925992, 40.32099704756111], [115.67791080110932, 40.3207268406128], [115.6780284735442, 40.32072818560581], [115.67803023065518, 40.320638116615854], [115.67814790294169, 40.320639461484944], [115.6781514168273, 40.320459323492095], [115.67838676079894, 40.32046201285427], [115.67838851741729, 40.32037194384713], [115.6785061892587, 40.32037328834448], [115.67850794571282, 40.32028321933159], [115.6788609608157, 40.32028725209294], [115.67886271679302, 40.32019718306584], [115.67933340308258, 40.32020255838875], [115.67933515842681, 40.32011248934316], [115.67980584421788, 40.32011786273457], [115.67980408949879, 40.32020793179717], [115.6800394327544, 40.32021061778345], [115.68003767833997, 40.32030068685308], [115.68015535013595, 40.320302029670984], [115.68015359586992, 40.3203920987434], [115.6802712678301, 40.320393441445894], [115.68026951371243, 40.320483510521086], [115.68038718583679, 40.32048485310819], [115.68038543186752, 40.320574922186154], [115.6805031041561, 40.32057626465784], [115.68050135033522, 40.3206663337386], [115.68085436771729, 40.32067036044844], [115.68085261435736, 40.320760429540464], [115.68108795963089, 40.32076311342389], [115.6810897126782, 40.32067304432337], [115.68132505767073, 40.32067572771967], [115.681323304936, 40.32076579682869], [115.68144097760043, 40.32076713835159], [115.68143747241983, 40.32094727657372], [115.68131979944283, 40.320945935042324], [115.68131804668438, 40.321036004146954], [115.68155339295892, 40.32103868709857], [115.6815568978427, 40.32085854887089], [115.68167457067922, 40.32085989015872], [115.68167632295298, 40.320769821038425], [115.68179399564112, 40.32077116220237], [115.68179224352366, 40.3208612313269], [115.68190991637599, 40.32086257237542], [115.68190816440696, 40.32095264150273], [115.68202583742348, 40.32095398243583], [115.68202408560282, 40.32104405156593], [115.68214175878356, 40.32104539238362], [115.6821400071113, 40.32113546151647], [115.68237535380906, 40.32113814280135], [115.6823736024415, 40.32122821194123], [115.68225592893236, 40.321226871354376], [115.68225242586095, 40.321407009621254], [115.6821347520471, 40.32140566890625], [115.68213300034326, 40.32149573803323], [115.68201532638102, 40.32149439719432], [115.6820170782412, 40.321404328071594], [115.68178173065306, 40.32140164604328], [115.6817834828179, 40.32131157692754], [115.68143046196384, 40.32130755300035], [115.68142520403883, 40.3215777603049], [115.68154287811787, 40.32157910174636], [115.68154112561669, 40.32166917084918], [115.6816587998599, 40.321670512175224], [115.68165704750714, 40.32176058128082], [115.68177472191456, 40.32176192249145], [115.6817729697102, 40.32185199159983], [115.68165529514646, 40.321850650384945], [115.68165354277787, 40.32194071948761], [115.68130051866517, 40.32193669511225], [115.68129876581978, 40.32202676420069], [115.6808280664883, 40.3220213966746], [115.68082631300977, 40.322111465744584], [115.6803556131796, 40.322106096286866], [115.68035385906795, 40.322196165338376], [115.68023618397386, 40.32219482267054], [115.68023442969799, 40.32228489171632], [115.68011675445551, 40.322283548924574], [115.6801062276962, 40.32282396314298], [115.67998855152379, 40.32282262020605], [115.6799850422281, 40.32300275825858], [115.67986736575098, 40.32300141519348], [115.67986561093494, 40.323091484213286], [115.67963025769181, 40.32308879771559], [115.67962850255523, 40.323178866725414], [115.67927547228099, 40.32317483606858], [115.67927722788649, 40.32308476707151], [115.67904187472254, 40.323082079377116], [115.67904363063276, 40.32299201038708], [115.67880827781313, 40.322989322222526], [115.67881179023506, 40.322809184255064], [115.67869411414974, 40.32280784000179], [115.67869762685264, 40.32262770203695], [115.67834459958206, 40.32262366858467], [115.67834284276566, 40.32271373755506], [115.67798981509746, 40.32270970301302], [115.6779880578042, 40.322799771969166], [115.6773996777342, 40.3227930453178], [115.67739791965145, 40.322883114251184], [115.67716256736632, 40.32288042274445], [115.67716080896304, 40.32297049166784], [115.67704313267605, 40.322969145730724], [115.67703961553303, 40.323149283564554], [115.67692193894136, 40.32314793749924], [115.67691666269839, 40.32341814422621], [115.67703433975902, 40.3234194903043], [115.67703258115182, 40.323509559214614], [115.67715025837667, 40.3235109051773], [115.67715201682756, 40.323420836262734], [115.67726969390402, 40.3234221821015], [115.67726793560946, 40.323512251020325], [115.67738561285019, 40.32351359674368], [115.67737682203996, 40.323963941337055], [115.67749450007021, 40.32396528696204], [115.67749098400327, 40.324145424797635], [115.67760866235409, 40.32414677031146], [115.67759987282955, 40.32459711489596], [115.67748219369713, 40.32459576936084], [115.67747691941828, 40.32486597608112], [115.67735923982481, 40.324864630413536], [115.67735748155968, 40.3249546993131], [115.67723980181779, 40.32495335352159], [115.67721694161709, 40.32612424902668], [115.67733462339129, 40.326125594873574], [115.67732758983905, 40.326485870380644], [115.67720990743952, 40.326484524516715], [115.67720814887528, 40.32657459338554], [115.67744351399499, 40.326577285002244], [115.67743472261832, 40.32702762936695], [115.6775524059718, 40.32702897501707], [115.67754713151965, 40.32729918163102], [115.67766481535008, 40.32730052717425], [115.67766129932171, 40.327480664918056], [115.67777898347275, 40.3274820103501], [115.67777370983976, 40.32775221696756], [115.67789139446779, 40.32775356229269], [115.67788787898552, 40.327933700038834], [115.67800556393418, 40.3279350452528], [115.67800204873288, 40.32811518300156], [115.67788436347153, 40.32811383777907], [115.67788260570265, 40.32820390664699], [115.67800029112036, 40.32820525187373], [115.67799501823521, 40.32847545848145], [115.67811270412992, 40.328476803601276], [115.67810743164246, 40.32874701020852], [115.67798974527871, 40.32874566507592], [115.67798622993475, 40.32892580279822], [115.67810391661122, 40.32892714793933], [115.67810215908369, 40.32901721680254], [115.67798447225087, 40.32901587165716], [115.67797744143607, 40.32937614707823], [115.67809512889436, 40.32937749224063], [115.67808985616912, 40.32964769880377], [115.67820754410442, 40.329649043859256], [115.67820578666985, 40.32973911271495], [115.67832347476946, 40.329740457655], [115.67832171748333, 40.3298305265135], [115.67867478229876, 40.32983456062822], [115.67867653911578, 40.32974449175697], [115.6787942272471, 40.32974583621824], [115.67879247058642, 40.32983590509374], [115.67914553549694, 40.329839937772114], [115.67914729168851, 40.32974986888385], [115.67950035620122, 40.329753900472184], [115.67950211191578, 40.32966383156968], [115.67973748798445, 40.329666518688256], [115.67973924337838, 40.32957644977578], [115.68020999498525, 40.32958182255956], [115.6802117497458, 40.3294917536286], [115.680447125284, 40.32949443929382], [115.68044887972388, 40.32940437035289], [115.68056656734849, 40.32940571300171], [115.68056832162411, 40.32931564405506], [115.68080369658435, 40.3293183289851], [115.68080545053932, 40.329228260028486], [115.68092313787496, 40.32922960230972], [115.68092489166565, 40.32913953334738], [115.68104257885281, 40.32914087550467], [115.68104433247927, 40.32905080653661], [115.68116201951797, 40.32905214856996], [115.68116377298016, 40.32896207959618], [115.6812814598704, 40.328963421505584], [115.6812832131683, 40.32887335252609], [115.6814008999101, 40.32887469431155], [115.68140440616946, 40.32869455633966], [115.68152209260647, 40.32869589799694], [115.68152559852146, 40.328515760010674], [115.68164328465367, 40.32851710153976], [115.68164503744296, 40.32842703254019], [115.6817627234267, 40.32842837394534], [115.68176447605173, 40.32833830494003], [115.68188216188702, 40.32833964622125], [115.68188566680064, 40.32815950819775], [115.68200335233115, 40.32816084935079], [115.68200685690043, 40.32798071131291], [115.68212454212613, 40.32798205233777], [115.68212629424256, 40.32789198331239], [115.68236166440495, 40.32789466499454], [115.6823599126012, 40.327984734028405], [115.68247759785059, 40.327986074694195], [115.68247584619532, 40.32807614373083], [115.68259353160899, 40.328077484281174], [115.6825900285874, 40.32825762235856], [115.68270771432167, 40.32825896279769], [115.6827042115812, 40.32843910087769], [115.68282189763606, 40.3284404412056], [115.68282014641034, 40.32853051024764], [115.68305551885648, 40.3285331905529], [115.68305376793558, 40.32862325960195], [115.68399525928683, 40.32863397606927], [115.6839935096089, 40.32872404515077], [115.685405749459, 40.3287401055395], [115.68540400164946, 40.32883017467035], [115.68634549676447, 40.328840872054585], [115.68634724332311, 40.328750802889864], [115.68646493009159, 40.328752139520034], [115.68646667648596, 40.32866207034961], [115.68658436310598, 40.32866340685585], [115.68658960177284, 40.328393199323074], [115.68647191562192, 40.328391862829505], [115.6864789010262, 40.32803158611548], [115.6863612155086, 40.328030249519145], [115.68636470847619, 40.32785011116177], [115.68624702327917, 40.32784877445422], [115.68625051652795, 40.327668636099425], [115.68613283165149, 40.32766729928064], [115.68613632518148, 40.327487160928435], [115.6860186406256, 40.32748582399843], [115.68602213443678, 40.3273056856488], [115.68590445020148, 40.32730434860758], [115.68590794429385, 40.32712421026055], [115.68579026037911, 40.32712287310809], [115.68579550192757, 40.326852665589215], [115.68567781848978, 40.326851328329774], [115.68569179685633, 40.3261307749153], [115.68580947904339, 40.32613211214088], [115.68581122614742, 40.326042042953205], [115.68604659023252, 40.32604471703685], [115.68604833701598, 40.32595464783925], [115.6864013827337, 40.32595865805441], [115.68640312904027, 40.32586858884266], [115.68675617435987, 40.32587259796799], [115.68675792018956, 40.32578252874206], [115.68699328346266, 40.32578520088541], [115.68699502897178, 40.32569513164957], [115.68734807347148, 40.325699138954306], [115.68734981850372, 40.32560906970429], [115.68758518123019, 40.32561174063393], [115.68758692594191, 40.325521671374], [115.68829301337215, 40.3255296812652], [115.688294757138, 40.32543961197847], [115.68841243824754, 40.32544094653722], [115.68841069463805, 40.3255310158282], [115.68864605719344, 40.325533684595136], [115.68864082725575, 40.32580389248458], [115.68852314550513, 40.325802558148276], [115.6885214020205, 40.325892627437604], [115.68840372012137, 40.3258912929774], [115.68840197647255, 40.32598136226102], [115.68828429442495, 40.325980027676906], [115.68828255061193, 40.32607009695483], [115.68816486841587, 40.32606876224682], [115.68816138045354, 40.32624890078983], [115.68804369795265, 40.32624756595367], [115.68804195380334, 40.326337635218756], [115.687924271154, 40.326336300258696], [115.68791903818983, 40.32660650803241], [115.68780135507933, 40.32660517293999], [115.68779786608452, 40.326785311440005], [115.6876801826692, 40.326783976219446], [115.68767843800366, 40.32687404546301], [115.68756075443986, 40.32687271011855], [115.68755900961011, 40.32696277935642], [115.68744132589781, 40.32696144388804], [115.68743609089228, 40.32723165158018], [115.6875537750736, 40.327232987061244], [115.68755028534325, 40.327413125523776], [115.68766796984514, 40.3274144608936], [115.68766448039602, 40.32759459935874], [115.68778216521848, 40.327595934617335], [115.68778042063846, 40.32768600385191], [115.68789810562514, 40.32768733899504], [115.6878963611936, 40.327777408232365], [115.68801404634449, 40.32777874326004], [115.68801230206145, 40.327868812500135], [115.68812998737657, 40.32787014741235], [115.688128243242, 40.3279602166552], [115.68836361420854, 40.327962886128994], [115.68836012654123, 40.328143024627174], [115.68847781234902, 40.32814435919298], [115.6884656063602, 40.32877484391992], [115.68858329327034, 40.32877617839561], [115.68858154968257, 40.328866247640654], [115.68869923675693, 40.32886758200088], [115.68869749331763, 40.328957651248686], [115.68881518055622, 40.328958985493436], [115.68881343726545, 40.32904905474401], [115.68893112466826, 40.329050388873284], [115.68892938152598, 40.32914045812659], [115.68904706909302, 40.329141792140405], [115.68904358309756, 40.32932193065107], [115.68916127098521, 40.329323264553615], [115.68915952813205, 40.32941333381097], [115.68927721618392, 40.32941466759805], [115.68927547347928, 40.32950473685814], [115.68951084991933, 40.32950740408166], [115.68950910751957, 40.32959747334875], [115.68962679590773, 40.32959880678517], [115.68962505365647, 40.329688876055016], [115.68974274220888, 40.32969020937596], [115.68974100010612, 40.32978027864853], [115.68985868882275, 40.32978161185401], [115.6898569468685, 40.32987168112934], [115.69009232463806, 40.32987434718965], [115.6900905829887, 40.32996441647196], [115.69032596110245, 40.32996708206189], [115.69032421975797, 40.33005715135116], [115.69055959821586, 40.33005981647075], [115.69055785717627, 40.330149885766986], [115.69067554657336, 40.33015121815144], [115.69067380568228, 40.330241287450434], [115.69079149524362, 40.33024261971941], [115.69078975450105, 40.33033268902114], [115.69102513395998, 40.33033535320843], [115.69102339352236, 40.33042542251712], [115.69114108341995, 40.330426754435436], [115.69113934313084, 40.330516823746876], [115.69125703319267, 40.33051815554971], [115.69125529305207, 40.330608224863894], [115.69137298327813, 40.330609556551224], [115.69137124328606, 40.330699625868164], [115.69148893367634, 40.33070095744001], [115.6914871938328, 40.3307910267597], [115.69172257494968, 40.330793689552735], [115.69171909586454, 40.33097382820453], [115.69183678674752, 40.33097515942991], [115.69183504734956, 40.33106522875783], [115.69195273839675, 40.33106655986772], [115.69195099914731, 40.33115662919838], [115.69206869035875, 40.33115796019278], [115.69206521214913, 40.331338098858126], [115.69218290368113, 40.33133942974126], [115.69218116472095, 40.33142949907594], [115.69229885641721, 40.33143082984357], [115.69229537878604, 40.33161096851694], [115.69241307080289, 40.331612299173294], [115.69241133213194, 40.33170236851199], [115.69252902431303, 40.33170369905284], [115.69252728579062, 40.331793768394284], [115.6926449781359, 40.33179509881964], [115.69264323976203, 40.33188516816382], [115.69276093227157, 40.331886498473686], [115.69275919404625, 40.33197656782061], [115.69287688672, 40.331977898014976], [115.69287514864322, 40.332067967364644], [115.69299284148121, 40.33206929744352], [115.69299110355298, 40.33215936679591], [115.69322648956523, 40.33216202660295], [115.69322475194195, 40.33225209596231], [115.69346013829832, 40.33225475529893], [115.69346187560885, 40.33216468593116], [115.69357956864238, 40.33216601541569], [115.69358304292713, 40.331985876667325], [115.69370073565574, 40.33198720602375], [115.69370247262995, 40.33189713664315], [115.69382016521001, 40.33189846587564], [115.69382190202003, 40.33180839648937], [115.69393959445155, 40.331809725597964], [115.69394133109734, 40.33171965620601], [115.69405902338028, 40.33172098519068], [115.69406075986187, 40.33163091579306], [115.69417845199627, 40.331632244653804], [115.69418018831361, 40.33154217525051], [115.69429788029947, 40.33154350398735], [115.69429961645262, 40.331453434578385], [115.69441730828991, 40.33145476319131], [115.69441904427885, 40.33136469377666], [115.6945367359676, 40.33136602226569], [115.69453847179233, 40.33127595284536], [115.69465616333252, 40.33127728121047], [115.69465789899301, 40.33118721178447], [115.69477559038467, 40.331188540025664], [115.69477732588095, 40.33109847059401], [115.69489501712405, 40.3310997987113], [115.69490022309682, 40.330829590394856], [115.69501791387862, 40.330830918379846], [115.69502138417525, 40.330650779486454], [115.69490369370621, 40.33064945150989], [115.6949088995616, 40.33037924317143], [115.69479120956952, 40.33037791508776], [115.69479294499536, 40.33028784564287], [115.6946752551675, 40.33028651744371], [115.69468219741809, 40.32992623966628], [115.69456450822354, 40.32992491136424], [115.69456797961463, 40.329744772475124], [115.69468566849645, 40.32974610076876], [115.69468740402387, 40.32965603131779], [115.69515815900391, 40.32966134327851], [115.69515642410197, 40.32975141274629], [115.69586255774497, 40.329759377121604], [115.69586082377343, 40.32984944661313], [115.69644926947288, 40.329856080321846], [115.69644753627536, 40.32994614983291], [115.69668291492262, 40.32994880248688], [115.69668118203002, 40.33003887200487], [115.6969165610213, 40.33004152418845], [115.69691482843362, 40.33013159371337], [115.6971502077689, 40.330134245426535], [115.69714847548616, 40.330224314958365], [115.69726616532188, 40.330225640639604], [115.69726270104574, 40.33040577970725], [115.69738039120202, 40.33040710527718], [115.6973786592086, 40.330497174813], [115.69749634952909, 40.33049850026742], [115.69749288583156, 40.330678639343034], [115.6976105764726, 40.33067996468615], [115.69760538133687, 40.330950173301154], [115.69772307245488, 40.33095149853715], [115.69771960930476, 40.33113163761486], [115.697601917874, 40.33113031237049], [115.69759845437989, 40.33131045143394], [115.69748076264418, 40.33130912606148], [115.69747729880606, 40.33148926511066], [115.69724191473257, 40.33148661398982], [115.69724018248901, 40.33157668350382], [115.69712249030759, 40.33157535775964], [115.69712075789987, 40.33166542726798], [115.69676768093335, 40.331661449304605], [115.69676594804864, 40.33175151879888], [115.69664825558569, 40.331750192567476], [115.69664478948005, 40.33193033154322], [115.69652709671216, 40.33192900518372], [115.69652363026245, 40.33210914414519], [115.69640593718964, 40.33210781765758], [115.6963972701466, 40.33255816501457], [115.69651496400141, 40.332559491523185], [115.69650803085183, 40.332919769399126], [115.69662572534001, 40.332921095804814], [115.69662052586492, 40.33319130420895], [115.69650283090756, 40.333189977790674], [115.69649589753908, 40.33355025562549], [115.69637820196394, 40.33354892907069], [115.69637473491997, 40.3337290679709], [115.69625703903985, 40.33372774128799], [115.69625357165182, 40.33390788017392], [115.69613587546672, 40.33390655336289], [115.69613414160456, 40.33399662279945], [115.69601644527089, 40.33399529586451], [115.69601471124452, 40.33408536529541], [115.69589701476224, 40.33408403823655], [115.69589354637321, 40.33426417708552], [115.69577584958594, 40.33426284989854], [115.69576370888313, 40.334893335794284], [115.69564601100886, 40.334892008458176], [115.69564254185339, 40.33507214726391], [115.69552484367411, 40.33507081979968], [115.69551790464362, 40.335431097376706], [115.6954002058465, 40.33542976977594], [115.69539500102225, 40.33569997793069], [115.69551270028862, 40.33570130554405], [115.69551096548797, 40.33579137493024], [115.69586406380324, 40.3357953570646], [115.69586232946402, 40.335885426461914], [115.6959800290745, 40.335886753604775], [115.69597829488389, 40.33597682300483], [115.69609599465862, 40.33597815003219], [115.69609426061656, 40.33606821943496], [115.69621196055553, 40.33606954634678], [115.6962102266621, 40.33615961575229], [115.69656332699519, 40.336163595782], [115.69656506041937, 40.336073526363904], [115.69680046036771, 40.33607617911002], [115.69680219347121, 40.33598610968205], [115.69691989330067, 40.33598743587132], [115.69692162623996, 40.33589736643767], [115.6971570256095, 40.33590001844865], [115.69715875822814, 40.335809949005146], [115.69739415731611, 40.33581260052882], [115.6973958896141, 40.33572253107547], [115.69751358901338, 40.335723856653516], [115.69751705327307, 40.335543717734], [115.69739935418662, 40.33554239216432], [115.6974028187279, 40.33536225324731], [115.6975205175015, 40.33536357880859], [115.69752744586462, 40.33500330094016], [115.69764514402041, 40.33500462636493], [115.69764687593525, 40.33491455688997], [115.69799996998026, 40.334918532433356], [115.69800170141804, 40.33482846294433], [115.69882558670146, 40.33483773499266], [115.69882385635856, 40.334927804511025], [115.69917695063778, 40.334931776462795], [115.69917868051147, 40.33484170693185], [115.7007087544993, 40.33485890621735], [115.70071048233184, 40.33476883663048], [115.70082818022908, 40.33477015881022], [115.70082990789743, 40.3346800892177], [115.7013006989386, 40.33468537672267], [115.70130242597354, 40.334595307111954], [115.701655518867, 40.33459927147106], [115.70165724542487, 40.33450920184632], [115.70177494291521, 40.33451052305574], [115.70177666930891, 40.33442045342535], [115.70189436665062, 40.33442177451087], [115.70189781910183, 40.33424163523733], [115.70201551613852, 40.334242956194764], [115.70201724219605, 40.334152886551614], [115.70189954531577, 40.33415156559836], [115.7019012715219, 40.33406149595792], [115.70178357480586, 40.33406017488914], [115.70178702750759, 40.333880035612225], [115.70190472391086, 40.33388135667264], [115.70190645009366, 40.3337912870278], [115.70202414634831, 40.33379260796432], [115.70202587236692, 40.33370253831384], [115.70190817626865, 40.33370121738148], [115.70190990243587, 40.3336111477337], [115.70202759837771, 40.33361246866186], [115.70202932438073, 40.33352239900843], [115.70191162859531, 40.33352107808445], [115.70191508089081, 40.33334093878156], [115.70179738542596, 40.33333961774622], [115.70180256428002, 40.3330694087934], [115.70215564929036, 40.33307337150262], [115.70215392348264, 40.33316344116757], [115.70227161865806, 40.333164761835405], [115.70226816733211, 40.33334490116926], [115.7028566448899, 40.333351502754475], [115.70285836977477, 40.333261433067385], [115.70309376053955, 40.33326407285511], [115.70309548510386, 40.33317400315819], [115.70333087558697, 40.333176642458696], [115.7033325998307, 40.33308657275196], [115.70368568514448, 40.33309053079233], [115.70368740891125, 40.333000461071606], [115.70415818881287, 40.333005736766076], [115.70415474252277, 40.333185876239476], [115.7040370472229, 40.33318455748708], [115.7040353239098, 40.33327462721741], [115.7039176284613, 40.333273308341134], [115.70391590498403, 40.3333633780658], [115.70379820938689, 40.33336205906563], [115.70379648574543, 40.333452128784664], [115.7036787899997, 40.333450809660604], [115.70367706619407, 40.33354087937399], [115.70344167441311, 40.33353824075837], [115.70343995028688, 40.33362831046194], [115.70332225425167, 40.33362699097037], [115.70331880566309, 40.333807130364775], [115.70320110932285, 40.33380581074513], [115.70319938486051, 40.333895880435946], [115.70331708135716, 40.33389720005976], [115.70331363272192, 40.33407733944534], [115.70343132953916, 40.33407865895781], [115.7034296053663, 40.33416872865257], [115.70354730234772, 40.33417004804947], [115.70354557832347, 40.33426011774694], [115.70366327546907, 40.33426143702831], [115.70366155159344, 40.33435150672849], [115.70377924890325, 40.334352825894314], [115.70377752517626, 40.3344428955972], [115.70401292013199, 40.33444553357804], [115.70401119671004, 40.334535603287804], [115.7047173827022, 40.33454351438208], [115.70471910518569, 40.33445344464725], [115.7053075929441, 40.33446003391264], [115.70530931463774, 40.334369964155506], [115.70566240691679, 40.33437391626558], [115.70566412813346, 40.33428384649447], [115.70589952271212, 40.334286480627576], [115.70590124360822, 40.33419641084666], [115.70601894075281, 40.33419772772947], [115.70602066148473, 40.334107657942916], [115.70613835848067, 40.334108974701834], [115.70614007904844, 40.334018904909634], [115.70625777589572, 40.33402022154468], [115.70625949629932, 40.33393015174684], [115.70637719299798, 40.333931468257994], [115.7063789132374, 40.33384139845453], [115.70649660978738, 40.333842714841786], [115.70650004993018, 40.33366257522212], [115.70661774617511, 40.33366389148133], [115.70661946607848, 40.33357382166513], [115.70673716217478, 40.33357513780047], [115.7067406016454, 40.33339499815533], [115.70685829743664, 40.33339631416261], [115.70686001700393, 40.333306244333684], [115.70697771264655, 40.33330756021708], [115.70697943204966, 40.3332174903825], [115.70709712754363, 40.333218806142035], [115.70710056601379, 40.333038666460155], [115.70721826120271, 40.333039982091634], [115.70721998026977, 40.33294991224433], [115.70733767531006, 40.33295122775193], [115.70733939421295, 40.33286115789899], [115.7074570891046, 40.33286247328271], [115.70745880784337, 40.33277240342414], [115.70769419733708, 40.33277503382412], [115.70769591575531, 40.332684963955764], [115.70781361035738, 40.33268627897201], [115.70781532861145, 40.33259620909803], [115.70816841199505, 40.33260015341601], [115.70817012977217, 40.33251008352808], [115.70875860145114, 40.332516654976345], [115.70876031843855, 40.332426585066145], [115.70911340106969, 40.33243052648608], [115.70911511758018, 40.3323404565619], [115.70935050572687, 40.33234308356832], [115.70935222191683, 40.332253013634386], [115.70970530372573, 40.332256953233696], [115.70970873514406, 40.33207681333648], [115.70982642878305, 40.332078126288515], [115.70982985985765, 40.3318979863771], [115.70994755319161, 40.33189929920112], [115.70995098392248, 40.33171915927552], [115.7100686769514, 40.33172047197152], [115.71007039214884, 40.331630402002375], [115.71018808502912, 40.331631714574506], [115.71018980006241, 40.33154164459974], [115.71030749279402, 40.331542957048], [115.71030920766323, 40.331452887067606], [115.71042690024616, 40.33145419939201], [115.71042861495125, 40.33136412940598], [115.71054630738554, 40.33136544160653], [115.7105480219265, 40.33127537161489], [115.71066571421214, 40.33127668369158], [115.71066742858898, 40.331186613694314], [115.71102050502317, 40.33119054919365], [115.71101879111548, 40.33128061920336], [115.71113648343207, 40.33128193080121], [115.71113476967302, 40.33137200081361], [115.71137015464213, 40.33137462365848], [115.71136844118817, 40.331464693677724], [115.7114861338407, 40.33146600492474], [115.71148270722232, 40.33164614496711], [115.71171809317613, 40.33164876711864], [115.71171638016811, 40.33173883714592], [115.71206945962594, 40.33174276948784], [115.71206774707937, 40.33183283952611], [115.71230313373599, 40.33183546049713], [115.7123014214945, 40.33192553054222], [115.71241911499077, 40.331926840852326], [115.71241740289796, 40.33201691090009], [115.7127704839023, 40.33202084112455], [115.71276877227092, 40.33211091118329], [115.71288646611086, 40.33211222102284], [115.71288475462816, 40.332202291084265], [115.71300244863224, 40.332203600808256], [115.71299902595644, 40.33238374093498], [115.71311672028102, 40.33238505054754], [115.71311329788713, 40.33256519067671], [115.7129956032498, 40.332563881055854], [115.71299218051223, 40.33274402117087], [115.71287448556981, 40.332742711422014], [115.71287277403306, 40.33283278147316], [115.71275507894194, 40.332831471600436], [115.71275165553249, 40.33301161169006], [115.71263396013629, 40.33301030168935], [115.71263224826359, 40.3331003717278], [115.71251455271872, 40.33309906160322], [115.71250941658508, 40.33336927169736], [115.71239172057872, 40.3333679614406], [115.71239000836233, 40.3334580314649], [115.7122723122073, 40.333456721084296], [115.71226888743851, 40.33363686112019], [115.7121511909784, 40.33363555061157], [115.71214947842603, 40.33372562062316], [115.71203178181723, 40.33372430999068], [115.71202664364455, 40.33399452000422], [115.71190894657425, 40.33399320923957], [115.71190552077434, 40.33417334923298], [115.71178782339896, 40.33417203834029], [115.71177754487536, 40.33471245826037], [115.71189524318919, 40.33471376917794], [115.71189181726567, 40.334893909147844], [115.71200951590008, 40.334895219954], [115.71200780308314, 40.3349852899409], [115.71212550188166, 40.334986600631474], [115.71212207653745, 40.335166740609175], [115.71223977565653, 40.335168051188326], [115.71223806312925, 40.33525812117913], [115.71235576241247, 40.3352594316427], [115.7123540500339, 40.33534950163618], [115.71247174948125, 40.33535081198417], [115.71247003725136, 40.335440881980325], [115.71270543648211, 40.33544350232542], [115.71270030068462, 40.33571371233], [115.71281800078081, 40.3357150223354], [115.71281457719004, 40.3358951623394], [115.71293227760685, 40.335896472233365], [115.71293056595628, 40.33598654223731], [115.71316596712586, 40.335989161674355], [115.71316425578043, 40.336079231685126], [115.71328195653322, 40.3360805412282], [115.7132802453365, 40.336170611241656], [115.7135156471781, 40.33617322997692], [115.7135139362865, 40.33626329999718], [115.7136316373753, 40.336264609189364], [115.71362992663242, 40.33635467921231], [115.71374762788534, 40.336355988288894], [115.71374591729118, 40.33644605831452], [115.71386361870827, 40.33644736727554], [115.71386190826281, 40.33653743730383], [115.71397960984402, 40.336538746149245], [115.71397789954727, 40.33662881618023], [115.71409560129266, 40.336630124910066], [115.71409389114461, 40.33672019494371], [115.71421159305413, 40.33672150355795], [115.7142098830548, 40.33681157359429], [115.71432758512844, 40.33681288209293], [115.71432587527786, 40.33690295213193], [115.71444357751564, 40.336904260515006], [115.71444186781376, 40.336994330556685], [115.71455957021568, 40.336995638824156], [115.71455786066254, 40.33708570886851], [115.71467556322862, 40.33708701702038], [115.71467214441202, 40.33726715711296], [115.71478984729868, 40.33726846515339], [115.71478813803523, 40.337358535201616], [115.71490584108604, 40.33735984312645], [115.71490413197135, 40.33744991317736], [115.71513953840892, 40.33745252867611], [115.71513782959939, 40.33754259873382], [115.71537323638066, 40.337545213761906], [115.7153715278763, 40.337635283826444], [115.71560693500128, 40.33763789838387], [115.71560522680207, 40.3377279684552], [115.71572293053255, 40.337729275558445], [115.715717806358, 40.33799948577606], [115.71583551056551, 40.338000792771986], [115.71583209472352, 40.338180932918], [115.7159497992516, 40.33818223980246], [115.71594638369166, 40.33836237995087], [115.71606408854035, 40.33836368672386], [115.71606067326248, 40.33854382687469], [115.71617837843174, 40.338545133536215], [115.71617496343598, 40.338725273689455], [115.71641037442338, 40.33872788666983], [115.71640866722683, 40.338817956752514], [115.71687948991982, 40.33882318129294], [115.71687778334135, 40.33891325139069], [115.71699548919031, 40.33891455723058], [115.71699207632318, 40.33909469742996], [115.7171097824927, 40.339096003158375], [115.71710807620404, 40.33918607325998], [115.71722578253771, 40.33918737887279], [115.71722237025021, 40.33936751907989], [115.71734007690448, 40.33936882458123], [115.71733325286289, 40.33972910499436], [115.71745096015067, 40.33973041039248], [115.71744584250804, 40.34000062069932], [115.71756355027289, 40.34000192599008], [115.71756013878559, 40.340182066195574], [115.71767784687103, 40.340183371374856], [115.71767102442989, 40.340543651784756], [115.71778873314888, 40.34054495686081], [115.71778702767581, 40.34063502696375], [115.71790473655895, 40.340636331924195], [115.71790132590269, 40.340816472133945], [115.71801903510641, 40.340817776982895], [115.71801732992321, 40.340907847089696], [115.7181350392911, 40.34090915182302], [115.71813333425665, 40.34099922193248], [115.71825104378871, 40.3410005265502], [115.71824763400967, 40.341180666772985], [115.71836534386236, 40.341181971279205], [115.71836022960555, 40.34145218161478], [115.71824251928349, 40.341450877096165], [115.71824081435936, 40.34154094720095], [115.71812310388853, 40.34153964255846], [115.71811969370427, 40.34171978275538], [115.7180019829282, 40.34171847798487], [115.71800027766805, 40.341808548077005], [115.71788256674319, 40.34180724318262], [115.7178808613189, 40.34189731326916], [115.71776315024526, 40.341896008250885], [115.71776144465682, 40.341986078331814], [115.7176437334344, 40.34198477318967], [115.71764202768179, 40.342074843265], [115.71752431631057, 40.342073537998964], [115.71752261039379, 40.34216360806871], [115.71740489887382, 40.34216230267877], [115.71740319279287, 40.34225237274293], [115.71716776946306, 40.34224976159555], [115.71716606306146, 40.34233983164995], [115.71704835125163, 40.3423385258925], [115.71704664468587, 40.342428595941314], [115.71681122077636, 40.34242598405886], [115.71680951388994, 40.34251605409794], [115.71669180179025, 40.34251474797295], [115.71669009473969, 40.34260481800642], [115.71657238249122, 40.342603511757545], [115.71657067527644, 40.34269358178541], [115.71645296287922, 40.34269227541265], [115.71645125550029, 40.34278234543492], [115.71633354295427, 40.34278103893826], [115.71633183541115, 40.342871108954924], [115.71621412271635, 40.34286980233437], [115.71621241500907, 40.34295987234543], [115.71609470216552, 40.34295856560099], [115.716092994294, 40.34304863560646], [115.71597528130168, 40.34304732873812], [115.71597357326604, 40.34313739873797], [115.7158558601249, 40.343136091745734], [115.7158524437175, 40.34331623173278], [115.71597015717155, 40.34331753873328], [115.71597186522266, 40.34322746873636], [115.71632500516164, 40.34323138900693], [115.71632671273557, 40.343141318996125], [115.71667985227444, 40.34314523817646], [115.71667302381027, 40.34350551826048], [115.71679073763121, 40.34350682443094], [115.71678903065241, 40.343596894452425], [115.71690674463753, 40.343598200507266], [115.7169050378075, 40.343688270531395], [115.71714046611385, 40.34369088229007], [115.71713875958909, 40.343780952321], [115.71772733127202, 40.3437874796425], [115.71772903701437, 40.34369740959091], [115.71890617939239, 40.34371045521054], [115.7189078835622, 40.34362038511617], [115.7190255976858, 40.343621689015315], [115.71902730169144, 40.34353161891536], [115.71926272964875, 40.34353422634612], [115.71926443333372, 40.343444156236465], [115.72079471377101, 40.343461092806145], [115.720796415414, 40.34337102264139], [115.72126727056829, 40.34337622980527], [115.7212689715777, 40.343286159622586], [115.72162211255454, 40.34329006372565], [115.72162381308682, 40.34319999352914], [115.72197695366324, 40.343203896542015], [115.72197865371842, 40.34311382633167], [115.72244950730175, 40.34311902865575], [115.72245120672333, 40.34302895842747], [115.7232751996939, 40.34303805785507], [115.72327689801247, 40.342947987596524], [115.72433631668927, 40.34295967820093], [115.72433461977906, 40.34304974849647], [115.72445233316013, 40.34305104685783], [115.72445402991389, 40.342960976558174], [115.72457174314613, 40.34296227479567], [115.72457004654885, 40.34305234509943], [115.72468775994524, 40.34305364322127], [115.72468945638603, 40.342963572913405], [115.72492488288879, 40.34296616878959], [115.72492657900895, 40.34287609847204], [115.72516200522938, 40.34287869386098], [115.72516370102895, 40.34278862353374], [115.72528141399413, 40.342789921044464], [115.72528310962957, 40.34269985071166], [115.72540082244593, 40.34270114809852], [115.72540251791723, 40.34261107776014], [115.72552023058476, 40.342612375023144], [115.7255236211915, 40.342432234333764], [115.72564133355372, 40.34243353146879], [115.72564302868913, 40.34234346111779], [115.72576074090253, 40.34234475812897], [115.72576413083746, 40.34216461741437], [115.72588184274557, 40.342165914297574], [115.7258835375451, 40.34207584393398], [115.72600124930436, 40.34207714069331], [115.72600294393978, 40.341987070324144], [115.72612065555019, 40.34198836695962], [115.72612235002148, 40.34189829658488], [115.7262400614831, 40.3418995930965], [115.72624175579027, 40.34180952271619], [115.72635946710304, 40.34181081910394], [115.7263611612461, 40.341720748718075], [115.72647887241006, 40.34172204498197], [115.726480566389, 40.34163197459052], [115.72671598842688, 40.34163456675086], [115.72671768208524, 40.34154449634975], [115.72683539295916, 40.341545792246194], [115.72683708645341, 40.3414557218395], [115.72695479717852, 40.341457017612086], [115.72695649050868, 40.34136694719982], [115.72719191166884, 40.34136953837754], [115.72719360467843, 40.34127946795561], [115.7274290255562, 40.3412820586461], [115.72743071824522, 40.341191988214526], [115.72766613884059, 40.34119457841781], [115.72766783120902, 40.34110450797656], [115.7277855413617, 40.341105802894475], [115.72778723356605, 40.34101573244766], [115.7279049435699, 40.34101702724173], [115.72790663561013, 40.340926956789346], [115.72802434546513, 40.340928251459566], [115.72802603734127, 40.340838181001615], [115.72814374704745, 40.34083947554799], [115.7281454387595, 40.34074940508448], [115.72826314831683, 40.340750699507], [115.72826483986478, 40.34066062903792], [115.72838254927329, 40.340661923336604], [115.72838424065715, 40.34057185286198], [115.72861965918415, 40.34057444109189], [115.72862135024744, 40.34048437060758], [115.72873905936589, 40.340485664538825], [115.72874244115668, 40.340305523557646], [115.72886014996988, 40.34030681736095], [115.72886522212947, 40.3400366058659], [115.72874751378569, 40.34003531207489], [115.72875596801478, 40.3395849595743], [115.7288736755763, 40.33958625334484], [115.72887705690164, 40.339406112326145], [115.72899476415787, 40.33940740596875], [115.72899814513978, 40.339227264936014], [115.72911585209077, 40.339228558450685], [115.72911923272929, 40.33904841740388], [115.72900152609122, 40.33904712389741], [115.72900828790259, 40.33868684180262], [115.72877287590094, 40.338684254463196], [115.72877456664763, 40.33859418394402], [115.72865686081471, 40.33859289009879], [115.72866024259805, 40.33841274906424], [115.72901335918105, 40.33841663021614], [115.72901166876252, 40.33850670074643], [115.72936478588346, 40.338510580832946], [115.72936309592666, 40.33860065137405], [115.72995162539624, 40.33860711581056], [115.72995331457082, 40.33851704524898], [115.73030643187467, 40.33852092246172], [115.73030474316943, 40.33861099303556], [115.73042244910907, 40.338612285204405], [115.73042076055266, 40.33870235578088], [115.73053846665637, 40.33870364783409], [115.73053508983361, 40.33888378899081], [115.73065279625783, 40.33888508093246], [115.73064941971752, 40.339065222091484], [115.73076712646224, 40.33906651392155], [115.7307654383371, 40.339156584502966], [115.73088314524591, 40.339157876217385], [115.73087976928572, 40.33933801738398], [115.73099747651503, 40.33933930898683], [115.73099578867995, 40.33942937957201], [115.73111349607333, 40.33943067105921], [115.73110843299182, 40.339700882818256], [115.73122614086218, 40.33970217419796], [115.7312126402282, 40.34042273885693], [115.73109493110614, 40.34042144744453], [115.7310898677734, 40.3406916591552], [115.7309721581896, 40.34069036761076], [115.73096878228344, 40.340870508735705], [115.73085107239429, 40.34086921706335], [115.73084769614476, 40.34104935817425], [115.7307299859503, 40.34104806637397], [115.73072660935738, 40.341228207470834], [115.73060889885761, 40.34122691554263], [115.73060552192126, 40.341407056625435], [115.73048781111616, 40.34140576456929], [115.7304861224801, 40.341495835104425], [115.73036841152617, 40.34149454292443], [115.73036503391825, 40.34167468398209], [115.73024732265898, 40.34167339167418], [115.73024563368713, 40.341763462196724], [115.730127922279, 40.34176216976496], [115.73012623314304, 40.341852240281945], [115.73000852158607, 40.34185094772633], [115.73000683228602, 40.34194101823776], [115.72988912058022, 40.341939725558305], [115.72988743111605, 40.34202979606418], [115.72976971926138, 40.34202850326087], [115.72976802963315, 40.34211857376119], [115.72965031762962, 40.34211728083403], [115.72964862783728, 40.342207351328774], [115.7295309156849, 40.34220605827778], [115.72952922572847, 40.34229612876698], [115.72941151342724, 40.342294835592114], [115.72940982330671, 40.34238490607577], [115.72929211085663, 40.34238361277706], [115.72929042057199, 40.342473683255136], [115.72905499538174, 40.34247109629027], [115.72905161416368, 40.34265123722566], [115.72893390126701, 40.342649943555394], [115.72893221049007, 40.34274001401679], [115.7288144974446, 40.34273872022268], [115.72881280650354, 40.34282879067852], [115.72869509330918, 40.34282749676055], [115.72869340220402, 40.342917567210826], [115.72857568886081, 40.34291627316901], [115.72857399759154, 40.343006343613716], [115.7284562840995, 40.34300504944804], [115.72845459266611, 40.343095119887195], [115.72821916539193, 40.34309253118837], [115.72821747363795, 40.34318260161786], [115.72809975985582, 40.34318130708471], [115.72809806793774, 40.34327137750865], [115.72798035400676, 40.34327008285164], [115.72797866192454, 40.343360153270005], [115.72774323377251, 40.343357563588505], [115.72773138679253, 40.34398805641863], [115.72784910196013, 40.34398935134796], [115.72784402503797, 40.34425956255119], [115.72796174068267, 40.344260857373044], [115.7279549719722, 40.3446211389732], [115.72807268825052, 40.34462243369168], [115.72806930416247, 40.34480257449116], [115.7281870207614, 40.34480386909807], [115.72818532886244, 40.344893939499705], [115.7283030456255, 40.34489523399095], [115.72830135387538, 40.34498530439523], [115.72841907080259, 40.344986598770795], [115.72842245398216, 40.34480645795258], [115.72865788723347, 40.34480904632804], [115.72865957849885, 40.34471897590854], [115.72889501146767, 40.344721563796725], [115.72889670241241, 40.34463149336758], [115.72901441875175, 40.34463278712792], [115.72901610953238, 40.344542716693205], [115.72948697434008, 40.344547890520566], [115.72947176267382, 40.345358524527576], [115.72935404505199, 40.34535723121355], [115.72934728348719, 40.34571751293997], [115.72958271999049, 40.34572009948101], [115.72958441008012, 40.345630029043406], [115.72981984630094, 40.34563261509717], [115.72982153606995, 40.34554254464993], [115.730763280006, 40.345552884041446], [115.73076159148904, 40.34564295452141], [115.73111474606024, 40.34564682982928], [115.73111305800515, 40.34573690032005], [115.73146621311444, 40.34574077456223], [115.73146452552123, 40.3458308450638], [115.73228855547147, 40.345839880798835], [115.73229024196914, 40.34574981026867], [115.73252567885325, 40.34575239082113], [115.7325273650303, 40.34566232028132], [115.73276280163182, 40.34566490034654], [115.73276448748827, 40.34557482979711], [115.7329999238072, 40.34557740937507], [115.73300329487125, 40.34539726825548], [115.73276785917832, 40.34539468869385], [115.73276954501195, 40.34530461814002], [115.73229867434334, 40.34529945759585], [115.73230036079536, 40.3452093870569], [115.73182949087447, 40.34520422461276], [115.7318311779449, 40.34511415408866], [115.73147802605365, 40.34511028101023], [115.73148140111063, 40.34493013998219], [115.73136368414177, 40.34492884872468], [115.73136199646056, 40.34501891923534], [115.73124427934283, 40.345017627853984], [115.73124596718051, 40.344927557347404], [115.73112825022686, 40.344926265850354], [115.73113162619238, 40.34474612484098], [115.73066075970596, 40.34474095768784], [115.73066244830328, 40.3446508871973], [115.72995614974113, 40.34464313289911], [115.72995783926979, 40.34455306243165], [115.73007555552127, 40.344554355110006], [115.73007724488582, 40.344464284636985], [115.73019496098841, 40.34446557719149], [115.73020002856688, 40.344195365751375], [115.73043545985601, 40.344197950476534], [115.7304337709838, 40.344288020966225], [115.73031605517895, 40.34428672865943], [115.73031436614261, 40.34437679914357], [115.73043208210396, 40.34437809145444], [115.73043039321651, 40.344468161941194], [115.73054810934195, 40.34446945413639], [115.73055317551199, 40.344199242659464], [115.73078860684682, 40.34420182666603], [115.73078523003372, 40.344381967668475], [115.73090294602554, 40.34438325950028], [115.73090463427941, 40.34429318899572], [115.73114006597291, 40.34429577229187], [115.73113837803203, 40.34438584280461], [115.7318446742342, 40.34439358984323], [115.7318429872247, 40.34448366037903], [115.73196070344152, 40.344484951137034], [115.73195901658086, 40.344575021675475], [115.7320767329618, 40.344576312317805], [115.73207504625003, 40.34466638285884], [115.73219276279507, 40.34466767338549], [115.73219107623221, 40.34475774392916], [115.73254422638246, 40.344761614802735], [115.73254591247584, 40.34467154424681], [115.7326636290513, 40.344672834294386], [115.7326619431144, 40.34476290485439], [115.73277965985397, 40.344764194786286], [115.73277797406598, 40.3448542653489], [115.73336655866034, 40.344860713232244], [115.73336824366586, 40.34477064264922], [115.7337213940442, 40.34477450992977], [115.73372307857262, 40.34468443933303], [115.73384079522411, 40.34468572818294], [115.73383911085219, 40.34477579878375], [115.7345454118596, 40.344783529392515], [115.73454709529254, 40.34469345876721], [115.73478252870943, 40.34469603467051], [115.7347842118218, 40.34460596403562], [115.7351373615346, 40.34460982698006], [115.73514072679758, 40.344429685681405], [115.7352584430707, 40.34443097308187], [115.7352567605995, 40.344521043736], [115.73537447703671, 40.34452233102078], [115.73537784165852, 40.3443421897029], [115.73549555779034, 40.34434347685976], [115.73549387563972, 40.34443354752351], [115.73584702455015, 40.344437408287696], [115.73585038790486, 40.3442572669343], [115.73608581992376, 40.344259840161975], [115.73608918262211, 40.344079698786416], [115.73620689832997, 40.34408098521247], [115.73620857951128, 40.34399091451842], [115.73609086395993, 40.343989628096445], [115.73609254529016, 40.34389955740501], [115.73632797608748, 40.343902130121045], [115.73632965709714, 40.343812059419996], [115.73691823344066, 40.34381848909386], [115.73690479141078, 40.344539054824025], [115.73702250795418, 40.34454034043207], [115.7370174675374, 40.344810552568916], [115.73713518455787, 40.344811838069376], [115.73713350456028, 40.3449019087828], [115.73760437334388, 40.34490704960328], [115.73760605271548, 40.344816978873595], [115.73819463808292, 40.34482340218406], [115.73819631666447, 40.344733331432565], [115.73843175055144, 40.34473589991023], [115.73843342881243, 40.34464582914916], [115.73855114561077, 40.34464711320428], [115.73855282370766, 40.34455704243766], [115.73867054035709, 40.344558326368954], [115.73867389621516, 40.344378184823206], [115.73879161255918, 40.344379468626606], [115.73879329032039, 40.34428939784747], [115.73891100651545, 40.344290681527035], [115.73891268411258, 40.34420061074236], [115.73903040015875, 40.3442018942981], [115.73903207759182, 40.34411182350791], [115.73914979348905, 40.34411310693982], [115.73915147075805, 40.3440230361441], [115.73926918650636, 40.344024319452174], [115.73927086361132, 40.34393424865094], [115.73891771685857, 40.34393039837959], [115.73891939442545, 40.34384032758907], [115.73880167901282, 40.34383904392981], [115.73880335672862, 40.343748973141885], [115.73892107198473, 40.343750256797065], [115.73892610461722, 40.34348004441232], [115.73880838983055, 40.34347876076932], [115.73881006751608, 40.34338868997554], [115.73822149447874, 40.34338226998444], [115.73822317293912, 40.34329219920949], [115.73810545851084, 40.343290914856055], [115.73810713712015, 40.34320084408372], [115.7378717085993, 40.34319827502568], [115.7378750664211, 40.34301813349289], [115.737757352485, 40.34301684879235], [115.73777078472119, 40.342296282635125], [115.73788849740544, 40.34229756730312], [115.73789689152451, 40.34184721338691], [115.73777917962263, 40.34184592873924], [115.73778085858022, 40.34175585795566], [115.73766314684242, 40.3417545731923], [115.73766482594888, 40.34166450241135], [115.7375471143751, 40.34166321753229], [115.73754879363048, 40.34157314675392], [115.73731337081861, 40.341570576644706], [115.7373184094781, 40.34130036432521], [115.73743612041083, 40.34130164942749], [115.73743779979237, 40.341211578647325], [115.73790864297317, 40.34121671784268], [115.73791032172126, 40.34112664704479], [115.73861658578078, 40.341134352220806], [115.73861826358247, 40.341044281397075], [115.73885368468326, 40.34104684882292], [115.73885536216444, 40.34095677798959], [115.73897307256973, 40.340958061518826], [115.73897474988689, 40.340867990679946], [115.73909246014327, 40.340869274085364], [115.73909749157995, 40.3405990615478], [115.7392152013745, 40.340600344821276], [115.73921855531486, 40.340420203114114], [115.73910084583326, 40.34041891984875], [115.73910252294857, 40.340328848997025], [115.73922023227372, 40.34033013225832], [115.73923197077377, 40.339699636226854], [115.73934967901127, 40.339700919339975], [115.73935135575314, 40.339610848468396], [115.73946906384174, 40.33961213145771], [115.73947074041959, 40.33952206058063], [115.73982386426135, 40.339525908817876], [115.73982218815287, 40.339615979707155], [115.7400576043981, 40.33961854460806], [115.74005592859498, 40.33970861550398], [115.740526761802, 40.33971374388504], [115.74052843697929, 40.33962367297288], [115.74088156149452, 40.33962751798916], [115.74088323619486, 40.33953744706336], [115.74100094422525, 40.3395387284919], [115.74100261876158, 40.33944865756059], [115.74123803453213, 40.33945122005032], [115.74123636030868, 40.33954129098974], [115.74135406836173, 40.339542572059045], [115.74134569791362, 40.33999292675446], [115.74122798907828, 40.33999164566488], [115.74122464053323, 40.340171787524696], [115.74110693139251, 40.34017050630726], [115.74109688463736, 40.34071093182719], [115.74097917456541, 40.34070965046566], [115.7409774999233, 40.34079972137646], [115.74085978970243, 40.34079843989114], [115.74085811489633, 40.34088851079642], [115.74074040452653, 40.340887229187274], [115.74073705457872, 40.341067370985336], [115.74061934390353, 40.34106608924834], [115.74061599361255, 40.34124623103242], [115.74049828263202, 40.34124494916755], [115.74049325666941, 40.341515161820524], [115.740375545227, 40.341513879823715], [115.74036549215894, 40.342054305065766], [115.7404832045402, 40.34205558708691], [115.74046477493002, 40.343046366605016], [115.74058248904012, 40.343047648551035], [115.74057746309354, 40.343317861128284], [115.74069517768068, 40.34331914296672], [115.7406918273248, 40.343499284685684], [115.74080954223245, 40.34350056641245], [115.74080619215935, 40.34368070813368], [115.74092390738753, 40.343681989748816], [115.74091888269068, 40.34395220233182], [115.7410365983959, 40.34395348383936], [115.74102822453247, 40.344403838135364], [115.74114594102771, 40.34440511954342], [115.74113254370542, 40.34512568637329], [115.74125026146021, 40.345126967694014], [115.74124356324374, 40.34548725109002], [115.7413612816321, 40.3454885323072], [115.7413596072156, 40.3455786031566], [115.741477325768, 40.345579884258065], [115.74147565150045, 40.34566995511005], [115.74206424515829, 40.34567635884105], [115.74206591864329, 40.34558628796879], [115.74230135584625, 40.34558884861468], [115.7423030290107, 40.34549877773286], [115.74253846593086, 40.34550133789154], [115.74254013877477, 40.34541126700015], [115.74277557541207, 40.34541382667166], [115.74277724793542, 40.34532375577071], [115.74289496610889, 40.34532503542275], [115.74289663846818, 40.34523496451626], [115.74301435649271, 40.34523624404449], [115.74301770087568, 40.34505610221905], [115.74313541859472, 40.345057381619405], [115.74313709061839, 40.344967310700426], [115.74502057264452, 40.34498776475252], [115.74501890312489, 40.34507783573624], [115.745372056689, 40.34508166746968], [115.74537038763134, 40.34517173846404], [115.74548810565761, 40.34517301547303], [115.74548977455878, 40.34508294447461], [115.74560749243605, 40.34508422135978], [115.7456091611732, 40.34499415035586], [115.74572687890152, 40.34499542711722], [115.74572521032088, 40.34508549812518], [115.74584292821322, 40.345086774770806], [115.7458412597816, 40.345176845781346], [115.74595897783797, 40.34517812231124], [115.74596064611312, 40.34508805129667], [115.74607836402053, 40.345089327702745], [115.74608003213164, 40.34499925668266], [115.74619774989007, 40.34500053296493], [115.74619941783716, 40.34491046193935], [115.74655257068808, 40.344914290055435], [115.74655423815817, 40.34482421901627], [115.74678967311672, 40.34482677048673], [115.74679300740829, 40.34464662838785], [115.74691072458585, 40.344647903935346], [115.74691405853439, 40.344467761822536], [115.74703177540646, 40.344469037242206], [115.74703344221292, 40.344378966179555], [115.74691572549733, 40.34437769076394], [115.74691739245279, 40.34428761970386], [115.74727054215262, 40.34429144557931], [115.74727220863106, 40.34420137450567], [115.74750764148887, 40.34420392448239], [115.7475059753234, 40.34429399556411], [115.74785912513597, 40.34429781964303], [115.7478574594325, 40.3443878907354], [115.74809289299142, 40.34439043953058], [115.74809122759343, 40.34448051062953], [115.74820894454066, 40.34448178485151], [115.74820561403511, 40.34466192705309], [115.74832333130287, 40.34466320116336], [115.74832000108029, 40.344843343367145], [115.74843771866854, 40.344844617365716], [115.74843438872891, 40.345024759571714], [115.74855210663769, 40.34502603345857], [115.74854711214141, 40.34529624676869], [115.74866483052722, 40.34529752054787], [115.7486615011385, 40.34547766275536], [115.7487792198448, 40.345478936422836], [115.74877589073907, 40.34565907863254], [115.74901132880024, 40.34566162562428], [115.74900966454912, 40.34575169673499], [115.74912738374746, 40.34575297005524], [115.74912571964536, 40.34584304116852], [115.7493611583776, 40.34584558745775], [115.74935450314617, 40.34620587192847], [115.74947222314957, 40.346207144909535], [115.74947055947946, 40.346297216027594], [115.74958827964691, 40.346298488892906], [115.74958495259717, 40.346478631132676], [115.74982039358063, 40.3464811765201], [115.74981873035756, 40.346571247645834], [115.75005417168404, 40.3465737925622], [115.75005583459411, 40.346483721428406], [115.75017355511208, 40.3464849937029], [115.75017189235855, 40.34657506484073], [115.75028961304054, 40.34657633699947], [115.75029460080911, 40.34630612356953], [115.75041232102909, 40.34630739559642], [115.75041065860356, 40.346397466745216], [115.75064609937898, 40.34640001044771], [115.750644437259, 40.34649008160311], [115.75076215781448, 40.346491353278715], [115.75076049584352, 40.34658142443666], [115.75099593728999, 40.34658396743659], [115.75099427562456, 40.34667403860112], [115.75111199651556, 40.346675309925445], [115.75111033499914, 40.34676538109254], [115.75134577711665, 40.34676792338989], [115.75134411590577, 40.34685799456358], [115.75205044337726, 40.34686561860508], [115.75204878309799, 40.346955689801426], [115.7519310616775, 40.34695441942327], [115.75192940123422, 40.34704449061413], [115.75169395810269, 40.34704194949043], [115.75169063656757, 40.34722209185169], [115.75180835844266, 40.34722336248147], [115.75179507325478, 40.34794393190008], [115.75191279638955, 40.347945202442276], [115.75191113586388, 40.34803527361703], [115.75202885916264, 40.34803654404344], [115.75202719878601, 40.34812661522074], [115.75214492224877, 40.3481278855314], [115.75214658246888, 40.34803781435006], [115.75249975243258, 40.34804162455123], [115.7525014121756, 40.347951553356374], [115.75261913535527, 40.34795282317983], [115.75262245450583, 40.34777268077767], [115.75274017737993, 40.34777395047333], [115.75274515558006, 40.34750373684705], [115.75262743317552, 40.34750246716346], [115.75263407129695, 40.34714218232402], [115.75251634952599, 40.34714091253672], [115.75251800919415, 40.34705084132721], [115.75240028758721, 40.34704957142416], [115.7524019474044, 40.34695950021722], [115.75310827621934, 40.346967117814735], [115.75310661734126, 40.3470571890458], [115.75345978231933, 40.347060996239584], [115.75345812390333, 40.34715106748124], [115.75357584573416, 40.34715233631028], [115.75357750399364, 40.347062265064615], [115.75404839076572, 40.347067339166955], [115.75405004839165, 40.34697726790378], [115.75416776994683, 40.346978536125896], [115.75416942740877, 40.34688846485723], [115.75452259164965, 40.34689226879287], [115.75452424863454, 40.346802197510705], [115.75487741247316, 40.346806000356295], [115.75488072548143, 40.3466258577635], [115.75499844646288, 40.34662712513111], [115.7550001027993, 40.3465370538285], [115.75523554447156, 40.34653958819637], [115.75523720048749, 40.346449516884284], [115.75559036258238, 40.346453317525715], [115.75559367365271, 40.34627317487308], [115.75582911446058, 40.346275708019114], [115.755832424875, 40.3460955653446], [115.7559501449771, 40.34609683172992], [115.75595180001656, 40.346006760386466], [115.75606951996966, 40.34600802664801], [115.7560728297132, 40.34582788394867], [115.75619054936072, 40.34582915008243], [115.75619220406477, 40.34573907872657], [115.75630992356325, 40.34574034473655], [115.75631323263597, 40.3455602020124], [115.75643095182888, 40.34556146789458], [115.75643426055875, 40.34538132515656], [115.75655197944609, 40.34538259091096], [115.7565552878331, 40.34520244815909], [115.7566730064149, 40.34520371378571], [115.75667466044071, 40.34511364240357], [115.75679237887346, 40.3451149079064], [115.75679568658967, 40.344934765129715], [115.75691340471688, 40.34493603050477], [115.75691505840729, 40.34484595911023], [115.75703277638547, 40.34484722436151], [115.75704435091397, 40.34421672453072], [115.75692663403129, 40.34421545930747], [115.75692828766202, 40.34412538790123], [115.75681057094334, 40.34412412256223], [115.75681222472309, 40.34403405115852], [115.75669450816835, 40.34403278570376], [115.75669616209716, 40.34394271430259], [115.75657844570638, 40.34394144873206], [115.75657679162106, 40.34403152012923], [115.75645907508124, 40.34403025443492], [115.75646238355736, 40.34385011164716], [115.75658009978422, 40.34385137733344], [115.75658175385458, 40.34376130593336], [115.75646403778424, 40.34376004025108], [115.75646569200366, 40.34366996885355], [115.75658340791752, 40.34367123453182], [115.75658506197297, 40.34358116312881], [115.75670277773779, 40.34358242868331], [115.75670443162927, 40.34349235727483], [115.75658671602096, 40.34349109172433], [115.75658837006151, 40.34340102031839], [115.75670608551334, 40.34340228586488], [115.75670773938991, 40.34331221445348], [115.75682545469273, 40.34331347987621], [115.75682380097263, 40.343403551291615], [115.75694151643938, 40.34340481659858], [115.75693820928979, 40.34358495943303], [115.75717364087166, 40.34358748970367], [115.75717198759865, 40.34367756112671], [115.75728970355726, 40.34367882608639], [115.7572880504333, 40.34376889751197], [115.75740576655586, 40.34377016235588], [115.75740411358096, 40.343860233783985], [115.75752182986744, 40.34386149851215], [115.75752017704157, 40.3439515699428], [115.75775560994997, 40.34395409904781], [115.75775726246285, 40.34386402760915], [115.75799269508803, 40.34386655622708], [115.75799104288815, 40.343956627673734], [115.75857962536405, 40.34396294714264], [115.75858127678147, 40.34387287567597], [115.75869899314249, 40.34387413920645], [115.75870064439597, 40.34378406773432], [115.75881836060796, 40.34378533114103], [115.75882166277955, 40.343605188184384], [115.75835079922827, 40.34360013387094], [115.75835245092887, 40.343510062406416], [115.758470166649, 40.34351132616043], [115.7584718181857, 40.34342125469044], [115.75858953375679, 40.34342251832068], [115.75859118512953, 40.34333244684524], [115.7587089005516, 40.34333371035173], [115.75871055176037, 40.34324363887082], [115.7588282670334, 40.34324490225354], [115.75883322014558, 40.34297468779002], [115.75895093495659, 40.342975951040984], [115.7589525858226, 40.34288587954622], [115.75907030048457, 40.342887142673426], [115.75907195118663, 40.342797071173194], [115.759542809283, 40.34280212246834], [115.75954445935169, 40.34271205095067], [115.75966217373791, 40.34271331347105], [115.75966382364264, 40.342623241947926], [115.75978153787983, 40.34262450434454], [115.75978318762064, 40.342534432815945], [115.76001861580434, 40.342536957241926], [115.76002026522475, 40.342446885703886], [115.76096197700521, 40.34245697858533], [115.76096032883669, 40.34254705015532], [115.7613134713465, 40.34255083302176], [115.76131511904558, 40.3424607614398], [115.7614328330739, 40.342462022151764], [115.76143448060905, 40.34237195056435], [115.76155219448833, 40.34237321115257], [115.76155548922334, 40.342193067965354], [115.76132006209819, 40.342190546685124], [115.76132170976753, 40.34210047509731], [115.76155713657974, 40.34210299636956], [115.76155878392866, 40.34201292477229], [115.76179421045762, 40.34201544555753], [115.76179585748619, 40.34192537395082], [115.76191357060533, 40.341926634159805], [115.76191521746996, 40.34183656254766], [115.76203293044004, 40.3418378226329], [115.76203457714078, 40.341747751015276], [115.76227000279029, 40.3417502708185], [115.76227164917064, 40.34166019919145], [115.7625070745369, 40.34166271850767], [115.76250872059684, 40.341572646871185], [115.76262643313463, 40.341573906345666], [115.7626313708005, 40.34130369141548], [115.7627490828763, 40.34130495075825], [115.76275237430349, 40.34112480745617], [115.76287008607372, 40.341126066671194], [115.76287173161971, 40.34103599501398], [115.76298944324091, 40.341037254105274], [115.762991088623, 40.34094718244261], [115.76310880009514, 40.340948441410156], [115.76311044531333, 40.340858369742044], [115.76322815663643, 40.34085962858585], [115.76322651157473, 40.340949700257944], [115.76334422306171, 40.340950958985985], [115.76333764336654, 40.34131124567568], [115.76380849189226, 40.341316279454006], [115.7638101362013, 40.341226207767846], [115.76392784819481, 40.341227465909036], [115.76392949233993, 40.34113739421743], [115.76404720418438, 40.34113865223489], [115.76404884816559, 40.341048580537844], [115.764166559861, 40.34104983843158], [115.76416820367834, 40.34095976672907], [115.76428591522466, 40.340961024499066], [115.76428920252415, 40.340780881081706], [115.76440691376496, 40.34078213872397], [115.76440527027539, 40.34087221043737], [115.76452298168006, 40.34087346796386], [115.76452133833956, 40.34096353967976], [115.7648744730675, 40.34096731155265], [115.76487283018899, 40.34105738327903], [115.76510825369095, 40.34105989727014], [115.76510661111803, 40.34114996900301], [115.76534203496257, 40.341152482523036], [115.76534039269517, 40.341242554262415], [115.76545810478503, 40.34124381084676], [115.76545646266669, 40.34133388258866], [115.76557417492043, 40.34133513905723], [115.76557253295117, 40.34142521080162], [115.76580795779383, 40.341427723387454], [115.76580467445899, 40.34160786688778], [115.7660400999572, 40.34161037901047], [115.76603845859162, 40.341700450766375], [115.76615617150833, 40.34170170665208], [115.76615453029183, 40.341791778410496], [115.7662722433724, 40.34179303418041], [115.7662640379613, 40.34224339297048], [115.7661463240983, 40.342242137180705], [115.76614468283738, 40.34233220893036], [115.76626239685687, 40.34233346472411], [115.76626075574502, 40.34242353647628], [115.76637846992838, 40.34242479215424], [115.76637682896565, 40.34251486390892], [115.76649454331289, 40.34251611947109], [115.76649126167817, 40.34269626298401], [115.76660897634581, 40.34269751843437], [115.76660733567383, 40.342787590192614], [115.7664896208497, 40.34278633473828], [115.76648633917056, 40.34296647824242], [115.76636862404088, 40.34296522266037], [115.7663669830337, 40.34305529440626], [115.76624926775492, 40.34305403870048], [115.76624598540539, 40.34323418217994], [115.76612826982104, 40.34323292634644], [115.76612170440717, 40.34359321327193], [115.76623942061754, 40.34359446912133], [115.76623613817918, 40.34377461258325], [115.7663538547099, 40.343775868320826], [115.76635221363611, 40.343865940053576], [115.7665876470328, 40.343868451177386], [115.7665860062646, 40.34395852291661], [115.76670372313055, 40.34395977830283], [115.76670208251144, 40.34404985004457], [115.76681979954128, 40.344051105315], [115.76681815907128, 40.34414117705926], [115.76670044188495, 40.34413992178485], [115.76669880125105, 40.34422999352366], [115.76646336658759, 40.3442274826076], [115.76646172563328, 40.344317554336996], [115.76634400815614, 40.34431629869534], [115.76634236703794, 40.3444063704193], [115.76622464941171, 40.344405114653895], [115.7662230081296, 40.34449518637243], [115.76563441932699, 40.34448890572893], [115.76563277725498, 40.34457897742612], [115.76539734147276, 40.34457646432237], [115.76539569908033, 40.34466653601014], [115.7650425449931, 40.344662765444305], [115.76504090212373, 40.34475283711867], [115.76492318395296, 40.34475158001987], [115.7649215409197, 40.344841651688796], [115.76468610428739, 40.344839137123905], [115.76468281757259, 40.345019280441456], [115.76456509895455, 40.3450180229714], [115.76456181189705, 40.34519816627514], [115.76444409297343, 40.34519690867734], [115.76443587441743, 40.3456472668912], [115.76431815471867, 40.345646009153725], [115.76431651082872, 40.34573608078812], [115.764434230684, 40.345737338529574], [115.76443094319488, 40.34591748180195], [115.7645486633706, 40.34591873943159], [115.76454537616485, 40.34609888270609], [115.76466309666101, 40.34610014022392], [115.76465816626632, 40.3463703551366], [115.76477588723944, 40.34637161254659], [115.7647726005856, 40.346551755822375], [115.76465487929946, 40.346550498404426], [115.7646565227866, 40.34646042677125], [115.76453880166436, 40.3464591692375], [115.76453551436963, 40.346639312494446], [115.76441779294179, 40.346638054832944], [115.76440792994052, 40.34717848454476], [115.7646433746819, 40.347180999795725], [115.76464173113543, 40.347271071417204], [115.76546578905939, 40.34727987105026], [115.7654641466012, 40.34736994269814], [115.76534642386189, 40.34736868596307], [115.76534478123976, 40.347458757605494], [115.7652270583513, 40.347457500746664], [115.76522541556524, 40.347547572383654], [115.76510769252768, 40.34754631540107], [115.76510112068321, 40.347906601918474], [115.76498339702697, 40.34790534480018], [115.76497682443777, 40.34826563127826], [115.76509454872014, 40.34826688841246], [115.76509290571086, 40.348356960032326], [115.76521063015718, 40.348358217050716], [115.76520734442943, 40.34853836029397], [115.76544279397041, 40.34854087398732], [115.76544115140848, 40.3486309456147], [115.76567660129218, 40.34863345883685], [115.76567331677225, 40.348813602103164], [115.76579104203827, 40.34881485854251], [115.76578939992372, 40.34890493017743], [115.7660248507911, 40.348907442704714], [115.76602320898222, 40.348997514346145], [115.76649411143198, 40.3490025379791], [115.76649575261472, 40.34891246632178], [115.76661347808911, 40.34891372192657], [115.76661183706292, 40.349003793587876], [115.76672956270129, 40.349005049076844], [115.76673120357094, 40.34891497741157], [115.76731983109103, 40.348921253039734], [115.76732147117059, 40.348831181353134], [115.76755692191736, 40.34883369075793], [115.76755528215088, 40.348923762452465], [115.76779073324028, 40.348926271386034], [115.76778909377946, 40.349016343087065], [115.76790681949181, 40.34901759737813], [115.76790518018014, 40.349107669081654], [115.76814063194008, 40.34911017731237], [115.7681389929341, 40.349200249022374], [115.76849217109907, 40.34920401048191], [115.76849053255532, 40.34929408220237], [115.76860825878163, 40.3492953357866], [115.76860989716884, 40.34920526406217], [115.76872762324604, 40.34920651752265], [115.76872434677726, 40.349386660977956], [115.76884207317492, 40.34938791432656], [115.76883879698968, 40.349568057783955], [115.76895652370779, 40.349569311020716], [115.76895488576062, 40.34965938275117], [115.76907261264269, 40.34966063587211], [115.76907097484468, 40.349750707605075], [115.76954188307293, 40.349755718906714], [115.76954352024475, 40.349665647157885], [115.76989670102384, 40.349669404364384], [115.76989506432164, 40.349759476125115], [115.77013051852438, 40.3497619803384], [115.77013706403653, 40.349401693255025], [115.77001933755764, 40.349400441224134], [115.77002261058249, 40.34922029768159], [115.76990488442407, 40.34921904553881], [115.76990815773247, 40.34903890199836], [115.76979043189452, 40.349037649743735], [115.7697920686942, 40.34894757797528], [115.76943889169422, 40.348943820504545], [115.76944052895611, 40.348853748746514], [115.76932280346077, 40.348852496020655], [115.76932444087183, 40.348762424265125], [115.76920671554039, 40.34876117142344], [115.7692083531006, 40.34867109967042], [115.76909062793311, 40.3486698467129], [115.76908899021637, 40.348759918461965], [115.7687358142886, 40.34875615885879], [115.76873745247494, 40.34866608712163], [115.76850200220645, 40.348663580128516], [115.76850364069846, 40.348573508397834], [115.76826819077259, 40.34857100093348], [115.76827146836061, 40.34839085748361], [115.76815374372183, 40.34838960357969], [115.76815538266129, 40.34829953185652], [115.76803765818643, 40.34829827783678], [115.76803929727502, 40.34820820611612], [115.76733295152042, 40.348200679505986], [115.7673362315538, 40.34802053610793], [115.7672185076003, 40.34801928126159], [115.76722178791717, 40.347839137865634], [115.76698634065852, 40.3478366278295], [115.76698798111887, 40.34774655613727], [115.76687025765719, 40.34774530094349], [115.7668718982667, 40.34765522925376], [115.76675417496892, 40.34765397394418], [115.76675745647879, 40.3474738305683], [115.76663973350148, 40.34747257514688], [115.76664137440181, 40.34738250346072], [115.76652365158844, 40.34738124792349], [115.76653021574192, 40.34702096118011], [115.766883382326, 40.34702472738477], [115.76688174176829, 40.34711479908472], [115.76723490888854, 40.347118564223265], [115.767233268793, 40.34720863593368], [115.76746871388988, 40.347211145435075], [115.76746707410001, 40.347301217151966], [115.7679379650086, 40.347306234733246], [115.76793632583743, 40.34739630646455], [115.7680540487396, 40.34739756056438], [115.76805568775423, 40.347307488829095], [115.76817341050727, 40.347308742805176], [115.76817177164915, 40.34739881454443], [115.76852494042217, 40.347402575765855], [115.76852330202622, 40.34749264751555], [115.76864102512188, 40.34749390102043], [115.76863938687508, 40.34758397277264], [115.76875711013464, 40.3475852261617], [115.76875219581947, 40.347855441421416], [115.76863447209034, 40.34785418802046], [115.7686311955302, 40.3480343315117], [115.76898436767902, 40.348038091379024], [115.76898109202853, 40.348218234888215], [115.76909881640597, 40.34821948794569], [115.76909717872617, 40.34830955970205], [115.76921490326752, 40.348310812643696], [115.7692132657369, 40.34840088440258], [115.76956643987488, 40.348404642520684], [115.76956480280643, 40.34849471428999], [115.76980025258179, 40.34849721911105], [115.76979861581904, 40.34858729088681], [115.77015179100701, 40.348591047231885], [115.77015015470649, 40.34868111901808], [115.77038560518177, 40.3486836226571], [115.77038396918692, 40.34877369444976], [115.7705016945922, 40.34877494609355], [115.7705098737099, 40.34832458709581], [115.7707453229772, 40.34832708998441], [115.77074041646792, 40.348597305411204], [115.77109359183301, 40.34860105888132], [115.77109032172915, 40.34878120251564], [115.77120804717869, 40.348782453440684], [115.77120641227224, 40.34887252525962], [115.77132413788567, 40.34887377606883], [115.77132250312837, 40.34896384789024], [115.7712047773584, 40.34896259707706], [115.7712031424372, 40.34905266889307], [115.77132086836369, 40.34905391971021], [115.77131923359167, 40.34914399152869], [115.7714369596821, 40.34914524223], [115.77143532505923, 40.349235314050986], [115.77155305131355, 40.349236564636456], [115.77155141683986, 40.349326636459956], [115.7716691432581, 40.34932788692959], [115.77166750893356, 40.349417958755566], [115.77178523551574, 40.34941920910937], [115.77178360134037, 40.349509280937845], [115.7720190548399, 40.34951178129398], [115.77201742097026, 40.34960185312891], [115.77213514788762, 40.34960310313125], [115.77213351416715, 40.34969317496867], [115.7726044225365, 40.349698173795886], [115.7726060556308, 40.34960810194265], [115.77343014446494, 40.34961684525054], [115.77342851246645, 40.349706917131456], [115.77354623962877, 40.34970816570023], [115.77354787147071, 40.34961809381535], [115.7741365066099, 40.34962433484249], [115.77413813766178, 40.34953426293639], [115.77449131836399, 40.34953800610331], [115.77449294893884, 40.349447934183914], [115.77484612923762, 40.34945167626082], [115.77484449913239, 40.34954174819206], [115.77496222606989, 40.349542995315396], [115.77496059611383, 40.34963306724914], [115.775196050324, 40.349635561144304], [115.77519767996696, 40.349545489202676], [115.7755508608677, 40.34954922913516], [115.77555249003368, 40.34945915718024], [115.77590567053095, 40.34946289602273], [115.77590404183458, 40.34955296798948], [115.77613949584924, 40.34955545996007], [115.77613786745864, 40.34964553193326], [115.7760201402911, 40.349644286003915], [115.7760185117366, 40.349734357971684], [115.77684260315948, 40.349743076988965], [115.77684423061817, 40.349653004993606], [115.77731513953803, 40.34965798463793], [115.7773167663632, 40.34956791262533], [115.77743449345498, 40.34956915723299], [115.77743286678634, 40.349659229249546], [115.77766832130499, 40.349661718113346], [115.77766669494213, 40.349751790136295], [115.77813760469363, 40.34975676644214], [115.77813923043031, 40.34966669440344], [115.7788455943383, 40.34967415524472], [115.7788439695409, 40.349764227307034], [115.77919715206349, 40.34976795612225], [115.77919552772839, 40.34985802819491], [115.77931325540712, 40.34985927089766], [115.77931163122125, 40.349949342972806], [115.77966481477105, 40.34995307037406], [115.77966319104752, 40.350043142459526], [115.77989864709711, 40.35004562680259], [115.77990027050755, 40.34995555470926], [115.7800179983868, 40.349956796697164], [115.7800163751329, 40.35004686879442], [115.780134103176, 40.350048110666464], [115.7801324800713, 40.35013818276619], [115.78025020827829, 40.35013942452236], [115.78024533938996, 40.350409640824566], [115.78036306807392, 40.350410882472744], [115.78035819958939, 40.35068109877358], [115.7804759287503, 40.350682340313746], [115.78047268337045, 40.35086248451487], [115.78059041285182, 40.35086372594308], [115.78058879030746, 40.35095379804538], [115.78070651995269, 40.35095503935771], [115.78070489755758, 40.35104511146249], [115.78094035718314, 40.35104759373562], [115.78093873509381, 40.35113766584679], [115.78105646507412, 40.351138906807584], [115.78105484313403, 40.351228978921206], [115.78152576375463, 40.351233941582095], [115.78152738506849, 40.35114386945276], [115.78188057514107, 40.35114759017873], [115.7818789542969, 40.35123766231984], [115.78199668449228, 40.35123890232615], [115.78199506379737, 40.35132897446972], [115.78211279415662, 40.35133021436016], [115.78211117361093, 40.3514202865062], [115.78199344309512, 40.351419046611845], [115.78199020166872, 40.351599190891676], [115.78210793249765, 40.351600430793894], [115.78210145018338, 40.351960719351744], [115.78198371872818, 40.351959479433845], [115.78198209797478, 40.35204955156572], [115.78186436637034, 40.35204831152407], [115.78186112452843, 40.352228455775624], [115.7820965883709, 40.35223093575479], [115.78209496775212, 40.352321007886204], [115.78221269984087, 40.35232224770001], [115.78221107937134, 40.352412319833896], [115.78232881162398, 40.352413559531804], [115.78232395064126, 40.352683775936484], [115.7824416833709, 40.352685015526355], [115.78244006318529, 40.35277508766224], [115.78255779607882, 40.35277632713625], [115.78255617604246, 40.35286639927459], [115.78267390909988, 40.3528676386327], [115.78267066931836, 40.35304778291286], [115.78278840269624, 40.353049022159], [115.78278678295109, 40.35313909430083], [115.78290451649285, 40.35314033343108], [115.78290289689699, 40.35323040557536], [115.7830206306026, 40.35323164458971], [115.78301901115599, 40.35332171673646], [115.7831367450255, 40.35332295563492], [115.78313350642354, 40.35350309993186], [115.7832512406135, 40.35350433871837], [115.7832463831255, 40.35377455516457], [115.7833641177925, 40.35377579384303], [115.7833624987718, 40.35386586599276], [115.78348023360267, 40.35386710455532], [115.78347861473127, 40.353957176707524], [115.78359634972603, 40.353958415154196], [115.78359473100389, 40.354048487308845], [115.7838302013285, 40.35405096385058], [115.78382858291221, 40.3541410360116], [115.78429952427538, 40.35414598767298], [115.78429790647813, 40.354236059848226], [115.78441564199375, 40.35423729746795], [115.78441402434576, 40.354327369645645], [115.78464949571207, 40.354329844533495], [115.78464787836997, 40.35441991671755], [115.78476561422065, 40.35442115398566], [115.78476399702784, 40.35451122617219], [115.7848817330424, 40.3545124633244], [115.78488011599889, 40.354602535513386], [115.78499785217733, 40.3546037725497], [115.78499623528309, 40.35469384474112], [115.78511397162539, 40.35469508166154], [115.78511073812825, 40.35487522604785], [115.78522847479103, 40.354876462856275], [115.78522685818811, 40.354966535051155], [115.78534459501478, 40.354967771743674], [115.7853413621002, 40.355147916136865], [115.78545909924733, 40.3551491527174], [115.78545586661677, 40.35532929711258], [115.7855736040844, 40.355330533581125], [115.78557037173785, 40.3555106779783], [115.78568810952596, 40.35551191433484], [115.78568649349833, 40.35560198653514], [115.78580423145031, 40.35560322277578], [115.785802615572, 40.35569329497854], [115.78603809181102, 40.35569576710818], [115.78603647623859, 40.3557858393173], [115.78627195281994, 40.35578831097546], [115.78627033755345, 40.355878383190955], [115.78650581447715, 40.35588085437766], [115.78650419951654, 40.35597092659952], [115.78662193814593, 40.35597216201704], [115.78661870851607, 40.35615230646417], [115.78673644746593, 40.356153541769686], [115.7867332181201, 40.3563336862188], [115.78685095739046, 40.356334921412326], [115.78684772832872, 40.356515065863405], [115.78696546791954, 40.35651630094492], [115.78696385353435, 40.35660637317218], [115.78708159328905, 40.35660760813778], [115.78707997905317, 40.35669768036748], [115.78719771897177, 40.35669891521717], [115.78719610488524, 40.35678898744931], [115.7873138449677, 40.35679022218307], [115.78731223103046, 40.35688029441768], [115.78742997127684, 40.35688152903554], [115.78742835748893, 40.356971601272576], [115.78778157874149, 40.35697530441889], [115.78777996541612, 40.35706537666619], [115.78825092781454, 40.35707031253265], [115.78824931510833, 40.35716038479411], [115.78883801905309, 40.3571665519506], [115.7888364071226, 40.35725662423012], [115.78954285303593, 40.35726402088697], [115.78954124203784, 40.357354093188455], [115.7901299479485, 40.35736025379339], [115.7901283377262, 40.357450326112904], [115.79095252740248, 40.357458945954285], [115.79095091826917, 40.35754901829963], [115.79142188458464, 40.357553941302605], [115.79142027607054, 40.35764401366205], [115.79200898491118, 40.357650164739084], [115.79200737717287, 40.35774023711655], [115.79236060303415, 40.35774392633647], [115.79235899575842, 40.357833998724146], [115.79259448001542, 40.35783645761273], [115.79259287304566, 40.35792653000673], [115.79271061534163, 40.357927759275164], [115.79270900852126, 40.358017831671596], [115.79282675098109, 40.35801906082409], [115.79282514431009, 40.35810913322295], [115.7929428869338, 40.35811036225951], [115.79294128041215, 40.358200434660795], [115.79305902319972, 40.358201663581404], [115.79305741682744, 40.35829173598511], [115.79341064570349, 40.35829542203961], [115.79341225160593, 40.35820534962422], [115.79364773724629, 40.358207806386936], [115.79364934282825, 40.358117733962324], [115.79447354170134, 40.3581263288299], [115.79447193721569, 40.358216401281716], [115.79458968009742, 40.3582176286445], [115.79458807576117, 40.35830770109875], [115.7954122772322, 40.35831628931006], [115.79541388047217, 40.358226216828626], [115.79553162341178, 40.35822744323274], [115.79553322648788, 40.35813737074597], [115.79612194051131, 40.35814350094964], [115.7961203382183, 40.35823357345581], [115.79706228228461, 40.358243375581395], [115.7970638833247, 40.35815330304419], [115.79718162620887, 40.35815452776677], [115.79718002532543, 40.35824460030784], [115.79729776837344, 40.358245824914455], [115.79729936910027, 40.3581557523695], [115.79741711199893, 40.3581569768524], [115.79741551142867, 40.35824704940123], [115.79765099756082, 40.3582494980153], [115.79764779702518, 40.358429643124076], [115.79776554041531, 40.3584308672591], [115.79775913988387, 40.35879115747463], [115.79787688390772, 40.35879238150532], [115.79787048388725, 40.359152671713], [115.7979882285448, 40.359153895639345], [115.79798502880452, 40.359334040742176], [115.79810277378255, 40.35933526455644], [115.79810117405819, 40.35942533710953], [115.79821891920005, 40.35942656080782], [115.79821572004296, 40.35960670591737], [115.79833346550532, 40.359607929503575], [115.79833026663263, 40.35978807461503], [115.79844801241543, 40.35978929808914], [115.79844481382713, 40.35996944320252], [115.79856255993043, 40.35997066656452], [115.79855776246376, 40.360240884235246], [115.79867550904416, 40.36024210748903], [115.7986739100308, 40.36033218004689], [115.7989094035265, 40.36033462620266], [115.79890780481921, 40.360424698766806], [115.79926104558676, 40.360428367113265], [115.79925944734217, 40.36051843968756], [115.7996126886445, 40.36052210696703], [115.79961109086261, 40.36061217955147], [115.79996433269974, 40.36061584576396], [115.79996273538055, 40.36070591835855], [115.80019823028795, 40.36070836190872], [115.80019663327481, 40.360798434509576], [115.80184510062612, 40.360815525992294], [115.80184350579873, 40.360905598645786], [115.80196125367732, 40.360906818571], [115.80195806431423, 40.361086963881334], [115.80207581251328, 40.361088183694434], [115.8020726234347, 40.36126832900665], [115.80219037195423, 40.36126954870762], [115.80218718316014, 40.36144969402171], [115.80242268084736, 40.36145213307954], [115.80242108675282, 40.36154220574212], [115.80277433380748, 40.36154586344159], [115.8027727401757, 40.36163593611428], [115.80336148619384, 40.361642029902384], [115.80335989333808, 40.36173210259292], [115.80347764271991, 40.36173332099485], [115.80347605001361, 40.361823393687764], [115.80371154911215, 40.361825830139786], [115.80370836430458, 40.362005975536675], [115.80382611417791, 40.362007193590614], [115.80382292965491, 40.36218733898937], [115.80405843004974, 40.362189774753155], [115.80406002200152, 40.36209970204678], [115.80417777205304, 40.36210091974504], [115.80417936384102, 40.362010847033375], [115.80429711374306, 40.36201206460792], [115.80429552211174, 40.36210213732344], [115.8045310222507, 40.3621045721207], [115.8045262482536, 40.36237479028162], [115.8046439988038, 40.36237600751203], [115.80463604278162, 40.36282637110365], [115.80475379412225, 40.362827588233465], [115.80474902089279, 40.36309780638249], [115.80486677271057, 40.363099023404004], [115.80486359083501, 40.36327916883709], [115.8049813429733, 40.36328038574647], [115.80497816138235, 40.36346053118141], [115.80509591384111, 40.36346174797862], [115.80509432319154, 40.36355182069776], [115.80521207581417, 40.36355303737897], [115.80521048531406, 40.3636431101005], [115.80532823810051, 40.3636443266657], [115.8053266477499, 40.363734399389614], [115.80509114187083, 40.36373196613165], [115.80509273253477, 40.36364189341544], [115.80497497976266, 40.36364067661054], [115.8049765705761, 40.3635506038967], [115.80485881796783, 40.36354938697578], [115.80486040893074, 40.36345931426435], [115.8047426564863, 40.36345809722741], [115.8047442475987, 40.36336802451837], [115.8046264953181, 40.36336680736545], [115.80462967783465, 40.363186661950685], [115.80451192587455, 40.363185444685605], [115.80451351727872, 40.363095371979895], [115.80439576548247, 40.36309415459881], [115.80439735703612, 40.36300408189549], [115.80427960540369, 40.3630028643984], [115.80428119710682, 40.362912791697475], [115.80416344563825, 40.36291157408438], [115.80416662933624, 40.36273142868586], [115.80393112704725, 40.36272899311555], [115.80393271919878, 40.3626389204218], [115.80381496822173, 40.36263770246072], [115.80381815281655, 40.36245755707657], [115.80370040215996, 40.36245633900333], [115.80370199460326, 40.36236626631292], [115.80358424411052, 40.3623650481237], [115.80358583670328, 40.36227497543569], [115.80346808637435, 40.36227375713047], [115.8034712718516, 40.36209361175776], [115.80358902186723, 40.36209483005527], [115.80359061443843, 40.36200475736287], [115.80347286457948, 40.36200353906922], [115.80347445730014, 40.36191346637923], [115.80276795923717, 40.3619061541236], [115.80276955289054, 40.361816081455295], [115.80218080548569, 40.36180998463238], [115.80217761660529, 40.361990129928955], [115.80205986683262, 40.36198891019709], [115.80205827222497, 40.36207898283933], [115.80194052230284, 40.36207776298377], [115.80193892753135, 40.36216783562071], [115.80182117745976, 40.362166615641435], [115.80181958252443, 40.36225668827302], [115.80170183230338, 40.36225546817004], [115.80169545186355, 40.36261575866639], [115.80181320271119, 40.362616978784814], [115.80181001276141, 40.362797124031964], [115.80192776392956, 40.36279834403826], [115.80192297942087, 40.363068561909614], [115.80204073106619, 40.363069781807646], [115.80203754167104, 40.36324992705564], [115.80215529363687, 40.363251146841534], [115.8021536990852, 40.3633412194672], [115.80227145121485, 40.36334243913711], [115.80226985681264, 40.36343251176517], [115.80285861835222, 40.363438608336146], [115.80285702472608, 40.36352868098205], [115.80321028220611, 40.36353233749794], [115.80320868904276, 40.36362241015395], [115.80344419437868, 40.36362484723964], [115.80344260152151, 40.36371491990191], [115.80367810719949, 40.36371735651587], [115.80367651464843, 40.3638074291844], [115.80379426765488, 40.36380864731545], [115.80379267525329, 40.363898719986366], [115.80391042842358, 40.36389993800142], [115.80390883617147, 40.36399001067474], [115.80402658950563, 40.363991228573774], [115.804024997403, 40.3640813012495], [115.80414275090098, 40.364082519032536], [115.80414115894783, 40.36417259171064], [115.80425891260967, 40.364173809377675], [115.804257320806, 40.36426388205817], [115.80437507463168, 40.3642650996092], [115.80437348297752, 40.36435517229209], [115.80449123696704, 40.364356389727114], [115.80448964546234, 40.36444646241241], [115.80460739961572, 40.36444767973142], [115.80460580826053, 40.3645377524191], [115.80472356257775, 40.36453896962211], [115.80472197137202, 40.364629042312174], [115.80483972585311, 40.36463025939918], [115.80483813479688, 40.36472033209164], [115.80507364409391, 40.36472276591377], [115.80507205334384, 40.364812838612465], [115.80577858234712, 40.36482013722523], [115.80578017215714, 40.36473006450343], [115.80589792685947, 40.364731280515514], [115.80590110614467, 40.36455113505983], [115.8057833517557, 40.364549919055435], [115.80578812109971, 40.3642797008725], [115.80567036718791, 40.364278484759794], [115.80567354702806, 40.364098339304896], [115.80590905423217, 40.364100771395066], [115.80590746462902, 40.36419084413094], [115.80602521839849, 40.364192060000086], [115.80602203948398, 40.364372205475135], [115.80613979357399, 40.364373421232116], [115.80613820426265, 40.36446349397131], [115.80625595851646, 40.36446470961227], [115.80625436935463, 40.36455478235385], [115.80637212377228, 40.3645559978788], [115.80637053475994, 40.36464607062277], [115.80648828934144, 40.364647286031705], [115.80648670047859, 40.36473735877806], [115.80660445522395, 40.36473857407098], [115.80660286651059, 40.36482864681971], [115.80672062141979, 40.36482986199662], [115.80671903285595, 40.364919934747746], [115.80683678792894, 40.36492114980862], [115.80683519951462, 40.365011222562146], [115.80695295475148, 40.36501243750702], [115.80694977821467, 40.36519258301734], [115.80718528933657, 40.36519501256288], [115.80718370137076, 40.36528508532355], [115.80741921283465, 40.3652875143973], [115.80742080048712, 40.36519744162894], [115.80812733411065, 40.36520472595042], [115.80812574739825, 40.36529479874183], [115.80930330557685, 40.36530692972685], [115.80930172042403, 40.36539700255519], [115.80989050056495, 40.365403063571954], [115.80988891618836, 40.365493136418024], [115.81141974742764, 40.36550888108716], [115.81142132976741, 40.365418808191265], [115.81177459821627, 40.365422438688164], [115.81177618007888, 40.36533236577932], [115.81201169210047, 40.36533478550362], [115.81201327364258, 40.36524471258565], [115.81213102950741, 40.365245922264165], [115.81213261088571, 40.365155849340915], [115.81248587805295, 40.36515947764578], [115.8124874589541, 40.365069404709594], [115.8126052145341, 40.365070613901004], [115.81260363378962, 40.36516068684102], [115.81272138953344, 40.36516189591638], [115.81272297012123, 40.36507182297254], [115.81307623692543, 40.365075449467966], [115.81307781703605, 40.36498537651117], [115.81331332796115, 40.36498779356781], [115.81331490775132, 40.36489772060193], [115.81343266306787, 40.36489892894664], [115.81342634449115, 40.365259220816746], [115.81354410044155, 40.365260429056875], [115.81354252093621, 40.36535050202459], [115.8136602770504, 40.36535171014867], [115.81365711833175, 40.365531856087365], [115.81377487476641, 40.36553306409924], [115.81376697862844, 40.36598342893955], [115.81388473585365, 40.36598463685067], [115.81388157766193, 40.36616478278422], [115.81399933520763, 40.36616599058311], [115.81399617730081, 40.36634613651849], [115.81411393516699, 40.36634734420515], [115.81410919872339, 40.36661756310873], [115.81434471541722, 40.36661997814541], [115.81434313690181, 40.366710051117984], [115.81446089541609, 40.366711258460334], [115.81445931705025, 40.36680133143528], [115.81457707572835, 40.36680253866158], [115.81457549751208, 40.36689261163889], [115.81492877405917, 40.36689623261], [115.81492719630586, 40.36698630559732], [115.81539823242836, 40.366991131895865], [115.8153966552947, 40.36708120489699], [115.81563217371203, 40.367083617334664], [115.81563059688462, 40.36717369034197], [115.81574835626066, 40.36717489638481], [115.81574677958282, 40.367264969394476], [115.81598229866962, 40.36726738112817], [115.81598072229805, 40.367357454144], [115.81633400145164, 40.36736107085695], [115.81633242554305, 40.367451143882775], [115.81668570523073, 40.367454759528286], [115.81668412978509, 40.36754483256409], [115.81691964992582, 40.367547242402686], [115.81691807478647, 40.36763731544466], [115.81727135552092, 40.367640929314916], [115.81726978084455, 40.36773100236689], [115.81774082255008, 40.36773581919755], [115.8177392484934, 40.367825892263276], [115.81868133349884, 40.36783552020101], [115.81868290630193, 40.367745447104795], [115.81903618782597, 40.36774905559204], [115.81903461549297, 40.36783912869968], [115.81927013685788, 40.36784153376608], [115.81927328089002, 40.36766138753413], [115.81939104126971, 40.3676625898799], [115.81939261311844, 40.36757251675794], [115.81951037334854, 40.367573718980026], [115.81951194503348, 40.36748364585279], [115.81962970511397, 40.36748484795121], [115.81963127663512, 40.36739477481871], [115.82045559630015, 40.367403186124456], [115.82045716671735, 40.367313112963885], [115.82128148563268, 40.36732151836914], [115.82127991631235, 40.367411591556305], [115.82233975683778, 40.367422389909095], [115.8223381889206, 40.367512463129], [115.8226914696932, 40.36751606043356], [115.82268990223903, 40.36760613366337], [115.82292542310284, 40.367608531274605], [115.822923855955, 40.367698604510565], [115.8231593771605, 40.367701001649884], [115.82315781031899, 40.367791074891976], [115.82327557108904, 40.3677922732856], [115.82327400439715, 40.36788234653002], [115.82339176533097, 40.36788354480757], [115.82339019878873, 40.36797361805433], [115.82362572099093, 40.36797601425739], [115.82362258851205, 40.36815616076168], [115.82374034993714, 40.36815735869098], [115.82372782099252, 40.36887794468017], [115.82361005831376, 40.36887674672054], [115.8236084920072, 40.36896681995884], [115.82313744073606, 40.368962026906345], [115.82313587379556, 40.369052100128016], [115.82301811083875, 40.36905090156139], [115.82301654373448, 40.3691409747778], [115.82289878062802, 40.369139776087515], [115.82289564608487, 40.36931992250839], [115.82277788267207, 40.369318723690625], [115.82277474778721, 40.369498870098084], [115.82265698406806, 40.36949767115284], [115.8226554164583, 40.36958774435059], [115.82253765258952, 40.36958654528167], [115.82253608481598, 40.36967661847416], [115.8220650287847, 40.36967182098445], [115.82206346037724, 40.36976189416031], [115.82123911149795, 40.369753493911155], [115.82123754198642, 40.36984356705896], [115.81935331477253, 40.36982434436973], [115.81935488679149, 40.369734271282766], [115.81864830299452, 40.3697270548847], [115.81864987594663, 40.369636981819106], [115.81853211216203, 40.3696357786703], [115.81853368526376, 40.36954570560707], [115.81841592164295, 40.36954450234219], [115.8184174948943, 40.3694544292813], [115.8182997314373, 40.369453225900344], [115.81830130483827, 40.36936315284179], [115.81818354154507, 40.369361949344764], [115.81818511509564, 40.36927187628858], [115.81806735196628, 40.369270672675476], [115.81806892566647, 40.36918059962163], [115.81795116270088, 40.36917939589245], [115.81795273655068, 40.36908932284096], [115.81748168538624, 40.369084506740684], [115.81748325985573, 40.36899443370298], [115.81665892168843, 40.36898600093873], [115.81665734612197, 40.36907607394975], [115.81653958339835, 40.3690748687858], [115.81654115912153, 40.368984795778594], [115.81630563400907, 40.36898238509869], [115.81630721003854, 40.36889231209766], [115.8157183981653, 40.368886283319036], [115.81571524453219, 40.36906642928148], [115.81559748186548, 40.36906522315847], [115.81559590488156, 40.3691552961337], [115.81571366770498, 40.369156502260516], [115.81571051402916, 40.369336648214215], [115.81559275089234, 40.369335442079766], [115.81558801985517, 40.369605660987915], [115.81570578346212, 40.36960686713381], [115.81569474522331, 40.3702373778952], [115.81581250993439, 40.370238583947945], [115.8158109331714, 40.37032865691184], [115.8159286980463, 40.3703298628485], [115.81592396818478, 40.370600081742886], [115.81580620283972, 40.37059887579476], [115.81580304924968, 40.37077902170942], [115.81568528359831, 40.37077781563378], [115.8156837066359, 40.37086788858511], [115.81556594083492, 40.37086668238576], [115.81556278657533, 40.37104682827639], [115.81579831881129, 40.371049240570464], [115.81579674198426, 40.37113931352125], [115.8169744051581, 40.37115136783636], [115.8169728298912, 40.37124144082382], [115.81732612945214, 40.37124505479192], [115.81732455464831, 40.37133512778936], [115.8169712546172, 40.371331513809814], [115.81696652875249, 40.37160173275907], [115.81708429589261, 40.37160293755024], [115.81708114559407, 40.371783083516746], [115.81766998296848, 40.371789105712374], [115.81767155733768, 40.371699032710794], [115.81814262673815, 40.37170384829396], [115.81814105299588, 40.371793921310775], [115.8182588205205, 40.371795124910655], [115.81826039410603, 40.371705051890025], [115.81837816148101, 40.37170625536619], [115.81837658805219, 40.37179632839063], [115.81920096097284, 40.371804749393434], [115.81920567794668, 40.3715345302358], [115.81932344506498, 40.371535732745194], [115.81932187290418, 40.371625805803006], [115.81967517477179, 40.37162941262331], [115.81967360307408, 40.371719485691074], [115.8199091380014, 40.37172188964608], [115.81990756661006, 40.37181196271998], [115.82026086952439, 40.3718155677647], [115.82026401135961, 40.37163542159259], [115.82061731339738, 40.371639025535444], [115.82061574295349, 40.37172909863364], [115.82073351047032, 40.371730299711935], [115.82073508075747, 40.37164022660994], [115.82085284812466, 40.37164142756455], [115.82085127799422, 40.37173150067034], [115.8209690455252, 40.371732701508854], [115.82096747554442, 40.37182277461699], [115.82084970785668, 40.37182157377469], [115.8208481377121, 40.37191164687755], [115.82096590555656, 40.37191284772367], [115.82096433556158, 40.37200292082888], [115.82131763960763, 40.37200652265926], [115.82131450053687, 40.37218666888812], [115.82155003722988, 40.3721890695241], [115.82155160645534, 40.3720989964028], [115.82166937465574, 40.37210019653714], [115.82166780558703, 40.372190269662234], [115.82178557395123, 40.37219146968048], [115.82178714286323, 40.37210139655159], [115.82190491107777, 40.37210259644613], [115.8219033423225, 40.37219266957883], [115.82202111070089, 40.37219386935728], [115.82201954209526, 40.372283942492324], [115.82178400503214, 40.372281542807926], [115.821782436106, 40.3723716159339], [115.82190020479075, 40.372372815839846], [115.82189706723068, 40.37255296209502], [115.822014836236, 40.372554161888665], [115.82201640486281, 40.372464088758], [115.82213417371847, 40.372465288427954], [115.82213574218149, 40.372375215292045], [115.82225351088749, 40.3723764148383], [115.82225194258119, 40.372466487978], [115.82236971145097, 40.372467687408154], [115.82236657513063, 40.3726478336908], [115.82248434432097, 40.37264903300865], [115.82248277630693, 40.37273910615158], [115.82260054566107, 40.37274030535332], [115.8225958420467, 40.373010524784746], [115.82271361187814, 40.37301172387798], [115.82270890867032, 40.37328194330766], [115.82282667897904, 40.37328314229238], [115.82282197617778, 40.37355336172032], [115.82293974696381, 40.37355456059653], [115.82293347709009, 40.37391485316188], [115.8230512485102, 40.37391605193335], [115.82304184442792, 40.37445649076044], [115.82315961679558, 40.37445768943476], [115.82313924244843, 40.37562864009601], [115.82325701686096, 40.37562983869975], [115.8232444794613, 40.376350423629944], [115.823362255135, 40.37635162214412], [115.82335912102789, 40.37653176836967], [115.82347689702219, 40.376532966771514], [115.82347219627883, 40.376803186110294], [115.8235899727505, 40.3768043844036], [115.8235821388207, 40.377254749958034], [115.82405324791351, 40.37725954200792], [115.82405168173347, 40.377349615129596], [115.82416945918109, 40.37735081284606], [115.82416789315073, 40.377440885970074], [115.82428567076221, 40.37744208357041], [115.82428880250235, 40.37726193731336], [115.82440657980737, 40.3772631347862], [115.82439875118791, 40.377713500436876], [115.82451652928385, 40.37771469780875], [115.82451809486511, 40.37762462467773], [115.82463587281133, 40.37762582192589], [115.82463430738687, 40.3777158950607], [115.82475208549695, 40.37771709219273], [115.82475678127884, 40.377446872772595], [115.82487455892564, 40.37744806977335], [115.82487612401539, 40.3773579966266], [115.8254650115715, 40.37736397981264], [115.82546344726562, 40.37745405297834], [115.82593455806466, 40.377458837383784], [115.82593299437883, 40.37754891056314], [115.826050772253, 40.377550106368496], [115.82604764517374, 40.377730252730416], [115.82592986698603, 40.3777290569175], [115.825926739565, 40.37790920326603], [115.82580896107079, 40.377908007325615], [115.82580739719292, 40.377998080493896], [115.82568961854895, 40.37799688442979], [115.82568805450724, 40.37808695759284], [115.82521693937493, 40.378082172122035], [115.82521537469904, 40.37817224526848], [115.82509759577682, 40.37817104859719], [115.8250960309371, 40.37826112173839], [115.82497825186516, 40.37825992494339], [115.8249766868616, 40.37834999807935], [115.82485890763995, 40.37834880116064], [115.82485577729805, 40.37852894742059], [115.8247379977699, 40.37852775037439], [115.82473486708619, 40.378707896620945], [115.82461708725153, 40.378706699447235], [115.82460612853858, 40.37933721123773], [115.82472390947075, 40.37933840843797], [115.82470355869529, 40.38050935876579], [115.8245857757248, 40.38050816151632], [115.82457951308038, 40.38086845386015], [115.82446172948976, 40.38086725647558], [115.82444607081614, 40.381767987195246], [115.82432828566454, 40.38176678965284], [115.82431732307491, 40.38239730104335], [115.82419953683271, 40.38239610335447], [115.82419797056342, 40.38248617640064], [115.82431575696243, 40.382487374093294], [115.82431262471623, 40.382667520188825], [115.82419483800358, 40.38266632248859], [115.82419013911084, 40.38293654160958], [115.82430792629395, 40.3829377393212], [115.8242985292586, 40.383478177546564], [115.82441631738966, 40.38347937516098], [115.82439595831234, 40.38465032451851], [115.82451374848922, 40.38465152206224], [115.82451218251374, 40.384741595083334], [115.82462997285454, 40.38474279251091], [115.82462840702878, 40.38483286553432], [115.82451061653116, 40.38483166810296], [115.82450748454481, 40.38501181413785], [115.8243896937406, 40.385010616578946], [115.82438812757998, 40.38510068959042], [115.824270336626, 40.3850994919078], [115.82426720396991, 40.38527963791877], [115.82438499523757, 40.38528083560898], [115.8243818628669, 40.38546098162172], [115.82426407128555, 40.38545978392392], [115.82426250493278, 40.38554985692432], [115.82438029667095, 40.3855510546259], [115.82437246558526, 40.38600141962491], [115.8244902581147, 40.386002617225486], [115.82448869203321, 40.38609269022471], [115.82437089934692, 40.38609149262034], [115.8243662005895, 40.38636171159788], [115.82448399374631, 40.38636290921362], [115.824485559849, 40.38627283621877], [115.82460335285603, 40.386274033710755], [115.8246017869102, 40.386364106709394], [115.82507295963634, 40.386368895492964], [115.82507452495483, 40.38627882247917], [115.82519231799716, 40.38628001937139], [115.82517510083076, 40.38727082248456], [115.8252928956055, 40.38727201929848], [115.82529133052304, 40.38736209230381], [115.82517353559143, 40.38736089548609], [115.82517197034505, 40.387450968486185], [115.82505417526366, 40.387449771544745], [115.82504947901157, 40.387719990524864], [115.82516727456351, 40.38772118747768], [115.82515944811969, 40.38817155243437], [115.82539504081335, 40.388173946017986], [115.82539347581711, 40.38826401901254], [115.82586466191661, 40.388268804755356], [115.82586153315782, 40.388448950770346], [115.82621492374771, 40.38845253884055], [115.82621179590188, 40.38863268487243], [115.82632959309302, 40.38863388066346], [115.8263264655327, 40.38881402669708], [115.82691545316283, 40.388820003890615], [115.82691389015639, 40.38891007692415], [115.82714948557157, 40.388912466969366], [115.82714792287182, 40.389002540008995], [115.82644113576978, 40.38899536841105], [115.82643957212177, 40.38908544142654], [115.82632177413925, 40.38908424573655], [115.82632021032734, 40.38917431874679], [115.82620241219502, 40.389173122933045], [115.82620084821916, 40.38926319593804], [115.82631864650837, 40.389264391755574], [115.82631708268232, 40.3893544647629], [115.82655267959561, 40.38935685604562], [115.82655111607625, 40.38944692905906], [115.82666891470035, 40.38944812452425], [115.82666578795423, 40.38962827055431], [115.82690138585106, 40.389630661139925], [115.82689982278114, 40.389720734160335], [115.82713542101993, 40.389723124273615], [115.82713854652522, 40.38954297821621], [115.82725634534144, 40.38954417308534], [115.82725790792662, 40.38945410005068], [115.82749350526652, 40.38945648942145], [115.82749662978827, 40.38927634333261], [115.82761442815506, 40.38927753783048], [115.82761599024847, 40.389187464780086], [115.82773378846542, 40.38918865915422], [115.82773535039496, 40.38909858609859], [115.82785314846208, 40.389099780348985], [115.82780004423813, 40.39216226355096], [115.82791784764618, 40.39216345780984], [115.8279162857908, 40.392253530823474], [115.82803408936279, 40.39225472496618], [115.82803096594465, 40.392434870996595], [115.82826657373734, 40.392437258937164], [115.82825720519654, 40.39297769703881], [115.82813940035531, 40.39297650310584], [115.82813783875027, 40.3930665761139], [115.82825564374843, 40.393067770050656], [115.82824627491168, 40.39360820809108], [115.82836408085826, 40.3936094019305], [115.82836251951774, 40.393699474935914], [115.82848032562826, 40.393700668659115], [115.82847876443758, 40.39379074166686], [115.82906779588042, 40.393796708501974], [115.82906623546722, 40.39388678152714], [115.82918404193381, 40.393887974537975], [115.82918248167047, 40.39397804756545], [115.82930028830103, 40.39397924046008], [115.82929716806701, 40.3941593865182], [115.8294149750184, 40.394160579300376], [115.82940405507597, 40.39479109048434], [115.82952186313278, 40.39479228317294], [115.82951874339969, 40.39497242921993], [115.82963655177737, 40.394973621796105], [115.8296381114905, 40.39488354876957], [115.8297559197183, 40.394884741221965], [115.82975436016206, 40.39497481425228], [115.8298721685538, 40.39497600658847], [115.82987060914743, 40.395066079621095], [115.82998841770313, 40.39506727184104], [115.829991536195, 40.3948871257668], [115.83010934444388, 40.39488831785923], [115.8301077853584, 40.394978390900846], [115.83034340219115, 40.39498077473326], [115.8303449609628, 40.39489070168409], [115.83046276923281, 40.394891893416535], [115.83046432784053, 40.39480182036213], [115.83058213596068, 40.39480301197081], [115.83058369440445, 40.39471293891118], [115.8307015023747, 40.39471413039611], [115.83070306065453, 40.39462405733125], [115.83082086847492, 40.394625248692414], [115.83082242659079, 40.39453517562233], [115.83094023426129, 40.39453636685972], [115.83094179221325, 40.39444629378441], [115.83082398469968, 40.394445102550776], [115.83082710089629, 40.39426495640331], [115.83070929370356, 40.39426376505723], [115.8307139684165, 40.39399354583644], [115.83059616170152, 40.39399235438167], [115.83059772008203, 40.39390228130891], [115.83071552664009, 40.39390347275991], [115.83071708485664, 40.39381339968194], [115.83059927845548, 40.39381220823471], [115.83060551187897, 40.393451915923315], [115.83025209460051, 40.39344834090699], [115.8302583297943, 40.39308804861753], [115.83049394005106, 40.39309043205157], [115.83049549851812, 40.39300035896802], [115.83037769354311, 40.392999167314755], [115.83038081076995, 40.39281902115082], [115.83026300611579, 40.39281782938512], [115.83026456487553, 40.392727756304744], [115.82991115142593, 40.39272418029906], [115.82991271064935, 40.39263410722855], [115.82979490633711, 40.39263291499045], [115.82979646571039, 40.392542841922236], [115.82956085742082, 40.392540457093666], [115.82956397677381, 40.39236031096798], [115.82944617295337, 40.39235911838126], [115.8294446131235, 40.39244919144106], [115.82920900518992, 40.39244680590013], [115.82920744503923, 40.39253687895093], [115.82908964092613, 40.39253568599672], [115.82909120123371, 40.3924456129497], [115.82897339728454, 40.39244441987929], [115.8289765181924, 40.39226427378843], [115.82932992911971, 40.39226785261709], [115.82933148909238, 40.39217777955813], [115.82944929259203, 40.392178972257284], [115.8294477327762, 40.392269045320006], [115.82956553643976, 40.39227023790295], [115.82956865575055, 40.39209009176851], [115.82980426247121, 40.392092476559355], [115.82980582180227, 40.392002403482394], [115.82992362501626, 40.39200359569408], [115.82992674334348, 40.391823449528246], [115.83004454625075, 40.39182464161241], [115.8300507821932, 40.39146434924819], [115.8302863867737, 40.39146673302639], [115.8302895040752, 40.39128658682044], [115.83017170209519, 40.39128539499888], [115.83017326089227, 40.39119532189749], [115.83005545907618, 40.391194129959715], [115.83005857696303, 40.39101398376012], [115.82994077546775, 40.391012791709905], [115.82994701178448, 40.3906524993083], [115.83030041440885, 40.39065607505373], [115.83029885581085, 40.390746148167636], [115.83053445790937, 40.390748531405585], [115.83053289961809, 40.39083860452556], [115.83065070083478, 40.39083979596835], [115.83064602638945, 40.39111001533087], [115.8307638280838, 40.39111120666499], [115.83075915404584, 40.39138142602571], [115.83087695621786, 40.39138261725116], [115.83087539834803, 40.391472690372254], [115.83075759601911, 40.39147149914303], [115.83075603798537, 40.391561572258894], [115.83087384047118, 40.39156276349188], [115.83087072469635, 40.391742909726794], [115.83098852750297, 40.39174410084733], [115.83098541201383, 40.39192424708394], [115.83086760889341, 40.39192305595586], [115.83086449306236, 40.392103202179115], [115.83098229649656, 40.392104393314746], [115.83097918095118, 40.39228453953969], [115.83086137720319, 40.392283348396525], [115.83085670336173, 40.39255356771171], [115.83097450758035, 40.39255475886617], [115.83096983414627, 40.392824978179554], [115.83108763884265, 40.39282616922535], [115.83108140812638, 40.393186461637875], [115.83119921345735, 40.39318765257876], [115.83119765591765, 40.393277725682005], [115.83155107242344, 40.393281297796065], [115.83155262949248, 40.3931912246815], [115.83167043485155, 40.39319241514245], [115.83166887793942, 40.393282488260766], [115.83190448899246, 40.393284868830236], [115.83190293238712, 40.39337494195463], [115.83213854378205, 40.39337732205169], [115.83213387486526, 40.39364754143874], [115.83201606869358, 40.39364635143891], [115.83201295573343, 40.39382649768213], [115.83213076221894, 40.393827687689495], [115.83212609319678, 40.39409790705469], [115.83224390016001, 40.39409909695335], [115.83224078775729, 40.39427924319706], [115.83212298048024, 40.394278053290854], [115.83211831135274, 40.39454827263418], [115.83176488815153, 40.39454470216176], [115.83175710377822, 40.39499506764835], [115.83163929527399, 40.39499387723205], [115.83163773822133, 40.39508395032122], [115.83151992956718, 40.39508275978117], [115.83151837235059, 40.39517283286512], [115.83140056354657, 40.395171642201305], [115.83139900616604, 40.39526171528003], [115.83128119721212, 40.39526052449246], [115.83127808211613, 40.395440670638], [115.83116027285541, 40.3954394797229], [115.83115715741748, 40.39561962585507], [115.83127496699203, 40.39562081677772], [115.83127029425317, 40.39589103597637], [115.83115248420788, 40.395889845042426], [115.83115092645727, 40.39597991810194], [115.83103311626206, 40.39597872704424], [115.83103155834752, 40.39606880009853], [115.83126717905878, 40.39607118210152], [115.83126562145105, 40.3961612551619], [115.83150124250429, 40.396163636692414], [115.83149968520338, 40.396253709758874], [115.83161749589746, 40.39625490034792], [115.83161905304144, 40.39616482727768], [115.83185467413686, 40.396167208088215], [115.83185156046952, 40.396347354242295], [115.83196937134161, 40.3963485444751], [115.83197559802045, 40.395988252146054], [115.83221121853032, 40.39599063222153], [115.83220810583262, 40.396170778404034], [115.83232591641195, 40.39617196826931], [115.8323243602095, 40.396262041362135], [115.8326777924603, 40.396265610249266], [115.8326762367216, 40.396355683351935], [115.83302966950639, 40.396359251170374], [115.83302811423144, 40.396449324282855], [115.83361716979772, 40.39645526826574], [115.8336156153004, 40.396545341395594], [115.83373342659164, 40.39654652983592], [115.83373187224421, 40.396636602968094], [115.83467436408192, 40.396646106200855], [115.8346728109829, 40.39673617936162], [115.83479062265108, 40.39673736672948], [115.83478906970198, 40.396827439892554], [115.83490688153412, 40.396828627144146], [115.83490222311556, 40.397098846635885], [115.83502003542547, 40.397100033778756], [115.83501693009195, 40.39728018010681], [115.83513474272274, 40.3972813671372], [115.83513163767503, 40.397461513466936], [115.8352494506267, 40.39746270038482], [115.83524789824928, 40.397552773551254], [115.83536571136489, 40.39755396035291], [115.83536415913738, 40.39764403352162], [115.83548197241693, 40.39764522020703], [115.83548042033937, 40.39773529337807], [115.83559823378285, 40.39773647994721], [115.83559668185521, 40.397826553120545], [115.83571449546262, 40.39782773957344], [115.83571294368494, 40.39791781274906], [115.83583075745629, 40.39791899908571], [115.83582920582855, 40.39800907226363], [115.83594701976384, 40.398010258484014], [115.83594546828603, 40.39810033166424], [115.83606328238527, 40.39810151776838], [115.83606173105738, 40.39819159095091], [115.83629735959074, 40.39819396280666], [115.83629580856974, 40.398284035995225], [115.83641362300385, 40.39828522174684], [115.8364120721328, 40.39837529493771], [115.83652988673084, 40.398376480573084], [115.83652833600974, 40.398466553766234], [115.83664615077174, 40.39846773928535], [115.83664460020057, 40.39855781248079], [115.8367624151265, 40.39855899788363], [115.83675931427705, 40.39873914427768], [115.83699494477769, 40.398741514738354], [115.83699184452803, 40.39892166114155], [115.83710966010274, 40.39892284619939], [115.83710656013899, 40.399102992604256], [115.830391065674, 40.39903525234355], [115.83039262460528, 40.39894517935619], [115.8301569939487, 40.39894279543187], [115.83015855318686, 40.398852722450606], [115.83004073802609, 40.39885153031221], [115.83004229741414, 40.398761457333244], [115.83016011241797, 40.398762649467876], [115.83016167164203, 40.39867257648369], [115.83004385679513, 40.398671384352824], [115.83004541616911, 40.398581311370954], [115.83016323085907, 40.39858250349805], [115.83016634927205, 40.39840235752237], [115.83028416365514, 40.3984035495219], [115.83028572269414, 40.398313476528116], [115.83040353692734, 40.39831466840388], [115.83040509580235, 40.39822459540485], [115.83052290988566, 40.39822578715683], [115.83052602730068, 40.39804564114687], [115.83064384107715, 40.3980468327713], [115.83064228253006, 40.39813690578079], [115.8307600964705, 40.398138097288985], [115.8307554212579, 40.39840831631997], [115.83051979244246, 40.398405933160944], [115.83051511622494, 40.398676152156206], [115.83063293109998, 40.39867734380704], [115.83063448968923, 40.3985872708063], [115.83087011914652, 40.39858965374039], [115.8308732356762, 40.398409507719464], [115.83099105010149, 40.39841069899895], [115.83099260819884, 40.39832062598255], [115.83087479393048, 40.39831943470683], [115.83087635217773, 40.39822936169272], [115.83111198040763, 40.39823174411661], [115.83111509625328, 40.39805159806896], [115.83099728244869, 40.398050406924554], [115.83100039858012, 40.39787026087862], [115.83088258509645, 40.39786906962175], [115.83088570151358, 40.39768892357752], [115.83076788835083, 40.39768773220817], [115.83076944670579, 40.39759765918763], [115.83065163370698, 40.397596467702066], [115.83065319221184, 40.397506394683845], [115.83041756654919, 40.39750401136023], [115.8304191253609, 40.397413938348095], [115.83030131269706, 40.39741274651005], [115.83030287165866, 40.39732267350023], [115.8301850591588, 40.39732148154595], [115.83018817737475, 40.397141335529476], [115.83007036519577, 40.39714014346275], [115.83007192445012, 40.39705007045609], [115.82995411243512, 40.397048878273125], [115.82995567183937, 40.3969588052688], [115.82983785998832, 40.39695761296961], [115.82983941954247, 40.396867539967594], [115.82960379617536, 40.39686515501676], [115.82960535603631, 40.396775082020824], [115.8293697330112, 40.39677269659753], [115.82937129317898, 40.39668262360769], [115.82913567049587, 40.39668023771195], [115.82913254952558, 40.39686038367508], [115.82889692624295, 40.39685799728423], [115.8288953654334, 40.396948070256045], [115.82877755364571, 40.396946876876854], [115.82877599267218, 40.39703694984344], [115.82865818073459, 40.397035756340465], [115.82865974186508, 40.39694568337766], [115.82842411832493, 40.396943296019245], [115.82842099542923, 40.39712344192832], [115.8279497471781, 40.39711866574128], [115.82794818509194, 40.3972087386785], [115.82818380951728, 40.39721112701959], [115.82818224773797, 40.39730119996292], [115.82830006011812, 40.39730239395723], [115.8282969368522, 40.397482539847076], [115.82817912415817, 40.39748134584521], [115.82817443873562, 40.39775156465771], [115.82805662557783, 40.397750370524506], [115.82805506359928, 40.3978404434553], [115.82817287691401, 40.39784163759229], [115.82816975324963, 40.3980217834571], [115.8279341259995, 40.398019395047996], [115.82793100167919, 40.398199540891845], [115.8282844435066, 40.398203123348154], [115.82828288180667, 40.39829319627923], [115.82840069592018, 40.398294390195105], [115.8283975728131, 40.398474536060434], [115.82851538724752, 40.398475729863854], [115.8285075801412, 40.39892609452057], [115.82827194970997, 40.39892370675594], [115.82827038795368, 40.39901377967535], [115.74898227895187, 40.39818303673525]], [[115.83183443479693, 40.397338157985516], [115.83195224739522, 40.39733934825974], [115.83195691764674, 40.39706912906324], [115.83183910551922, 40.3970679388003], [115.83183443479693, 40.397338157985516]], [[115.83138031705144, 40.3963425921111], [115.83149812789541, 40.396343782823905], [115.83149968520338, 40.396253709758874], [115.83138187451632, 40.39625251904986], [115.83138031705144, 40.3963425921111]], [[115.83091530607389, 40.395977535866514], [115.83103311626206, 40.39597872704424], [115.83103467416957, 40.395888653988465], [115.83091686413835, 40.39588746281452], [115.83091530607389, 40.395977535866514]], [[115.74692014422985, 40.39500761297315], [115.74703794906853, 40.39500888969938], [115.74703961884393, 40.394918819426], [115.74692181416214, 40.394917542703816], [115.74692014422985, 40.39500761297315]], [[115.8293868944695, 40.39578189362911], [115.82950470425239, 40.39578308635924], [115.82950626418578, 40.39569301334959], [115.82962407381878, 40.39569420595595], [115.82962719335065, 40.395514059924736], [115.82974500267686, 40.39551525240354], [115.82974812186673, 40.39533510635896], [115.82963031285438, 40.39533391388769], [115.82962875310604, 40.39542398690695], [115.82951094394379, 40.39542279431189], [115.82950938403151, 40.39551286732593], [115.82939157471937, 40.39551167460712], [115.8293868944695, 40.39578189362911]], [[115.82986281201009, 40.39551644476237], [115.82998062135036, 40.395517637001205], [115.829982180635, 40.39542756397209], [115.83009998982538, 40.39542875608714], [115.83010154894606, 40.39533868305279], [115.83021935798656, 40.395339875044094], [115.83022403483564, 40.39506965592099], [115.82998841770313, 40.39506727184104], [115.82998373991259, 40.395337490941515], [115.82986593088614, 40.39533629871023], [115.82986281201009, 40.39551644476237]], [[115.74492749860951, 40.394445469044584], [115.74504530237864, 40.39444674778622], [115.74504697477597, 40.39435667757279], [115.74492917116372, 40.3943553988352], [115.74492749860951, 40.394445469044584]], [[115.82951250384905, 40.39533272129643], [115.82963031285438, 40.39533391388769], [115.82963187259567, 40.395243840866975], [115.82951406374725, 40.395242648279485], [115.82951250384905, 40.39533272129643]], [[115.82963187259567, 40.395243840866975], [115.82974968145112, 40.395245033334476], [115.82975280059877, 40.39506488728114], [115.82963499205717, 40.39506369482118], [115.82963187259567, 40.395243840866975]], [[115.74504864716572, 40.394266607357885], [115.74516645062864, 40.394267885971445], [115.74516812285397, 40.39417781575103], [115.74505031954796, 40.39417653714152], [115.74504864716572, 40.394266607357885]], [[115.82798567321383, 40.395046987782635], [115.82810348165684, 40.39504818192248], [115.82810660516992, 40.39486803596904], [115.82798879704072, 40.39486684183675], [115.82798567321383, 40.395046987782635]], [[115.74495593100457, 40.392914275285754], [115.74507373210668, 40.392915553958595], [115.7450770766372, 40.39273541348046], [115.74495927584884, 40.39273413481572], [115.74495593100457, 40.392914275285754]], [[115.74484147506804, 40.392732856030996], [115.74495927584884, 40.39273413481572], [115.7449626206629, 40.392553994339806], [115.74484482019587, 40.39255271556317], [115.74484147506804, 40.392732856030996]], [[115.74315150279787, 40.388570430415385], [115.74326929624989, 40.38857171081328], [115.74327097066626, 40.3884816405694], [115.74315317737108, 40.38848036017555], [115.74315150279787, 40.388570430415385]], [[115.82549405863224, 40.38925601851354], [115.82584745339393, 40.38925960776565], [115.82585058227977, 40.3890794617769], [115.82549718845927, 40.38907587254751], [115.82549405863224, 40.38925601851354]], [[115.7430387335209, 40.38829893918581], [115.74327431947631, 40.388301500077255], [115.74327599387, 40.38821142982899], [115.74315820104535, 40.38821014944728], [115.74315987558833, 40.388120079201606], [115.7430420829281, 40.38811879870401], [115.7430387335209, 40.38829893918581]], [[115.74268870499266, 40.3881149564915], [115.74280649763026, 40.38811623734895], [115.74280817263619, 40.38802616711397], [115.7429259651245, 40.38802744784741], [115.74292763996604, 40.3879373776069], [115.74280984763458, 40.3879360968775], [115.7428115226254, 40.38784602663958], [115.74269373045834, 40.38784474579428], [115.74269205531067, 40.38793481602816], [115.74257426299432, 40.387933535058856], [115.74257258768225, 40.38802360528722], [115.74269038015544, 40.38802488626057], [115.74268870499266, 40.3881149564915]], [[115.74257593829883, 40.38784346482904], [115.74269373045834, 40.38784474579428], [115.74269708073098, 40.387664605322165], [115.74257928888515, 40.38766332436503], [115.74258096416696, 40.38757325413082], [115.74246317248551, 40.387571973057774], [115.74245982160066, 40.38775211351662], [115.74257761359576, 40.387753394597766], [115.74257593829883, 40.38784346482904]], [[115.74212488032873, 40.38675749709111], [115.74236046083087, 40.386760059763944], [115.74236213635076, 40.38666998952319], [115.74212655616229, 40.38666742685847], [115.74212488032873, 40.38675749709111]], [[115.82446363376812, 40.38753385801395], [115.82458142897104, 40.387535055559], [115.82458299500877, 40.38744498257931], [115.8247007900619, 40.38744618000061], [115.82470235593568, 40.38735610701567], [115.82458456103942, 40.387354909598166], [115.8245876930795, 40.38717476363151], [115.824469898504, 40.38717356610164], [115.8244714646703, 40.3870834931199], [115.8243536702587, 40.38708229547384], [115.82435523657479, 40.386992222494456], [115.82411964808651, 40.38698982685005], [115.82412278132487, 40.38680968090205], [115.82400498740503, 40.3868084829075], [115.82400812092882, 40.38662833696124], [115.82389032732975, 40.38662713885431], [115.82389189423787, 40.3865370658828], [115.82365630737463, 40.386534669316646], [115.82365787458939, 40.38644459635123], [115.8235400813252, 40.38644339789202], [115.82354164868973, 40.38635332492896], [115.82342385558948, 40.38635212635358], [115.82342542310377, 40.38626205339286], [115.82330763016743, 40.38626085470132], [115.82330919783149, 40.386170781742926], [115.82319140505908, 40.386169582935224], [115.82319297287292, 40.386079509979176], [115.82307518026441, 40.38607831105531], [115.82307831618455, 40.38589816514641], [115.8229605238968, 40.385896966110174], [115.8229620920031, 40.38580689315734], [115.82272650776248, 40.38580449473261], [115.82272964458122, 40.38562434883774], [115.82261185278522, 40.38562314945303], [115.82261028422255, 40.3857132223974], [115.82237470033812, 40.38571082326053], [115.8223715625642, 40.38589096912971], [115.82225377031894, 40.38588976937376], [115.82225063220304, 40.38606991522953], [115.822368424762, 40.38607111499306], [115.82236528693146, 40.38625126085058], [115.8224830798112, 40.38625246050176], [115.82247837348281, 40.3865226792885], [115.82271396020458, 40.386525078253776], [115.82271239172799, 40.38661515118736], [115.82283018525634, 40.38661635049385], [115.82282704859563, 40.38679649636424], [115.82294484244473, 40.38679769555837], [115.82294641062178, 40.386707622620115], [115.82318199802754, 40.38671002064092], [115.82318043016417, 40.386800093586764], [115.82329822403452, 40.38680129242103], [115.82329665632092, 40.38689136536921], [115.82341445035517, 40.38689256408731], [115.82341288279137, 40.38698263703783], [115.82353067698955, 40.38698383563977], [115.82353224439652, 40.386893762685446], [115.82365003844492, 40.386894961163634], [115.82364847119482, 40.38698503412174], [115.82388405962654, 40.38698743072581], [115.82388249268304, 40.38707750369003], [115.82400028706637, 40.38707870181592], [115.8239971534719, 40.387258847747596], [115.82435053760534, 40.387262441428255], [115.8243474049237, 40.387442587376846], [115.82446519996272, 40.387443785038066], [115.82446363376812, 40.38753385801395]], [[115.82164754058442, 40.38687457072028], [115.82188312846182, 40.38687697139534], [115.82188469805757, 40.38678689849271], [115.82200249185003, 40.3867880986465], [115.82200406128186, 40.3866980257386], [115.82223964857438, 40.386700425678725], [115.8222412176854, 40.386610352761785], [115.82212342419248, 40.3866091528555], [115.8221249934533, 40.3865190799409], [115.82188940680234, 40.386516679776065], [115.82188783722782, 40.38660675268307], [115.82177004375613, 40.38660555241692], [115.8217684740177, 40.38669562531866], [115.82165068039622, 40.386694424928756], [115.82164754058442, 40.38687457072028]], [[115.82400812092882, 40.38662833696124], [115.82412591453496, 40.38662953494821], [115.82412748112941, 40.38653946196912], [115.82400968768012, 40.38653826398594], [115.82400812092882, 40.38662833696124]], [[115.82495203547235, 40.38654784449264], [115.82506982897819, 40.386549041516176], [115.8250713943108, 40.386458968505295], [115.82495360096182, 40.386457771485546], [115.82495203547235, 40.38654784449264]], [[115.74427285289119, 40.37894314280429], [115.74439062962546, 40.37894442180942], [115.7443923019795, 40.37885435137641], [115.74451007856456, 40.37885563025758], [115.74451175075428, 40.37876555981905], [115.744393974326, 40.37876428094192], [115.74439564666493, 40.378674210505984], [115.74451342293645, 40.378675489379056], [115.74452011158972, 40.378315207604444], [115.74428456030834, 40.378312649770756], [115.74428288784281, 40.37840272020851], [115.74416511205668, 40.378401441107755], [115.74416678467898, 40.378311370674055], [115.74404900905716, 40.378310091457436], [115.7440406450864, 40.378760443591084], [115.74415842149205, 40.37876172282794], [115.74415674883203, 40.378851793254334], [115.74427452540199, 40.37885307237532], [115.74427285289119, 40.37894314280429]], [[115.82414596798353, 40.378701909553165], [115.82426374778994, 40.378703107206576], [115.82426531376245, 40.37861303409918], [115.82414753411283, 40.37861183644958], [115.82414596798353, 40.378701909553165]], [[115.82426687972792, 40.37852296099032], [115.8243846592278, 40.37852415851622], [115.8243862250294, 40.37843408540213], [115.8242684456863, 40.37843288788002], [115.82426687972792, 40.37852296099032]], [[115.74442574747573, 40.3770529424085], [115.74454352092557, 40.377054221208724], [115.74454519296441, 40.37696415074091], [115.74442741967131, 40.37696287194473], [115.74442574747573, 40.3770529424085]], [[115.82439561969068, 40.37789364668693], [115.82463117651675, 40.37789604132591], [115.82463274195534, 40.37780596819403], [115.82439718544283, 40.37780357356264], [115.82439561969068, 40.37789364668693]], [[115.8224467100311, 40.37481078803653], [115.8228000289302, 40.374814385543914], [115.82280159663672, 40.37472431242314], [115.82291936946046, 40.374725511348664], [115.82292093700318, 40.37463543822263], [115.82280316433616, 40.374634239300896], [115.82280473202854, 40.3745441661772], [115.8229225045388, 40.37454536509514], [115.82292563958882, 40.374365218835784], [115.82280786739204, 40.37436401992544], [115.82281257038429, 40.374093800536855], [115.82269479866486, 40.37409260151799], [115.82269793427115, 40.37391245525923], [115.82246239148047, 40.37391005687695], [115.82246395958649, 40.37381998375298], [115.82234618835851, 40.3738187843858], [115.8223477566142, 40.373728711264164], [115.82222998555007, 40.37372751178086], [115.82222841713764, 40.3738175848987], [115.8221106459238, 40.3738163852917], [115.82210123436008, 40.37435682394536], [115.82221900651437, 40.374358023575134], [115.82221430110724, 40.37462824289366], [115.82233207373888, 40.37462944241492], [115.82233050541242, 40.37471951552198], [115.82244827820789, 40.37472071492713], [115.8224467100311, 40.37481078803653]], [[115.82160809385687, 40.36885636306501], [115.82172585641538, 40.368857563062605], [115.8217274252222, 40.36876748988356], [115.82160966282039, 40.36876628988974], [115.82160809385687, 40.36885636306501]], [[115.81891528232435, 40.36792799908904], [115.81903304315288, 40.36792920180586], [115.81903461549297, 40.36783912869968], [115.81891685482118, 40.36783792598667], [115.81891528232435, 40.36792799908904]], [[115.75572348710796, 40.36483290645869], [115.75654775607337, 40.36484177279885], [115.75654941141329, 40.36475170172772], [115.75702042178834, 40.36475676555496], [115.75702207649418, 40.36466669446636], [115.75772859134074, 40.36467428658753], [115.75772693757487, 40.36476435770016], [115.75843345362996, 40.36477194553056], [115.75843510645588, 40.36468187439392], [115.75855285900118, 40.36468313860883], [115.758554511663, 40.36459306746672], [115.75867226405909, 40.36459433155777], [115.75867887400511, 40.364234046958686], [115.75809011523236, 40.36422772538492], [115.75808846197376, 40.36431779651688], [115.75773520632963, 40.36431400212236], [115.75773355259358, 40.36440407324085], [115.75714479255265, 40.364397746832914], [115.7571431380259, 40.36448781792993], [115.75667212950088, 40.36448275463018], [115.75667047434, 40.364572825709686], [115.75596396083658, 40.3645652271404], [115.7559623047283, 40.36465529819441], [115.75584455234718, 40.36465403134268], [115.7558428960748, 40.36474410239121], [115.75572514354451, 40.364742835415626], [115.75572348710796, 40.36483290645869]], [[115.73034992811652, 40.361313902998866], [115.7305854189589, 40.36131648832014], [115.73058710864517, 40.36122641809114], [115.73070485392114, 40.36122771056794], [115.73070654344316, 40.36113764033337], [115.7305887983238, 40.361136347860665], [115.73059048799482, 40.361046277628716], [115.73035499809221, 40.361043692332004], [115.73034992811652, 40.361313902998866]], [[115.78999610263577, 40.358259745002485], [115.79011384539855, 40.3582609769228], [115.79011545568623, 40.358170904616436], [115.78999771308007, 40.358169672700015], [115.78999610263577, 40.358259745002485]], [[115.78507840155193, 40.35667666958954], [115.7851961413466, 40.35667790647625], [115.78519775808812, 40.356587834309124], [115.78508001845003, 40.35658659742633], [115.78507840155193, 40.35667666958954]], [[115.78496227881924, 40.35658536042371], [115.78508001845003, 40.35658659742633], [115.78508486910059, 40.356316380927936], [115.7849671299396, 40.35631514393707], [115.78497036398338, 40.35613499960533], [115.78485262514286, 40.35613376250246], [115.78485424231042, 40.356043690338325], [115.78461876496448, 40.35604121578094], [115.78462199990406, 40.355861071463934], [115.78450426155523, 40.35585983401333], [115.78450587917068, 40.35576976185656], [115.78415266463777, 40.3557660487976], [115.7841542827157, 40.35567597665113], [115.78403654470925, 40.35567473872907], [115.7840381629365, 40.355584666585045], [115.78392042509394, 40.3555834285471], [115.7839155699206, 40.35585364496304], [115.78403330823292, 40.35585488301274], [115.78403007172737, 40.356035027290574], [115.78414781036021, 40.35603626522829], [115.78414619225306, 40.35612633736893], [115.7842639310498, 40.35612757519074], [115.78426069512685, 40.356307719475474], [115.78437843424406, 40.35630895718529], [115.78437681642824, 40.35639902932939], [115.78484777359647, 40.35640397898612], [115.78484615639975, 40.35649405114441], [115.78496389586664, 40.35649528826295], [115.78496227881924, 40.35658536042371]], [[115.78066433530095, 40.353296913606684], [115.78101753649271, 40.35330063713131], [115.78102240279587, 40.353030420886874], [115.78114013607136, 40.35303166181035], [115.78114337992376, 40.35285151763223], [115.78090791400638, 40.35284903568119], [115.78090953623473, 40.35275896359779], [115.78055633788325, 40.352755239784436], [115.78055796057401, 40.352665167711365], [115.78044022796138, 40.35266392620457], [115.7804418508014, 40.35257385413396], [115.78020638591126, 40.35257137076879], [115.78020476275812, 40.35266144283154], [115.77985156500816, 40.352657716873445], [115.77984994137796, 40.352747788922926], [115.77996767411055, 40.352749031032694], [115.77996442714138, 40.35292917513515], [115.78008216019441, 40.352930417132974], [115.78008053685541, 40.353020489185944], [115.7803160032966, 40.35302297283003], [115.78031438026342, 40.353113044889405], [115.78054984704704, 40.35311552806211], [115.78054822431969, 40.35320560012787], [115.78066595787907, 40.35320684153845], [115.78066433530095, 40.353296913606684]], [[115.78009190007464, 40.35238998478449], [115.78020963219558, 40.352391226638936], [115.78021125532676, 40.3523011545718], [115.78009352336237, 40.35229991272129], [115.78009190007464, 40.35238998478449]], [[115.78152414243348, 40.35132401370998], [115.78164187276349, 40.35132525407961], [115.78164349392809, 40.35123518194781], [115.78152576375463, 40.351233941582095], [115.78152414243348, 40.35132401370998]], [[115.77246382914763, 40.35095793000536], [115.77281701705496, 40.35096167839341], [115.7728186499393, 40.35087160655273], [115.7745845881218, 40.3508903322608], [115.77458295758578, 40.35098040416076], [115.77552479321241, 40.350990380215094], [115.775526422496, 40.350900308283556], [115.77599733985952, 40.35090529341975], [115.77600059715218, 40.35072514952075], [115.77576513908197, 40.350722657208024], [115.77576676803037, 40.350632585264215], [115.77529585260429, 40.35062759921697], [115.77529748217158, 40.35053752728749], [115.77517975349, 40.35053628048013], [115.7751830129156, 40.350356136624654], [115.77494755620069, 40.350353642666335], [115.77494918621555, 40.35026357074429], [115.77483145802567, 40.350262323589384], [115.77482982785425, 40.35035239550747], [115.77459437118345, 40.35034990083036], [115.77459600166796, 40.35025982892017], [115.77447827350016, 40.350258581405875], [115.77447990413388, 40.35016850949816], [115.77436217612998, 40.35016726186801], [115.77436380691287, 40.35007718996279], [115.77412835124022, 40.350074694350994], [115.77412672014422, 40.35016476624831], [115.77389126418788, 40.35016227014945], [115.77388963277141, 40.35025234203741], [115.77377190464776, 40.35025109380432], [115.77377027306738, 40.35034116568685], [115.77353481652902, 40.350338668853404], [115.77353318462818, 40.35042874072658], [115.77306227101361, 40.350423745606285], [115.77306390354065, 40.35033367374892], [115.77294617531197, 40.35033242467331], [115.77294780798819, 40.350242352818434], [115.7724768957733, 40.35023735533384], [115.77247526247089, 40.350327427172886], [115.77223980609453, 40.3503249277039], [115.7722365388414, 40.350505071361816], [115.77153016801068, 40.35049757003224], [115.77153180258026, 40.35040749822775], [115.77129634600877, 40.3504049968341], [115.7712947111261, 40.35049506863067], [115.7714124395647, 40.35049631939135], [115.77141080483122, 40.350586391190404], [115.77164626204366, 40.350588892360285], [115.77164462761588, 40.350678964165816], [115.77223327155876, 40.35068521501387], [115.77223163790639, 40.35077528683772], [115.77234936687366, 40.350776536651885], [115.77234773337045, 40.350866608478206], [115.7724654625016, 40.350867858176535], [115.77246382914763, 40.35095793000536]], [[115.77117861773408, 40.350403745957585], [115.77129634600877, 40.3504049968341], [115.77129798088404, 40.35031492503608], [115.77153343714244, 40.35031742642182], [115.7715367062447, 40.35013728280554], [115.7714189784249, 40.350136032180494], [115.77142388249263, 40.349865816757], [115.77130615514987, 40.349864566024024], [115.77130778998091, 40.34977449421722], [115.77107233563056, 40.349771992399816], [115.77107070048643, 40.349862064198696], [115.77095297316582, 40.34986081310634], [115.77095460846648, 40.34977074131142], [115.77048369988385, 40.34976573575989], [115.77048533580336, 40.34967566397935], [115.7703676088327, 40.34967441229594], [115.77036597275666, 40.34976448407253], [115.77024824563685, 40.34976323226536], [115.77024497314959, 40.3499433758062], [115.7703627005825, 40.34994462762129], [115.77035779226586, 40.35021484293348], [115.77082870394989, 40.3502198490434], [115.77082706845577, 40.350309920827044], [115.77118025276592, 40.35031367416351], [115.77117861773408, 40.350403745957585]], [[115.77260278943483, 40.34978824564768], [115.77272051670212, 40.349789495058964], [115.77272214964727, 40.349699423203205], [115.7726044225365, 40.349698173795886], [115.77260278943483, 40.34978824564768]], [[115.77050005874652, 40.34886501788871], [115.77073550989223, 40.34886752082484], [115.77073714542485, 40.34877744902175], [115.7705016945922, 40.34877494609355], [115.77050005874652, 40.34886501788871]], [[115.768972902773, 40.3486685936356], [115.76909062793311, 40.3486698467129], [115.76909226564244, 40.34857977496239], [115.76897454063887, 40.348578521889046], [115.768972902773, 40.3486685936356]], [[115.7459573095553, 40.345268193324344], [115.74607502777569, 40.345269469738525], [115.74607669590186, 40.34517939872136], [115.74595897783797, 40.34517812231124], [115.7459573095553, 40.345268193324344]], [[115.73089788121825, 40.34465347100522], [115.73125103064787, 40.34465734581886], [115.73125271845508, 40.344567275306424], [115.73137043479035, 40.344568566667355], [115.73137212243347, 40.34447849614934], [115.73090125776406, 40.344473330003396], [115.73089788121825, 40.34465347100522]], [[115.7605791584102, 40.344074482473424], [115.76081459201876, 40.344077005358464], [115.76081624047018, 40.34398693381734], [115.76093395712913, 40.343988195076214], [115.7609356054166, 40.34389812352963], [115.76105332192647, 40.34389938466475], [115.76105661816615, 40.343719241559214], [115.76117433437048, 40.34372050256659], [115.76117598232267, 40.34363043100763], [115.76094055023447, 40.3436279088811], [115.76094219849219, 40.34353783732867], [115.76082448261575, 40.343536576089754], [115.76082613102255, 40.343446504539834], [115.76070841531, 40.343445243185144], [115.76070676674672, 40.34353531473107], [115.76058905088512, 40.343534053252604], [115.76058740215791, 40.343624124793074], [115.76035197014404, 40.343621601468875], [115.76034702297876, 40.34389181605751], [115.76046473945146, 40.34389307779147], [115.760463090538, 40.343983149322085], [115.76058080717463, 40.34398441094026], [115.7605791584102, 40.344074482473424]], [[115.76024250005743, 40.34316998197012], [115.76047793049148, 40.343172505493904], [115.76048122817711, 40.342992362404885], [115.76024579836903, 40.34298983889707], [115.76024744751365, 40.342899767358354], [115.76012973277726, 40.34289850542879], [115.76012808347615, 40.34298857696352], [115.7598926537127, 40.34298605273713], [115.75989100409113, 40.343076124262396], [115.76024414921694, 40.34307991043433], [115.76024250005743, 40.34316998197012]], [[115.65244784132817, 40.33457692747888], [115.65256553659654, 40.33457829875955], [115.65256732842197, 40.3344882309206], [115.65244963330998, 40.33448685964428], [115.65244784132817, 40.33457692747888]], [[115.65903878878348, 40.33465353483796], [115.65915648450336, 40.33465489941468], [115.65915826757053, 40.33456483133326], [115.65904057200704, 40.33456346676086], [115.65903878878348, 40.33465353483796]], [[115.65915826757053, 40.33456483133326], [115.6593936587216, 40.33456756011891], [115.65939722420622, 40.33438742393441], [115.65951491948103, 40.33438878813903], [115.65951670205487, 40.334298720040245], [115.65963439718132, 40.33430008412083], [115.65963617959072, 40.33421001601626], [115.65951848462069, 40.33420865193999], [115.65952026717844, 40.33411858383826], [115.65963796199212, 40.334119947910224], [115.659643309148, 40.333849743583244], [115.65976100350052, 40.333851107522534], [115.65976456791813, 40.333670971288555], [115.65941148582306, 40.33366687913745], [115.65941326848896, 40.333576811031215], [115.65976635011486, 40.333580903169356], [115.65976813230357, 40.33349083504869], [115.65988582603856, 40.333492198851], [115.6598911720873, 40.33322199446721], [115.65977347882149, 40.33322063067785], [115.65977526097802, 40.33313056255129], [115.65906910249026, 40.33312237732716], [115.65906731939538, 40.333212445427804], [115.65894962618584, 40.33321108080049], [115.65894427638379, 40.333481285080644], [115.6590619700625, 40.333482649720914], [115.65904235522258, 40.3344733986823], [115.65916005062964, 40.33447476325038], [115.65915826757053, 40.33456483133326]], [[115.6525691202393, 40.334398163080174], [115.65268681520297, 40.334399534232446], [115.65269219013734, 40.33412933068933], [115.65245680115646, 40.33412658829111], [115.65245500920696, 40.334216656131616], [115.65257270384976, 40.33421802739491], [115.6525691202393, 40.334398163080174]], [[115.65344670307624, 40.33170572182343], [115.65356439340489, 40.331707092007605], [115.6535679740285, 40.331526956164566], [115.6534502840126, 40.33152558598907], [115.65344670307624, 40.33170572182343]], [[115.6532346020176, 40.33053209818], [115.65335229029729, 40.330533468547195], [115.65335408082089, 40.330443400615934], [115.65323639269754, 40.33044203025308], [115.6532346020176, 40.33053209818]], [[115.65242332653773, 40.329892026951484], [115.65254101366634, 40.32989339812615], [115.65254280522794, 40.329803330214936], [115.65242511825568, 40.32980195904462], [115.65242332653773, 40.329892026951484]], [[115.65254280522794, 40.329803330214936], [115.65266049220826, 40.32980470126559], [115.65266228360541, 40.329714633348566], [115.65277997043744, 40.32971600427517], [115.65278176167017, 40.32962593635235], [115.65254638832684, 40.329623194388134], [115.65254280522794, 40.329803330214936]], [[115.63754414997325, 40.32638442188552], [115.6386032730753, 40.32639689349526], [115.63860508294135, 40.32630682604866], [115.63884044340784, 40.326309596192296], [115.63884225295305, 40.32621952873546], [115.63872457287206, 40.32621814372787], [115.63872819225065, 40.326038008818536], [115.63849283273845, 40.32603523846186], [115.63849464272815, 40.32594517101375], [115.63837696314063, 40.3259437856603], [115.63837877327849, 40.325853718215086], [115.63826109385545, 40.32585233274634], [115.63825928356125, 40.32594240018715], [115.63767088578687, 40.32593547102637], [115.63766907470288, 40.32602553844377], [115.63755139501619, 40.32602415224821], [115.63754958376772, 40.32611421965974], [115.63743190393285, 40.32611283334011], [115.63742828109874, 40.32629296815], [115.63754596124623, 40.32629435447841], [115.63754414997325, 40.32638442188552]], [[115.63851274217627, 40.325044496451575], [115.63863042020876, 40.325045881641515], [115.63863222995234, 40.32495581417281], [115.6389852636298, 40.32495996901145], [115.63899069140476, 40.32468976655702], [115.63887301397307, 40.32468838174364], [115.63887663276155, 40.3245082467754], [115.6389943098806, 40.324509631580035], [115.63899611910628, 40.32441956408932], [115.63887844214354, 40.324418179289076], [115.63888206088306, 40.32423804431201], [115.63876438424109, 40.324236659400874], [115.63876076518895, 40.324416794369164], [115.63864308824252, 40.32441540932959], [115.6386412785479, 40.324505476807154], [115.63852360145331, 40.32450409164352], [115.63851817185153, 40.32477429405419], [115.63840049429618, 40.32477290875774], [115.6383968742082, 40.32495304368203], [115.63851455207619, 40.324954428987255], [115.63851274217627, 40.325044496451575]], [[115.6391137960772, 40.3244209487699], [115.63923147305628, 40.3244223333308], [115.63923328196117, 40.32433226582987], [115.63911560513841, 40.32433088127333], [115.6391137960772, 40.3244209487699]], [[115.63899792832382, 40.324329496597144], [115.63911560513841, 40.32433088127333], [115.63911741419147, 40.324240813775305], [115.63899973753317, 40.32423942910349], [115.63899792832382, 40.324329496597144]], [[115.59487157213385, 40.32371174086044], [115.59498924568283, 40.32371317040569], [115.59499111334176, 40.32362310457639], [115.59510878674286, 40.32362453399746], [115.59511065423706, 40.323534468162165], [115.59522832749026, 40.32353589745905], [115.59523019481976, 40.32344583161776], [115.59534786792511, 40.32344726079046], [115.59535160224624, 40.32326712909439], [115.59523392945349, 40.32326569993073], [115.59523766405354, 40.3230855682378], [115.59511999158178, 40.32308413896354], [115.59512372646071, 40.32290400727373], [115.59488838216767, 40.32290114838433], [115.59489024990708, 40.322811082546274], [115.59477257792946, 40.322809652926615], [115.59477071003376, 40.32289971876016], [115.59453536579124, 40.32289685915284], [115.59453162934939, 40.32307699079739], [115.5944139569282, 40.3230755608052], [115.59441208853835, 40.32316562662074], [115.59452976111585, 40.32316705661746], [115.5945241563646, 40.32343725406874], [115.59464182941942, 40.323438683959395], [115.59463996130843, 40.32352874977806], [115.59475763452795, 40.32353017955357], [115.59475576656486, 40.323620245375295], [115.5948734399491, 40.323621675035675], [115.59487157213385, 40.32371174086044]], [[115.63846022103351, 40.321800681655354], [115.63869556583631, 40.3218034518392], [115.63869737528609, 40.32171338431742], [115.63881504754342, 40.32171476922548], [115.63881866610592, 40.321534634168735], [115.63870099416117, 40.321533249269436], [115.63870280358647, 40.321443181743234], [115.63846746003401, 40.32144041159446], [115.63846565029613, 40.32153047911191], [115.63834797837586, 40.32152909385364], [115.63834435856303, 40.32170922887532], [115.63846203079589, 40.32171061414235], [115.63846022103351, 40.321800681655354]], [[115.6090682625501, 40.320189709746714], [115.6095389351879, 40.32019536903871], [115.60954078328031, 40.32010530259516], [115.60977611933669, 40.32010813151433], [115.60978351037284, 40.319747865689536], [115.60966584296554, 40.31974645130769], [115.60966769086002, 40.31965638485227], [115.60978535811101, 40.31965779922965], [115.6097872058409, 40.31956773276828], [115.60955187165978, 40.31956490390284], [115.60955002361736, 40.31965497035524], [115.60943235638304, 40.31965355573859], [115.60943050817602, 40.31974362218504], [115.60931284079376, 40.31974220744426], [115.60931099242215, 40.319832273884764], [115.60919332489196, 40.31983085901985], [115.60919147635572, 40.3199209254544], [115.60907380867759, 40.31991951046537], [115.60907195997677, 40.320009576893945], [115.60895429215071, 40.3200081617808], [115.60895244328526, 40.320098228203435], [115.6090701112676, 40.32009964332107], [115.6090682625501, 40.320189709746714]], [[115.60967138662396, 40.31947625193701], [115.60978905356244, 40.31947766630543], [115.60979090127563, 40.3193875998411], [115.60967323449343, 40.31938618547717], [115.60967138662396, 40.31947625193701]], [[115.60979090127563, 40.3193875998411], [115.60990856806615, 40.31938901408542], [115.60991041561476, 40.319298947615145], [115.61002808225736, 40.31930036173533], [115.61002992964137, 40.319210295259104], [115.60979459667703, 40.31920746690804], [115.60979090127563, 40.3193875998411]], [[115.6164207202722, 40.311719463026925], [115.61653837408345, 40.31172087030771], [115.61654021232422, 40.31163080346483], [115.6164225586692, 40.31162939618851], [115.6164207202722, 40.311719463026925]], [[115.61408790206535, 40.310700557970165], [115.61420555399239, 40.31070196759407], [115.614207395266, 40.31061190082412], [115.61408974349516, 40.31061049120468], [115.61408790206535, 40.310700557970165]], [[115.61522772291463, 40.30675029943481], [115.61534536804425, 40.30675170778607], [115.615347207547, 40.30666164091101], [115.61522956257356, 40.30666023256421], [115.61522772291463, 40.30675029943481]], [[115.6151137574152, 40.3065687572302], [115.6152314022242, 40.306570165692136], [115.61523324186652, 40.30648009881859], [115.6151155972137, 40.30647869036111], [115.6151137574152, 40.3065687572302]], [[115.6013512302932, 40.306313075322926], [115.60146887397053, 40.3063144977721], [115.6014707318758, 40.30622443142133], [115.60135308835463, 40.306223008976666], [115.6013512302932, 40.306313075322926]], [[115.601825519918, 40.30613863167207], [115.6019431633165, 40.306140053633904], [115.60194502058037, 40.30604998726216], [115.60229795035768, 40.30605425241664], [115.60229980714469, 40.30596418602992], [115.60241745026441, 40.30596560750441], [115.6024193068869, 40.305875541111725], [115.60230166392336, 40.305874119641736], [115.60230352069362, 40.305784053252054], [115.60218587789461, 40.30578263166698], [115.6021840209682, 40.30587269805215], [115.60194873508298, 40.30586985451426], [115.60194687783586, 40.30595992088895], [115.60171159167186, 40.30595707686371], [115.60170973410403, 40.30604714322793], [115.60182737733801, 40.306048565304835], [115.601825519918, 40.30613863167207]], [[115.5995921573255, 40.306021525394556], [115.5997098004086, 40.30602294962397], [115.59971166063112, 40.30593288333636], [115.59959401770419, 40.30593145911144], [115.5995921573255, 40.306021525394556]], [[115.60018037282484, 40.30602864534587], [115.60041565908327, 40.306031492489296], [115.60041751836884, 40.30594142617465], [115.60065280434851, 40.305944272830736], [115.60066209908902, 40.305493941190186], [115.60054445687577, 40.30549251794446], [115.6005407386924, 40.30567265059611], [115.60042309617525, 40.305671227221794], [115.60042123691483, 40.30576129354088], [115.60018595159335, 40.305758446424484], [115.60018409201223, 40.30584851273309], [115.6000664492079, 40.30584708899102], [115.60006458946224, 40.305937155293634], [115.60018223242271, 40.30593857904022], [115.60018037282484, 40.30602864534587]], [[115.6014744476612, 40.30604429871534], [115.60159209087844, 40.306045721031424], [115.60159394860241, 40.30595565467172], [115.60147630554133, 40.30595423236014], [115.6014744476612, 40.30604429871534]], [[115.60088994901425, 40.30585705267433], [115.60136052051656, 40.3058627435768], [115.60136237853611, 40.30577267722314], [115.60100945036525, 40.305768409239164], [115.6010113088449, 40.305678342897544], [115.60112895140396, 40.30567976567396], [115.60113080971905, 40.30558969932634], [115.60124845213036, 40.30559112197866], [115.60125216842309, 40.30541098927001], [115.60066395801196, 40.30540387485764], [115.60066209908902, 40.305493941190186], [115.60077974131062, 40.30549536431632], [115.60077788253545, 40.305585430651895], [115.60089552492161, 40.30558685366296], [115.60088994901425, 40.30585705267433]], [[115.601595806318, 40.305865588310546], [115.60171344923128, 40.305867010498034], [115.60171530678234, 40.30577694413086], [115.60159766402523, 40.30577552194787], [115.601595806318, 40.305865588310546]], [[115.60136237853611, 40.30577267722314], [115.60148002127647, 40.3057740996453], [115.60148187913146, 40.305684033285665], [115.60136423654725, 40.305682610868004], [115.60136237853611, 40.30577267722314]], [[115.60148187913146, 40.305684033285665], [115.60159952172407, 40.305685455583735], [115.60160137941453, 40.305595389218105], [115.6014837369781, 40.30559396692453], [115.60148187913146, 40.305684033285665]], [[115.60195244955209, 40.305689721760444], [115.60218773481266, 40.30569256528034], [115.60218959172234, 40.305602498892206], [115.6024248767041, 40.30560534192476], [115.60242858987371, 40.30542520912608], [115.60254623206482, 40.305426630453994], [115.60254808848093, 40.30533656404793], [115.60243044644596, 40.30533514272453], [115.60243230300982, 40.3052450763215], [115.60254994488864, 40.3052464976404], [115.60255180128797, 40.305156431231374], [115.60266944301901, 40.3051578524262], [115.60267129925384, 40.30506778601121], [115.6027889408371, 40.30506920708196], [115.60279079690739, 40.30497914066099], [115.60267315548029, 40.30497771959474], [115.6026750116984, 40.30488765317679], [115.60255737043582, 40.30488623199546], [115.60255922680166, 40.30479616558054], [115.60267686790809, 40.304797586757374], [115.60268243648699, 40.30452738749022], [115.60280007713335, 40.30452880853398], [115.60280564516847, 40.30425860924005], [115.60257036482103, 40.304255767059956], [115.60257222112833, 40.30416570063469], [115.60221930113839, 40.304161436481216], [115.60222301466467, 40.303981303653245], [115.60198773533783, 40.303978460304386], [115.60198587826659, 40.304068526710104], [115.60186823845959, 40.3040671048518], [115.60185338033895, 40.30478763600839], [115.60173573929116, 40.304786213994504], [115.60173202436495, 40.30496634675987], [115.60161438301321, 40.30496492461741], [115.60161252538137, 40.30505499099336], [115.60149488388188, 40.30505356872681], [115.60149302608552, 40.3051436350968], [115.60137538443826, 40.30514221270615], [115.60137352647736, 40.30523227907017], [115.60149116828079, 40.305233701465305], [115.6014874526462, 40.30541383419787], [115.60160509477032, 40.30541525648243], [115.60160137941453, 40.305595389218105], [115.60195430677409, 40.305599655381315], [115.60195244955209, 40.305689721760444]], [[115.60125216842309, 40.30541098927001], [115.60136981053044, 40.30541241179374], [115.60137166850811, 40.305322345432685], [115.60125402655687, 40.305320922913474], [115.60125216842309, 40.30541098927001]], [[115.60032032869718, 40.30494927315796], [115.60043796995672, 40.3049506966158], [115.60043982914169, 40.3048606302834], [115.60055747025346, 40.30486205361717], [115.6005593292739, 40.30477198727879], [115.60067697023791, 40.30477341048847], [115.60067882909378, 40.30468334414412], [115.60079646991004, 40.3046847672297], [115.60079832860141, 40.30459470087934], [115.6006806879413, 40.30459327779826], [115.60068254678043, 40.30450321145094], [115.60044726579768, 40.30450036493903], [115.60044540664624, 40.30459043127734], [115.6003277660113, 40.304589007837514], [115.60032404737102, 40.304769140500696], [115.60020640643215, 40.304767716932275], [115.60020454694327, 40.304857783257134], [115.60032218803829, 40.30485920683006], [115.60032032869718, 40.30494927315796]], [[115.59669209525293, 40.30400442470656], [115.59680973469077, 40.3040058518262], [115.59681159863231, 40.303915785618884], [115.5969292379224, 40.30391721261442], [115.5969348292282, 40.30364701397008], [115.5970524680583, 40.3036484408325], [115.5970561952412, 40.30346830838651], [115.59693855672342, 40.30346688153313], [115.59694042045838, 40.30337681531243], [115.59682278210515, 40.303375388344016], [115.59682091821401, 40.30346545456018], [115.59670327971304, 40.303464027467655], [115.59670700779914, 40.30328389504287], [115.59647173144697, 40.30328104051716], [115.59646986709583, 40.30337110672127], [115.5963522287762, 40.303369679274546], [115.59634663520393, 40.30363987786441], [115.59646427399198, 40.303641305324696], [115.59646240960721, 40.303731371522886], [115.59658004855982, 40.30373279886812], [115.59657818432278, 40.30382286506934], [115.59669582343993, 40.30382429229951], [115.59669209525293, 40.30400442470656]], [[115.5995210251049, 40.30376844363711], [115.59987394264286, 40.30377271598727], [115.59987766234785, 40.30359258332764], [115.59976002347241, 40.30359115933951], [115.59975816346798, 40.30368122566556], [115.59952288542999, 40.30367837732156], [115.5995210251049, 40.30376844363711]], [[115.60246386331478, 40.303713947243764], [115.60281678101276, 40.30371821061228], [115.60282049289391, 40.303538077724546], [115.60258521504478, 40.30353523561643], [115.60258335879611, 40.30362530205204], [115.60246571972796, 40.30362388081412], [115.60246386331478, 40.303713947243764]], [[115.59517771211115, 40.30326533207645], [115.59529535019053, 40.30326676071438], [115.59529721609461, 40.303176694554004], [115.59541485402627, 40.30317812306784], [115.59541671976581, 40.30308805690146], [115.59553435754975, 40.3030894852912], [115.59553622312474, 40.302999419118834], [115.59565386076095, 40.303000847384475], [115.59565759157344, 40.30282071502625], [115.5961281409533, 40.30282642685696], [115.59613373523536, 40.30255622825429], [115.59578082459302, 40.30255194460129], [115.59577895937234, 40.30264201079011], [115.59566132235224, 40.30264058266212], [115.59565945696706, 40.30273064884492], [115.59542418263985, 40.30272779222119], [115.59542231693395, 40.30281785839348], [115.59530467962685, 40.30281642989774], [115.5953028137564, 40.302906496064026], [115.59518517630156, 40.302905067444186], [115.59518331026659, 40.30299513360446], [115.59506567266405, 40.30299370486054], [115.59506194025657, 40.30317383716762], [115.59517957817138, 40.3031752659206], [115.59517771211115, 40.30326533207645]], [[115.60377087793597, 40.303099108948935], [115.60400615439104, 40.30310194862059], [115.60401171734036, 40.30283174912085], [115.60424699289206, 40.30283458828727], [115.6042525548293, 40.30256438874726], [115.60413491751768, 40.302562969237314], [115.60413306339082, 40.30265303574764], [115.6038977884804, 40.30265019636005], [115.6038959340329, 40.30274026285991], [115.6037782964341, 40.302738842982265], [115.6037764418221, 40.30282890947614], [115.60354116633732, 40.30282606935316], [115.60353745646371, 40.30300620231851], [115.60377273257305, 40.30300904245948], [115.60377087793597, 40.303099108948935]], [[115.6042525548293, 40.30256438874726], [115.60437019214928, 40.30256580813763], [115.60437204595553, 40.302475741616846], [115.60425440879166, 40.30247432223098], [115.6042525548293, 40.30256438874726]], [[115.59331792613075, 40.302161664509114], [115.59343556220182, 40.302163095005845], [115.593437430503, 40.30207302890014], [115.59331979458806, 40.30207159840793], [115.59331792613075, 40.302161664509114]], [[115.59355319828134, 40.302164525383], [115.59367083436925, 40.3021659556406], [115.59367270235815, 40.30207588952584], [115.59355506642636, 40.302074459272774], [115.59355319828134, 40.302164525383]], [[115.61288984743967, 40.30023588472354], [115.61300748115262, 40.30023729526463], [115.61300932333668, 40.300147228376964], [115.61289168977986, 40.300145817840345], [115.61288984743967, 40.30023588472354]], [[115.59102135020332, 40.29943104850666], [115.59113898142226, 40.29943248125864], [115.59114085259282, 40.29934241519923], [115.59102322153, 40.29934098245177], [115.59102135020332, 40.29943104850666]], [[115.58975550212237, 40.298064290114546], [115.59010838850142, 40.298068591752845], [115.59011026095028, 40.29797852571208], [115.59034551826635, 40.29798139286413], [115.5903492625143, 40.29780126076002], [115.59046689087283, 40.29780269414764], [115.59046876282805, 40.29771262808883], [115.59070401925823, 40.29771549449636], [115.59070214761518, 40.29780556056425], [115.59105503279201, 40.29780985929254], [115.59105690396676, 40.297719793211044], [115.59117453221982, 40.29772122587684], [115.59118014522521, 40.29745102760987], [115.59070963413672, 40.29744529628382], [115.59070776251899, 40.297535362356136], [115.59059013461187, 40.297533929221224], [115.59058826282961, 40.29762399528753], [115.59023537869064, 40.29761969515189], [115.59023350643164, 40.29770976120311], [115.59011587824611, 40.29770832758093], [115.59011400582261, 40.29779839362613], [115.58987874916468, 40.29779552601404], [115.58987687642055, 40.29788559204868], [115.58975924794815, 40.29788415805877], [115.58975550212237, 40.298064290114546]], [[115.60399050019322, 40.29814686948361], [115.60410812983845, 40.29814828901246], [115.6041099837034, 40.298058222432765], [115.60422761320088, 40.298059641837575], [115.60422946690134, 40.29796957525191], [115.60446472560918, 40.297972413693905], [115.6044665789891, 40.29788234709776], [115.6041136914082, 40.297878089268956], [115.60411183755997, 40.29796815585159], [115.60399420822698, 40.29796673633172], [115.60399050019322, 40.29814686948361]], [[115.58905347729119, 40.297875551608826], [115.5891711057129, 40.29787698631602], [115.5891729793936, 40.297786920308624], [115.58905535112798, 40.29778548560597], [115.58905347729119, 40.297875551608826]], [[115.58598454850872, 40.29270301180035], [115.58633740642578, 40.29270732446835], [115.58634116061826, 40.29252719251079], [115.58598830363748, 40.292522879870106], [115.58598454850872, 40.29270301180035]], [[115.58799532708007, 40.292187039756236], [115.58811294558481, 40.29218847537255], [115.58811482029378, 40.29209840931742], [115.58799720194507, 40.29209697370566], [115.58799532708007, 40.292187039756236]], [[115.5821200606129, 40.291844909075095], [115.58223767822597, 40.291846350653884], [115.5822395607118, 40.29175628482205], [115.58235717817729, 40.29175772627674], [115.58236094281139, 40.29157759459948], [115.58212570851308, 40.2915747115888], [115.5821200606129, 40.291844909075095]], [[115.5824804421216, 40.29148897008013], [115.58259805913593, 40.29149041128211], [115.5825999411197, 40.29140034543065], [115.58271755798648, 40.29140178650854], [115.58271943980573, 40.29131172065103], [115.58283705652495, 40.29131316160485], [115.58284081982588, 40.291133029876285], [115.58295843624153, 40.29113447070146], [115.5829678435652, 40.290684141331354], [115.58308545920914, 40.29068558201419], [115.58308734049238, 40.29059551613118], [115.58320495598876, 40.290596956689946], [115.58320871821775, 40.29041682491033], [115.58273825753139, 40.29041106199467], [115.58273261230278, 40.29068125960712], [115.5826149966843, 40.29067981856572], [115.58260935091121, 40.29095001615116], [115.5824917348331, 40.29094857497657], [115.58248608851554, 40.291218772535004], [115.58236847197782, 40.291217331227195], [115.58236658969894, 40.29130739707248], [115.58248420639272, 40.29130883838485], [115.5824804421216, 40.29148897008013]], [[115.58767997667307, 40.29038141117016], [115.58779759203163, 40.290382847054126], [115.58779946703963, 40.29029278098305], [115.58768185183712, 40.29029134510363], [115.58767997667307, 40.29038141117016]], [[115.58356532508046, 40.290241014029284], [115.58368293998664, 40.290242454091754], [115.5836867008995, 40.29006232226383], [115.5835690863054, 40.29006088221049], [115.58356532508046, 40.290241014029284]], [[115.58697616079952, 40.29028272731734], [115.58732900628026, 40.29028703674831], [115.58733088190394, 40.290196970693934], [115.58756611195466, 40.29019984304124], [115.58756798725781, 40.2901097769763], [115.58768560213983, 40.29011121296613], [115.58768935240872, 40.28993108082272], [115.58757173783879, 40.28992964484197], [115.58757361311658, 40.28983957877261], [115.58722076992557, 40.289835270126936], [115.587222645663, 40.289745204069725], [115.58734025989551, 40.28974664039991], [115.58734776213653, 40.28938637613806], [115.58746537575338, 40.289387812330546], [115.58746912651112, 40.28920768018167], [115.58770435314611, 40.28921055218992], [115.5877081032459, 40.28903042001692], [115.58782571626404, 40.28903185583268], [115.58782946601798, 40.2888517236447], [115.5879470787325, 40.28885315933185], [115.58794895344077, 40.28876309323109], [115.58783134088226, 40.28876165754847], [115.58783884025485, 40.28840139314882], [115.58772122832887, 40.28839995736486], [115.58772310330693, 40.2883098912658], [115.58748787979233, 40.28830701934848], [115.58748037858132, 40.2886672836995], [115.58736276621264, 40.28866584754339], [115.58735901524435, 40.288845979700945], [115.58724140257209, 40.28884454341622], [115.58723952691925, 40.28893460948822], [115.58735713974754, 40.28893604577748], [115.58735526424225, 40.28902611185256], [115.58723765125794, 40.28902467555875], [115.58723577558817, 40.2891147416278], [115.58711816245628, 40.28911330520993], [115.58711628662205, 40.289203371272954], [115.5869986733426, 40.28920193473103], [115.58699679734389, 40.289292000788016], [115.58687918391686, 40.289290564122034], [115.58687543158197, 40.28947069622249], [115.58664020412922, 40.289467822513785], [115.58663645113641, 40.28964795459011], [115.58651883711065, 40.28964651754739], [115.58651696044554, 40.2897365835788], [115.58639934627223, 40.28973514641201], [115.5863974694426, 40.289825212437385], [115.58627985512172, 40.28982377514654], [115.58627610112502, 40.290003907183745], [115.58639371575795, 40.290005344483696], [115.58639559260449, 40.28991527846127], [115.58663082158368, 40.28991815269353], [115.58663269810972, 40.28982808666054], [115.58686792681067, 40.28983096040564], [115.58686980301619, 40.28974089436207], [115.58698741722334, 40.2897423310508], [115.58697616079952, 40.29028272731734]], [[115.58780321703028, 40.290112648836455], [115.58792083192922, 40.29011408458725], [115.58792270675583, 40.2900240185072], [115.58780509201294, 40.29002258276094], [115.58780321703028, 40.290112648836455]], [[115.58725265631159, 40.288304146953124], [115.58748787979233, 40.28830701934848], [115.58749163034712, 40.28812688716408], [115.58737401891455, 40.28812545103526], [115.58737214348538, 40.28821551712364], [115.58725453190524, 40.28821408087076], [115.58725265631159, 40.288304146953124]], [[115.59045225931665, 40.247532721547955], [115.59115750724803, 40.24754131062979], [115.59115937496678, 40.24745124375962], [115.59139445736653, 40.24745410582313], [115.5914000595381, 40.24718390517651], [115.59057727455597, 40.24717388596099], [115.59057540608399, 40.247263952812936], [115.59034032442493, 40.247261089096845], [115.59033658683289, 40.24744122277818], [115.5904541279696, 40.24744265470497], [115.59045225931665, 40.247532721547955]]]}}, {"type": "Feature", "properties": {"year": 2022, "water_area_km2": 0.0052}, "geometry": {"type": "Polygon", "coordinates": [[[115.60316073520136, 40.22984905264491], [115.60317554018161, 40.22912851172795], [115.60329305030274, 40.22912993008375], [115.60329490073218, 40.22903986245799], [115.60317739076662, 40.22903844410668], [115.60318109191158, 40.22885830885972], [115.60329860156601, 40.228859727202035], [115.60330045197044, 40.228769659571846], [115.6035354709932, 40.22877249588972], [115.60353362089991, 40.22886256352889], [115.60365113057935, 40.22886398151343], [115.6036455807161, 40.22913418443556], [115.60376309087059, 40.22913560231431], [115.60375939123116, 40.22931573759733], [115.6038769017051, 40.2293171553658], [115.60387320234348, 40.229497290651885], [115.6037556915584, 40.22949587287443], [115.60375199185232, 40.229676008145645], [115.60363448076446, 40.22967459023995], [115.60363263074335, 40.22976465786884], [115.60351511950826, 40.2297632398394], [115.60351326932324, 40.229853307462314], [115.60316073520136, 40.22984905264491]]]}}, {"type": "Feature", "properties": {"year": 2022, "water_area_km2": 0.0176}, "geometry": {"type": "Polygon", "coordinates": [[[115.48275955072224, 40.200045001603925], [115.48276155873997, 40.19995493835445], [115.482644105301, 40.19995339855123], [115.48264812161992, 40.19977327205756], [115.48253066850059, 40.19977173214498], [115.48253267680177, 40.199681668900794], [115.48241522384677, 40.19968012887396], [115.48241723229421, 40.19959006563316], [115.48229977950359, 40.1995885254921], [115.48230379668186, 40.1994083990158], [115.48218634421089, 40.199406858765364], [115.48219036166357, 40.19922673229285], [115.48207290951223, 40.199225191933074], [115.48207893608921, 40.198955002227784], [115.48219638777468, 40.19895654257292], [115.48219839646029, 40.19886647932998], [115.48372526717591, 40.198886492914], [115.48372326050911, 40.19897655622035], [115.48466287525923, 40.198988862305384], [115.4846588643832, 40.19916898899158], [115.48454141219723, 40.199167451138116], [115.48453940659036, 40.199257514474105], [115.4844219542581, 40.19925597649666], [115.48441994848692, 40.199346039826295], [115.4843024960084, 40.199344501724845], [115.48430049007287, 40.19943456504812], [115.48394813222569, 40.19942995001447], [115.48394612581524, 40.19952001332163], [115.48371122031841, 40.199516936027194], [115.4837092135883, 40.199606999323116], [115.48359176069815, 40.19960546049235], [115.48358975380371, 40.199695523781905], [115.4834723007673, 40.19969398482715], [115.48346828664069, 40.19987411139206], [115.48335083330274, 40.199872572308436], [115.48334882607055, 40.19996263558378], [115.48323137258635, 40.19996109637616], [115.48322936518983, 40.20005115964513], [115.48275955072224, 40.200045001603925]]]}}, {"type": "Feature", "properties": {"year": 2022, "water_area_km2": 0.0428}, "geometry": {"type": "Polygon", "coordinates": [[[115.4771842638293, 40.197179002293], [115.47718627901988, 40.19708893923189], [115.47706883082999, 40.19708739386273], [115.47707084616674, 40.19699733080503], [115.4769533981412, 40.196995785321654], [115.47695541362415, 40.19690572226736], [115.47672051791086, 40.196902630953076], [115.47672253369531, 40.19681256790709], [115.47660508600754, 40.19681102207618], [115.47660710193816, 40.196720959033605], [115.47648965441478, 40.196719413088495], [115.47649368655931, 40.196539287008655], [115.47637623935556, 40.19653774095423], [115.47637825556944, 40.19644767791698], [115.47626080853004, 40.19644613174836], [115.47626282489013, 40.196356068714486], [115.4761453780151, 40.196354522431655], [115.47614739452138, 40.19626445940123], [115.4759125011091, 40.19626136648806], [115.4759145179168, 40.19617130346592], [115.47567962485142, 40.196168210086135], [115.47568365906069, 40.19598808405701], [115.47556621285214, 40.19598653719825], [115.47557024733558, 40.195806411172946], [115.4754528014467, 40.19580486420491], [115.47545481883004, 40.195714801194924], [115.4753373731055, 40.195713254112675], [115.47534140815543, 40.19553312809805], [115.47557629899255, 40.195536222123835], [115.47557831619335, 40.19544615910447], [115.4756957614703, 40.19544770593381], [115.47569777850674, 40.19535764290808], [115.47616755908432, 40.195363829014866], [115.47616957549062, 40.19527376596805], [115.47652191055342, 40.1952784042829], [115.47652392648484, 40.19518834121988], [115.47664137136871, 40.195189887081746], [115.4766433871358, 40.19509982401235], [115.47676083187345, 40.19510136975021], [115.47676284747621, 40.19501130667443], [115.47688029206769, 40.1950128522883], [115.4768823075061, 40.194922789206124], [115.47711719640581, 40.19492588006678], [115.47711921152462, 40.19483581697334], [115.47723665583283, 40.19483736222013], [115.47723867078729, 40.1947472991203], [115.47747355912044, 40.19475038924679], [115.4774755737553, 40.194660326135676], [115.47818023804103, 40.19466959362748], [115.47817822433771, 40.19475965676795], [115.47829566857236, 40.19476120093797], [115.4782936550152, 40.19485126408184], [115.47852854382224, 40.19485435207438], [115.47851243752261, 40.195574857249994], [115.47839499187246, 40.19557331327415], [115.4783909648963, 40.19575343954337], [115.4782735189447, 40.19575189543865], [115.47826546426242, 40.196112147939665], [115.47814801769881, 40.19611060369627], [115.47814398999272, 40.19629072992806], [115.47802654312763, 40.19628918555577], [115.47802251507466, 40.19646931177183], [115.47790506790813, 40.19646776727065], [115.47790305371277, 40.19655783037155], [115.47778560640003, 40.196556285746375], [115.47778359204034, 40.196646348840886], [115.4776661445814, 40.19664480409172], [115.47766413005732, 40.19673486717986], [115.47754668245221, 40.19673332230669], [115.4775446677638, 40.19682338538844], [115.47742722001247, 40.19682184039127], [115.47742319029786, 40.197001966540526], [115.47730574224508, 40.197000421414465], [115.47730171218357, 40.197180547547944], [115.4771842638293, 40.197179002293]]]}}]}