{"type": "FeatureCollection", "features": [{"type": "Feature", "properties": {"year": 2025, "water_area_km2": 0.0128}, "geometry": {"type": "Polygon", "coordinates": [[[115.8647965125828, 40.3991980068546], [115.86480105182693, 40.39892778462428], [115.86491886856183, 40.39892894134809], [115.86492189437654, 40.39874879317994], [115.86503971080438, 40.39874994977642], [115.86504122354452, 40.39865987568651], [115.86527685610676, 40.398662188512105], [115.86527836852619, 40.39857211441342], [115.8653961846606, 40.39857327064255], [115.86539769691626, 40.39848319653875], [115.86681148917779, 40.39849706188334], [115.86681299954326, 40.398406987734205], [115.86716644729118, 40.398410451359126], [115.86716795717899, 40.39832037719758], [115.86740358873114, 40.39832268567348], [115.8674050982982, 40.39823261150319], [115.86775854520664, 40.398236073305995], [115.8677600542961, 40.39814599912329], [115.86811350079499, 40.398149459835054], [115.86811500940678, 40.39805938563994], [115.86846845549611, 40.39806284526065], [115.86846694735517, 40.39815291946671], [115.8683491318283, 40.39815176637616], [115.86834762352359, 40.398241840577114], [115.86822980784657, 40.39824068736292], [115.86822829937815, 40.398330761558775], [115.868110483551, 40.398329608220905], [115.86810897491878, 40.398419682411664], [115.86787334297102, 40.3984173753686], [115.8678718340181, 40.3985074495506], [115.86763620178368, 40.398505142020184], [115.86763469251007, 40.39859521619343], [115.86751687624611, 40.39859406224455], [115.86751536680873, 40.39868413641268], [115.86727973398739, 40.3986818281476], [115.86727822422928, 40.39877190230696], [115.86704259112128, 40.39876959355451], [115.86704108104246, 40.39885966770512], [115.8666876309607, 40.39885620366537], [115.86668612040421, 40.398946277803574], [115.86586140268676, 40.39893819081808], [115.8658629143419, 40.398848116705466], [115.86539164785266, 40.39884349294522], [115.8653901355697, 40.39893356704321], [115.8652723188075, 40.39893241079944], [115.86527080636075, 40.39902248489231], [115.86515298944843, 40.399021328524874], [115.86514996422056, 40.39920147669892], [115.8647965125828, 40.3991980068546]]]}}, {"type": "Feature", "properties": {"year": 2025, "water_area_km2": 0.0074}, "geometry": {"type": "Polygon", "coordinates": [[[115.88193968627955, 40.39576149521295], [115.8819411763401, 40.39567142055273], [115.88182336459325, 40.39567028124817], [115.881824854804, 40.3955802065901], [115.88170704322076, 40.39557906716914], [115.88171151428347, 40.39530884319701], [115.88159370317774, 40.39530770366686], [115.88159817465069, 40.39503747969248], [115.88171598528564, 40.39503861921181], [115.88171747560627, 40.39494854454718], [115.88183528609099, 40.39494968394289], [115.88183826639818, 40.39476953460204], [115.88195607657582, 40.39477067387056], [115.88195905654226, 40.39459052451669], [115.88243029606458, 40.39459508036192], [115.8824288067124, 40.39468515505399], [115.8825466167667, 40.39468629371891], [115.88253470296274, 40.39540689123207], [115.88241689165304, 40.39540575253832], [115.88241540224037, 40.395495827217324], [115.88229759078047, 40.39549468839997], [115.88229610120415, 40.395584763073906], [115.88217828959401, 40.39558362413296], [115.88217679985405, 40.39567369880186], [115.88205898809373, 40.39567255973729], [115.88205749819011, 40.39576263440111], [115.88193968627955, 40.39576149521295]]]}}, {"type": "Feature", "properties": {"year": 2025, "water_area_km2": 0.0424}, "geometry": {"type": "Polygon", "coordinates": [[[115.85105329359847, 40.39662985151293], [115.85105482486347, 40.396539777829176], [115.85046576492839, 40.39653392266558], [115.8504672969711, 40.39644384899889], [115.8501138615638, 40.39644033447184], [115.85011539407039, 40.39635026081482], [115.84999758243873, 40.39634908906952], [115.84999911509533, 40.396259015414756], [115.84988130362748, 40.39625784355315], [115.84988283643412, 40.39616776990064], [115.84976502513013, 40.39616659792274], [115.84976809103645, 40.39598645062078], [115.84965028005324, 40.39598527853029], [115.8496564124106, 40.39562498392374], [115.849538602062, 40.395623811728086], [115.84954013529095, 40.395533738076516], [115.8494223251062, 40.39553256576458], [115.84942385848517, 40.395442492115265], [115.84918823845024, 40.39544014713882], [115.84918977213616, 40.39535007349547], [115.84871853277704, 40.39534538211746], [115.84872160138343, 40.39516523485609], [115.84860379187481, 40.395164061719015], [115.84861146405417, 40.394713693558636], [115.84872927277821, 40.39471486667715], [115.84874154664985, 40.39399427751514], [115.84885935412551, 40.39399545048396], [115.84886088817139, 40.39390537682844], [115.84897869549708, 40.39390654967357], [115.84898022937914, 40.39381647601288], [115.84909803655482, 40.39381764873429], [115.84909957027307, 40.39372757506845], [115.84945299137092, 40.393731092501625], [115.84945145812343, 40.393821166178604], [115.84956926532678, 40.39382233842005], [115.8495585334989, 40.3944528541441], [115.84967634180755, 40.39445402629153], [115.84967480881852, 40.394544099964286], [115.84955700035296, 40.39454292781314], [115.8495524008736, 40.394813148811544], [115.84967020980993, 40.39481432097381], [115.84966867679324, 40.394904394640726], [115.84990429500047, 40.39490673861268], [115.84990276229068, 40.39499681228556], [115.85037399941582, 40.39500149880437], [115.8503724673268, 40.39509157249064], [115.85072589571398, 40.39509508613091], [115.85072436408882, 40.39518515982683], [115.850959983362, 40.39518750166111], [115.85095845204376, 40.39527757536298], [115.85131188147614, 40.39528108722554], [115.85131035062172, 40.395371160937074], [115.8515459705917, 40.3953735015862], [115.85154444004424, 40.39546357530368], [115.85178006035567, 40.39546591548022], [115.85177853011514, 40.395555989203665], [115.85189634043813, 40.39555715911564], [115.8518932802502, 40.39573730656555], [115.85201109089395, 40.39573847636493], [115.85200803099227, 40.39591862381642], [115.85212584195676, 40.3959197935032], [115.8521227823413, 40.396099940956276], [115.85224059362656, 40.39610111053047], [115.8522390639654, 40.39619118425851], [115.85212125252323, 40.396190014680634], [115.85211819286634, 40.39637016212497], [115.85200038111721, 40.39636899241968], [115.85199885112148, 40.39645906613596], [115.85188103922229, 40.39645789630697], [115.85187950906275, 40.396547970018105], [115.85164388497128, 40.39654562999271], [115.85164235449093, 40.39663570369497], [115.85105329359847, 40.39662985151293]]]}}, {"type": "Feature", "properties": {"year": 2025, "water_area_km2": 0.011}, "geometry": {"type": "Polygon", "coordinates": [[[115.47465427604675, 40.383087748710885], [115.47465630788473, 40.38299768865797], [115.47453853758162, 40.38299613483609], [115.47454260154349, 40.38281601473562], [115.474424831563, 40.38281446080367], [115.47442889580167, 40.382634340707085], [115.47431112614379, 40.382632786665084], [115.47433348052485, 40.38164212608122], [115.47421571260008, 40.38164057197342], [115.47422180952705, 40.3813703917976], [115.47410404208162, 40.38136883758469], [115.47410607452899, 40.38127877752801], [115.47422384181773, 40.381280331736015], [115.47422587409923, 40.38119027167295], [115.4741081069672, 40.381188717469854], [115.47411013939625, 40.3810986574102], [115.47422790637154, 40.38110021160837], [115.47422993863468, 40.38101015154231], [115.47434770546245, 40.38101170561568], [115.47434973755973, 40.3809216455432], [115.47446750423994, 40.38092319949177], [115.47446953617136, 40.3808331394129], [115.47470506924586, 40.380836246940575], [115.47470303762789, 40.380926307029284], [115.47482080433561, 40.38092786061822], [115.47481877286518, 40.38101792071038], [115.47493653973878, 40.381019474184335], [115.47491622609758, 40.381920075072834], [115.47479845765682, 40.38191852154971], [115.47477610986905, 40.38290918230067], [115.47489388003376, 40.38291073587788], [115.47488981699391, 40.38309085600485], [115.47465427604675, 40.383087748710885]]]}}, {"type": "Feature", "properties": {"year": 2025, "water_area_km2": 0.0068}, "geometry": {"type": "Polygon", "coordinates": [[[115.63350298542471, 40.374984461072735], [115.63350480518955, 40.37489439457632], [115.63338704073534, 40.37489300275966], [115.63338886064871, 40.374802936266164], [115.63327109635942, 40.37480154433403], [115.63327473647489, 40.37462141135141], [115.63315697250724, 40.374620019308196], [115.63316243308897, 40.374349819836446], [115.63328019658653, 40.374351211866426], [115.63328565662424, 40.37408101236816], [115.6334034196599, 40.374082404265046], [115.63340523949934, 40.373992337758274], [115.63364076528187, 40.37399512118363], [115.63363894575582, 40.37408518769921], [115.63375670881608, 40.374086579236476], [115.63375488943852, 40.37417664575499], [115.63387265266371, 40.37417803717678], [115.63387083343466, 40.374268103698235], [115.63398859682472, 40.37426949500455], [115.63398677774416, 40.37435956152891], [115.63422230486239, 40.37436234379073], [115.63422048608703, 40.37445241032243], [115.63433824981513, 40.37445380127791], [115.63433643118829, 40.37454386781254], [115.63421866730344, 40.374542476852646], [115.63421502971168, 40.374722609908666], [115.63409726552166, 40.374721218820085], [115.63409544655677, 40.37481128534149], [115.63397768221823, 40.37480989412864], [115.63397586308842, 40.37489996064416], [115.6338580986014, 40.37489856930701], [115.63385627930666, 40.37498863581664], [115.63350298542471, 40.374984461072735]]]}}, {"type": "Feature", "properties": {"year": 2025, "water_area_km2": 0.0099}, "geometry": {"type": "Polygon", "coordinates": [[[115.47250476998907, 40.36351049386773], [115.4725068032836, 40.36342043359929], [115.47168265071872, 40.36340954334628], [115.47168468510009, 40.3633194831108], [115.47215562874156, 40.36332570681166], [115.47215969622418, 40.36314558629689], [115.4729838457579, 40.36315647309203], [115.47298587838945, 40.36306641279794], [115.47286814287084, 40.36306485790583], [115.47287017564979, 40.36297479761518], [115.47298791101184, 40.36297635250238], [115.47298994362505, 40.36288629220532], [115.4732254140635, 40.36288940161047], [115.47322744635441, 40.362799341302065], [115.47346291651641, 40.36280245021816], [115.47346494848502, 40.36271238989844], [115.47405362326754, 40.36272016006758], [115.47405159208176, 40.3628102204119], [115.47416932722233, 40.36281177409124], [115.47416323407975, 40.36308195512998], [115.47369229169364, 40.3630757396348], [115.47369026000152, 40.363165799958395], [115.47404346724707, 40.363170461774246], [115.47403940477476, 40.36335058244646], [115.47380393264226, 40.363347474669354], [115.47380190107921, 40.363437534993416], [115.47356642867022, 40.363434426727274], [115.47356439678485, 40.36352448703998], [115.47250476998907, 40.36351049386773]]]}}, {"type": "Feature", "properties": {"year": 2025, "water_area_km2": 0.0212}, "geometry": {"type": "Polygon", "coordinates": [[[115.51382878211545, 40.364139098562816], [115.51383273879301, 40.36395897461899], [115.51336178170958, 40.36395292054796], [115.513369697463, 40.363592672719086], [115.5132519588408, 40.36359115892096], [115.51325393791342, 40.363501096964825], [115.513018461009, 40.36349806901871], [115.51302044038586, 40.36340800707066], [115.51290270210362, 40.363406492922685], [115.51290468162816, 40.36331643097793], [115.51278694351143, 40.36331491671492], [115.5127889231836, 40.363224854773485], [115.51290666114375, 40.36322636903169], [115.51290864065041, 40.36313630708396], [115.51279090284686, 40.36313479283056], [115.51279486214656, 40.36295466894024], [115.51267712466509, 40.362953154576594], [115.51267316505222, 40.36313327845733], [115.51255542726652, 40.36313176396429], [115.51255344729012, 40.363221825897625], [115.51220023351688, 40.36321728168527], [115.51220221396304, 40.36312721976631], [115.51231995172193, 40.36312873461878], [115.5123239122743, 40.3629486107668], [115.51244164972896, 40.362950125489874], [115.51244362983518, 40.36286006355685], [115.51232589253708, 40.36285854883858], [115.51233381349887, 40.36249830111083], [115.51245155017064, 40.36249981580994], [115.51245353023218, 40.36240975386947], [115.51257126675631, 40.36241126844397], [115.51257324665234, 40.36232120649725], [115.51292645580855, 40.362325749487546], [115.51292447638225, 40.362415811448635], [115.51280673983136, 40.36241429723356], [115.51280476023955, 40.36250435918841], [115.51292249694703, 40.36250587340828], [115.51292051750288, 40.36259593536641], [115.51303825437587, 40.36259744947127], [115.51304419221182, 40.362327263578024], [115.51316192862403, 40.3623287775487], [115.51315994951088, 40.362418839519385], [115.51327768608859, 40.36242035337504], [115.5132856018613, 40.3620601054642], [115.51352107379087, 40.362063132777784], [115.51351711654868, 40.36224325675534], [115.51375258914027, 40.36224628360886], [115.51375061081892, 40.36233634560498], [115.51386834728469, 40.36233785885682], [115.51386241273686, 40.36260804485066], [115.51398014968126, 40.36260955799704], [115.51397817163738, 40.362699619996796], [115.5140959087473, 40.362701133028175], [115.51408601917697, 40.36315144302859], [115.51420375707872, 40.36315295596409], [115.51418793455494, 40.36387345192569], [115.51430567371828, 40.3638749647797], [115.51430369601924, 40.36396502677301], [115.51406821738829, 40.36396200093563], [115.51406623936715, 40.36405206291785], [115.51394849990847, 40.364050549814664], [115.5139465217218, 40.36414061179061], [115.51382878211545, 40.364139098562816]]]}}, {"type": "Feature", "properties": {"year": 2025, "water_area_km2": 0.0055}, "geometry": {"type": "Polygon", "coordinates": [[[115.49973604137698, 40.36233553606511], [115.49973803834861, 40.36224547464454], [115.49926709621711, 40.362239363392455], [115.499269093806, 40.362149301989724], [115.4993868291688, 40.362150829977615], [115.49938882659212, 40.36206076856857], [115.49985976750708, 40.36206687930275], [115.49986176429508, 40.361976817872865], [115.4992730889568, 40.3619691791798], [115.49927508651865, 40.36187911777261], [115.49915735163458, 40.36187758967943], [115.49915934934401, 40.36178752827557], [115.49951255355353, 40.36179211218123], [115.49951055631381, 40.36188217359958], [115.4996282912249, 40.361883701333355], [115.49963028830805, 40.36179363991016], [115.49986575784412, 40.361796695008636], [115.4998637610741, 40.36188675644149], [115.49998149601223, 40.361888283815865], [115.49998349262566, 40.36179822237818], [115.50010122741624, 40.361799749627906], [115.50009923095934, 40.361889811070434], [115.50080564083117, 40.36189897208198], [115.50080364530471, 40.36198903355201], [115.50092138047142, 40.36199055997278], [115.50091539430777, 40.36226074438841], [115.50079765867133, 40.362259217953145], [115.5007996542248, 40.36216915648759], [115.50056418329207, 40.362166103267306], [115.50056218742546, 40.3622561647232], [115.49997350946839, 40.362248529551735], [115.49997151280992, 40.36233859098199], [115.49973604137698, 40.36233553606511]]]}}, {"type": "Feature", "properties": {"year": 2025, "water_area_km2": 0.0079}, "geometry": {"type": "Polygon", "coordinates": [[[115.47633115182725, 40.36094845032894], [115.4763331798461, 40.360858389859956], [115.47609771613324, 40.36085528691039], [115.47609974445604, 40.360765226449736], [115.47562881776634, 40.360759019132715], [115.4756308467062, 40.36066895869022], [115.47551311521322, 40.360667406566385], [115.47551717337858, 40.360487285686716], [115.47563490455846, 40.36048883780072], [115.47563693347085, 40.36039877735374], [115.47551920244753, 40.360397225244654], [115.47552123150733, 40.36030716480109], [115.47540350064969, 40.360305612577115], [115.47540552985689, 40.360215552136985], [115.47528779916496, 40.36021399979813], [115.47528982851955, 40.36012393936141], [115.47540755905493, 40.360125491695335], [115.47540958824382, 40.360035431252214], [115.47564504902894, 40.3600385355509], [115.47564302015316, 40.36012859600383], [115.47576075071599, 40.3601301479784], [115.47575872198757, 40.36022020843477], [115.4756409912682, 40.3602186564553], [115.47563896237412, 40.360308716905266], [115.47575669325003, 40.360310268889656], [115.47575466450334, 40.360400329343044], [115.47599012659576, 40.36040343296226], [115.47598809815302, 40.36049349342397], [115.47610582936952, 40.360495045058805], [115.47610785765569, 40.36040498459218], [115.47634331980302, 40.360408087492644], [115.47634534776698, 40.36031802701472], [115.47669854058694, 40.36032268045225], [115.47669651309263, 40.3604127409449], [115.47704970646453, 40.36041739331903], [115.47704767943075, 40.36050745382493], [115.4772831420375, 40.360510554818525], [115.47727908856872, 40.360690675845476], [115.47704362533575, 40.36068757483225], [115.47703957120417, 40.3608676958336], [115.47692183928828, 40.36086614513747], [115.47691981205222, 40.360956205631], [115.47633115182725, 40.36094845032894]]]}}, {"type": "Feature", "properties": {"year": 2025, "water_area_km2": 0.0148}, "geometry": {"type": "Polygon", "coordinates": [[[115.45103341121863, 40.359981723379015], [115.45103753443318, 40.35980160454715], [115.4505666199872, 40.359795295308125], [115.4505686822067, 40.35970523590991], [115.45045095377499, 40.359703658305676], [115.45045301614171, 40.35961359891097], [115.44974664668611, 40.35960413080008], [115.44975077327007, 40.35942401206611], [115.4496330453731, 40.35942243363838], [115.44963510880767, 40.35933237427413], [115.44975283654807, 40.359333952696886], [115.4497548998168, 40.35924389332615], [115.44987262741, 40.35924547162412], [115.44987469051286, 40.35915541224691], [115.4497569630762, 40.35915383395394], [115.4497590263263, 40.35906377458024], [115.45011220819461, 40.35906850908482], [115.45011427096578, 40.35897844969463], [115.45023199811732, 40.35898002761827], [115.45023406072266, 40.35888996822159], [115.45046951474053, 40.35889312369953], [115.45047157702354, 40.358803064291386], [115.4505893038899, 40.35880464184569], [115.45058724176343, 40.35889470125884], [115.4507049687956, 40.35889627869835], [115.45070084482785, 40.35907639753015], [115.4505831174826, 40.35907482008064], [115.45058105532824, 40.359164879489306], [115.45046332783575, 40.35916330191503], [115.45046126551554, 40.35925336131721], [115.45034353787582, 40.359251783618156], [115.45034147538979, 40.359341843013844], [115.45057693099159, 40.35934499830215], [115.45057486880933, 40.359435057706335], [115.45069259678071, 40.359436635175804], [115.45069053474566, 40.35952669458348], [115.45092599102942, 40.35952984917306], [115.45092392929816, 40.35961990858922], [115.45104165761053, 40.359621485709326], [115.45104371918526, 40.35953142628816], [115.45127917552483, 40.35953458015903], [115.45128123677718, 40.3594445207264], [115.45139896480437, 40.35944609747716], [115.45140308696811, 40.35926597859743], [115.45152081469155, 40.35926755521843], [115.45152493650502, 40.35908743632276], [115.45140720909468, 40.35908585971173], [115.45140927014401, 40.358995800266634], [115.4512915428995, 40.35899422354082], [115.45129772646132, 40.35872404521153], [115.45141545323627, 40.35872562192238], [115.45141751424842, 40.358635562471314], [115.45153524087608, 40.35863713905739], [115.45153318002049, 40.358727198513456], [115.45212181408102, 40.35873507967208], [115.45211975399876, 40.35882513915159], [115.45223748099527, 40.358826715028954], [115.45223542106025, 40.358916774511954], [115.45211769390721, 40.3589151986296], [115.45211563380634, 40.35900525810613], [115.45223336111593, 40.35900683399346], [115.45222718122724, 40.35927701242902], [115.45210945344806, 40.3592754365267], [115.45210533316272, 40.35945555546631], [115.45198760507975, 40.359453979434235], [115.4519834844442, 40.359634098357866], [115.45186575605746, 40.359632522196044], [115.45186369556917, 40.359722581650644], [115.45162823851051, 40.35971942895766], [115.45162617769986, 40.35980948840078], [115.45150844902794, 40.35980791186962], [115.45150638805146, 40.35989797130627], [115.45127093042242, 40.35989481787461], [115.45126886912355, 40.35998487729979], [115.45103341121863, 40.359981723379015]]]}}, {"type": "Feature", "properties": {"year": 2025, "water_area_km2": 0.0104}, "geometry": {"type": "Polygon", "coordinates": [[[115.4722410381712, 40.359543174747955], [115.47224713822561, 40.35927299378556], [115.47236486711387, 40.35927454918976], [115.47236690029044, 40.35918448886106], [115.47248462903131, 40.35918604414055], [115.47248869504388, 40.35900592346881], [115.4728418803823, 40.359010588559016], [115.4728439129052, 40.358920528206156], [115.47307936953025, 40.35892363765753], [115.47308140173094, 40.35883357729333], [115.47355231446487, 40.35883979473896], [115.47355434603023, 40.35874973435361], [115.47378980213911, 40.358752842347876], [115.47379183338222, 40.35866278195118], [115.47402728921467, 40.358665889456475], [115.47402932013554, 40.35857582904847], [115.4742647756916, 40.35857893606479], [115.47426680629025, 40.35848887564545], [115.47473771688605, 40.358495088221034], [115.47473568691356, 40.35858514866003], [115.47497114257949, 40.35858825423896], [115.47497317223893, 40.358498193790126], [115.4752086276284, 40.358501298880064], [115.47520456892654, 40.3586814197959], [115.47496911291091, 40.358678314686294], [115.47496708323317, 40.35876837513214], [115.47484935508255, 40.358766822392745], [115.47484732523912, 40.358856882832185], [115.47449414037258, 40.35885222388055], [115.47449211005036, 40.35894228430377], [115.47413892479668, 40.358937624259305], [115.47413689399569, 40.359027684666266], [115.47401916543956, 40.359026131073634], [115.47401713447286, 40.35911619147419], [115.47354621971382, 40.35910997588611], [115.47354418811183, 40.35920003626551], [115.47330873047422, 40.359196927742914], [115.47330669854998, 40.35928698811098], [115.47307124063593, 40.3592838790994], [115.47306920838942, 40.35937393945614], [115.47283375019899, 40.359370829955566], [115.47283171763023, 40.359460890300966], [115.47247852994369, 40.359456225136945], [115.47247649689614, 40.359546285466095], [115.4722410381712, 40.359543174747955]]]}}, {"type": "Feature", "properties": {"year": 2025, "water_area_km2": 0.0084}, "geometry": {"type": "Polygon", "coordinates": [[[115.4488275307925, 40.35860084727316], [115.44882959523898, 40.35851078793046], [115.44859414273397, 40.35850762913863], [115.44859620748421, 40.358417569804416], [115.44871393357552, 40.35841914925522], [115.44871599815991, 40.35832908991452], [115.4491869019922, 40.358335406499975], [115.44918896594119, 40.35824534713779], [115.4495421434436, 40.35825008330421], [115.44954420691366, 40.35816002392555], [115.44977965831542, 40.35816318076094], [115.44978172146315, 40.35807312137079], [115.44989944702147, 40.358074699603826], [115.44990151000336, 40.35798464020719], [115.45001923541444, 40.35798621831547], [115.45002129823051, 40.357896158912325], [115.45013902349439, 40.357897736895815], [115.45014108614463, 40.35780767748621], [115.45025881126128, 40.35780925534494], [115.45026293622081, 40.357629136511235], [115.4503806610337, 40.3576307142402], [115.450382723343, 40.35754065481613], [115.4505004480087, 40.357542232420315], [115.45050251015216, 40.35745217298974], [115.45062023467064, 40.35745375046916], [115.4506181726837, 40.35754380990473], [115.450735897368, 40.35754538726937], [115.45072146429465, 40.35817580331139], [115.45060373851469, 40.35817422591181], [115.45060167645333, 40.35826428533542], [115.45036622460825, 40.35826113016694], [115.45036416222456, 40.358351189579054], [115.45001098405714, 40.358346455913015], [115.45000892119454, 40.358436515308675], [115.44977346881639, 40.35843335892242], [115.44977140563147, 40.358523418306596], [115.44953595297747, 40.35852026143123], [115.44953388947016, 40.35861032080391], [115.4488275307925, 40.35860084727316]]]}}, {"type": "Feature", "properties": {"year": 2025, "water_area_km2": 0.244}, "geometry": {"type": "Polygon", "coordinates": [[[115.42573905506102, 40.36396428389385], [115.42577258295108, 40.36252335144803], [115.42589031490203, 40.3625249542642], [115.42589450540507, 40.36234483767139], [115.42601223705239, 40.362346440357605], [115.42601433213318, 40.36225638205388], [115.42613206363337, 40.36225798461524], [115.42613415854815, 40.36216792630494], [115.42648735263586, 40.362172733255065], [115.42648944707152, 40.362082674928054], [115.42731356584424, 40.36209388691686], [115.42731147250443, 40.36218394527934], [115.42766466687547, 40.36218874863574], [115.42766048110676, 40.36236886538661], [115.42777821289576, 40.36237046627597], [115.42777612015384, 40.36246052465422], [115.42801158407323, 40.36246372608367], [115.42800949163497, 40.36255378447056], [115.42836268805453, 40.36255858573149], [115.42836478002316, 40.3624685273294], [115.428717976058, 40.36247332749701], [115.42872006754753, 40.36238326907824], [115.42895553130482, 40.36238646858088], [115.42895762247183, 40.362296410150485], [115.42907535420807, 40.362298009717065], [115.42907744520909, 40.3622079512801], [115.42919517679822, 40.36220955072183], [115.42919726763324, 40.36211949227831], [115.42931499907526, 40.362121091595185], [115.42931918040391, 40.36194097469356], [115.42943691154224, 40.36194257388051], [115.42943900203588, 40.361852515422385], [115.42955673302711, 40.361854114484494], [115.42955882335477, 40.3617640560198], [115.4297942850524, 40.36176725377454], [115.42979637505752, 40.36167719529824], [115.42991410576394, 40.361678793990855], [115.42991619560308, 40.361588735508], [115.43003392616238, 40.36159033407577], [115.43003601583558, 40.361500275586366], [115.43015374624775, 40.36150187402929], [115.43015583575496, 40.36141181553333], [115.43027356602002, 40.36141341385141], [115.43027565536127, 40.36132335534888], [115.43039338547918, 40.36132495354211], [115.43039547465446, 40.36123489503304], [115.43051320462527, 40.36123649310143], [115.43052782749257, 40.36060608346065], [115.430645556377, 40.36060768137385], [115.43064973394121, 40.36042756431004], [115.43053200536986, 40.36042596640694], [115.43053409429436, 40.36033590787786], [115.43041636588893, 40.36033430986005], [115.43042263307552, 40.36006413427897], [115.43054036101132, 40.360065732281605], [115.43054244989814, 40.35997567374653], [115.4311310889358, 40.359983661937726], [115.43112900083166, 40.36007372049808], [115.4313644568257, 40.36007691494619], [115.43136236902522, 40.360166973515156], [115.43148009719292, 40.360168570564596], [115.43147592187675, 40.36034868770815], [115.431358193396, 40.36034709064861], [115.43135610556726, 40.360437149213084], [115.43147383420455, 40.36043874627768], [115.43147174652293, 40.360528804845735], [115.43182493296096, 40.360533595335966], [115.43182702017296, 40.360443536752754], [115.4321802062261, 40.36044832614978], [115.43218229295908, 40.360358267549934], [115.43288866438029, 40.36036784307949], [115.43289075016463, 40.36027778444784], [115.43312620706723, 40.36028097532265], [115.43312829252909, 40.36019091667941], [115.43336374915626, 40.36019410706499], [115.43336583429561, 40.36010404841016], [115.43360129064735, 40.360107238306504], [115.43360337546424, 40.36001717964009], [115.43372110349767, 40.36001877440352], [115.43372735742237, 40.35974859838016], [115.43384508499557, 40.35975019300868], [115.43384925391861, 40.359570075642175], [115.43396698118819, 40.35957167014083], [115.43396906547909, 40.3594816114503], [115.43432224687456, 40.359486394212446], [115.43432016305327, 40.35957645291812], [115.4356151639489, 40.359593980544986], [115.43561724604834, 40.35950392178385], [115.43608815512061, 40.359510291852736], [115.43608607364729, 40.35960035063404], [115.43691016598092, 40.35961149367828], [115.43691224635852, 40.35952143486172], [115.43726542845839, 40.35952620864027], [115.43726750835701, 40.3594361498071], [115.4375029628241, 40.359439331717155], [115.43750504240026, 40.35934927287242], [115.43774049659183, 40.3593524542933], [115.43774257584556, 40.359262395437], [115.43797802976155, 40.359265576368685], [115.43798010869283, 40.35917551750083], [115.43809783550839, 40.35917710778196], [115.43809991427376, 40.359087048907575], [115.43821764094214, 40.3590886390639], [115.43822595528377, 40.35872840353129], [115.43810822924148, 40.3587268133951], [115.43811030795999, 40.35863675451324], [115.43822803384572, 40.3586383446444], [115.43823634799982, 40.35827810908187], [115.43835407326885, 40.35827969907313], [115.43835615162743, 40.35818964017373], [115.43859160188056, 40.358192819786844], [115.43859367991672, 40.35810276087589], [115.4388291298943, 40.358105939999845], [115.43883120760803, 40.35801588107733], [115.43894893245437, 40.358017470454605], [115.43895308754067, 40.35783735259504], [115.43907081208333, 40.35783894184249], [115.4390728894559, 40.35774888290542], [115.43919061385141, 40.35775047202806], [115.4391926910581, 40.35766041308448], [115.43931041530647, 40.35766200208232], [115.43931456937868, 40.357481884180615], [115.43943229332339, 40.35748347304862], [115.43943437018893, 40.3573934140905], [115.43955209398649, 40.357395002833705], [115.43955417068614, 40.35730494386905], [115.43967189433656, 40.357306532487456], [115.43967397087032, 40.35721647351629], [115.43979169437357, 40.35721806200989], [115.43979377074146, 40.357128003032194], [115.44002921746304, 40.357131179650054], [115.44003129350853, 40.35704112066081], [115.44014901672683, 40.35704270878506], [115.44015109260648, 40.35695264978929], [115.44038653875818, 40.35695582566841], [115.44038861431541, 40.35686576666109], [115.44050633724878, 40.356867354415954], [115.44050218643798, 40.35704747243915], [115.44061990969375, 40.35704906008431], [115.44060745797576, 40.35758941414809], [115.44048973378088, 40.357587826472795], [115.44048350732595, 40.357858003469424], [115.44036578267091, 40.357856415659285], [115.44036163134109, 40.358036533639506], [115.44024390638235, 40.35803494569952], [115.44023975470206, 40.35821506366372], [115.44012202943964, 40.35821347559392], [115.44011787740884, 40.35839359354209], [115.44000015184272, 40.35839200534246], [115.43998977081921, 40.35884230016157], [115.43987204447986, 40.35884071181703], [115.43986789169182, 40.35902082972416], [115.43975016504875, 40.35901924124979], [115.43974808848417, 40.359109300196074], [115.43963036169396, 40.3591077115969], [115.43962828496348, 40.359197770536674], [115.43939283109806, 40.35919459296891], [115.43939075404514, 40.35928465189714], [115.43903757284772, 40.359279884632066], [115.43903549531585, 40.3593699435437], [115.43880004091803, 40.35936676475802], [115.43879588520001, 40.35954688255667], [115.43867815770209, 40.35954529297412], [115.43866984552749, 40.35990552853338], [115.4385521174128, 40.35990393881091], [115.43854796095617, 40.3600840565715], [115.4384302325378, 40.360082466719184], [115.43842607573062, 40.36026258446373], [115.43830834700852, 40.360260994481564], [115.43830418985075, 40.36044111221007], [115.4384219188859, 40.360442702202306], [115.4384198404495, 40.36053276106934], [115.43853756965056, 40.36053435094682], [115.43853549136132, 40.360624409817405], [115.43865322072831, 40.36062599958013], [115.43865114258625, 40.36071605845424], [115.43876887211914, 40.36071764810221], [115.43876471611998, 40.360897765855995], [115.43864698627397, 40.360896176197976], [115.43864490810375, 40.3609862350676], [115.4384094481268, 40.360983055382114], [115.43840736963415, 40.3610731142402], [115.43793644916659, 40.36106675341164], [115.43793437003838, 40.3611568122481], [115.43769890954775, 40.361153631105026], [115.43769683009705, 40.36124368992991], [115.43757909970928, 40.36124209917365], [115.43757702009266, 40.361332157992], [115.43745928955772, 40.36133056711092], [115.43745720977518, 40.36142062592275], [115.43733947909307, 40.36141903491685], [115.4373373991446, 40.36150909372215], [115.43710193749541, 40.361505911340906], [115.43709985722447, 40.36159597013463], [115.43686439529975, 40.36159278726417], [115.43686231470632, 40.361682846046314], [115.43674458360148, 40.36168125442636], [115.4367425028421, 40.36177131320199], [115.4365070403475, 40.36176812959263], [115.43650495926563, 40.36185818835668], [115.43603403376287, 40.36185181968032], [115.43603195204541, 40.36194187842272], [115.43567875754727, 40.36193710064252], [115.43567667535079, 40.36202715936832], [115.43532348046752, 40.36202238049487], [115.435321397792, 40.36211243920404], [115.43508593427036, 40.362109252679375], [115.43508385127232, 40.362199311376955], [115.43484838747516, 40.362196124363024], [115.4348463041546, 40.362286183049044], [115.4344931080597, 40.362281401614574], [115.4344910242601, 40.36237146028396], [115.43390236350714, 40.362363488805435], [115.43390027891537, 40.3624535474481], [115.43378254663645, 40.36245195278797], [115.43378046187871, 40.36254201142408], [115.43366272945264, 40.36254041663911], [115.43365855959586, 40.36272053389677], [115.43354082686605, 40.362718938981914], [115.433538741767, 40.362808997603445], [115.43342100889004, 40.36280740256375], [115.43341892362504, 40.36289746117875], [115.43318345758627, 40.362894270729875], [115.43318554316438, 40.362804212124956], [115.43295007747633, 40.362801021207], [115.43295216335817, 40.362710962610706], [115.43259896536635, 40.36270617535045], [115.43260313804112, 40.36252605818367], [115.43248540570912, 40.36252446220077], [115.43248957865934, 40.3623443450381], [115.43260731067824, 40.36234594101091], [115.43261356956334, 40.36207576524053], [115.43273130112202, 40.3620773610784], [115.43273338724168, 40.36198730248023], [115.43285111865319, 40.36198889819326], [115.43285529055119, 40.36180878098232], [115.43250209728417, 40.361803993514194], [115.4325041836887, 40.36171393492164], [115.43226872187084, 40.361710742687364], [115.43227080857905, 40.3616206841034], [115.43215307784078, 40.36161908781164], [115.43215725154208, 40.36143897064936], [115.43203952112631, 40.361437374247906], [115.43204160811938, 40.36134731566956], [115.4319238778696, 40.36134571915336], [115.43191970356094, 40.36152583629844], [115.43180197300747, 40.36152423965235], [115.43179988568248, 40.361614298217575], [115.43156442429067, 40.361611104555934], [115.43156233664318, 40.361701163109586], [115.43132687497595, 40.361697968958666], [115.43132478700593, 40.361788027500694], [115.4312070560299, 40.36178643024049], [115.43120914415647, 40.36169637170352], [115.4310914133464, 40.3616947743286], [115.4310893250633, 40.36178483286051], [115.43097159410611, 40.36178323536074], [115.430969505657, 40.361873293886106], [115.43061631237231, 40.36186850065287], [115.43061422344418, 40.36195855916159], [115.43049649221157, 40.36195696117253], [115.43049858129625, 40.361866902668886], [115.43026311917242, 40.36186370634153], [115.43026102977461, 40.361953764835064], [115.4301432985703, 40.36195216648664], [115.4301412090065, 40.36204222497362], [115.43002347765506, 40.362040626500345], [115.43002138792531, 40.36213068498077], [115.42990365642673, 40.36212908638265], [115.42990156653102, 40.362219144856525], [115.4297838348853, 40.36221754613356], [115.42977756467192, 40.36248772153101], [115.4298952967873, 40.36248932026915], [115.42989320685385, 40.362579378737045], [115.43001093913519, 40.36258097736045], [115.43000675955317, 40.36276109430184], [115.43012449215705, 40.362762692815586], [115.43012031285042, 40.362942809761115], [115.43023804577683, 40.36294440816516], [115.43023386674561, 40.36312452511483], [115.43035159999458, 40.3631261234092], [115.43034951062138, 40.36321618188684], [115.43046724403634, 40.363217780066485], [115.43045679781183, 40.363668072457514], [115.42998586107738, 40.36366167891902], [115.42999213071911, 40.36339150354959], [115.42987439702873, 40.36338990488065], [115.42988275704528, 40.363029671054], [115.4297650239906, 40.363028072285495], [115.42976711412771, 40.36293801383017], [115.42917844977848, 40.36293001821602], [115.42917635885854, 40.363020076646066], [115.42905862586042, 40.363018477158796], [115.4290544436792, 40.363198594004245], [115.42893671037741, 40.36319699438706], [115.42893461911606, 40.36328705280249], [115.42869915222765, 40.3632838531986], [115.42869706064377, 40.3633739116024], [115.42857932705718, 40.3633723116157], [115.4285772353073, 40.36346237001294], [115.42810630042895, 40.36345596884791], [115.4281042080434, 40.363546027223386], [115.42739780506969, 40.36353642185155], [115.42739989839461, 40.363446363506455], [115.42716443112536, 40.363443160767595], [115.4271686183731, 40.36326304409319], [115.42705088506575, 40.3632614425542], [115.42705297883204, 40.36317138421981], [115.42681751255881, 40.363168180792584], [115.42681541847942, 40.363258239116846], [115.42669768520042, 40.36325663721847], [115.4266934967002, 40.36343675385234], [115.42657576311753, 40.36343515182402], [115.42657366869666, 40.36352521013364], [115.4264559349669, 40.36352360798047], [115.42645384038003, 40.36361366628353], [115.42633610650314, 40.36361206400548], [115.4263340117503, 40.363702122301966], [115.42621627772625, 40.363700519899055], [115.4262141828074, 40.36379057818897], [115.42609644863627, 40.36378897566119], [115.42609435355139, 40.36387903394455], [115.42585888492435, 40.363875828519454], [115.42585678951693, 40.36396588679116], [115.42573905506102, 40.36396428389385]]]}}, {"type": "Feature", "properties": {"year": 2025, "water_area_km2": 0.0178}, "geometry": {"type": "Polygon", "coordinates": [[[115.46707727724515, 40.35875413686341], [115.46707931741999, 40.358664076749115], [115.46684386235802, 40.35866095509944], [115.46684590283671, 40.35857089499353], [115.46649272078238, 40.35856621163549], [115.46649884357207, 40.35829603135328], [115.46708747802732, 40.35830383627702], [115.46708951815613, 40.35821377615525], [115.46756042525988, 40.3582200179184], [115.46756246475336, 40.35812995777541], [115.46768019139579, 40.3581315179118], [115.46768223072353, 40.358041457762376], [115.4677999572186, 40.35804301777406], [115.4678040355335, 40.35786289746084], [115.46756858317866, 40.357859777337445], [115.46757062263536, 40.35776971718848], [115.46745289662829, 40.35776815695206], [115.4674549362323, 40.357678096806524], [115.46733721039094, 40.35767653645525], [115.46733925014232, 40.35758647631317], [115.46698607314302, 40.3575817945555], [115.46698811335473, 40.357491734426745], [115.46687038786324, 40.35749017360624], [115.46687242822229, 40.357400113480935], [115.46675470289654, 40.357398552545575], [115.46675878390006, 40.357218432300364], [115.46664105889654, 40.357216871255105], [115.46664718080238, 40.35694669089092], [115.4672358035642, 40.35695449484528], [115.46723376372074, 40.357044554992875], [115.46782238749518, 40.35705235597753], [115.46782442655604, 40.35696229580524], [115.46794215118199, 40.35696385563791], [115.46794011227765, 40.35705391581512], [115.46805783706934, 40.357055475532945], [115.46805987581716, 40.356965415350786], [115.46817760046152, 40.3569669749439], [115.46817352326971, 40.35714709531657], [115.46805579831232, 40.3571455357136], [115.4680496819861, 40.357415716246614], [115.46793195656831, 40.357414156509044], [115.46792991761798, 40.35750421667879], [115.46804764319228, 40.35750577642129], [115.46804152675571, 40.3577759569364], [115.46827697887106, 40.35777907609168], [115.4682729018268, 40.35795919644736], [115.46850835460505, 40.35796231514327], [115.46850631638218, 40.35805237532874], [115.46874176951027, 40.358055493555376], [115.46873769366309, 40.358235613941595], [115.46861996678138, 40.358234054878295], [115.46861792868746, 40.35832411506422], [115.46826474762793, 40.35831943714082], [115.46826270905524, 40.358409497310454], [115.46790952760885, 40.35840481829422], [115.46790748855736, 40.358494878447544], [115.46778976127045, 40.35849331853097], [115.4677877220532, 40.35858337867787], [115.46755226719388, 40.35858025847549], [115.46755022765439, 40.358670318611026], [115.46743250008198, 40.35866875832522], [115.46743046037675, 40.35875881845433], [115.46707727724515, 40.35875413686341]]]}}, {"type": "Feature", "properties": {"year": 2025, "water_area_km2": 0.007}, "geometry": {"type": "Polygon", "coordinates": [[[115.49701441295359, 40.35761564987747], [115.49701641321367, 40.35752558849558], [115.49678095884421, 40.357522527862265], [115.49678295940835, 40.35743246648857], [115.4966652323937, 40.357430935997094], [115.49667123450159, 40.357160751881594], [115.49678896104665, 40.35716228235856], [115.4967909615747, 40.357072220978914], [115.49714414079442, 40.357076811676556], [115.49714614084387, 40.356986750280896], [115.49691068833474, 40.35698368994526], [115.49691268868823, 40.3568936285578], [115.49750131924603, 40.35690127847432], [115.49750331880783, 40.356811217061136], [115.49797422279032, 40.35681733481892], [115.49797022490992, 40.3569974576825], [115.4982056775814, 40.35700051586207], [115.49820168029106, 40.357180638739045], [115.49808395363776, 40.35717910969948], [115.49808595244397, 40.357089048266566], [115.49796822595621, 40.357087519112056], [115.49796422802173, 40.35726764196669], [115.49784650122992, 40.357266112682716], [115.4978485003582, 40.357176051260986], [115.49773077373196, 40.35717452186207], [115.49772877444714, 40.357264583278955], [115.49761104767337, 40.35726305375542], [115.4976030498178, 40.35762329938874], [115.4972498676722, 40.35761871004132], [115.49725186761923, 40.357528648649755], [115.49713414041193, 40.35752711863256], [115.4971321403084, 40.3576171800193], [115.49701441295359, 40.35761564987747]]]}}, {"type": "Feature", "properties": {"year": 2025, "water_area_km2": 0.4148}, "geometry": {"type": "Polygon", "coordinates": [[[115.51248612277737, 40.36628393074624], [115.51248810305748, 40.366193868863476], [115.51201713070719, 40.36618780904126], [115.51201911160479, 40.36609774717617], [115.5116658829057, 40.366093201065745], [115.5116678642642, 40.366003139213575], [115.51143237882269, 40.36600010788377], [115.51143436048545, 40.3659100460397], [115.51072790531516, 40.36590094920338], [115.51073187049312, 40.36572082556834], [115.51061412830923, 40.36571930901917], [115.51061611104139, 40.36562924720422], [115.51049836902307, 40.36562773054003], [115.51050035190286, 40.36553766872838], [115.51038261005009, 40.36553615194917], [115.51038657609607, 40.365356028331036], [115.5106220591842, 40.365359061750425], [115.51062404188056, 40.365268999929526], [115.51074178328146, 40.3652705164547], [115.51074376581228, 40.365180454627506], [115.510626024568, 40.36517893810713], [115.51063395522833, 40.36481869080269], [115.51051621461937, 40.36481717418171], [115.51053405949118, 40.36400661770288], [115.51041632030051, 40.36400510100525], [115.51042226889987, 40.36373491549993], [115.51054000762078, 40.363736432183146], [115.51054397299579, 40.36355630849589], [115.51066171141248, 40.36355782504969], [115.51066369393, 40.36346776319903], [115.510899170477, 40.363470795937616], [115.51090115267242, 40.36338073407587], [115.51101889080276, 40.363382250260635], [115.5110208728326, 40.36329218839261], [115.51113861081531, 40.36329370445277], [115.51114059267964, 40.363203642578455], [115.51125833051469, 40.36320515851399], [115.51126031221354, 40.3631150966334], [115.51137804990094, 40.36311661244435], [115.5113760683587, 40.363206674329746], [115.51149380621162, 40.363208190025674], [115.5114957875973, 40.36311812813549], [115.51161352530255, 40.36311964370682], [115.51161154407349, 40.363209705601804], [115.51220023351688, 40.36321728168527], [115.51219627259776, 40.36339740551874], [115.51207853437803, 40.363395890532075], [115.5120765537485, 40.36348595244179], [115.51195881538112, 40.36348443733052], [115.5119528729691, 40.36375462303632], [115.51207061180624, 40.36375613816198], [115.51206863114095, 40.36384620006574], [115.51242184817569, 40.363850744738194], [115.5124238283712, 40.36376068282005], [115.51254156724406, 40.36376219746646], [115.51253958720513, 40.363852259389375], [115.5126573262435, 40.36385377392076], [115.51265138654287, 40.364123959695014], [115.51276912605996, 40.364125474120954], [115.51276714629846, 40.364215536047524], [115.51288488598105, 40.36421705035845], [115.51288290636724, 40.364307112288316], [115.51311838607242, 40.364310140560306], [115.51311046878058, 40.36467038830324], [115.51334594977419, 40.36467341613429], [115.51334792879737, 40.364583354191204], [115.51358340951353, 40.364586381533414], [115.51358538821458, 40.36449631957926], [115.51393860888597, 40.36450085967957], [115.51394058710834, 40.364410797709574], [115.51417606728735, 40.36441382383445], [115.51417804518759, 40.36432376185337], [115.5142957851339, 40.36432527473131], [115.51429776286862, 40.364235212743964], [115.51488646195098, 40.364242775312455], [115.51488843889383, 40.36415271329968], [115.51500617858048, 40.364154225449155], [115.5150081553578, 40.36406416343012], [115.51512589489677, 40.36406567545499], [115.51512787150861, 40.36397561342968], [115.5152456108999, 40.363977125329946], [115.51524758734621, 40.36388706329836], [115.51536532658984, 40.36388857507403], [115.51536730287066, 40.36379851303617], [115.5154850419666, 40.36380002468726], [115.51548701808191, 40.363709962643135], [115.51572249598738, 40.36371298557627], [115.51572447178059, 40.36362292352109], [115.51595994940851, 40.36362594596541], [115.51596192487965, 40.36353588389919], [115.5160796635504, 40.36353739493685], [115.51607768823585, 40.36362745700786], [115.51631316591727, 40.36363047873331], [115.51631514091862, 40.36354041665274], [115.51643287961612, 40.36354192733096], [115.51643485445199, 40.36345186524413], [115.51655259300179, 40.36345337579775], [115.51655654233365, 40.363273251610046], [115.51667428057917, 40.3632747620343], [115.51668020404041, 40.36300457572725], [115.51679794182509, 40.36300608601736], [115.51680583902237, 40.362645837568024], [115.51692357618963, 40.362647347719204], [115.51692949852435, 40.36237716135225], [115.51681176182682, 40.362375651215395], [115.51681373607715, 40.36228558909489], [115.5169314726181, 40.362287099226954], [115.51693936890409, 40.3619268507109], [115.51682163298943, 40.361925340597956], [115.51682360719524, 40.361835278470004], [115.51705907872032, 40.361838298566546], [115.51706105260408, 40.36174823642756], [115.51717878822338, 40.36174974629134], [115.51718076194166, 40.36165968414609], [115.51741623289385, 40.36166270350469], [115.51742017967742, 40.36148257919059], [115.51753791485373, 40.36148408868063], [115.51753594162297, 40.36157415084319], [115.517889147675, 40.36157867860881], [115.51789309318819, 40.36139855425354], [115.51765762310421, 40.361395535882046], [115.5176595961606, 40.36130547371172], [115.51754186128855, 40.36130396435103], [115.517547780874, 40.36103377784549], [115.51801871853684, 40.36103981451209], [115.51802069108791, 40.3609497523215], [115.51813842536933, 40.36095126118387], [115.5181364529748, 40.36104132337923], [115.5183719218774, 40.36104434075411], [115.51836994978714, 40.361134402957546], [115.51848768440836, 40.36113591147005], [115.51849162826687, 40.36095578705216], [115.51860936258386, 40.36095729543533], [115.51860739081559, 40.36104735764978], [115.51884285978936, 40.36105037406624], [115.51884088832537, 40.361140436288764], [115.51872315367746, 40.36113892813567], [115.518721182048, 40.36122899035193], [115.51883891685247, 40.361230498509805], [115.5188369453707, 40.361320560729354], [115.51871921040963, 40.3613190525667], [115.51871723876239, 40.36140911477999], [115.51883497388, 40.36141062294741], [115.51883300238043, 40.36150068516398], [115.51871526710623, 40.361499176991785], [115.5187132954412, 40.3615892392021], [115.51883103087197, 40.36159074737906], [115.51882708782833, 40.36177087180479], [115.51894482358114, 40.36177237987149], [115.5189408808151, 40.361952504300795], [115.51905861688994, 40.36195401225724], [115.51905467440147, 40.362134136690145], [115.51940788361875, 40.36213865986928], [115.51940985439772, 40.36204859763925], [115.51964532694055, 40.36205161248342], [115.51964729739746, 40.36196155024237], [115.51988276966271, 40.36196456459777], [115.51988473979756, 40.3618745023457], [115.52000247578695, 40.36187600933893], [115.52000444575634, 40.3617859470806], [115.52023991744862, 40.3617889606981], [115.52024385673447, 40.361608836157885], [115.52036159228079, 40.36161034277739], [115.52036356175381, 40.3615202805003], [115.52024582636408, 40.36151877388556], [115.5202477959848, 40.361428711611744], [115.52048326646002, 40.36143172471188], [115.52048720504851, 40.36125160014071], [115.52060493998631, 40.36125310650154], [115.52060887822613, 40.36107298191489], [115.52072661285966, 40.361074488146365], [115.5207285818097, 40.36098442584606], [115.52084631629556, 40.36098593195298], [115.52085222262262, 40.360715745028806], [115.52073448860646, 40.360714238936175], [115.52073842642656, 40.36053411432216], [115.5203852253708, 40.36052959535409], [115.52038916409477, 40.360349470762735], [115.52003596405834, 40.36034495074507], [115.52003990368614, 40.360164826176366], [115.51992217067155, 40.36016331927375], [115.51992414062867, 40.36007325699193], [115.5200418734867, 40.360074763889784], [115.52004384327839, 40.359984701601725], [115.52027930870797, 40.35998771502848], [115.52028127817765, 40.35989765272939], [115.52051674332964, 40.359900665667425], [115.52051871247733, 40.35981060335732], [115.5212251072071, 40.35981963926768], [115.52122313899878, 40.359909701606384], [115.52169406962247, 40.35991572316973], [115.5216921020315, 40.36000578552601], [115.52180983486616, 40.36000729062211], [115.5218078674229, 40.36009735298166], [115.52169013443167, 40.36009584788079], [115.52168226394357, 40.360456097285095], [115.52179999756106, 40.360457602405006], [115.5217980300734, 40.360547664757135], [115.52191576385631, 40.36054916976201], [115.52191379651636, 40.36063923211742], [115.52226699838806, 40.36064374642754], [115.52226896525832, 40.36055368405785], [115.5226221667402, 40.36055819727549], [115.5226241331319, 40.36046813489004], [115.52274186682034, 40.36046963905156], [115.52274383304663, 40.36037957665986], [115.52297930013702, 40.36038258461397], [115.52299502712286, 40.35966208535071], [115.52287729482568, 40.35966058147164], [115.52288122679658, 40.35948045665048], [115.52299895878062, 40.359481960520036], [115.52299699295618, 40.35957202293612], [115.52311472510561, 40.35957352669064], [115.52311079374321, 40.35975365152787], [115.52322852621467, 40.35975515517212], [115.52322656067673, 40.35984521759326], [115.52334429331361, 40.35984672112246], [115.52333446627371, 40.36029703322965], [115.52309899944323, 40.360294026003864], [115.52309113639923, 40.36065427562479], [115.52320887043629, 40.36065577931662], [115.52320493917422, 40.36083590412769], [115.52308720482401, 40.36083440042634], [115.52308523902312, 40.36092446282489], [115.52379164619673, 40.360933483264496], [115.52379361105821, 40.36084342083739], [115.52391134546163, 40.36084492381994], [115.52391331015768, 40.360754861386596], [115.52403104441336, 40.36075636424457], [115.52403497346579, 40.36057623936393], [115.52415270741722, 40.360577742092595], [115.52415860045966, 40.36030755474622], [115.52427633395025, 40.360309057340814], [115.52427829812345, 40.3602189948843], [115.52439603146634, 40.36022049735434], [115.52439799547412, 40.36013043489158], [115.52463346187332, 40.36013343946276], [115.52463542555913, 40.360043376989], [115.52451769251165, 40.360041874768065], [115.52452358398557, 40.35977168735214], [115.52464131656335, 40.35977318955883], [115.52464524385522, 40.35959306459794], [115.52476297612876, 40.359594566675305], [115.52476101264381, 40.35968462916123], [115.52487874508276, 40.35968613112356], [115.52488070841115, 40.359596068632875], [115.52499844070239, 40.35959757047064], [115.52499647753056, 40.359687632966086], [115.52511420998722, 40.359689134688814], [115.5251161730025, 40.359599072188615], [115.52523390531145, 40.35960057378679], [115.5252358681613, 40.35951051128036], [115.52535360032256, 40.359512012753996], [115.525355563007, 40.35942195024132], [115.52547329502055, 40.3594234515904], [115.52547722004977, 40.35924332655109], [115.52559495175905, 40.35924482777087], [115.52560083876682, 40.35897464018652], [115.5259540325388, 40.35897914308433], [115.52595599438737, 40.35888908053899], [115.52630918776934, 40.3588935823444], [115.5263111491394, 40.35880351978333], [115.52642888012787, 40.3588050201408], [115.52643084133251, 40.35871495757349], [115.52654857217327, 40.35871645780642], [115.52655053321253, 40.35862639523287], [115.52666826390558, 40.35862789534126], [115.52667218564443, 40.35844777018022], [115.52678991603322, 40.35844927015931], [115.52679187673284, 40.35835920757182], [115.52690960697393, 40.358360707426385], [115.52691156750817, 40.35827064483264], [115.52702929760154, 40.358272144562676], [115.52703321833036, 40.35809201936128], [115.52726867791748, 40.35809501844296], [115.5272667178706, 40.35818508105389], [115.52750217780617, 40.358188079665894], [115.52750805698102, 40.35791789180015], [115.52727259798473, 40.35791489321661], [115.52727455800512, 40.35782483060123], [115.52715682867677, 40.35782333113452], [115.52715290831411, 40.358003456354325], [115.52691744905776, 40.35800045704255], [115.52691940955661, 40.35791039444288], [115.5270371390238, 40.35791189415392], [115.52704301999765, 40.357641706331755], [115.52716074900407, 40.357643205908765], [115.52716466929597, 40.35746308067706], [115.52728239799815, 40.357464580124784], [115.52728435797432, 40.35737451750197], [115.52716662942869, 40.35737301805898], [115.52717250977373, 40.357102830195835], [115.52729023784975, 40.357104329624576], [115.52729219779054, 40.35701426699581], [115.52764538160197, 40.357018764549096], [115.52764342213078, 40.35710882719211], [115.52776115024214, 40.3571103261417], [115.52775723158636, 40.357290451432725], [115.52787496001964, 40.357291950272035], [115.52787300083504, 40.357382012920056], [115.52799072943368, 40.35738351164431], [115.52798877039677, 40.35747357429559], [115.52810649916081, 40.35747507290479], [115.52810258137357, 40.357655198212406], [115.52798485229646, 40.35765369959371], [115.52798289323303, 40.35774376224054], [115.5278651640082, 40.357742263497315], [115.52786320477942, 40.35783232613792], [115.52774547540687, 40.35783082727016], [115.5277395971978, 40.35810101516883], [115.52785732704, 40.358102514050806], [115.52785928629528, 40.35801245141465], [115.52809474569307, 40.35801544880978], [115.52809278675083, 40.358105511455406], [115.52821051661954, 40.35810700997803], [115.5282065990217, 40.3582871352743], [115.52832432921232, 40.35828863368661], [115.52832237055668, 40.35837869633727], [115.52844010091269, 40.35838019463453], [115.52843814240478, 40.35847025728844], [115.5286736034564, 40.35847325353305], [115.52867164525274, 40.35856331619496], [115.52878937594836, 40.35856481414232], [115.52878741789242, 40.35865487680747], [115.52866968704026, 40.35865337885538], [115.52866772881895, 40.35874344151432], [115.52854999781906, 40.358741943437686], [115.52855391456598, 40.35856181812781], [115.52784753063084, 40.35855282720924], [115.52784948993033, 40.35846276458052], [115.52773175946196, 40.35846126567956], [115.52772392158472, 40.35882151616653], [115.52760619049899, 40.35882001712679], [115.527604230851, 40.35891007974007], [115.52748649961755, 40.3589085805758], [115.52748453980419, 40.358998643182865], [115.52736680842301, 40.358997143894065], [115.52736288845666, 40.35917726909421], [115.52724515677123, 40.35917576967612], [115.52724319661823, 40.359265832269216], [115.52700773296077, 40.35926283306416], [115.52700577248582, 40.359352895646275], [115.5268880405138, 40.359351395859306], [115.52688411922428, 40.35953152100962], [115.52676638694797, 40.35953002109335], [115.52676442613338, 40.35962008366152], [115.52664669370937, 40.359618583620716], [115.52664277174051, 40.35979870874312], [115.52652503901224, 40.35979720857301], [115.52651719434215, 40.360157458781], [115.52639946099646, 40.36015595847211], [115.52639749965024, 40.360246021015634], [115.52627976615685, 40.36024452058219], [115.52627780464525, 40.360334583119496], [115.52616007100413, 40.3603330825615], [115.5261581093271, 40.36042314509257], [115.52604037553827, 40.36042164441003], [115.52603645184452, 40.3606017694582], [115.52591871775142, 40.36060026864636], [115.52591479370915, 40.360780393679086], [115.52579705931176, 40.36077889273793], [115.52579509712076, 40.36086895524733], [115.52567736257565, 40.36086745418164], [115.52567540021926, 40.36095751668479], [115.52555766552643, 40.36095601549454], [115.5255517779344, 40.361226202980816], [115.52543404278073, 40.36122470165652], [115.52542815463929, 40.36149488911516], [115.52531041902473, 40.36149338765679], [115.52530649323971, 40.361673512612285], [115.52507102141088, 40.36167050931714], [115.52506905819195, 40.36176057178316], [115.52495132213424, 40.36175906995112], [115.52494150512378, 40.36220938223514], [115.52482376829202, 40.36220788025953], [115.52482180470679, 40.36229794270712], [115.52470406772733, 40.362296440606954], [115.52470210397664, 40.362386503048306], [115.52458436684945, 40.36238500082357], [115.52458240293335, 40.36247506325867], [115.52446466565846, 40.362473560909386], [115.52446270157688, 40.36256362333826], [115.52434496415425, 40.362562120864396], [115.52434299990726, 40.36265218328704], [115.52422526233691, 40.36265068068862], [115.52422329792446, 40.36274074310499], [115.52410556020641, 40.36273924038201], [115.52410163104176, 40.36291936520081], [115.52398389301939, 40.36291786234851], [115.5239819282672, 40.36300792475092], [115.5238641900971, 40.36300642177404], [115.52386222517944, 40.36309648417022], [115.52374448686163, 40.36309498106878], [115.52374252177854, 40.36318504345871], [115.52362478331301, 40.3631835402327], [115.52362281806445, 40.363273602616374], [115.52338734084681, 40.36327059579539], [115.52338537527623, 40.36336065816808], [115.52303215904651, 40.363356147023744], [115.5230301929973, 40.36344620938066], [115.5229124541152, 40.36344470542149], [115.522914420321, 40.36335464306933], [115.52244346550769, 40.363348626053565], [115.52244149867553, 40.3634386883867], [115.52208828218895, 40.363434174352555], [115.52208041289254, 40.36379442361305], [115.52196267345506, 40.363792918676324], [115.52196070595218, 40.36388298098297], [115.52137200811501, 40.36387545447833], [115.52137397640085, 40.36378539219551], [115.52102075827484, 40.36378087486924], [115.52101878951926, 40.363870937137776], [115.52066557100343, 40.36386641871888], [115.52066360176916, 40.363956480971616], [115.52031038286351, 40.363951961460096], [115.52030841315057, 40.36404202369706], [115.52019067337656, 40.364040516948826], [115.5201847637147, 40.36431070363647], [115.52006702347977, 40.3643091967541], [115.52006505341812, 40.364399258975574], [115.51994731303547, 40.36439775196863], [115.51994534280836, 40.364487814183846], [115.519827602278, 40.36448630705232], [115.51982563188538, 40.364576369261286], [115.51970789120733, 40.36457486200516], [115.51970592064923, 40.36466492420786], [115.51958817982346, 40.364663416827156], [115.51958620909987, 40.3647534790236], [115.5194684681264, 40.36475197151831], [115.51946649723735, 40.3648420337085], [115.51934875611617, 40.364840526078616], [115.5193467850616, 40.364930588262546], [115.51922904379272, 40.36492908050808], [115.51922707257266, 40.365019142685746], [115.51910933115607, 40.36501763480669], [115.51910735977053, 40.36510769697811], [115.51898961820623, 40.365106188974444], [115.51898567509525, 40.365286313303265], [115.51886793322666, 40.36528480517025], [115.51886596150123, 40.36537486732766], [115.51874821948492, 40.365373359070055], [115.51874624759398, 40.3654634212212], [115.51862850542997, 40.365461912838995], [115.5186304774775, 40.365371850692625], [115.51839499348938, 40.365368833578295], [115.51839302112863, 40.365458895715115], [115.51815753686287, 40.36545587811196], [115.51815950953683, 40.36536581598468], [115.51733531598326, 40.3653552506327], [115.5173333422131, 40.36544531272654], [115.51686237403769, 40.36543927272739], [115.51686039963221, 40.36552933480064], [115.51662491528474, 40.36552631407258], [115.51662294055716, 40.365616376134774], [115.5163874559321, 40.36561335491788], [115.5163854808824, 40.365703416969026], [115.51626773842665, 40.365701906176064], [115.51626576321142, 40.365791968220954], [115.51532382263329, 40.36577987752541], [115.51532579910133, 40.36568981551879], [115.51520805672578, 40.36568830364743], [115.51521200994833, 40.3655081796393], [115.51403458981544, 40.365493054431305], [115.5140326116426, 40.36558311638825], [115.51379712740986, 40.36558008989923], [115.51379317041102, 40.365760213789514], [115.51355768558757, 40.36575718680205], [115.51355372792662, 40.36593731066722], [115.5134359852151, 40.36593579698418], [115.51343400621461, 40.366025858909744], [115.51319852050511, 40.366022831174604], [115.51319654118251, 40.3661128930891], [115.51296105519549, 40.366109864865095], [115.51295907555075, 40.36619992676853], [115.51284133241403, 40.366198412471995], [115.51283935260375, 40.36628847436914], [115.51248612277737, 40.36628393074624]], [[115.51050035190286, 40.36553766872838], [115.5106180937646, 40.365539185387775], [115.51062007647887, 40.36544912356985], [115.51050233477375, 40.365447606915254], [115.51050035190286, 40.36553766872838]], [[115.52284780391327, 40.361011517440794], [115.52308327321333, 40.36101452522194], [115.52308523902312, 40.36092446282489], [115.52284977003616, 40.360921455053266], [115.52284780391327, 40.361011517440794]], [[115.52761402900244, 40.358459766658804], [115.52773175946196, 40.35846126567956], [115.52773371890918, 40.35837120305411], [115.52761598860619, 40.35836970403809], [115.52761402900244, 40.358459766658804]]]}}, {"type": "Feature", "properties": {"year": 2025, "water_area_km2": 0.0157}, "geometry": {"type": "Polygon", "coordinates": [[[115.52372892880099, 40.3584102317702], [115.5237328583319, 40.358230106840814], [115.52385058818626, 40.3582316098052], [115.52385255278189, 40.35814154733353], [115.52397028248856, 40.35814305017337], [115.52397224691877, 40.35805298769545], [115.52408997647774, 40.35805449041076], [115.52409390499851, 40.35787436544094], [115.52421163425326, 40.35787586802694], [115.52421556242547, 40.357695743041674], [115.52445102033538, 40.35769874783528], [115.5244529840951, 40.35760868533091], [115.52468844172739, 40.35761168963587], [115.52469040516517, 40.3575216271205], [115.52504359121036, 40.35752613266524], [115.52504555416968, 40.35743607013411], [115.52528101126434, 40.35743907322218], [115.52528297390171, 40.35734901068007], [115.52540070230577, 40.357350512039666], [115.52540462724086, 40.3571703869415], [115.52564008344939, 40.35717338928232], [115.52564204559059, 40.35708332672151], [115.5257597735516, 40.35708482770749], [115.52576173552738, 40.356994765140435], [115.52599719116287, 40.356997766743525], [115.52599915281674, 40.3569077041655], [115.52623460817453, 40.356910705279944], [115.5262365695065, 40.35682064269093], [115.52647202458661, 40.356823643316744], [115.52647398559664, 40.35673358071674], [115.52659171299341, 40.35673508084521], [115.52659367383806, 40.356645018238986], [115.52671140108717, 40.35664651824293], [115.52671336176644, 40.35655645563046], [115.52706654309718, 40.35656095490935], [115.52706458288752, 40.35665101753606], [115.52718231017201, 40.356652517060866], [115.52717839003921, 40.35683264231931], [115.52706066244167, 40.35683114278501], [115.5270587022055, 40.356921205407254], [115.52694097446026, 40.35691970574843], [115.52693901405868, 40.35700976836445], [115.52670355828165, 40.35700676867794], [115.52670159755816, 40.35709683128299], [115.52658386952639, 40.3570953312553], [115.52658190863751, 40.3571853938541], [115.52646418045804, 40.35718389370188], [115.52646221940377, 40.35727395629445], [115.52634449107659, 40.35727245601771], [115.52634252985695, 40.357362518604035], [115.52622480138207, 40.357361018202745], [115.52622283999705, 40.357451080782845], [115.52610511137448, 40.357449580257025], [115.52610314982405, 40.3575396428309], [115.5259854210538, 40.35753814218053], [115.52598345933798, 40.35762820474817], [115.52586573042004, 40.35762670397327], [115.52586376853881, 40.35771676653466], [115.52574603947316, 40.35771526563523], [115.52574407742657, 40.35780532819039], [115.52550861900875, 40.357802326022636], [115.5255066566402, 40.35789238856681], [115.52538892728802, 40.357890887298495], [115.52538696475408, 40.357980949836424], [115.52503377628102, 40.357976445298505], [115.52503573928462, 40.35788638277483], [115.52491800996785, 40.35788488102736], [115.52491604680773, 40.357974943546274], [115.52468058788767, 40.35797193968246], [115.5246786244056, 40.35806200219041], [115.52456089480232, 40.35806050007407], [115.52455893115483, 40.358150562575766], [115.52432347166175, 40.35814755797418], [115.52432150769233, 40.358237620464884], [115.52420377780253, 40.358236117979644], [115.52420181366767, 40.358326180464104], [115.5240840836302, 40.358324677854334], [115.52408211932996, 40.35841474033254], [115.52372892880099, 40.3584102317702]]]}}, {"type": "Feature", "properties": {"year": 2025, "water_area_km2": 0.005}, "geometry": {"type": "Polygon", "coordinates": [[[115.4975333111525, 40.355460295684914], [115.49753531057002, 40.35537023424792], [115.49765303404773, 40.355371763789584], [115.49765503329968, 40.35528170234626], [115.4977727566299, 40.355283231763316], [115.49777475571632, 40.35519317031367], [115.4980102020908, 40.355196228778766], [115.49801220085517, 40.35510616731795], [115.49812992389943, 40.355107696366], [115.49813192249826, 40.35501763489885], [115.49801419961054, 40.35501610585564], [115.49801619835688, 40.35492604439185], [115.49813392108808, 40.354927573430224], [115.4981379182407, 40.35474745048847], [115.49837336310411, 40.35475050818655], [115.49837536135387, 40.354660446703775], [115.4984930836426, 40.35466197536831], [115.49849108554935, 40.354752036855935], [115.4986088080036, 40.35475356540554], [115.49860481210308, 40.35493368838599], [115.49884025766465, 40.35493674514524], [115.49883626235417, 40.355116868139056], [115.49871853925586, 40.355115339809664], [115.49871454359628, 40.355295462787865], [115.49859682019395, 40.35529393432901], [115.49859482219412, 40.35538399581105], [115.49847709864427, 40.35538246722758], [115.49847510047893, 40.35547252870329], [115.49835737678157, 40.35547099999521], [115.49835937510343, 40.35538093852433], [115.49824165157162, 40.355379409701314], [115.49823965309322, 40.35546947116735], [115.4975333111525, 40.355460295684914]], [[115.49812792529157, 40.355197757831675], [115.49824564850134, 40.35519928676478], [115.49824764695266, 40.35510922529427], [115.49812992389943, 40.355107696366], [115.49812792529157, 40.355197757831675]]]}}, {"type": "Feature", "properties": {"year": 2025, "water_area_km2": 0.0409}, "geometry": {"type": "Polygon", "coordinates": [[[115.44369107345487, 40.35664000107157], [115.44369314459236, 40.35654994191774], [115.44357542203252, 40.35654835741674], [115.44357749331718, 40.35645829826644], [115.44334204853855, 40.35645512891517], [115.44334412012687, 40.356365069773375], [115.44322639790808, 40.3563634849231], [115.44322846964359, 40.35627342578484], [115.44275758148792, 40.35626708520613], [115.4427596538401, 40.35617702608644], [115.44240648829101, 40.35617226940988], [115.44240856110338, 40.35608221030374], [115.44170223119671, 40.356072693747], [115.44170430493877, 40.355982634669495], [115.4409979763079, 40.35597311383122], [115.4409959016268, 40.356063172878606], [115.44076045851172, 40.35605999829765], [115.44075838350824, 40.356150057333515], [115.44064066180822, 40.35614846985836], [115.4406551877314, 40.35551805661123], [115.44053746713627, 40.35551646905149], [115.4405395423872, 40.35542641001521], [115.44042182195795, 40.35542482234073], [115.44042389735604, 40.355334763307994], [115.44018845683857, 40.35533158760978], [115.4401905325403, 40.3552415285856], [115.43971965224375, 40.3552351757721], [115.43971757591603, 40.35532523477617], [115.4395998557088, 40.35532364626836], [115.43960193219301, 40.35523358726932], [115.43948421215167, 40.355231998646765], [115.43948628878302, 40.35514193965125], [115.43936856890754, 40.355140350913956], [115.43937272245513, 40.35496023292849], [115.43949044201763, 40.35496182165572], [115.43949459521478, 40.35478170365422], [115.4393768759653, 40.35478011493705], [115.43938310616022, 40.354509937938666], [115.4392653873896, 40.35450834911681], [115.439267464259, 40.35441829011939], [115.43891430847272, 40.35441352295033], [115.43891638580223, 40.35432346396651], [115.43879866738204, 40.354321874675676], [115.43880074485868, 40.35423181569538], [115.43868302660438, 40.3542302262898], [115.43868510422814, 40.35414016731304], [115.43856738613967, 40.354138577792746], [115.43857154167205, 40.353958459844776], [115.4388069772324, 40.3539616387455], [115.43880905467154, 40.35387157975922], [115.43916220761288, 40.35387634719702], [115.43916013064317, 40.35396640619838], [115.43951328413829, 40.35397117257344], [115.4395112076287, 40.35406123158839], [115.43974664365192, 40.354064408583035], [115.43974456744594, 40.354154467606556], [115.4398622856281, 40.354156055929266], [115.43986020956925, 40.354246114956304], [115.4400956462746, 40.35424929125249], [115.44009357051938, 40.35433935028809], [115.4402112890426, 40.35434093826156], [115.44020921343449, 40.354430997300696], [115.4405623695298, 40.35443576051764], [115.44056029438183, 40.35452581957034], [115.44067801325549, 40.354527407074826], [115.44067593825464, 40.35461746613107], [115.44079365729414, 40.35461905352082], [115.44079158244044, 40.354709112580586], [115.44090930164579, 40.354710699855595], [115.44090722693922, 40.354800758918884], [115.44102494631043, 40.354802346079154], [115.441022871751, 40.354892405145975], [115.44137603039029, 40.354897165923255], [115.44137395629099, 40.35498722500366], [115.44184483523367, 40.35499357105012], [115.44184276175099, 40.355083630149096], [115.44196048166654, 40.35508521636633], [115.44195840833103, 40.35517527546883], [115.44219384850318, 40.35517844755403], [115.44219177547133, 40.35526850666508], [115.44230949572794, 40.35527009253305], [115.4423074228432, 40.355360151647616], [115.44242514326567, 40.35536173740084], [115.4424209977812, 40.35554185563555], [115.44253871852601, 40.35554344127904], [115.44253664592622, 40.35563350039916], [115.44277208775691, 40.355636671336896], [115.44277001546081, 40.35572673046554], [115.44312317874642, 40.35573148598894], [115.4431211069105, 40.35582154513116], [115.44335654946063, 40.355824714891284], [115.44335447792837, 40.35591477404204], [115.44347219937397, 40.355916358747464], [115.44347012798886, 40.356006417901746], [115.4437055712211, 40.35600958696333], [115.44370350013966, 40.356099646126125], [115.4438212219263, 40.35610123048228], [115.44381708004843, 40.35628134881343], [115.44393480215741, 40.356282933059845], [115.4439306605552, 40.35646305139505], [115.44404838298654, 40.35646463553172], [115.44404424165998, 40.35664475387096], [115.44369107345487, 40.35664000107157]]]}}, {"type": "Feature", "properties": {"year": 2025, "water_area_km2": 0.0164}, "geometry": {"type": "Polygon", "coordinates": [[[115.5323759914054, 40.35608793765416], [115.53237989760429, 40.355907811952136], [115.53226217134028, 40.35590631774045], [115.53226803104211, 40.35563612919044], [115.53238575683653, 40.35563762338792], [115.53238770989633, 40.35554756053022], [115.53226998425842, 40.35554606633746], [115.53227193746594, 40.355456003483], [115.53215421199339, 40.3554545091752], [115.53215616534861, 40.35536444632398], [115.5320384400414, 40.35536295190112], [115.53204039354435, 40.35527288905314], [115.53215811869502, 40.35527438347126], [115.53216007203262, 40.355184320617084], [115.53227779703562, 40.3551858149107], [115.53227975020788, 40.355095752050296], [115.5325151999272, 40.355098740268744], [115.53251129419998, 40.35527886600697], [115.5326290193859, 40.35528035994598], [115.5326270666656, 40.35537042281761], [115.53298024274582, 40.35537490393013], [115.53298414723847, 40.35519477815704], [115.5331018723031, 40.355196271612186], [115.53309992021771, 40.35528633450421], [115.5335708211904, 40.35529230714594], [115.53356886972232, 40.35538237005537], [115.53368659514403, 40.35538386292108], [115.5336885464556, 40.355293800006926], [115.53392399701238, 40.35529678536954], [115.53392594800206, 40.35520672244447], [115.53404367313715, 40.35520821494138], [115.53404562396153, 40.355118152010085], [115.534281073945, 40.35512113663514], [115.5342830244475, 40.355031073692906], [115.53440074929591, 40.355032565821034], [115.53439879894992, 40.355122628767994], [115.53451652396365, 40.35512412078107], [115.53451457376538, 40.35521418373124], [115.53498547453434, 40.35522015060463], [115.53498352495338, 40.3553102135722], [115.53486579959142, 40.3553087220288], [115.53486384984514, 40.35539878499019], [115.53498157536363, 40.355400276538305], [115.53497182728292, 40.35585059134651], [115.5347363746894, 40.355847608083295], [115.53473442473383, 40.35593767103105], [115.53461669829373, 40.35593617921505], [115.53461864840587, 40.355846116272005], [115.53450092213109, 40.35584462434095], [115.53450287239096, 40.35575456140116], [115.53438514628152, 40.35575306935503], [115.53438709668913, 40.35566300641848], [115.53426937074502, 40.3556615142573], [115.53426742018091, 40.35575157718912], [115.53414969408907, 40.35575008490343], [115.53414774335963, 40.35584014782905], [115.53379456466733, 40.3558356702391], [115.53379261345948, 40.35592573314908], [115.53308625537338, 40.3559167747067], [115.53308820752042, 40.35582671182508], [115.53297048136008, 40.35582521833684], [115.53297243365485, 40.35573515545847], [115.53285470765984, 40.35573366185516], [115.53285666010233, 40.35564359898004], [115.53273893427267, 40.35564210526168], [115.53273112382375, 40.35600235673438], [115.53261339737679, 40.35600086287734], [115.53261144458601, 40.356090925737064], [115.5323759914054, 40.35608793765416]]]}}, {"type": "Feature", "properties": {"year": 2025, "water_area_km2": 4.5158}, "geometry": {"type": "Polygon", "coordinates": [[[115.45914481111406, 40.376125578561656], [115.459146863102, 40.37603551905395], [115.45902910577647, 40.376033949659785], [115.45903115791185, 40.375943890155554], [115.45879564360189, 40.375940751017595], [115.45879769604133, 40.375850691521805], [115.45867993905689, 40.37584912177802], [115.45868199164377, 40.375759062285695], [115.45844647801603, 40.37575592244848], [115.45844853090695, 40.37566586296459], [115.45833077426366, 40.37566429287117], [115.45833282730196, 40.37557423339077], [115.45821507082458, 40.37557266318247], [115.4582171240103, 40.37548260370554], [115.45809936769885, 40.37548103338235], [115.458101421032, 40.375390973908914], [115.4578659087502, 40.37538783291291], [115.4578700160153, 40.37520771398139], [115.45775226020164, 40.37520614331356], [115.45775431397698, 40.375116083850536], [115.45763655832921, 40.37511451306782], [115.45763861225194, 40.37502445360827], [115.45752085677012, 40.37502288271067], [115.45752907299497, 40.37466264487742], [115.45764682785014, 40.37466421575514], [115.45764888172656, 40.374574156288126], [115.45776663643436, 40.37457572704101], [115.45776869014482, 40.37448566756754], [115.4580041992749, 40.374488808703845], [115.45800625266278, 40.374398749218926], [115.45812400708506, 40.37440031960234], [115.45813016672321, 40.374130141123736], [115.45801241277088, 40.37412857075522], [115.45801446612171, 40.374038511264345], [115.45789671233531, 40.37403694078096], [115.45789876583355, 40.37394688129355], [115.45683898358278, 40.373932741594764], [115.45683692867469, 40.37402280103744], [115.45636591395538, 40.37401651359098], [115.45636796949009, 40.3739264541682], [115.45613246249938, 40.373923309735844], [115.45613451833813, 40.373833250321525], [115.45589901169781, 40.373830105419735], [115.45590106784056, 40.37374004601387], [115.45578331469099, 40.373738473388194], [115.45578537098112, 40.37364841398581], [115.45566761799743, 40.37364684124525], [115.45566967443493, 40.37355678184636], [115.4555519216172, 40.37355520899094], [115.45555397820208, 40.373465149595525], [115.45543622555024, 40.37346357662524], [115.45543828228249, 40.37337351723331], [115.45508502485265, 40.37336879761832], [115.45508708204557, 40.373278738239826], [115.45496932974416, 40.37327716480013], [115.45497344441542, 40.373097046048635], [115.45485569243658, 40.37309547249903], [115.45485774991491, 40.37300541312602], [115.45462224629838, 40.37300226567727], [115.45462430408072, 40.37291220631273], [115.45450655244304, 40.37291063241358], [115.45450861037276, 40.37282057305251], [115.45439085890098, 40.372818999038486], [115.45439497504582, 40.37263888032186], [115.45427722389661, 40.37263730619796], [115.45427928211176, 40.37254724684238], [115.45392602918976, 40.372542523766604], [115.45392808786552, 40.37245246442447], [115.45369258627726, 40.372449315118054], [115.45369464525702, 40.372359255784396], [115.45345914401916, 40.37235610600859], [115.45346120330291, 40.37226604668341], [115.45334345285455, 40.37226447162073], [115.45334551228565, 40.37217441229903], [115.45322776200322, 40.372172837121504], [115.45322982158166, 40.3720827778033], [115.45311207146517, 40.37208120251092], [115.45311413119096, 40.371991143196205], [115.45299638124038, 40.371989567788965], [115.45299844111351, 40.37189950847774], [115.45288069132886, 40.37189793295565], [115.45288275134932, 40.37180787364791], [115.45276500173058, 40.37180629801098], [115.45276706189843, 40.37171623870673], [115.45264931244562, 40.37171466295494], [115.45265137276077, 40.3716246036542], [115.45253362347388, 40.371623027787564], [115.45253774438959, 40.37144290919156], [115.45241999542526, 40.37144133321505], [115.45242205602581, 40.3713512739198], [115.45230430722741, 40.37134969782845], [115.45230636797527, 40.37125963853668], [115.45218861934282, 40.37125806233049], [115.452190680238, 40.371168003042214], [115.45207293177148, 40.37116642672118], [115.45207499281399, 40.3710763674364], [115.45195724451338, 40.371074791000524], [115.45195930570324, 40.37098473171923], [115.45184155756856, 40.3709831551685], [115.45184361890574, 40.37089309589071], [115.45172587093698, 40.37089151922514], [115.45172793242149, 40.370801459950854], [115.45161018461866, 40.370799883170434], [115.45161224625048, 40.37070982389963], [115.45137675098597, 40.370706669989296], [115.45137881292176, 40.370616610726984], [115.45126106546009, 40.37061503359705], [115.45126312754317, 40.37052497433824], [115.45102763296097, 40.37052181972887], [115.45102969534803, 40.37043176047853], [115.45091194822747, 40.37043018299909], [115.45091401076185, 40.370340123752264], [115.45079626380725, 40.37033854615799], [115.45079832648892, 40.37024848691466], [115.45068057970025, 40.37024690920554], [115.45068264252924, 40.3701568499657], [115.45044714929305, 40.37015369419798], [115.45044921242598, 40.370063634966634], [115.45033146597846, 40.37006205690802], [115.45033352925871, 40.369971997680175], [115.45021578297712, 40.36997041950673], [115.45021784640467, 40.36988036028238], [115.450100100289, 40.3698787819941], [115.45010216386387, 40.36978872277325], [115.44998441791412, 40.36978714437014], [115.4499864816363, 40.36969708515279], [115.44986873585248, 40.36969550663485], [115.44987079972194, 40.369605447421], [115.44975305410406, 40.369603868788225], [115.44975511812083, 40.36951380957787], [115.44951962722622, 40.36951065196283], [115.44952169154692, 40.36942059276098], [115.44940394627021, 40.36941901377872], [115.4494060107382, 40.36932895458037], [115.44928826562739, 40.36932737548328], [115.4492903302427, 40.369237316288434], [115.44917258529782, 40.36923573707651], [115.44917052052591, 40.36932579626637], [115.44869954021313, 40.36931947820045], [115.44870160561148, 40.36922941903059], [115.4485838607132, 40.36922783921955], [115.44858592625884, 40.3691377800532], [115.4484681815265, 40.36913620012733], [115.44847024721943, 40.369046140964485], [115.44823475809588, 40.36904298076328], [115.44823682409273, 40.36895292160892], [115.44847231290305, 40.36895608180014], [115.44847437857737, 40.3688660226343], [115.44918084429231, 40.36887550030218], [115.44917877955767, 40.36896555949801], [115.44941426851705, 40.368968717772034], [115.44941633293848, 40.36887865856622], [115.4502405434934, 40.36888970871592], [115.45024260680925, 40.368799649473644], [115.45036035105485, 40.368801227582175], [115.45035828789563, 40.368891286829445], [115.45047603230715, 40.368892864823145], [115.45047809530978, 40.36880280557087], [115.45094907242253, 40.368809116327455], [115.45095113478943, 40.368719057053724], [115.4511866230884, 40.36872221170309], [115.45118868513278, 40.36863215241789], [115.45130642913962, 40.36863372955785], [115.45130436725184, 40.368723788848044], [115.45236406514127, 40.36873797776058], [115.45236612561958, 40.36864791842548], [115.45248386971939, 40.36864949436721], [115.45248180939771, 40.36873955370729], [115.4530705308192, 40.36874743164355], [115.45306847127128, 40.36883749100708], [115.4534217047055, 40.368842216345904], [115.4534237637836, 40.368752156967425], [115.45354150812366, 40.36875373183573], [115.45353944920217, 40.3688437912192], [115.45377493822333, 40.36884694060631], [115.4537769968316, 40.36875688121289], [115.45389474119952, 40.36875845572173], [115.45389268274786, 40.368848515120135], [115.45401042728167, 40.36885008951413], [115.45401248557671, 40.36876003011075], [115.45460120760193, 40.368767900258476], [115.45460326510462, 40.368677840828695], [115.45472100938092, 40.36867941449379], [115.45471895203482, 40.36876947392855], [115.45483669647697, 40.36877104747881], [115.4548387536665, 40.36868098803906], [115.45507424226545, 40.36868413477015], [115.45507218538916, 40.36877419421983], [115.4557786523484, 40.36878363156716], [115.455780708285, 40.368693572087594], [115.45613394141998, 40.36869828912871], [115.45613599687752, 40.36860822963273], [115.45637148536733, 40.368611373717734], [115.45637354050233, 40.368521314210305], [115.45649128460454, 40.3685228860681], [115.45649333957367, 40.36843282655421], [115.45661108352854, 40.368434398287214], [115.4566131383318, 40.36834433876685], [115.45649539453353, 40.36834276703882], [115.45649950442548, 40.36816264800356], [115.4563817609497, 40.368161076165656], [115.45638381603837, 40.368071016650774], [115.45626607272848, 40.368069444698016], [115.45626812796448, 40.367979385186615], [115.45638587111777, 40.36798095713438], [115.45638792618789, 40.367890897616505], [115.45627018319122, 40.36788932567371], [115.45627223840866, 40.3677992661593], [115.45615449557785, 40.36779769410166], [115.45615860629816, 40.36761757507831], [115.45604086378984, 40.3676160029108], [115.45604291929268, 40.36752594340187], [115.45592517695022, 40.367524371119515], [115.4559272326004, 40.36743431161406], [115.4558094904238, 40.36743273921686], [115.45581154622131, 40.36734267971489], [115.4556938042106, 40.36734110720285], [115.45569586015543, 40.36725104770436], [115.45546037647502, 40.36724790233077], [115.45546243272376, 40.36715784284075], [115.45534469105408, 40.367156269979205], [115.45534674745014, 40.36706621049265], [115.45522900594632, 40.36706463751627], [115.45523723206422, 40.36670439957506], [115.4550017503372, 40.366701253302665], [115.45500380715667, 40.3666111938236], [115.45476832577991, 40.366608047081904], [115.45477038290329, 40.366517987611296], [115.45453490187684, 40.3665148404003], [115.45453695930414, 40.366424780938154], [115.45441921896143, 40.366423207157915], [115.45442127653602, 40.366333147699244], [115.45430353635919, 40.36633157380418], [115.45430559408109, 40.366241514349], [115.45418785407014, 40.3662399403391], [115.45418991193934, 40.3661498808874], [115.45407217209426, 40.36614830676267], [115.45407423011076, 40.36605824731446], [115.45372101110098, 40.366053524236335], [115.45372306957798, 40.36596346480159], [115.45348759059772, 40.36596031549374], [115.45347729655398, 40.36641061260273], [115.45335955629483, 40.36640903774418], [115.45335749730164, 40.3664990971565], [115.45312201649801, 40.36649594706998], [115.45311995718235, 40.366586006470854], [115.45300221663788, 40.366584431242885], [115.45300427611015, 40.36649437184699], [115.45253331465157, 40.36648806975691], [115.4525353747409, 40.366398010379484], [115.45241763455608, 40.36639643456241], [115.45241969479275, 40.366306375188465], [115.4523019547738, 40.366304799256575], [115.45230401515774, 40.36621473988612], [115.45218627530468, 40.366213163839404], [115.45218833583591, 40.366123104472436], [115.45207059614873, 40.3661215283109], [115.45207265682726, 40.366031468947426], [115.45195491730597, 40.366029892671065], [115.45195697813178, 40.36593983331109], [115.45183923877639, 40.365938256919904], [115.45184129974949, 40.36584819756342], [115.45172356055998, 40.3658466210574], [115.45172562168037, 40.365756561704416], [115.45160788265673, 40.36575498508358], [115.45161200518278, 40.36557486638311], [115.45149426648163, 40.365573289652446], [115.45150663477617, 40.365032933545095], [115.45162437253784, 40.36503451024582], [115.45162231133523, 40.365124569605776], [115.4517400492628, 40.36512614619169], [115.45173798820747, 40.36521620555513], [115.45197346440364, 40.365219358377516], [115.45197140365218, 40.36530941774943], [115.4520891419208, 40.365310993985894], [115.45208708131663, 40.365401053361325], [115.4523225581949, 40.3654042054848], [115.45232049789462, 40.365494264868694], [115.45267371375147, 40.3654989921703], [115.45267165391164, 40.36558905156767], [115.45290713150915, 40.36559220251299], [115.45290919103581, 40.365502143105665], [115.45279145238898, 40.36550056769789], [115.45279351206294, 40.36541050829404], [115.452675773582, 40.36540893277145], [115.4526798932152, 40.36522881396924], [115.4525621550567, 40.36522723833681], [115.45256627496589, 40.36504711953859], [115.45244853712987, 40.36504554379633], [115.45245059722708, 40.36495548439998], [115.45233285955695, 40.36495390854287], [115.45233491980146, 40.364863849150005], [115.45221718229716, 40.3648622731781], [115.45221924268898, 40.36477221378872], [115.45210150535056, 40.36477063770199], [115.45210356588964, 40.36468057831612], [115.45198582871708, 40.36467900211456], [115.45198995008056, 40.3644988833483], [115.45187221323046, 40.36449730703693], [115.45187839567565, 40.36422712889128], [115.45199613205602, 40.36422870518769], [115.45199819269592, 40.36413864579783], [115.45246913768406, 40.3641449497655], [115.45246707767048, 40.36423500917531], [115.45270255053344, 40.36423816045029], [115.4527046102339, 40.364148101030516], [115.45317555544506, 40.364154402122885], [115.45317761450994, 40.36406434268168], [115.4534130868581, 40.364067492499075], [115.45341102810637, 40.36415755195026], [115.45364650080484, 40.3641607012984], [115.4536485592434, 40.36407064183725], [115.45470818543686, 40.36408480792878], [115.45471024245701, 40.36399474842132], [115.4558876042099, 40.36401047709185], [115.45588965965506, 40.36392041753312], [115.45718475693187, 40.36393770517866], [115.45718681064541, 40.36384764556374], [115.45789322687496, 40.36385706904876], [115.45789527963983, 40.363767009402515], [115.46024999968017, 40.363798389771006], [115.46025204930434, 40.36370833002397], [115.46095846509843, 40.363717734760066], [115.46096051377393, 40.36362767498177], [115.46202013667967, 40.36364177395456], [115.46202218393677, 40.36355171413016], [115.46225765548208, 40.36355484590747], [115.4622556085381, 40.363644905741786], [115.46237334448115, 40.363646471455695], [115.46237539126858, 40.36355641161643], [115.46461237296542, 40.363586137323935], [115.46461441676874, 40.3634960773891], [115.46579177532796, 40.36351170507736], [115.46579381755632, 40.36342164509158], [115.46602928906559, 40.363424769181705], [115.46602724715035, 40.363514829177355], [115.46638045495305, 40.36351951442884], [115.46637841349833, 40.36360957443784], [115.46649614960758, 40.363611135953676], [115.46649819090571, 40.36352107593972], [115.46744007885836, 40.363533563713894], [115.46744211889474, 40.36344350365895], [115.46803079838138, 40.36345130459948], [115.46802875912788, 40.363541364679115], [115.46826423130008, 40.36354448422657], [115.46826219235052, 40.363634544314586], [115.468379928607, 40.36363610391355], [115.46837585099347, 40.36381622409496], [115.46849358757228, 40.363817783584004], [115.46849154890828, 40.36390784367741], [115.46860928565289, 40.363909403051565], [115.46861132416029, 40.363819342953214], [115.46872906075751, 40.36382090220264], [115.46872498404663, 40.36400102240769], [115.46884272096617, 40.36400258154717], [115.46884068275352, 40.3640926416524], [115.46895841983886, 40.364094200676995], [115.4689563817736, 40.36418426078566], [115.46907411902467, 40.36418581969539], [115.4690720811068, 40.3642758798075], [115.46930755594974, 40.36427899727741], [115.4693055183358, 40.36436905739789], [115.46942325592767, 40.36437061595806], [115.46942121846112, 40.364460676081976], [115.46965669398551, 40.36446379285277], [115.46965465682297, 40.364553852985054], [115.46977239475552, 40.364555411195674], [115.46977035774037, 40.36464547133139], [115.47000583394623, 40.364648587403046], [115.47000176051466, 40.36482870768977], [115.47023723738359, 40.364831823301905], [115.47023316454163, 40.365011943602354], [115.47035090330303, 40.36501350123856], [115.47034886702485, 40.365103561391486], [115.47046660595205, 40.36510511891282], [115.47046456982125, 40.365195179069175], [115.47058230891423, 40.365196736475625], [115.47058027293085, 40.36528679663542], [115.47069801218957, 40.36528835392697], [115.4706959763536, 40.3653784140902], [115.4708137157781, 40.36537997126688], [115.47081168008953, 40.36547003143355], [115.47092941967982, 40.365471588495346], [115.47092738413863, 40.365561648665434], [115.4710451238947, 40.36556320561234], [115.47104308850093, 40.36565326578588], [115.47116082842274, 40.36565482261791], [115.47115879317641, 40.36574488279487], [115.47151201346672, 40.36574955258684], [115.47150997868096, 40.36583961277708], [115.4717454592336, 40.365842725382514], [115.47174139026092, 40.36602284577823], [115.47185913086416, 40.36602440191107], [115.47185709652065, 40.366114462111625], [115.47197483728971, 40.36611601812958], [115.47197280309359, 40.36620607833356], [115.47209054402842, 40.36620763423662], [115.47208444185486, 40.36647781485436], [115.47231992469158, 40.36648092633058], [115.47231789092858, 40.36657098654335], [115.47243563251729, 40.36657254210665], [115.4724335989017, 40.36666260232286], [115.47266908241987, 40.36666571309986], [115.47266704910831, 40.36675577332442], [115.47290253297635, 40.366758883631974], [115.4729004999688, 40.366848943864895], [115.47301824207321, 40.36685049884387], [115.47301620921309, 40.366940559080206], [115.47313395148325, 40.366942113944276], [115.47313191877058, 40.36703217418405], [115.47336740365157, 40.36703528356258], [115.47336537124293, 40.367125343810706], [115.4734831138538, 40.36712689832517], [115.4734810815926, 40.367216958576705], [115.47371656715504, 40.36722006725598], [115.47371453519786, 40.36731012751587], [115.47383227814943, 40.36731168168071], [115.4738302463397, 40.36740174194402], [115.47394798945706, 40.367403295993945], [115.47394595779477, 40.367493356260695], [115.4740637010779, 40.36749491019571], [115.47406166956304, 40.36758497046589], [115.47417941301192, 40.36758652428601], [115.47417738164452, 40.36767658455961], [115.47429512525918, 40.367678138264814], [115.4742930940392, 40.36776819854183], [115.47452858160922, 40.367771305602616], [115.4745265506933, 40.36786136588798], [115.47464429464866, 40.36786291924356], [115.47464226388021, 40.36795297953234], [115.47476000800133, 40.367954532773005], [115.47475797738034, 40.36804459306521], [115.47487572166723, 40.36804614619097], [115.47487369119366, 40.368136206486604], [115.47510918010813, 40.36813931238847], [115.47510714993867, 40.36822937269244], [115.47522489456625, 40.36823092546855], [115.47522286454421, 40.36832098577594], [115.47534060933758, 40.368322538437134], [115.475338579463, 40.36841259874794], [115.47545632442211, 40.36841415129423], [115.47545429469498, 40.36850421160847], [115.47568978495394, 40.368507316351376], [115.4756877555309, 40.368597376673954], [115.4759232461397, 40.36860048094739], [115.47592121702074, 40.36869054127829], [115.47615670797937, 40.36869364508224], [115.47615467916448, 40.368783705421464], [115.47627242481416, 40.36878525714861], [115.47627039614672, 40.368875317491266], [115.47650588778674, 40.368878420595884], [115.47650385942339, 40.368968480946855], [115.47662160541377, 40.36897003232435], [115.47661957719788, 40.36906009267873], [115.47673732335402, 40.36906164394129], [115.47673529528558, 40.36915170429911], [115.47685304160747, 40.36915325544675], [115.47685101368654, 40.36924331580797], [115.47696876017422, 40.36924486684069], [115.47696673240074, 40.36933492720533], [115.47708447905417, 40.369336478123124], [115.47708245142817, 40.36942653849119], [115.47720019824737, 40.36942808929407], [115.47719817076884, 40.36951814966554], [115.47731591775383, 40.3695197003535], [115.47731389042278, 40.36960976072838], [115.47754938473338, 40.369612861754604], [115.47754735770644, 40.36970292213782], [115.47766510503209, 40.369704472476094], [115.47766307815263, 40.36979453286271], [115.47778082564405, 40.36979608308606], [115.47777879891207, 40.369886143476094], [115.47789654656926, 40.36988769358451], [115.47789451998474, 40.36997775397798], [115.47801226780771, 40.36997930397147], [115.4780102413707, 40.37006936436833], [115.47824573735728, 40.37007246400562], [115.47824371122438, 40.3701625244108], [115.47836145938803, 40.3701640740546], [115.4783594334026, 40.370254134463195], [115.47859493007053, 40.3702572334011], [115.47859290438925, 40.370347293818], [115.47941714411121, 40.3703581363602], [115.4794191686961, 40.37026807590897], [115.48024340776918, 40.370278912544975], [115.48024543124853, 40.37018885205796], [115.48071642457892, 40.370195041765434], [115.4807184474226, 40.37010498125736], [115.48107169204631, 40.370109622265026], [115.48107371441101, 40.37001956174076], [115.48142695864695, 40.37002420165525], [115.48142898053266, 40.369934141114804], [115.48213546831099, 40.36994341767888], [115.4821374892478, 40.369853357107615], [115.4824907327902, 40.36985799375723], [115.48249275324801, 40.36976793316979], [115.48319923963909, 40.36977720320419], [115.48320125914803, 40.369687142585924], [115.48378999727467, 40.36969486429475], [115.48379201599137, 40.36960480365057], [115.4839097634874, 40.36960634762795], [115.48391178203839, 40.36951628697738], [115.48402952938689, 40.36951783083005], [115.48403154777213, 40.36942777017309], [115.48414929497312, 40.369429313901044], [115.48415736779656, 40.36906907123882], [115.48403962122205, 40.36906752753041], [115.48404163956178, 40.36897746686602], [115.48380614675334, 40.36897437909949], [115.48381018403195, 40.368794257785765], [115.48369243795463, 40.36879271373253], [115.48370051302904, 40.36843247110674], [115.48381825847989, 40.36843401514043], [115.4838202770691, 40.36834395447537], [115.48393802237244, 40.36834549838436], [115.48394004079593, 40.36825543771292], [115.48405778595178, 40.36825698149718], [115.48406585892825, 40.36789673877699], [115.48394811439888, 40.36789519501226], [115.48395013277685, 40.36780513433338], [115.48406787714963, 40.36780667809322], [115.48406989536187, 40.36771661740796], [115.48383440693866, 40.36771352977821], [115.48383642545504, 40.36762346910122], [115.4837186814137, 40.3676219251115], [115.48372070007755, 40.3675318644379], [115.48324972462973, 40.36752568730033], [115.48325174391093, 40.36743562664479], [115.48336948760263, 40.36743717110404], [115.48337352582449, 40.36725704977873], [115.48325578244601, 40.36725550532925], [115.48325780169989, 40.36716544466924], [115.48337554492177, 40.36716698911382], [115.48337756400991, 40.36707692844744], [115.48325982094465, 40.36707538400775], [115.4832618401803, 40.366985323344764], [115.48314409728076, 40.366983778790136], [115.48315217475871, 40.36662353614282], [115.4833876593141, 40.366626625093154], [115.48339169737203, 40.36644650374101], [115.48374492333379, 40.366451136238545], [115.48375097894296, 40.366180954155155], [115.4836332374164, 40.366179410123785], [115.48363525609118, 40.36608934943125], [115.48351751473031, 40.36608780528494], [115.4835195335526, 40.365997744595774], [115.48245986312406, 40.365983841931296], [115.4824558226517, 40.36616396322013], [115.48198485700094, 40.36615778110377], [115.48198687786808, 40.366067720479656], [115.48186913663477, 40.36606617465592], [115.4818711576494, 40.3659761140352], [115.48175341658181, 40.36597456809653], [115.48175543774393, 40.36588450747924], [115.48163769684203, 40.36588296142564], [115.48163971815163, 40.36579290081174], [115.48152197741544, 40.36579135464322], [115.48152399887252, 40.365701294032704], [115.48140625830206, 40.36569974774927], [115.48140827990659, 40.36560968714217], [115.48129053950184, 40.3656081407438], [115.48129256125387, 40.36551808014011], [115.48117482101485, 40.365516533626824], [115.48117684291432, 40.365426473026524], [115.481059102841, 40.365424926398326], [115.48106112488796, 40.36533486580143], [115.48082564508188, 40.36533177219538], [115.48082766743289, 40.36524171160677], [115.48070992770012, 40.36524016462892], [115.48071397268795, 40.36506004345704], [115.48047849387615, 40.36505694916149], [115.48048253945382, 40.36487682800324], [115.48071801763929, 40.36487992227921], [115.48072004010126, 40.364789861688045], [115.48060230116054, 40.364788314614856], [115.48060432377, 40.364698254027104], [115.48083980134734, 40.36470134804388], [115.48083777905109, 40.36479140864143], [115.48107325697809, 40.36479450218874], [115.48106921298452, 40.364974623398936], [115.4811869522749, 40.36497617000267], [115.48118493042101, 40.36506623061042], [115.48130266987708, 40.36506777709923], [115.48129862645517, 40.36524789832006], [115.48141636623353, 40.36524944469884], [115.48141434466548, 40.3653395053119], [115.48153208460954, 40.36534105157577], [115.48153006318896, 40.36543111219224], [115.48176554341767, 40.36543420437032], [115.48176352230114, 40.36552426499509], [115.48188126258576, 40.36552581090929], [115.48187722063858, 40.365705932164126], [115.48211270186152, 40.36570902365266], [115.48211068118745, 40.36579908428764], [115.48246390356003, 40.36580372063649], [115.48246592376431, 40.365713659986845], [115.48223044248668, 40.3657105692172], [115.48223246299504, 40.365620508575866], [115.48211472252649, 40.3656189630162], [115.48212078446672, 40.36534878109789], [115.48223852446549, 40.36535032664287], [115.48223650398447, 40.36544038728868], [115.48235424414895, 40.365441932718745], [115.4823562644734, 40.36535187206804], [115.48270948455175, 40.36535650762465], [115.4827115043973, 40.36526644695777], [115.48282924428506, 40.3652679918988], [115.48283328363566, 40.36508787055081], [115.48271554406107, 40.36508632561956], [115.48272160348841, 40.364816143601054], [115.48283934259321, 40.364817688517626], [115.4828433818527, 40.36463756715474], [115.48296112065344, 40.36463911194172], [115.4829651595633, 40.36445899056309], [115.48308289805999, 40.36446053522047], [115.48309299439234, 40.36401023172334], [115.48321073211523, 40.364011776236495], [115.48321275119778, 40.3639217155277], [115.48333048877319, 40.36392325991616], [115.48333250769008, 40.363833199201], [115.48309703286152, 40.36383011031406], [115.48309905208245, 40.363740049607166], [115.48274584037769, 40.36373541539286], [115.48274786005925, 40.36364535469916], [115.4825123859481, 40.363642264633704], [115.48251642591018, 40.363462143261366], [115.48239868918145, 40.363460598058694], [115.4824007093054, 40.36337053737519], [115.48228297274235, 40.36336899205761], [115.48228499301376, 40.36327893137751], [115.48204952022814, 40.36327584039271], [115.4820515408036, 40.36318577972088], [115.48181606836758, 40.36318268826666], [115.48181808924706, 40.36309262760313], [115.48193582530392, 40.36309417338526], [115.48193784601771, 40.36300411271535], [115.48217331784566, 40.363007203910406], [115.4821753382372, 40.36291714322922], [115.48264628137616, 40.362923324162125], [115.48265032087933, 40.36274320275617], [115.48253258539404, 40.362741657712434], [115.48253460528852, 40.36265159701211], [115.48241686996896, 40.36265005185344], [115.48241889001089, 40.36255999115652], [115.48194794944996, 40.36255380934343], [115.48194997010907, 40.36246374866458], [115.48089035578938, 40.36244983262073], [115.4808923778485, 40.36235977198442], [115.48065690841312, 40.36235667822221], [115.48065893077624, 40.362266617594194], [115.48018799264126, 40.36226042865173], [115.48019001562152, 40.362170368041824], [115.48007228126716, 40.36216882051159], [115.48007025813034, 40.36225888111662], [115.4797170546523, 40.36225423779245], [115.47971907825882, 40.362164177202125], [115.47960134394096, 40.36216262919271], [115.47960336769492, 40.3620725686058], [115.47948563354275, 40.362071020481466], [115.47948765744414, 40.361980959897956], [115.47936992345768, 40.36197941165873], [115.4793719475065, 40.36188935107863], [115.47925421368573, 40.3618878027245], [115.47925623788198, 40.361797742147836], [115.47913850422691, 40.3617961936788], [115.47914052857061, 40.361706133105514], [115.47890506160094, 40.361703035817875], [115.47890911088719, 40.36152291468644], [115.47879137772918, 40.361521365872726], [115.47879340251515, 40.36143130530966], [115.47832247060074, 40.361425108876446], [115.47832044518852, 40.36151516941989], [115.4782027120762, 40.36151362000719], [115.47820473764497, 40.36142355946865], [115.4778515388325, 40.36141891052647], [115.4778535648618, 40.36132885000115], [115.47797129763362, 40.36133039976344], [115.47797332349724, 40.36124033923173], [115.4782087887551, 40.361243438387106], [115.47821081429646, 40.36115337784408], [115.47785761689302, 40.36114872894605], [115.47785559088199, 40.36123878947434], [115.47762012567895, 40.36123568960019], [115.4776221520031, 40.3611456290817], [115.47750441957183, 40.36114407896984], [115.47750239309113, 40.36123413948342], [115.47714919538254, 40.361229488414345], [115.47715324927415, 40.361049367415106], [115.477035517036, 40.361047816828965], [115.47703754412467, 40.36095775633203], [115.47715527620623, 40.36095930691326], [115.4771573031292, 40.36086924640991], [115.47739276700665, 40.36087234720318], [115.47739479360736, 40.36078228668853], [115.47763025720829, 40.36078538699281], [115.47763228348676, 40.36069532646686], [115.47751455183825, 40.36069377637953], [115.47751860468085, 40.360513655332966], [115.47763633601622, 40.360515205410486], [115.47763430975606, 40.36060526593943], [115.47775204125712, 40.36060681590206], [115.47775001514435, 40.3606968764344], [115.47810321017207, 40.36070152561827], [115.47810118451982, 40.36079158616383], [115.47833664823042, 40.360794685030584], [115.47833462288216, 40.36088474558447], [115.47845235490772, 40.360886294843056], [115.47845032970687, 40.36097635540035], [115.47856806189813, 40.360977904544036], [115.47857008694241, 40.36088784398184], [115.47868781898623, 40.36088939300084], [115.4786918687343, 40.36070927186218], [115.47904506398126, 40.36071391817097], [115.47904303958147, 40.36080397875576], [115.47927850343821, 40.3608070757058], [115.47927445523742, 40.360987196890484], [115.4793921874926, 40.36098874519563], [115.479394211441, 40.36089868459913], [115.47962967566563, 40.36090178084019], [115.47963169929177, 40.36081172023239], [115.48045582326962, 40.36082255326831], [115.48045784579075, 40.36073249262474], [115.4803401139231, 40.36073094541246], [115.48034415925112, 40.360550824130655], [115.48010869616941, 40.360547729366296], [115.48011071913285, 40.360457668732955], [115.47987525640073, 40.36045457349922], [115.47987727966814, 40.36036451287418], [115.47964181728564, 40.36036141717107], [115.47964384085701, 40.36027135655433], [115.479526109836, 40.36026980852799], [115.47952813355484, 40.36017974791466], [115.4794104026995, 40.36017819977341], [115.47941242656572, 40.360088139163494], [115.47929469587608, 40.360086590907365], [115.47929671988973, 40.35999653030085], [115.47917898936575, 40.35999498192982], [115.47918101352681, 40.359904921326724], [115.47871009214843, 40.35989872666433], [115.4787080673612, 40.359988787247836], [115.47788395420484, 40.35997794194239], [115.47788192831263, 40.36006800249008], [115.47764646717994, 40.36006490274345], [115.47764444096548, 40.36015496327984], [115.47752671025631, 40.36015341322194], [115.47752468387615, 40.36024347375192], [115.47681829887381, 40.36023417085945], [115.47682032619325, 40.36014411035889], [115.47646713428517, 40.360139457310176], [115.47647118983592, 40.35995933633405], [115.47623572923578, 40.35995623372225], [115.47623775731056, 40.35986617324178], [115.47612002718076, 40.359864621761105], [115.4761220554029, 40.35977456128405], [115.4760043254388, 40.359773009688496], [115.47600635380836, 40.35968294921484], [115.47588862400994, 40.35968139750442], [115.47589268103468, 40.35950127656247], [115.47577495155852, 40.359499724742065], [115.47578103749663, 40.3592295433327], [115.47566330849925, 40.359227991407245], [115.47566533728353, 40.359137930939376], [115.4755476084518, 40.35913637889905], [115.47555369521935, 40.35886619750125], [115.47531823852265, 40.358863093090704], [115.47532026773995, 40.3587730326316], [115.47520253956186, 40.35877148025157], [115.47520456892654, 40.3586814197959], [115.47544002497878, 40.358684524426366], [115.47544205402123, 40.35859446395937], [115.4757952376986, 40.35859911999195], [115.4757911805438, 40.3587792409539], [115.47590890876765, 40.35878079273502], [115.47590485188928, 40.35896091370083], [115.47602258043537, 40.35896246537198], [115.47601852383352, 40.35914258634164], [115.47613625270182, 40.35914413790282], [115.4761342245437, 40.35923419839033], [115.47625195357767, 40.359235749836635], [115.47624992556695, 40.35932581032755], [115.47648538397547, 40.359328912870616], [115.47648335626869, 40.35941897336987], [115.47695427382162, 40.35942517703817], [115.47695630090222, 40.35933511651929], [115.47730948869331, 40.359339767998016], [115.47731151529514, 40.35924970746292], [115.47754697355515, 40.359252807839994], [115.47754899983475, 40.359162747293595], [115.47778445781826, 40.3591658471817], [115.47778243185172, 40.35925590773791], [115.47837107775308, 40.359263655386414], [115.47836905256013, 40.35935371596565], [115.47907542888245, 40.35936300922027], [115.47907340461963, 40.35945306982742], [115.4794265933737, 40.35945771485229], [115.47942456957136, 40.35954777547264], [115.47954229933087, 40.359549323579586], [115.47954027567599, 40.359639384203355], [115.47977573553543, 40.35964248006767], [115.4797737121845, 40.359732540699746], [115.47989144228447, 40.35973408845712], [115.47988941908093, 40.3598241490926], [115.48012487962136, 40.35982724425777], [115.4801228567218, 40.35991730490155], [115.4805937785383, 40.35992349381398], [115.48059580081167, 40.35983343315062], [115.4813021828708, 40.359842712896175], [115.48130420419577, 40.35975265220194], [115.4816573948788, 40.359757290442865], [115.48165941572499, 40.35966722973246], [115.48177714581436, 40.35966877556829], [115.48177916649489, 40.35957871485152], [115.4814259767238, 40.35957407699932], [115.48142799786484, 40.35948401629574], [115.48201664674617, 40.359491745425984], [115.48201462638785, 40.35958180615404], [115.48213235634802, 40.35958335162561], [115.48213033613712, 40.359673412357054], [115.48224806626294, 40.35967495771373], [115.48224604619946, 40.359765018448584], [115.48259923710123, 40.35976965381453], [115.48260125669506, 40.35967959306501], [115.48283671702869, 40.35968268270024], [115.48283873630031, 40.35959262193945], [115.48295646632423, 40.359594166572506], [115.48295848543019, 40.35950410580534], [115.4830762153067, 40.3595056503137], [115.48307823424699, 40.359415589540156], [115.48319596397606, 40.35941713392384], [115.48319798275072, 40.35932707314392], [115.48331571233234, 40.35932861740292], [115.48331773094134, 40.359238556616624], [115.4834354603755, 40.35924010075097], [115.48343747881889, 40.35915003995828], [115.48355520810563, 40.35915158396794], [115.48355722638333, 40.35906152316888], [115.48367495552263, 40.359063067053874], [115.48368100983151, 40.358792884633104], [115.48379873851029, 40.358794428383646], [115.48380479226765, 40.3585242459348], [115.48392252048589, 40.3585257895509], [115.48392655596555, 40.35834566790111], [115.48404428387983, 40.358347211387674], [115.48404831901001, 40.35816708972216], [115.48416604662032, 40.358168633079146], [115.4841720987777, 40.35789845055504], [115.48428982592752, 40.35789999377759], [115.48429587753341, 40.35762981122543], [115.48441360422274, 40.357631354313554], [115.48442167227707, 40.35727111087026], [115.48430394621386, 40.357269567801666], [115.48430596336122, 40.357179506941996], [115.48395278569583, 40.35717487703219], [115.48395480330366, 40.35708481618568], [115.4840725290265, 40.35708635960385], [115.48407656390187, 40.356906237896595], [115.48419428932074, 40.35690778118521], [115.48419630658825, 40.356817720324464], [115.48454948242993, 40.356822349457005], [115.48454746563202, 40.356912410332384], [115.48478291655168, 40.35691549583161], [115.48477888355465, 40.357095617597466], [115.48489660934119, 40.357097160177176], [115.48489459298554, 40.35718722106274], [115.48501231893772, 40.35718876352754], [115.4850103027295, 40.357278824416504], [115.48524575497416, 40.35728190899654], [115.48524373906993, 40.357371969893784], [115.48559691797468, 40.35737659588011], [115.48559490253093, 40.3574666567905], [115.48594808198712, 40.357471281713444], [115.48594606700387, 40.35756134263697], [115.48618152033318, 40.35756442532978], [115.48617950565392, 40.35765448626157], [115.4864149593326, 40.35765756848502], [115.48641294495732, 40.35774762942506], [115.48664839898544, 40.357750711179115], [115.48664638491415, 40.35784077212744], [115.48688183929167, 40.35784385341212], [115.48687982552433, 40.357933914368694], [115.48699755288325, 40.35793545483623], [115.48699553926339, 40.3580255157962], [115.48711326678793, 40.358027056148835], [115.4871112533155, 40.35811711711218], [115.48722898100566, 40.3581186573499], [115.4872269676807, 40.35820871831664], [115.48734469553646, 40.35821025843944], [115.48734268235897, 40.35830031940956], [115.48746041038035, 40.358301859417445], [115.48745638431119, 40.35848198136297], [115.48757411265473, 40.35848352126083], [115.48757209976307, 40.35857358223622], [115.48768982827222, 40.35857512201916], [115.48768781552802, 40.35866518299793], [115.4878055442028, 40.35866672266596], [115.48780353160606, 40.35875678364812], [115.48803898929596, 40.35875986263457], [115.4880369770032, 40.35884992362497], [115.4881547060183, 40.358851462943385], [115.48815269387303, 40.35894152393719], [115.48827042305375, 40.35894306314068], [115.48826841105594, 40.35903312413786], [115.48838614040227, 40.35903466322643], [115.48838412855193, 40.35912472422698], [115.48861958758494, 40.35912780205451], [115.48861757603859, 40.359217863063314], [115.48873530572524, 40.359219401802264], [115.4887332943264, 40.35930946281445], [115.48885102417866, 40.35931100143848], [115.48884901292728, 40.35940106245405], [115.48896674294515, 40.35940260096315], [115.48896473184125, 40.359492661982095], [115.48908246202475, 40.359494200376275], [115.48907844010283, 40.35967432241942], [115.48931390112325, 40.359677398867895], [115.48931189046176, 40.359767459896965], [115.48942962114212, 40.35976899794638], [115.48942560010505, 40.35994912000981], [115.4895433311076, 40.35995065794916], [115.489541320732, 40.3600407189835], [115.48965905190018, 40.36004225680794], [115.48965704167207, 40.36013231784564], [115.48989250434869, 40.360135393144866], [115.48989049442461, 40.360225454190825], [115.49012595745062, 40.36022852902059], [115.49012394783058, 40.36031859007479], [115.49071260633698, 40.36032627507715], [115.49071461517423, 40.36023621399863], [115.49118554151622, 40.36024235982478], [115.49118754971822, 40.360152298725325], [115.49142301263046, 40.36015537090991], [115.49142502051028, 40.36006530979924], [115.49154275182345, 40.360066845706974], [115.49154475953765, 40.35997678458997], [115.49178022187802, 40.35997985603634], [115.49178222927007, 40.35988979490811], [115.49189996029729, 40.35989133044676], [115.49190196752372, 40.359801269312165], [115.49201969840345, 40.35980280472616], [115.49202170546427, 40.359712743585234], [115.49237489768811, 40.35971734909388], [115.49237690427027, 40.35962728793689], [115.4924946348731, 40.359628822861985], [115.49249664128963, 40.35953876169865], [115.49261437174496, 40.359540296499105], [115.4926163779959, 40.35945023532942], [115.49285183862061, 40.35945330456125], [115.4928538445494, 40.35936324338035], [115.49297157471878, 40.35936477781173], [115.49297358048199, 40.35927471662449], [115.49344450062384, 40.35928085313264], [115.49344650575179, 40.3591907919245], [115.49391742541215, 40.35919692649659], [115.49391942990488, 40.359106865267535], [115.49450807890105, 40.3591145307631], [115.49451008260199, 40.359024469508306], [115.49498100133545, 40.359030599729145], [115.49497899826065, 40.35912066100333], [115.49556764766349, 40.35912832110833], [115.49556564536242, 40.35921838240529], [115.49580110549987, 40.359221445618445], [115.4957971014968, 40.35940156822725], [115.49591483189216, 40.359403099663844], [115.49591283003365, 40.359493160970864], [115.49579509948173, 40.35949162952944], [115.49579309745761, 40.359581690830105], [115.49567536675818, 40.35958015926403], [115.49567336456849, 40.35967022055837], [115.49579109542447, 40.3596717521293], [115.49578909338229, 40.359761813427], [115.4961422864741, 40.359766407435544], [115.49615029271, 40.35940616217764], [115.49626802313244, 40.35940769325486], [115.49626602174358, 40.35949775457642], [115.49661921353476, 40.35950234710385], [115.4966172126065, 40.35959240843844], [115.49685267415886, 40.35959546953413], [115.49685067353467, 40.35968553087692], [115.49696840448092, 40.359687061249915], [115.49696640400427, 40.35977712259606], [115.49708413511611, 40.3597786528541], [115.49708213478698, 40.3598687142036], [115.49731759735083, 40.35987177436999], [115.49731559732578, 40.359961835727695], [115.49778652318798, 40.35996795464231], [115.49778452378011, 40.36005801601789], [115.49837318209354, 40.360065661989985], [115.49837118345944, 40.360155723388274], [115.49872437902533, 40.3601603095485], [115.49872238085189, 40.36025037095981], [115.4988401128818, 40.36025189944514], [115.49883811485589, 40.36034196085979], [115.49919131146927, 40.3603465456115], [115.49918931390403, 40.360436607039176], [115.50013117318866, 40.3604488278114], [115.50013316950144, 40.360358766345044], [115.50166369003277, 40.36037860868485], [115.50166169575522, 40.360468670214], [115.50189716090043, 40.36047172109437], [115.50189516692704, 40.36056178263167], [115.50213063242136, 40.36056483304252], [115.50212863875205, 40.36065489458799], [115.50236410459547, 40.36065794452928], [115.50236211123033, 40.36074800608291], [115.50259757742282, 40.360751055554665], [115.50259558436179, 40.36084111711645], [115.50294878418765, 40.36084569044007], [115.50294679158732, 40.36093575201485], [115.50329999196377, 40.36094032427476], [115.50329799982413, 40.36103038586252], [115.50365120075114, 40.36103495705868], [115.50364920907222, 40.36112501865942], [115.50388467671495, 40.36112806553418], [115.50388268534017, 40.361218127143076], [115.50411815333193, 40.36122117354828], [115.50411616226133, 40.36131123516532], [115.50435163060216, 40.36131428110095], [115.50434963983568, 40.361404342726146], [115.50458510852556, 40.361407388192205], [115.50458311806325, 40.36149744982556], [115.50481858710218, 40.36150049482206], [115.50481659694404, 40.36159055646354], [115.50505206633201, 40.361593600990474], [115.505050076478, 40.361683662640104], [115.50516781134203, 40.361685184728685], [115.50516582163563, 40.36177524638164], [115.5059899670311, 40.36178589768091], [115.5059919556415, 40.36169583599424], [115.50634516047587, 40.36170039902529], [115.50634714860763, 40.361610337322695], [115.50658261822888, 40.36161337873475], [115.50658460603853, 40.361523317021046], [115.50682007538252, 40.36152635794427], [115.50682206287007, 40.361436296219445], [115.5071752664836, 40.36144085669134], [115.50717725349247, 40.361350794950596], [115.50741272229986, 40.36135383465656], [115.50741470898663, 40.36126377290471], [115.50753244324719, 40.36126529257319], [115.50753442976844, 40.361175230815036], [115.50788763213419, 40.36117978908721], [115.50788961817678, 40.36108972731315], [115.5083605541636, 40.36109580331295], [115.50836253957098, 40.36100574151817], [115.508598007305, 40.36100877878965], [115.50859999239029, 40.36091871698377], [115.50895319358878, 40.36092327197808], [115.50895517819542, 40.3608332101563], [115.50919064539274, 40.36083624621056], [115.50919262967729, 40.36074618437768], [115.5093103631328, 40.36074770222032], [115.50931234725184, 40.36065764038115], [115.50943008055974, 40.36065915809917], [115.50943206451329, 40.36056909625372], [115.50884339884608, 40.3605615064896], [115.50884538357347, 40.36047144466669], [115.50837445182712, 40.36046537071825], [115.50837842250752, 40.360285247106376], [115.50802522473114, 40.36028069041601], [115.50802323892574, 40.36037075220827], [115.50755230805642, 40.36036467492472], [115.50755032161582, 40.36045473669627], [115.5073148559218, 40.36045169732609], [115.50731684267551, 40.36036163556417], [115.5071991099985, 40.36036011570419], [115.50719712308823, 40.36045017746131], [115.50707939026361, 40.360448657476724], [115.50707740318781, 40.360538719227534], [115.50660647135278, 40.36053263807199], [115.50660845905485, 40.36044257634041], [115.5067261918436, 40.360444096804194], [115.5067281793801, 40.36035403506631], [115.50684591202126, 40.36035555540548], [115.50684789939226, 40.360265493661316], [115.50708336438835, 40.36026853397062], [115.50708535143724, 40.36017847221535], [115.50720308379218, 40.36017999218551], [115.50720507067557, 40.360089930423925], [115.5073228028829, 40.36009145026947], [115.50732478960079, 40.360001388501594], [115.50803118209362, 40.36001050503029], [115.50803316786319, 40.359920443232085], [115.50826863178601, 40.359923481107], [115.50826664632956, 40.36001354291483], [115.50838437846096, 40.3600150616774], [115.50838636376088, 40.359924999864774], [115.50850409574467, 40.35992651850274], [115.50850608087907, 40.359836456683816], [115.50862381271527, 40.35983797519719], [115.50862579768416, 40.359747913371955], [115.50874352937275, 40.359749431760726], [115.50875345330007, 40.35929912258828], [115.50887118421488, 40.35930064083323], [115.50887515341003, 40.35912051714422], [115.50899288402067, 40.35912203525977], [115.50899486844827, 40.35903197340823], [115.5092303293833, 40.35903500927034], [115.50923231348887, 40.3589449474077], [115.50935004381326, 40.35894646515427], [115.50935202775331, 40.358856403285344], [115.50923429758546, 40.358854885543586], [115.5092362816731, 40.35876482367797], [115.50888309169292, 40.358760269748366], [115.50888110713564, 40.358850331599555], [115.5086456468805, 40.35884729503791], [115.50864366200115, 40.358937356878], [115.50829047121597, 40.35893280112269], [115.50829444190498, 40.35875267746985], [115.50794125213969, 40.35874812066525], [115.5079432379404, 40.358658058851], [115.50759004872533, 40.358653500982705], [115.50759203498674, 40.3585634391814], [115.50723884632197, 40.358558880249426], [115.50724083304404, 40.35846881846106], [115.50688764492956, 40.35846425846541], [115.50688565773785, 40.358554320239335], [115.5066501987266, 40.358551279633666], [115.50664821121285, 40.35864134139648], [115.5065304815641, 40.35863982090915], [115.50652849388486, 40.35872988266567], [115.50664622369013, 40.35873140315782], [115.50664423615842, 40.35882146491767], [115.50687969610897, 40.35882450555221], [115.5068777088814, 40.358914567320184], [115.50699543902667, 40.35891608746258], [115.50699345194667, 40.35900614923388], [115.50711118225746, 40.3590076692613], [115.50710720838372, 40.35918779280905], [115.50746040030909, 40.359192352201404], [115.50745841382842, 40.359282413987486], [115.50781160630412, 40.35928697231613], [115.50780962028415, 40.35937703411515], [115.50769188929341, 40.359375514787246], [115.50768990310793, 40.35946557657996], [115.5075721719696, 40.35946405712747], [115.50757018561859, 40.35955411891389], [115.50745245433266, 40.35955259933679], [115.50745046781617, 40.35964266111693], [115.50721500495807, 40.35963962159372], [115.5072130181195, 40.35972968336273], [115.50709528654734, 40.359728163416634], [115.5070972735425, 40.35963810165242], [115.50686181073819, 40.35963506141046], [115.50686379803746, 40.35954499965438], [115.50662833558215, 40.35954195894286], [115.50663032318555, 40.35945189719492], [115.50651259212788, 40.35945037666428], [115.50651457987888, 40.359360314919655], [115.50592592550784, 40.35935271049362], [115.50592791403263, 40.359262648771576], [115.50581018334186, 40.3592611275318], [115.50580819466053, 40.359351189249026], [115.50545500217243, 40.35934662479652], [115.50545699132344, 40.35925656309373], [115.50557472198729, 40.35925808469288], [115.50557671097275, 40.359168022983795], [115.50569444148898, 40.35916954445833], [115.50569643030894, 40.35907948274294], [115.50581416067763, 40.359081004092886], [115.50581614933206, 40.3589909423712], [115.50558068891677, 40.358987899561164], [115.50558267787531, 40.358897837847614], [115.50570040792192, 40.35889935930771], [115.50570239671498, 40.35880929758786], [115.50582012661401, 40.35881081892336], [115.50581813797751, 40.35890088064802], [115.50640678839, 40.35890848555269], [115.50641275192434, 40.358638300302026], [115.50629502229357, 40.35863677957511], [115.50629303430121, 40.35872684132201], [115.50570438549903, 40.35871923586652], [115.50570637427413, 40.35862917414369], [115.50547091512914, 40.35862613113259], [115.50547290420836, 40.358536069417895], [115.50535517480587, 40.35853454773749], [115.50535716403266, 40.35844448602613], [115.50500397634866, 40.35843992028058], [115.5050059660361, 40.35834985858219], [115.50477050793806, 40.358346814162516], [115.50477249792964, 40.35825675247226], [115.50430158246745, 40.35825066221472], [115.50430357307619, 40.358160600542256], [115.50418584438964, 40.358159077683226], [115.50418783514593, 40.35806901601409], [115.50395237811286, 40.35806596994628], [115.50395436917327, 40.3579759082853], [115.50383664082672, 40.35797438507655], [115.50384062323367, 40.35779426175975], [115.50360516719371, 40.35779121500218], [115.50360715869678, 40.35770115335118], [115.50348943084681, 40.357699629797516], [115.50348743918721, 40.35778969144369], [115.50336971118969, 40.357788167765435], [115.50336771936455, 40.35787822940529], [115.50324999121948, 40.35787670560242], [115.50325198320115, 40.357786643967394], [115.50254561545866, 40.35777749866361], [115.50254362253774, 40.357867560269696], [115.50207271026306, 40.35786146098549], [115.50207470381011, 40.3577713993987], [115.50183924803979, 40.35776834904753], [115.50184124189092, 40.3576782874689], [115.50172351417578, 40.35767676211846], [115.50172152016812, 40.35776682369227], [115.50136833660709, 40.35776224690777], [115.50137033108436, 40.35767218534845], [115.5014880587725, 40.35767371105824], [115.50149404168079, 40.357403526356876], [115.50137631446225, 40.35740200066157], [115.50137830890353, 40.357311939096306], [115.50126058185053, 40.35731041328605], [115.50125858725268, 40.357400474846486], [115.50114086005213, 40.35739894891161], [115.50114285480652, 40.357308887356005], [115.5010251277715, 40.35730736130618], [115.5010211379407, 40.357487484406256], [115.50055022863835, 40.35748137897046], [115.5005522241844, 40.35739131744049], [115.50019904277175, 40.3573867371204], [115.50020303477604, 40.35720661408498], [115.500438488416, 40.35720966773217], [115.50044447541566, 40.35693948313887], [115.50056220177956, 40.3569410097683], [115.5005641972716, 40.356850948229386], [115.50068192348796, 40.35685247473419], [115.50068391881443, 40.356762413188974], [115.50033074066198, 40.3567578333297], [115.50033473222713, 40.356577710263764], [115.50009928079659, 40.35657465644468], [115.50010127687874, 40.35648459491914], [115.4999835513335, 40.356483067834766], [115.49998554756316, 40.35639300631257], [115.49986782218346, 40.35639147911324], [115.49987181492881, 40.35621135607405], [115.49975408987116, 40.35620982876462], [115.49975608638687, 40.35611976724763], [115.49963836149476, 40.35611823982324], [115.49964035815796, 40.35602817830959], [115.49952263343137, 40.35602665077027], [115.4995266270438, 40.355846527748184], [115.49964435145736, 40.35584805527784], [115.49965034133892, 40.355577870719046], [115.49953261739492, 40.35557634320387], [115.49953461416061, 40.35548628168615], [115.49965233794808, 40.355487809196475], [115.49965433454824, 40.355397747672406], [115.49953661091729, 40.35539622016691], [115.49953860766499, 40.35530615864618], [115.4996563311394, 40.355307686146844], [115.4996603242947, 40.355127563091266], [115.49989577064449, 40.355130617713925], [115.49989377438438, 40.35522067925213], [115.50001149772929, 40.355222206388625], [115.50001349383288, 40.3551321448456], [115.50013121703029, 40.35513367185749], [115.50013920072858, 40.35477342565114], [115.50025692330892, 40.35477495252393], [115.50025891905447, 40.3546848909638], [115.50037664148732, 40.354686417711996], [115.50037863706736, 40.35459635614552], [115.50049635935267, 40.3545978827691], [115.50049436392915, 40.354687944340405], [115.50096525378652, 40.35469404965634], [115.50096325898004, 40.35478411124546], [115.50108098162339, 40.35478563727984], [115.50108297627334, 40.35469557568589], [115.5012006987692, 40.35469710159566], [115.50119870427574, 40.354787163194445], [115.50131642693708, 40.35478868898929], [115.50131443259116, 40.35487875059141], [115.50119670977331, 40.35487722479174], [115.50119471526187, 40.35496728638756], [115.50131243823623, 40.35496881219205], [115.50131044387231, 40.3550588737912], [115.50178133648582, 40.35506497583075], [115.50178333022367, 40.354974914212285], [115.50190105324302, 40.35497643941792], [115.50189905966168, 40.3550665010412], [115.50236995245506, 40.355072600685254], [115.5023679594908, 40.35516266232636], [115.50272112964977, 40.35516723581624], [115.50272312214449, 40.35507717416067], [115.50295856864903, 40.35508022254541], [115.50295657646734, 40.35517028421063], [115.50307429988962, 40.35517180822816], [115.50307629191478, 40.35508174655813], [115.50342946176598, 40.35508631787759], [115.5034234870722, 40.35535650292666], [115.50330576330992, 40.355354979258806], [115.50330377157083, 40.35544504093403], [115.50318604766103, 40.35544351714159], [115.50318405575646, 40.3555335788105], [115.50330177982279, 40.35553510260777], [115.50329978806573, 40.35562516428002], [115.50341751229756, 40.35562668796233], [115.50340954580561, 40.35598693465572], [115.50352727067249, 40.35598845823754], [115.50352527918358, 40.356078519911996], [115.50364300421599, 40.35608004337887], [115.5036449955484, 40.35598998169959], [115.50388044532711, 40.35599302826434], [115.50387248119583, 40.35635327501106], [115.50399020672475, 40.35635479813305], [115.50398821582601, 40.356444859820826], [115.50410594152044, 40.35644638282786], [115.50410992299591, 40.35626625944117], [115.50422764838626, 40.35626778231879], [115.50422565780956, 40.35635784401769], [115.50434338336542, 40.356359366780346], [115.5043453737856, 40.35626930507661], [115.50446309919393, 40.35627082771467], [115.50446707969431, 40.35609070429313], [115.50434935459903, 40.35608918166471], [115.50435134499229, 40.355999119956515], [115.50446906993103, 40.35600064258011], [115.50447106015878, 40.35591058086562], [115.50458878494997, 40.355912103364616], [115.50459077501222, 40.35582204164382], [115.50470849965589, 40.355823564018216], [115.50470650975016, 40.355913625743845], [115.5048242345593, 40.35591514800329], [115.50482224480113, 40.35600520973223], [115.50493996977578, 40.35600673187671], [115.50493798016514, 40.356096793609], [115.50505570530531, 40.356098315638505], [115.50505769475942, 40.35600825390142], [115.5052931447536, 40.356011297591486], [115.50529115561253, 40.35610135933821], [115.50552660595565, 40.3561044025588], [115.50552461711868, 40.35619446431367], [115.50576006781071, 40.35619750706476], [115.50575807927783, 40.35628756882777], [115.50587580479383, 40.35628909002846], [115.50587182801421, 40.35646921355965], [115.50598955385223, 40.356470734650195], [115.50599154209002, 40.35638067288053], [115.50622699347993, 40.35638371469264], [115.50622898139565, 40.356293652911866], [115.50634670694754, 40.35629517363344], [115.5063486946978, 40.356205111846364], [115.50646642010213, 40.356206632443346], [115.50646840768688, 40.35611657064996], [115.50658613294365, 40.356118091122354], [115.5065841455154, 40.35620815292054], [115.50705504725818, 40.35621423363154], [115.50705703406031, 40.35612417181411], [115.50729248467243, 40.35612721144131], [115.50729447115253, 40.35603714961277], [115.5074121963155, 40.3560386692419], [115.50741616893582, 40.355858545570726], [115.50718071924491, 40.355855506211945], [115.50718270585469, 40.35576544438374], [115.5069472565127, 40.35576240455547], [115.50695917786133, 40.35522203361277], [115.50707690158872, 40.35522355355793], [115.50708484834917, 40.354863306213794], [115.50755574084403, 40.35486938471976], [115.50755971291836, 40.354689261000296], [115.50767743575145, 40.35469078031773], [115.50767942161865, 40.35460071845096], [115.50803258970211, 40.35460527567022], [115.50803060430444, 40.354695337551405], [115.50838377293805, 40.35469989370712], [115.50838178800097, 40.354789955601255], [115.5086172341145, 40.354792992449134], [115.50860929552881, 40.355153240049205], [115.5088447429303, 40.35515627645643], [115.50884672727712, 40.35506621454904], [115.50908217440137, 40.35506925046755], [115.50908019036758, 40.355159312384544], [115.50943336159064, 40.35516386537841], [115.50943534515486, 40.355073803447006], [115.50955306875724, 40.35507532086727], [115.50955108534954, 40.35516538280347], [115.50978653289421, 40.35516841729429], [115.50978851598886, 40.35507835534847], [115.5099062396181, 40.355079872409405], [115.50990822254728, 40.35498981045729], [115.51014366951955, 40.35499284421024], [115.5101456521268, 40.35490278224704], [115.5102633754698, 40.354904298939054], [115.51025742809087, 40.35517448483859], [115.51013970427829, 40.35517296813217], [115.51013573900123, 40.355353092048155], [115.51001801488458, 40.35535157521236], [115.51001008359707, 40.35571182300726], [115.50989235886325, 40.3557103060325], [115.5098903758625, 40.35580036797269], [115.51000810075284, 40.355801884952264], [115.51000215216646, 40.35607207077836], [115.51011987753535, 40.35607358765255], [115.51011789481186, 40.35616364959642], [115.50988244377001, 40.35616061571865], [115.5098784776701, 40.35634073958269], [115.50940757444152, 40.35633467035138], [115.50940955812204, 40.35624460843931], [115.50882093007033, 40.35623701922913], [115.50881497665392, 40.356507204888835], [115.50893270271597, 40.35650872298485], [115.50892674968858, 40.356778908645566], [115.50880902315697, 40.356777390535136], [115.50880505411423, 40.35695751429191], [115.50868732727848, 40.35695599605209], [115.50868534258717, 40.35704605792344], [115.50880306957943, 40.35704757616806], [115.50879910048299, 40.357227699915896], [115.50891682779726, 40.357229218050335], [115.50891484339216, 40.35731927992684], [115.50915029836067, 40.35732231584598], [115.50915228245272, 40.35723225395987], [115.50938773714397, 40.357235289390275], [115.50938972091399, 40.35714522749308], [115.5095074481165, 40.357146745023805], [115.50951141531662, 40.35696662121534], [115.50962914221502, 40.35696813861667], [115.5096331090663, 40.35678801479267], [115.50951538248097, 40.35678649740094], [115.50951736604972, 40.3566964354915], [115.50939963962988, 40.3566949179848], [115.5094016233462, 40.35660485607868], [115.50951934960952, 40.356606373580576], [115.50952133316038, 40.35651631166817], [115.50963905927611, 40.3565178290455], [115.50964104266149, 40.35642776712679], [115.50987649460671, 40.35643080151248], [115.5098745115344, 40.35652086344079], [115.50999223767695, 40.35652238045877], [115.50999025475222, 40.35661244239038], [115.51010798106026, 40.35661395929337], [115.51010599828314, 40.356704021228296], [115.51022372475664, 40.356705538016314], [115.51021777684113, 40.35697572382658], [115.51057095772413, 40.356980273515106], [115.51056501113696, 40.35725045935517], [115.51068273858544, 40.35725197569285], [115.51068472063356, 40.35716191374284], [115.51080244793447, 40.35716342995594], [115.51080046604287, 40.35725349191073], [115.51091819350923, 40.35725500800883], [115.51092017524431, 40.357164946049245], [115.5111556298908, 40.3571679778765], [115.51115761130384, 40.357077915905826], [115.51127533848396, 40.35707943163498], [115.51127731973155, 40.35698936965802], [115.5125723175806, 40.35700603472019], [115.51257429709736, 40.35691597268901], [115.51328065907674, 40.35692505658518], [115.51328263764537, 40.35683499452375], [115.51375354518402, 40.3568410480397], [115.51375552311758, 40.356750985957625], [115.51399097662737, 40.35675401198732], [115.51399295423897, 40.35666394989419], [115.5141106808507, 40.35666546272457], [115.51411265829685, 40.35657540062516], [115.51446583771597, 40.35657993838325], [115.51446188375398, 40.3567600626093], [115.51434415695894, 40.35675855013347], [115.5143402026482, 40.356938674344015], [115.51422247554902, 40.356937161738834], [115.51422049822372, 40.35702722383708], [115.51410277097693, 40.357025711107326], [115.51409881598653, 40.3572058352898], [115.51398108843559, 40.35720432243068], [115.51397713309643, 40.35738444659762], [115.51385940524132, 40.357382933609145], [115.5138554495534, 40.35756305776055], [115.51373772139416, 40.35756154464271], [115.51373574338028, 40.3576516067114], [115.5136180150734, 40.35765009346899], [115.51361603689406, 40.357740155531395], [115.51349830843957, 40.35773864216441], [115.51349435174102, 40.35791876627519], [115.51325889423266, 40.35791573916269], [115.51325691555692, 40.35800580120627], [115.51290372889167, 40.35800125962474], [115.51290570803704, 40.35791119759554], [115.51278797932304, 40.357909683500246], [115.51278600002111, 40.35799974552465], [115.5126682711595, 40.35799823130478], [115.5126662916921, 40.3580882933229], [115.51278402071027, 40.35808980754758], [115.51278204139052, 40.35817986956901], [115.51289977057415, 40.358181383678684], [115.512897791402, 40.35827144570342], [115.51313325010916, 40.35827447357297], [115.51313127124116, 40.358364535605816], [115.51336673029712, 40.358367563005785], [115.51336475173332, 40.35845762504672], [115.51371794085382, 40.358462165262615], [115.51371596275072, 40.35855222731643], [115.5139514225221, 40.35855525353766], [115.51394944472315, 40.35864531559955], [115.51418490484332, 40.358648341351184], [115.51418094984487, 40.35882846548968], [115.51406321946723, 40.35882695266419], [115.51405926412001, 40.35900707678715], [115.51358834144627, 40.359001024248926], [115.51358636313306, 40.35909108628903], [115.51346863233039, 40.3590895728502], [115.51346665385172, 40.359179634884015], [115.51334892290143, 40.3591781213206], [115.51335288016296, 40.358997997261056], [115.51311741891531, 40.35899496979402], [115.5131193978458, 40.358904907771596], [115.51300166739192, 40.35890339386317], [115.51300364647001, 40.358813331844054], [115.51229726487355, 40.35880424590666], [115.51229528485615, 40.35889430789703], [115.5121775544648, 40.35889279315006], [115.51217557428194, 40.358982855134144], [115.51205784374295, 40.358981340262595], [115.51204992229593, 40.35934158816489], [115.51193219113965, 40.35934007315438], [115.51192624949093, 40.359610259051074], [115.51180851787396, 40.35960874390639], [115.51180257567515, 40.359878929775334], [115.51168484359744, 40.359877414496445], [115.51167890084854, 40.36014760033762], [115.51156116831007, 40.36014608492455], [115.51155720611968, 40.36032620880164], [115.51143947327705, 40.360324693259194], [115.51143749201188, 40.360414755190696], [115.51120202604031, 40.3604117237368], [115.51120004445309, 40.36050178565724], [115.51108231132413, 40.3605002697458], [115.5110803295714, 40.36059033165995], [115.51096259629485, 40.360588815623906], [115.51096061437663, 40.36067887753177], [115.51072514753719, 40.360675845090704], [115.51072316529688, 40.36076590698749], [115.510605431734, 40.36076439058245], [115.51060344932822, 40.360854452472935], [115.51048571561773, 40.360852935943306], [115.51048373304643, 40.360942997827514], [115.51024826533913, 40.36093996439924], [115.51024628244578, 40.36103002627236], [115.50989308048223, 40.36102547521707], [115.50989109711021, 40.3611155370743], [115.50965562886611, 40.361112502428824], [115.50965364517202, 40.36120256427496], [115.50941817665058, 40.36119952914068], [115.50941619263442, 40.36128959097572], [115.50906298944969, 40.36128503736137], [115.50906100495486, 40.36137509918052], [115.50870780138102, 40.361370544473544], [115.50870581640753, 40.361460606276786], [115.50835261244454, 40.36145605047718], [115.5083506269924, 40.36154611226453], [115.50787968787424, 40.361540036168584], [115.50787770178684, 40.361630097935205], [115.50740676218575, 40.361624019903196], [115.50740477546313, 40.36171408164908], [115.50716930540321, 40.36171104190464], [115.50716731835847, 40.361801103639436], [115.50693184802127, 40.361798063406155], [115.50692986065444, 40.36188812512984], [115.50657665474615, 40.36188356386696], [115.50657466690065, 40.36197362557473], [115.50622146060333, 40.36196906321918], [115.50621947227914, 40.36205912491101], [115.50610173670809, 40.36205760388141], [115.50609974821835, 40.36214766556693], [115.50586427678998, 40.36214462313869], [115.50586228797812, 40.3622346848131], [115.50550908043314, 40.36223012025775], [115.50550709114259, 40.36232018191623], [115.50515388320865, 40.36231561626817], [115.50515587296893, 40.36222555462414], [115.50503813716546, 40.36222403250666], [115.50504012707333, 40.36213397086596], [115.50480465580648, 40.36213092628123], [115.50480664601852, 40.362040864648655], [115.50445343965532, 40.36203629688749], [115.50445543032808, 40.361946235267894], [115.50421995977732, 40.361943189504395], [115.50422195075427, 40.36185312789296], [115.50398648055256, 40.361850081659874], [115.50398847183364, 40.36176002005658], [115.50363526706819, 40.3617554498229], [115.50363725881, 40.361665388232595], [115.50351952406271, 40.361663864586575], [115.50352151595212, 40.36157380299959], [115.50328604679764, 40.36157075535782], [115.5032880389912, 40.361480693778994], [115.5030525701858, 40.36147764566765], [115.50305456268349, 40.361387584096974], [115.50270136001251, 40.361383011045916], [115.5027033529709, 40.36129294948823], [115.50235015085055, 40.36128837537344], [115.50235214426966, 40.361198313828744], [115.5019989426999, 40.36119373865023], [115.5020009365797, 40.361103677118514], [115.50176546922464, 40.36110062641016], [115.50176746340858, 40.36101056488663], [115.50153199640263, 40.36100751370872], [115.50153399089072, 40.36091745219334], [115.501063057613, 40.360911348419265], [115.50106505271833, 40.36082128692171], [115.50094731957796, 40.360819760683526], [115.50094532431608, 40.36090982217625], [115.50047439121839, 40.36090371600621], [115.50047239532127, 40.36099377747812], [115.5002369285133, 40.36099072366464], [115.50023493229403, 40.361080785125395], [115.49964626464893, 40.36107314847105], [115.49964426763786, 40.361163209906145], [115.4995265339793, 40.361161682211055], [115.49952453680264, 40.36125174363982], [115.49964227061777, 40.36125327133976], [115.49964027358865, 40.36134333277189], [115.49905160382032, 40.36133569305003], [115.49905360163224, 40.36124563164208], [115.49928906919943, 40.36124868788056], [115.4992910666892, 40.361158626461446], [115.49870239862166, 40.36115098499096], [115.49870439688524, 40.361060923594536], [115.49846893003446, 40.36105786617742], [115.49847092860215, 40.3609678047892], [115.49764679600432, 40.3609571000895], [115.49764879565892, 40.36086703873366], [115.4974133295967, 40.36086397917953], [115.49741532955538, 40.36077391783187], [115.49729759669437, 40.360772387879955], [115.49729959680063, 40.36068232653566], [115.49718186410517, 40.36068079646878], [115.4971758632897, 40.360950980482684], [115.49658719759945, 40.36094332827869], [115.49658519652675, 40.36103338958946], [115.49646746325924, 40.36103185878442], [115.49646946448848, 40.360941797478496], [115.49576306601224, 40.36093261016158], [115.49576506817182, 40.36084254888325], [115.49564733528062, 40.36084101724932], [115.49564933758772, 40.360750955974325], [115.49541387214552, 40.36074789235677], [115.49541587475672, 40.36065783109], [115.49518040966376, 40.36065476700294], [115.49518241257903, 40.36056470574439], [115.49506468020267, 40.36056317352601], [115.49507068936394, 40.360292989755905], [115.4949529574663, 40.36029145743229], [115.49495696384174, 40.360111334921136], [115.49483923226623, 40.36010980248742], [115.49484123559697, 40.360019741234474], [115.49472350418704, 40.36001820868581], [115.49472550766528, 40.35992814743621], [115.4943723139594, 40.35992354908601], [115.49437431789826, 40.359833487849464], [115.49343246966612, 40.3598212203502], [115.49343046447487, 40.35991128154792], [115.49319500219416, 40.35990821346547], [115.49319299668072, 40.35999827465197], [115.49295753412312, 40.35999520608065], [115.49295552828754, 40.360085267255954], [115.49283779686576, 40.36008373278574], [115.49283579086458, 40.3601737939547], [115.49271805929529, 40.36017225935984], [115.49271605312849, 40.360262320522466], [115.4925983214117, 40.36026078580295], [115.49259631507931, 40.36035084695922], [115.49236085135975, 40.36034777715109], [115.4923588447052, 40.360437838296164], [115.49212338070875, 40.36043476799914], [115.49212137373203, 40.360524829133006], [115.49200364159083, 40.360523293799936], [115.49200163444851, 40.36061335492746], [115.49188390215981, 40.36061181946974], [115.49188590945869, 40.360521758347076], [115.49176817733557, 40.360520222774426], [115.49176616988015, 40.36061028389222], [115.49117750861772, 40.360602604207706], [115.49117550037045, 40.36069266529971], [115.48999817695953, 40.36067729689737], [115.49000018677236, 40.360587235854005], [115.48952925828804, 40.360581085158245], [115.48953126871804, 40.36049102413284], [115.48917807291969, 40.36048640986778], [115.4891800838103, 40.36039634885549], [115.48894462030319, 40.36039327208954], [115.48894663149781, 40.3603032110855], [115.48882889991442, 40.36030167252769], [115.48882688856322, 40.36039173352687], [115.48847369339782, 40.36038711712011], [115.48846966972891, 40.36056723908476], [115.48835193771215, 40.36056570003318], [115.48834590167102, 40.36083588295436], [115.48822816919369, 40.36083434376837], [115.48822615700526, 40.36092440473425], [115.48810842438044, 40.36092286542358], [115.48810641202637, 40.36101292638311], [115.48763548099157, 40.361006767923016], [115.4876334680022, 40.361096828861555], [115.48728026935179, 40.36109220874399], [115.48727825588365, 40.361182269666415], [115.48716052286177, 40.36118072938276], [115.48715850922802, 40.36127079029884], [115.4869230428984, 40.36126770936238], [115.4869170010032, 40.361537892072384], [115.4871524682722, 40.36154097303807], [115.4871504546021, 40.36163103394818], [115.4872681884068, 40.361632574256205], [115.48726416135246, 40.361812696081685], [115.48738189547936, 40.36181423627967], [115.48737988209514, 40.361904297195046], [115.48679121076867, 40.3618965949828], [115.48678315400963, 40.36225683853192], [115.48690088888303, 40.362258379233474], [115.48690290292984, 40.36216831834356], [115.4872561071348, 40.36217293971478], [115.4872540935577, 40.36226300061932], [115.48713635865704, 40.362261460277175], [115.4871303174015, 40.36253164296724], [115.48724805277185, 40.36253318332401], [115.48724603915839, 40.362623244222604], [115.4874815102395, 40.36262632458648], [115.4874835235398, 40.362536263678145], [115.4876012589374, 40.36253780367551], [115.48759924579366, 40.36262786458872], [115.48877660183472, 40.362643258021855], [115.48877459024762, 40.362733318982286], [115.48912779770664, 40.36273793469066], [115.48912980882402, 40.362647873715616], [115.48983622304755, 40.36265710186845], [115.48983823321642, 40.36256704086272], [115.490780118103, 40.36257933831854], [115.4907781091867, 40.36266939936319], [115.4911313166384, 40.36267400894694], [115.491133325085, 40.36258394788771], [115.49160426785451, 40.362590092302675], [115.49160627566573, 40.36250003122251], [115.49219495354853, 40.36250770902134], [115.49219696056787, 40.36241764791537], [115.49278563789414, 40.362425322694804], [115.49278764412155, 40.362335261563075], [115.49243443816835, 40.3623306570694], [115.49243845153545, 40.36215053483061], [115.49255618653098, 40.36215206977193], [115.49255819304439, 40.362062008645445], [115.4926759278924, 40.36206354346211], [115.49267793424019, 40.36197348232926], [115.49385528165246, 40.36198882385814], [115.49385728642551, 40.361898762675274], [115.49409275570336, 40.36190182953372], [115.49409476015424, 40.36181176833966], [115.49421249465017, 40.361813301584334], [115.49421650321166, 40.36163317918202], [115.49480517426124, 40.36164084355984], [115.4948071777456, 40.361550782332195], [115.49492491182606, 40.36155231484351], [115.49493092175523, 40.36128213113711], [115.49516638900386, 40.36128519577123], [115.49516839198239, 40.361195134523086], [115.49540385895406, 40.36119819866831], [115.49540185628868, 40.36128825992615], [115.4956373236096, 40.36129132360188], [115.4956353212483, 40.36138138486794], [115.49575305507888, 40.36138291653096], [115.4957510528651, 40.36147297780036], [115.49586878686128, 40.36147450934841], [115.49586678479506, 40.36156457062118], [115.4963377214963, 40.36157069563479], [115.49633972293628, 40.36148063434265], [115.4964574569776, 40.361482165291704], [115.49645945825199, 40.36139210399324], [115.49681265996043, 40.36139669610708], [115.49681065915573, 40.36148675742008], [115.49728159551961, 40.361492878580705], [115.49727959533215, 40.36158293991159], [115.49763279816948, 40.36158752953868], [115.49763079844271, 40.3616775908826], [115.4982194708015, 40.36168523788926], [115.49822346868037, 40.36150511515154], [115.49845893706075, 40.361508173096226], [115.49845693843896, 40.361598234475515], [115.49881014154684, 40.36160282050857], [115.49880814338573, 40.361692881900886], [115.49869040885086, 40.36169135333817], [115.49868841052417, 40.36178141472416], [115.49904161462554, 40.36178600006743], [115.49903961675953, 40.36187606146644], [115.49880414703648, 40.36187300468106], [115.49880214884834, 40.36196306606891], [115.49903761888454, 40.36196612286396], [115.49903562100052, 40.36205618426], [115.49927109138592, 40.362059240585516], [115.499269093806, 40.362149301989724], [115.498798152445, 40.362143188840136], [115.49879615422982, 40.36223325022351], [115.49891388971312, 40.36223477869545], [115.4989078954832, 40.36250496285118], [115.49902563144525, 40.362506491217836], [115.49902363350715, 40.36259655260493], [115.49961231423538, 40.36260419266525], [115.49961031707115, 40.36269425407505], [115.4997280534004, 40.36269578173253], [115.49972605638374, 40.36278584314567], [115.50019700241712, 40.362791952596886], [115.50019500601776, 40.36288201402785], [115.50043047940163, 40.362885068044285], [115.50042648720222, 40.3630651909211], [115.50054422422082, 40.36306671775927], [115.50054023229852, 40.3632468406398], [115.50065796963929, 40.36324836736783], [115.50065397799413, 40.36342849025205], [115.50088945332901, 40.363431543367994], [115.50087348889363, 40.36415203492269], [115.50099122782724, 40.36415356133958], [115.50098923238892, 40.364243622782055], [115.5011069714881, 40.36424514908397], [115.50110497619735, 40.364335210529774], [115.50122271546215, 40.364336736716716], [115.5012187251668, 40.364516859613516], [115.50133646475378, 40.3645183856903], [115.50133047971305, 40.36478857003883], [115.5014482197788, 40.364790096010296], [115.5014462249038, 40.364880157461656], [115.50156396513513, 40.36488168331812], [115.50156197040775, 40.364971744772824], [115.50167971080468, 40.364973270514305], [115.50167771622489, 40.36506333197234], [115.5017954567874, 40.36506485759883], [115.50179346235521, 40.365154919060224], [115.50202894382043, 40.365157969963406], [115.50202694969242, 40.36524803143294], [115.50226243150682, 40.365251081866525], [115.50225844385021, 40.36543120482046], [115.5023761850841, 40.365432729867166], [115.5023662165682, 40.36588303725008], [115.50224847455132, 40.365881512179236], [115.50224448676879, 40.366061635112345], [115.50200900213562, 40.36605858459189], [115.50200700791765, 40.36614864604654], [115.50188926545795, 40.36614712060176], [115.5018872710744, 40.3662371820501], [115.5017695284671, 40.36623565648066], [115.50176553935975, 40.36641577936323], [115.50164779644825, 40.36641425366432], [115.50164380699174, 40.36659437653128], [115.5018792934502, 40.366597427828594], [115.50187729902164, 40.36668748926948], [115.50175955563132, 40.36668596367592], [115.50175756103717, 40.3667760251105], [115.50163981749922, 40.36677449939227], [115.50163582797072, 40.36695462224732], [115.50140034029539, 40.36695157043209], [115.50139834520441, 40.36704163184773], [115.50116285725186, 40.36703857954354], [115.50116086183867, 40.367128640948025], [115.50104311771929, 40.367127114611364], [115.50103912655267, 40.367307237406216], [115.50092138212906, 40.36730571094006], [115.50091938637566, 40.36739577233041], [115.50080164180444, 40.36739424573961], [115.50080363771445, 40.36730418435409], [115.50068589330886, 40.36730265764829], [115.50068389724223, 40.367392719028985], [115.50044840814482, 40.36738966524825], [115.50044641175593, 40.3674797266178], [115.50021092238133, 40.3674766723481], [115.50020692895009, 40.36765679506337], [115.5000891839631, 40.367655267739124], [115.50008718707736, 40.3677453290897], [115.49973395170049, 40.36774074638347], [115.49972795957966, 40.36801093038277], [115.49984570516614, 40.36801245808584], [115.49984370793112, 40.36810251942078], [115.49972596218804, 40.36810099171288], [115.4997239647874, 40.368191053041514], [115.4990174895785, 40.36818188424863], [115.49901549122913, 40.36827194554676], [115.49842676135317, 40.368264301566555], [115.4984247622117, 40.368354362839], [115.4979537778468, 40.368348245478536], [115.4979517780698, 40.36843830673014], [115.49783403184453, 40.368436777085606], [115.49783203190192, 40.36852683833088], [115.49736104646446, 40.36852071853511], [115.49735904588636, 40.36861077975952], [115.49724129939294, 40.36860924950616], [115.49724330012768, 40.36851918828658], [115.49677231487071, 40.3685130660942], [115.4967703135095, 40.3686031272944], [115.49641707419173, 40.36859853437736], [115.49641507235162, 40.36868859556154], [115.49629732577381, 40.36868706434469], [115.49629532376805, 40.368777125522534], [115.49617757704263, 40.36877559418101], [115.49617557487122, 40.36886565535252], [115.4960578279982, 40.36886412388631], [115.49605582566112, 40.368954185051486], [115.49593807864055, 40.3689526534606], [115.49593407362605, 40.36913277577679], [115.49605182095989, 40.369134307377365], [115.49604981859571, 40.36922436853807], [115.4961675660952, 40.36922590002366], [115.49616556387862, 40.36931596118772], [115.4960478162225, 40.36931442969729], [115.49604381144898, 40.36949455201125], [115.49592606348864, 40.36949302039128], [115.49591204540039, 40.37012344840931], [115.49579429635268, 40.37012191663559], [115.49579029079004, 40.370302038903354], [115.49555479209515, 40.370298974977004], [115.495552788987, 40.370389036098956], [115.49543503949648, 40.37038750395117], [115.49543303622268, 40.3704775650668], [115.4951975369555, 40.370474500402025], [115.49519553335938, 40.37056456150645], [115.49507778358269, 40.37056302898945], [115.4950757798209, 40.37065309008755], [115.4948402799814, 40.37065002468433], [115.49483827589728, 40.37074008577124], [115.49436727570023, 40.37073395350736], [115.4943692804109, 40.37064389243988], [115.49389828098509, 40.37063775827799], [115.49389627564788, 40.370727819326056], [115.49377852565742, 40.370726285481155], [115.49377652015451, 40.37081634652289], [115.49365877001647, 40.37081481255327], [115.49365676434786, 40.37090487358868], [115.49283251253834, 40.37089413241188], [115.49283451930339, 40.370804071410475], [115.49271676923773, 40.37080253648215], [115.49272479683388, 40.370442292481044], [115.492842546273, 40.370443827389956], [115.49284455299278, 40.370353766381086], [115.49296230228431, 40.37035530116529], [115.49296430883841, 40.37026524015009], [115.49308205798236, 40.37026677480961], [115.49308406437076, 40.37017671378806], [115.49284856640517, 40.37017364435891], [115.49285057309777, 40.37008358334557], [115.4927328242852, 40.370082048456105], [115.49273081743596, 40.37017210946458], [115.4923775705826, 40.37016750406258], [115.49237957790176, 40.37007744306867], [115.49214408035809, 40.37007437221121], [115.49214809559572, 40.369894250238396], [115.49203034715073, 40.369892714639626], [115.49203235491258, 40.369802653655825], [115.49179685836303, 40.36979958210851], [115.49179886642911, 40.36970952113296], [115.49121012599687, 40.36970184019186], [115.49121213483703, 40.36961177923912], [115.49074114328089, 40.36960563234869], [115.49073913381422, 40.36969569328197], [115.4905036377773, 40.36969261910802], [115.4905016279883, 40.36978268003009], [115.490148383531, 40.36977806785581], [115.49014637326306, 40.36986812876181], [115.4899108766903, 40.36986505337005], [115.48990886610004, 40.36995511426481], [115.489555620839, 40.369950500263826], [115.48955360976979, 40.37004056114251], [115.4893181126612, 40.37003748453294], [115.48931610126964, 40.37012754540039], [115.48908060388408, 40.37012446830175], [115.48907859217022, 40.37021452915798], [115.48872534569004, 40.37020991259663], [115.48872333349716, 40.37029997343675], [115.48848783557588, 40.37029689512026], [115.48848582306067, 40.37038695594917], [115.48813257577689, 40.370382337561054], [115.48813056278271, 40.37047239837384], [115.48765956590495, 40.370466238825834], [115.48765755227514, 40.37055629961764], [115.48718655491619, 40.370550138132735], [115.48718252637627, 40.3707302596729], [115.48682927751265, 40.370725637271676], [115.48683129225705, 40.37063557651698], [115.48671354281066, 40.37063403548177], [115.48671555770261, 40.37054397473046], [115.48659780842193, 40.37054243358029], [115.48659982346143, 40.37045237283235], [115.48636432524061, 40.37044929018227], [115.48636634058428, 40.37035922944262], [115.48613084271311, 40.37035614632294], [115.48612882705618, 40.370446207052844], [115.48554008175421, 40.370438497132135], [115.48553806530504, 40.37052855783617], [115.48530256693465, 40.37052547301926], [115.4853045836971, 40.37043541232501], [115.4851868346822, 40.37043386974168], [115.48518885159218, 40.37034380905082], [115.485071102743, 40.37034226635254], [115.48507513684895, 40.37016214497609], [115.48472189129578, 40.37015751619154], [115.484723908805, 40.37006745551573], [115.48437066380362, 40.37006282566732], [115.48436864582455, 40.37015288632848], [115.48413314888921, 40.37014979915392], [115.48413516718156, 40.37005973850254], [115.48389967059592, 40.370056650858416], [115.4838976519903, 40.370146711500034], [115.4834266583018, 40.37014053475424], [115.48342463906057, 40.370230595374835], [115.48307139341993, 40.37022596154256], [115.48306937369969, 40.37031602214699], [115.48212738447258, 40.37030365994908], [115.4821253634902, 40.370393720512915], [115.4818898659613, 40.37039062875529], [115.48188784465654, 40.370480689307854], [115.48165234685088, 40.37047759706112], [115.4816503252237, 40.37056765760238], [115.48141482714126, 40.37056456486651], [115.48141280519172, 40.37065462539651], [115.48117730683248, 40.370651532171514], [115.48117528456055, 40.37074159269023], [115.48058653803896, 40.37073385750613], [115.48058451497474, 40.37082391799886], [115.48046676554117, 40.37082237059763], [115.48046271907208, 40.37100249156887], [115.48034496933437, 40.37100094403802], [115.48034294592951, 40.37109100451649], [115.48046069582385, 40.37109255205225], [115.4804586725665, 40.37118261253413], [115.48057642262661, 40.37118415995495], [115.48057035326968, 40.371454341406356], [115.48045260273966, 40.37145279397085], [115.48044450950941, 40.371813035865586], [115.480562260666, 40.37181458332068], [115.4805582143094, 40.3719947042689], [115.4806759657884, 40.37199625161394], [115.48067394275306, 40.372086312090715], [115.48102719771474, 40.37209095342147], [115.48102517514019, 40.37218101391143], [115.48114292696897, 40.37218256078689], [115.48114090454196, 40.37227262128026], [115.48125865653651, 40.372274168040775], [115.48124450038846, 40.37290459148687], [115.48112674729734, 40.37290304469209], [115.4811227022882, 40.373083165653476], [115.48100494889293, 40.37308161872906], [115.48100292621801, 40.373171679202635], [115.48112067976994, 40.373173226131925], [115.48111865724255, 40.3732632866089], [115.48123641096025, 40.37326483342326], [115.48123236619143, 40.373444954382514], [115.48135012023157, 40.373446501086796], [115.48134405347984, 40.37371668252918], [115.48122629896976, 40.373715135810194], [115.4812222541097, 40.37389525675454], [115.48098674449024, 40.37389216293745], [115.48098472173321, 40.37398222339758], [115.4806314569025, 40.37397758175839], [115.48063348012948, 40.373887521312945], [115.48051572536083, 40.37388597386507], [115.48051774873537, 40.373795913423024], [115.48039999413251, 40.373794365860206], [115.48040201765458, 40.37370430542156], [115.48028426321748, 40.373702757743786], [115.48028628688708, 40.373612697308545], [115.47981526985666, 40.373606505418564], [115.47981324556044, 40.37369656583421], [115.47957773678668, 40.37369346916033], [115.47957571216804, 40.37378352956468], [115.47922244860597, 40.373778883640284], [115.4792204235082, 40.37386894402844], [115.47910266884911, 40.37386739514237], [115.47910064358554, 40.37395745552414], [115.47921839840127, 40.373959004415106], [115.47921637328524, 40.37404906480029], [115.47933412826676, 40.3740506135763], [115.47933210329826, 40.3741406739649], [115.47944985844558, 40.37414222262596], [115.47944783362458, 40.37423228301796], [115.47956558893769, 40.37423383156408], [115.47956761360203, 40.374143771167184], [115.48039189995295, 40.37415460759986], [115.48038785280838, 40.37433472846075], [115.48050560835121, 40.37433627605295], [115.48049953803591, 40.374606457347795], [115.48038178202307, 40.374604909740896], [115.48037773478724, 40.37478503058687], [115.48025997847022, 40.374783482850326], [115.48025795468195, 40.37487354326618], [115.4801401982174, 40.37487199540489], [115.48013817426333, 40.37496205581434], [115.47954939129421, 40.374954314685574], [115.47955141603161, 40.37486425430061], [115.47943365962186, 40.3748627057202], [115.47943568450678, 40.37477264533863], [115.47920017202802, 40.374769547828045], [115.47920219721715, 40.374679487454806], [115.47908444114813, 40.37467793852463], [115.47908241580234, 40.37476799889296], [115.4780226101824, 40.37475405308388], [115.47802463693817, 40.374663992759665], [115.47778912499206, 40.374660892382416], [115.47779115205202, 40.37457083206652], [115.47708461737318, 40.37456152808771], [115.47708258937328, 40.37465158837417], [115.47672932168737, 40.374646934752036], [115.47672729320831, 40.37473699502227], [115.47613851313152, 40.3747292365638], [115.4761405423939, 40.37463917631812], [115.47602278656267, 40.37463762427178], [115.47602481597255, 40.374547564029506], [115.47590706030712, 40.374546011868226], [115.47590908986452, 40.374455951629365], [115.47579133436491, 40.37445439935314], [115.47579336406983, 40.37436433911771], [115.47567560873604, 40.37436278672654], [115.47567763858844, 40.37427272649453], [115.47555988342047, 40.37427117398844], [115.47556191342036, 40.37418111375984], [115.47544415841823, 40.3741795611388], [115.47545633916526, 40.373639199765414], [115.47569184729883, 40.37364230482869], [115.47569387707796, 40.37355224458472], [115.47592938493487, 40.37355534915878], [115.47593141439155, 40.37346528890353], [115.47604916817707, 40.37346684100588], [115.47605119746794, 40.373376780744216], [115.47616895110598, 40.3733783327218], [115.47617098023103, 40.37328827245373], [115.47628873372157, 40.37328982430655], [115.47629076268083, 40.3731997640321], [115.47664402273739, 40.37320441885677], [115.47664605121753, 40.373114358566085], [115.47688155765437, 40.373117461173486], [115.47688358581208, 40.37302740087148], [115.47700133888756, 40.373028951990506], [115.47700336687944, 40.37293889168212], [115.47723887274458, 40.3729419935508], [115.47724090041403, 40.372851933231104], [115.47747640600245, 40.37285503461061], [115.47747843334945, 40.372764974279605], [115.47794944400943, 40.37277117558084], [115.4779514707207, 40.372681115228715], [115.47830472834174, 40.37268576493157], [115.47830675457391, 40.37259570456324], [115.47854225938701, 40.37259880375612], [115.47854428529676, 40.37250874337647], [115.47877978983313, 40.372511842080165], [115.47878181542046, 40.37242178168925], [115.4788995675457, 40.37242333085643], [115.47890361837966, 40.3722432100603], [115.47902137020073, 40.372244759097825], [115.47902339544737, 40.372154698692626], [115.47914114712094, 40.37215624760541], [115.47914317220179, 40.372066187193816], [115.47949642680742, 40.37207083319842], [115.4794984514092, 40.37198077277064], [115.47961620280601, 40.37198232119426], [115.47961417836089, 40.37207238162694], [115.47984968149524, 40.37207547812445], [115.47985372974979, 40.37189535723799], [115.4799714810174, 40.37189690529718], [115.47997350497434, 40.37180684484682], [115.47985575386339, 40.37180529679252], [115.47985777796787, 40.37171523634556], [115.47997552892214, 40.371716784394955], [115.47997755286083, 40.3716267239416], [115.47985980206316, 40.37162517589711], [115.47986182614936, 40.371535115447166], [115.47974407551749, 40.37153356728773], [115.47974609975118, 40.371443506841196], [115.47951059882806, 40.37144041017259], [115.47950857428108, 40.37153047060932], [115.4793908236766, 40.37152892209037], [115.47938879896385, 40.371618982520715], [115.47903554673523, 40.37161433623009], [115.47903352154343, 40.37170439664424], [115.47879801979009, 40.371701298508164], [115.47879599427588, 40.37179135891102], [115.47844274124449, 40.37178671079339], [115.47844071525121, 40.37187677118004], [115.47820521296268, 40.371873671825945], [115.47820318664697, 40.37196373220131], [115.4780854353598, 40.37196218233959], [115.47808340887832, 40.37205224270854], [115.47784790601807, 40.37204914261578], [115.47784385240108, 40.37222926332961], [115.47760834895087, 40.37222616273786], [115.47760632181536, 40.37231622308273], [115.47748856994731, 40.37231467260217], [115.47748654264603, 40.372404732940645], [115.47736879063049, 40.372403182335354], [115.47736676316342, 40.37249324266742], [115.47713125884648, 40.372490141087475], [115.47712923105698, 40.37258020140823], [115.47701147875557, 40.3725786504336], [115.47700945080027, 40.372668710747966], [115.47677394591165, 40.37266560842934], [115.47677191763388, 40.372755668732395], [115.47665416504664, 40.37275411738841], [115.47665213660311, 40.37284417768507], [115.47641663114278, 40.37284107462773], [115.47641460237676, 40.372931134913074], [115.4762968495037, 40.37292958319973], [115.47629482057188, 40.37301964347868], [115.4761770675513, 40.37301809164058], [115.4761750384537, 40.37310815191313], [115.47593953212672, 40.37310504786756], [115.47593750270664, 40.3731951081288], [115.47570199610297, 40.373192003594035], [115.47569996636045, 40.37328206384394], [115.4754644594801, 40.373278958819974], [115.47546242941512, 40.37336901905857], [115.4752269222581, 40.37336591354539], [115.47522489187068, 40.373455973772664], [115.47475387703992, 40.37344976128848], [115.4747518460167, 40.373539821494596], [115.4743985845199, 40.373535160858324], [115.47439655301757, 40.37362522104822], [115.47369002933148, 40.37361589651028], [115.47368799688005, 40.37370595666917], [115.47357024280781, 40.37370440215513], [115.47356821019058, 40.3737944623076], [115.47333270176027, 40.37379135291013], [115.47332863587162, 40.37397147319094], [115.47321088135693, 40.373969918302585], [115.4732068151183, 40.374150038567585], [115.47308906029947, 40.37414848354955], [115.47308702700974, 40.37423854367489], [115.47285151708626, 40.37423543326944], [115.47284948347402, 40.37432549338343], [115.4727317283694, 40.374323937996], [115.47272969459134, 40.37441399810359], [115.47237642886247, 40.374409331207445], [115.47237439460528, 40.374499391298784], [115.47178561779077, 40.37449161071689], [115.4717835827411, 40.37458167078211], [115.47084153906202, 40.374569215579434], [115.47083950274987, 40.37465927560375], [115.47036848050415, 40.37465304510627], [115.47036644355617, 40.37474310510938], [115.46965990952332, 40.37473375573805], [115.46965787162615, 40.37482381571008], [115.4691868484948, 40.374817580379094], [115.4691848099618, 40.37490764032991], [115.46836051873939, 40.37489672385184], [115.46835847910056, 40.37498678376662], [115.467416431288, 40.37497430056108], [115.46741439038668, 40.37506436043486], [115.46647234191005, 40.37505186951926], [115.46647029974622, 40.37514192935203], [115.46635254357142, 40.375140367443294], [115.46635050124169, 40.375230427269635], [115.46611498860644, 40.37522730308273], [115.46611294595418, 40.37531736289768], [115.46458211268703, 40.375297043932896], [115.46458006798889, 40.37538710368206], [115.46434455500355, 40.37538397587978], [115.46434250998287, 40.375474035617565], [115.46422475334738, 40.37547247153169], [115.4642227081608, 40.37556253126301], [115.46398719460416, 40.37555940272182], [115.46398514909504, 40.375649462441764], [115.4633963645816, 40.37564163896658], [115.4633943182799, 40.37573169866025], [115.46327656124824, 40.375730133600705], [115.46327246830383, 40.37591025297371], [115.46315471096806, 40.3759086877844], [115.46315266432532, 40.3759987474637], [115.46303490684213, 40.37599718214958], [115.46303286003351, 40.37608724182244], [115.46291510240286, 40.37608567638352], [115.46291305542833, 40.37617573604993], [115.46208875117576, 40.376164774586776], [115.462090799247, 40.37607471495504], [115.46197304169024, 40.37607314855727], [115.46197508990888, 40.375983088929], [115.46185733251805, 40.375981522416325], [115.46186142924097, 40.37580140316522], [115.46174367217272, 40.37579983654261], [115.46174572067697, 40.37570977691978], [115.46103917940151, 40.37570037469688], [115.46103712995726, 40.37579043428997], [115.46068385897433, 40.375785731545605], [115.46068180905081, 40.37587579112232], [115.46032853768111, 40.375871087284374], [115.46032648727834, 40.37596114684471], [115.4600909727648, 40.375958010343545], [115.46008892203946, 40.37604806989246], [115.4597356498685, 40.376043364226945], [115.45973359866387, 40.37613342375947], [115.45914481111406, 40.376125578561656]], [[115.49378855303615, 40.3702759802501], [115.49425954991962, 40.3702821148137], [115.49426155474168, 40.37019205374361], [115.49437930382855, 40.370193587080045], [115.49438130848493, 40.37010352600361], [115.49449905742419, 40.370105059215376], [115.49450707533283, 40.36974481487535], [115.4943893270201, 40.369743281682986], [115.49439333623341, 40.369563159513724], [115.49451108423288, 40.369564692696386], [115.49451509309678, 40.369384570511485], [115.49463284079206, 40.3693861035646], [115.49463684930652, 40.369205981364026], [115.49475459669756, 40.369207514287616], [115.49475660078464, 40.36911745318024], [115.49440335910846, 40.36911285406454], [115.49440536365633, 40.369022792970235], [115.4932278935566, 40.36900745484403], [115.49322588744246, 40.36909751588981], [115.49310814032563, 40.36909598141325], [115.49310613404583, 40.36918604245269], [115.49287063952607, 40.369182973130386], [115.49286863292397, 40.3692730341586], [115.49275088552105, 40.36927149931285], [115.49274887875329, 40.36936156033473], [115.49263113120278, 40.36936002536428], [115.49262912426931, 40.3694500863798], [115.49251137657123, 40.36944855128466], [115.4925093694721, 40.36953861229385], [115.49239162162647, 40.369537077074014], [115.49238760708778, 40.3697171990782], [115.49250535524668, 40.36971873430775], [115.49250334812041, 40.36980879531246], [115.49368083177362, 40.369824141065585], [115.49368283733361, 40.369734080012314], [115.49380058559208, 40.36973561392368], [115.4938025909864, 40.36964555286407], [115.49403808721722, 40.36964862031759], [115.49403608213615, 40.36973868138692], [115.49391833385958, 40.36973714771522], [115.49391432335707, 40.369917269839675], [115.49367882620456, 40.36991420211737], [115.49367280944314, 40.37018438526379], [115.49379055848476, 40.37018591919943], [115.49378855303615, 40.3702759802501]], [[115.45516936215223, 40.369676361875236], [115.45528710819767, 40.36967793499598], [115.45528916485348, 40.369587875551254], [115.45517141896468, 40.36958630243549], [115.45516936215223, 40.369676361875236]], [[115.45587789443671, 40.36959573933263], [115.45646662425176, 40.36960360011832], [115.45647073440325, 40.3694234811249], [115.45658848008085, 40.36942505291259], [115.45658642516635, 40.36951511241504], [115.45670417100982, 40.36951668408789], [115.4567062257677, 40.369426624580484], [115.45694171716924, 40.36942976755677], [115.45694582603073, 40.369249648517574], [115.45682808063856, 40.36924807709929], [115.45683013521203, 40.36915801758243], [115.45671238998574, 40.36915644604929], [115.45671444470656, 40.3690663865359], [115.456478954595, 40.369063243120095], [115.45648100961978, 40.36897318361517], [115.4560100301344, 40.36896689536556], [115.45601208577632, 40.36887683587904], [115.4550701285036, 40.36886425366804], [115.45506807160879, 40.36895431311475], [115.45518581639202, 40.3689558863155], [115.45518375964453, 40.36904594576568], [115.45506601470467, 40.36904437255997], [115.45506395779128, 40.369134432003705], [115.45518170288774, 40.3691360052144], [115.45517758934636, 40.369316124107314], [115.45553082563109, 40.36932084305031], [115.4555287693163, 40.36941090250946], [115.45564651491972, 40.36941247525578], [115.45564445875229, 40.36950253471842], [115.45587995030016, 40.36950567986154], [115.45587789443671, 40.36959573933263]], [[115.49927495908122, 40.36719426650816], [115.499510447372, 40.367197322666065], [115.49951644018921, 40.366927138655576], [115.49916320917603, 40.366922554282496], [115.49915921303393, 40.36710267692863], [115.49927695700919, 40.367104205182486], [115.49927495908122, 40.36719426650816]], [[115.48362314390592, 40.366629713564215], [115.48374088621549, 40.366631257620014], [115.48374290477919, 40.36654119693001], [115.48362516262621, 40.366539652879105], [115.48362314390592, 40.366629713564215]], [[115.46892173325735, 40.36571528240466], [115.46903947317037, 40.36571684139825], [115.46904151123536, 40.365626781310034], [115.46892377147891, 40.36562522232137], [115.46892173325735, 40.36571528240466]], [[115.49177147897005, 40.36565523996098], [115.49188922002706, 40.36565677569083], [115.49189323531682, 40.36547665360116], [115.49201097606972, 40.36547818920146], [115.49201298354441, 40.365388128149526], [115.49177750236092, 40.365385056838804], [115.49177147897005, 40.36565523996098]], [[115.4582300164202, 40.364582256409385], [115.45881870326802, 40.36459010442059], [115.45882280643141, 40.36440998507101], [115.45835185818727, 40.364403706941395], [115.45834980598389, 40.36449376659706], [115.45823206878941, 40.36449219676017], [115.4582300164202, 40.364582256409385]], [[115.49427811863559, 40.36415642552305], [115.4946313344177, 40.36416102455723], [115.4946333383117, 40.36407096337614], [115.4949865537054, 40.364075561317456], [115.49498855712064, 40.363985500120336], [115.49510629544669, 40.36398703252298], [115.49510829869628, 40.36389697131951], [115.49451960793928, 40.36388930813247], [115.49452161196277, 40.36379924695178], [115.49416839808681, 40.36379464761639], [115.49416639359359, 40.36388470878253], [115.49404865549644, 40.36388317542626], [115.49404665083757, 40.36397323658607], [115.49416438909132, 40.36397476994719], [115.49416238458001, 40.36406483111036], [115.49428012299937, 40.36406636435652], [115.49427811863559, 40.36415642552305]], [[115.49498455028116, 40.3641656225131], [115.49510228892038, 40.36416715492543], [115.49510429218806, 40.364077093724944], [115.4949865537054, 40.364075561317456], [115.49498455028116, 40.3641656225131]], [[115.48689484668803, 40.362528561894294], [115.48701258204022, 40.36253010249067], [115.48701660986615, 40.36234998070853], [115.4868988748271, 40.3623484401219], [115.48689484668803, 40.362528561894294]], [[115.49278965033993, 40.36224520042987], [115.49290738551919, 40.362246735016626], [115.49290939157193, 40.36215667387705], [115.49279165654924, 40.36215513929515], [115.49278965033993, 40.36224520042987]], [[115.49809174067391, 40.36213401552165], [115.49832721122822, 40.36213707377369], [115.49832921006067, 40.362047012408176], [115.49809373981952, 40.3620439541658], [115.49809174067391, 40.36213401552165]], [[115.47785964289493, 40.361058668416234], [115.47809510750831, 40.36106176779159], [115.47809713318794, 40.360971707250506], [115.47821486535179, 40.360973256753574], [115.47821689086574, 40.36088319620609], [115.47786369487129, 40.360878547352186], [115.47786572084577, 40.36078848681791], [115.47763025720829, 40.36078538699281], [115.47762620462399, 40.360965508040245], [115.47786166888768, 40.360968607884956], [115.47785964289493, 40.361058668416234]], [[115.47903696632727, 40.36107416050116], [115.47915469872075, 40.36107570905078], [115.47915672299139, 40.36098564846557], [115.47903899075446, 40.360984099920856], [115.47903696632727, 40.36107416050116]], [[115.48327533823992, 40.361129832815934], [115.48351080369251, 40.36113292117005], [115.48351282217055, 40.3610428604038], [115.48386601994807, 40.36104749202184], [115.48386803794729, 40.360957431239434], [115.48398577040146, 40.360958974867636], [115.48398980605951, 40.360778853288565], [115.48410753820964, 40.36078039678721], [115.48410955586847, 40.36069033599056], [115.48422728787115, 40.360691879364516], [115.48423334032333, 40.36042169695097], [115.48399787726639, 40.36041861011257], [115.4839958594783, 40.3605086709088], [115.48387812780693, 40.36050712730503], [115.4838761098532, 40.36059718809488], [115.48364064622466, 40.360594100518156], [115.48363862794872, 40.36068416129677], [115.48352089599153, 40.36068261732383], [115.48351887754995, 40.36077267809606], [115.48340114544531, 40.36077113399845], [115.48339912683805, 40.3608611947643], [115.48328139458599, 40.360859650542], [115.48327937581307, 40.36094971130148], [115.48316164341354, 40.36094816695449], [115.48315962447495, 40.36103822770759], [115.48327735703106, 40.36103977205944], [115.48327533823992, 40.361129832815934]], [[115.48575175830572, 40.36098211491516], [115.48622268875909, 40.360988281042246], [115.48622470361808, 40.36089822016072], [115.48646016858618, 40.36090130249572], [115.48646218312295, 40.36081124160295], [115.48657991546409, 40.36081278258588], [115.48658192983522, 40.36072272168674], [115.48669966202888, 40.360724262545006], [115.4867036904308, 40.36054414073251], [115.48658595855025, 40.36054259988399], [115.48658797289413, 40.36045253898038], [115.48564611942935, 40.36044020791873], [115.48564410383302, 40.36053026878332], [115.48552637203427, 40.360528726856664], [115.48552234050128, 40.360708848571605], [115.48564007261314, 40.36071039050802], [115.48563604135687, 40.36089051222676], [115.48575377379093, 40.360892054053146], [115.48575175830572, 40.36098211491516]], [[115.48423334032333, 40.36042169695097], [115.48435107186546, 40.360423240190485], [115.48435308917476, 40.3603331793781], [115.48423535778919, 40.36033163614347], [115.48423334032333, 40.36042169695097]], [[115.49695440095482, 40.36031749064168], [115.49730759713538, 40.36032208114359], [115.49731359729171, 40.3600518970839], [115.49707813410167, 40.36004883689814], [115.49707413338022, 40.36022895958672], [115.49695640148563, 40.36022742930445], [115.49695440095482, 40.36031749064168]], [[115.51122382290978, 40.35942104251386], [115.51134155416898, 40.35942255824794], [115.51134353549239, 40.35933249630486], [115.51122580438975, 40.35933098057557], [115.51122382290978, 40.35942104251386]], [[115.51110807329606, 40.3593294647265], [115.51122580438975, 40.35933098057557], [115.51122778586077, 40.3592409186358], [115.51111005492363, 40.35923940279152], [115.51110807329606, 40.3593294647265]], [[115.48485628050041, 40.35889837760538], [115.48556265419471, 40.358907631153905], [115.48556466978391, 40.35881757026738], [115.48568239860825, 40.35881911210131], [115.48568642944632, 40.35863899031402], [115.48580415796664, 40.35864053201843], [115.4858061732155, 40.35855047111766], [115.48568844485168, 40.35854892941814], [115.485690460248, 40.358458868520756], [115.48510181934802, 40.35845115825074], [115.48509980316904, 40.35854121912371], [115.48486434655963, 40.35853813416743], [115.48485628050041, 40.35889837760538]], [[115.51100025104253, 40.358877639091865], [115.51111798134453, 40.35887915503674], [115.51111996292742, 40.35878909309434], [115.51159088359864, 40.358795155656765], [115.51159286454639, 40.35870509369367], [115.51171059458, 40.35870660903], [115.51171257536225, 40.35861654706064], [115.51183030524827, 40.358618062272384], [115.51183228586503, 40.35852800029674], [115.5119500156034, 40.3585295153839], [115.51195793735504, 40.35816926744723], [115.51160475004525, 40.35816472188391], [115.51160276915111, 40.35825478385593], [115.5112495814521, 40.358250237200124], [115.51124760007941, 40.358340299156254], [115.51101214134499, 40.358337267443844], [115.51100025104253, 40.358877639091865]], [[115.48475065155667, 40.35835646979146], [115.48486837953465, 40.35835801243952], [115.48487241247331, 40.35817789070564], [115.4847546848084, 40.35817634806736], [115.48475065155667, 40.35835646979146]], [[115.50738041406281, 40.35747965839692], [115.50796905253458, 40.357487255130486], [115.50797103820987, 40.35739719329543], [115.50785331065414, 40.3573956741931], [115.50785529647705, 40.357305612361344], [115.50797302387623, 40.357307131458874], [115.50797898082155, 40.35703694594026], [115.50750807315694, 40.35703086888915], [115.50750608689133, 40.357120930710934], [115.5072706327997, 40.35711789145706], [115.50726864621207, 40.35720795326774], [115.50750410061674, 40.35721099253122], [115.50750012804072, 40.35739111616737], [115.50738240052081, 40.35738959658589], [115.50738041406281, 40.35747965839692]], [[115.50102712267339, 40.35721729975391], [115.50114484955186, 40.35721882579891], [115.50114684428826, 40.3571287642403], [115.50102911756629, 40.357127238200135], [115.50102712267339, 40.35721729975391]], [[115.501296483073, 40.35568930494353], [115.50141420730851, 40.35569083066689], [115.50141620157889, 40.35560076907333], [115.50153392566688, 40.355602294672074], [115.50153990795447, 40.355332109867994], [115.50142218433604, 40.355330584283735], [115.50142019009265, 40.35542064588175], [115.50130246632669, 40.3554191201729], [115.5013004719178, 40.355509181764596], [115.50106502409983, 40.355506129977904], [115.50106302936888, 40.35559619155845], [115.50129847749989, 40.35559924335482], [115.501296483073, 40.35568930494353]], [[115.50223827720896, 40.35570150737656], [115.50247372583289, 40.35570455678705], [115.50247571869455, 40.35561449515006], [115.50271116704138, 40.355617544071784], [115.50271315958103, 40.35552748242365], [115.50259543555966, 40.3555259580275], [115.50259742824683, 40.35543589638271], [115.50247970439095, 40.3554343718716], [115.50247771154724, 40.35552443351158], [115.50235998754384, 40.35552290887587], [115.50236198054405, 40.35543284724072], [115.50200880905733, 40.355428272629425], [115.50200681558756, 40.35551833425011], [115.502124539564, 40.35551985924513], [115.50212254624172, 40.35560992086914], [115.50224027038368, 40.35561144574922], [115.50223827720896, 40.35570150737656]], [[115.50779317287382, 40.3547823613855], [115.50791089588137, 40.3547838804682], [115.50791288144448, 40.35469381859328], [115.5077951585935, 40.3546922995154], [115.50779317287382, 40.3547823613855]]]}}, {"type": "Feature", "properties": {"year": 2025, "water_area_km2": 0.0076}, "geometry": {"type": "Polygon", "coordinates": [[[115.46681591408408, 40.35469674824049], [115.46681795431437, 40.354606688073865], [115.46658251339426, 40.35460356615012], [115.46658455392833, 40.354513505991875], [115.46623139308674, 40.35450882222283], [115.46623343408109, 40.354418762077906], [115.46599799387909, 40.35441563897628], [115.46600003517725, 40.35432557883975], [115.46588231524652, 40.354324017114216], [115.46588435669199, 40.35423395698115], [115.46576663692699, 40.354232395140805], [115.46576867851974, 40.35414233501117], [115.46565095892043, 40.354140773055995], [115.46565912582534, 40.35378053254234], [115.46601228277287, 40.35378521798925], [115.46601024152994, 40.35387527813472], [115.46612796068737, 40.353876839715774], [115.46613000177379, 40.35378677956535], [115.46624772078393, 40.35378834102169], [115.466245679854, 40.35387840117705], [115.46659883740911, 40.353883084842344], [115.46659679693947, 40.35397314501104], [115.46683223566855, 40.353976266865615], [115.46683019550272, 40.35406632704271], [115.46694791503758, 40.354067887795296], [115.46694587501901, 40.35415794797582], [115.46706359471956, 40.35415950861358], [115.46705747507819, 40.35442968916102], [115.46717519525745, 40.35443124969384], [115.46717315551508, 40.35452130987829], [115.46705543517932, 40.35451974934054], [115.46705339527126, 40.354609809518536], [115.46693567478822, 40.354608248856074], [115.46693363471445, 40.35469830902766], [115.46681591408408, 40.35469674824049]]]}}, {"type": "Feature", "properties": {"year": 2025, "water_area_km2": 0.0119}, "geometry": {"type": "Polygon", "coordinates": [[[115.51238239717276, 40.3549315789137], [115.51238437679719, 40.35484151685788], [115.5121489301114, 40.354838487675586], [115.51215091003994, 40.35474842562786], [115.51203318686696, 40.35474691086185], [115.5120351669431, 40.354656848817434], [115.51191744393554, 40.35465533393643], [115.51191942415927, 40.354565271895325], [115.5120371470103, 40.354566786771535], [115.5120411071179, 40.354386662675275], [115.51215882966484, 40.35438817742211], [115.51216080954873, 40.354298115366966], [115.51227853194807, 40.354299629989235], [115.51228249137604, 40.35411950586488], [115.51251793557547, 40.35412253473095], [115.51251991496302, 40.35403247265695], [115.51299080284295, 40.354038528932655], [115.51299278159556, 40.353948466838006], [115.51358139086373, 40.35395603446381], [115.51357743491474, 40.354136158699525], [115.51369515710815, 40.35413767187495], [115.5136832899861, 40.354678044575124], [115.51344784372999, 40.35467501804703], [115.51344586553205, 40.35476508014895], [115.5132104189986, 40.35476205313218], [115.5132084404787, 40.354852115223025], [115.51285527027594, 40.354847573785186], [115.51285329127757, 40.35493763586017], [115.51238239717276, 40.3549315789137]]]}}, {"type": "Feature", "properties": {"year": 2025, "water_area_km2": 0.019}, "geometry": {"type": "Polygon", "coordinates": [[[115.5398141586756, 40.355191137396595], [115.53981610182139, 40.35510107423283], [115.53958065132542, 40.35509810087658], [115.53958259477547, 40.355008037720744], [115.53946486969717, 40.35500655086764], [115.539466813295, 40.35491648771503], [115.53934908838198, 40.35491500074687], [115.53935103212757, 40.354824937597485], [115.53923330737986, 40.35482345051423], [115.5392352512732, 40.354733387368064], [115.53911752669076, 40.35473190016976], [115.53911947073185, 40.354641837026804], [115.53923719515777, 40.35464332422041], [115.53924497060838, 40.35428307161496], [115.53912724680858, 40.35428158444017], [115.53913307877401, 40.35401139498461], [115.53925080210426, 40.35401288214527], [115.5392527459187, 40.35392281898574], [115.5393704691012, 40.353924306021916], [115.53937435639072, 40.35374417968899], [115.53925663352125, 40.353742692662216], [115.53927023985398, 40.35311225048315], [115.53938796162787, 40.35311373747699], [115.53939379231225, 40.35284354793528], [115.53951151362537, 40.35284503479521], [115.5395134570128, 40.35275497160698], [115.5397488993523, 40.35275794495813], [115.53974695627788, 40.35284800815577], [115.53986467761729, 40.352849494656404], [115.53986273469063, 40.35293955785726], [115.53998045619531, 40.35294104424283], [115.53998239896546, 40.35285098103726], [115.54010012032239, 40.352852467298334], [115.54009817770876, 40.35294253050861], [115.54021589923094, 40.352944016654625], [115.54021395676506, 40.35303407986812], [115.54033167845255, 40.353035565899056], [115.54032973613438, 40.35312562911579], [115.5400942924552, 40.353122656924725], [115.54009234981524, 40.35321272013055], [115.54021007180698, 40.35321420629067], [115.5402081293148, 40.35330426949971], [115.54009040716656, 40.3533027833349], [115.54007292293396, 40.354113352107156], [115.53995519938583, 40.354111865780226], [115.53995325649299, 40.35420192896502], [115.54007098019765, 40.35420341529665], [115.5400670946987, 40.354383541671204], [115.54018481872515, 40.35438502789247], [115.54018093350422, 40.35456515427047], [115.54029865785249, 40.35456664038138], [115.5402850603988, 40.355197082690566], [115.5398141586756, 40.355191137396595]]]}}, {"type": "Feature", "properties": {"year": 2025, "water_area_km2": 0.0129}, "geometry": {"type": "Polygon", "coordinates": [[[115.5230306154079, 40.35263570904081], [115.52303847654782, 40.352275458928794], [115.52268531821579, 40.3522709477436], [115.52268728394812, 40.352180885226154], [115.52256956467835, 40.352179381262985], [115.52257546229161, 40.35190919371602], [115.52245774350018, 40.35190768964736], [115.52245970951004, 40.3518176271335], [115.52234199088399, 40.35181612294985], [115.52234592319007, 40.35163599792717], [115.52258135982505, 40.351639006155686], [115.52258529146968, 40.35145888110802], [115.52246757346074, 40.35145737706318], [115.52246953942625, 40.351367314541875], [115.52176323249788, 40.35135828778629], [115.52176519939347, 40.351268225292074], [115.52164748175963, 40.35126672041841], [115.52164944880282, 40.35117665792746], [115.5217671662802, 40.35117816279637], [115.52176913315803, 40.35108810029918], [115.52188685048779, 40.35108960504356], [115.52189471728451, 40.35072935502089], [115.52224786744911, 40.35073386847833], [115.5222459012327, 40.35082393100052], [115.52248133503306, 40.35082693938286], [115.52247740319959, 40.351007064441816], [115.52259512042608, 40.35100856846287], [115.52259118887012, 40.35118869352539], [115.52270890641843, 40.351190197436196], [115.52270694078365, 40.35128025997], [115.52282465849731, 40.35128176376581], [115.52282269301017, 40.35137182630287], [115.5230581287771, 40.35137483354472], [115.52305616359406, 40.351464896089816], [115.52317388164734, 40.35146639953587], [115.52317191661193, 40.35155646208424], [115.52328963483053, 40.351557965415275], [115.52328570504613, 40.35173809051706], [115.52340342358659, 40.35173959373785], [115.5233955645374, 40.35209984394263], [115.52351328371272, 40.35210134706268], [115.52350935444794, 40.35228147216565], [115.52362707394514, 40.35228297517546], [115.52362510945596, 40.35237303772948], [115.52350738980226, 40.352371534714926], [115.52350346048432, 40.35255165980898], [115.52326802057752, 40.35254865340154], [115.52326605559223, 40.35263871593683], [115.5230306154079, 40.35263570904081]]]}}, {"type": "Feature", "properties": {"year": 2025, "water_area_km2": 0.0124}, "geometry": {"type": "Polygon", "coordinates": [[[115.53980718750915, 40.350056048338246], [115.53980913031188, 40.34996598509457], [115.53969141398917, 40.34996449862472], [115.53969529988133, 40.34978437214233], [115.53945986788817, 40.34978139886218], [115.53946181113406, 40.349691335628165], [115.53934409530711, 40.349689848813156], [115.53934215190475, 40.349779912042465], [115.53922443593008, 40.34977842510299], [115.53922637948894, 40.349688361878385], [115.53863780052957, 40.349680925408194], [115.53864168918582, 40.34950079900162], [115.53899483559624, 40.349505261214766], [115.53899872327851, 40.349325134773984], [115.53911643845323, 40.349326621929436], [115.53911838212473, 40.34923655870214], [115.53923609715174, 40.349238045733124], [115.539238040658, 40.349147982499616], [115.53912032578747, 40.34914649547333], [115.53912226944145, 40.34905643224304], [115.5388868400397, 40.34905345784062], [115.53888489607276, 40.3491435210615], [115.53864946639312, 40.34914054617063], [115.53864752210444, 40.3492306093806], [115.5385298071213, 40.34922912175082], [115.53853564043041, 40.348958932130586], [115.53888878399785, 40.348963394618266], [115.53889072794723, 40.34887333139442], [115.5390084423308, 40.348874818646095], [115.53901038611492, 40.348784755416055], [115.53912810035078, 40.34878624254326], [115.53913004396968, 40.348696179307055], [115.53960090037474, 40.348702126599555], [115.53959507136948, 40.34897231636023], [115.5399482151736, 40.34897677561453], [115.53994627262374, 40.34906683887924], [115.54018170218326, 40.34906981112606], [115.54017975993763, 40.34915987439869], [115.54029747488701, 40.34916136034719], [115.5402935906824, 40.34934148689738], [115.54017587542003, 40.34934000093949], [115.54017004857796, 40.34961019073957], [115.54028776430977, 40.34961167671157], [115.54028582216804, 40.349701739979984], [115.54016810627975, 40.34970025400328], [115.54016616397277, 40.34979031726552], [115.54028388001754, 40.34979180324692], [115.54028193785828, 40.34988186651239], [115.54016422165704, 40.34988038052628], [115.54016033699926, 40.35006050704334], [115.54004262049381, 40.35005902092806], [115.54004456298355, 40.34996895767498], [115.53992684664333, 40.34996747144466], [115.53992490399709, 40.35005753469303], [115.53980718750915, 40.350056048338246]]]}}, {"type": "Feature", "properties": {"year": 2025, "water_area_km2": 0.0261}, "geometry": {"type": "Polygon", "coordinates": [[[115.52816896480637, 40.349187804157545], [115.52817092303049, 40.34909774136956], [115.5280532088307, 40.349096243081625], [115.52806104226464, 40.348735991933815], [115.52782561514336, 40.348732995036585], [115.52782757379272, 40.34864293225541], [115.52770986040181, 40.34864143363191], [115.5277118191988, 40.34855137085399], [115.5275941059732, 40.34854987211549], [115.52759018805742, 40.34872999766036], [115.52735476100685, 40.34872699980512], [115.52735280172276, 40.34881706256585], [115.52723508805424, 40.348815563453854], [115.5272370474948, 40.34872550069788], [115.52711933399159, 40.348724001470885], [115.52712325315913, 40.348543875963955], [115.52665240048653, 40.348537877896426], [115.52665436068293, 40.34844781515971], [115.52653664769335, 40.34844631534819], [115.52653860803737, 40.34835625261474], [115.52642089521309, 40.34835475268822], [115.52642677666157, 40.3480845644932], [115.52654448901643, 40.348086064405486], [115.52654840962491, 40.34790593892522], [115.52678383373528, 40.347908938371546], [115.52678579371333, 40.347818875619694], [115.52713892947581, 40.34782337387683], [115.5271408889756, 40.347733311109245], [115.52725860075763, 40.34773481028406], [115.52726056009213, 40.34764474751026], [115.52737827172655, 40.347646246560565], [115.52738414920763, 40.347376058216], [115.52726643804263, 40.34737455917992], [115.52727623445001, 40.346924245266294], [115.52715852407616, 40.34692274613419], [115.52716048348758, 40.34683268335176], [115.52704277327899, 40.34683118410466], [115.52704669238824, 40.346651058544815], [115.52681127262346, 40.346648059710354], [115.52681323247774, 40.3465579969377], [115.52669552276505, 40.3465564973456], [115.52669748276696, 40.34646643457621], [115.52646206368104, 40.34646343504229], [115.52646598428413, 40.346283309518014], [115.5261128566603, 40.346278809347545], [115.52611481741793, 40.346188746597434], [115.5262325264606, 40.34619024676925], [115.52623448705295, 40.34610018401288], [115.52670532268614, 40.346106183483755], [115.52670336271962, 40.346196246259105], [115.52693878090217, 40.346199245285575], [115.52693682123969, 40.346289308068926], [115.52705453050069, 40.3462908074073], [115.52705257098583, 40.34638087019391], [115.52728798984724, 40.34638386852092], [115.52728603063645, 40.34647393131554], [115.52740374023688, 40.346475430304174], [115.52739982210171, 40.34665555589842], [115.5275175320239, 40.346657054776806], [115.5275155730995, 40.34674711757645], [115.52763328318696, 40.34674861633982], [115.52762740683022, 40.34701880474407], [115.52774511739588, 40.34702030340193], [115.52774120009344, 40.34720042900682], [115.52785891098088, 40.34720192755442], [115.52785499395604, 40.34738205316285], [115.52797270516524, 40.34738355160021], [115.52796878841798, 40.347563677212165], [115.52808649994893, 40.34756517553925], [115.52808258347929, 40.34774530115475], [115.528200295332, 40.34774679937158], [115.52819246291257, 40.34810705060373], [115.52831017539998, 40.34810854871977], [115.52830625945022, 40.34828867433641], [115.52842397225942, 40.34829017234218], [115.52841809873794, 40.34856036077022], [115.52853581202538, 40.348561858670465], [115.52852210792818, 40.3491922983171], [115.52816896480637, 40.349187804157545]]]}}, {"type": "Feature", "properties": {"year": 2025, "water_area_km2": 0.0081}, "geometry": {"type": "Polygon", "coordinates": [[[115.54732770983146, 40.345286021553555], [115.54732964230463, 40.34519595793415], [115.54721193388065, 40.34519447926191], [115.54721386650155, 40.3451044156457], [115.54697844999266, 40.34510145795139], [115.54698038291775, 40.34501139434306], [115.5467449667566, 40.34500843617914], [115.54674303351861, 40.34509849977812], [115.54638990887295, 40.34509406162015], [115.54639764364998, 40.34473380727153], [115.54651535123068, 40.344735286758535], [115.54651921825398, 40.34455515956596], [115.54675463281573, 40.344558118162], [115.54675849917835, 40.34437799094477], [115.54711162014775, 40.344382427912734], [115.54710968744014, 40.344472491536145], [115.5473451017762, 40.34447544892546], [115.54734316937275, 40.344565512556734], [115.5474608767103, 40.34456699107647], [115.5474589444546, 40.344657054710936], [115.54757665195731, 40.34465853311561], [115.54757471984935, 40.34474859675329], [115.54769242751723, 40.344750075042896], [115.54769049555699, 40.34484013868377], [115.54780820339003, 40.344841616858325], [115.5478043397563, 40.34502174414496], [115.54792204791097, 40.345023222209136], [115.5479181845553, 40.34520334949919], [115.54780047608773, 40.34520187142565], [115.54779854424037, 40.34529193506379], [115.54732770983146, 40.345286021553555]]]}}, {"type": "Feature", "properties": {"year": 2025, "water_area_km2": 0.0217}, "geometry": {"type": "Polygon", "coordinates": [[[115.5399295669676, 40.34438206108762], [115.53993150921832, 40.344291997750425], [115.53969609629627, 40.344289025283715], [115.53969998139719, 40.34410889862368], [115.53958227526219, 40.34410741222013], [115.53958421795595, 40.34401734889259], [115.53946651198613, 40.344015862374015], [115.53947234048417, 40.34374567239661], [115.53935463499245, 40.34374418577241], [115.53935852092687, 40.3435640591228], [115.5392408157568, 40.343562572388265], [115.53925053122161, 40.34311225576178], [115.53936823560952, 40.34311374247279], [115.53937017851975, 40.34302367913832], [115.53972329126674, 40.343028138538806], [115.5397213488258, 40.343118201887386], [115.53995675768046, 40.3431211742318], [115.53995481554362, 40.34321123758829], [115.53983711095549, 40.34320975147125], [115.53983128402311, 40.34347994151772], [115.53994898908056, 40.34348142764887], [115.53994704690868, 40.34357149099942], [115.54018245736275, 40.343574462911945], [115.54017857361846, 40.34375458962742], [115.54029627917153, 40.34375607541349], [115.54029239570507, 40.343936202132426], [115.54064551335539, 40.34394065880044], [115.54064745462368, 40.34385059542762], [115.54076516036818, 40.34385208073945], [115.54076710147126, 40.34376201736043], [115.5408848070681, 40.34376350254783], [115.54088674800599, 40.34367343916263], [115.54123986437968, 40.34367789399234], [115.5412418048395, 40.34358783059157], [115.54135951015844, 40.343589315290636], [115.54136145045308, 40.34349925188367], [115.54147915562437, 40.34350073645831], [115.54148109575382, 40.343410673045156], [115.54136339073897, 40.343409188475206], [115.5413653310161, 40.343319125065264], [115.54124762616644, 40.34331764038029], [115.54124956659125, 40.343227576973575], [115.54101415723106, 40.34322460725383], [115.54101609796, 40.343134543855015], [115.54113380247928, 40.343136028770054], [115.54113574304301, 40.34304596536508], [115.54137115179496, 40.34304893482656], [115.54137309203708, 40.34295887141068], [115.54184390902029, 40.342964808878094], [115.5418419694039, 40.34305487231276], [115.54195967382799, 40.343056356384984], [115.54195579488184, 40.343236483259254], [115.54207349962755, 40.34323796722115], [115.54206962095928, 40.34341809409887], [115.5421873260266, 40.34341957795043], [115.54217762998503, 40.34386989514226], [115.54205992413549, 40.34386841126724], [115.54205604534476, 40.34404853812419], [115.54193833919109, 40.344047054120026], [115.54193639962617, 40.34413711754158], [115.54170098703219, 40.34413414916466], [115.54169904714563, 40.344224212575334], [115.5407573958683, 40.34421233424067], [115.54075545472143, 40.34430239761226], [115.54028462866711, 40.344296455552495], [115.54028268688573, 40.3443865189038], [115.5399295669676, 40.34438206108762]]]}}, {"type": "Feature", "properties": {"year": 2025, "water_area_km2": 0.5261}, "geometry": {"type": "Polygon", "coordinates": [[[115.53205211437695, 40.3547325119341], [115.53205406781822, 40.35464244907573], [115.53193634377202, 40.35464095457093], [115.531938297361, 40.35455089171581], [115.5318205734801, 40.35454939709596], [115.53182252721678, 40.354459334244076], [115.53194025094113, 40.3544608288592], [115.5319422045125, 40.3543707660011], [115.53217765167462, 40.35437375486254], [115.5321796049241, 40.354283691993494], [115.53229732836185, 40.35428518623983], [115.53229928144603, 40.354195123364576], [115.53265245134259, 40.35419960537072], [115.53265635654537, 40.35401947958738], [115.53277407954882, 40.354020973340425], [115.5327760319805, 40.353930910441804], [115.53289375483624, 40.35393240407034], [115.53289765936012, 40.35375227825918], [115.53301538191162, 40.35375377175849], [115.53301733400384, 40.35366370884596], [115.53313505640764, 40.35366520222077], [115.53313700833453, 40.35357513930202], [115.53325473059061, 40.35357663255233], [115.53325668235222, 40.35348656962738], [115.53349212657776, 40.35348955575924], [115.53349798087062, 40.3532193669471], [115.53373342419232, 40.353222352571514], [115.53373537529265, 40.35313228962173], [115.53361765378392, 40.353130796874126], [115.53361960503196, 40.353040733927564], [115.53397276911504, 40.353045211796875], [115.53397471988474, 40.35295514883465], [115.53409244110686, 40.3529566412135], [115.53409439171125, 40.35286657824508], [115.53421211278565, 40.35286807049942], [115.53421406322475, 40.35277800752479], [115.53433178415145, 40.352779499654645], [115.53433568469022, 40.35259937369148], [115.53445340531273, 40.352600865692125], [115.5344553554124, 40.35251080270359], [115.53457307588718, 40.35251229457973], [115.53457697574714, 40.35233216858878], [115.53481241609707, 40.35233515196288], [115.53481631529584, 40.35215502594709], [115.53505175505491, 40.35215800882324], [115.5350537043281, 40.352067945803675], [115.53517142406433, 40.35206943705738], [115.53517337317223, 40.351979374031615], [115.53529109276074, 40.35198086516083], [115.5352969395622, 40.35171067606048], [115.53541465869, 40.35171216705577], [115.53541660744975, 40.351622104014616], [115.5356520454187, 40.35162508563648], [115.53565594228581, 40.35144495953087], [115.5357736609705, 40.351446450152714], [115.53577950573575, 40.35117626096901], [115.53589722395972, 40.351177751456945], [115.53590306817641, 40.350907562245716], [115.53602078593967, 40.35090905259973], [115.53602468172721, 40.35072892644206], [115.53614239918628, 40.35073041666688], [115.53614434691039, 40.350640353581085], [115.53602662960779, 40.35063886336099], [115.53602857747961, 40.350548800278446], [115.53614629462568, 40.350550290493835], [115.5361521377189, 40.35028010122313], [115.53626985440434, 40.35028159130461], [115.536275696949, 40.350011402006395], [115.53639341317374, 40.35001289195396], [115.53640314979009, 40.349562576403656], [115.53628543434777, 40.34956108647966], [115.53628738180117, 40.349471023369865], [115.53616966652415, 40.34946953333084], [115.5361657712956, 40.349649659539516], [115.53604805571437, 40.34964816937129], [115.53605000348952, 40.34955810627241], [115.53593228807355, 40.349556615989144], [115.53593034014193, 40.34964667908331], [115.53581262457827, 40.34964518867557], [115.53580872837567, 40.34982531485002], [115.53533786495706, 40.34981935198376], [115.53533591621665, 40.349909415049886], [115.53521820022748, 40.34990792402919], [115.53521430240728, 40.350088050147555], [115.53509658611395, 40.35008655899768], [115.53509268794564, 40.35026668510066], [115.5349749713481, 40.350265193821585], [115.53496912356019, 40.350535382950746], [115.534851406502, 40.35053389153775], [115.5348494570653, 40.350623954573116], [115.5347317398594, 40.350622463035634], [115.5347297902574, 40.3507125260648], [115.53461207290381, 40.35071103440284], [115.53461012313652, 40.3508010974258], [115.53449240563523, 40.350799605639345], [115.5344885057613, 40.35097973167136], [115.53437078795582, 40.350978239755705], [115.53436688773373, 40.35115836577234], [115.53424916962405, 40.3511568737275], [115.5342472193433, 40.351246936728856], [115.53412950108594, 40.35124544455951], [115.53412560018508, 40.35142557054833], [115.53400788162351, 40.35142407824979], [115.53400398037446, 40.35160420422322], [115.5338862615087, 40.35160271179546], [115.53388431071447, 40.351692774775245], [115.53376659170102, 40.351691282222994], [115.53376464074151, 40.35178134519655], [115.53364692158033, 40.35177985251982], [115.53364497045553, 40.351869915487164], [115.53352725114667, 40.35186842268593], [115.53352529985652, 40.35195848564708], [115.53340758039998, 40.35195699272136], [115.53340562894455, 40.35204705567629], [115.53305247015818, 40.35204257616637], [115.53305051822446, 40.35213263910563], [115.53269735904782, 40.352128158503625], [115.53269540663578, 40.352218221427236], [115.53257768677135, 40.352216727648965], [115.53257182901285, 40.35248691639668], [115.53245410868772, 40.352485422484456], [115.53245020315835, 40.352665548299385], [115.53221476190848, 40.35266256009673], [115.53221671499057, 40.35257249719948], [115.53209899453537, 40.35257100292323], [115.53210094776517, 40.3524809400292], [115.53186550719418, 40.35247795112685], [115.53186746072817, 40.3523878882408], [115.5317497406124, 40.3523863936147], [115.53175169429409, 40.3522963307319], [115.53163397434362, 40.35229483599077], [115.53163592817302, 40.35220477311121], [115.53128276884402, 40.35220028818339], [115.53129058595142, 40.35184003670709], [115.53117286681872, 40.35183854151054], [115.53117873002621, 40.3515683529019], [115.5312964486894, 40.35156984808426], [115.53130035713733, 40.351389722328285], [115.53141807549635, 40.35139121738141], [115.53142002955056, 40.35130115449645], [115.53153774776193, 40.35130264942509], [115.53154165553097, 40.35112252364127], [115.53165937343812, 40.35112401844068], [115.53166132715295, 40.35103395554181], [115.5320144804578, 40.35103843920724], [115.53201643369432, 40.3509483762927], [115.53213415132375, 40.35094987060358], [115.53214001051097, 40.35067968183688], [115.53225772767972, 40.350681176013815], [115.53226163344752, 40.35050105015244], [115.5323793503121, 40.35050254420017], [115.53238716111602, 40.35014229244068], [115.53250487736345, 40.35014378634975], [115.53250682988592, 40.35005372340143], [115.53238911379498, 40.35005222949711], [115.53239106646512, 40.34996216655205], [115.5318024869249, 40.34995469525768], [115.53180444036866, 40.34986463233478], [115.53168672464352, 40.349863137721364], [115.53168867823496, 40.349773074801696], [115.53145324712409, 40.34977008522507], [115.5314552010197, 40.34968002231338], [115.53157291641423, 40.34968151715683], [115.53157487014452, 40.34959145423895], [115.53145715490648, 40.3495899594002], [115.53146106265359, 40.34940983356941], [115.5313433477373, 40.34940833862037], [115.53135702566993, 40.348777898198904], [115.53147473949089, 40.34877939311481], [115.53147669328952, 40.34868933018679], [115.5315944069628, 40.34869082497821], [115.53159831422072, 40.348510699108246], [115.53171602758984, 40.34851219377047], [115.5317179810491, 40.34842213082852], [115.53183569427058, 40.34842362536625], [115.53184155412607, 40.34815343651732], [115.53148841589635, 40.348148952587444], [115.53148646215057, 40.348239015524385], [115.53113332353072, 40.34823453050256], [115.53113136930673, 40.348324593423804], [115.5310136562946, 40.34832309817231], [115.53101561067506, 40.34823303525578], [115.53089789782823, 40.34823153988925], [115.53089985235634, 40.348141476975975], [115.53066442700208, 40.34813848589313], [115.53066833665775, 40.34795836008105], [115.53078604901754, 40.34795985567289], [115.53078800367568, 40.34786979275989], [115.53090571588783, 40.347871288227225], [115.53090767038069, 40.347781225308], [115.53102538244518, 40.34778272065087], [115.53102733677275, 40.34769265772543], [115.53138047254971, 40.347697143021335], [115.53138242639909, 40.34760708008022], [115.53161784998153, 40.347610069669294], [115.53161980350913, 40.347520006717225], [115.5318552268139, 40.34752299581783], [115.53185718001978, 40.34743293285482], [115.53173946851946, 40.34743143836913], [115.53174142187298, 40.34734137540935], [115.53185913321683, 40.347342869890326], [115.5318610864051, 40.34725280692434], [115.53068397492775, 40.34723785677332], [115.53068202017488, 40.347327919691985], [115.53056430891917, 40.34732642401354], [115.53056626382852, 40.347236361099604], [115.53044855273806, 40.34723486530615], [115.53044659767225, 40.34732492821535], [115.53032888643419, 40.34732343229742], [115.53033084165646, 40.34723336939295], [115.52997770846453, 40.34722888093487], [115.52997575277286, 40.34731894382514], [115.52985804157007, 40.34731744742821], [115.5298560857131, 40.34740751031225], [115.52950295168827, 40.3474030203888], [115.52950099535309, 40.34749308325715], [115.52938328387266, 40.34749158637177], [115.52938132737219, 40.34758164923389], [115.52902819251446, 40.34757715784505], [115.52902623553578, 40.34766722069146], [115.52890852377772, 40.34766572331761], [115.52891048091287, 40.34757566047594], [115.52855734616105, 40.347571167650116], [115.52855930375678, 40.34748110482118], [115.52844159234697, 40.34747960697782], [115.52844550782484, 40.347299481324946], [115.52832779673678, 40.347297983371334], [115.52833367035674, 40.347027794895105], [115.5282159597469, 40.34702629683597], [115.52823358153803, 40.346215731369746], [115.52835129073975, 40.34621722938622], [115.5283552062833, 40.346037103701235], [115.52847291518096, 40.34603860158848], [115.52847487278302, 40.34594853873901], [115.52859258153302, 40.34595003650179], [115.52859453896983, 40.34585997364609], [115.52882995618343, 40.34586296880294], [115.52883191329849, 40.345772905936286], [115.52894962176208, 40.34577440333036], [115.52896332022515, 40.34514396318902], [115.52908102760244, 40.34514546043018], [115.52908298433398, 40.34505539754216], [115.52931839880213, 40.34505839165579], [115.52932035521198, 40.34496832875681], [115.52955576940252, 40.344971322382015], [115.52955772549065, 40.34488125947209], [115.52991084637333, 40.34488574899767], [115.5299128019833, 40.34479568607204], [115.53003050880537, 40.34479718233636], [115.53003246425008, 40.344707119404504], [115.53026787760784, 40.34471011156447], [115.53026983273082, 40.344620048621664], [115.53038753926647, 40.3446215445173], [115.53038949422421, 40.344531481568275], [115.53086031982929, 40.34453746393456], [115.53086227415243, 40.3444474009651], [115.53109768669496, 40.34445039142038], [115.53109964069638, 40.34436032843998], [115.53145275910698, 40.34436481321068], [115.5314547126303, 40.3442747502146], [115.5316901246352, 40.34427773945361], [115.53169207783681, 40.34418767644659], [115.53204519544092, 40.34419215939289], [115.53204714816442, 40.3441020963702], [115.53216485389363, 40.344103590441435], [115.53216680645188, 40.34401352741253], [115.53263762883104, 40.34401950248124], [115.53263958075472, 40.34392943943194], [115.53275728621509, 40.34393093289506], [115.53275923797354, 40.34384086983953], [115.53287694328625, 40.34384236317819], [115.53287889487946, 40.34375230011648], [115.53311430521846, 40.34375528642514], [115.53311625648998, 40.343665223352474], [115.53323396151626, 40.34366671632249], [115.53323591262254, 40.34357665324361], [115.53335361750118, 40.343578146089165], [115.53335556844222, 40.34348808300409], [115.53347327317321, 40.343489575725194], [115.53347522394905, 40.343399512633894], [115.5335929285324, 40.34340100523053], [115.533594879143, 40.34331094213303], [115.53371258357872, 40.343312434605224], [115.53371453402409, 40.34322237150151], [115.53383223831217, 40.343223863849246], [115.5338341885923, 40.34313380073933], [115.53395189273273, 40.34313529296262], [115.53395969313958, 40.34277504048917], [115.53384198962485, 40.34277354828478], [115.53384589008833, 40.3425934220486], [115.53372818689527, 40.34259192973393], [115.53373988901319, 40.34205155101807], [115.53397529353103, 40.34205453547103], [115.53397334351288, 40.3421445986035], [115.53409104594144, 40.3421460906551], [115.53408909607091, 40.34223615379081], [115.53420679866467, 40.34223764572741], [115.53420484894177, 40.34232770886636], [115.53432255170075, 40.34232920068794], [115.53432060212549, 40.342419263830145], [115.5344383050497, 40.342420755536736], [115.53443635562206, 40.34251081868214], [115.53455405871149, 40.34251231027375], [115.53455210943149, 40.342602373422395], [115.53466981268612, 40.342603864898976], [115.53466786355376, 40.342693928050856], [115.53490327040227, 40.34269691065428], [115.53490132157401, 40.342786973814114], [115.53501902516787, 40.342788464940966], [115.53501707648721, 40.342878528104045], [115.53513478024631, 40.342880019115874], [115.5351328317133, 40.342970082282186], [115.5352505356376, 40.34297157317901], [115.53524858725223, 40.343061636348544], [115.53536629134175, 40.34306312713037], [115.53536434310405, 40.343153190303134], [115.53559975162231, 40.343156171517], [115.53559780368867, 40.34324623469774], [115.53571550811742, 40.34324772512978], [115.53571161253664, 40.34342785149623], [115.53594702204623, 40.34343083202002], [115.53594312705606, 40.34361095839937], [115.53617853722653, 40.34361393846311], [115.53617464282696, 40.34379406485539], [115.53629234823825, 40.34379555471709], [115.53629040118173, 40.34388561791571], [115.53640810675823, 40.34388710766239], [115.53639837212611, 40.34433742365685], [115.5365160784936, 40.34433891330737], [115.5365082912556, 40.34469916609506], [115.53662599825765, 40.3447006556447], [115.53662015820629, 40.34497084523402], [115.53673786568643, 40.34497233467807], [115.5367320260254, 40.34524252426817], [115.53661431807589, 40.34524103480998], [115.53661237134821, 40.345331097999], [115.53649466325103, 40.34532960841634], [115.5364888225459, 40.345599797960354], [115.53637111398817, 40.34559830824383], [115.53636916691246, 40.34568837141748], [115.53648687562666, 40.345689861138716], [115.53648492869861, 40.34577992431559], [115.53660263757806, 40.34578141392182], [115.53660069079766, 40.34587147710191], [115.53683610889578, 40.345874455964555], [115.53683416241952, 40.345964519152595], [115.53777583641474, 40.34597642985118], [115.53777389118136, 40.34606649307545], [115.53812701954374, 40.3460709576258], [115.53812312998937, 40.34625108409813], [115.53706374232297, 40.34623768712921], [115.5370559574765, 40.346597939886465], [115.53717366780795, 40.346599428936386], [115.53717172173083, 40.34668949212669], [115.53705401124293, 40.34668800307207], [115.53705206500058, 40.34677806625618], [115.53693435436499, 40.34677657707708], [115.5369363007638, 40.34668651389768], [115.53658316937913, 40.346682045656074], [115.53658511623853, 40.34659198248933], [115.53646740595097, 40.34659049284068], [115.53646545893511, 40.34668055600271], [115.53623003807347, 40.346677576336745], [115.53622809073589, 40.34676763948787], [115.53599266959644, 40.346764659333495], [115.53599072193717, 40.346854722473694], [115.53587301122418, 40.34685323221217], [115.53587106339965, 40.34694329534617], [115.53575335253896, 40.34694180496019], [115.53575140454919, 40.34703186808799], [115.53551598254127, 40.34702888694736], [115.53551403422978, 40.347118950064235], [115.53610259009783, 40.34712640204131], [115.53610453762697, 40.34703633890084], [115.53622224867048, 40.3470378289323], [115.5362241960344, 40.34694776578564], [115.53693046154103, 40.34695670343143], [115.5369285151159, 40.34704676660639], [115.53704622622088, 40.34704825579961], [115.53704233365718, 40.347228382154476], [115.53716004508387, 40.34722987123739], [115.5371580989453, 40.34731993441731], [115.53704038736215, 40.34731844532968], [115.53703844105836, 40.3474085085034], [115.53715615279796, 40.34740999759574], [115.53715031430329, 40.347680187122144], [115.53703260209427, 40.347678698015656], [115.53703065575536, 40.34776876118343], [115.53714836812084, 40.34777025029462], [115.53714642192963, 40.34786031346564], [115.53702870940768, 40.34785882434973], [115.53702481668596, 40.348038950677875], [115.53726024236452, 40.34804192880879], [115.5372582963034, 40.34813199198004], [115.53772914839175, 40.3481379468237], [115.53772720294776, 40.34822801001232], [115.53796262935755, 40.34823098672506], [115.53796457448858, 40.34814092352702], [115.53808228755014, 40.34814241169905], [115.53808423251593, 40.34805234849481], [115.53831965835246, 40.348055324470195], [115.53832160299652, 40.347965261255055], [115.53855702855518, 40.34796823674203], [115.53855897287754, 40.347878173515966], [115.53891211081189, 40.34788263583416], [115.53891405465608, 40.347792572592525], [115.53903176716193, 40.3477940597877], [115.53903371084085, 40.34770399653987], [115.53962227271926, 40.34771143069605], [115.53962032982267, 40.347801493967424], [115.53997346752428, 40.347805953038254], [115.53997152508833, 40.34789601632225], [115.54020695057949, 40.3478989884468], [115.54020500844774, 40.34798905173872], [115.54032272136293, 40.34799053762608], [115.54032077937887, 40.34808060092123], [115.54043849245932, 40.34808208669352], [115.54043655062297, 40.34817214999189], [115.54055426386863, 40.348173635649125], [115.54055232217999, 40.34826369895071], [115.54067003559088, 40.3482651844929], [115.54066809404998, 40.348355247797706], [115.54078580762611, 40.34835673322486], [115.54078386623293, 40.34844679653286], [115.54090157997426, 40.348448281844966], [115.54089963872879, 40.3485383451562], [115.54184135022659, 40.348550223379455], [115.54184329022024, 40.34846016003062], [115.54219643170691, 40.348464612374315], [115.54219837122238, 40.34837454900992], [115.54255151231835, 40.348379000261744], [115.54255345135566, 40.34828893688177], [115.54278887848375, 40.348291903774836], [115.54279081719936, 40.348201840383986], [115.54314395748767, 40.348206289811365], [115.54314589572512, 40.34811622640495], [115.54349903562267, 40.348120674740464], [115.54350097338195, 40.348030611318485], [115.54373639971108, 40.348033576267355], [115.54373833714868, 40.34794351283451], [115.54420918928592, 40.34794944127645], [115.5442072524742, 40.34803950472807], [115.54432496568681, 40.34804098654386], [115.54432302902285, 40.34813104999867], [115.54420531565377, 40.348129568178194], [115.54420144198666, 40.34830969507397], [115.54408372831334, 40.34830821312435], [115.54408179131022, 40.348398276565334], [115.54396407748916, 40.34839679449127], [115.54396214032082, 40.34848685792607], [115.54372671239197, 40.3484838934093], [115.54372477490195, 40.34857395683324], [115.54348934669511, 40.34857099182807], [115.5434874088834, 40.34866105524114], [115.54336969463661, 40.34865957255423], [115.54336775665965, 40.34874963596112], [115.54313232787936, 40.34874667021866], [115.5431303895807, 40.34883673361467], [115.54289496052243, 40.348833767383816], [115.54289302190206, 40.34892383076897], [115.54242216326453, 40.348917896851376], [115.5424202240095, 40.34900796021627], [115.54218479443027, 40.34900499252955], [115.54218285485355, 40.34909505588355], [115.54171199517413, 40.34908911905427], [115.54171005496272, 40.349179182388006], [115.54135690982558, 40.3491747284945], [115.54135885050644, 40.349084665174864], [115.54065256140744, 40.34907575418264], [115.54065450301842, 40.34898569088973], [115.54041907370177, 40.34898271961035], [115.54042101561693, 40.34889265632535], [115.54030330112825, 40.34889117051072], [115.54030524319111, 40.348801107228944], [115.54018752886766, 40.348799621299264], [115.54018947107826, 40.3487095580207], [115.54007175692004, 40.34870807197598], [115.54007369927835, 40.34861800870063], [115.53960284335898, 40.34861206334301], [115.53961061520825, 40.348251810302045], [115.53925747523843, 40.348247350082886], [115.53926136204933, 40.34806722358173], [115.53902593607249, 40.34806424952236], [115.53902204863572, 40.348244376004686], [115.53890433534751, 40.348242888785954], [115.53890627922677, 40.34815282555024], [115.53878856610378, 40.34815133821646], [115.53878662206807, 40.34824140144746], [115.5385511955355, 40.348238426411264], [115.53854925117805, 40.34832848963138], [115.53819611097553, 40.34832402616478], [115.5381922212955, 40.348504152572296], [115.53795679391182, 40.34850117631032], [115.53795484874568, 40.348591239502426], [115.53771942108412, 40.348588262752], [115.53771747559628, 40.34867832593321], [115.53759976162218, 40.34867683737366], [115.53759781596906, 40.34876690054866], [115.53736238773426, 40.34876392306087], [115.53736044175943, 40.34885398622498], [115.53724272749871, 40.34885249729673], [115.53724078135862, 40.34894256045464], [115.5371230669502, 40.34894107140194], [115.53712112064485, 40.34903113455365], [115.53700340608874, 40.34902964537647], [115.53698978061011, 40.34966008736386], [115.53710749626158, 40.34966157657403], [115.53709971070658, 40.35002182912444], [115.53698199442915, 40.35002033989543], [115.53697420810772, 40.35038059240321], [115.53685649121311, 40.35037910303559], [115.53685259768675, 40.350559229271155], [115.53673488048794, 40.35055773977434], [115.53672903966303, 40.350827929102394], [115.53661132200355, 40.35082643947169], [115.5366054806301, 40.35109662877224], [115.5364877625099, 40.351095139007604], [115.53648192058796, 40.35136532828065], [115.53636420200706, 40.351363838382106], [115.53635641202881, 40.35172409070655], [115.53623869283071, 40.35172260066937], [115.53623674515767, 40.35181266374205], [115.53611902581187, 40.351811173580394], [115.53611513012646, 40.35199129971188], [115.53599741047643, 40.35198980942102], [115.53599156641289, 40.35225999859294], [115.53587384630215, 40.35225850816817], [115.53587189810689, 40.35234857121779], [115.53575417784842, 40.35234708066853], [115.53575222948787, 40.35243714371195], [115.53563450908167, 40.35243565303822], [115.53563256055584, 40.352525716075434], [115.53551484000194, 40.3525242252772], [115.53551289131079, 40.352614288308224], [115.53539517060918, 40.35261279738551], [115.53539322175274, 40.35270286041031], [115.5352755009034, 40.35270136936312], [115.53527355188169, 40.35279143238172], [115.5351558308846, 40.35278994121003], [115.53515388169758, 40.35288000422242], [115.53503616055282, 40.352878512926246], [115.53503421120048, 40.35296857593244], [115.5347987686243, 40.35296559297133], [115.53479681895016, 40.35305565596661], [115.53456137609615, 40.35305267251696], [115.53455942610019, 40.35314273550131], [115.53444170452985, 40.35314124359211], [115.5344397543686, 40.35323130657024], [115.53432203265056, 40.353229814536554], [115.53431813198861, 40.35340994047892], [115.53408268795287, 40.35340695603333], [115.53408073729567, 40.35349701899285], [115.53396301513449, 40.35349552658568], [115.533961064312, 40.35358558953897], [115.53384334200308, 40.35358409700729], [115.53384139101527, 40.353674159954394], [115.53372366855865, 40.353672667298234], [115.53371976624359, 40.353852793178504], [115.53348432073072, 40.35384980748795], [115.53348041775436, 40.3540299333434], [115.5333626946981, 40.35402844030901], [115.5333607430402, 40.35411850322978], [115.53324301983622, 40.35411701007089], [115.53324106801301, 40.35420707298545], [115.53300562131842, 40.354204086298886], [115.53300366917337, 40.3542941492025], [115.53288594568276, 40.354292655674826], [115.53288399337238, 40.35438271857225], [115.53264854610455, 40.35437973114812], [115.53264659347231, 40.35446979403459], [115.53252886969511, 40.35446830013814], [115.53252691689755, 40.35455836301839], [115.53240919297262, 40.35455686899743], [115.53240724000973, 40.354646931871464], [115.53217179187325, 40.35464394346076], [115.5321698385885, 40.35473400632386], [115.53205211437695, 40.3547325119341]], [[115.53163788199356, 40.352114710230175], [115.53199104093237, 40.35211919406589], [115.5319929942746, 40.35202913116917], [115.532110713782, 40.35203062553681], [115.53211266695892, 40.351940562633885], [115.53199494760804, 40.35193906827097], [115.53200080755549, 40.35166887956745], [115.53164765096419, 40.35166439580268], [115.5316456971877, 40.35175445869115], [115.53152797818505, 40.35175296385863], [115.53152602424325, 40.35184302674087], [115.5316437434024, 40.351844521578116], [115.53163788199356, 40.352114710230175]], [[115.53239106646512, 40.34996216655205], [115.53250878239959, 40.34996366045165], [115.53251073490445, 40.34987359750036], [115.53239301912647, 40.349872103605485], [115.53239106646512, 40.34996216655205]], [[115.53251073490445, 40.34987359750036], [115.53286388229125, 40.34987807846642], [115.53286973834463, 40.34960788956112], [115.53275202300966, 40.34960639603971], [115.5327500708442, 40.3496964590049], [115.53263235536156, 40.349694965359], [115.53263040303081, 40.34978502831798], [115.53251268740051, 40.3497835345476], [115.53251073490445, 40.34987359750036]], [[115.53286973834463, 40.34960788956112], [115.53298745368838, 40.34960938296278], [115.53298940553209, 40.34951931998666], [115.5328716903448, 40.34951782658972], [115.53286973834463, 40.34960788956112]], [[115.53298940553209, 40.34951931998666], [115.53310712072816, 40.34952081326383], [115.53310907240659, 40.3494307502815], [115.53334450251221, 40.349433736467134], [115.53334645386886, 40.349343673473854], [115.5334641687784, 40.349345166382314], [115.53346611996976, 40.349255103382816], [115.53370154950227, 40.349258088831014], [115.53370545123268, 40.34907796280869], [115.53358773677498, 40.349076470153925], [115.53358578575771, 40.34916653316111], [115.53335035655576, 40.349163547482846], [115.53334840521671, 40.34925361047908], [115.53323069047245, 40.34925211745559], [115.53322873896812, 40.34934218044564], [115.53299330919309, 40.349339194029945], [115.53298940553209, 40.34951931998666]], [[115.53583794903845, 40.34847436839692], [115.53630880320888, 40.34848032906408], [115.53631075055686, 40.34839026593646], [115.53642846396495, 40.348391755799156], [115.5364304111477, 40.348301692665345], [115.53654812440809, 40.348303182403555], [115.53655007142558, 40.34821311926354], [115.53666778453828, 40.3482146088773], [115.53667557189452, 40.34785435628352], [115.5365578594077, 40.347852866688626], [115.53655591242531, 40.34794292983458], [115.53643819979082, 40.34794144011522], [115.53644014692965, 40.34785137697398], [115.53632243446039, 40.34784988713957], [115.5363243817469, 40.347759824001564], [115.53608895714764, 40.347756843982935], [115.5360870095482, 40.34784690711151], [115.53596929710528, 40.34784541691786], [115.53596345378483, 40.34811560628054], [115.53572802798654, 40.34811262550569], [115.53572413176974, 40.34829275172119], [115.53584184497744, 40.34829424217793], [115.53583794903845, 40.34847436839692]], [[115.53855508422404, 40.34805829996658], [115.538672797173, 40.348059787535156], [115.53867474134766, 40.347969724305884], [115.53855702855518, 40.34796823674203], [115.53855508422404, 40.34805829996658]]]}}, {"type": "Feature", "properties": {"year": 2025, "water_area_km2": 0.0061}, "geometry": {"type": "Polygon", "coordinates": [[[115.54455885337501, 40.34263865795422], [115.54456078934976, 40.34254859440421], [115.54444308567196, 40.34254711299418], [115.5444488940131, 40.34227692234927], [115.545037410143, 40.34228432813174], [115.54503934545711, 40.34219426455704], [115.54539245477051, 40.34219870657573], [115.5453943896066, 40.34210864298547], [115.54586520152094, 40.34211456398214], [115.54586326731055, 40.34220462759113], [115.54598097046738, 40.342206107545664], [115.54597323416426, 40.34256636198552], [115.54585553038173, 40.34256488201227], [115.5458535961277, 40.34265494561382], [115.54573589219747, 40.342653465516136], [115.54573782660792, 40.34256340191926], [115.54562012284282, 40.34256192170655], [115.54561818827595, 40.34265198529873], [115.54455885337501, 40.34263865795422]]]}}, {"type": "Feature", "properties": {"year": 2025, "water_area_km2": 0.0118}, "geometry": {"type": "Polygon", "coordinates": [[[115.86262720891563, 40.34602398865635], [115.86262872205126, 40.34593391381813], [115.86215782455099, 40.34592928186901], [115.86215933830594, 40.34583920704399], [115.86204161410447, 40.3458380487609], [115.86205069742991, 40.34529759980227], [115.86216842069216, 40.34529875806335], [115.8621714480996, 40.345118608391516], [115.86228917105564, 40.34511976652549], [115.86229068459258, 40.345029691683706], [115.86240840739893, 40.34503084969423], [115.86240992077252, 40.34494077484735], [115.86288081144, 40.344945405676896], [115.8628792986925, 40.34503548053844], [115.86299702153298, 40.34503663795003], [115.86299550893519, 40.345126712813794], [115.86334867796708, 40.345130184340825], [115.86334716583208, 40.34522025921411], [115.8634648890129, 40.345221416153876], [115.86345884103075, 40.34558171564715], [115.8635765648445, 40.34558287248177], [115.86357505298845, 40.345672947355126], [115.86345732901815, 40.34567179051683], [115.8634543049725, 40.34585194025183], [115.86333658069599, 40.34585078328643], [115.8633350685064, 40.3459408581481], [115.86309961966072, 40.3459385438506], [115.86309810715125, 40.346028618703485], [115.86262720891563, 40.34602398865635]]]}}, {"type": "Feature", "properties": {"year": 2025, "water_area_km2": 0.024}, "geometry": {"type": "Polygon", "coordinates": [[[115.54679716088627, 40.342576718445976], [115.54680102686524, 40.34239659116346], [115.54668332333453, 40.34239511203766], [115.54668718959148, 40.34221498475857], [115.54680489280935, 40.342216463875005], [115.54681262459293, 40.34185620928028], [115.54693032719379, 40.34185768825827], [115.54693225996148, 40.341767624601204], [115.5466968550813, 40.34176466653486], [115.5466987881531, 40.34167460288568], [115.5465810858825, 40.3416731236776], [115.54658301910199, 40.34158306003162], [115.54646531699653, 40.3415815807085], [115.54646725036373, 40.34149151706569], [115.54634954842344, 40.34149003762753], [115.54635148193834, 40.34139997398794], [115.54623378016318, 40.341398494434735], [115.5462415147613, 40.34103823988024], [115.54612381362054, 40.34103676022605], [115.54612187982768, 40.341126823862226], [115.54588647725949, 40.3411238641853], [115.54588841136517, 40.3410338005585], [115.5457707102506, 40.341032320545146], [115.54577264450397, 40.340942256921544], [115.54600804642905, 40.34094521681917], [115.54601191428402, 40.34076508954879], [115.54589421362995, 40.3407636096692], [115.54590001581622, 40.340493418766556], [115.54613541619459, 40.340496378377914], [115.54613734992638, 40.34040631473136], [115.54625504997226, 40.340407794352764], [115.54625698353892, 40.34031773070005], [115.54637468343708, 40.34031921019706], [115.54637855023145, 40.340139082877805], [115.54661394942828, 40.34014204149394], [115.54661588249954, 40.340051977822725], [115.54673358195461, 40.34005345694653], [115.54673164903976, 40.34014352062242], [115.54684934865996, 40.3401449996312], [115.54685128141841, 40.34005493595061], [115.54708668037216, 40.34005789359963], [115.54709054523728, 40.3398777662153], [115.54720824441439, 40.339879244850884], [115.54721017667747, 40.339789181151794], [115.54732787570691, 40.33979065966298], [115.5473317398941, 40.33961053225103], [115.54744943861944, 40.33961201063313], [115.54744750668661, 40.33970207434453], [115.54756520557704, 40.33970355261159], [115.54755361473555, 40.340243934876874], [115.54743591490666, 40.34024245658175], [115.547424322813, 40.34078283876556], [115.54730662205431, 40.34078136032262], [115.54730468985177, 40.34087142401006], [115.54742239076688, 40.34087290245766], [115.54741659457625, 40.3411430935251], [115.54753429596934, 40.34114457186701], [115.54752656821887, 40.341504826621524], [115.54740886620009, 40.341503348260886], [115.54740693408426, 40.34159341194113], [115.54728923191782, 40.341591933456094], [115.54727570576802, 40.34222237914348], [115.54715800251527, 40.34222090050595], [115.54715607001687, 40.342310964164966], [115.5470383666164, 40.342309485403014], [115.54703450128059, 40.34248961270723], [115.546916797576, 40.34248813381622], [115.5469148647386, 40.342578197461414], [115.54679716088627, 40.342576718445976]]]}}, {"type": "Feature", "properties": {"year": 2025, "water_area_km2": 0.4253}, "geometry": {"type": "Polygon", "coordinates": [[[115.53829528596147, 40.343730800766615], [115.53829917471174, 40.34355067420173], [115.53818146962057, 40.343549186389616], [115.53818341413898, 40.34345912310965], [115.53806570921303, 40.343457635182524], [115.5380676538791, 40.34336757190579], [115.53794994911836, 40.343366083863614], [115.5379518939321, 40.34327602059011], [115.53783418933654, 40.34327453243292], [115.53783613429793, 40.343184469162644], [115.53771842986761, 40.343182980890454], [115.53772037497667, 40.34309291762339], [115.53760267071152, 40.34309142923617], [115.53760461596826, 40.34300136597233], [115.53748691186833, 40.34299987747009], [115.53749080266833, 40.342819750947385], [115.53737309889001, 40.342818262334845], [115.53737504443328, 40.34272819907598], [115.5372573408202, 40.342726710348416], [115.53725928651113, 40.34263664709278], [115.53714158306323, 40.342635158250204], [115.53714352890181, 40.34254509499779], [115.53690812234522, 40.34254211696288], [115.53691006848788, 40.34245205371841], [115.53667466227925, 40.34244907521401], [115.53667271582377, 40.34253913844906], [115.53655501257617, 40.34253764901254], [115.53655111932598, 40.34271777546876], [115.53560949115874, 40.342705855591106], [115.53560754326901, 40.34279591877925], [115.53548983963121, 40.34279442825106], [115.53549178767734, 40.34270436506762], [115.53537408420478, 40.34270287442442], [115.53537603239856, 40.34261281124421], [115.53525832909116, 40.34261132048599], [115.53526027743258, 40.34252125730902], [115.53514257429043, 40.342519766435785], [115.5351445227795, 40.34242970326206], [115.53502681980257, 40.34242821227382], [115.53502876843926, 40.34233814910332], [115.53491106562754, 40.34233665800008], [115.53491886071214, 40.34197640532212], [115.53480115853489, 40.34197491411802], [115.53480310744051, 40.34188485094953], [115.53492080946133, 40.34188634214891], [115.5349227582017, 40.34179627897421], [115.5348050563373, 40.34179478777957], [115.53480700522533, 40.34170472460812], [115.53468930352614, 40.34170323329845], [115.5346912525618, 40.34161317013023], [115.53457355102782, 40.34161167870557], [115.53457744938558, 40.341431552374125], [115.53445974817323, 40.34143006083918], [115.53446559611321, 40.34115987134502], [115.5342301946534, 40.3411568879443], [115.53422824503606, 40.34124695110105], [115.53411054416291, 40.34124545921639], [115.5341144437017, 40.34106533291082], [115.53387904260748, 40.341062348801216], [115.5338809926765, 40.34097228565565], [115.53435179427441, 40.3409782533771], [115.534353743709, 40.34088819021116], [115.53411834320528, 40.340885206599324], [115.5341202929439, 40.34079514344133], [115.5337671927235, 40.34079066713984], [115.53377109311282, 40.34061054084778], [115.53365339336976, 40.34060904851729], [115.53365534370762, 40.34051898537375], [115.53353764412978, 40.340517492928264], [115.53353959461528, 40.340427429787944], [115.53342189520264, 40.340425937227465], [115.53342579646005, 40.340245810951856], [115.53330809736903, 40.34024431828111], [115.53331785114058, 40.3397940025897], [115.53343554944956, 40.339795495236814], [115.53345310427642, 40.338984926856206], [115.53368849810552, 40.33898791170628], [115.53369044828503, 40.33889784853601], [115.53380814505638, 40.338899340776756], [115.53380619503324, 40.33898940395175], [115.53392389196978, 40.33899089607752], [115.5339258418365, 40.33890083289779], [115.5342789322297, 40.33890530854265], [115.53428088161843, 40.33881524534726], [115.53451627494505, 40.3388182285025], [115.5345182240122, 40.3387281652962], [115.5346359205323, 40.33872965668953], [115.53463786943426, 40.338639593477026], [115.53475556580675, 40.33864108474592], [115.53475751454354, 40.33855102152722], [115.53487521076842, 40.33855251267168], [115.53487715934003, 40.33846244944676], [115.5349948554173, 40.3384639404668], [115.53499680382369, 40.338373877235696], [115.53511449975336, 40.338375368131295], [115.5351164479946, 40.33828530489398], [115.53523414377666, 40.338286795665155], [115.53523803991997, 40.33810666917662], [115.53547343088488, 40.33810965034099], [115.53547537863057, 40.33801958708505], [115.53559307396979, 40.33802107748295], [115.53559502155032, 40.337931014220814], [115.53571271674194, 40.3379325044943], [115.53571661156384, 40.33775237795615], [115.53583430645146, 40.337753868100485], [115.53583625369286, 40.33766380482445], [115.53595394843288, 40.33766529484436], [115.53595589550909, 40.337575231562155], [115.5360735901015, 40.33757672145764], [115.53607748391481, 40.337396594879316], [115.53619517820323, 40.33739808464567], [115.53619712494029, 40.33730802134957], [115.53631481908111, 40.337309510991496], [115.53631871221617, 40.3371293843854], [115.53655409989861, 40.33713236329128], [115.53655604614019, 40.33704229997658], [115.53749759596988, 40.33705421077425], [115.53749954095161, 40.33696414742037], [115.53785262181334, 40.33696861198024], [115.53785456631718, 40.336878548610734], [115.5379722597989, 40.33688003655324], [115.53797614846745, 40.33669990980036], [115.53809384164518, 40.336701397613744], [115.5380996741131, 40.33643120745918], [115.53821736683045, 40.336432695138726], [115.5382231987503, 40.33616250495666], [115.53810550650206, 40.33616101729123], [115.5381074506142, 40.33607095389896], [115.53822514270604, 40.336072441559686], [115.53823680625639, 40.335532061146566], [115.5381191151028, 40.335530573514106], [115.53812105915355, 40.335440510111425], [115.5378856771854, 40.33543753449681], [115.53788956588609, 40.33525740770585], [115.53777187522792, 40.335255919728425], [115.53777576420624, 40.33507579294094], [115.5376580738696, 40.33507430485322], [115.53766390774042, 40.334804114675], [115.53778159760797, 40.33480560274858], [115.53778743093078, 40.33453541254288], [115.53802280975398, 40.33453838830268], [115.53802669796654, 40.334358261472616], [115.53814438707857, 40.334359749163575], [115.53814633101533, 40.33426968574159], [115.53826401997975, 40.334271173308146], [115.53826985126835, 40.334000983019195], [115.53838753977247, 40.33400247045193], [115.53838948336144, 40.3339124070146], [115.53850717171795, 40.33391389432294], [115.53849939793493, 40.334274148082166], [115.53838170895297, 40.33427266075501], [115.53837976532893, 40.33436272418639], [115.53826207619936, 40.33436123673483], [115.53825624480558, 40.33463142700596], [115.53813855521567, 40.33462993942058], [115.53813272327389, 40.33490012966422], [115.53801503322364, 40.33489864194502], [115.53801308906914, 40.33498870535189], [115.53813077927575, 40.334990193075804], [115.53812883526884, 40.335080256485895], [115.53824652564057, 40.335081744094815], [115.53824069403638, 40.33535193433032], [115.53835838488598, 40.33535342183368], [115.53835644115675, 40.33544348524725], [115.53941566060507, 40.335456867433386], [115.53941371827442, 40.335546930887844], [115.54000217461201, 40.335554361269786], [115.54000023305447, 40.33564442474626], [115.54047099890767, 40.33565036691604], [115.54046905796689, 40.335740430409835], [115.54082213291782, 40.33574488579444], [115.54082019243742, 40.335834949300875], [115.54117326793626, 40.33583940362227], [115.54117132791625, 40.335929467141305], [115.54128901992307, 40.3359309516804], [115.54128708005065, 40.336021015202654], [115.54164015659276, 40.33602546811584], [115.54164209599602, 40.335935404579494], [115.54270132468721, 40.33594875681296], [115.54269938669135, 40.336038820391565], [115.54340554048379, 40.33604771652216], [115.54340360341745, 40.33613778012744], [115.54363898839759, 40.33614074455608], [115.54363705163529, 40.336230808169255], [115.54375474429483, 40.336232290208706], [115.54375280768018, 40.3363223538251], [115.54387050050485, 40.33632383574954], [115.54386856403782, 40.33641389936913], [115.54398625702763, 40.336415381178554], [115.54398819333824, 40.33632531755428], [115.54504742923177, 40.33633864841035], [115.54504549432859, 40.336428712076824], [115.54575165292198, 40.336437593955694], [115.54574971894836, 40.336527657648794], [115.54610279883198, 40.33653209698629], [115.54610473233646, 40.336442033279134], [115.54622242549205, 40.336443512814206], [115.54622629216206, 40.33626338538608], [115.54610859931924, 40.336261905860376], [115.54611053279754, 40.33617184214877], [115.54622822548399, 40.336173321669804], [115.54623982523245, 40.33563293934093], [115.54635751698935, 40.33563441871416], [115.54636911548567, 40.33509403630377], [115.54601604305587, 40.33508959790928], [115.54601797657716, 40.33499953418307], [115.54590028594106, 40.33499805448352], [115.54591382144069, 40.334367608391304], [115.54579613190786, 40.33436612860486], [115.54580966807472, 40.33373568247272], [115.54616273341568, 40.333740121374646], [115.54616080017283, 40.3338301851263], [115.5462784887936, 40.333831664525576], [115.54627462259444, 40.33401179203382], [115.54639231153668, 40.33401327132277], [115.54638457965916, 40.334373526340165], [115.54650226923557, 40.33437500552815], [115.54649840355724, 40.33455513303732], [115.54661609345511, 40.334556612114966], [115.54661222805466, 40.33473673962756], [115.54672991827398, 40.334738218594886], [115.54672218799391, 40.33509847362099], [115.54683987884744, 40.33509995248733], [115.54682441911996, 40.335820462505765], [115.54694211123322, 40.33582194128986], [115.54694017888443, 40.33591200504017], [115.5468224866148, 40.335910526251396], [115.54682055410093, 40.33600058999554], [115.54693824652692, 40.336002068789], [115.54693631416072, 40.33609213253634], [115.54681862157835, 40.33609065373821], [115.54681668904703, 40.336180717479394], [115.5469343817858, 40.3361821962822], [115.54692278735321, 40.3367225787262], [115.54704048103899, 40.336724057437394], [115.54702502255856, 40.33744456731709], [115.54714271750416, 40.337446045946], [115.54713112421615, 40.33798642832154], [115.54724882010879, 40.33798790685884], [115.54724495592254, 40.33816803431484], [115.54736265213673, 40.33816951274178], [115.5473549242852, 40.338529767654705], [115.54747262113366, 40.33853124598065], [115.54745523436561, 40.33934181949004], [115.54733753610951, 40.339340341121975], [115.54734333224651, 40.33907014997956], [115.54722563446833, 40.33906867150583], [115.5472314309961, 40.33879848036411], [115.54711373369585, 40.3387970017847], [115.54712339518316, 40.3383466832089], [115.54700569867362, 40.33834520453317], [115.5470114959306, 40.338075013383914], [115.54689379989898, 40.33807353460252], [115.54689573245693, 40.33798347088782], [115.54677803659042, 40.3379819919914], [115.54677996929607, 40.337891928279895], [115.54666227359465, 40.33789044926844], [115.54667000495562, 40.3375301944263], [115.54655230988851, 40.337528715313866], [115.54655424286334, 40.3374386516043], [115.54643654796132, 40.33743717237685], [115.5464423473027, 40.337166981253304], [115.54632465287857, 40.337165501920175], [115.54633045261065, 40.336895310797324], [115.5462127586644, 40.33689383135855], [115.54621662542161, 40.33671370394527], [115.54609893179688, 40.336712224396145], [115.54609699826624, 40.336802288098845], [115.54597930449383, 40.33680080842533], [115.54597156965852, 40.337161063202565], [115.54608926405649, 40.3371625428948], [115.54607572885367, 40.337792988730634], [115.54595803336098, 40.337791509005605], [115.54594449663604, 40.33842195473594], [115.54582680005728, 40.33842047485842], [115.54582293203029, 40.33860060218721], [115.54570523514747, 40.33859912218061], [115.54570330096449, 40.33868918583809], [115.54558560393399, 40.3386877057071], [115.54558366958587, 40.33877776935842], [115.54523057807752, 40.338773328233096], [115.54523251289484, 40.33868326459582], [115.54429093717448, 40.33867141636505], [115.54429287323426, 40.3385813527638], [115.54393978295238, 40.33857690771608], [115.54394171947264, 40.338486844127424], [115.54382402288587, 40.3384853622101], [115.54382595955379, 40.338395298624654], [115.54370826313217, 40.338393816592315], [115.54370632630786, 40.33848388017309], [115.54358862973857, 40.338482398016346], [115.54358669274913, 40.33857246159094], [115.5428805125785, 40.33856356610845], [115.54287857464193, 40.338653629653415], [115.54217239384761, 40.338644729833135], [115.54217433272257, 40.33855466631634], [115.54158584974975, 40.338547246530844], [115.54158778939795, 40.33845718303607], [115.54135239658287, 40.338454214293286], [115.54135433653512, 40.33836415080642], [115.54111894406782, 40.33836118159418], [115.54112282457164, 40.33818105463479], [115.54088743276496, 40.3381780849625], [115.54088937331653, 40.33808802148997], [115.54077167758271, 40.338086536478976], [115.5407774996541, 40.33781634606658], [115.5406598043982, 40.33781486094998], [115.5406578635601, 40.33790492441756], [115.54054016815657, 40.33790343917654], [115.54054405013682, 40.33772331224928], [115.54030865998158, 40.33772034142692], [115.54031060127134, 40.3376302779705], [115.54019290636323, 40.33762879238444], [115.54019484780066, 40.33753872893122], [115.53995945832351, 40.33753575740944], [115.53996140006494, 40.33744569396411], [115.53984370549588, 40.33744420802837], [115.53984176359808, 40.337534271468975], [115.53960637417349, 40.33753129922894], [115.53960054748912, 40.33780148951363], [115.5394828523208, 40.337800003199945], [115.53948673709857, 40.33761987635437], [115.53936904225179, 40.33761838993038], [115.53936709971087, 40.33770845334919], [115.53924940471647, 40.3377069668008], [115.53924746201041, 40.33779703021343], [115.53912976686838, 40.337795543540615], [115.53912199533094, 40.33815579715747], [115.53900429957211, 40.33815431034611], [115.53900235650946, 40.33824437374191], [115.53876696470526, 40.33824139975068], [115.53876502132103, 40.33833146313559], [115.53852962923911, 40.338328488656096], [115.53852768553334, 40.33841855203009], [115.53840998934912, 40.33841706460608], [115.53840804547819, 40.33850712797388], [115.53829034914635, 40.33850564042545], [115.53827479661209, 40.339226147276804], [115.53839249419511, 40.339227634862915], [115.53839055024528, 40.33931769821735], [115.53850824799349, 40.33931918568844], [115.5385043603803, 40.339499312402296], [115.53838666231928, 40.339497824921786], [115.53838277435823, 40.33967795162029], [115.53850047273207, 40.33967943911021], [115.53849464119394, 40.33994962916095], [115.53861234004577, 40.33995111654528], [115.5386103963386, 40.34004117989727], [115.53872809535557, 40.3400426671666], [115.5387183774703, 40.340492983927795], [115.5388360772781, 40.340494471100925], [115.53882441646495, 40.34103485119362], [115.53858901498111, 40.34103187667114], [115.53858318351769, 40.34130206666919], [115.53870088472448, 40.34130355400442], [115.53869699735118, 40.34148368067179], [115.53881469887959, 40.3414851678967], [115.53880886822317, 40.34175535790074], [115.5389265702296, 40.34175684502005], [115.53892268339433, 40.341936971691396], [115.53868727876456, 40.341933997314214], [115.53868533502093, 40.34202406063826], [115.53856763256279, 40.34202257326537], [115.53855985687491, 40.34238282652782], [115.53867755995876, 40.34238431391953], [115.53866395326241, 40.34301475710463], [115.53878165745004, 40.34301624440957], [115.53876805141911, 40.34364668755487], [115.53865034613642, 40.34364520021698], [115.53864840222622, 40.343735263512805], [115.53829528596147, 40.343730800766615]], [[115.54230947741694, 40.33774557815419], [115.54242717263895, 40.337747061590186], [115.54242911111368, 40.337656998049184], [115.54231141604807, 40.33765551461788], [115.54230947741694, 40.33774557815419]], [[115.54243298803691, 40.33747687096269], [115.54255068279845, 40.337478354264896], [115.54255262109058, 40.337388290714735], [115.5424349264854, 40.33738680741722], [115.54243298803691, 40.33747687096269]], [[115.54232692478227, 40.33693500627388], [115.54244461859678, 40.336936489667615], [115.54244655699283, 40.33684642611323], [115.5423288633347, 40.33684494272419], [115.54232692478227, 40.33693500627388]], [[115.54197578241288, 40.336840491838835], [115.54209347604473, 40.336841975586985], [115.5420954149012, 40.336751912045216], [115.54244849538011, 40.33675636255738], [115.54245043375866, 40.336666299000036], [115.54256812711274, 40.33666778225999], [115.54257006532617, 40.33657771869646], [115.54268775853262, 40.33657920183203], [115.54268969658092, 40.33648913826232], [115.54257200353088, 40.336487655131464], [115.54257394172683, 40.33639759156497], [115.5424562488419, 40.3363961083191], [115.54245818718547, 40.33630604475583], [115.5421051090523, 40.3363015943141], [115.54210704785628, 40.33621153076342], [115.54198935531909, 40.336210047048134], [115.5419854773896, 40.33639017413862], [115.5418677845484, 40.336388690294235], [115.54186196711944, 40.336658880904736], [115.54197966042982, 40.336660364763205], [115.54197578241288, 40.336840491838835]], [[115.54598123818084, 40.336710744727306], [115.54609893179688, 40.336712224396145], [115.54610086531879, 40.33662216069195], [115.54598317185915, 40.33662068102781], [115.54598123818084, 40.336710744727306]]]}}, {"type": "Feature", "properties": {"year": 2025, "water_area_km2": 0.0076}, "geometry": {"type": "Polygon", "coordinates": [[[115.55444707947971, 40.33168185160887], [115.5544490015604, 40.33159178749327], [115.55421363125812, 40.331588845334835], [115.55421747601888, 40.33140871711783], [115.55409979119345, 40.331407245868405], [115.55410363623218, 40.33122711765476], [115.55398595172811, 40.33122564629497], [115.55398787439081, 40.33113558219059], [115.55410555873856, 40.33113705354573], [115.55410940372526, 40.3309569253232], [115.554227087769, 40.33095839654934], [115.55422901009298, 40.330868332431194], [115.55411132620564, 40.33086686120971], [115.55411324867731, 40.330776797094735], [115.55423093240833, 40.33077826831156], [115.55423477701301, 40.330598140067856], [115.55435246044001, 40.3305996111557], [115.55435438257302, 40.330509547026956], [115.55494279905643, 40.33051690064766], [115.55494087770514, 40.33060696479968], [115.55505856118415, 40.33060843516944], [115.55505663998053, 40.33069849932461], [115.55517432362456, 40.330699969579335], [115.55517240256862, 40.33079003373769], [115.55529008637765, 40.330791503877386], [115.55528624455245, 40.33097163219896], [115.55516856043072, 40.33097016204994], [115.55517048150402, 40.33088009789456], [115.55481742965989, 40.33087568674341], [115.55480590027607, 40.33141607156972], [115.5546882154073, 40.331414600918706], [115.55468437189734, 40.33159472917296], [115.55456668672453, 40.331593258392964], [115.55456476480019, 40.331683322513214], [115.55444707947971, 40.33168185160887]]]}}, {"type": "Feature", "properties": {"year": 2025, "water_area_km2": 0.0227}, "geometry": {"type": "Polygon", "coordinates": [[[115.55953053980129, 40.33066422053677], [115.5595324550553, 40.330574156203525], [115.55929708776105, 40.33057122444935], [115.55930091886854, 40.330391095797], [115.55883018563442, 40.33038523088961], [115.55883210180058, 40.330295166579766], [115.55847905243473, 40.330290766656525], [115.55848096906124, 40.33020070235913], [115.55836328611291, 40.33019923548333], [115.55836520288713, 40.330109171189086], [115.5581298373291, 40.33010623708774], [115.55813175440734, 40.33001617280131], [115.55801407179763, 40.33001470557576], [115.55801790624085, 40.32983457700774], [115.55790022395246, 40.329833109671796], [115.55790214131743, 40.32974304539022], [115.55766677707922, 40.3297401103686], [115.55767061240856, 40.32955998181955], [115.55755293061512, 40.32955851413851], [115.55755484842312, 40.32946844986641], [115.55790789336044, 40.32947285253655], [115.55790981069083, 40.32938278824903], [115.55802749219755, 40.32938425556175], [115.55802940936296, 40.329294191268104], [115.55920622334241, 40.32930885776667], [115.55920430774034, 40.32939892210674], [115.5594396709526, 40.32940185397962], [115.55943775565453, 40.32949191832749], [115.55979080100668, 40.329496315253174], [115.55978888616896, 40.329586379613474], [115.56002425009292, 40.32958931030815], [115.56002616461797, 40.32949924593857], [115.56014384643659, 40.329500711101765], [115.56014576079664, 40.32941064672606], [115.56049880583525, 40.32941504148366], [115.5604930641361, 40.32968523464804], [115.56061074630189, 40.32968669934179], [115.56060309120753, 40.3300469568921], [115.5604854084164, 40.33004549217979], [115.56048158050474, 40.33022562093678], [115.56012853124511, 40.33022122605399], [115.56013044567425, 40.330131161690154], [115.56024812859583, 40.33013262676613], [115.56025004286002, 40.33004256239616], [115.56013236009477, 40.33004109732484], [115.56013427450667, 40.32995103295802], [115.55989890931475, 40.32994810246559], [115.55989699459019, 40.33003816682312], [115.55977931185087, 40.33003670139276], [115.55977165224093, 40.33039695878949], [115.56000701897892, 40.330399889567666], [115.56000318974749, 40.33058001827569], [115.55976782238412, 40.330577087478964], [115.55976590744278, 40.3306671518215], [115.55953053980129, 40.33066422053677]]]}}, {"type": "Feature", "properties": {"year": 2025, "water_area_km2": 0.0121}, "geometry": {"type": "Polygon", "coordinates": [[[115.53897097127675, 40.32878473607528], [115.53897291373208, 40.32869467253303], [115.53850219652443, 40.32868872510979], [115.5385041395963, 40.32859866158486], [115.53838646047261, 40.328597174434584], [115.53838840369201, 40.3285071109129], [115.53827072473342, 40.328505623647665], [115.53827266810038, 40.328415560129194], [115.53815498930685, 40.328414072749005], [115.53816081982409, 40.32814388219883], [115.53804314150828, 40.32814239471309], [115.5380470287886, 40.32796226768162], [115.53816470679178, 40.32796375515795], [115.53816665026245, 40.327873691635304], [115.53863736173753, 40.32787964032511], [115.53863930457419, 40.32778957678214], [115.53899233780358, 40.32779403702889], [115.53899039543586, 40.32788410058598], [115.53934342921302, 40.327888559769846], [115.53934148730546, 40.32797862333957], [115.53969452163038, 40.32798308146056], [115.53969258018304, 40.328073145042914], [115.53981025846518, 40.32807463084861], [115.53980055187864, 40.32852494876162], [115.5396828728149, 40.32852346293241], [115.53967898980636, 40.32870359007781], [115.53932595172981, 40.32869913184393], [115.53932400974345, 40.3287891954003], [115.53897097127675, 40.32878473607528]]]}}, {"type": "Feature", "properties": {"year": 2025, "water_area_km2": 0.1825}, "geometry": {"type": "Polygon", "coordinates": [[[115.5552977699241, 40.330431247216474], [115.55529969078904, 40.330341183047544], [115.55518200776172, 40.33033971293111], [115.55518392877433, 40.33024964876534], [115.55530161164533, 40.330251118877115], [115.55530353249296, 40.33016105470523], [115.55542121521627, 40.33016252469267], [115.5554231358989, 40.330072460514636], [115.55554081847457, 40.33007393037775], [115.55554465950114, 40.32989380200792], [115.5556623417728, 40.32989527174206], [115.55566426211678, 40.32980520755027], [115.55554658000146, 40.32980373782078], [115.55555042097608, 40.329623609442066], [115.55566810277871, 40.32962507916225], [115.55568922580026, 40.32863437292208], [115.55557154571721, 40.32863290325307], [115.55556962532951, 40.32872296745949], [115.55545194509881, 40.32872149766616], [115.55545002454613, 40.32881156186643], [115.55533234416778, 40.32881009194877], [115.55533042345009, 40.32890015614291], [115.55521274292407, 40.32889868610093], [115.55521082204139, 40.328988750288936], [115.55474009939864, 40.328982868905655], [115.55473817788199, 40.32907293307356], [115.55462049708663, 40.3290714624239], [115.55461857540499, 40.32916152658567], [115.554500894462, 40.32916005581169], [115.55449705076006, 40.32934018412146], [115.55437936951306, 40.32933871321848], [115.55437168137985, 40.32969896980163], [115.55413631766122, 40.32969602759941], [115.55413439529356, 40.32978609173217], [115.55378134931162, 40.329781677517296], [115.55378519497621, 40.329601549278216], [115.55366751331225, 40.32960007764322], [115.55366943628788, 40.329510013526125], [115.55414016237047, 40.32951589932943], [115.5541420847121, 40.32942583519221], [115.55402440333476, 40.32942436392556], [115.55402632582407, 40.32933429979151], [115.5536732822131, 40.32932988528747], [115.5536790510359, 40.32905969291836], [115.55379673176188, 40.32906116452542], [115.55379480898594, 40.329151228654595], [115.55391248987695, 40.32915270014663], [115.55391441249657, 40.32906263601279], [115.5540320932399, 40.329064107380496], [115.5540340156945, 40.32897404324052], [115.55415169629018, 40.328975514483886], [115.55416322989778, 40.32843512958498], [115.55404555024006, 40.32843365836955], [115.55404362783747, 40.328523722518426], [115.55392594803207, 40.32852225117866], [115.55392979314121, 40.32834212288876], [115.553576754715, 40.32833770817941], [115.55357290866792, 40.32851783644136], [115.55345522889723, 40.328516364622914], [115.55345138250281, 40.32869649286962], [115.55309834230484, 40.32869207666831], [115.55309641862564, 40.32878214077546], [115.55297873842066, 40.32878066846435], [115.55297296686204, 40.329050860762926], [115.55285528619677, 40.32904938831816], [115.55284759003851, 40.329409644676865], [115.5527299087566, 40.32940817209378], [115.552727984539, 40.32949823617509], [115.55261030310946, 40.32949676346767], [115.55260645433559, 40.329676891616515], [115.552253409161, 40.329672472748236], [115.55225533402127, 40.32958240868854], [115.55178460786867, 40.32957651520736], [115.55178268238308, 40.3296665792484], [115.55166500071032, 40.32966510557425], [115.5516630750597, 40.32975516960914], [115.55142771142755, 40.32975222189249], [115.55142385947495, 40.329932349939156], [115.55130617735922, 40.32993087589198], [115.5513100296245, 40.329750747854646], [115.55119234783017, 40.329749273697125], [115.55119042154551, 40.32983933771187], [115.5509550576702, 40.32983638902847], [115.55095313106423, 40.329926453032414], [115.55083544898326, 40.329924978506526], [115.55083352221227, 40.33001504250429], [115.55071583998367, 40.33001356785407], [115.55071776691102, 40.32992350386097], [115.55060008484742, 40.329922029095734], [115.5506039389887, 40.3297419011144], [115.55036857551296, 40.32973895124357], [115.5503705028832, 40.32964888726003], [115.5502528213147, 40.32964741214976], [115.55025474883261, 40.329557348169395], [115.55049011166565, 40.329560298260894], [115.55049203886217, 40.32947023426971], [115.55037435759765, 40.32946875928845], [115.55037628494182, 40.329378695300456], [115.55014092275148, 40.32937574498828], [115.55013899509467, 40.329465808966944], [115.55002131385622, 40.329464333626674], [115.5500097467946, 40.33000471743951], [115.54989206462686, 40.330003241951545], [115.5498959206615, 40.3298231140292], [115.54977823881511, 40.32982163843091], [115.54978016697572, 40.329731574472184], [115.54966248529435, 40.32973009875889], [115.54966441360263, 40.329640034803354], [115.54954673208628, 40.32963855897505], [115.54954480362171, 40.3297286229259], [115.54895639538886, 40.32972124196586], [115.54896025387264, 40.32954111410938], [115.54884257256482, 40.32953963756769], [115.54884450194997, 40.329449573641895], [115.54896218310147, 40.32945105017891], [115.548966041533, 40.329270922313526], [115.54920140323674, 40.32927387500983], [115.54920718988085, 40.329003683172594], [115.54932487027679, 40.329005159327224], [115.5493287276834, 40.328825031418965], [115.54944640777539, 40.32882650744459], [115.54945026483453, 40.32864637952105], [115.54956794462258, 40.32864785541765], [115.54956987298279, 40.32855779144898], [115.55004059159663, 40.328563693819966], [115.55003866386171, 40.32865375780731], [115.55015634369323, 40.32865523310556], [115.55015441610595, 40.32874529709608], [115.5503897761077, 40.328748247342894], [115.55038784882439, 40.32883831134128], [115.55085856955752, 40.3288442104175], [115.55086242286488, 40.328664082381906], [115.55074474298121, 40.32866260780168], [115.5507466697782, 40.328572543786315], [115.55086434950555, 40.32857401836187], [115.55086820276081, 40.32839389031737], [115.5507505233461, 40.32839241575117], [115.55075437687924, 40.328212287710066], [115.5508720559813, 40.328213762266934], [115.5508701293754, 40.3283038262929], [115.55098780864246, 40.32830530073477], [115.55099358796515, 40.328035108638446], [115.55122894558744, 40.32803805713519], [115.55122701946787, 40.3281281211781], [115.55134469844836, 40.32812959525163], [115.55134855036619, 40.32794946715497], [115.55170158642187, 40.327953888629565], [115.55169966093628, 40.32804395269263], [115.55158198208603, 40.32804247898276], [115.55158005643541, 40.328132543039686], [115.55181541445721, 40.32813549034905], [115.55182311575699, 40.32777523407517], [115.55205847256298, 40.32777818086855], [115.55205654756368, 40.327868244948576], [115.55217422613602, 40.32786971817044], [115.55217037642403, 40.32804984633536], [115.55228805531769, 40.32805131944688], [115.552286130605, 40.32814138353177], [115.55252148873096, 40.32814432940513], [115.55251956432222, 40.328234393497866], [115.55263724355454, 40.32823586625969], [115.55263916780697, 40.32814580216229], [115.55310988419778, 40.32815169199426], [115.55311180781624, 40.32806162787672], [115.55346484473148, 40.3280660439802], [115.5534609984238, 40.328246172241734], [115.55357867772553, 40.3282476440462], [115.55358060072739, 40.328157579911505], [115.55381595904424, 40.32816052315212], [115.55381403635502, 40.32825058729613], [115.5540493950192, 40.328253530067364], [115.55405131739577, 40.32816346591405], [115.55416899658455, 40.3281649371155], [115.55417284099903, 40.327984808795115], [115.55429051988385, 40.327986279867595], [115.55430012998677, 40.327535959017375], [115.55418245188358, 40.32753448796818], [115.55418629617668, 40.32735435962703], [115.55430397396727, 40.3273558306669], [115.55430589594454, 40.327265766489454], [115.55418821831026, 40.32726429545422], [115.55419206255135, 40.327084167104175], [115.55442741720331, 40.32708710903633], [115.55442357358746, 40.327267237405], [115.55465892889934, 40.32727017887713], [115.55466085039899, 40.327180114684225], [115.55513156050152, 40.32718599617386], [115.55513348136724, 40.327095931960855], [115.55525115875818, 40.327097402029445], [115.55525307945895, 40.32700733781031], [115.55513540222428, 40.32700586774637], [115.55513924391242, 40.32682573931294], [115.55478621319826, 40.32682132843105], [115.55478813449827, 40.326731264226076], [115.55490581123802, 40.32673273463505], [115.55490773237305, 40.32664267042394], [115.55502540896512, 40.32664414070858], [115.55502732993519, 40.32655407649135], [115.55455662424401, 40.32654819465338], [115.55455854583063, 40.32645813045326], [115.55467622208411, 40.32645960108759], [115.55467814350577, 40.326369536881344], [115.55491349572611, 40.32637247778172], [115.55491541682647, 40.32628241356467], [115.55432703712214, 40.326275060439556], [115.55432895899536, 40.3261849962443], [115.5544466347626, 40.326186467103994], [115.55444855647086, 40.3260964029026], [115.55433088085992, 40.326094932047575], [115.55433280271582, 40.326004867849356], [115.55445047817044, 40.326006338699734], [115.55445239986138, 40.32591627449538], [115.55457007516836, 40.32591774522144], [115.5545719966943, 40.32582768101094], [115.55480734702168, 40.325830622094784], [115.55480926822638, 40.3257405578735], [115.55492694324674, 40.32574202823126], [115.55492502219836, 40.32583209245721], [115.55504269738371, 40.32583356269997], [115.55504077648295, 40.32592362692908], [115.55527612719224, 40.32592656706495], [115.55527228599, 40.326106695537334], [115.55538996167024, 40.32610816543507], [115.55538804121242, 40.3261982296737], [115.55550571705763, 40.32619969945643], [115.55550763735914, 40.326109635213164], [115.55562531305672, 40.32611110487158], [115.55562147275762, 40.32629123336595], [115.55585682480397, 40.32629417234242], [115.55585490495405, 40.32638423659668], [115.5562079335574, 40.326388644177854], [115.55620601416777, 40.32647870844459], [115.5563236905425, 40.32648017740364], [115.55632560977585, 40.32639011313226], [115.55656096223868, 40.32639305068208], [115.55655904331795, 40.32648311496276], [115.55667671971867, 40.32648458356282], [115.55667480094557, 40.32657464784666], [115.55679247751125, 40.3265761163317], [115.55679055888581, 40.32666618061872], [115.55690823561646, 40.32666764898875], [115.55691015408557, 40.3265775846971], [115.55714550726017, 40.32658052106887], [115.55714742540802, 40.32649045676643], [115.55726510185198, 40.32649192476817], [115.55727469167991, 40.32604160321053], [115.557392367351, 40.32604307106937], [115.55739428513432, 40.32595300674874], [115.55774731173058, 40.325957409593386], [115.55775114633346, 40.32577728091982], [115.55845719788375, 40.32578608332252], [115.55845911423444, 40.325696018955654], [115.55857678936675, 40.32569748559931], [115.55857870555248, 40.32560742122632], [115.55881405553048, 40.32561035414539], [115.55881597139495, 40.325520289761634], [115.55905132109488, 40.32552322219277], [115.55905323663814, 40.32543315779824], [115.55952393551648, 40.325439021206044], [115.55952585042589, 40.32534895679148], [115.5597611996043, 40.32535188776815], [115.5597592850075, 40.32544195219199], [115.55987695976594, 40.325443417505475], [115.55987887420643, 40.325353353077], [115.56023189806471, 40.325357748285576], [115.56023381202766, 40.32526768384171], [115.56046916099707, 40.32527061337319], [115.56046724734671, 40.32536067782635], [115.56058492200064, 40.325362142417234], [115.56058109498665, 40.32554227132837], [115.5604634200201, 40.325540806728206], [115.56046150634383, 40.325630871176905], [115.5605791814667, 40.3256323357817], [115.56057344085504, 40.32590252913283], [115.56080879206448, 40.32590545801126], [115.56080687882259, 40.32599552246795], [115.56092455459655, 40.325996986732314], [115.56092646768212, 40.32590692227099], [115.56104414330841, 40.32590838641105], [115.56104223037914, 40.325998450877], [115.56115990617035, 40.32599991490203], [115.56115799338879, 40.32608997937115], [115.56127566934492, 40.32609144328116], [115.5612718440685, 40.32627157222418], [115.56138952034588, 40.326273036023785], [115.56138187031478, 40.3266332939106], [115.56126419341217, 40.326631830092445], [115.56126228072651, 40.32672189455582], [115.56102692663453, 40.32671896655127], [115.56102501362763, 40.32680903100388], [115.56055430492198, 40.32680317354025], [115.5605523912812, 40.32689323797285], [115.56019935937363, 40.326888843604735], [115.56020127348334, 40.326798779186056], [115.56008359635439, 40.32679731416199], [115.56008168208838, 40.32688737857603], [115.55984632754377, 40.326884448159625], [115.55984824212241, 40.32679438375487], [115.55973056501936, 40.3267929183718], [115.5597324797457, 40.326702853970204], [115.55961480280762, 40.32670138847211], [115.55961288792497, 40.32679145286909], [115.55937753376207, 40.326788521504646], [115.55937561855818, 40.32687858589085], [115.55925794133337, 40.32687712002449], [115.55925602596454, 40.32696718440459], [115.558902993873, 40.326962786073594], [115.55889916217153, 40.32714291480148], [115.55842845158664, 40.32713704864771], [115.55843036806695, 40.327046984303074], [115.55831269059865, 40.32704551747011], [115.55831460722662, 40.32695545312863], [115.55796157534253, 40.326951051925676], [115.55795965824562, 40.327041116253206], [115.5578419808119, 40.32703964894158], [115.5578343117125, 40.32739990621835], [115.55759895562048, 40.32739697119894], [115.5575970380114, 40.327487035505136], [115.55747935982205, 40.32748556781127], [115.557477442048, 40.32757563211134], [115.5572420853826, 40.32757269635534], [115.55724400346931, 40.32748263206456], [115.5571263253059, 40.327481164011694], [115.55713016176597, 40.32730103543499], [115.55701248392384, 40.32729956727176], [115.55701056554183, 40.32738963155621], [115.55689288755204, 40.327388163268665], [115.55688137614032, 40.327928548916326], [115.55676369722129, 40.327927080481224], [115.55676177846608, 40.328017144746], [115.55664409939938, 40.32801567618659], [115.55663642366665, 40.328375933212264], [115.55651874398333, 40.32837446451458], [115.55651298662396, 40.32864465725432], [115.55663066677624, 40.32864612596595], [115.55662874779547, 40.32873619021422], [115.55651106748682, 40.32873472149794], [115.55650339085186, 40.32909497845758], [115.55662107178578, 40.32909644719245], [115.55661531468766, 40.32936663991057], [115.55673299609921, 40.32936810853971], [115.55672915830318, 40.32954823702033], [115.55661147657894, 40.32954676838189], [115.5566095575116, 40.32963683261534], [115.55672723939217, 40.32963830125843], [115.55672340154422, 40.32981842973015], [115.5564880371664, 40.3298154923057], [115.55648611791679, 40.329905556530036], [115.55660380025768, 40.32990702530676], [115.55660188115574, 40.329997089534274], [115.55719029377178, 40.330004431645925], [115.55718837544286, 40.33009449589518], [115.55695301005781, 40.33009155940027], [115.55695109140756, 40.33018162363876], [115.55624499452206, 40.33017281125382], [115.55624307492513, 40.330262875462935], [115.55565466031031, 40.3302555284944], [115.55565273992305, 40.33034559267877], [115.55541737382505, 40.3303426530443], [115.55541545311642, 40.33043271721788], [115.5552977699241, 40.330431247216474]], [[115.55085664289078, 40.32893427443307], [115.5509743232521, 40.32893574890762], [115.55097624976253, 40.328845684887376], [115.55085856955752, 40.3288442104175], [115.55085664289078, 40.32893427443307]], [[115.5510939299762, 40.328847159237576], [115.55121161019859, 40.328848633468105], [115.55121353638768, 40.32875856943704], [115.5510958563216, 40.328757095211174], [115.5510939299762, 40.328847159237576]], [[115.55524731733071, 40.32727753046327], [115.55583570597865, 40.327284879057764], [115.55583762591516, 40.327194814818334], [115.55607298112233, 40.327197753409166], [115.55607490073753, 40.327107689158936], [115.55619257819778, 40.3271091582702], [115.55619449764804, 40.32701909401385], [115.55642985228191, 40.32702203186808], [115.55643177141087, 40.326931967600956], [115.556078739942, 40.32692756065405], [115.5560768203441, 40.32701762490724], [115.55595914304882, 40.327016155680965], [115.55595722328593, 40.327106219928005], [115.555839545843, 40.32710475057742], [115.55584146576219, 40.32701468633501], [115.55572378848422, 40.327013216869396], [115.55572570855105, 40.32692315263017], [115.55560803143806, 40.32692168304955], [115.5556061112149, 40.327011747284125], [115.55548843395425, 40.32701027757918], [115.55548651356612, 40.32710034180762], [115.55536883615784, 40.32709887197836], [115.55536691560474, 40.327188936200685], [115.5552492380488, 40.3271874662471], [115.55524731733071, 40.32727753046327]], [[115.55607106149844, 40.3272878176579], [115.55618873927132, 40.327289286778466], [115.55619065873888, 40.327199222525074], [115.55607298112233, 40.327197753409166], [115.55607106149844, 40.3272878176579]]]}}, {"type": "Feature", "properties": {"year": 2025, "water_area_km2": 0.0061}, "geometry": {"type": "Polygon", "coordinates": [[[115.56457823255967, 40.325772125756096], [115.56458014077393, 40.325682061146836], [115.56446246535805, 40.3256806006105], [115.56446437372001, 40.3255905360044], [115.56434669846904, 40.32558907535302], [115.56434860697871, 40.32549901075004], [115.56446628207338, 40.325500471396786], [115.56446819041813, 40.32541040678772], [115.56458586536509, 40.32541186731018], [115.56458777354496, 40.325321802694994], [115.56447009875427, 40.325320342177164], [115.56447582371106, 40.32505014833659], [115.56459349803283, 40.32505160884056], [115.56460494677627, 40.324511221091676], [115.56448727339229, 40.324509760615435], [115.56448918164237, 40.32441969599007], [115.56460685487005, 40.324421156461675], [115.56461067103182, 40.324241027197225], [115.56472834395552, 40.32424248753995], [115.56472643603524, 40.32433255217753], [115.56496178222108, 40.324335472513226], [115.56495987460478, 40.324425537158575], [115.56484220135127, 40.32442407704593], [115.56484029357007, 40.32451414168517], [115.56495796697986, 40.32451560180244], [115.56495415170424, 40.32469573108573], [115.56483647798184, 40.32469427095923], [115.56483266235922, 40.32487440022734], [115.56495033639423, 40.32487586036309], [115.56494461336464, 40.325146054268025], [115.56482693886078, 40.3251445941184], [115.56482503101073, 40.32523465874579], [115.56470735635914, 40.32523319847189], [115.56470544834421, 40.32532326309318], [115.56541149732054, 40.32533202296942], [115.56540577603754, 40.32560221690758], [115.56517042540654, 40.325599297399755], [115.5651685179824, 40.32568936203359], [115.5646978161984, 40.32568352156351], [115.56469590814045, 40.325773586177384], [115.56457823255967, 40.325772125756096]], [[115.56493698253811, 40.325506312787184], [115.5651723328221, 40.325509232764404], [115.56517424022904, 40.3254191681276], [115.56493889025764, 40.32541624815962], [115.56493698253811, 40.325506312787184]]]}}, {"type": "Feature", "properties": {"year": 2025, "water_area_km2": 0.2972}, "geometry": {"type": "Polygon", "coordinates": [[[115.54296239267838, 40.32928553051375], [115.54296432986249, 40.329195466819144], [115.54261128870628, 40.32919101856715], [115.5426132263506, 40.32910095488516], [115.54249554613901, 40.329099471899845], [115.54249360833836, 40.32918953557715], [115.54190520662986, 40.32918211883203], [115.54190714521214, 40.3290920551782], [115.54167178490258, 40.32908908765183], [115.54167372378876, 40.32899902400592], [115.54143836382683, 40.32899605601027], [115.5414403030169, 40.32890599237224], [115.54132262320539, 40.3289045081996], [115.54132456254304, 40.32881444456481], [115.54120688289659, 40.32881296027719], [115.5412049434026, 40.3289030239073], [115.54108726360859, 40.32890153949533], [115.54108920325889, 40.32881147586991], [115.54097152362992, 40.32880999134297], [115.54097540321693, 40.32862986409711], [115.54085772390935, 40.32862837945989], [115.54085966384606, 40.32853831583944], [115.54074198470356, 40.32853683108724], [115.54074392478782, 40.32844676746999], [115.54062624581039, 40.32844528260283], [115.54063788707015, 40.327904900896414], [115.54075556510968, 40.32790638573537], [115.54075944514699, 40.32772625847862], [115.54087712288263, 40.32772774318852], [115.54088100257229, 40.32754761591644], [115.54099868000405, 40.32754910049727], [115.541004499004, 40.32727890956392], [115.54112217597562, 40.327280394010984], [115.54112605495254, 40.32710026670526], [115.54124373162027, 40.32710175102327], [115.5412476102496, 40.32692162370222], [115.54136528661347, 40.32692310789117], [115.54137110402296, 40.326652916884356], [115.54148877992664, 40.326654400939546], [115.54149265784329, 40.32647427358487], [115.54161033344312, 40.32647575751101], [115.54161808854629, 40.32611550276504], [115.54173576352963, 40.32611698655273], [115.54174157929631, 40.32584679546358], [115.54150623027614, 40.32584382779673], [115.54150816916014, 40.325753764106764], [115.5413904948195, 40.32575228009855], [115.54139437287384, 40.32557215272358], [115.54127669885452, 40.325570668605096], [115.54128251633936, 40.325300477545596], [115.5414001898898, 40.325301961649984], [115.54140212887764, 40.32521189795581], [115.5415198022805, 40.32521338193585], [115.54152174110331, 40.325123318235505], [115.54140406785672, 40.325121834260166], [115.54141182368559, 40.32476157946273], [115.54152949630704, 40.32476306341928], [115.54153337385644, 40.324582936002265], [115.54165104617402, 40.32458441982977], [115.54165492337587, 40.32440429239743], [115.54177259538963, 40.32440577609589], [115.54177453382115, 40.32431571237278], [115.54189220568738, 40.32431719594689], [115.54189414395385, 40.32422713221762], [115.54201181567254, 40.32422861566739], [115.54201375377401, 40.324138551931924], [115.54213142534513, 40.32414003525735], [115.54213336328158, 40.32404997151571], [115.54248637757853, 40.324054420759964], [115.54248250263464, 40.32423454826993], [115.54260017439701, 40.32423603112142], [115.54259823706822, 40.32432609487886], [115.54283358093174, 40.32432906023232], [115.54283164390682, 40.32441912399767], [115.54294931600798, 40.32442060649961], [115.54295125287662, 40.324330542729555], [115.54306892483022, 40.32433202510715], [115.54307086153383, 40.324241961330934], [115.54318853333989, 40.32424344358419], [115.5431904698785, 40.3241533798018], [115.54330814153698, 40.32415486193071], [115.54331007791059, 40.32406479814214], [115.54342774942154, 40.324066280146695], [115.5434296856301, 40.323976216351966], [115.54354735699349, 40.32397769823218], [115.54355122907185, 40.32379757062887], [115.54366890013142, 40.32379905238005], [115.54367470771464, 40.32352886094988], [115.54391004892226, 40.32353182406518], [115.5439119844533, 40.32344176024277], [115.54414732538326, 40.32344472287011], [115.54414539016477, 40.323534786701885], [115.544498402094, 40.32353922975956], [115.54449646733565, 40.32362929360393], [115.54461413815244, 40.32363077438855], [115.54461220354163, 40.32372083823611], [115.544847545514, 40.32372379945578], [115.54484367689132, 40.32390392716519], [115.54507901952374, 40.323906887925], [115.54507708551188, 40.32399695178686], [115.54519475699745, 40.323998431991974], [115.54519282313316, 40.32408849585703], [115.54531049478372, 40.324089975947174], [115.545308561067, 40.324180039815445], [115.54554390470689, 40.32418299964615], [115.54554197129401, 40.32427306352229], [115.54565964328332, 40.32427454326286], [115.545657710018, 40.32436460714221], [115.54589305433538, 40.324367566273736], [115.54589112137394, 40.32445763016097], [115.54612646603873, 40.324460588823264], [115.54612453338113, 40.324550652718365], [115.54635987839337, 40.32455361091141], [115.54635794603966, 40.324643674814396], [115.54647561871515, 40.32464515373612], [115.546473686509, 40.324735217642306], [115.54670903219869, 40.32473817513615], [115.54670710029642, 40.32482823905022], [115.54682477331062, 40.324829717622336], [115.54682284155594, 40.3249197815396], [115.54705818792306, 40.32492273833424], [115.54705625647225, 40.325012802259366], [115.54729160318682, 40.32501575858473], [115.54728967203987, 40.325105822517756], [115.5474073455665, 40.325107300505636], [115.54740541456714, 40.32519736444184], [115.54752308825879, 40.32519884231475], [115.54751922654653, 40.32537897019207], [115.54763690055948, 40.32538044795468], [115.54763496984658, 40.325470511895794], [115.54751729567734, 40.32546903412851], [115.54751150301752, 40.32573922592893], [115.5473938283881, 40.32573774802795], [115.54739189732778, 40.325827811953786], [115.54727422255077, 40.325826333928475], [115.54727036009139, 40.32600646176632], [115.54715268501046, 40.326004983612], [115.54714882220365, 40.326185111434555], [115.54703114681884, 40.32618363315122], [115.54702921524607, 40.32627369705558], [115.54691153971368, 40.3262722186479], [115.54690960797588, 40.32636228254611], [115.54679193229589, 40.32636080401409], [115.54678613656131, 40.32663099568577], [115.54666846042113, 40.32662951702005], [115.54665300349508, 40.32735002804183], [115.54688835828513, 40.327352985328496], [115.54689029011875, 40.3272629214466], [115.54700796737053, 40.32726439990576], [115.54700989903914, 40.327174336017706], [115.54712757614331, 40.32717581435252], [115.54712950764691, 40.32708575045831], [115.54724718460348, 40.32708722866878], [115.54724911594205, 40.32699716476839], [115.54736679275102, 40.32699864285452], [115.54736872392456, 40.326908578947986], [115.54748640058595, 40.32691005690978], [115.54748833159448, 40.326819992997066], [115.54760600810826, 40.32682147083451], [115.54760793895177, 40.326731406915634], [115.54772561531797, 40.32673288462875], [115.54772754599647, 40.32664282070372], [115.54784522221505, 40.32664429829249], [115.54784908323329, 40.326464170428636], [115.54796675914798, 40.32646564788838], [115.54796868948773, 40.32637558394955], [115.54785101372937, 40.326374106494484], [115.54786066607912, 40.32592378680148], [115.54797834105598, 40.325925264233156], [115.54798220162233, 40.32574513633622], [115.54809987629528, 40.3257466136389], [115.54810373651422, 40.32556648572667], [115.54822141088329, 40.32556796290034], [115.54822334082338, 40.32547789893732], [115.54834101504488, 40.32547937598665], [115.54834294481998, 40.325389312017485], [115.54846061889386, 40.325390788942485], [115.54846254850398, 40.32530072496714], [115.54869789636527, 40.325303678448826], [115.54869982565407, 40.32521361446266], [115.54881749944147, 40.325215091019345], [115.5488194285653, 40.32512502702703], [115.5489371022051, 40.32512650345938], [115.54893903116391, 40.325036439460895], [115.54905670465611, 40.325037915768924], [115.54906056223508, 40.32485778775817], [115.54917823542341, 40.32485926393719], [115.54918016404355, 40.324769199924916], [115.54929783708427, 40.32477067597961], [115.5492997655394, 40.324680611961185], [115.54953511133435, 40.32468356370226], [115.54953703946823, 40.32459349967301], [115.54977238498539, 40.32459645092613], [115.54977431279796, 40.32450638688606], [115.54989198541331, 40.32450786232845], [115.54989391306091, 40.32441779828222], [115.55001158552865, 40.3244192736003], [115.55001351301127, 40.32432920954792], [115.5501311853314, 40.324330684741675], [115.55013311264905, 40.32424062068315], [115.55025078482157, 40.32424209575258], [115.55025271197425, 40.32415203168789], [115.55037038399918, 40.324153506632996], [115.55037231098686, 40.32406344256217], [115.5504899828642, 40.32406491738296], [115.55049190968693, 40.32397485330596], [115.55060958141667, 40.323976328002445], [115.55061150807441, 40.32388626391929], [115.55072917965656, 40.32388773849145], [115.55073110614931, 40.32379767440216], [115.55096644902711, 40.32380062317818], [115.55096837519861, 40.32371055907807], [115.55120371779859, 40.32371350736617], [115.55120564364881, 40.32362344325523], [115.55132331480556, 40.323624917215135], [115.55132524049081, 40.32353485309805], [115.55144291149995, 40.32353632693364], [115.55144483702027, 40.32344626281042], [115.5515625078818, 40.3234477365217], [115.55156443323713, 40.32335767239231], [115.55168210395105, 40.323359145979275], [115.55168402914144, 40.323269081843755], [115.55191937028279, 40.3232720286494], [115.55192129515191, 40.32318196450307], [115.55215663601543, 40.32318491082081], [115.55215856056331, 40.32309484666365], [115.55227623085182, 40.323096319638374], [115.55227815523475, 40.32300625547509], [115.5525134955252, 40.323009201056266], [115.5525154195869, 40.32291913688218], [115.55263308958887, 40.32292060948863], [115.5526350134856, 40.32283054530839], [115.55287035320303, 40.32283349015304], [115.55287227677853, 40.322743425961995], [115.55298994649397, 40.3227448982002], [115.55299186990453, 40.322654834003025], [115.55322720904887, 40.32265777811114], [115.55322913213821, 40.32256771390316], [115.55334680156712, 40.3225691857731], [115.5533487244915, 40.322479121558956], [115.5534663937728, 40.322480593304576], [115.55346831653222, 40.32239052908432], [115.55382132395935, 40.32239494358936], [115.55382324624128, 40.322304879353645], [115.5541762532776, 40.322309292767905], [115.55417817508204, 40.32221922851672], [115.55511952631002, 40.32223099231978], [115.5551137646213, 40.32250118518058], [115.55499609521866, 40.32249971510999], [115.5549980159465, 40.322409650829194], [115.55488034670877, 40.32240818064362], [115.5548765049319, 40.32258830919443], [115.55475883539029, 40.3225868388799], [115.55475691433257, 40.32267690314843], [115.55452157496282, 40.322673962151114], [115.55451965358385, 40.32276402640884], [115.55381363474493, 40.32275520051744], [115.55381171241963, 40.32284526474575], [115.55369404248721, 40.32284379334043], [115.553692119997, 40.322933857562596], [115.55357444991697, 40.322932386032974], [115.55357060459794, 40.32311251446355], [115.553452934214, 40.32311104280497], [115.5534510113852, 40.323201107013375], [115.55333334085367, 40.32319963523047], [115.5533294948575, 40.32337976363352], [115.55309415319532, 40.32337681969014], [115.55309222987164, 40.323466883880116], [115.55297455889729, 40.32346541172429], [115.55297263540865, 40.32355547590813], [115.5528549642867, 40.323554003628], [115.55285304063311, 40.32364406780569], [115.55261769810262, 40.32364112287715], [115.5526157741278, 40.32373118704405], [115.55249810271928, 40.32372971439563], [115.5524961785795, 40.32381977855637], [115.55237850702339, 40.323818305783654], [115.55237658271862, 40.32390836993825], [115.55225891101492, 40.323906897041226], [115.55225698654519, 40.32399696118968], [115.5520216428512, 40.32399401502733], [115.55201971806022, 40.32408407916498], [115.55190204606998, 40.324082605899655], [115.55190012111402, 40.32417267003115], [115.55166477684698, 40.32416972313223], [115.55166285156977, 40.32425978725293], [115.55142750702487, 40.32425683986607], [115.55142558142641, 40.32434690397594], [115.55095489181569, 40.32434100774772], [115.55095296558339, 40.324431071837445], [115.55071762051756, 40.324428122996075], [115.550715693964, 40.32451818707501], [115.55048034862035, 40.324515237745686], [115.55047649486195, 40.324695365880395], [115.5502411489279, 40.324692416053786], [115.5502392217231, 40.324782480109576], [115.55000387551121, 40.324779529795016], [115.55000194798512, 40.324869593839985], [115.54976660149543, 40.32486664303747], [115.54976467364807, 40.324956707071614], [115.54952932688057, 40.32495375578113], [115.54952739871192, 40.32504381980445], [115.54940972518493, 40.32504234397505], [115.5494077968513, 40.325132407992214], [115.54917244951079, 40.325129455965104], [115.54916859219222, 40.32530958397629], [115.54905091822245, 40.325308107773914], [115.54904513171046, 40.325578299765574], [115.54916280614914, 40.32557977598198], [115.54916087745072, 40.325669839980904], [115.5492785520544, 40.325671316082314], [115.54927469494406, 40.32585144408507], [115.54915702002779, 40.32584996797429], [115.54915316257004, 40.32603009596176], [115.54868246174149, 40.32602419028474], [115.54867860299854, 40.32620431822888], [115.54856092750055, 40.32620284150112], [115.54855899795973, 40.3262929054663], [115.54844132231413, 40.32629142861421], [115.54843939260827, 40.326381492573226], [115.54832171681508, 40.3263800155968], [115.54831978694425, 40.326470079549644], [115.54820211100345, 40.32646860244889], [115.5482001809676, 40.32655866639559], [115.5480825048792, 40.326557189170494], [115.54807864446875, 40.326737317050075], [115.54796096807645, 40.32673583969595], [115.54795710731855, 40.326915967560275], [115.54783943062236, 40.326914490077144], [115.54783750007404, 40.327004554002386], [115.54771982323022, 40.32700307639492], [115.54771596179486, 40.327183204231616], [115.54759828464714, 40.32718172649512], [115.5475963537601, 40.32727179040657], [115.54747867646476, 40.327270312545735], [115.54747481435189, 40.32745044035483], [115.54735713675265, 40.327448962364976], [115.54735520552684, 40.327539026262606], [115.54723752778, 40.32753754814841], [115.54723559638919, 40.32762761203988], [115.54711791849472, 40.327626133801346], [115.54711598693888, 40.32771619768666], [115.54688063086347, 40.32771324084122], [115.54687676710037, 40.32789336858869], [115.54675908876312, 40.3278918899771], [115.54674942842128, 40.32834220929637], [115.54663174931115, 40.32834073054173], [115.54662595253252, 40.328610922101454], [115.54674363211161, 40.328612400870156], [115.54673590357673, 40.328972656281074], [115.54661822337236, 40.328971177493656], [115.54662015567546, 40.32888111364783], [115.54650247563613, 40.32887963474542], [115.54651407020972, 40.328339251667394], [115.54639639111701, 40.328337772673414], [115.54639832367177, 40.32824770882657], [115.54628064474409, 40.32824622971759], [115.546286442825, 40.32797603818218], [115.546168764375, 40.32797455896758], [115.54617263003134, 40.32779443127926], [115.54593727378274, 40.32779147250978], [115.54593920691046, 40.327701408672766], [115.54582152895556, 40.32769992911321], [115.54582346223086, 40.327609865279385], [115.54558810665985, 40.32760690581063], [115.54559004023906, 40.32751684198469], [115.54535468501554, 40.32751388204665], [115.54535661889867, 40.3274238182286], [115.54512126402268, 40.327420857821274], [115.5451231982097, 40.327330794011104], [115.54488784368121, 40.32732783313449], [115.54488397467321, 40.32750796073458], [115.5450016522457, 40.32750944124211], [115.54499971788492, 40.32759950504461], [115.54488204015611, 40.32759802453242], [115.54487817109575, 40.32777815212362], [115.54511352718735, 40.32778111304709], [115.54510965871734, 40.327961240651106], [115.54522733708887, 40.32796272094271], [115.5452254029971, 40.32805278474717], [115.54534308153367, 40.32805426492381], [115.5453392136366, 40.32823439253767], [115.5454568924945, 40.32823587260398], [115.54545302487517, 40.32841600022127], [115.54533534570463, 40.32841452014556], [115.54533341172557, 40.3285045839473], [115.54556877038802, 40.3285075439884], [115.54557070405446, 40.3284174801773], [115.54568838324245, 40.32841896001366], [115.54568451621354, 40.32859908764375], [115.54603755476776, 40.32860352646291], [115.5460356217092, 40.32869359028978], [115.54568258268597, 40.328689151456565], [115.54568064914972, 40.32877921526789], [115.54556296933643, 40.32877773541281], [115.54555910192508, 40.328957863021635], [115.54544142180788, 40.3289563830375], [115.54544335567424, 40.32886631923851], [115.54532567572207, 40.328864839139385], [115.54532180766797, 40.32904496672653], [115.54485108669597, 40.32903904509582], [115.54484915203054, 40.32912910886843], [115.54473147165302, 40.329127628156876], [115.54472953682256, 40.32921769192331], [115.54425881477445, 40.32921176786167], [115.54426075023025, 40.32912170411398], [115.54414306989636, 40.329120222804086], [115.54414694109437, 40.32894009531364], [115.54402926108187, 40.32893861389344], [115.5440273253309, 40.32902867763472], [115.54390964517081, 40.32902719609017], [115.5439115810781, 40.32893713235357], [115.54379390108308, 40.328935650694035], [115.5437900289471, 40.32911577815633], [115.54355466835791, 40.32911281445948], [115.5435527319642, 40.32920287817902], [115.5433173710973, 40.32919991399409], [115.54331543438218, 40.329289977702764], [115.54296239267838, 40.32928553051375]], [[115.54274059387987, 40.32865211929505], [115.54285827332734, 40.32865360201756], [115.54286021060659, 40.328563538317276], [115.54274253131544, 40.32856205559946], [115.54274059387987, 40.32865211929505]], [[115.5428621478771, 40.32847347461549], [115.54297982702066, 40.32847495720894], [115.54298176412613, 40.328384893500974], [115.5430994431221, 40.32838637597006], [115.54310331699418, 40.328206248540326], [115.54322099568626, 40.32820773088036], [115.54322486921075, 40.32802760343529], [115.54334254759893, 40.32802908564627], [115.54334835735122, 40.32775889445347], [115.54346603527918, 40.327760376530705], [115.54346990809107, 40.32758024905205], [115.54358758571514, 40.32758173100023], [115.54359339439854, 40.32731153975703], [115.54347571724341, 40.32731005782291], [115.5434718444839, 40.32749018531048], [115.54335416702489, 40.32748870324731], [115.54335029391784, 40.327668830719574], [115.54323261615494, 40.327667348527356], [115.54322874270031, 40.3278474759843], [115.54311106463351, 40.32784599366303], [115.54310525391712, 40.328116184823216], [115.5429875753901, 40.32811470236821], [115.54298370122285, 40.32829482979154], [115.54286602239195, 40.328293347207484], [115.5428621478771, 40.32847347461549]], [[115.54192653055402, 40.32819141855825], [115.5420442091587, 40.32819290209497], [115.54204808580953, 40.328012774743755], [115.54216576411032, 40.32801425815141], [115.5421677022663, 40.327924194468906], [115.54228538041951, 40.3279256777522], [115.54228925639266, 40.32774555037332], [115.542406934242, 40.32774703352755], [115.54241080986752, 40.32756690613337], [115.54229313233081, 40.327565422988506], [115.5422911943661, 40.32765548668165], [115.54217351668183, 40.32765400341245], [115.54216964041356, 40.327834130784915], [115.54205196242539, 40.32783264738664], [115.54205002412183, 40.327922711065945], [115.5419323459861, 40.327921227543314], [115.54192653055402, 40.32819141855825]], [[115.54359339439854, 40.32731153975703], [115.54371107156241, 40.327313021571484], [115.54371300761645, 40.3272229578161], [115.5435953306089, 40.32722147600632], [115.54359339439854, 40.32731153975703]], [[115.54465248918764, 40.327324871779204], [115.54477016643007, 40.32732635251668], [115.5447721010773, 40.327236288719085], [115.54465442399119, 40.3272348079863], [115.54465248918764, 40.327324871779204]], [[115.54525828137092, 40.3265216998695], [115.54572898494033, 40.326527619539476], [115.5457309182586, 40.326437555691044], [115.54561324250948, 40.32643607595773], [115.54561710943247, 40.3262559482658], [115.54549943400465, 40.326254468422206], [115.54550136760936, 40.326164404578684], [115.54526601709253, 40.32616144454185], [115.54526408317521, 40.326251508376004], [115.54514640777357, 40.32625002817341], [115.54514447369122, 40.32634009200138], [115.54526214924917, 40.326341572208655], [115.54525828137092, 40.3265216998695]], [[115.54467957564319, 40.32606397854354], [115.54503260083177, 40.32606842020013], [115.54503840344304, 40.325798228712486], [115.54480305424639, 40.325795267755865], [115.54480111973876, 40.3258853315772], [115.54468344499722, 40.32588385091471], [115.54467957564319, 40.32606397854354]], [[115.54342581320421, 40.32415634393997], [115.54354348488019, 40.32415782582956], [115.5435454209412, 40.32406776203162], [115.54342774942154, 40.324066280146695], [115.54342581320421, 40.32415634393997]]]}}, {"type": "Feature", "properties": {"year": 2025, "water_area_km2": 0.0123}, "geometry": {"type": "Polygon", "coordinates": [[[115.5594847713955, 40.32174491351112], [115.5594866861071, 40.32165484904042], [115.55936901794719, 40.321653383443156], [115.55937284765706, 40.32147325450659], [115.55913751198823, 40.32147032297169], [115.55913942714274, 40.321380258510466], [115.55902175947753, 40.32137879256819], [115.55901984416674, 40.321468857024776], [115.5581961696584, 40.32145859204639], [115.55819808606304, 40.321368527622305], [115.55843342128114, 40.3213714610622], [115.55843533736463, 40.321281396627334], [115.55855300483034, 40.32128286316318], [115.55855108890313, 40.32137292760268], [115.55878642417304, 40.32137586032473], [115.55878833978774, 40.32128579587594], [115.5591413422886, 40.32129019404776], [115.55914325742586, 40.32120012958356], [115.55973159431869, 40.321207457453916], [115.5597296799628, 40.3212975219413], [115.56008268267092, 40.32130191724171], [115.560084596558, 40.321211852740404], [115.56031993142737, 40.321214782333215], [115.56032184499331, 40.32112471782116], [115.56043951228469, 40.32112618243346], [115.56043759887503, 40.321216246950144], [115.56055526633128, 40.32121771144744], [115.56055909282944, 40.32103758240331], [115.56044142568572, 40.3210361179153], [115.56044333907813, 40.32094605339564], [115.56067867306167, 40.32094898224276], [115.56068058613293, 40.32085891771235], [115.56079825298139, 40.320860381951825], [115.56080016588773, 40.320770317415295], [115.56091783258853, 40.320771781530496], [115.56092165806284, 40.320591652443724], [115.56103932445976, 40.32059311643002], [115.56104123702771, 40.32050305187978], [115.56115890327698, 40.320504515741796], [115.5611569908653, 40.320594580296664], [115.56150999013364, 40.32059897117878], [115.56151190207656, 40.32050890661001], [115.56162956836033, 40.32051036999346], [115.56163148013835, 40.32042030541858], [115.56174914627445, 40.32042176867777], [115.56174341138336, 40.32069196241187], [115.56162574477842, 40.32069049913879], [115.56162383297455, 40.32078056370923], [115.56150616622199, 40.320779100311874], [115.56150234227582, 40.32095922943905], [115.56138467521936, 40.320957765912794], [115.56137893876665, 40.32122795957853], [115.56126127125, 40.32122649591872], [115.5612593589256, 40.32131656046638], [115.56090635595861, 40.32131216875522], [115.56090444315676, 40.32140223328749], [115.5605514397986, 40.32139784048565], [115.56054952651932, 40.32148790500252], [115.5603141906778, 40.321484975860486], [115.56031227707736, 40.32157504036661], [115.56007694095783, 40.32157211073673], [115.56007311310594, 40.321752239725974], [115.5594847713955, 40.32174491351112]], [[115.56091018153641, 40.32113203968625], [115.5610278488709, 40.321133503700345], [115.56102976149063, 40.32104343915899], [115.56091209431239, 40.32104197514952], [115.56091018153641, 40.32113203968625]], [[115.56091591983844, 40.32086184607165], [115.56103358670416, 40.320863310071836], [115.56103549929799, 40.320773245526055], [115.56091783258853, 40.320771781530496], [115.56091591983844, 40.32086184607165]]]}}, {"type": "Feature", "properties": {"year": 2025, "water_area_km2": 0.008}, "geometry": {"type": "Polygon", "coordinates": [[[115.55559980164776, 40.32178654979246], [115.5556132406063, 40.32115609954987], [115.5557309077082, 40.32115756895246], [115.55573474702018, 40.32097744028908], [115.55585241381817, 40.32097890956272], [115.55586201116532, 40.32052858785505], [115.55597967719066, 40.3205300569858], [115.55598543502632, 40.32025986392946], [115.55610310059153, 40.32026133292661], [115.55610693879281, 40.32008120420569], [115.55622460405417, 40.32008267307392], [115.55622844190833, 40.31990254433775], [115.55634610686585, 40.31990401307704], [115.55634802562369, 40.319813948702084], [115.5564656904336, 40.319815417317095], [115.55646952761082, 40.319635288553435], [115.55658719211685, 40.319636757039504], [115.55659102894694, 40.31945662826062], [115.55670869314912, 40.31945809661776], [115.55671061139495, 40.31936803222145], [115.55682827544953, 40.319369500454314], [115.55682443926175, 40.31954962925476], [115.55670677489466, 40.3195481610126], [115.55670102007934, 40.319818354188186], [115.55658335525214, 40.31981688581246], [115.5565756814189, 40.32017714334058], [115.55645801597532, 40.320175674826615], [115.55645034137862, 40.320535932312424], [115.55633267531864, 40.32053446366023], [115.55632691881148, 40.32080465674506], [115.55620925229138, 40.320803187959285], [115.55620157620227, 40.32116344536638], [115.55608390906575, 40.32116197644236], [115.55608007065675, 40.321342105127734], [115.55596240321637, 40.32134063607476], [115.5559585644602, 40.32152076474489], [115.55584089671592, 40.321519295562986], [115.55583705761258, 40.321699424217876], [115.55571938956444, 40.32169795490702], [115.55571746984351, 40.321788019227604], [115.55559980164776, 40.32178654979246]]]}}, {"type": "Feature", "properties": {"year": 2025, "water_area_km2": 0.0071}, "geometry": {"type": "Polygon", "coordinates": [[[115.55695169326081, 40.31910077534182], [115.5569555290496, 40.31892064651726], [115.55707319234024, 40.31892211448762], [115.55707702778193, 40.31874198564785], [115.55719469076871, 40.318743453489276], [115.55720044339763, 40.31847326020455], [115.55731810592432, 40.31847472791242], [115.55732194065455, 40.31829459903923], [115.55743960287741, 40.318296066618174], [115.55744152007331, 40.318206002174705], [115.55755918214857, 40.31820746962938], [115.55756109917958, 40.318117405179784], [115.55767876110724, 40.31811887251019], [115.55768067797335, 40.31802880805446], [115.55779833975342, 40.31803027526059], [115.55780025645466, 40.317940210798746], [115.5579179180871, 40.3179416778806], [115.55791983462345, 40.31785161341263], [115.55803749610833, 40.317853080370206], [115.5580394124798, 40.317763015896105], [115.55815707381706, 40.31776448272942], [115.55815899002366, 40.31767441824921], [115.55839431241164, 40.317677351547665], [115.55839622829708, 40.317587287056675], [115.55863155040717, 40.31759021986735], [115.55863346597151, 40.317500155365586], [115.55886878780363, 40.317503087688465], [115.55887070304688, 40.31741302317595], [115.5589883638197, 40.317414489153315], [115.55899027889805, 40.31732442463467], [115.55922560015706, 40.31732735622124], [115.55922751491431, 40.31723729169183], [115.55946283589539, 40.31724022279062], [115.5594609214506, 40.317330287329305], [115.55934326079951, 40.31732882183509], [115.55934134618987, 40.31741888636764], [115.55910602460109, 40.31741595501104], [115.55910410967034, 40.31750601953284], [115.55898644873268, 40.31750455367047], [115.55898453363704, 40.31759461818614], [115.55874921147516, 40.31759168609324], [115.55874729605841, 40.317681750598155], [115.55862963483418, 40.317680284367626], [115.55862771925254, 40.317770348866404], [115.55851005788072, 40.31776888251161], [115.55850814213422, 40.317858947004275], [115.55839048061478, 40.317857480525205], [115.55838856470339, 40.31794754501175], [115.55827090303636, 40.3179460784084], [115.55826707087517, 40.31812620736776], [115.55814940890431, 40.3181247406355], [115.55814749265453, 40.318214805108305], [115.55802983053603, 40.31821333825179], [115.55802791412137, 40.31830340271848], [115.55791025185529, 40.318301935737665], [115.55790833527571, 40.31839200019823], [115.55779067286204, 40.31839053309316], [115.55778875611759, 40.318480597547584], [115.55767109355631, 40.318479130318245], [115.55766917664694, 40.318569194766546], [115.55755151393807, 40.318567727412926], [115.55754959686385, 40.31865779185511], [115.55743193400734, 40.31865632437721], [115.55742809952044, 40.31883645324782], [115.55731043636013, 40.318834985641004], [115.55730851894745, 40.318925050069446], [115.5571908556395, 40.31892358233836], [115.55718702047574, 40.3191037111815], [115.55695169326081, 40.31910077534182]]]}}, {"type": "Feature", "properties": {"year": 2025, "water_area_km2": 0.0061}, "geometry": {"type": "Polygon", "coordinates": [[[115.56486569160532, 40.31775782974006], [115.56486759889758, 40.31766776499432], [115.56463227587369, 40.31766484486409], [115.56463418346983, 40.31757478012611], [115.56439886079285, 40.317571859526616], [115.56439695288422, 40.31766192425535], [115.5642792914024, 40.31766046377154], [115.56428119946726, 40.317570399047426], [115.56404587684187, 40.31756747773017], [115.56404969357072, 40.31738734829601], [115.56416735456664, 40.317388809005195], [115.5641711709486, 40.317208679555854], [115.56487713522982, 40.31721744124337], [115.56487522798056, 40.31730750599654], [115.56546353256599, 40.3173148041362], [115.56546162608934, 40.317404868910984], [115.5658146094125, 40.317409246373124], [115.56581270339595, 40.317499311160276], [115.56604802596685, 40.31750222887947], [115.5660461202542, 40.31759229367437], [115.56616378170877, 40.317593752359144], [115.56616187614378, 40.31768381715718], [115.56604421453297, 40.31768235846779], [115.56604230880312, 40.31777242325974], [115.56557166182084, 40.31776658728741], [115.56557356817562, 40.31767652251394], [115.56522058349792, 40.31767214429245], [115.56522249031283, 40.317582079531356], [115.56510482892705, 40.31758061988957], [115.56510673588959, 40.31749055513162], [115.56487141345627, 40.31748763549839], [115.56486950618124, 40.31757770024709], [115.56498716754983, 40.31757916012814], [115.56498335328642, 40.31775928963036], [115.56486569160532, 40.31775782974006]], [[115.5642831075235, 40.317480334321836], [115.56451842987082, 40.317483255151345], [115.56452033760596, 40.31739319041501], [115.56440267658425, 40.31739173006471], [115.56440458446704, 40.31730166533153], [115.56428692361017, 40.317300204866214], [115.5642831075235, 40.317480334321836]]]}}, {"type": "Feature", "properties": {"year": 2025, "water_area_km2": 0.0254}, "geometry": {"type": "Polygon", "coordinates": [[[115.56755858631385, 40.318421830872964], [115.56756049007262, 40.31833176603141], [115.56744282726503, 40.31833030874526], [115.56744473117146, 40.318240243906835], [115.5673270685287, 40.31823878650565], [115.56732897258279, 40.31814872167034], [115.56721131010485, 40.318147264154156], [115.56721321430662, 40.31805719932199], [115.5667425651057, 40.3180513680794], [115.56674446992386, 40.31796130326423], [115.56650914568742, 40.31795838693439], [115.56651105080947, 40.31786832212694], [115.56627572691991, 40.31786540532782], [115.56627763234584, 40.31777534052814], [115.56733658871336, 40.317788462314326], [115.56733468469358, 40.31787852715555], [115.56827598107635, 40.31789018286765], [115.56827788384616, 40.317800117989535], [115.5689838555562, 40.317808854721534], [115.56898575737998, 40.31771878981428], [115.569574066593, 40.31772606711146], [115.56957596762697, 40.31763600217966], [115.56981129105974, 40.31763891225192], [115.56981319177265, 40.31754884730946], [115.57016617651733, 40.31755321150682], [115.57016807675298, 40.31746314654905], [115.57052106110605, 40.317467509655955], [115.5705229608644, 40.31737744468289], [115.57099360616348, 40.31738326046556], [115.57099550528828, 40.31729319547261], [115.57146615009947, 40.31729900932284], [115.57146804859075, 40.31720894431], [115.57252699851051, 40.31722201843344], [115.57252510142537, 40.31731208348766], [115.57228977884859, 40.3173091789551], [115.57228788144243, 40.31739924399865], [115.57193489717272, 40.31739488628879], [115.57193299928926, 40.317484951317056], [115.5716976761731, 40.317482045569825], [115.57169198153395, 40.31775224061815], [115.57157431951998, 40.31775078755129], [115.57157811626713, 40.31757065752976], [115.57146045457422, 40.31756920435245], [115.57145665751456, 40.31774933436481], [115.57122133352945, 40.31774642763294], [115.57121943467429, 40.31783649262769], [115.57098411041093, 40.31783358540812], [115.57098221123474, 40.317923650392174], [115.57062922443521, 40.317919288651765], [115.5706273247817, 40.31800935362055], [115.57039199997902, 40.31800644518626], [115.57039010000446, 40.31809651014435], [115.57003711239598, 40.31809214658188], [115.57003521194412, 40.318182211524665], [115.56968222394403, 40.318177846871706], [115.56968032301484, 40.31826791179922], [115.56920967184311, 40.318262090568695], [115.56920777028036, 40.31835215547628], [115.56767815288882, 40.318333223197925], [115.5676762492863, 40.31842328804411], [115.56755858631385, 40.318421830872964]]]}}, {"type": "Feature", "properties": {"year": 2025, "water_area_km2": 0.0106}, "geometry": {"type": "Polygon", "coordinates": [[[115.56060304533136, 40.30788521842769], [115.56060495762053, 40.30779515369629], [115.56025202515754, 40.30779076119991], [115.56025393790657, 40.30770069648095], [115.56013629392567, 40.30769923208096], [115.56013820682223, 40.30760916736515], [115.5599029191986, 40.30760623821568], [115.55990483239889, 40.30751617350766], [115.56002247605021, 40.30751763813755], [115.56002630211253, 40.30733750870778], [115.56026158881645, 40.30734043759027], [115.56026350152234, 40.30725037286389], [115.5613222907114, 40.307263546873976], [115.56132420200325, 40.30717348210441], [115.56167713141963, 40.30717787127472], [115.56167904223439, 40.30708780648979], [115.56214961428557, 40.307093657024176], [115.56214770409542, 40.307183721827634], [115.56226534728593, 40.307185184166904], [115.56226343724333, 40.30727524897351], [115.5621457938967, 40.30727378662961], [115.56214388368932, 40.30736385143011], [115.56202624019514, 40.307362388962], [115.56202432982302, 40.307452453756376], [115.56190668618129, 40.30745099116406], [115.56190286509884, 40.30763112073913], [115.56166757721657, 40.307628195177195], [115.56166566635011, 40.30771825995324], [115.56154802226574, 40.307716796988274], [115.5615461112345, 40.3078068617582], [115.56107553435854, 40.307801008683924], [115.56107362269401, 40.30789107343386], [115.56060304533136, 40.30788521842769]]]}}, {"type": "Feature", "properties": {"year": 2025, "water_area_km2": 0.0079}, "geometry": {"type": "Polygon", "coordinates": [[[115.56251782087762, 40.306377525077224], [115.56252354978423, 40.30610733058074], [115.5626411911267, 40.306108792505725], [115.56264501004243, 40.305928662824726], [115.56276265108121, 40.30593012462087], [115.5627664696502, 40.3057499949247], [115.56288411038528, 40.30575145659202], [115.56288601950072, 40.30566139173709], [115.56300366008827, 40.3056628532802], [115.56300556903895, 40.305572788419155], [115.56312320947899, 40.30557424983806], [115.5631251182649, 40.30548418497091], [115.5632427585574, 40.305485646265616], [115.56324657579113, 40.30530551651761], [115.56336421577993, 40.3053069776835], [115.56336803266694, 40.30512684792031], [115.56360331204579, 40.305129769874846], [115.56360522016409, 40.30503970498178], [115.56372285971028, 40.305041165775066], [115.56372476766387, 40.3049511008759], [115.56396004646979, 40.30495402209449], [115.56396195410247, 40.304863957184594], [115.56407959336218, 40.30486541760991], [115.56407768588562, 40.30495548252443], [115.5641953253101, 40.304956942834785], [115.5641857885791, 40.3054072674083], [115.56383286798935, 40.30540288604913], [115.56383096014892, 40.30549295094551], [115.56359567948648, 40.30549002943229], [115.56359377132517, 40.30558009431794], [115.5634761308507, 40.30557863337733], [115.56347422252462, 40.30566869825689], [115.56335658190262, 40.30566723719208], [115.56335276491234, 40.305847366937485], [115.56323512398666, 40.305845905743844], [115.56322939796823, 40.306116100336965], [115.56311175658271, 40.30611463900986], [115.56310984773654, 40.30620470386665], [115.56287456467902, 40.30620178084448], [115.56287074633623, 40.3063819105351], [115.56251782087762, 40.306377525077224]]]}}, {"type": "Feature", "properties": {"year": 2025, "water_area_km2": 0.0051}, "geometry": {"type": "Polygon", "coordinates": [[[115.57104886420153, 40.29242939012655], [115.57105455631054, 40.29215919396791], [115.57128979150349, 40.292162099521846], [115.57129168854398, 40.29207203412348], [115.57117407109926, 40.29207058141087], [115.57117596828724, 40.29198051601561], [115.5712935855759, 40.29198196872362], [115.57129737961408, 40.29180183791947], [115.57141499659923, 40.29180329049876], [115.57141309974044, 40.291893355906176], [115.57164833404848, 40.2918962607154], [115.57165023059517, 40.2918061952988], [115.57270878400017, 40.29181926098265], [115.57270688885784, 40.29190932644064], [115.57258927162262, 40.29190787517147], [115.57258737631571, 40.291997940623354], [115.57246975893297, 40.29199648923007], [115.57246786346148, 40.292086554675905], [115.57199739339188, 40.29208074788919], [115.57199549728767, 40.29217081331514], [115.57164264435708, 40.29216645695634], [115.57163885118676, 40.29234658777624], [115.57140361531829, 40.292343682921036], [115.5714017184082, 40.29243374831957], [115.57104886420153, 40.29242939012655]]]}}, {"type": "Feature", "properties": {"year": 2025, "water_area_km2": 0.0091}, "geometry": {"type": "Polygon", "coordinates": [[[115.92403552900517, 40.29012489063477], [115.92403695763092, 40.29003481305436], [115.92356643854635, 40.29003043610201], [115.9235678677901, 40.28994035853399], [115.92333260859868, 40.28993816934737], [115.92333689722791, 40.28966793665544], [115.92345452635206, 40.28966903129814], [115.92345738509377, 40.289488876156], [115.92357501391213, 40.2894899706722], [115.9235764431172, 40.28939989309549], [115.92369407178593, 40.28940098748867], [115.92369550082846, 40.28931090990705], [115.92381312934751, 40.289312004177205], [115.92381455822748, 40.28922192659067], [115.92393218659687, 40.289223020737786], [115.9239336153143, 40.28913294314634], [115.9244041282319, 40.28913731852538], [115.92440270013888, 40.289227396130684], [115.92452032854048, 40.28922848968001], [115.92451747264737, 40.28940864489319], [115.92463510136761, 40.28940973832989], [115.92462510663157, 40.29004028155462], [115.92438984701198, 40.29003809451321], [115.92438841885456, 40.29012817210401], [115.92403552900517, 40.29012489063477]]]}}, {"type": "Feature", "properties": {"year": 2025, "water_area_km2": 0.1185}, "geometry": {"type": "Polygon", "coordinates": [[[115.44717979864399, 40.24038343196682], [115.4471818566708, 40.240293370848946], [115.44706433551518, 40.24029179364541], [115.44706639368832, 40.24020173253105], [115.4468313517161, 40.240198577776134], [115.44683546865694, 40.24001845556289], [115.44671794799596, 40.240016878016505], [115.44672206521089, 40.23983675580728], [115.4466045448704, 40.239835178151594], [115.44661277981133, 40.2394749337352], [115.44649526010251, 40.23947335598023], [115.44649937782849, 40.239293233773076], [115.44638185844013, 40.23929165590883], [115.4463839174448, 40.239201594807994], [115.44626639822131, 40.239200016829464], [115.44626845737228, 40.23910995573215], [115.44615093831369, 40.23910837763932], [115.44615505689899, 40.23892825545019], [115.44603753816084, 40.238926677248095], [115.44603959759516, 40.2388366161563], [115.4459220790219, 40.23883503783992], [115.44592413860255, 40.238744976751626], [115.44580662019415, 40.23874339832096], [115.4458086799211, 40.238653337236165], [115.44569116167757, 40.23865175869124], [115.44569322155081, 40.23856169760995], [115.44557570347219, 40.23856011895074], [115.44557982350199, 40.23837999679368], [115.44546230574382, 40.2383784180252], [115.44546642604767, 40.23819829587216], [115.44558394349465, 40.238199874630645], [115.44559012341404, 40.237929691374866], [115.44570764040358, 40.23793126999909], [115.44571175999222, 40.23775114781112], [115.44582927667987, 40.237752726306056], [115.4458313363047, 40.23766266520483], [115.44665395228903, 40.23767371129481], [115.44665601081549, 40.23758365015711], [115.44689104372621, 40.2375868050994], [115.44689310193222, 40.2374967439502], [115.4471281345689, 40.23749989840542], [115.44713019245447, 40.23740983724475], [115.44736522481708, 40.23741299121288], [115.44736933993809, 40.23723286886708], [115.44783940352997, 40.237239175332164], [115.44784146045423, 40.237149114137054], [115.44831152357213, 40.23715541867386], [115.44831769242236, 40.236885235019685], [115.44843520775828, 40.236886810840744], [115.44844137605837, 40.23661662715815], [115.44855889093682, 40.23661820284497], [115.44856094686273, 40.23652814160946], [115.44867846159488, 40.236529717172026], [115.44868051735597, 40.23643965593004], [115.44962063430198, 40.23645225609701], [115.44961857978551, 40.236542317378905], [115.44973609460101, 40.23654389186806], [115.44973404023085, 40.23663395315345], [115.4498515552112, 40.23663552752833], [115.44984744675425, 40.23681565010459], [115.44996496205499, 40.23681722437018], [115.44996085387216, 40.23699734695043], [115.45031340076343, 40.23700206906148], [115.45031134712488, 40.23709213036432], [115.45125147382016, 40.23710471745246], [115.45124942141697, 40.23719477879367], [115.45148445349449, 40.23719792438298], [115.45147829716292, 40.23746810842755], [115.4513607806528, 40.23746653567759], [115.45135462377122, 40.23773671969379], [115.45123710680362, 40.23773514680961], [115.45123300185847, 40.23791526946965], [115.45111548458893, 40.23791369645625], [115.45111343194688, 40.23800375777904], [115.450995914531, 40.23800218464139], [115.45099386172414, 40.2380922459577], [115.45087634416191, 40.23809067269579], [115.4508742911902, 40.23818073400564], [115.45075677348164, 40.23817916061946], [115.4507547203451, 40.238269221922835], [115.45063720249021, 40.238267648412396], [115.45063514918881, 40.238357709709305], [115.4505176311876, 40.238356136074614], [115.45051557772135, 40.23844619736503], [115.45039805957379, 40.23844462360609], [115.45039600594271, 40.23853468489003], [115.45027848764883, 40.238533111006824], [115.45027643385289, 40.23862317228428], [115.45015891541266, 40.23862159827681], [115.45015686145189, 40.23871165954781], [115.45003934286532, 40.23871008541607], [115.45003728873968, 40.23880014668058], [115.4499197700068, 40.2387985724246], [115.4499177157163, 40.23888863368262], [115.44980019683709, 40.23888705930238], [115.44979814238174, 40.238977120553926], [115.44968062335617, 40.23897554604942], [115.44967856873599, 40.2390656072945], [115.4495610495641, 40.23906403266571], [115.44955899477904, 40.239154093904304], [115.44932395615184, 40.23915094427893], [115.44932190104633, 40.23924100550607], [115.44920438159104, 40.23923943050948], [115.44920232632069, 40.239329491730125], [115.44908480671906, 40.23932791660928], [115.44908275128384, 40.239417977823436], [115.44896523153588, 40.239416402578314], [115.44896317593579, 40.239506463786], [115.4488456560415, 40.239504888416604], [115.44884360027655, 40.23959494961781], [115.44872608023593, 40.23959337412416], [115.44872402430609, 40.239683435318874], [115.44860650411914, 40.23968185970095], [115.44860444802445, 40.239771920889176], [115.44848692769118, 40.23977034514699], [115.4484848714316, 40.23986040632874], [115.448367350952, 40.23985883046227], [115.44836529452758, 40.23994889163753], [115.44824777390161, 40.239947315646795], [115.44824571731233, 40.240037376815586], [115.44812819654003, 40.240035800700575], [115.44812613978587, 40.24012586186287], [115.4478910979579, 40.24012270926503], [115.44788904088328, 40.240212770415845], [115.4477715198276, 40.240211193933], [115.44776946258807, 40.24030125507734], [115.4474168990099, 40.24029652489815], [115.44741484129429, 40.24038658602601], [115.44717979864399, 40.24038343196682]]]}}, {"type": "Feature", "properties": {"year": 2025, "water_area_km2": 90.4891}, "geometry": {"type": "Polygon", "coordinates": [[[115.746508260906, 40.39815624015424], [115.74651160223209, 40.39797609974089], [115.74639379224567, 40.39797482240137], [115.7463954630543, 40.397884752196525], [115.74627765323235, 40.39788347474106], [115.74628099514085, 40.39770333433508], [115.74616318564027, 40.39770205676769], [115.74616652783244, 40.397521916363935], [115.74604871865323, 40.39752063868465], [115.74605206112908, 40.39734049828312], [115.74593425227123, 40.39733922049193], [115.74593592365474, 40.397249150293], [115.74581811496134, 40.39724787238586], [115.74581978649421, 40.39715780218952], [115.74558416944387, 40.39715524602335], [115.74558584128302, 40.39706517583363], [115.74546803292608, 40.3970638975746], [115.74546970491463, 40.39697382738748], [115.74535189672211, 40.3969725490125], [115.74535356886001, 40.39688247882795], [115.74500014479852, 40.396878642995226], [115.74500181739961, 40.39678857282135], [115.74476620171016, 40.396786015007685], [115.74476787461752, 40.39669594484043], [115.74465006694102, 40.396694665757664], [115.74465341304689, 40.39651452542686], [115.74453560569175, 40.396513246232196], [115.74453727889028, 40.39642317606864], [115.74441947169959, 40.39642189675804], [115.74442449172054, 40.396151686270734], [115.74430668500813, 40.3961504068523], [115.7443100319648, 40.3959702665282], [115.74407441919024, 40.39596770734756], [115.74407609297106, 40.39587763719141], [115.74395828675202, 40.39587635742515], [115.74395996068218, 40.39578628727159], [115.74384215462759, 40.3957850073894], [115.74384550277904, 40.395604867085986], [115.74372769704578, 40.395603587091905], [115.74372937126708, 40.39551351694205], [115.74349376013707, 40.39551095660207], [115.74349543466461, 40.39542088645886], [115.7433776292678, 40.39541960611294], [115.74337930394469, 40.39532953597229], [115.74326149871237, 40.39532825551044], [115.74326484835724, 40.39514811523289], [115.74314704344626, 40.39514683465916], [115.74315039337468, 40.39496669438385], [115.74303258878506, 40.394965413698245], [115.74303928917878, 40.39460513314623], [115.74292148522427, 40.394603852356866], [115.74293656208, 40.39379322106559], [115.74281875954503, 40.39379194019272], [115.7428254608008, 40.39343165959695], [115.74258985700858, 40.393429097523715], [115.74259153261738, 40.39333902737922], [115.74247373088951, 40.39333774616668], [115.7424770823982, 40.393157605881406], [115.74235928099164, 40.39315632455702], [115.74236598454578, 40.39279604398508], [115.7422481837743, 40.39279476255693], [115.74225153581972, 40.39261462227029], [115.74213373536955, 40.39261334073027], [115.74213708769851, 40.39243320044588], [115.74190148744833, 40.39243063702217], [115.74190651682625, 40.39216042660893], [115.74202431647693, 40.39216170836859], [115.74202096387964, 40.39234184865368], [115.74213876385161, 40.392343130301484], [115.74214211613518, 40.39216299000829], [115.742259915801, 40.392164271528024], [115.74226326774057, 40.39198413122086], [115.74214546838849, 40.39198284970925], [115.74216222920128, 40.39108214812609], [115.7422800269847, 40.39108342959716], [115.74229008216818, 40.390543008552605], [115.74217228532595, 40.39054172710587], [115.74217898925778, 40.39018144639641], [115.74206119305052, 40.390180164845944], [115.74206286917143, 40.39009009466897], [115.74218066522184, 40.39009137621539], [115.74218569306865, 40.389821165663534], [115.7420678974888, 40.38981988412927], [115.7420796299646, 40.389189392818686], [115.74219742444652, 40.38919067432457], [115.74220077620068, 40.38901053392881], [115.74208298203249, 40.389009252431045], [115.74208465805508, 40.388919182235036], [115.74196686405128, 40.38891790062138], [115.74196854022317, 40.38882783042796], [115.74173295255193, 40.388825266848876], [115.74173462902993, 40.38873519666208], [115.74161683536252, 40.38873391469668], [115.74162018860953, 40.38855377432684], [115.74150239526337, 40.38855249224959], [115.74150742554764, 40.38828228169601], [115.74162521842328, 40.38828356376109], [115.74164366049125, 40.38729279157386], [115.74176145164927, 40.38729407347437], [115.74176648067483, 40.38702386283492], [115.7416486899873, 40.38702258094658], [115.74165707232942, 40.38657222987181], [115.74177486223277, 40.38657351173986], [115.7417798910768, 40.38630330106525], [115.74189768051725, 40.386304582801195], [115.74189935662665, 40.38621451256933], [115.74201714591783, 40.386215794181275], [115.7420204978003, 40.38603565370506], [115.7421382867854, 40.38603693518895], [115.74213996255845, 40.385946864944586], [115.74237554023773, 40.385949427544425], [115.74237889113385, 40.38576928703509], [115.7424966796712, 40.38577056814699], [115.74250170548824, 40.385500357359824], [115.74261949356267, 40.385501638339626], [115.7426178184547, 40.385591708607514], [115.7427356066935, 40.38559298947144], [115.74273393173479, 40.38568305974194], [115.74285172013799, 40.38568434048997], [115.74285339493987, 40.38559427021541], [115.7432067597243, 40.38559811172766], [115.74321010836452, 40.38541797114988], [115.74332789632746, 40.38541925140598], [115.74333291876064, 40.38514904051614], [115.74356849376831, 40.38515160064421], [115.74357184139208, 40.384971460027444], [115.74368962859361, 40.38497273990347], [115.74369464950217, 40.384702528955216], [115.74381243624082, 40.38470380869914], [115.743817456611, 40.38443359772555], [115.74369967034279, 40.38443231799374], [115.74370469111541, 40.38416210701911], [115.74382247691321, 40.38416338673875], [115.74382917054379, 40.38380310540252], [115.74371138537323, 40.38380182569909], [115.74371305891881, 40.38371175536541], [115.74359527391262, 40.383710475546074], [115.74360364231124, 40.383260123876], [115.74372142653341, 40.38326140367508], [115.74372644701154, 40.38299119264331], [115.74384423077088, 40.38299247231031], [115.74384590409169, 40.38290240195941], [115.74372812048917, 40.38290112229647], [115.74373146742174, 40.382720981598354], [115.74361368414036, 40.38271970182356], [115.74361535775212, 40.382629631476384], [115.74373314087671, 40.382630911247105], [115.74373983462107, 40.38227062982747], [115.74385761712601, 40.38227190946206], [115.74385929038644, 40.38218183909944], [115.74374150803828, 40.382180559468885], [115.74375991512927, 40.3811897854279], [115.74364213451332, 40.381188505721965], [115.7436488284016, 40.380828224224764], [115.7437666083904, 40.3808295039145], [115.74377330153074, 40.38046922237766], [115.74365552216904, 40.38046794270412], [115.74365719559204, 40.38037787232031], [115.74342163720489, 40.38037531262157], [115.74342331093388, 40.38028524224438], [115.7431877528905, 40.38028268207408], [115.74318942692548, 40.38019261170353], [115.74307164807192, 40.38019133144254], [115.74307332225614, 40.380101261074586], [115.74271998621101, 40.38009741958429], [115.74272166085801, 40.38000734922701], [115.74260388234819, 40.38000606849446], [115.74260220754444, 40.38009613884768], [115.7424844288854, 40.38009485799117], [115.74248610384593, 40.380004787641994], [115.74236832535125, 40.38000350666961], [115.74237000046101, 40.37991343632303], [115.74225222213065, 40.37991215523478], [115.74225389738962, 40.379822084890804], [115.74213611922357, 40.37982080368669], [115.74213947003241, 40.379640663002434], [115.74202169218748, 40.379639381686516], [115.74202504327964, 40.379459241004504], [115.74190726575578, 40.37945795957678], [115.74191564413768, 40.37900760786639], [115.74203342087766, 40.379008889273834], [115.74203844734578, 40.37873867821786], [115.7419206710761, 40.37873739682258], [115.74193240033443, 40.37810690433573], [115.74205017550679, 40.37810818570264], [115.74205687714677, 40.37774790423313], [115.74217465169964, 40.377749185463905], [115.74217967738, 40.37747897433423], [115.74229745147015, 40.37748025543293], [115.74230247661222, 40.3772100442779], [115.74242025023966, 40.37721132524453], [115.74242862454153, 40.376760973269924], [115.74254639739277, 40.376762254096384], [115.74255142141297, 40.37649204288189], [115.74266919380152, 40.376493323576284], [115.74267254279705, 40.37631318275119], [115.74279031487966, 40.37631446331758], [115.74279198920934, 40.37622439289877], [115.74290976114277, 40.3762256733412], [115.74291143530816, 40.37613560291688], [115.74302920709239, 40.376136883235375], [115.743032555087, 40.375956742374235], [115.7431503265653, 40.37595802256472], [115.74315534803034, 40.375687811249875], [115.74362643213814, 40.37569293076418], [115.74362810531775, 40.37560286030677], [115.74374587620683, 40.37560413988154], [115.74374754922216, 40.375514069418635], [115.74386531996207, 40.375515348869456], [115.74386866565659, 40.37533520793111], [115.74398643609055, 40.37533648725394], [115.74399647205256, 40.37479606437947], [115.74387870255903, 40.37479478508094], [115.74388204813279, 40.37461464411916], [115.74399981731285, 40.37461592340961], [115.74400316254297, 40.37443578243387], [115.7441209314171, 40.37443706159632], [115.74412427630358, 40.37425692060663], [115.74424204487181, 40.37425819964109], [115.74424538941464, 40.37407805863746], [115.74412762115985, 40.37407677961109], [115.74413096598595, 40.37389663860967], [115.74424873392728, 40.37389791762794], [115.74425207840973, 40.37371777661259], [115.74436984604515, 40.373719055502875], [115.74437151811831, 40.373628984988954], [115.74448928560456, 40.373630263755295], [115.74449095751346, 40.373540193235854], [115.74460872485051, 40.37354147187827], [115.74461039659515, 40.37345140135332], [115.74472816378301, 40.37345267987179], [115.7447298353634, 40.373362609341335], [115.74496536944831, 40.37336516601052], [115.74496704070769, 40.373275095470504], [115.7452025745093, 40.373277651652046], [115.74520424544772, 40.37318758110247], [115.7453220122031, 40.37318885900936], [115.74532368297726, 40.37309878845428], [115.74555921619721, 40.373101343900295], [115.74556088665038, 40.37301127333567], [115.74579641958701, 40.373013828294056], [115.74579808971923, 40.372923757719875], [115.74591585604213, 40.3729250350152], [115.74591752601005, 40.372834964435505], [115.74615305836504, 40.372837518658386], [115.746154728012, 40.37274744806915], [115.74650802613081, 40.37275127849221], [115.74650969530008, 40.37266120788938], [115.74698075893703, 40.37266631342554], [115.74698242747189, 40.37257624280509], [115.74710019324324, 40.37257751888536], [115.74710186161386, 40.37248744825942], [115.74721962723602, 40.37248872421578], [115.74722129544239, 40.37239865358433], [115.74733906091535, 40.372399929416765], [115.7473423969921, 40.37221978814139], [115.74746016215914, 40.372221063845856], [115.74746349789237, 40.372040922556565], [115.74758126275351, 40.37204219813307], [115.74758459814319, 40.37186205682985], [115.74770236269845, 40.3718633322784], [115.7477056977446, 40.371683190961235], [115.74782346199396, 40.371684466281835], [115.74782679669661, 40.371504324950756], [115.74794456064005, 40.3715056001434], [115.74794789499921, 40.371325458798374], [115.74806565863675, 40.371326733863064], [115.74806732564834, 40.37123666318433], [115.7481850891367, 40.3712379381251], [115.74818842282387, 40.37105779675515], [115.74830618600633, 40.37105907156798], [115.74830951935003, 40.3708789301841], [115.74842728222661, 40.37088020486898], [115.74842894873048, 40.37079013417082], [115.74854671145788, 40.37079140873177], [115.74854837779752, 40.37070133802811], [115.7486661403757, 40.370702612465166], [115.74866780655114, 40.370612541756], [115.74878556898014, 40.37061381606914], [115.74878723499135, 40.37052374535448], [115.74902275955854, 40.37052629361305], [115.74902609093157, 40.3703461521632], [115.74914385291304, 40.37034742610461], [115.74914718394261, 40.37016728464086], [115.74926494561818, 40.37016855845432], [115.74926661096501, 40.37007848771621], [115.74938437249138, 40.37007976140577], [115.74938603767399, 40.369989690662166], [115.74962156043593, 40.369992237673586], [115.74962322529761, 40.36990216692047], [115.74985874777619, 40.36990471344431], [115.74986041231696, 40.369814642681675], [115.74997817341082, 40.369815915759744], [115.74997983778741, 40.369725844991606], [115.75021535968423, 40.36972839078009], [115.75021702373994, 40.36963832000243], [115.75045254535341, 40.36964086530337], [115.75045420908818, 40.36955079451617], [115.7508074910946, 40.36955461155644], [115.75080915435178, 40.369464540755715], [115.75104467541354, 40.36946708484178], [115.75104633834984, 40.369377014031535], [115.75116409873526, 40.36937828589075], [115.75116576150737, 40.36928821507502], [115.75128352174362, 40.36928948681032], [115.7512851843515, 40.36919941598908], [115.75140294443857, 40.36920068760049], [115.75140460688228, 40.36911061677379], [115.75164012676548, 40.36911315962894], [115.75164178888832, 40.36902308879271], [115.75175954868449, 40.369024360036455], [115.75176121064314, 40.36893428919473], [115.75187897029011, 40.36893556031458], [115.75188561742294, 40.36857527691702], [115.75200337645063, 40.3685765479009], [115.7520083612515, 40.36830633532528], [115.75212611981665, 40.36830760617722], [115.75212778124524, 40.368217535311736], [115.7522455396612, 40.3682188060398], [115.75224886218255, 40.36803866429638], [115.75236662029263, 40.36803993489652], [115.75236994247065, 40.36785979313921], [115.75248770027486, 40.36786106361145], [115.7524926830156, 40.36759085095243], [115.75261044035727, 40.367592121292745], [115.75261542256054, 40.3673219086085], [115.75273317943966, 40.367323178816875], [115.75273650055772, 40.367143037012006], [115.75285425713093, 40.36714430709248], [115.75285757790567, 40.36696416527373], [115.75297533417306, 40.3669654352263], [115.7529769943925, 40.366875364310715], [115.7530947505107, 40.366876634139395], [115.7530980706138, 40.366696492295794], [115.75321582642613, 40.36669776199657], [115.75322246591573, 40.36633747827572], [115.75334022110889, 40.36633874784057], [115.75334520017742, 40.3660685350225], [115.75346295490806, 40.366069804455435], [115.75346461442592, 40.36597973350913], [115.75358236900736, 40.365981002818195], [115.75358568770733, 40.36580086091316], [115.75370344198292, 40.36580213009433], [115.753705101165, 40.3657120591356], [115.7538228552914, 40.36571332819288], [115.75382451430934, 40.36562325722868], [115.75394226828656, 40.3656245261621], [115.75394558598667, 40.365444384221256], [115.75406333965803, 40.36544565302678], [115.75406665701486, 40.36526551107206], [115.75418441038042, 40.365266779749696], [115.75418938588952, 40.36499656679459], [115.75407163299396, 40.364995298128996], [115.75407329163869, 40.364905227145044], [115.75372003346689, 40.36490142044118], [115.75372169257413, 40.36481134946781], [115.75336843493967, 40.364807541697296], [115.75337009450939, 40.36471747073451], [115.75313458977051, 40.36471493162959], [115.75313624964605, 40.364624860673395], [115.7530184974445, 40.36462359094518], [115.75302181748643, 40.36444344903641], [115.75290406560569, 40.364442179196374], [115.7529090460824, 40.36417196633429], [115.7527912946791, 40.36417069638645], [115.75279627555837, 40.36390048352326], [115.7526785246325, 40.36389921346763], [115.75268184549452, 40.36371907155956], [115.75256409488946, 40.36371780139212], [115.7525657554659, 40.3636277304399], [115.75244800502496, 40.36362646015664], [115.75244966575055, 40.36353638920697], [115.75233191547376, 40.36353511880787], [115.75233523721576, 40.363354976912206], [115.75221748725977, 40.3633537064013], [115.75221914827615, 40.3632636354553], [115.7521013984843, 40.36326236482855], [115.7521047208079, 40.36308222294021], [115.75198697133686, 40.36308095220166], [115.75199527779795, 40.362630597475246], [115.75211302648579, 40.36263186819366], [115.75211967089318, 40.36227158437009], [115.75223741896197, 40.362272854952586], [115.75224074080745, 40.362092713023976], [115.75235848857044, 40.36209398347858], [115.75236014932528, 40.362003912508065], [115.75247789693914, 40.362005182838814], [115.75248121811309, 40.36182504088532], [115.75259896542119, 40.3618263110882], [115.75260062584029, 40.361736240105245], [115.75271837299923, 40.36173751018425], [115.75272003325419, 40.361647439195806], [115.75283778026397, 40.361648709150955], [115.75284110043822, 40.36146856716164], [115.75295884714224, 40.3614698369889], [115.7529671466636, 40.36101948196992], [115.7524961630251, 40.361014402022214], [115.75249450250928, 40.36110447301286], [115.75237675646176, 40.36110320272231], [115.75237509578182, 40.36119327370747], [115.75225734958516, 40.36119200329308], [115.75225568874112, 40.361282074272744], [115.752020196057, 40.361279533076384], [115.75201853489219, 40.36136960404655], [115.7517830419248, 40.36136706236278], [115.75178138043921, 40.361457133323434], [115.75166363381014, 40.36145586229777], [115.75166197216043, 40.36154593325295], [115.75142647861149, 40.36154339083402], [115.75142481664103, 40.361633461779704], [115.75118932280881, 40.36163091887339], [115.75118766051759, 40.36172098980954], [115.75106991345609, 40.361719718172594], [115.75106825100075, 40.361809789103255], [115.75095050379011, 40.36180851734244], [115.75094884117061, 40.361898588267614], [115.75083109381085, 40.36189731638294], [115.75082943102724, 40.36198738730263], [115.75071168351833, 40.361986115294066], [115.75070835761531, 40.362166257121004], [115.75059060980064, 40.36216498498457], [115.75058562041991, 40.3624351977019], [115.75046787214282, 40.36243392543353], [115.75046454553821, 40.362614067229714], [115.75034679695534, 40.36261279483344], [115.75033182545332, 40.36342343280756], [115.75056732544614, 40.36342597755272], [115.75056566222169, 40.36351604843948], [115.750683412386, 40.36351732063632], [115.75068174931066, 40.36360739152562], [115.75079949963914, 40.36360866360664], [115.75079617377932, 40.36378880538891], [115.75067842313754, 40.36378753329984], [115.7506750969344, 40.36396767506822], [115.75055734598686, 40.363966402851254], [115.75055568271736, 40.3640564737292], [115.75032018053149, 40.36405392892765], [115.75031186250499, 40.364504283255236], [115.75019411064002, 40.364503010654545], [115.75018911926412, 40.36477322322143], [115.75007136693671, 40.36477195048881], [115.75006970297306, 40.36486202133749], [115.74995195049647, 40.36486074848098], [115.74994695809052, 40.36513096100612], [115.74982920515146, 40.365129688017674], [115.74982421220797, 40.36539990051756], [115.74970645880644, 40.36539862739718], [115.74970312982657, 40.36557876904838], [115.74958537611923, 40.36557749580008], [115.749582046796, 40.365757637437376], [115.74946429278282, 40.36575636406115], [115.74946262795328, 40.365846434873575], [115.74934487379096, 40.36584516137346], [115.74934320879723, 40.365935232180384], [115.74922545448578, 40.36593395855638], [115.74922378932786, 40.3660240293578], [115.74898828041414, 40.366021481742145], [115.74898661493538, 40.366111552534065], [115.74886886033312, 40.366110278542415], [115.74886719469018, 40.36620034932883], [115.74874943993876, 40.36619907521329], [115.74874777413164, 40.36628914599421], [115.74863001923109, 40.366287871754764], [115.74862835325978, 40.36637794253018], [115.74851059821006, 40.36637666816685], [115.74850726593155, 40.36655680970522], [115.74838951057602, 40.366555535213976], [115.7483861779541, 40.36673567673842], [115.74826842229272, 40.36673440211924], [115.74825842330652, 40.36727482663324], [115.7481406667126, 40.367273551869985], [115.74813399994474, 40.367633834833896], [115.74801624273164, 40.367632559934634], [115.74801124210673, 40.367902772130094], [115.74789348443112, 40.36790149709886], [115.74789015033019, 40.36808163854711], [115.74777239234874, 40.368080363387946], [115.74776905790438, 40.368260504822246], [115.74765129961708, 40.36825922953514], [115.74764463001134, 40.36861951237006], [115.74752687110484, 40.36861823694693], [115.74752353594344, 40.36879837834753], [115.74740577673107, 40.36879710279646], [115.74740244122623, 40.36897724418313], [115.74752020075198, 40.36897851974228], [115.74751519790836, 40.36924873182339], [115.74739743791253, 40.36924745625215], [115.74739410233244, 40.36942759762417], [115.74715858173657, 40.369425046105896], [115.74715691362186, 40.369515116781635], [115.74703915317852, 40.36951384083866], [115.74703748489956, 40.36960391150888], [115.74691972430709, 40.36960263544199], [115.74691805586393, 40.369692706106726], [115.74562268811971, 40.36967866141476], [115.7456243582865, 40.36958859079448], [115.7448000349299, 40.36957964573944], [115.74479836366625, 40.369669716331416], [115.74385627902898, 40.36965948618657], [115.7438546065042, 40.36974955674471], [115.74350132441964, 40.36974571845031], [115.74349965141724, 40.36983578899485], [115.74326412975185, 40.369833229524446], [115.74326245642852, 40.369923300059405], [115.74314469545045, 40.369922020140336], [115.7431430219629, 40.37001209066979], [115.7430252608357, 40.370010810626795], [115.74302358718384, 40.37010088115073], [115.7429058259075, 40.37009960098381], [115.74290415209141, 40.37018967150222], [115.74278639066593, 40.37018839121138], [115.7427847166856, 40.37027846172427], [115.74266695511093, 40.3702771813095], [115.74266528096636, 40.37036725181688], [115.74254751924256, 40.37036597127818], [115.74254584493373, 40.370456041780045], [115.74231032119542, 40.370453480334895], [115.74230864656565, 40.37054355082719], [115.74219088455112, 40.37054226992076], [115.74218920975706, 40.37063234040753], [115.7420714475934, 40.37063105937716], [115.74206809766922, 40.370811200338196], [115.7419503351997, 40.370809919179834], [115.7419469849319, 40.370990060126914], [115.74182922215654, 40.37098877884056], [115.74182587154507, 40.37116891977366], [115.74170810846387, 40.37116763835933], [115.74170643299011, 40.37125770881963], [115.74158866975972, 40.37125642728136], [115.74158699412169, 40.37134649773613], [115.74111594064901, 40.37134137036802], [115.74111929317117, 40.37116122948945], [115.7410015301353, 40.37115994735584], [115.74100488294063, 40.370979806479525], [115.74076935751843, 40.3709772418689], [115.74077103422314, 40.370887171436664], [115.74065327168009, 40.37088588895559], [115.74065494853396, 40.37079581852594], [115.74053718615518, 40.370794535929036], [115.74053886315818, 40.37070446550199], [115.74042110094366, 40.37070318278926], [115.7404227780958, 40.37061311236483], [115.74030501604555, 40.37061182953629], [115.74030669334681, 40.370521759114425], [115.74018893146084, 40.37052047617007], [115.74019228635406, 40.370340335330084], [115.74007452478907, 40.37033905227398], [115.74007620238103, 40.37024898185583], [115.73995844098029, 40.37024769868391], [115.73996011872137, 40.37015762826837], [115.739724596256, 40.370155061573016], [115.73972627430291, 40.37006499116413], [115.73960851323828, 40.37006370764072], [115.73960683503465, 40.370153778045534], [115.73937131261472, 40.370151210630915], [115.73936963409014, 40.370241281026146], [115.73913411138709, 40.37023871312392], [115.73913579022506, 40.370148642736815], [115.73890026786569, 40.3701460743632], [115.73890194700948, 40.37005600398277], [115.73878418599784, 40.37005471962021], [115.73878922385387, 40.3697845084823], [115.73867146331992, 40.36978322401206], [115.73867314274678, 40.369693153633904], [115.73855538237709, 40.36969186904784], [115.73855874152152, 40.36951172829525], [115.73844098147278, 40.36951044359748], [115.73844434090026, 40.36933030284714], [115.7383265811725, 40.36932901803762], [115.73832994088305, 40.36914887728955], [115.73821218147624, 40.369147592368286], [115.73821386147684, 40.36905752199611], [115.73809610223431, 40.36905623695905], [115.73809778238399, 40.36896616658949], [115.73798002330574, 40.36896488143661], [115.73798170360455, 40.36887481106967], [115.73786394469055, 40.368873525800986], [115.73786562513847, 40.36878345543663], [115.73774786638872, 40.36878217005216], [115.73774954698574, 40.36869209969039], [115.7375140298224, 40.36868952856997], [115.73751571072519, 40.368599458214895], [115.7373979523116, 40.36859817247895], [115.7373996333635, 40.36850810212647], [115.73716411687239, 40.368505530303096], [115.73716579823008, 40.368415459957305], [115.7370480401526, 40.36841417386989], [115.73704972165937, 40.36832410352669], [115.73681420584052, 40.3683215310004], [115.7368158876531, 40.36823146066387], [115.73658037217794, 40.36822888766626], [115.73658541851019, 40.36795867667233], [115.73646766125407, 40.36795739000594], [115.73647102575096, 40.36777724934414], [115.73623551188817, 40.36777467566804], [115.73623719443859, 40.36768460534308], [115.73611943767524, 40.36768331832931], [115.73612112037476, 40.36759324800696], [115.73600336377568, 40.3675919608774], [115.73600504662429, 40.36750189055767], [115.73588729018948, 40.36750060331232], [115.73588897318717, 40.36741053299517], [115.73565346065367, 40.367407958153045], [115.73565514395712, 40.367317887842574], [115.73553738785846, 40.367316600245786], [115.73553907131095, 40.36722652993795], [115.73530355944975, 40.367223954392934], [115.73530524320802, 40.367133884091785], [115.73518748744547, 40.36713259614354], [115.7351891713528, 40.367042525845], [115.73507141575453, 40.36704123778099], [115.73507309981096, 40.36695116748505], [115.73483758895055, 40.36694859100559], [115.73483927331273, 40.36685852071635], [115.73460376279606, 40.3668559437656], [115.73460544746393, 40.36676587348304], [115.73448769237369, 40.366764584831955], [115.73448937719064, 40.366674514552], [115.73425386734627, 40.366671936898406], [115.73425723758409, 40.36649179635044], [115.73402172839677, 40.36648921823372], [115.7340234138176, 40.366399147965694], [115.73390565939204, 40.366397858731624], [115.73390734496192, 40.366307788466216], [115.73378959070062, 40.366306499116384], [115.73379127641957, 40.36621642885357], [115.73296699790005, 40.36620740007717], [115.73296868470804, 40.36611732984149], [115.73249766920522, 40.366112167920164], [115.73249935663227, 40.36602209769935], [115.73238160293228, 40.36602080692345], [115.7323832905084, 40.36593073670525], [115.73226553697265, 40.36592944581359], [115.73226722469781, 40.365839375598014], [115.73214947132632, 40.36583808459057], [115.73215115920054, 40.36574801437762], [115.73203340599335, 40.365746723254404], [115.7320350940166, 40.365656653044084], [115.73191734097368, 40.3656553618051], [115.73191902914597, 40.3655652915974], [115.73180127626736, 40.36556400024265], [115.73180296458868, 40.365473930037545], [115.73144970646848, 40.36547005526646], [115.73145139525215, 40.36537998507215], [115.73133364271732, 40.365378693246164], [115.73133533165004, 40.36528862305449], [115.73098207456123, 40.36528474686967], [115.7309837639563, 40.3651946766888], [115.73063050740602, 40.36519079943757], [115.73063219726346, 40.3651007292675], [115.73039669324804, 40.365098143842275], [115.73039838341116, 40.36500807367891], [115.73028063157153, 40.36500678079059], [115.73028232188368, 40.36491671062988], [115.73016457020833, 40.3649154176258], [115.7301662606695, 40.364825347467715], [115.73004850915845, 40.36482405434788], [115.73005019976866, 40.364733984192405], [115.72993244842186, 40.36473269095683], [115.7299341391811, 40.364642620803984], [115.7298163879986, 40.36464132745263], [115.72981807890683, 40.36455125730242], [115.72970032788864, 40.364549963835316], [115.7297020189459, 40.364459893687716], [115.72946651724564, 40.364457306402144], [115.7294682086086, 40.364367236261295], [115.72911495658542, 40.36436335444634], [115.72911664841067, 40.3642732843163], [115.72888114741332, 40.36427069584862], [115.72888283954424, 40.3641806257253], [115.72876508921367, 40.364179331315775], [115.72876678149362, 40.364089261195076], [115.72864903132732, 40.3640879666698], [115.72865072375627, 40.36399789655175], [115.72853297375427, 40.36399660191073], [115.72853466633222, 40.3639065317953], [115.72841691649451, 40.36390523703852], [115.72841860922146, 40.36381516692573], [115.72830085954803, 40.36381387205321], [115.72830255242401, 40.36372380194304], [115.72818480291484, 40.363722506954765], [115.72818818895715, 40.36354236673823], [115.72807043976891, 40.36354107163832], [115.72807382609398, 40.36336093142411], [115.72795607722665, 40.36335963621255], [115.72795777053437, 40.36326956610734], [115.72784002183134, 40.36326827078003], [115.72784340873713, 40.36308813057344], [115.72772566035499, 40.36308683513447], [115.72773243470141, 40.36272655472008], [115.72785018245698, 40.36272785014265], [115.72785187586784, 40.362637780031285], [115.72796962347441, 40.362639075329895], [115.72797131672101, 40.36254900521297], [115.72820681164377, 40.36255159544248], [115.72820850456947, 40.362461525315894], [115.72832625188566, 40.36246282024678], [115.72833133014699, 40.36219260984591], [115.72844907700095, 40.36219390464467], [115.72845415472365, 40.36192369421832], [115.7283364083396, 40.361922399431855], [115.72833979376314, 40.36174225914847], [115.7282220477, 40.361740964250366], [115.72822374055694, 40.36165089411058], [115.72787050288318, 40.361647008709525], [115.72787219620237, 40.361556938580556], [115.72751895906727, 40.36155305211326], [115.72752065284868, 40.36146298199514], [115.72728516177673, 40.361460390425954], [115.72728685586378, 40.361370320314556], [115.72716911049591, 40.36136902435432], [115.72717080473191, 40.361278954245556], [115.7270530595283, 40.36127765816957], [115.72705475391332, 40.36118758806346], [115.72693700887396, 40.36118629187175], [115.72693870340794, 40.36109622176827], [115.72682095853287, 40.361094925460826], [115.72682434789115, 40.36091478525766], [115.72635336972026, 40.36090959886234], [115.72635506501442, 40.360819528774975], [115.72611957628808, 40.36081693486651], [115.7261246630644, 40.36054672462027], [115.72600691918258, 40.36054542749859], [115.72600861491601, 40.360455357417685], [115.72612635864122, 40.360456654535255], [115.72612974977189, 40.36027651436082], [115.72636523661878, 40.36027910822002], [115.7263669318594, 40.360189038122385], [115.72648467513771, 40.360190334868136], [115.72648637021408, 40.360100264764945], [115.72672185648038, 40.36010285788874], [115.72672524598372, 40.35992271766155], [115.72684298881512, 40.3599240140355], [115.7268446833987, 40.35983394391558], [115.7267269407239, 40.35983264754574], [115.72672863545647, 40.35974257742848], [115.72684637797462, 40.35974387379421], [115.72684976710357, 40.35956373354708], [115.72673202489864, 40.359562437189545], [115.72673371960825, 40.35947236706787], [115.72649823553449, 40.359469774001525], [115.72649993054969, 40.359379703886596], [115.72614670496625, 40.35937581340067], [115.72615009591337, 40.35919567319105], [115.72603235438072, 40.35919437613095], [115.72603404999941, 40.35910430602805], [115.72591630863104, 40.35910300885224], [115.72591461285575, 40.35919307895104], [115.72579687133842, 40.3591917816513], [115.72579347945168, 40.359371921836285], [115.72555799581355, 40.35936932686089], [115.72556138832672, 40.35918918669232], [115.72532590534561, 40.359186591254044], [115.72532760190394, 40.35909652117578], [115.72497437795954, 40.35909262713198], [115.72497607498003, 40.35900255706457], [115.72485833383713, 40.35900125881443], [115.72486003100657, 40.35891118874966], [115.72462454905698, 40.358908591898114], [115.72462624653197, 40.3588185218401], [115.72450850572528, 40.35881722323869], [115.7245068080937, 40.358907293292596], [115.72438906713803, 40.35890599456725], [115.72439076492623, 40.358815924517465], [115.72427302413485, 40.3588146256764], [115.724274722072, 40.35872455562926], [115.72415698144488, 40.3587232566725], [115.72415867953096, 40.35863318662799], [115.72392319861291, 40.3586305883632], [115.72392489700455, 40.35854051832545], [115.72368941643033, 40.35853791958959], [115.7236877177255, 40.35862798961911], [115.72333449645187, 40.35862409060429], [115.72333619562652, 40.3585340205871], [115.72321845537391, 40.35853272067996], [115.72322015469749, 40.358442650665424], [115.72310241460914, 40.35844135064257], [115.72310411408168, 40.358351280630686], [115.72298637415759, 40.358349980492115], [115.72298807377904, 40.358259910482886], [115.72287033401923, 40.35825861022862], [115.72287203378961, 40.358168540222024], [115.72263655460621, 40.35816593936226], [115.72263825468212, 40.35807586936243], [115.72252051525852, 40.35807456875692], [115.72252221548337, 40.35798449875974], [115.72228673697236, 40.3579818971975], [115.72228843750274, 40.357891827207084], [115.72205295933561, 40.35788922517379], [115.72205466017151, 40.35779915519015], [115.72193692125606, 40.35779785399788], [115.72193862224087, 40.35770778401691], [115.72170314474617, 40.357705181281155], [115.7217048460365, 40.35761511130695], [115.72158710745727, 40.357613809763464], [115.72158880889653, 40.35752373979189], [115.72147107048154, 40.35752243813269], [115.72147277206972, 40.35743236816378], [115.72135503381901, 40.357431066388905], [115.72135843728552, 40.357250926454924], [115.7211229614335, 40.35724832256217], [115.72112806751522, 40.35697811267492], [115.72089259263346, 40.356975508327636], [115.72089089030072, 40.357065578283276], [115.72077315271477, 40.35706427592578], [115.72077485520411, 40.35697420597426], [115.72065711778244, 40.356972903501074], [115.72065541513653, 40.35706297344847], [115.72053767756594, 40.35706167085134], [115.72053938036844, 40.35697160090806], [115.72030390556348, 40.35696899536261], [115.7203022024478, 40.357059065297626], [115.72018446490027, 40.35705776234105], [115.72018616817255, 40.35696769241014], [115.71983295604583, 40.356963782833866], [115.71983465978018, 40.35687371291386], [115.71959918538063, 40.35687110593884], [115.71960088942049, 40.35678103602564], [115.71948315238882, 40.35677973236253], [115.71948656075861, 40.35659959253995], [115.71936882404782, 40.356598288765284], [115.7193705283778, 40.356508218855915], [115.71925279183127, 40.35650691496556], [115.71925449631011, 40.35641684505885], [115.71901902355332, 40.35641423692694], [115.71902072833765, 40.35632416702702], [115.71913846455564, 40.35632547114875], [115.71914528298973, 40.355965191517924], [115.71879207623786, 40.355961278842805], [115.71879378129691, 40.35587120894381], [115.71714548622934, 40.355852935593404], [115.71714377897817, 40.35594300543456], [115.7163196309143, 40.35593385992423], [115.71631792255937, 40.35602392973497], [115.71608245144016, 40.35602131564543], [115.71608074276435, 40.35611138544644], [115.71584527136282, 40.35610877086938], [115.7158469803518, 40.35601870107664], [115.71572924481916, 40.356017393612525], [115.71573095395699, 40.35592732382246], [115.71561321858867, 40.355926016242684], [115.71562005568921, 40.35556573708432], [115.7155023209549, 40.355564429401284], [115.71550573977204, 40.355384289821586], [115.71527027095289, 40.355381674112614], [115.71527198066305, 40.35529160432885], [115.71515424642159, 40.35529029629878], [115.71515595628064, 40.35520022651769], [115.71503822220348, 40.35519891837196], [115.71503993221134, 40.35510884859353], [115.71480446439334, 40.355106231950934], [115.71480617470665, 40.355016162179325], [115.71468844096579, 40.355014853682455], [115.71469015142796, 40.35492478391352], [115.71457241785139, 40.35492347530098], [115.71457412846242, 40.354833405534706], [115.71445639505012, 40.35483209680651], [115.71445981656217, 40.35465195727785], [115.71422435038701, 40.354649339478605], [115.71422606144462, 40.35455926972036], [115.71410832852519, 40.35455796064517], [115.71411003973161, 40.35446789088961], [115.71387457422908, 40.35446527238809], [115.71387628574092, 40.35437520263935], [115.71364082058238, 40.354372583666894], [115.71364253239965, 40.35428251392497], [115.71340706758515, 40.35427989448159], [115.7134087797078, 40.354189824746484], [115.71305558301368, 40.35418589469532], [115.71305729559832, 40.35409582497119], [115.71293956353897, 40.354094514718675], [115.71294127627245, 40.35400444499722], [115.71282354437737, 40.354003134629046], [115.71282525725971, 40.35391306491029], [115.71258979380585, 40.35391044382281], [115.71259150699356, 40.353820374110875], [115.71247377543482, 40.35381906339158], [115.71247548877137, 40.35372899368232], [115.71235775737689, 40.35372768284738], [115.71235947086228, 40.3536376131408], [115.71224173963209, 40.3536363021902], [115.71224345326631, 40.35354623248631], [115.71212572220041, 40.35354492142006], [115.71212743598348, 40.353454851718844], [115.71200970508188, 40.35345354053694], [115.71201141901375, 40.35336347083842], [115.71189368827645, 40.35336215954086], [115.71189540235716, 40.35327208984502], [115.71177767178415, 40.35327077843181], [115.71178110023546, 40.35309063904401], [115.71166336998328, 40.35308932751931], [115.71166508435391, 40.35299925782736], [115.71154735426602, 40.35299794618702], [115.71154906878547, 40.35290787649775], [115.71143133886189, 40.35290656474176], [115.71143305353016, 40.35281649505517], [115.71131532377083, 40.35281518318352], [115.71131703858794, 40.35272511349963], [115.7111993089929, 40.35272380151234], [115.71120273891697, 40.35254366214845], [115.7110850096428, 40.35254235004966], [115.71108843984901, 40.35236221068821], [115.7109707108957, 40.352360898477926], [115.71097414138407, 40.35218075911891], [115.71085641275158, 40.352179446797145], [115.7108598435221, 40.351999307440565], [115.71074211521044, 40.35199799500732], [115.71074383074064, 40.35190792533098], [115.71062610259328, 40.35190661278208], [115.71062953394355, 40.3517264734333], [115.71051180611701, 40.351725160772936], [115.71051695355402, 40.35145495175123], [115.71039922620484, 40.35145363898353], [115.71040094215824, 40.35136356931085], [115.71028321497336, 40.3513622564275], [115.71028664717002, 40.351182117086054], [115.71016892030597, 40.35118080409123], [115.71017063654924, 40.351090734422456], [115.71005290984945, 40.351089421312], [115.71005462624152, 40.35099935164591], [115.70993689970602, 40.350998038419824], [115.70993861624686, 40.35090796875643], [115.70982088987567, 40.3509066554147], [115.7098226065653, 40.35081658575398], [115.70970488035837, 40.35081527229662], [115.70971003085046, 40.35054506331817], [115.7095923051209, 40.3505437497535], [115.7096111913841, 40.34955298343187], [115.7097289153918, 40.34955429695081], [115.70973749896446, 40.349103948543295], [115.70985522219728, 40.34910526192167], [115.70986380479371, 40.348654913456684], [115.70998152725164, 40.348656226694494], [115.70998667624704, 40.34838601758542], [115.71010439824316, 40.34838733069097], [115.71010954669931, 40.34811712155622], [115.71022726823361, 40.348118434529525], [115.71023070018597, 40.347938295090714], [115.710348421415, 40.34793960793594], [115.71035356881595, 40.347669398754235], [115.71047128958315, 40.347670711467224], [115.71047472083205, 40.347490571997106], [115.71059244129398, 40.347491884582006], [115.71059415675032, 40.34740181484059], [115.71071187706346, 40.34740312730155], [115.71072045344648, 40.34695277855172], [115.71048501439302, 40.346950153551546], [115.71048672995943, 40.34686008380548], [115.71013357190678, 40.3468561454194], [115.71013528793496, 40.34676607568434], [115.70919353472063, 40.34675556808471], [115.70919181744037, 40.346845637786515], [115.70895637890123, 40.346843009680555], [115.70895466130023, 40.346933079372576], [115.70871922247903, 40.34693045077921], [115.70871750455728, 40.34702052046145], [115.70848206545409, 40.347017891380666], [115.70848034721156, 40.347107961053105], [115.70812718814538, 40.34710401652115], [115.70812546942557, 40.34719408617965], [115.70777230995964, 40.347190140557245], [115.70777059076252, 40.34728021020179], [115.70753515084432, 40.34727757917964], [115.70753343132647, 40.347367648814384], [115.7074157112225, 40.34736633311949], [115.70741399154035, 40.3474564027486], [115.70729627128762, 40.34745508692976], [115.70729455144121, 40.34754515655323], [115.7071768310397, 40.34754384061046], [115.70717511102904, 40.34763391022831], [115.70705739047881, 40.347632594161595], [115.70705567030384, 40.34772266377381], [115.70693794960485, 40.347721347583146], [115.70693622926562, 40.34781141718972], [115.7068185084179, 40.34781010087513], [115.70681506740313, 40.347990240075525], [115.70669734625011, 40.34798892363282], [115.70669562557458, 40.348078993226665], [115.70657790427282, 40.348077676660004], [115.706576183433, 40.348167746248215], [115.70645846198248, 40.348166429557615], [115.70645674097837, 40.34825649914018], [115.7062212977876, 40.34825386539132], [115.7062195764627, 40.348343934964085], [115.70610185472245, 40.34834261790581], [115.70610013323326, 40.348432687472936], [115.70598241134424, 40.34843137029071], [115.70598068969078, 40.3485214398522], [115.70574524562302, 40.348518805120094], [115.70574352364875, 40.34860887467179], [115.70562580146999, 40.34860755712188], [115.70562407933143, 40.34869762666793], [115.7053886346842, 40.34869499120045], [115.70538691222481, 40.34878506073668], [115.70515146729564, 40.34878242478175], [115.70514974451544, 40.348872494308175], [115.70491429930429, 40.34886985786577], [115.7049125762033, 40.348959927382374], [115.70444168524817, 40.34895465304351], [115.70444340897525, 40.3488645835436], [115.70409024131013, 40.348860626544266], [115.704091965499, 40.348770557055396], [115.70373879837342, 40.34876659899057], [115.70374052302408, 40.348676529512765], [115.70350507862565, 40.34867389021233], [115.70350680358156, 40.34858382074142], [115.70338908155054, 40.34858250091572], [115.70339080665518, 40.3484924314475], [115.70327308478846, 40.34849111150619], [115.70327481004186, 40.34840104204069], [115.70303936664479, 40.34839840180709], [115.70304109220343, 40.34830833234849], [115.70292337067308, 40.34830701205619], [115.70292509638047, 40.348216942600295], [115.70280737501443, 40.3482156221924], [115.70280910087052, 40.34812555273921], [115.70269137966878, 40.34812423221573], [115.70269310567362, 40.348034162765245], [115.70257538463619, 40.34803284212617], [115.70257711078975, 40.3479427726784], [115.70198850650193, 40.347936167707225], [115.7019867795658, 40.348026237134086], [115.70139817469017, 40.3480196291476], [115.70139644696366, 40.34810969855207], [115.70092556257737, 40.34810440999016], [115.70092729092995, 40.348014340602425], [115.70069184909659, 40.34801169561118], [115.7006935777544, 40.34792162623033], [115.70057585700594, 40.347920303559235], [115.70057758581244, 40.34783023418112], [115.70045986522828, 40.34782891139443], [115.70046159418351, 40.347738842019034], [115.70034387376367, 40.34773751911675], [115.70034560286761, 40.347647449744066], [115.69999244212445, 40.347643480331136], [115.69999417169011, 40.347553410969546], [115.69964101148669, 40.34754944049121], [115.69963928145151, 40.347639509840235], [115.6994038410419, 40.347636862247434], [115.69940211068585, 40.3477269315866], [115.69928439033625, 40.34772560760633], [115.6992826598159, 40.347815676939845], [115.6991649393176, 40.34781435283561], [115.69916320863291, 40.34790442216347], [115.69904548798591, 40.34790309793528], [115.6990368336629, 40.348353444531554], [115.6991545550925, 40.348354768780695], [115.69915282436101, 40.34844483809974], [115.69927054595493, 40.348446162233294], [115.69926881537212, 40.348536231555066], [115.6991510936217, 40.34853490741732], [115.69914936287456, 40.348624976733404], [115.69903164097542, 40.348623652471694], [115.69902991006397, 40.348713721782126], [115.69879446597606, 40.348711072890964], [115.69879273474379, 40.348801142191554], [115.69855729037405, 40.34879849281289], [115.69855555882093, 40.34888856210361], [115.69832011416942, 40.34888591223745], [115.69831838229541, 40.34897598151833], [115.6977297700208, 40.34896935473578], [115.6977315026774, 40.34887928547586], [115.69761378040243, 40.34887795976422], [115.69762937536875, 40.348067336396745], [115.69751165451025, 40.34806601060308], [115.69752031888943, 40.347615664257376], [115.69740259882131, 40.34761433836492], [115.69740779782454, 40.347344130552464], [115.69752551742313, 40.347345456432336], [115.69753591427948, 40.34680504074259], [115.69741819561993, 40.346803714887905], [115.69741992855846, 40.346713645605334], [115.6968313361605, 40.346707014556294], [115.69682960243944, 40.346797083817876], [115.69659416522198, 40.34679443055147], [115.69659243118011, 40.34688449980318], [115.69647471242659, 40.34688317298612], [115.69647297822038, 40.34697324223216], [115.69623754042385, 40.346970588230334], [115.6962358058968, 40.347060657466514], [115.69588264879116, 40.34705667555288], [115.69588438378773, 40.346966606329296], [115.69564894606944, 40.346963951129744], [115.69565068137118, 40.34687388191312], [115.69553296268029, 40.34687255413789], [115.69553469813069, 40.34678248492398], [115.6952992610854, 40.34677982902262], [115.695300996841, 40.34668975981565], [115.69518327848658, 40.346688431689515], [115.69518675028728, 40.34650829327959], [115.69506903225373, 40.346506965042096], [115.69507250433611, 40.34632682663469], [115.69495478662336, 40.346325498285836], [115.6949565228093, 40.34623542908414], [115.6948388052609, 40.34623410061972], [115.6948405415955, 40.34614403142075], [115.69472282421144, 40.34614270284077], [115.6947245606947, 40.34605263364453], [115.69460684347496, 40.346051304948986], [115.6946085801069, 40.3459612357555], [115.69437314600388, 40.34595857801351], [115.694374882941, 40.345868508826975], [115.69413944918234, 40.34586585061433], [115.69413771193226, 40.34595591979248], [115.69401999490819, 40.345954590502295], [115.69401825749375, 40.346044659674746], [115.69390054032101, 40.346043330260606], [115.69389880274225, 40.34613339942738], [115.69378108542087, 40.34613206988926], [115.69377934767776, 40.34622213905037], [115.69366163020773, 40.346220809388264], [115.69365815438503, 40.346400947697646], [115.69354043660981, 40.34639961790735], [115.69353869853019, 40.34648968705564], [115.69342098060632, 40.34648835714137], [115.6934175041106, 40.3466684954251], [115.69329978588155, 40.34666716538265], [115.69329630904143, 40.34684730365208], [115.69317859050726, 40.34684597348144], [115.69317685191892, 40.34693604260974], [115.69305913323608, 40.34693471231512], [115.69305739448339, 40.34702478143775], [115.69293967565187, 40.34702345101915], [115.69293619781, 40.34720358925155], [115.69281847867333, 40.34720225870476], [115.69281500048704, 40.34738239692288], [115.6926972810452, 40.347381066247884], [115.6926955417838, 40.34747113535052], [115.69246010261061, 40.34746847363278], [115.69245836302834, 40.347558542725544], [115.69222292357352, 40.3475558805203], [115.69222466346882, 40.34746581143597], [115.6921069439097, 40.34746448015789], [115.69210868395365, 40.34737441107631], [115.6919909645589, 40.34737307968268], [115.6919979252822, 40.34701280335853], [115.69211564405094, 40.3470141347353], [115.69211912405248, 40.346833996555986], [115.69223684251608, 40.34683532780455], [115.69224206199004, 40.34656512051191], [115.69235977999197, 40.34656645162809], [115.69236325928902, 40.346386313417206], [115.6924809769858, 40.346387644405176], [115.69248619540306, 40.346117437065224], [115.6926039126382, 40.34611876792079], [115.69260913051532, 40.34584856055498], [115.69284456407016, 40.34585122188154], [115.69284630303385, 40.34576115274823], [115.6929640196665, 40.34576248322766], [115.69296749725738, 40.34558234494823], [115.69308521358492, 40.34558367529946], [115.69308869083146, 40.34540353700572], [115.69320640685385, 40.345404867228766], [115.69321162219532, 40.345134659764526], [115.69309390664243, 40.34513332955411], [115.69309564523037, 40.34504326040063], [115.6929779298418, 40.34504193007466], [115.6929796685784, 40.34495186092392], [115.69250880772844, 40.34494653843926], [115.69251054708317, 40.344856469303906], [115.69227511701826, 40.34485380735143], [115.69227337735053, 40.344943876478354], [115.69192023184253, 40.34493988263878], [115.69190805066262, 40.34557036639769], [115.69155490193897, 40.34556637139174], [115.69155664260056, 40.345476302300376], [115.69143892653152, 40.34547497039641], [115.69144066734177, 40.345384901307796], [115.69132295143707, 40.34538356928829], [115.69132469239594, 40.34529350020242], [115.69120697665561, 40.34529216806737], [115.69121045886276, 40.34511202989963], [115.69109274344325, 40.345110697653254], [115.69109448469153, 40.34502062857141], [115.69097676943638, 40.34501929620947], [115.69097851083329, 40.34492922713038], [115.69086079574247, 40.34492789465289], [115.69086253728803, 40.344837825576555], [115.69050939253218, 40.344833827438194], [115.69050765051716, 40.34492389650188], [115.69038993545779, 40.34492256354535], [115.69038819327842, 40.34501263260337], [115.69015276287026, 40.34500996632257], [115.69014927786202, 40.345190104417306], [115.69003156235675, 40.34518877108883], [115.69002981968433, 40.345278840129765], [115.68991210403044, 40.345277506677306], [115.6899103611937, 40.34536757571255], [115.68979264539115, 40.34536624213611], [115.68979090239004, 40.34545631116566], [115.68967318643888, 40.34545497746524], [115.68967144327343, 40.3455450464891], [115.68955372717365, 40.345543712664686], [115.68955198384384, 40.34563378168287], [115.68943426759542, 40.34563244773447], [115.6894307805992, 40.34581258575797], [115.68931306404566, 40.345811251681354], [115.68931132037929, 40.34590132068667], [115.68919360367711, 40.34589998648607], [115.68919185984636, 40.3459900554857], [115.68895642615263, 40.34598738671676], [115.68895817029637, 40.34589731772558], [115.6888404536178, 40.34589598316568], [115.68884394219468, 40.34571584518736], [115.68872622583697, 40.34571451051614], [115.6887349479239, 40.34526416556573], [115.68885266349918, 40.34526550021583], [115.68885615196587, 40.34508536221692], [115.68897386723603, 40.345086696738804], [115.6889756113011, 40.34499662773293], [115.68909332642262, 40.34499796213082], [115.68909681421619, 40.34481782410621], [115.6892145290326, 40.3448191583759], [115.68921976019449, 40.34454895131529], [115.68933747454932, 40.344550285452534], [115.68934096163831, 40.34437014739635], [115.68945867568803, 40.34437148140539], [115.68946041906422, 40.34428141237086], [115.68957813296534, 40.344282746255935], [115.6895816193812, 40.34410260817403], [115.68969933297718, 40.3441039419309], [115.68970281904863, 40.34392380383468], [115.68982053233954, 40.34392513746334], [115.68982401806656, 40.34374499935279], [115.6899417310524, 40.34374633285326], [115.68994347374765, 40.34365626379156], [115.69006118658484, 40.343657597168054], [115.69006467163881, 40.343477459031796], [115.6901823841709, 40.3434787922801], [115.69018586888046, 40.34329865412955], [115.69006815666131, 40.343297320889675], [115.69006989916078, 40.3432072518164], [115.68995218710597, 40.34320591846103], [115.68995392975404, 40.34311584939051], [115.68971850598095, 40.343113182328906], [115.6897202489341, 40.34302311326537], [115.68960253721582, 40.34302177955916], [115.6896042803176, 40.34293171049836], [115.68948656876364, 40.34293037667662], [115.689488312014, 40.34284030761859], [115.6893706006244, 40.34283897368131], [115.68937234402338, 40.34274890462603], [115.68913692158068, 40.342746236400664], [115.68913866528474, 40.34265616735235], [115.68890324318645, 40.342653498656425], [115.68890498719557, 40.34256342961509], [115.68866956544169, 40.3425607604486], [115.68867130975589, 40.34247069141425], [115.6884358883464, 40.34246802177721], [115.68843763296569, 40.342377952749835], [115.68808450137985, 40.34237394740881], [115.68808624646067, 40.34228387839264], [115.6877331154151, 40.342279871986534], [115.68773486095742, 40.34218980298159], [115.68761715078111, 40.342188467277616], [115.68761889647203, 40.34209839827543], [115.68738347645598, 40.34209572651668], [115.68738522245197, 40.34200565752147], [115.68703209295631, 40.34200164899793], [115.6870338394138, 40.341911580013935], [115.68609216235714, 40.3419008853827], [115.68609391005845, 40.341810816431085], [115.68562307234515, 40.34180546625844], [115.68562656897582, 40.34162532838468], [115.6857442780794, 40.341626666099], [115.68574602622645, 40.341536597155674], [115.68562831727932, 40.34153525944559], [115.68563006557495, 40.34144519050504], [115.684570686814, 40.34143314576381], [115.68456893711024, 40.34152321466624], [115.68409810168473, 40.34151785831755], [115.68409635134724, 40.34160792720156], [115.68374322439162, 40.34160390866997], [115.68374497519846, 40.3415138397987], [115.68315643121268, 40.34150713987233], [115.68315818279393, 40.34141707102078], [115.68292276556784, 40.34141439022049], [115.6829245174541, 40.34132432137595], [115.68280680900935, 40.341322980800435], [115.68280856104418, 40.34123291195867], [115.68257314449133, 40.34123023045689], [115.68257489683116, 40.341140161622135], [115.68233948062284, 40.34113747964986], [115.68234123326768, 40.341047410822135], [115.68198810948385, 40.34104338697836], [115.68198986259016, 40.34095331816191], [115.68187215483447, 40.34095197664541], [115.68187040157171, 40.34104204545762], [115.68151727788279, 40.341038020176924], [115.68151552414275, 40.34112808897491], [115.68057386006879, 40.34111734959031], [115.68057210506919, 40.34120741835285], [115.6804543969391, 40.34120607538667], [115.6804491314235, 40.34147628165273], [115.68056684002296, 40.341477624631665], [115.68056332995256, 40.34165776214351], [115.68068103887286, 40.34165910501119], [115.68067577417726, 40.341929311280694], [115.68079348357486, 40.34193065404138], [115.68078997405112, 40.34211079155553], [115.68067226434063, 40.34210944878634], [115.68066699952627, 40.34237965503379], [115.68054928935429, 40.3423783121321], [115.68054753424389, 40.34246838087405], [115.68042982392335, 40.34246703784836], [115.68042806864855, 40.3425571065846], [115.68019264771831, 40.34255442016546], [115.68019089212265, 40.34264448889172], [115.67983776031727, 40.34264045835214], [115.67983951638232, 40.34255038963864], [115.67972180595281, 40.342549045890195], [115.6797235621664, 40.34245897717947], [115.67948814164414, 40.342456289331835], [115.67948989816273, 40.34236622062816], [115.67925447798507, 40.34236353231004], [115.67925623480866, 40.34227346361339], [115.67913852488819, 40.34227211927896], [115.67914203882455, 40.342091981889766], [115.67902432922493, 40.342090637444095], [115.67903838590502, 40.34137008786254], [115.67892067756497, 40.341368743331174], [115.67892243477077, 40.34127867463111], [115.67880472659513, 40.34127732998426], [115.67880648394947, 40.34118726128698], [115.67857106793487, 40.34118457164254], [115.67857282559419, 40.34109450295232], [115.67821970210112, 40.34109046760034], [115.67821794397246, 40.3411805362778], [115.67798252803715, 40.341177845435915], [115.67798076958763, 40.34126791410338], [115.67750993718641, 40.34126253096563], [115.67750817810315, 40.34135259961459], [115.67727276163721, 40.34134990731874], [115.67727100223308, 40.3414399759577], [115.67715329385558, 40.34143862962589], [115.67714977471061, 40.34161876689088], [115.6770320660281, 40.3416174204308], [115.67703030628728, 40.34170748905684], [115.67691259745627, 40.34170614247276], [115.676910837551, 40.34179621109305], [115.67679312857148, 40.34179486438495], [115.67678960842426, 40.3419750016126], [115.67667189913975, 40.34197365477625], [115.67667013889776, 40.342063723383596], [115.67643472003964, 40.34206102934309], [115.6764329594768, 40.34215109794045], [115.67596212122999, 40.34214570840541], [115.67596388241869, 40.342055639825105], [115.6758461730333, 40.34205429214623], [115.67586026350853, 40.341333743484995], [115.67574255538274, 40.34133239572051], [115.67574607823504, 40.34115225854901], [115.67562837043012, 40.34115091067332], [115.67563013200078, 40.34106084208963], [115.67551242436026, 40.34105949409846], [115.67551418607945, 40.34096942551757], [115.67539647860332, 40.34096807741092], [115.675398240471, 40.34087800883283], [115.6752805331593, 40.340876660610704], [115.67528229517548, 40.34078659203539], [115.67516458802817, 40.3407852436978], [115.67516635019287, 40.34069517512529], [115.67493093623499, 40.3406924780994], [115.67493269870462, 40.34060240953398], [115.67446187151006, 40.34059701406236], [115.67446363459754, 40.34050694551254], [115.67316886218968, 40.340492098133915], [115.67317062699014, 40.340402029629615], [115.67293521424143, 40.340399328558156], [115.67293697934684, 40.340309260060934], [115.67258386075282, 40.34030520756851], [115.67258562631962, 40.340215139082645], [115.67140856642177, 40.34020162303426], [115.67141033354505, 40.34011155458971], [115.67117492197401, 40.34010884995171], [115.6711766894022, 40.340018781514246], [115.67094127817593, 40.34001607640587], [115.67094304590904, 40.33992600797549], [115.67047222417796, 40.339920596339], [115.67047045581909, 40.34001066475224], [115.67023504468851, 40.340007958206996], [115.67023327600877, 40.34009802661021], [115.66999786459725, 40.34009531957745], [115.66999609559664, 40.34018538797062], [115.66964297806985, 40.34018132651058], [115.66964120859191, 40.34027139488943], [115.66952350260917, 40.340270040825644], [115.66952173296681, 40.340360109198734], [115.66928632071239, 40.34035740070339], [115.66928455074915, 40.34044746906643], [115.66916684447746, 40.34044611463486], [115.6691650743498, 40.340536182992146], [115.66822342321217, 40.340525343194656], [115.66822519459141, 40.34043527487167], [115.66775436984013, 40.34042985211632], [115.66775614183716, 40.34033978380905], [115.66728531783953, 40.34033435915504], [115.66728354521672, 40.340424427445136], [115.66716583908088, 40.340423070978], [115.66716406629361, 40.34051313926234], [115.66704636000931, 40.34051178267117], [115.66703926815453, 40.34087205577666], [115.66715697506464, 40.34087341238501], [115.66715342940215, 40.341053548937516], [115.66727113663318, 40.34105490543472], [115.66726581854883, 40.34132511026532], [115.66714811084849, 40.34132375375523], [115.66714456510606, 40.34150389029302], [115.66702685710077, 40.341502533654605], [115.66702508406112, 40.34159260191701], [115.66596571096555, 40.341580386744155], [115.66596748541332, 40.34149031852043], [115.66514353010459, 40.341480811154845], [115.66514175456165, 40.34157087934848], [115.66490633851834, 40.341568161872026], [115.66490456265446, 40.34165823005559], [115.66478685448836, 40.341656871133445], [115.66478330242369, 40.341837007487555], [115.66466559395269, 40.34183564843706], [115.6646602653262, 40.34210585294428], [115.66454255639384, 40.34210449376113], [115.6645372272259, 40.342374698242196], [115.66441951783216, 40.34237333892639], [115.66441774127037, 40.3424634070795], [115.66430003172819, 40.34246204763965], [115.66429825500191, 40.34255211578699], [115.66418054531128, 40.34255075622309], [115.66417876842053, 40.34264082436464], [115.66406105858145, 40.3426394646767], [115.6640592815262, 40.34272953281247], [115.6638238615592, 40.34272681306872], [115.663822084183, 40.34281688119443], [115.66311582353559, 40.34280871906334], [115.66311760185053, 40.342718650963484], [115.66288218201183, 40.34271592930374], [115.66288573924352, 40.34253579311682], [115.66276802964911, 40.34253443211595], [115.66276980840938, 40.34244436402458], [115.66265209897948, 40.34244300290826], [115.66265565678889, 40.34226286672973], [115.66253794767992, 40.34226150550229], [115.66254506382828, 40.3419012331448], [115.66242735535316, 40.341899871814846], [115.66243980939902, 40.341269395162755], [115.66255751677896, 40.34127075646255], [115.66256285363745, 40.34100055214805], [115.66268056055607, 40.34100191331518], [115.66268411810871, 40.34082177708956], [115.66280182472245, 40.34082313812833], [115.66280360333027, 40.340733070008994], [115.66292130979559, 40.340734430923725], [115.6629248666743, 40.34055429467201], [115.66304257283474, 40.34055565545839], [115.66304435110561, 40.34046558732603], [115.66316205711763, 40.340466947988354], [115.66316383522404, 40.340376879850204], [115.66328154108764, 40.340378240388475], [115.66328331902959, 40.34028817224456], [115.66340102474473, 40.340289532658794], [115.66340280252224, 40.3401994645091], [115.66352050808896, 40.34020082479929], [115.66352406330701, 40.34002068848685], [115.66340635805315, 40.34001932820529], [115.66341169128937, 40.339749123738535], [115.66329398651287, 40.33974776335013], [115.66329754227647, 40.33956762704021], [115.66317983782086, 40.3395662665407], [115.66318517187543, 40.3392960620777], [115.6629497639269, 40.33929334074529], [115.66295154224193, 40.33920327259663], [115.66248072706685, 40.33919782851223], [115.66247894812608, 40.339287896643675], [115.66118420533596, 40.33927291548617], [115.66118242466636, 40.33936298356872], [115.66094701667787, 40.33936025815674], [115.66094523568738, 40.339450326229176], [115.66082753154872, 40.33944896333926], [115.66082575039376, 40.33953903140593], [115.66011952479202, 40.33953085152617], [115.66011417846303, 40.33980105563964], [115.65999647375489, 40.339799691894314], [115.6599946914727, 40.33988975992488], [115.65975928176768, 40.33988703206641], [115.65976106436273, 40.33979696404448], [115.65964335967873, 40.33979559993996], [115.65964514242219, 40.339705531920885], [115.65976284694976, 40.33970689602107], [115.65976462952872, 40.33961682799621], [115.65964692515759, 40.33961546390032], [115.65965049060432, 40.3394353278548], [115.65953278655408, 40.339433963647814], [115.65953100367831, 40.339524031667], [115.65941329947968, 40.339522667335956], [115.65940973339114, 40.339702803361256], [115.65929202888769, 40.339701438901855], [115.6592902456749, 40.339791506907986], [115.65893713174349, 40.33978741279839], [115.65893534805336, 40.33987748079007], [115.6588176432692, 40.33987611584308], [115.65881585941456, 40.33996618382898], [115.65858044955753, 40.339963453567144], [115.65858223372501, 40.33987338558989], [115.65822911946911, 40.33986928931208], [115.65823447333132, 40.33959908541036], [115.65811676906475, 40.33959771975792], [115.65812033857883, 40.33941758382472], [115.65800263463322, 40.339416218061196], [115.65800977419052, 40.33905594619443], [115.65777436757489, 40.33905321434276], [115.65777615275694, 40.338963146381026], [115.65754074648639, 40.338960414059095], [115.65754253197328, 40.338870346104535], [115.65707172015455, 40.33886488004114], [115.65707350625908, 40.338774812102415], [115.65566107345369, 40.338758402470006], [115.65566286142733, 40.33866833458174], [115.6555451589024, 40.33866696633846], [115.65554873513835, 40.33848683056619], [115.65531333073837, 40.33848409373774], [115.6553151191571, 40.33839402585807], [115.65519741712565, 40.338392657268585], [115.65519562855047, 40.338482725143926], [115.65448941559256, 40.338474511066714], [115.6544912051063, 40.33838444321737], [115.65402039725481, 40.338378964788646], [115.65402218738618, 40.33828889695517], [115.65355138028961, 40.33828341662814], [115.65355317103861, 40.338193348810506], [115.65343546944106, 40.33819197843376], [115.6534372603384, 40.33810191061903], [115.6533195589054, 40.338100540126895], [115.65332314098869, 40.337920404501666], [115.6532054398766, 40.33791903389849], [115.65320723106255, 40.337828966088004], [115.65308953011497, 40.337827595369426], [115.65309132144927, 40.33773752756181], [115.65297362066617, 40.33773615672785], [115.65297541214878, 40.337646088923094], [115.65285771153022, 40.33764471797374], [115.65285950316117, 40.33755465017186], [115.6527418027071, 40.33755327910713], [115.65274538625765, 40.33737314350762], [115.65250998599939, 40.33737040103634], [115.6525117780754, 40.33728033324305], [115.65239407811478, 40.337278961832155], [115.6523958703391, 40.337188894041745], [115.65227817054303, 40.33718752251548], [115.65227996291569, 40.337097454727925], [115.6520445636606, 40.3370947113249], [115.65204814900733, 40.336914575762755], [115.65193044970474, 40.33691320389034], [115.65193403533196, 40.33673306833097], [115.65181633635028, 40.33673169634752], [115.65181992225799, 40.336551560790966], [115.65158452494455, 40.33654881648227], [115.6515863181991, 40.33645874871046], [115.65135092123084, 40.33645600393157], [115.65134733408804, 40.33663613945634], [115.65122963530324, 40.33663476687863], [115.6512278415633, 40.33672483463445], [115.65111014263013, 40.33672346193267], [115.6511083487257, 40.336813529682686], [115.65099064964426, 40.33681215685683], [115.65098885557529, 40.33690222460103], [115.65075345712383, 40.33689947858148], [115.65074986833598, 40.33707961404805], [115.65063216880952, 40.33707824084999], [115.65062499051102, 40.3374385117481], [115.65050729036703, 40.33743713841294], [115.65050370085638, 40.33761727384444], [115.65038600040762, 40.33761590038087], [115.65038241055174, 40.337796035797794], [115.65026470979826, 40.337794662205795], [115.65026291470176, 40.33788472990769], [115.64990981202062, 40.33788060840029], [115.64990801644674, 40.33797067608768], [115.64979031541283, 40.33796930200808], [115.64979211114311, 40.33787923432503], [115.6496744102737, 40.33787786013006], [115.64967620615234, 40.3377877924499], [115.64979390686533, 40.337789166640526], [115.64979749828541, 40.33760903126708], [115.64991519869365, 40.337610405329286], [115.64993854010115, 40.33643952520175], [115.6500562384841, 40.3364408990877], [115.65006162429917, 40.33617069593293], [115.65017932222098, 40.336172069686114], [115.65018111732006, 40.336082001960555], [115.65029881509356, 40.33608337558968], [115.65030240495464, 40.335903240125475], [115.65042010242341, 40.33590461362618], [115.6504236919393, 40.33572447814738], [115.65054138910337, 40.33572585151966], [115.65054318369275, 40.335635783773704], [115.65066088070851, 40.33563715702193], [115.65066267513339, 40.33554708927016], [115.65078037200084, 40.335548462394314], [115.65078216626122, 40.335458394636724], [115.65089986298038, 40.33545976763683], [115.65090345116408, 40.33527963210852], [115.6510211475785, 40.3352810049802], [115.65102832322319, 40.33492073388854], [115.6511460190201, 40.33492210662313], [115.65114781275466, 40.33483203884219], [115.65103011711413, 40.33483066611194], [115.65103191099698, 40.334740598333866], [115.65114960648111, 40.33474197105978], [115.6511603686699, 40.334201564334336], [115.65127806322376, 40.334202936914465], [115.65128165024254, 40.334022801318845], [115.65139934449167, 40.334024173770565], [115.6514029311653, 40.33384403816037], [115.65152062510974, 40.3338454104837], [115.65153855642869, 40.33294473230087], [115.6514208640481, 40.33294336002097], [115.65142265729189, 40.33285329219894], [115.65095188847599, 40.33284780189969], [115.65095368233723, 40.332757734093555], [115.65083599030987, 40.33275636122383], [115.65083778431939, 40.332666293420566], [115.65060240060173, 40.33266354733069], [115.650605989222, 40.33248341173712], [115.65048829768807, 40.33248203852132], [115.65049547545705, 40.3321217673339], [115.65037778455674, 40.33212039401579], [115.65039034643547, 40.33148991941153], [115.65027265663787, 40.33148854600414], [115.65027624598599, 40.331308410398364], [115.65015855650921, 40.33130703687997], [115.65016035132749, 40.331216969079215], [115.64992497271093, 40.33121422169203], [115.64992676783386, 40.331124153898514], [115.64922063311678, 40.331115908890304], [115.64922242916984, 40.331025841121395], [115.64851629568263, 40.33101759183019], [115.64851809266577, 40.33092752408593], [115.64804733779518, 40.33092202218192], [115.64804913539568, 40.33083195445361], [115.64769606979698, 40.330827826781864], [115.64769786785847, 40.33073775906513], [115.64746249114593, 40.3307350066942], [115.64746608787006, 40.33055487127374], [115.6473483998387, 40.33055349491744], [115.64735919075457, 40.330013088646844], [115.64724150366949, 40.33001171219699], [115.64724510088928, 40.32983157677038], [115.64712741412501, 40.32983020020956], [115.64713101162506, 40.32965006478576], [115.64677795231913, 40.329645934411275], [115.64677975152605, 40.32955586671025], [115.6464266927622, 40.32955173527163], [115.6464248930862, 40.32964180295957], [115.64607183392637, 40.32963767043065], [115.64607003377319, 40.32972773810405], [115.64571697421732, 40.32972360448482], [115.64571517358695, 40.32981367214366], [115.6454798002776, 40.32981091579033], [115.6454779993264, 40.32990098343897], [115.64441881842929, 40.329888573884965], [115.64442062078771, 40.3297985062756], [115.64418524765716, 40.32979574728906], [115.64418705032017, 40.32970567968695], [115.64406936392344, 40.32970430001852], [115.64407116673468, 40.32961423241932], [115.64395348050242, 40.32961285263554], [115.64396970684484, 40.32880224421567], [115.64385202202791, 40.32880086435154], [115.64385923414962, 40.32844059392186], [115.6437415499662, 40.328439213955505], [115.64374515629096, 40.32825907874056], [115.64362747242836, 40.32825769866324], [115.64363288232352, 40.327987495842876], [115.6437505657171, 40.327988875907096], [115.64375236884288, 40.32789880829297], [115.64339931915562, 40.32789466775442], [115.64339751556079, 40.32798473535543], [115.64327983219165, 40.327983354932186], [115.64327622466493, 40.32816349012101], [115.64315854099124, 40.32816210956933], [115.64315493311929, 40.328342244743524], [115.64303724914102, 40.328340864063435], [115.64302642439186, 40.32888126952444], [115.64290873948363, 40.328879888698424], [115.6429123480786, 40.32869975355939], [115.64279466349123, 40.32869837262244], [115.64278925011752, 40.328968575315656], [115.64267156506924, 40.32896719424591], [115.6426697604387, 40.329057261803], [115.64231670487362, 40.32905311786248], [115.64231489976592, 40.32914318540497], [115.64243258510248, 40.329144566842544], [115.6424289751753, 40.32932470193186], [115.64231128952603, 40.32932332048555], [115.64230948439388, 40.329413388023625], [115.64207411280707, 40.32941062476318], [115.6420759182519, 40.32932055723386], [115.64195823262706, 40.32931917542847], [115.64195642702586, 40.32940924295343], [115.6417210554879, 40.32940647897486], [115.64171744363563, 40.32958661400284], [115.64136438545165, 40.32958246711107], [115.64136257904423, 40.32967253460973], [115.64124489284283, 40.32967115206871], [115.64124308627093, 40.329761219561526], [115.64100771357988, 40.329758454111676], [115.64100952046452, 40.32966838662761], [115.64077414811878, 40.32966562070775], [115.64077234092143, 40.32975568818305], [115.64065465460443, 40.3297543050392], [115.64065284724258, 40.329844372508646], [115.64053516077738, 40.32984298924073], [115.64053335325103, 40.32993305670433], [115.64029798003237, 40.329930289800664], [115.64029978787146, 40.32984022234582], [115.6401821014307, 40.32983883871884], [115.64018390941798, 40.329748771266914], [115.64006622314174, 40.32974738752462], [115.64006803127721, 40.32965732007559], [115.63995034516552, 40.32965593621799], [115.63995215344919, 40.329565868771866], [115.63971678156292, 40.329563100706345], [115.63971859015115, 40.32947303326752], [115.63948321861024, 40.329470264732], [115.639485027503, 40.32938019730046], [115.63936734190113, 40.32937881285755], [115.63936915094209, 40.32928874542891], [115.6390160946545, 40.329284591395194], [115.63901790415638, 40.32919452397823], [115.63866484841128, 40.329190368880475], [115.63866665837404, 40.3291003014752], [115.63854897329833, 40.32909891620763], [115.63855078340927, 40.32900884880526], [115.6383154135951, 40.32900607791981], [115.63831179273964, 40.32918621270552], [115.63807642233273, 40.32918344132379], [115.63808004381356, 40.32900330655562], [115.63796235893506, 40.32900192069399], [115.6379587371415, 40.32918205545339], [115.63772336678359, 40.32917928335352], [115.63772517799714, 40.329089215983345], [115.6376074929868, 40.329087829758265], [115.63760568161689, 40.32917789712407], [115.63701725590592, 40.32917096418142], [115.63701906805758, 40.329080896837574], [115.6371367530271, 40.32908228366109], [115.63714037699317, 40.328902148960175], [115.63725806165816, 40.32890353565522], [115.63726168527887, 40.32872340093963], [115.6373793696393, 40.32872478750621], [115.63738118128107, 40.3286347201418], [115.63749886549334, 40.32863610658432], [115.63750248843964, 40.328455971842324], [115.6376201723474, 40.32845735815637], [115.63762379494833, 40.3282772233997], [115.63750611135328, 40.32827583709443], [115.63750429990054, 40.32836590446912], [115.63715124869535, 40.32836174482204], [115.6371530606171, 40.32827167746052], [115.63691769350051, 40.32826890377283], [115.63691950572678, 40.32817883641862], [115.63680182233708, 40.32817744939965], [115.63680000995447, 40.32826751674947], [115.6366823264166, 40.3282661296064], [115.63668413895556, 40.32817606226097], [115.63644877221705, 40.32817328762459], [115.63644695936541, 40.328263354961244], [115.6363292758521, 40.328261967459134], [115.63633290185987, 40.32808183279315], [115.63621521866742, 40.32808044518015], [115.63621703181538, 40.327990377849346], [115.63598166576764, 40.32798760227307], [115.63598891952849, 40.32762733297022], [115.63587123714225, 40.32762594502014], [115.63587667784599, 40.327355743040705], [115.63575899593694, 40.32735435498411], [115.63576080964484, 40.32726428765907], [115.63564312790031, 40.327262899487216], [115.63564675560421, 40.327082764841506], [115.63552907418052, 40.327081376558745], [115.63553088817655, 40.32699130923808], [115.63541320691738, 40.32698992084003], [115.63541502106155, 40.326899853522285], [115.63529733996691, 40.32689846500895], [115.63529915425922, 40.326808397694116], [115.63518147332908, 40.32680700906552], [115.63518328776956, 40.32671694175362], [115.63494792624651, 40.32671416414615], [115.63495155572818, 40.326534029535495], [115.6347161948632, 40.32653125146691], [115.63471800990443, 40.32644118416817], [115.63448264938484, 40.32643840562969], [115.63448446473055, 40.32634833833825], [115.63413142448152, 40.32634416964615], [115.63413324028802, 40.32625410236645], [115.63401556037773, 40.32625271256746], [115.63402100821706, 40.32598251073271], [115.63390332878393, 40.325981120827244], [115.6339051448703, 40.325891053550436], [115.6337874656017, 40.3258896635297], [115.6337892818362, 40.32579959625582], [115.63367160273211, 40.325798206119806], [115.63367341911477, 40.32570813884886], [115.6335557401752, 40.325706748597575], [115.63355937322854, 40.32552661406007], [115.63344169460981, 40.325525223697916], [115.63344714459735, 40.32525502189376], [115.63356482274713, 40.32525641224271], [115.6335684557186, 40.32507627769043], [115.63368613356394, 40.32507766791091], [115.63368976618996, 40.32489753334393], [115.63380744373086, 40.32489892343593], [115.63380925987529, 40.324808856145836], [115.63392693726806, 40.32481024611377], [115.63392875324796, 40.3247201788178], [115.63428178500651, 40.324724347990404], [115.63428360050928, 40.324634280679746], [115.63451895474327, 40.32463705952101], [115.63452076992523, 40.32454699220009], [115.6346384468982, 40.32454838143682], [115.63464207692492, 40.324368246781766], [115.63475975359344, 40.32436963589004], [115.63476519810321, 40.324099433883205], [115.63452984571222, 40.32409665557339], [115.63452803057119, 40.324186722901686], [115.63417500157715, 40.32418255452627], [115.63417318595901, 40.32427262183988], [115.63393783302465, 40.324269842315815], [115.63393601708569, 40.324359909619155], [115.63381834047448, 40.32435851967322], [115.63381652437104, 40.3244485869707], [115.63334581738286, 40.324443025972684], [115.63334400064596, 40.32453309325107], [115.63310864688839, 40.324530312025246], [115.63310682983068, 40.32462037929338], [115.63298915280788, 40.32461898849656], [115.63298733558565, 40.3247090557588], [115.63286965841475, 40.324707664837916], [115.63286784102799, 40.324797732094275], [115.63275016370896, 40.324796341049336], [115.63274834615771, 40.324886408299804], [115.63251299123161, 40.32488362584209], [115.63251117335953, 40.3249736930823], [115.63227581815359, 40.32497091013709], [115.63227399996066, 40.32506097736701], [115.63168561130776, 40.32505401788775], [115.63168743028224, 40.324963950679866], [115.63145207519113, 40.3249611660593], [115.63145389447007, 40.32487109885875], [115.63121853972441, 40.32486831376831], [115.63122035930778, 40.32477824657511], [115.63110268210356, 40.32477685385481], [115.63110450183501, 40.324686786664536], [115.63086914776385, 40.32468400087373], [115.63087096779972, 40.3245939336908], [115.63075329093277, 40.324592540620294], [115.63075511111674, 40.32450247344031], [115.63063743441431, 40.324501080254564], [115.63064289538595, 40.32423087871895], [115.63052521916065, 40.32422948542677], [115.63052703962443, 40.3241394182497], [115.63064471569339, 40.32414081153747], [115.63064653599264, 40.3240507443545], [115.63076421191352, 40.32405213751821], [115.63076785217476, 40.323872003139044], [115.63088552779124, 40.32387339617427], [115.63088734775323, 40.32378332897807], [115.6310050232216, 40.323784721889204], [115.6310068430191, 40.3236946546871], [115.63112451833938, 40.32369604747418], [115.63112633797233, 40.32360598026621], [115.63124401314451, 40.32360737292922], [115.63124583261298, 40.32351730571536], [115.63183420781542, 40.323524267213365], [115.63183602649414, 40.32343419997599], [115.63207137631993, 40.32343698372875], [115.63206955795381, 40.32352705097494], [115.632540258329, 40.32353261706209], [115.63253844057989, 40.32362268432443], [115.63324449232647, 40.3236310298917], [115.63324630913775, 40.32354096260295], [115.63336398430121, 40.32354235310761], [115.63336580094797, 40.32345228581299], [115.6336011509869, 40.323455066454514], [115.63360296731285, 40.323364999149625], [115.6337206421883, 40.323366389286484], [115.63372245834978, 40.32327632197571], [115.63395780781262, 40.32327910188166], [115.6339596236533, 40.32318903456061], [115.63419497283631, 40.323191813979115], [115.63419678835619, 40.323101746647794], [115.63431446280367, 40.323103136173145], [115.63431809350625, 40.3229230014973], [115.63443576764932, 40.322924390894194], [115.63443758283204, 40.32283432354966], [115.634555256827, 40.322835712822496], [115.63455707184524, 40.3227456454721], [115.63467474569205, 40.32274703462087], [115.63467837539136, 40.322566899906825], [115.6347960489338, 40.32256828892715], [115.63479786361486, 40.322478221563536], [115.63491553700918, 40.32247961045981], [115.63491735152577, 40.32238954309031], [115.63503502477198, 40.322390931862515], [115.63503683912408, 40.32230086448715], [115.63515451222219, 40.32230225313532], [115.63515632640981, 40.322212185754076], [115.6352739993598, 40.32221357427818], [115.63527762739793, 40.3220334395025], [115.6353953000435, 40.32203482789815], [115.63539711389399, 40.3219447605037], [115.63551478639144, 40.32194614877531], [115.63551660007748, 40.32185608137499], [115.63575194478433, 40.32185885755044], [115.63575375814959, 40.32176879013984], [115.63587143035899, 40.32177017804371], [115.63587324355977, 40.32168011062725], [115.63599091562106, 40.32168149840705], [115.63599454168555, 40.321501363560934], [115.63611221344242, 40.3215027512123], [115.63611583916163, 40.32132261635151], [115.6362335106141, 40.32132400387442], [115.63624076132922, 40.32096373411756], [115.63635843216473, 40.320965121503264], [115.63636386964637, 40.32069491915695], [115.6364815400212, 40.32069630640982], [115.63649241382609, 40.32015590165107], [115.6366100832714, 40.32015728875794], [115.63662095584439, 40.31961688391977], [115.63650328733675, 40.31961549683923], [115.63650691177492, 40.31943536189015], [115.636389243588, 40.319433974698754], [115.636392868306, 40.31925383975258], [115.63627520043981, 40.31925245245032], [115.63628063792434, 40.31898225003315], [115.63616297053514, 40.31898086262442], [115.63617565880683, 40.31835039029684], [115.63605799251968, 40.318349002799216], [115.6360688687999, 40.31780859791585], [115.63595120345849, 40.317807210324936], [115.63595482913234, 40.31762707536081], [115.63583716411165, 40.31762568765904], [115.63584079006533, 40.317445552697805], [115.63572312536529, 40.317444164885174], [115.6357267515988, 40.31726402992682], [115.63560908721946, 40.31726264200335], [115.6356109004802, 40.31717257452636], [115.63549323626532, 40.317171186487656], [115.63549504967412, 40.31708111901357], [115.63537738562368, 40.31707973085962], [115.63537919918056, 40.31698966338846], [115.6351438714167, 40.316986886730426], [115.6351456852779, 40.316896819266596], [115.63443970312021, 40.316888486447624], [115.63444151791074, 40.316798419008684], [115.63314721977244, 40.3167831310364], [115.63314540326311, 40.31687319842694], [115.63255708547389, 40.316866244541224], [115.6325552681751, 40.316956311908264], [115.63231994080425, 40.31695352950773], [115.63231812318476, 40.3170435968645], [115.63196513172124, 40.31703942235322], [115.63196331362477, 40.31712948969529], [115.63137499390163, 40.31712252976173], [115.63137317501568, 40.31721259708029], [115.63102018281145, 40.317208419671296], [115.63101836344856, 40.31729848697518], [115.63078303504093, 40.317295701428854], [115.6307812153573, 40.31738576872243], [115.63054588666998, 40.317382982688734], [115.63054406666565, 40.317473049972016], [115.63042640217802, 40.3174716567713], [115.63042458200923, 40.317561724048716], [115.63030691737357, 40.31756033072396], [115.63030509704029, 40.317650397995465], [115.6301874322566, 40.31764900454666], [115.63018379125289, 40.31782913907644], [115.63006612616488, 40.317827745499166], [115.63006248481582, 40.318007880014235], [115.6299448194235, 40.3180064863085], [115.62994117772907, 40.318186620808845], [115.62982351203243, 40.31818522697465], [115.62982169101663, 40.31827529421818], [115.62970402517193, 40.31827390025993], [115.62970220399167, 40.31836396749759], [115.62958453799894, 40.31836257341529], [115.62958089530123, 40.318542707877356], [115.62946322900419, 40.31854131366658], [115.6294577644272, 40.318811515335376], [115.62934009766956, 40.318810120991714], [115.62933827597122, 40.31890018820727], [115.62910294216807, 40.318897399152206], [115.62910476417895, 40.31880733194548], [115.62898709744599, 40.3188059372429], [115.62899256389817, 40.31853573562708], [115.62887489764218, 40.318534340818104], [115.62888400901278, 40.31808400478432], [115.62900167448744, 40.318085399571224], [115.62900531866562, 40.31790526513854], [115.6288876535035, 40.31790387036047], [115.62889494238628, 40.317543601495096], [115.62877727785741, 40.31754220661504], [115.62877910021382, 40.317452139399414], [115.62854377149326, 40.317449349289234], [115.62854559415395, 40.31735928208097], [115.62831026577877, 40.317356491501094], [115.62831208874375, 40.31726642430018], [115.62772376873097, 40.31725944577891], [115.62772194498471, 40.31734951295771], [115.62748661672464, 40.317346720702915], [115.62748479265764, 40.317436787871415], [115.62736712838368, 40.317435391560146], [115.62736530415219, 40.317525458722756], [115.62724763973021, 40.31752406228741], [115.62724581533426, 40.317614129444124], [115.62712815076425, 40.31761273288473], [115.6271263262038, 40.31770280003554], [115.62689099677597, 40.317700006549], [115.62688917189476, 40.317790073689494], [115.62677150703692, 40.31778867676235], [115.62676968199123, 40.31787874389694], [115.62653435198773, 40.317875949674885], [115.62653252662129, 40.31796601679917], [115.62641486147562, 40.31796461950427], [115.62641121040554, 40.31814475373954], [115.62629354495559, 40.318143356316135], [115.62628259061009, 40.31868375896001], [115.6261649242308, 40.318682361390444], [115.62616309832146, 40.31877242848816], [115.62592776527505, 40.31876963298123], [115.62592593904496, 40.31885970006863], [115.62521993916585, 40.31885131064989], [115.62521628480572, 40.31903144476715], [115.62509861787551, 40.31903004610308], [115.62509496316989, 40.31921018020558], [115.62497729593537, 40.319208781413025], [115.62497546841394, 40.319298848457635], [115.62485780103138, 40.319297449541004], [115.62485597334542, 40.31938751657971], [115.62473830581487, 40.31938611753901], [115.6247364779644, 40.31947618457182], [115.62450114261546, 40.31947338612261], [115.6244974862647, 40.319653520166064], [115.62437981829005, 40.31965212075313], [115.62437798994603, 40.31974218776823], [115.62426032182337, 40.31974078823122], [115.62425849331483, 40.319830855240404], [115.62414082504412, 40.319829455579324], [115.62413899637106, 40.319919522582595], [115.62402132795232, 40.31991812279744], [115.62401949911475, 40.320008189794805], [115.62390183054798, 40.32000678988558], [115.62390000154589, 40.320096856877036], [115.62378233283111, 40.320095456843724], [115.62377318691547, 40.32054579175672], [115.62389085641162, 40.32054719181219], [115.6238871983002, 40.32072732577594], [115.62400486811717, 40.32072872572062], [115.62400121028527, 40.32090885968732], [115.62411888042308, 40.32091025952121], [115.6241079076672, 40.32145066141248], [115.62422557875092, 40.32145206115332], [115.6242200927305, 40.32172226209232], [115.6241024211779, 40.321720862338196], [115.62409510574336, 40.32208113021848], [115.62397743357383, 40.32207973032697], [115.62397194644245, 40.32234993120841], [115.6238542738123, 40.32234853118395], [115.62384329838902, 40.322888932880375], [115.62372562482933, 40.322887532709665], [115.62372196597633, 40.323067666587804], [115.6236042921123, 40.32306626628858], [115.62360063291368, 40.32324640015195], [115.6234829587453, 40.32324499972419], [115.62347746941658, 40.32351520049489], [115.62335979478755, 40.32351379993416], [115.6233634546609, 40.323333666097376], [115.62301043176116, 40.323329463723866], [115.62300860135973, 40.3234195306297], [115.62277325248857, 40.32341672844018], [115.62278606731354, 40.322786260130485], [115.6229037406509, 40.322787661254026], [115.62290557115085, 40.3226975943423], [115.6227878979698, 40.322696193223194], [115.62279522051227, 40.322335925579296], [115.62267754796464, 40.32233452435827], [115.62267937873591, 40.32224445744803], [115.62256170635285, 40.322243056111795], [115.62256353727214, 40.322152989204525], [115.62244586505363, 40.32215158775306], [115.62244403397803, 40.3222416546559], [115.62232636161148, 40.32224025308034], [115.62232453037132, 40.32233031997726], [115.62220685785674, 40.32232891827761], [115.62220319503909, 40.32250905205815], [115.62208552222016, 40.32250765022998], [115.62208002746286, 40.3227778508764], [115.62219770075066, 40.3227792527179], [115.62219403785042, 40.322959386483674], [115.62207636424999, 40.32295798463331], [115.6220690377252, 40.32331825212942], [115.62195136350785, 40.32331685014164], [115.62194769988326, 40.323496983871976], [115.62159467634305, 40.32349277716404], [115.62159650862836, 40.323402710312926], [115.62147883428779, 40.323401307842076], [115.62149532589054, 40.322590706155644], [115.62137765296491, 40.32258930360509], [115.62138498297644, 40.322229036168274], [115.62126731068422, 40.322227633515816], [115.62126914332275, 40.32213756665737], [115.6209161269646, 40.322133357995384], [115.62091429385724, 40.32222342484051], [115.62056127710464, 40.322219215088296], [115.6205649442489, 40.32203908142322], [115.6206826161789, 40.322040484784715], [115.62068444958234, 40.32195041794552], [115.62080212136432, 40.321951821182935], [115.62080395460322, 40.321861754337824], [115.62092162623718, 40.32186315745114], [115.62093079152609, 40.32141282318122], [115.6206954498293, 40.32141001687935], [115.62069728317482, 40.321319950029824], [115.62046194182366, 40.32131714325823], [115.62046377547354, 40.321227076416115], [115.62011076397766, 40.321222865374665], [115.62010892985896, 40.321312932203455], [115.61952057674989, 40.321305911385785], [115.61952241165001, 40.32121584457922], [115.6186987187389, 40.32120601044025], [115.61870422667154, 40.32093581010508], [115.61882189659374, 40.32093721532769], [115.61882373239843, 40.3208471485419], [115.61905907195509, 40.32084995861927], [115.61906090743898, 40.3207598918231], [115.6194139163672, 40.320764106028435], [115.61941575137395, 40.32067403921746], [115.61953342087696, 40.320675443708836], [115.6195370905531, 40.32049531007356], [115.61918408300653, 40.320491096267176], [115.61918591830101, 40.32040102946068], [115.61883291129779, 40.32039681459082], [115.61883474705282, 40.320306747796174], [115.61871707822458, 40.32030534260471], [115.61872075002233, 40.320125209019885], [115.61860308151492, 40.320123803717664], [115.61860491755768, 40.3200337369275], [115.61884025426822, 40.32003654740338], [115.61884208999014, 40.319946480602844], [115.61895975820156, 40.319947885656866], [115.61896159375893, 40.319857818850394], [115.61919692989404, 40.31986062859062], [115.61919876513059, 40.31977056177378], [115.61931643305431, 40.319771966459975], [115.61931826812629, 40.3196818996372], [115.61943593590202, 40.319683304199316], [115.61943777080945, 40.31959323737062], [115.61955543843717, 40.319594641808635], [115.61956277735912, 40.319234374461345], [115.61968044437005, 40.319235778761936], [115.61968227892355, 40.31914571191698], [115.61979994578648, 40.31914711609348], [115.61980178017546, 40.319057049242595], [115.61991944689039, 40.319058453295014], [115.61992311533102, 40.318878319579945], [115.62027611458784, 40.318882530992674], [115.6202706133209, 40.31915273160306], [115.62038828022519, 40.31915413518135], [115.62038644660925, 40.31924420205297], [115.62062178075516, 40.319247008859506], [115.62061994744349, 40.319337075738545], [115.62097294919317, 40.319341285064354], [115.62097478203603, 40.319251218171985], [115.62109244914618, 40.31925262103687], [115.62109428182448, 40.319162554138586], [115.62121194878662, 40.31916395687938], [115.62121378130043, 40.31907388997518], [115.621449114937, 40.31907669508896], [115.62145094712997, 40.31898662817441], [115.62156861380438, 40.318988030547395], [115.62156678176767, 40.319078097466374], [115.6216844486066, 40.31907949972415], [115.62168261671789, 40.31916956664611], [115.62180028372136, 40.319170968788676], [115.62179845198065, 40.319261035713595], [115.62191611914865, 40.319262437740946], [115.62191428755595, 40.31935250466883], [115.62203195488847, 40.319353906581], [115.62202829199083, 40.3195340404412], [115.62214595964416, 40.31953544224259], [115.62214412833924, 40.3196255091749], [115.62261479966021, 40.31963111520178], [115.62261663034006, 40.31954104825173], [115.62273429803467, 40.319542449454886], [115.62273612854999, 40.31945238249892], [115.62285379609659, 40.319453783578005], [115.62285562644739, 40.31936371661612], [115.62297329384599, 40.319365117571124], [115.62297512403227, 40.31927505060333], [115.62309279128282, 40.31927645143426], [115.62309645131808, 40.31909631748536], [115.62321411826437, 40.31909771818778], [115.62321594811333, 40.31900765120669], [115.6233336149116, 40.31900905178503], [115.62333544459607, 40.31891898479803], [115.6234531112463, 40.31892038525231], [115.62345494076625, 40.31883031825938], [115.62357260726851, 40.31883171858958], [115.6235799246407, 40.31847145058544], [115.62287392950135, 40.31846304691605], [115.62287209923312, 40.31855311389269], [115.62240143534693, 40.31854750903589], [115.62240326624023, 40.31845744207698], [115.62228560044558, 40.31845604056812], [115.62229109354473, 40.31818583969586], [115.62205576291778, 40.318183036345836], [115.62206125688019, 40.31791283548692], [115.62217892172075, 40.31791423720845], [115.62218807737825, 40.31746390239188], [115.62230574144581, 40.317465303971574], [115.62232038881838, 40.31674476815283], [115.62220272600085, 40.31674336660863], [115.6222082190981, 40.316473165665556], [115.62209055675756, 40.31647176401503], [115.6220923879297, 40.31638169703549], [115.62197472575367, 40.31638029526977], [115.62197655707381, 40.3162902282932], [115.62185889506232, 40.31628882641228], [115.62186255799027, 40.31610869246358], [115.6217448962995, 40.31610729047191], [115.62174672790734, 40.316017223499784], [115.62104075887373, 40.31600880906416], [115.62103892632842, 40.316098876009654], [115.62080360307085, 40.316096070231865], [115.62080177020479, 40.316186137166994], [115.62068410843217, 40.31618473409421], [115.62068227540162, 40.316274801023425], [115.62056461348098, 40.31627339782656], [115.62056094708258, 40.31645353167168], [115.62044328485773, 40.316452128346306], [115.62044145148988, 40.316542195262215], [115.62032378911708, 40.31654079181278], [115.62032012204406, 40.316720925631266], [115.62020245936702, 40.3167195220533], [115.62020062566185, 40.31680958895589], [115.62008296283683, 40.31680818525384], [115.62007929508921, 40.31698831904572], [115.61996163195997, 40.31698691521516], [115.61995979791749, 40.31707698210444], [115.61984213464025, 40.31707557814979], [115.61984030043327, 40.31716564503314], [115.61972263700807, 40.317164240954426], [115.61972080263654, 40.31725430783186], [115.61960313906336, 40.31725290362906], [115.61960130452731, 40.317342970500576], [115.61948364080615, 40.3173415661737], [115.61948180610557, 40.3174316330393], [115.61924647837556, 40.317428824017746], [115.61924464335421, 40.31751889087297], [115.61889165135246, 40.31751467643004], [115.61888981585408, 40.31760474327045], [115.61865448758181, 40.317601933034744], [115.61865265176262, 40.31769199986478], [115.61841732321098, 40.317689189141646], [115.61841548707099, 40.317779255961305], [115.61770950067722, 40.31777082089393], [115.61770766359143, 40.31786088768541], [115.61747233454729, 40.317858075030294], [115.6174704971407, 40.31794814181139], [115.61723516781717, 40.31794532866882], [115.61723333008977, 40.318035395439544], [115.61699800048687, 40.318032581809504], [115.61699616243868, 40.31812264856984], [115.61676083255644, 40.318119834452354], [115.61675899418742, 40.31820990120231], [115.61640599895746, 40.31820567911542], [115.61640416011137, 40.31829574585053], [115.61616882968703, 40.318292930518844], [115.61616699052013, 40.318382997243575], [115.61569632914589, 40.31837736512671], [115.61569448934567, 40.31846743183212], [115.61475316574544, 40.31845616182005], [115.61475132468684, 40.318546228488316], [115.61416299692523, 40.318539180820196], [115.614161155077, 40.31862924746468], [115.61404348939331, 40.31862783756766], [115.61404164738055, 40.318717904206196], [115.6139239815489, 40.31871649418509], [115.61392213937155, 40.31880656081769], [115.61380447339197, 40.31880515067249], [115.61380263105002, 40.31889521729914], [115.6136849649225, 40.31889380702983], [115.61368312241598, 40.31898387365054], [115.6135654561405, 40.31898246325712], [115.61356361346941, 40.319072529871896], [115.61344594704597, 40.31907111935436], [115.61344226136633, 40.31925125257056], [115.61320692791934, 40.31924843115872], [115.61320508475451, 40.31933849775567], [115.6130874178872, 40.31933708686582], [115.61308557455781, 40.31942715345682], [115.61296790754257, 40.319425742442874], [115.61296606404856, 40.319515809027926], [115.61284839688537, 40.31951439788986], [115.61284655322682, 40.31960446446899], [115.61261121861278, 40.31960164182499], [115.61260937463338, 40.31969170839369], [115.61249170718258, 40.31969029688776], [115.61248986303858, 40.31978036345051], [115.61178385757081, 40.31977189187559], [115.61178570265244, 40.319681825339636], [115.61155036787564, 40.319679000533114], [115.61154852248147, 40.31976906706011], [115.61143085494928, 40.31976765447291], [115.6114234726643, 40.32012792054827], [115.6115411408216, 40.32012933315337], [115.6115356044893, 40.32039953270779], [115.61165327312372, 40.320400945206636], [115.61164404651815, 40.32085127779017], [115.61152637710235, 40.320849865268954], [115.6115245316, 40.32093993177676], [115.61140686203622, 40.32093851913143], [115.61140501636926, 40.3210285856333], [115.61081666789391, 40.321021520589554], [115.61081482143722, 40.32111158706757], [115.61057948179283, 40.32110876020358], [115.61057578822935, 40.32128889313728], [115.61045811810706, 40.321287479516855], [115.6104544241977, 40.3214676124357], [115.6103367537712, 40.32146619868667], [115.61033305951594, 40.32164633159067], [115.61021538878519, 40.321644917713044], [115.6102135414888, 40.32173498415835], [115.60974285802399, 40.32172932743344], [115.60974470594554, 40.32163926100605], [115.60962703525647, 40.321637846530166], [115.60963073138711, 40.3214577136799], [115.60951306101893, 40.32145629909332], [115.60951490922804, 40.32136623267044], [115.60939723902447, 40.32136481796869], [115.60939908738152, 40.321274751548835], [115.60916374731197, 40.32127192179534], [115.60916189864237, 40.32136198820625], [115.60892655829359, 40.32135915796522], [115.60892286030422, 40.32153929076469], [115.60880518982977, 40.321537875455725], [115.6088033406663, 40.32162794184877], [115.60868567004393, 40.32162652641568], [115.60868382071583, 40.32171659280276], [115.60856614994549, 40.32171517724554], [115.60856430045276, 40.32180524362666], [115.60844662953448, 40.3218038279453], [115.60844477987713, 40.321893894320475], [115.60832710881091, 40.32189247851498], [115.60832525898893, 40.3219825448842], [115.60820758777477, 40.32198112895457], [115.6082038877932, 40.3221612616796], [115.60808621627481, 40.32215984562136], [115.60808436611522, 40.32224991197717], [115.60796669444888, 40.32224849579478], [115.60796484412465, 40.32233856214464], [115.60784717231039, 40.32233714583812], [115.60784532182154, 40.32242721218203], [115.60772764985931, 40.32242579575137], [115.60771654581316, 40.32296619375679], [115.60759887292153, 40.32296477717958], [115.60759702206167, 40.32305484350417], [115.60712632995346, 40.323049175980806], [115.6071244784601, 40.323139242285976], [115.60700680529762, 40.32313782510151], [115.60700125029844, 40.32340802399469], [115.60676590306076, 40.32340518923985], [115.60676405106508, 40.32349525552566], [115.60664637730248, 40.323493837964264], [115.60664822945446, 40.323403771682955], [115.60641288226691, 40.32340093621017], [115.60641473472315, 40.323310869936364], [115.60629706129819, 40.323309452024986], [115.60630447166473, 40.32294918693292], [115.60642214446452, 40.322950604826346], [115.60642584928506, 40.32277047226246], [115.60654352178058, 40.32277189002727], [115.60654537402205, 40.322681823738634], [115.60666304636963, 40.32268324137928], [115.6066667505149, 40.3225031087886], [115.60678442255828, 40.32250452630063], [115.60678812635754, 40.32232439369505], [115.6069057980967, 40.32232581107844], [115.60691320496987, 40.32196554583164], [115.60703087609221, 40.321966963077436], [115.60703272763334, 40.32187689675755], [115.60726806959048, 40.32187973088122], [115.60726992081071, 40.32178966455089], [115.60738759164552, 40.321791081428756], [115.60738944270109, 40.32170101509247], [115.60750711338797, 40.32170243184621], [115.60751081516152, 40.32152229916022], [115.60762848554418, 40.32152371578533], [115.60763218697177, 40.321343583084456], [115.60774985705022, 40.32134499958096], [115.60775355813186, 40.3211648668652], [115.60787122790607, 40.32116628323309], [115.60787492864176, 40.32098615050248], [115.60799259811179, 40.32098756674175], [115.60799444831085, 40.32089750036973], [115.60811211763291, 40.32089891648486], [115.60811581769345, 40.32071878372744], [115.60823348671133, 40.32072019971397], [115.60823903627069, 40.32045000055331], [115.60788603064856, 40.32044575227515], [115.60788418033498, 40.32053581865005], [115.60753117431915, 40.32053156928163], [115.60752932352837, 40.320621635641615], [115.60611729834118, 40.32060462734585], [115.60611544566675, 40.320694693650516], [115.60576243908908, 40.32069043887106], [115.60576058593747, 40.32078050516078], [115.60552524794825, 40.32077766803392], [115.60552339447571, 40.32086773431319], [115.60540572533739, 40.3208663155658], [115.60540387170022, 40.3209563818391], [115.60528620241395, 40.320954962967576], [115.60528434861214, 40.32104502923489], [115.60516667917797, 40.32104361023923], [115.60516482521152, 40.32113367650059], [115.60492948605571, 40.321130838141315], [115.60492763176833, 40.32122090439222], [115.60480996204669, 40.321219485028614], [115.60480810759469, 40.32130955127355], [115.60469043772511, 40.3213081317858], [115.60468858310847, 40.32139819802475], [115.60457091309098, 40.32139677841287], [115.60456905830968, 40.32148684464586], [115.60433371798726, 40.32148400505416], [115.60433186288503, 40.32157407127668], [115.60409652228348, 40.321571231197375], [115.60409466686035, 40.32166129740941], [115.60397699641585, 40.321659877185795], [115.60397885199528, 40.32156981097825], [115.60280214957355, 40.32155560220625], [115.60279843528065, 40.321735734529916], [115.60268076477195, 40.32173431298565], [115.60267890745666, 40.321824379140764], [115.60256123680007, 40.321822957472335], [115.60255752183177, 40.32200308976915], [115.60243985087098, 40.32200166797207], [115.60243427788686, 40.32227186639269], [115.6023166064656, 40.322270444462454], [115.60230731720972, 40.322720775111435], [115.60218964501539, 40.32271935303904], [115.6021877869828, 40.3228094191599], [115.60207011464055, 40.322807996963355], [115.60206639823762, 40.322988129191636], [115.60194872559116, 40.32298670686643], [115.60194686722082, 40.32307677297385], [115.60182919442649, 40.323075350524476], [115.60182547734807, 40.32325548272589], [115.60170780424953, 40.32325406014787], [115.601704086825, 40.32343419233435], [115.60158641342224, 40.32343276962765], [115.60158269565159, 40.32361290179922], [115.6014650219446, 40.32361147896386], [115.60146316289043, 40.32370154504293], [115.60134548903554, 40.32370012208341], [115.60134177058939, 40.323880254228094], [115.60122409643029, 40.3238788311399], [115.60122223703836, 40.32396889720552], [115.6009868884327, 40.32396605066114], [115.60098502871976, 40.32405611671628], [115.6008673542732, 40.3240546932601], [115.60086549439559, 40.32414475930925], [115.60074781980114, 40.3241433357289], [115.60074595975881, 40.32423340177207], [115.60051061028246, 40.32423055424337], [115.60050874991916, 40.324320620276055], [115.60027340016377, 40.3243177722597], [115.60027153947946, 40.32440783828188], [115.60003618944504, 40.32440498977786], [115.60003432843972, 40.324495055789555], [115.59979897812626, 40.32449220679786], [115.59979711679993, 40.32458227279907], [115.59956176620743, 40.32457942331972], [115.59955990456012, 40.3246694893104], [115.59944222912019, 40.32466806438673], [115.59944036730818, 40.324758130371436], [115.59920501614083, 40.324755280156076], [115.59920315400781, 40.32484534613028], [115.59896780256145, 40.32484249542724], [115.59896594010742, 40.32493256139094], [115.59873058838204, 40.32492971020022], [115.59872872560697, 40.325019776153425], [115.59849337360261, 40.32501692447502], [115.59849151050655, 40.325106990417716], [115.59837383436064, 40.32510556439452], [115.59837197109987, 40.325195630331216], [115.59813661852068, 40.325192777916776], [115.59813475493888, 40.32528284384296], [115.59789940208069, 40.325279990940835], [115.59789753817786, 40.325370056856514], [115.59754450848469, 40.325365776592285], [115.59754264410452, 40.32545584249295], [115.59695426066918, 40.32544870630335], [115.59695239549907, 40.32553877217993], [115.59612865794874, 40.3255287764569], [115.59612679167603, 40.325618842300365], [115.59589143785335, 40.32561598529346], [115.59588957125959, 40.32570605112642], [115.59565421715794, 40.32570319363181], [115.59565235024316, 40.32579325945423], [115.59471093292298, 40.325781824652935], [115.59471280108828, 40.325691758866704], [115.59388906246966, 40.32568174716476], [115.5938909317207, 40.32559168140874], [115.59377325496521, 40.32559025069148], [115.59377512436414, 40.325500184938505], [115.59353977119106, 40.325497323154025], [115.5935416408942, 40.32540725740862], [115.59342396447663, 40.325405826341424], [115.59342583432762, 40.32531576059909], [115.5931904818304, 40.325312898114746], [115.59319235198559, 40.32522283237999], [115.59307467590591, 40.325221400962846], [115.59307654620898, 40.32513133523115], [115.59295887029405, 40.32512990369889], [115.59296261118749, 40.324949772240096], [115.59284493559363, 40.32494834059722], [115.59284680618399, 40.324858274870145], [115.59272913075486, 40.32485684311215], [115.5927310014931, 40.32476677738812], [115.59261332622872, 40.324765345515], [115.59261706799248, 40.324585214071575], [115.59249939304915, 40.324583782087856], [115.59251436101705, 40.32386325629128], [115.59239668733257, 40.32386182422416], [115.59240042955275, 40.32368169276931], [115.59228275618929, 40.323680260591594], [115.59229024115358, 40.32331999768224], [115.59217256842375, 40.32331856540301], [115.5921744398, 40.323228499676524], [115.59205676723488, 40.323227067282154], [115.59206051027468, 40.323046935833794], [115.59194283803059, 40.32304550332885], [115.5919465813492, 40.32286537188364], [115.59182890942611, 40.32286393926812], [115.59183265302354, 40.32268380782605], [115.59171498142149, 40.322682375099944], [115.59171872529772, 40.32250224366105], [115.59160105401669, 40.322500810824344], [115.59161041434095, 40.322050482223894], [115.59172808484058, 40.32205191503792], [115.59173557232288, 40.32169165211278], [115.5919709120972, 40.321694517345584], [115.59197278363412, 40.32160445160154], [115.59432618010769, 40.321633077516175], [115.59432431169635, 40.321723143350845], [115.59455965184175, 40.32172600331909], [115.59455778373456, 40.32181606916133], [115.5946754539762, 40.3218174989705], [115.59467358601685, 40.32190756481579], [115.59502659726111, 40.321911853538985], [115.5950247297622, 40.32200191939637], [115.59549541216423, 40.32200763603695], [115.59549727903799, 40.32191757016146], [115.59561494950327, 40.32191899901796], [115.59561681621234, 40.32182893313649], [115.59585215685556, 40.32183179048149], [115.59585588962331, 40.321651658696005], [115.595973559645, 40.32165308717998], [115.59597542585996, 40.321563021280504], [115.59609309573379, 40.32156444964031], [115.59609496178405, 40.32147438373483], [115.59621263151001, 40.32147581197047], [115.59621449739561, 40.32138574605899], [115.59633216697368, 40.32138717417046], [115.59633403269457, 40.32129710825298], [115.59656937156345, 40.321299964107936], [115.59657123696334, 40.32120989817994], [115.5968065755533, 40.321212753547265], [115.59680844063224, 40.32112268760875], [115.59692610978358, 40.32112411510842], [115.59692797469785, 40.321034049163906], [115.59704564370129, 40.32103547653941], [115.59704750845086, 40.32094541058891], [115.59716517730645, 40.32094683784024], [115.59716704189134, 40.32085677188375], [115.59728471059908, 40.32085819901092], [115.59728843943108, 40.32067806708444], [115.59740610783466, 40.32067949408294], [115.59740797208177, 40.32058942811296], [115.59752564033751, 40.3205908549873], [115.59752936849397, 40.32041072303388], [115.59764703644554, 40.32041214977954], [115.59764890035488, 40.320322083796086], [115.59776656815859, 40.32032351041759], [115.59776843190329, 40.32023344442815], [115.59788609955912, 40.32023487092549], [115.59788796313913, 40.32014480493005], [115.59800563064711, 40.320146231303234], [115.59800749406244, 40.32005616530181], [115.59812516142256, 40.320057591550835], [115.59812888791546, 40.319877459534524], [115.59824655497144, 40.31987888565486], [115.5982502811182, 40.31969875362361], [115.59836794787007, 40.3197001796153], [115.59839961610409, 40.31816905703419], [115.59851728020793, 40.318170482829494], [115.59852286799901, 40.31790028466906], [115.59864053164249, 40.31790171033119], [115.59864239406649, 40.31781164427024], [115.5987600575621, 40.31781306980823], [115.59876378207237, 40.31763293767288], [115.59899910846383, 40.317635788371895], [115.59900097039385, 40.31754572229298], [115.59923629650639, 40.31754857250444], [115.59923815811553, 40.31745850641503], [115.59935582102814, 40.317459931336806], [115.59935768247264, 40.31736986524139], [115.59982833358204, 40.31737556371413], [115.59982647276254, 40.31746562982758], [115.60182674413117, 40.31748982705896], [115.60182860229445, 40.31739976086891], [115.60218159114226, 40.31740402736609], [115.6021834488284, 40.31731396116106], [115.60241877445634, 40.31731680488536], [115.6024206318216, 40.31722673866985], [115.60277361985757, 40.317231003345526], [115.60277547674572, 40.317140937115035], [115.60336378952528, 40.31714804249271], [115.60336564562381, 40.31705797623826], [115.60524824542422, 40.31708069327678], [115.60524639182564, 40.31717075960314], [115.60618769377854, 40.31718210667369], [115.60618954612713, 40.317092040311415], [115.6066601966791, 40.317097710957555], [115.60666204839434, 40.31700764457585], [115.60677971089697, 40.31700906193382], [115.60678341398994, 40.316828929156976], [115.60690107618842, 40.31683034638635], [115.60690477893549, 40.31665021359463], [115.60702244082984, 40.3166516306954], [115.60702429203458, 40.31656156429283], [115.60714195378105, 40.316562981269485], [115.6071438048212, 40.31647291486096], [115.60737912802666, 40.3164757484464], [115.607380978746, 40.31638568202743], [115.60761630167235, 40.31638851512539], [115.60761815207086, 40.31629844869596], [115.60785347471811, 40.31630128130644], [115.60785532479578, 40.31621121486657], [115.6082083083605, 40.31621546287161], [115.60821015796111, 40.31612539641684], [115.6084454800668, 40.31612822781309], [115.60844732934662, 40.31603816134786], [115.60880031209899, 40.31604240753159], [115.60880216090172, 40.31595234105145], [115.60915514326042, 40.315956586145084], [115.60915699158609, 40.31586651965003], [115.60927465223277, 40.31586793443751], [115.60927650039386, 40.31577786793649], [115.60951182139974, 40.315780697143616], [115.60951366924002, 40.31569063063217], [115.60963132959922, 40.31569204505181], [115.60963317727494, 40.31560197853441], [115.60975083748625, 40.315603392829956], [115.60975268499737, 40.3155133263066], [115.60987034506077, 40.31551474047803], [115.60987219240737, 40.315424673948726], [115.61010751224666, 40.31542750192376], [115.61010935927244, 40.31533743538402], [115.61046233862511, 40.31534167643598], [115.61046418517387, 40.31525160988134], [115.61081716413281, 40.31525584984324], [115.61081901020454, 40.3151657832737], [115.61128964830807, 40.3151714348636], [115.6112878028613, 40.31526150145102], [115.61164078199505, 40.315265738900806], [115.61163893700864, 40.31535580550017], [115.61234489643819, 40.31536427719667], [115.6123430523809, 40.315454343821386], [115.61304901304725, 40.31546281123817], [115.61305085616713, 40.315372744586654], [115.61328617614329, 40.31537556609297], [115.61328801894237, 40.31528549943105], [115.61340567878669, 40.315286910000296], [115.61340752142125, 40.315196843332444], [115.61364284082231, 40.315199664103154], [115.61364468313609, 40.31510959742488], [115.61388000225793, 40.31511241770816], [115.61388184425093, 40.315022351019486], [115.61399950366808, 40.31502376097722], [115.61400134549653, 40.3149336942826], [115.61423666404328, 40.31493651383029], [115.61423850555097, 40.31484644712528], [115.61435616468059, 40.31484785671522], [115.61435800602374, 40.31475779000425], [115.61447566500539, 40.31475919947012], [115.614477506184, 40.31466913275322], [115.61459516501775, 40.314670542094994], [115.61459700603183, 40.31458047537216], [115.61471466471764, 40.31458188458985], [115.61471650556719, 40.314491817861075], [115.61506948120577, 40.31449604478302], [115.61507132157831, 40.31440597803939], [115.61542429682288, 40.31441020387136], [115.61542245691902, 40.314500270628365], [115.61565777410267, 40.31450308726049], [115.61565593450295, 40.314593154024934], [115.61589125203226, 40.314595970187476], [115.61588941273672, 40.31468603695935], [115.61612473061167, 40.31468885265232], [115.61612289162031, 40.31477891943164], [115.61635820984087, 40.314781734655014], [115.61635637115369, 40.314871801441775], [115.61659168971988, 40.314874616195574], [115.61658985133687, 40.31496468298977], [115.61694282971708, 40.314968904236636], [115.61694466763142, 40.31487883742909], [115.61717998628052, 40.31488165098665], [115.6171818238741, 40.3147915841687], [115.61729948305485, 40.31479299076359], [115.6173013204839, 40.31470292393974], [115.61741897951673, 40.31470433041055], [115.61742081678126, 40.314614263580765], [115.61753847566612, 40.3146156699275], [115.61754031276614, 40.31452560309178], [115.61765797150305, 40.314527009314446], [115.61765980843857, 40.31443694247279], [115.61777746702754, 40.31443834857137], [115.61778114056125, 40.314258214874755], [115.61789879884601, 40.314259620844815], [115.61790063544422, 40.314169553989835], [115.61801829358109, 40.314170959835835], [115.61802747566668, 40.31372062551654], [115.61790981831095, 40.31371921969279], [115.61791165485945, 40.31362915282896], [115.61779399766823, 40.31362774689005], [115.61779583436467, 40.313537680029185], [115.6174428633094, 40.31353346150809], [115.61744470046624, 40.313443394659124], [115.61720938678324, 40.31344058172254], [115.61721122424422, 40.31335051488099], [115.6170935675714, 40.313349108237716], [115.6170954051803, 40.31325904139915], [115.61697774867197, 40.31325763464071], [115.61697958642881, 40.31316756780511], [115.61686193008501, 40.31316616093151], [115.61686376798978, 40.31307609409888], [115.61674611181046, 40.31307468711013], [115.6167497879076, 40.31289455344937], [115.61663213204902, 40.31289314634991], [115.61663397024137, 40.312803079521764], [115.61651631454728, 40.312801672307145], [115.61651815288756, 40.312711605481965], [115.61640049735799, 40.31271019815218], [115.6164023358462, 40.31262013133], [115.61616702512434, 40.312617316320484], [115.61616886391668, 40.31252724950574], [115.61593355354044, 40.3125244340267], [115.61593539263693, 40.31243436721938], [115.61581773761746, 40.312432959304886], [115.61581957686185, 40.312342892500546], [115.61558426716023, 40.312340076321654], [115.61558610670876, 40.31225000952475], [115.61535079735273, 40.312247192876306], [115.6153526372054, 40.312157126086845], [115.61523498269605, 40.31215571758767], [115.61523682269663, 40.3120656508012], [115.61500151401526, 40.31206283345292], [115.61500335431994, 40.31197276667389], [115.61488570014791, 40.311971357824795], [115.6148875406005, 40.31188129104874], [115.61476988659298, 40.3118798820845], [115.6147717271935, 40.311789815311435], [115.61465407335048, 40.311788406232026], [115.61465591409892, 40.31169833946195], [115.6145382604204, 40.3116969302674], [115.61454010131672, 40.3116068635003], [115.61442244780272, 40.3116054541906], [115.61442428884696, 40.311515387426496], [115.61430663549748, 40.31151397800165], [115.61430847668963, 40.311423911240524], [115.61419082350466, 40.311422501700534], [115.61419266484468, 40.31133243494239], [115.61372205281265, 40.311326795604174], [115.61372573671743, 40.311146662119164], [115.6136080840426, 40.31114525199452], [115.61361176822656, 40.310965118512534], [115.61349411587246, 40.31096370827721], [115.6134978003356, 40.31078357479825], [115.61338014830218, 40.31078216445225], [115.61338199067748, 40.31069209771501], [115.61314668694799, 40.31068927667311], [115.61314852962738, 40.31059920994334], [115.6130308779313, 40.31059779924745], [115.61303456357754, 40.310417665792386], [115.61291691220218, 40.31041625498583], [115.61292059812759, 40.3102361215338], [115.61280294707292, 40.31023471061656], [115.61280847636729, 40.309964510440864], [115.61269082578951, 40.30996309941742], [115.61269635547765, 40.30969289924182], [115.61257870537675, 40.30969148811217], [115.61258239210633, 40.309511354663336], [115.61246474232615, 40.30950994342302], [115.61246842933485, 40.30932980997719], [115.61235077987536, 40.309328398626214], [115.61235262352342, 40.30923833190556], [115.61223497422841, 40.30923692043946], [115.61223681802436, 40.30914685372179], [115.61211916889388, 40.30914544214056], [115.61212101283769, 40.309055375425885], [115.61200336387171, 40.30905396372951], [115.61200705204675, 40.30887383030468], [115.61188940340145, 40.30887241849764], [115.6118912476327, 40.308782351787485], [115.6117735991519, 40.30878093986533], [115.61177728790179, 40.30860080644952], [115.61165963974166, 40.308599394416696], [115.61166148426032, 40.308509327711036], [115.6115438362647, 40.308507915563105], [115.6115475255894, 40.3083277821563], [115.61142987791447, 40.308326369897706], [115.61143172272054, 40.30823630319656], [115.6113140752101, 40.30823489082284], [115.61131592016403, 40.308144824124696], [115.61119827281807, 40.30814341163585], [115.61120011791985, 40.30805334494069], [115.61108247073841, 40.30805193233673], [115.61108431598805, 40.307961865644565], [115.61096666897112, 40.30796045292548], [115.61097774123122, 40.307420052768336], [115.61086009515968, 40.307418639956495], [115.6108637861588, 40.30723850656793], [115.61074614040791, 40.30723709364542], [115.61075905973594, 40.306606626770176], [115.61064141508656, 40.3066052137594], [115.6106469522851, 40.30633501366128], [115.6100587315055, 40.306327946880714], [115.61005688500016, 40.30641801355918], [115.60982159643427, 40.306415186000905], [115.60981974960828, 40.306505252668956], [115.60958446076336, 40.30650242462337], [115.60958261361671, 40.30659249128099], [115.60946496905059, 40.306591077074316], [115.60946312173942, 40.30668114372599], [115.60922783231985, 40.30667831494497], [115.60922598468802, 40.30676838158621], [115.60910833983455, 40.30676696701183], [115.60910649203824, 40.3068570336471], [115.60887120204397, 40.30685420413064], [115.60886750580165, 40.307034337378845], [115.60874986050469, 40.30703292243226], [115.60874801221485, 40.30712298904968], [115.60863036677006, 40.30712157397904], [115.60862666985302, 40.307301707200466], [115.60850902410422, 40.307300292001266], [115.60849793221607, 40.30784069160322], [115.60838028553856, 40.30783927625755], [115.6083747390134, 40.30810947602515], [115.6082570918757, 40.30810806054644], [115.60825154480698, 40.3083782602873], [115.60813389720906, 40.30837684467556], [115.60813019880919, 40.30855697781979], [115.60801255090725, 40.30855556207948], [115.60800885216166, 40.30873569520884], [115.6078912039557, 40.30873427933996], [115.60788935441423, 40.30882434589794], [115.60777170606042, 40.30882292990499], [115.60776800664004, 40.30900306300756], [115.60765035798222, 40.30900164688605], [115.60764850810335, 40.30909171343062], [115.60753085929767, 40.30909029718504], [115.60752900925428, 40.309180363723655], [115.6072937113556, 40.309177530864694], [115.60729186099148, 40.30926759739288], [115.60717421189845, 40.30926618077952], [115.6071723613698, 40.30935624730175], [115.60705471212896, 40.3093548305643], [115.60705101073422, 40.30953496359533], [115.60693336118936, 40.30953354672932], [115.60693151032326, 40.30962361323814], [115.60681386063054, 40.309622196248036], [115.60681200959993, 40.30971226275088], [115.60669435975937, 40.309710845636694], [115.60669250856424, 40.309800912133575], [115.60657485857583, 40.30979949489531], [115.60657300721614, 40.30988956138624], [115.6064553570799, 40.30988814402388], [115.60645350555566, 40.30997821050884], [115.60633585527158, 40.30997679302238], [115.6063340035828, 40.310066859501376], [115.60621635315086, 40.310065441890835], [115.60621450129756, 40.31015550836388], [115.60609685071779, 40.31015409062924], [115.6060931466737, 40.310334223561895], [115.6059754957899, 40.310332805698685], [115.60597179140002, 40.31051293861645], [115.60585414021219, 40.310511520624665], [115.60584858309613, 40.310781719976774], [115.60573093144805, 40.3107803018519], [115.60572352121822, 40.311140567616064], [115.6056058689537, 40.31113914935363], [115.60560031072502, 40.31140934864778], [115.60548265800023, 40.311407930252265], [115.60547895216025, 40.31158806309867], [115.60536129913143, 40.31158664457457], [115.6053594460427, 40.311676710991065], [115.60524179286602, 40.31167529234286], [115.60523808635108, 40.311855425162435], [115.60512043287034, 40.31185400638565], [115.60511857944414, 40.31194407278873], [115.60500092581556, 40.31194265388783], [115.60499907222479, 40.31203272028494], [115.60488141844836, 40.31203130125995], [115.60487771092929, 40.31221143404075], [115.6047600568488, 40.31221001488718], [115.60475820292052, 40.31230008127086], [115.6046405486922, 40.312298661993175], [115.60463869459936, 40.3123887283709], [115.60452104022318, 40.31238730896911], [115.60451733169995, 40.31256744171111], [115.60439967701971, 40.312566022180725], [115.60439782258936, 40.31265608854503], [115.60428016776127, 40.31265466889053], [115.60427831316635, 40.312744735248856], [115.6041606581904, 40.31274331547025], [115.6041588034309, 40.31283338182261], [115.60404114830712, 40.31283196191989], [115.60403929338301, 40.312922028266264], [115.60392163811137, 40.31292060823945], [115.6039197830227, 40.313010674579864], [115.60380212760322, 40.313009254428934], [115.60380027234996, 40.31309932076337], [115.60368261678262, 40.31309790048833], [115.6036807613648, 40.31318796681679], [115.60356310564961, 40.313186546417626], [115.60356125006719, 40.313276612740125], [115.60344359420417, 40.31327519221688], [115.60344173845715, 40.31336525853337], [115.60332408244629, 40.313363837886], [115.60332222653469, 40.313453904196535], [115.60320457037595, 40.31345248342504], [115.60320085821522, 40.3136326160327], [115.60308320175241, 40.3136311951326], [115.60308134550328, 40.31372126142971], [115.60296368889264, 40.31371984040549], [115.6029599760568, 40.313899972986285], [115.60284231914207, 40.31389855183345], [115.6028386059603, 40.31407868439934], [115.60272094874152, 40.314077263117895], [115.60271723521382, 40.31425739566887], [115.60259957769095, 40.3142559742588], [115.6025958638173, 40.314436106794865], [115.60247820599034, 40.31443468525619], [115.60247634888474, 40.314524751517496], [115.60235869090995, 40.31452332985469], [115.60235497636114, 40.31470346236389], [115.60223731808226, 40.31470204057246], [115.60223546063906, 40.314792106820335], [115.60211780221233, 40.314790684904786], [115.60211408698837, 40.31497081738712], [115.60199642825755, 40.314969395342956], [115.60199457047676, 40.315059461577384], [115.60187691159811, 40.31505803940909], [115.60187505365272, 40.315148105637554], [115.60175739462622, 40.31514668334512], [115.6017555365162, 40.31523674956761], [115.60152021817586, 40.315233904614885], [115.60151835974501, 40.315323970826896], [115.60140070043117, 40.31532254816659], [115.60139884183572, 40.315412614372605], [115.60128118237404, 40.31541119158819], [115.60127932361394, 40.31550125778823], [115.60116166400442, 40.31549983487968], [115.60115980507972, 40.31558990107372], [115.60092448557333, 40.315587054888724], [115.60092262632777, 40.31567712107229], [115.60056964666238, 40.3156728508841], [115.60056778693975, 40.31576291705268], [115.6003324668923, 40.31576006965341], [115.60033060684879, 40.315850135811495], [115.6000952865224, 40.315847287924704], [115.60009342615804, 40.31593735407229], [115.59985810555274, 40.31593450569799], [115.59985624486752, 40.31602457183509], [115.59973858442122, 40.31602314746398], [115.59973672357134, 40.31611321359508], [115.5996190629772, 40.31611178909985], [115.59961720196273, 40.31620185522497], [115.59938188048713, 40.31619900586659], [115.59938001915178, 40.316289071981224], [115.59926235827032, 40.31628764711809], [115.59926049677034, 40.31637771322672], [115.59902517472015, 40.316374863132545], [115.59902331289929, 40.31646492923067], [115.59878799057022, 40.31646207864896], [115.59878612842847, 40.3165521447366], [115.59831548324614, 40.31654644211958], [115.59831362047103, 40.31663650818768], [115.59796063620377, 40.31663222995528], [115.59795877295153, 40.316722296008365], [115.59772344983622, 40.316719443246264], [115.59772158626308, 40.31680950928883], [115.5974862628689, 40.31680665603918], [115.59748439897487, 40.316896722071235], [115.59724907530185, 40.31689386833404], [115.59724721108691, 40.31698393435558], [115.59689422517167, 40.316979652839], [115.5968923604796, 40.31706971884552], [115.59618638793873, 40.31706115255523], [115.5961845223008, 40.31715121853316], [115.59606686008387, 40.317149790394886], [115.59606499428126, 40.31723985636681], [115.59594733191646, 40.317238428104375], [115.5959454659492, 40.31732849407031], [115.59571014093241, 40.31732563717752], [115.59570827464424, 40.31741570313292], [115.59559061199221, 40.31741427450256], [115.59558874553936, 40.317504340451954], [115.59547108273952, 40.317502911697446], [115.59546734949609, 40.31768304358277], [115.59534968639217, 40.31768161469957], [115.59534595280256, 40.317861746569925], [115.59522828939454, 40.31786031755805], [115.59522455545877, 40.318040449413445], [115.59510689174667, 40.31803902027289], [115.59510129031109, 40.31830921803133], [115.59498362613867, 40.318307788757565], [115.59497989149365, 40.31848792058008], [115.59486222701713, 40.318486491177644], [115.59485662451772, 40.31875668888675], [115.59473895958082, 40.318755259351086], [115.5947352242266, 40.31893539114073], [115.59461755898562, 40.318933961476375], [115.59461382328516, 40.319114093251045], [115.5944961577401, 40.31911266345801], [115.59449242169342, 40.3192927952177], [115.59437475584427, 40.319291365295975], [115.59437101945134, 40.31947149704071], [115.59425335329811, 40.31947006699029], [115.59424961655897, 40.31965019872006], [115.59413195010161, 40.31964876854094], [115.59413008156314, 40.31973883439908], [115.59389474836117, 40.31973597367287], [115.59389287950174, 40.31982603952047], [115.59377521275712, 40.31982460897338], [115.59377334373302, 40.319914674814974], [115.59353800995656, 40.3199118133528], [115.59353614061148, 40.32000187918386], [115.59341847357962, 40.320000448268786], [115.59341660406983, 40.320090514093835], [115.5931812697189, 40.3200876518957], [115.59317939988814, 40.32017771771021], [115.5929440652584, 40.32017485502444], [115.59294219510669, 40.32026492082841], [115.59258919275652, 40.32026062588884], [115.59258732212756, 40.32035069167773], [115.59199898426468, 40.32034353102959], [115.59199711284592, 40.32043359679434], [115.5917617774473, 40.320430731688504], [115.5917636491786, 40.32034066593283], [115.59023397194238, 40.32032203113869], [115.59023584569674, 40.320231965440506], [115.58988284392917, 40.32022766224559], [115.58988096970603, 40.32031772793014], [115.58964563492404, 40.32031485852624], [115.58964376037991, 40.320404924200226], [115.58929075780154, 40.32040061918341], [115.58928888278015, 40.3204906848423], [115.58905354745764, 40.32048781422379], [115.58905167211525, 40.3205778798721], [115.5886986687261, 40.32057357303338], [115.58869679290642, 40.32066363866659], [115.58846145704342, 40.320660766833456], [115.58845958090276, 40.320750832456106], [115.58810657670291, 40.32074652379545], [115.58810470008497, 40.320836589402965], [115.58775169549247, 40.320832279651874], [115.58774981839724, 40.32092234524427], [115.58716147679772, 40.32091515991013], [115.58715959891266, 40.32100522547831], [115.5865712567435, 40.32099803713031], [115.5865693780686, 40.32108810267424], [115.58598103532988, 40.32108091131235], [115.58597915586513, 40.32117097683203], [115.58539081255697, 40.32116378245624], [115.58539269280305, 40.32107371695933], [115.5851573558517, 40.32107083838059], [115.58515923640188, 40.32098077289132], [115.58492389979698, 40.320977893843114], [115.58492578065122, 40.32088782836146], [115.58480811251776, 40.32088638866246], [115.58480623150724, 40.32097645413955], [115.58433555843317, 40.32097069412885], [115.5843336767891, 40.321060759586224], [115.58409833999043, 40.32105787885389], [115.58409645802531, 40.32114794430068], [115.58397878948244, 40.321146503750484], [115.58397690735256, 40.321236569191235], [115.58374156997975, 40.321233687722774], [115.58373968752883, 40.32132375315292], [115.58362201869888, 40.32132231223467], [115.58362013608321, 40.32141237765877], [115.58338479813621, 40.32140949545419], [115.5833791493006, 40.321679691690264], [115.583261479871, 40.32167825039481], [115.58325959675254, 40.32176831579932], [115.58314192717516, 40.32176687437966], [115.58314004389192, 40.32185693977812], [115.58302237416676, 40.32185549823426], [115.58302049071874, 40.321945563626684], [115.5829028208458, 40.32194412195861], [115.582900937233, 40.32203418734496], [115.58278326721229, 40.32203274555268], [115.58278138343474, 40.322122810933024], [115.58266371326621, 40.322121369016514], [115.58266182932388, 40.3222114343908], [115.58242648869977, 40.32220855018972], [115.58242460443638, 40.32229861555339], [115.58230693398079, 40.32229717326881], [115.58230504955263, 40.32238723862645], [115.58206970835438, 40.322384353689195], [115.58206782360513, 40.32247441903622], [115.58183248212835, 40.32247153361125], [115.58183059705802, 40.32256159894765], [115.58171292617611, 40.322560156051125], [115.581711040941, 40.32265022138149], [115.58159336991129, 40.32264877836074], [115.58159148451139, 40.32273884368504], [115.5814738133339, 40.32273740054006], [115.58147192776923, 40.322827465858325], [115.58135425644394, 40.32282602258913], [115.58135237071447, 40.322916087901355], [115.58123469924143, 40.322914644507954], [115.58123281334717, 40.32300470981411], [115.58111514172633, 40.32300326629648], [115.58111325566728, 40.32309333159659], [115.58099558389867, 40.32309188795474], [115.58099181144246, 40.32327201854138], [115.58087413936977, 40.32327057477074], [115.58084584251918, 40.32462155391335], [115.58072816811057, 40.32462010995448], [115.5807262814295, 40.32471017521425], [115.5808439559944, 40.32471161917767], [115.58083452324293, 40.32516194547714], [115.58071684789651, 40.325160501490856], [115.58071307442377, 40.325340631991146], [115.58059539877324, 40.32533918787607], [115.5805935118678, 40.32542925311942], [115.5804758360695, 40.325427808880086], [115.58047206192043, 40.325607939353205], [115.58035438581804, 40.32560649498508], [115.58035061132233, 40.32578662544314], [115.58023293491581, 40.3257851809462], [115.58023104749887, 40.325875246168444], [115.58011337094459, 40.32587380154727], [115.58011148336283, 40.32596386676344], [115.58022916007344, 40.32596531138919], [115.58022727263948, 40.32605537660847], [115.58069798019231, 40.326061153933075], [115.5806960933751, 40.32615121916917], [115.5808137704409, 40.326152663205725], [115.58081188377147, 40.3262427284449], [115.58092956100211, 40.32624417236637], [115.58092578795036, 40.32642430284942], [115.58104346550213, 40.32642574666037], [115.5810415791198, 40.32651581190423], [115.58115925683637, 40.32651725560007], [115.58115548435886, 40.326697386092526], [115.58127316239656, 40.32669882967784], [115.58126750408543, 40.32696902541912], [115.5813851826006, 40.326970468898466], [115.58137952468185, 40.327240664640144], [115.58102648775498, 40.32723633380195], [115.58102837420537, 40.327146268569905], [115.58091069540306, 40.32714482472239], [115.58091446859096, 40.32696469426304], [115.58067911163717, 40.32696180622731], [115.58068288541628, 40.3267816757803], [115.5805652072648, 40.32678023159207], [115.58056332022318, 40.32687029681174], [115.58044564192389, 40.32686885249928], [115.58044375471744, 40.3269589177129], [115.58032607627034, 40.32695747327619], [115.58032418889907, 40.32704753848376], [115.58020651030417, 40.32704609392281], [115.58020462276805, 40.32713615912431], [115.58008694402534, 40.327134714439126], [115.58008505632438, 40.32722477963459], [115.57984969855187, 40.32722188989605], [115.57984781052977, 40.32731195508089], [115.57961245247867, 40.32730906485451], [115.57961056413541, 40.327399130028724], [115.57902216837512, 40.32739190234568], [115.57902027924173, 40.32748196749554], [115.57890259995891, 40.327480521595334], [115.57890448924863, 40.32739045645006], [115.57808073560172, 40.32738033182995], [115.57807884521777, 40.32747039694318], [115.57760812841039, 40.3274646087949], [115.57760623739262, 40.32755467388831], [115.57725319940766, 40.32755033150681], [115.57725130791243, 40.32764039658501], [115.57678059009329, 40.32763460504928], [115.57677869796422, 40.32772467010767], [115.57666101837444, 40.32772322191997], [115.5766591260805, 40.327813286972294], [115.57654144634296, 40.32781183866034], [115.57653955388417, 40.32790190370658], [115.57642187399883, 40.32790045527038], [115.57641998137515, 40.327990520310564], [115.57618462131742, 40.327987623069966], [115.5761827283726, 40.32807768809951], [115.57606504820019, 40.32807623929511], [115.57606315509051, 40.32816630431858], [115.57594547477031, 40.32816485538992], [115.57594358149575, 40.328254920407325], [115.5758259010278, 40.32825347135441], [115.57582400758835, 40.32834353636575], [115.57547096576671, 40.32833918847519], [115.57546907184975, 40.32842925347128], [115.5749983489152, 40.32842345459008], [115.5749964543644, 40.32851351956634], [115.57487877349577, 40.32851206954226], [115.57487687878009, 40.32860213451246], [115.57475919776371, 40.32860068436412], [115.57475540799403, 40.328780814290866], [115.57463772667352, 40.32877936401367], [115.574633936557, 40.32895949392533], [115.57451625493238, 40.32895804351927], [115.57451435970498, 40.32904810846828], [115.57439667793257, 40.32904665793795], [115.57439099173004, 40.329316852762325], [115.57427330949719, 40.32931540209856], [115.57426762274872, 40.32958559689583], [115.5741499400554, 40.32958414609861], [115.57414425276099, 40.329854340868785], [115.5740265696072, 40.329852889938095], [115.57402467366896, 40.32994295485393], [115.57390699036739, 40.32994150379897], [115.57390509426425, 40.33003156870874], [115.57378741081487, 40.330030117529496], [115.57378551454684, 40.330120182433184], [115.57178489455906, 40.33009549399689], [115.57178679348489, 40.33000542917136], [115.57166911018957, 40.33000397583787], [115.57167290832821, 40.32982384619153], [115.57155522535413, 40.32982239274757], [115.57156092296684, 40.329552198280766], [115.57144324047033, 40.32955074473092], [115.57144893847496, 40.32928055026458], [115.57133125645605, 40.329279096608865], [115.57133885430092, 40.32891883731811], [115.5712211729159, 40.32891738356111], [115.57122497209961, 40.32873725391605], [115.5711072910358, 40.328735800048584], [115.57110919077114, 40.328645735228434], [115.57099150987224, 40.32864428124589], [115.57099340975533, 40.32855421642887], [115.57087572902134, 40.32855276233127], [115.57087762905219, 40.32846269751736], [115.57064226792255, 40.32845978897232], [115.57064606858386, 40.328279659358465], [115.57052838834454, 40.328278204915655], [115.57053218928421, 40.328098075305086], [115.5704145093661, 40.32809662075181], [115.57042401234688, 40.327646296722484], [115.57054169148334, 40.327647751252755], [115.57054739269996, 40.32737755680357], [115.57042971403247, 40.32737610228712], [115.57043351511334, 40.32719597265615], [115.57031583676702, 40.32719451802922], [115.57031393607457, 40.327284582840846], [115.56972554369004, 40.32727730788824], [115.5697236422074, 40.32736737267536], [115.56960596359991, 40.32736591732122], [115.56960406195239, 40.32745598210225], [115.56936870445048, 40.32745307102576], [115.56936680248175, 40.327543135796084], [115.56924912358734, 40.32754168007374], [115.56924722145371, 40.32763174483799], [115.56912954241157, 40.32763028899135], [115.56912764011301, 40.3277203537495], [115.5687746025691, 40.327715985477745], [115.56877269979303, 40.32780605022058], [115.56853734116068, 40.32780313743185], [115.56853543806339, 40.32789320216399], [115.56830007915272, 40.32789028888734], [115.5682981757342, 40.327980353608794], [115.5681804961354, 40.32797889678635], [115.56817859255197, 40.32806896150171], [115.56806091280545, 40.32806750455497], [115.56805900905712, 40.328157569264235], [115.56794132916286, 40.32815611219323], [115.5679394252496, 40.32824617689639], [115.56782174520762, 40.3282447197011], [115.56781984112943, 40.32833478439816], [115.56770216093972, 40.328333327078575], [115.56770025669664, 40.32842339176956], [115.5674648960303, 40.32842047676217], [115.56746299146597, 40.328510541442434], [115.56722763052134, 40.32850762594712], [115.56722572563577, 40.32859769061667], [115.56675500322433, 40.32859185817147], [115.56675309770483, 40.32868192282108], [115.56651773623801, 40.328679005871216], [115.56651583039731, 40.32876907051012], [115.56639814952047, 40.328767611851056], [115.5663962435148, 40.32885767648386], [115.56616088147423, 40.328854758797476], [115.56615897514735, 40.328944823419555], [115.56604129398363, 40.32894336439223], [115.56603938749181, 40.32903342900822], [115.56580402487752, 40.329030510585305], [115.56580211806441, 40.32912057519058], [115.56568443661385, 40.32911911579499], [115.56568252963582, 40.329209180394145], [115.56556484803751, 40.329207720874265], [115.56556294089455, 40.32929778546734], [115.56544525914853, 40.32929632582316], [115.56544335184063, 40.329386390410114], [115.5652079880617, 40.329383470753484], [115.56520608043255, 40.329473535329726], [115.56508839839964, 40.32947207531728], [115.56508649060557, 40.329562139887415], [115.56496880842492, 40.329560679750664], [115.5649669004659, 40.32965074431469], [115.56473153581781, 40.32964782367291], [115.56472962753749, 40.32973788822623], [115.56425889771924, 40.329732045488036], [115.56425698880498, 40.329822110021375], [115.56390394106269, 40.329817726697236], [115.56390012227031, 40.329997855731705], [115.56354707366752, 40.3299934713027], [115.56354516378939, 40.33008353580383], [115.56342748078268, 40.33008207408351], [115.56342557073961, 40.33017213857853], [115.56330788758517, 40.33017067673392], [115.56330597737715, 40.33026074122284], [115.563188294075, 40.3302592792539], [115.563186383702, 40.3303493437367], [115.56295101681086, 40.33034641943055], [115.56294910611658, 40.33043648390262], [115.5628314225276, 40.330435021565386], [115.56282951166835, 40.330525086031344], [115.56247646048408, 40.33052069828768], [115.56247454914721, 40.33061076273827], [115.56223918142145, 40.33060783696816], [115.56223726976326, 40.33069790140801], [115.5620019017593, 40.33069497514992], [115.56199807779171, 40.33087510400664], [115.56188039348997, 40.33087364068879], [115.56187848133689, 40.3309637051103], [115.56176079688744, 40.33096224166815], [115.5617588845694, 40.33105230608354], [115.5618765691752, 40.33105376953032], [115.56185744708385, 40.33195441364905], [115.56173976091458, 40.331952950155944], [115.56173784850165, 40.33204301455503], [115.56162016218464, 40.3320415509376], [115.56161824960672, 40.33213161533059], [115.56138287668588, 40.33212868772741], [115.56138478957651, 40.332038623343706], [115.56126710328537, 40.33203715936722], [115.56128240735042, 40.33131664428127], [115.56116472231871, 40.33131518022217], [115.56116663544437, 40.33122511583439], [115.56093126571955, 40.331222187366414], [115.56093317914926, 40.331132122986425], [115.56105086385101, 40.331133587275616], [115.56105277711576, 40.3310435228895], [115.56093509257035, 40.331042058604936], [115.56093700598281, 40.330951994221984], [115.56058395286739, 40.3309476006641], [115.56058586674024, 40.33085753629357], [115.56046818254204, 40.33085607153955], [115.56047009656263, 40.330766007172166], [115.5603524125294, 40.33076454230311], [115.56035815500833, 40.330494349205985], [115.56047583857254, 40.330495814061145], [115.56047966653597, 40.33031568531305], [115.56059734979611, 40.33031715003926], [115.56060117741235, 40.330137021275966], [115.56071886036847, 40.33013848587321], [115.5607226876375, 40.329958357094725], [115.56084037028957, 40.32995982156302], [115.56084611065938, 40.32968962837026], [115.56096379285107, 40.329691092704984], [115.56096761940846, 40.32951096389313], [115.56108530129612, 40.32951242809891], [115.56108721440555, 40.32942236368612], [115.5612048961455, 40.32942382776758], [115.56120680908995, 40.32933376334869], [115.56144217228305, 40.32933669114332], [115.56144408490623, 40.32924662671366], [115.56167944782119, 40.32924955402033], [115.56168136012307, 40.329159489579915], [115.56191672275986, 40.3291624163986], [115.56191863474046, 40.32907235194747], [115.56215399709912, 40.329075278278204], [115.56215782040911, 40.32889514935293], [115.56239318217692, 40.328898075186444], [115.56239509350634, 40.32880801071233], [115.56227741277445, 40.32880654786005], [115.56227932425159, 40.32871648338907], [115.56239700482713, 40.32871794623673], [115.56239891613932, 40.328627881759644], [115.56263427700364, 40.328630807086675], [115.5626323660041, 40.32872087157302], [115.5627500466055, 40.32872233406165], [115.56275768992661, 40.328362076088894], [115.56287536991134, 40.32836353843935], [115.56287728056374, 40.3282734739378], [115.56299496040077, 40.32827493616396], [115.56299687088821, 40.32818487165632], [115.56323223027546, 40.32818779574034], [115.56323414044166, 40.32809773122197], [115.5633518199919, 40.328099193079844], [115.56335372999317, 40.32800912855537], [115.56347140939567, 40.32801059028895], [115.563473319232, 40.32792052575835], [115.5635909984868, 40.32792198736764], [115.5635929081582, 40.32783192283094], [115.5637105872653, 40.327833384315916], [115.56371440626963, 40.327653255228824], [115.56359672747516, 40.3276517937531], [115.56359863712072, 40.327561729211965], [115.56336327987026, 40.32755880591074], [115.56336518981983, 40.32746874137736], [115.56324751136385, 40.327467279551875], [115.56324942146114, 40.32737721502165], [115.56336709976081, 40.32737867684251], [115.56336900969316, 40.32728861230618], [115.5637220441749, 40.32729299703686], [115.56372395362968, 40.32720293248516], [115.56384163165117, 40.32720439381809], [115.56384354094105, 40.32711432926029], [115.56502032006625, 40.32712893596168], [115.56502222778435, 40.327038871356166], [115.56525758340004, 40.327041791251204], [115.56525949079693, 40.326951726634945], [115.56478878022521, 40.326945886384706], [115.56479068823874, 40.32685582178547], [115.56431997842998, 40.32684997963906], [115.56432188706016, 40.32675991505683], [115.56443956434313, 40.32676137576831], [115.56444528971305, 40.32649118199886], [115.56432761289902, 40.326489721301265], [115.56433333866042, 40.326219527532345], [115.5644510150055, 40.32622098821608], [115.5644471981525, 40.32640111740609], [115.56456487481881, 40.32640257797941], [115.56456296653569, 40.32649264257681], [115.56468064336694, 40.32649410303509], [115.56467873523154, 40.32658416763563], [115.5652671202984, 40.32659146815515], [115.56526902765226, 40.32650140353151], [115.56538670453511, 40.326502863271806], [115.56539242607617, 40.32623266937809], [115.5655101024987, 40.32623412898486], [115.56551200950555, 40.32614406434604], [115.5653943332393, 40.32614260474389], [115.56539624039385, 40.32605254010821], [115.56551391650379, 40.326053999705735], [115.56551582349343, 40.32596393506395], [115.56539814753981, 40.32596247547104], [115.56540196180589, 40.32578234619227], [115.56528428617348, 40.32578088648894], [115.56528619344991, 40.325690821851964], [115.56563921990403, 40.325695200589095], [115.56563731309652, 40.32578526523993], [115.56575498875472, 40.325786724584276], [115.56575308209489, 40.325876789238265], [115.56598843374972, 40.32587970757721], [115.56599224643556, 40.32569957824927], [115.56587457091645, 40.32569811914888], [115.56587647740278, 40.325608054487304], [115.56564112670297, 40.32560513593677], [115.56564303349329, 40.32551507128294], [115.56552535831258, 40.32551361183281], [115.56552726525061, 40.32542354718213], [115.56576261530802, 40.32542646595352], [115.5657664285331, 40.32524633662926], [115.56600177799967, 40.325249254903525], [115.56599987170405, 40.32533931957564], [115.56611754660655, 40.32534077853791], [115.56611945274587, 40.32525071386117], [115.56635480226403, 40.32525363141749], [115.56635670808217, 40.32516356673005], [115.56623903347509, 40.325162108016336], [115.56624093944093, 40.32507204333202], [115.56612326499872, 40.325070584503266], [115.56612517111228, 40.3249805198221], [115.56600749683498, 40.3249790608783], [115.5660094030962, 40.32488899620027], [115.56589172898381, 40.32488753714143], [115.56589363539275, 40.324797472466535], [115.56577596144524, 40.32479601329267], [115.56577786800187, 40.32470594862091], [115.5658955417931, 40.32470740779015], [115.56589744818483, 40.32461734311228], [115.56601512182833, 40.32461880215726], [115.5660208404831, 40.32434860810093], [115.56590316730846, 40.32434714906981], [115.56590507366582, 40.324257084386026], [115.56531670870316, 40.32424978745867], [115.565320522955, 40.324069658132835], [115.56520285030084, 40.32406819839765], [115.56520475757014, 40.32397813373713], [115.56508708508088, 40.323976673886904], [115.56509280730607, 40.32370647991032], [115.56497513529428, 40.3237050199543], [115.5649808579109, 40.32343482597826], [115.56509852945382, 40.323436285920415], [115.56510234417597, 40.323256156586396], [115.56522001541492, 40.32325761639966], [115.56522573696479, 40.322987422373664], [115.5653434077435, 40.3229888820534], [115.56534531475329, 40.32289881737049], [115.56558065602394, 40.3229017363618], [115.56558256271259, 40.32281167166816], [115.56570023320451, 40.322813130979725], [115.56569832667218, 40.32290319567798], [115.5659336679944, 40.32290611395139], [115.56592794928342, 40.32317630806498], [115.5662809627378, 40.323180684619274], [115.5662790569525, 40.3232707493347], [115.56639672827741, 40.323272207951455], [115.56639291699355, 40.32345233738708], [115.56651058863966, 40.32345379589341], [115.56650868314114, 40.32354386061362], [115.56639101133872, 40.323542402102674], [115.5663852943227, 40.32381259624057], [115.5666206388738, 40.3238155131705], [115.56662254424182, 40.323725448450126], [115.56674021637397, 40.323726906731], [115.56673831116223, 40.323816971456], [115.56685598345928, 40.32381842962183], [115.56685788851472, 40.32372836489221], [115.56721090498851, 40.32373273865797], [115.56721471413591, 40.3235526091666], [115.56709704228197, 40.323551151373564], [115.56710275640751, 40.323280957139254], [115.56722042779258, 40.323282414918445], [115.56722233232763, 40.32319235016609], [115.56734000356502, 40.323193807821006], [115.56734190793519, 40.32310374306258], [115.56757725012315, 40.32310665800424], [115.56757915417218, 40.32301659323508], [115.56781449608192, 40.32301950768892], [115.5678163998098, 40.32292944290907], [115.56840475395299, 40.322936726926706], [115.56840665689084, 40.322846662122316], [115.56875966901092, 40.32285103108327], [115.56875776654188, 40.32294109590149], [115.56899310831074, 40.322944007953105], [115.56899501046719, 40.322853943125665], [115.56911268120818, 40.322855398967384], [115.56911648518278, 40.32267526929882], [115.56935182606541, 40.32267818060488], [115.56935372772728, 40.322588115759174], [115.56970673864667, 40.32259248180707], [115.56970863983112, 40.322502416946065], [115.56994398017434, 40.32250532703719], [115.5699458810377, 40.32241526216549], [115.57018122110266, 40.322418171768824], [115.5701793205519, 40.32250823664974], [115.57029699075353, 40.322509691276544], [115.57029889114801, 40.322419626391024], [115.57088724150329, 40.32242689770726], [115.5708891411078, 40.32233683279725], [115.57100681104828, 40.32233828669695], [115.57100491160004, 40.32242835161156], [115.57124025181928, 40.322431259061226], [115.57124215095494, 40.32234119413741], [115.57159516087916, 40.322345554400734], [115.57159705953742, 40.322255489461625], [115.57195006906989, 40.32225984863432], [115.57195196725074, 40.32216978367993], [115.57183429755432, 40.322168330746614], [115.57183619588291, 40.32207826579534], [115.5717185263513, 40.32207681274698], [115.5717204248276, 40.32198674779883], [115.57160275546086, 40.321985294635425], [115.57160465408485, 40.321895229690384], [115.57148698488294, 40.321893776411926], [115.57149078241783, 40.32171364652663], [115.57137311353702, 40.32171219313773], [115.5713750124479, 40.321622128197454], [115.57125734373193, 40.321620674693506], [115.57125924279052, 40.32153060975636], [115.57114157423939, 40.321529156137366], [115.57114347344569, 40.32143909120333], [115.5710258050594, 40.32143763746929], [115.571033402424, 40.32107737773677], [115.57091573467136, 40.321075923901496], [115.57091763414736, 40.32098585896926], [115.57079996655956, 40.32098440501893], [115.57080376579842, 40.32080427515925], [115.57056843127357, 40.320801366918104], [115.57057033119268, 40.320711301995246], [115.57033499701464, 40.32070839328473], [115.57035209871376, 40.319897808995144], [115.57070509577454, 40.31990217175714], [115.57070319608883, 40.319992236697956], [115.57093852781804, 40.319995144616954], [115.57093662843626, 40.320085209565484], [115.57081896241111, 40.320083755661194], [115.57081706286452, 40.32017382060362], [115.5710523952359, 40.320176728301774], [115.57105049599325, 40.32026679325193], [115.57116816234806, 40.320268246926155], [115.5711662632531, 40.32035831187943], [115.57128392977275, 40.32035976543861], [115.5712820308255, 40.32044983039501], [115.57139969750996, 40.32045128383915], [115.57139779871042, 40.32054134879868], [115.57151546555971, 40.320542802127775], [115.57151356690788, 40.320632867090424], [115.57174890094468, 40.3206357733989], [115.57174320587538, 40.32090596830553], [115.57186087337541, 40.32090742129411], [115.57185897515812, 40.32099748626462], [115.57197664282302, 40.32099893913815], [115.57197474475342, 40.3210890041118], [115.57209241258315, 40.32109045687028], [115.57209431049645, 40.32100039189204], [115.57221197817844, 40.321001844526286], [115.57221008042139, 40.321091909509136], [115.57244541612361, 40.32109481442788], [115.57244351867057, 40.32118487941843], [115.57279652275686, 40.32118923591302], [115.57279083175278, 40.32145943091715], [115.57337917441178, 40.321466689417534], [115.57337727817468, 40.32155675443893], [115.57349494688842, 40.32155820578467], [115.57349684296925, 40.32146814075868], [115.5740851858848, 40.321475395669715], [115.57408708117573, 40.321385330619286], [115.57420474962821, 40.32138678123796], [115.57420285449356, 40.32147684629299], [115.57479119766555, 40.321484097614665], [115.57479877502739, 40.32112383729389], [115.57491644306232, 40.321125287180934], [115.57492023137945, 40.32094515700247], [115.5750378991104, 40.320946606760685], [115.57503979309988, 40.320856541664654], [115.57515746068309, 40.32085799129864], [115.57515935450776, 40.32076792619653], [115.57527702194325, 40.32076937570629], [115.57528649015714, 40.3203190501506], [115.57540415681983, 40.32032049951778], [115.57540226335041, 40.32041056463647], [115.5755199301779, 40.320412013888586], [115.57552182349106, 40.32032194876531], [115.57575715685915, 40.320324846901464], [115.57575904985126, 40.32023478176753], [115.5762297160648, 40.320240576585796], [115.57623160842331, 40.320150511432054], [115.5761139420134, 40.32014906291153], [115.57611583451963, 40.32005899776088], [115.5762335007733, 40.32006044627682], [115.57623539311474, 40.3199703811201], [115.57647072533514, 40.31997327778389], [115.57647450936737, 40.31979314744768], [115.57635684356542, 40.31979169918478], [115.5763549513973, 40.31988176434904], [115.57611961950649, 40.31987886745514], [115.57612151198711, 40.31978880230005], [115.57541551745712, 40.319780108774566], [115.57541741086676, 40.319690043645515], [115.57518207973757, 40.31968714485575], [115.57518397345123, 40.319597079734386], [115.57483097729029, 40.31959273066623], [115.57483287146415, 40.31950266555715], [115.57447987584887, 40.319498315426046], [115.57448177048298, 40.31940825032927], [115.57436410545122, 40.31940680005088], [115.57436600023304, 40.31931673495721], [115.5742483353661, 40.31931528456378], [115.57425212521662, 40.31913515438117], [115.57413446067072, 40.31913370387729], [115.5741363557394, 40.31904363878835], [115.57401869135832, 40.31904218816942], [115.57402627217263, 40.31868192781727], [115.57496758246049, 40.31869352927204], [115.57496947639268, 40.318603464143585], [115.57520480373758, 40.31860636330177], [115.57520669734872, 40.31851629816265], [115.57591267865081, 40.31852499273848], [115.57591457131592, 40.31843492757035], [115.57603223473991, 40.31843637624303], [115.57603412724023, 40.31834631106884], [115.57615179051649, 40.31834775961728], [115.57615368285205, 40.31825769443702], [115.57627134598059, 40.31825914286126], [115.57627323815134, 40.31816907767494], [115.5763909011322, 40.318170525974956], [115.57639279313817, 40.318080460782575], [115.57651045597129, 40.31808190895837], [115.57651423964515, 40.31790177855999], [115.57663190217431, 40.317903226607], [115.5766337938422, 40.31781316140099], [115.57675145622363, 40.31781460932378], [115.57675334772676, 40.31772454411172], [115.57687100996048, 40.317725991910294], [115.57687290129883, 40.31763592669218], [115.57699056338483, 40.317637374366534], [115.57699245455841, 40.317547309142356], [115.5771101164967, 40.31754875669251], [115.57711200750549, 40.317458691462264], [115.57722966929607, 40.317460138888215], [115.5772315601401, 40.3173700736519], [115.57734922178297, 40.31737152095363], [115.57735111246222, 40.317281455711246], [115.57746877395738, 40.31728290288878], [115.57747066447185, 40.31719283764035], [115.57782364853973, 40.317197178441404], [115.57782553857697, 40.31710711317775], [115.57794319979376, 40.3171085598676], [115.57794508966623, 40.31701849459789], [115.57818041181287, 40.317021387609536], [115.57818230136432, 40.31693132232919], [115.5782999622942, 40.316932768651014], [115.5783018516809, 40.316842703364586], [115.5786548340529, 40.31684704159854], [115.57865672296236, 40.316756976296915], [115.57912736561931, 40.316762758915765], [115.57912925389532, 40.31667269359436], [115.57936457496243, 40.31667558417688], [115.57936268699888, 40.31676564950743], [115.5797156691321, 40.316769984497746], [115.57971378162874, 40.31686004984055], [115.58018442521715, 40.316865828171146], [115.5801749906976, 40.31731615495442], [115.58029265239718, 40.31731759926087], [115.580290765624, 40.317407664617654], [115.58111439885298, 40.31741777144516], [115.58111251316497, 40.31750783683246], [115.58134783733371, 40.31751072342993], [115.5813459519497, 40.31760078882489], [115.58146361420307, 40.317602231948754], [115.58146172896681, 40.3176922973468], [115.58157939138493, 40.317693740355594], [115.58158127646496, 40.317603674952984], [115.58252257486593, 40.317615214680146], [115.5825244586875, 40.317525149239536], [115.58275978306023, 40.317528032965896], [115.58276166656078, 40.317437967514664], [115.58287932860365, 40.31743940919384], [115.5828812119395, 40.317349343736566], [115.5832341976503, 40.31735366804262], [115.58323608050893, 40.31726360257018], [115.58347140404611, 40.3172664848336], [115.58347328658375, 40.31717641935057], [115.58382627148447, 40.31718074183481], [115.5838281535449, 40.3170906763366], [115.58476944573694, 40.317102197661136], [115.58476756492644, 40.31719226319581], [115.58547353536419, 40.31720089919215], [115.58547165548269, 40.317290964752694], [115.58570697934225, 40.31729384247022], [115.58570509976477, 40.31738390803839], [115.58594042397073, 40.31738678528651], [115.58593854469724, 40.317476850862306], [115.58617386924958, 40.317479727641], [115.5861719902801, 40.317569793224436], [115.58640731517887, 40.31757266953373], [115.58639604305907, 40.31811306305782], [115.58627837966797, 40.31811162493568], [115.58627650079542, 40.318201690513305], [115.58639416434278, 40.31820312864], [115.58639228561803, 40.31829319422069], [115.58674527677964, 40.318297507896624], [115.58674715503565, 40.31820744230229], [115.58686481861689, 40.31820887995045], [115.58686294051714, 40.318298945549344], [115.5869806042631, 40.318300383082416], [115.5869730924044, 40.31866064548143], [115.58685542803342, 40.31865920793015], [115.58685167174073, 40.31883933911168], [115.58708700111616, 40.3188422141128], [115.58708512326963, 40.31893227971045], [115.58732045299146, 40.31893515424213], [115.58731857544898, 40.319025219847404], [115.58720091042758, 40.31902378263682], [115.58719903272035, 40.31911384823606], [115.58708136755118, 40.31911241090131], [115.58707948967923, 40.3192024764945], [115.58696182436225, 40.31920103903556], [115.58695619022683, 40.319471235792655], [115.5870738560126, 40.31947267326527], [115.58707197810678, 40.31956273885255], [115.58695431216475, 40.3195613013754], [115.58695243409421, 40.31965136695666], [115.58707010019249, 40.319652804438356], [115.58706822226975, 40.31974287002269], [115.58718588853276, 40.31974430738929], [115.5871840107578, 40.31983437297671], [115.58753701006644, 40.31983868437234], [115.58753888737265, 40.31974861877128], [115.58765655366952, 40.319750055659334], [115.58766030794392, 40.319569924443705], [115.58754264195956, 40.31956848756475], [115.58754451924032, 40.31947842195926], [115.58766218506844, 40.31947985883367], [115.58766406218449, 40.31938979322216], [115.58754639651264, 40.31938835635229], [115.58754827377648, 40.319298290743845], [115.58766593929207, 40.319299727609156], [115.58766781639116, 40.319209661994684], [115.58778548175896, 40.319211098735806], [115.58778923561925, 40.319030967493326], [115.58790690068298, 40.31903240410571], [115.58790877744418, 40.31894233847771], [115.5877911125367, 40.31894090186986], [115.58779486634624, 40.31876077061851], [115.58767720175975, 40.318759333900125], [115.58767907880805, 40.31866926827677], [115.5877967432383, 40.31867070499061], [115.58779862012189, 40.31858063936124], [115.5876809558479, 40.318579202651954], [115.5876847099022, 40.31839907139785], [115.5875670459492, 40.31839763457802], [115.58757267743594, 40.31812743769943], [115.58780800441292, 40.31813031119216], [115.58780988124572, 40.31804024555392], [115.58792754459066, 40.31804168211629], [115.58792566791412, 40.31813174775908], [115.58816099494186, 40.318134620534], [115.58816287130593, 40.31804455488211], [115.58839819805503, 40.31804742716941], [115.58840007409815, 40.31795736150694], [115.58851773732914, 40.3179587974666], [115.58851961320754, 40.317868731798114], [115.58875493938241, 40.31787160334943], [115.58875681493984, 40.31778153767038], [115.5886391520044, 40.31778010195907], [115.58864102770964, 40.31769003628309], [115.58828803942288, 40.31768572844503], [115.58828616324892, 40.317775794107376], [115.58805083745423, 40.3177729216081], [115.58805271394068, 40.317682855954835], [115.58758206307785, 40.31767710953888], [115.58758394018082, 40.31758704390233], [115.58723095259131, 40.317582732847875], [115.58723283015458, 40.31749266722347], [115.58699750544973, 40.31748979259811], [115.58700313902617, 40.31721959574339], [115.58712080090562, 40.317221033102236], [115.58712267859124, 40.31713096747649], [115.58747566381169, 40.31713527882159], [115.58747754102012, 40.31704521318072], [115.58771286423027, 40.31704808680355], [115.58771474111774, 40.31695802115209], [115.58795006404924, 40.3169608942873], [115.5879519406158, 40.316870828625284], [115.588069601938, 40.316872265008904], [115.58807147833981, 40.31678219934085], [115.58830680069714, 40.31678507174011], [115.58830867677803, 40.31669500606149], [115.58854399885671, 40.31669787797315], [115.58854587461667, 40.31660781228395], [115.58889885732941, 40.31661211924062], [115.58889323143035, 40.31688231634467], [115.58901089282024, 40.316883751771265], [115.58900901765988, 40.31697381747419], [115.58912667921446, 40.31697525278572], [115.58912855421858, 40.316885187078235], [115.58924621562538, 40.31688662226558], [115.58924996529576, 40.31670649083709], [115.58936762639854, 40.31670792589572], [115.58936950106482, 40.316617860174716], [115.58948716201981, 40.31661929510916], [115.58948528750976, 40.316709360834714], [115.58960294862945, 40.31671079565409], [115.58960107426721, 40.316800861382696], [115.58983639684439, 40.316803730671644], [115.58983827089419, 40.31671366493396], [115.5900735931927, 40.316716533735296], [115.59007546692153, 40.31662646798706], [115.59042844996398, 40.316630770278245], [115.59043032321563, 40.3165407045149], [115.59054798409045, 40.31654213836816], [115.59054985717742, 40.31645207259879], [115.59066751790445, 40.316453506327896], [115.59067313664596, 40.3161833089973], [115.59090845718794, 40.31618617606942], [115.5909103297724, 40.31609611028052], [115.59102798989981, 40.3160975436326], [115.5910298623196, 40.31600747783769], [115.59114752229921, 40.31600891106559], [115.59115688349038, 40.315558582046144], [115.59127454269726, 40.31556001513176], [115.59127641475393, 40.3154699493189], [115.59139407381305, 40.31547138228034], [115.59139594570505, 40.315381316461476], [115.59174892246429, 40.31538561461447], [115.59175079387916, 40.31529554878051], [115.59186845265957, 40.315296981254406], [115.59187219515151, 40.315116849572966], [115.59175453668357, 40.31511541710816], [115.5917526652856, 40.31520548294507], [115.59151734806255, 40.315202617647486], [115.59151547634369, 40.31529268347388], [115.59128015884197, 40.315289817688736], [115.59127828680217, 40.31537988350456], [115.59092531014424, 40.31537558391609], [115.5909234376273, 40.31546564971682], [115.5906881195851, 40.31546278271731], [115.59068624674728, 40.31555284850749], [115.59056858758261, 40.315551414823766], [115.59056671458012, 40.31564148060792], [115.59033139596366, 40.31563861287253], [115.59032952264023, 40.315728678646146], [115.59021186318844, 40.31572724459448], [115.5902137366681, 40.31563717882541], [115.59009607738099, 40.31563574465865], [115.59009420374511, 40.31572581042318], [115.58985888488378, 40.315722941721724], [115.58986075883215, 40.31563287596627], [115.58997841810233, 40.315634310372275], [115.589980291886, 40.31554424461081], [115.58986263277204, 40.31554281020934], [115.58986638062649, 40.31536267869108], [115.58998403942799, 40.315364113083454], [115.58998778693616, 40.31518398155018], [115.59010544543368, 40.31518541581386], [115.59011668681805, 40.31464502115131], [115.59023434438664, 40.31464645526811], [115.5902362177649, 40.31455638948131], [115.59011856035254, 40.31455495536903], [115.59012230739617, 40.31437482380006], [115.58965167908094, 40.3143690861911], [115.58965355321499, 40.31427902042255], [115.58953589631355, 40.31427758572582], [115.58953964486868, 40.31409745419338], [115.58942198828812, 40.3140960193861], [115.5894257371219, 40.31391588785683], [115.58954339339002, 40.31391732265503], [115.589545267638, 40.31382725688362], [115.58978057988716, 40.31383012611207], [115.58978245381425, 40.31374006033012], [115.5899001097953, 40.31374149476038], [115.58990198355774, 40.3136514289724], [115.59001963939099, 40.31365286327851], [115.59002338657808, 40.31347273168904], [115.59014104210738, 40.31347416586645], [115.59014666235599, 40.31320396845753], [115.59038197250263, 40.31320683642627], [115.59038009940728, 40.31329690223979], [115.59049775464949, 40.31329833604929], [115.5904996275886, 40.31320827023122], [115.59061728268306, 40.31320970391656], [115.59061915545752, 40.31311963809247], [115.59050150051927, 40.31311820441168], [115.5905033734415, 40.313028138590646], [115.59038571866795, 40.313026704794765], [115.59038759173791, 40.31293663897681], [115.59026993712902, 40.312935205065855], [115.59026619066816, 40.31311533669123], [115.58979557106734, 40.313109599815], [115.58979744492683, 40.31301953402121], [115.58956213548953, 40.313016664874496], [115.589565883808, 40.31283653330064], [115.58933057502936, 40.31283366369366], [115.58933244948834, 40.312743597913595], [115.58945010371723, 40.31274503277236], [115.58945197801155, 40.31265496698627], [115.58921666987465, 40.312652097158235], [115.58922416821706, 40.312291834035456], [115.58934182165646, 40.312293268991105], [115.5893436960647, 40.31220320320218], [115.58946134935637, 40.312204638033684], [115.58946322359996, 40.31211457223872], [115.58958087674384, 40.312116006946084], [115.5895827508228, 40.31202594114511], [115.58911213892277, 40.31202020161621], [115.58910838950678, 40.31220033318034], [115.5889907362405, 40.312198897990015], [115.58899261110892, 40.31210883221323], [115.58887495800731, 40.31210739690784], [115.5888712079496, 40.312287528450845], [115.5886359011469, 40.312284657463046], [115.58863965182944, 40.31210452593822], [115.58852199875317, 40.312103090274], [115.58852012325994, 40.3121931560326], [115.58840247003593, 40.312191720244236], [115.58840622132637, 40.312011588734634], [115.58828856842325, 40.31201015283574], [115.58829607152741, 40.31164988981697], [115.58817841925755, 40.31164845381665], [115.58818029516861, 40.31155838806281], [115.58806264306341, 40.31155695194743], [115.58806451912226, 40.31146688619666], [115.58782921524961, 40.31146401361618], [115.58783109161237, 40.311373947873015], [115.58771343984496, 40.31137251140792], [115.587711563326, 40.31146257714654], [115.58747625950413, 40.31145970384844], [115.5874781363355, 40.31136963811891], [115.58736048459346, 40.311368201295004], [115.58736799245906, 40.31100793838032], [115.58725034135028, 40.311006501455005], [115.58725784970524, 40.31064623853485], [115.58737550018924, 40.31064767544198], [115.58738488466152, 40.31019734673576], [115.58750253437304, 40.310198783500546], [115.58750441108589, 40.3101087177503], [115.5876220606497, 40.310110154390934], [115.58762393719792, 40.31002008863467], [115.5875062877903, 40.31001865199858], [115.58751004117374, 40.309838520490736], [115.58739239208698, 40.30983708374415], [115.58739426892217, 40.30974701799255], [115.5871589710864, 40.309744144149676], [115.58715709393881, 40.30983420989218], [115.58692179582452, 40.30983133556181], [115.58692742817897, 40.30956113835717], [115.58704507676333, 40.309562575568506], [115.58704695404168, 40.309472509826115], [115.58716460247832, 40.3094739469133], [115.5871702337941, 40.30920374966361], [115.58728788177064, 40.30920518661756], [115.58729538944841, 40.308844923579066], [115.58741303680873, 40.30884636039522], [115.58741866700964, 40.30857616308717], [115.5875363139099, 40.30857759977008], [115.58753819047041, 40.30848753399323], [115.58777348398395, 40.30849040699119], [115.58777723645493, 40.30831027541485], [115.58742429713439, 40.30830596576581], [115.58742242043462, 40.30839603154108], [115.5873047738552, 40.30839459474767], [115.58730289699078, 40.3084846605169], [115.58718525026363, 40.30848322359936], [115.58718337323457, 40.30857328936257], [115.58706572635973, 40.30857185232087], [115.58705821753409, 40.30893211534072], [115.586940570043, 40.30893067816124], [115.58693493786636, 40.30920087539695], [115.58681728991519, 40.30919943808422], [115.5868116571938, 40.309469635292956], [115.58657636037978, 40.30946676028141], [115.58657260456512, 40.30964689172832], [115.58645495585844, 40.30964545403404], [115.58645307778222, 40.30973551975072], [115.58680602439621, 40.30973983248839], [115.58680039152242, 40.3100100296705], [115.58668274217406, 40.31000859219723], [115.58667710875548, 40.31027878935238], [115.58655945894704, 40.31027735174585], [115.58655570297994, 40.31045748316611], [115.58643805286758, 40.31045604543089], [115.58643241838482, 40.31072624253654], [115.5859618161458, 40.31072049034496], [115.58595805853209, 40.310900621704924], [115.5858404076811, 40.31089918334892], [115.5858328917272, 40.31125944603288], [115.58571524025993, 40.311258007539045], [115.58571336109408, 40.311348073201785], [115.58559570947908, 40.311346634583806], [115.58559758880114, 40.311256568925636], [115.58547993735081, 40.3112551301926], [115.58548181682059, 40.3111650645375], [115.58536416553494, 40.311163625689424], [115.58536228590899, 40.311253691339964], [115.5851269830507, 40.31125081327589], [115.58512322314854, 40.31143094455433], [115.58500557141973, 40.311429505333784], [115.58500369129975, 40.31151957096622], [115.58488603942322, 40.311518131621504], [115.58487663791506, 40.311968459738765], [115.58475898526599, 40.31196702025166], [115.58475710478272, 40.3120570858661], [115.58463945198596, 40.312055646254834], [115.58463757133799, 40.31214571186325], [115.5845199183935, 40.31214427212782], [115.58451803758086, 40.312234337730196], [115.58440038448866, 40.3122328978706], [115.58439850351132, 40.31232296346694], [115.58428085027138, 40.31232152348318], [115.58427896912937, 40.312411589073484], [115.58416131574171, 40.312410148965554], [115.58415755311982, 40.312590280132596], [115.58403989942822, 40.31258883989594], [115.58403613645999, 40.31276897104795], [115.58380082847745, 40.31276609019757], [115.58379706485043, 40.31294622132542], [115.58356175627699, 40.312943339978354], [115.58355987413834, 40.313033405530945], [115.58344221970815, 40.31303196467343], [115.5834403374048, 40.31312203021998], [115.5835579919912, 40.31312347108205], [115.58355610983554, 40.31321353663168], [115.58343845509295, 40.313212095765046], [115.5834365727726, 40.31330216130865], [115.58331891788225, 40.313300720317834], [115.58331703539723, 40.31339078585537], [115.58343469044377, 40.31339222685075], [115.58343280810645, 40.31348229239138], [115.58319749770943, 40.3134794102719], [115.58319561505118, 40.31356947580193], [115.58307795970921, 40.31356803455821], [115.58307607688626, 40.313658100082186], [115.58319373238449, 40.31365954133047], [115.58319184970927, 40.31374960685754], [115.5829565384089, 40.31374672423223], [115.58295465541276, 40.31383678974869], [115.58307231121493, 40.31383823112572], [115.5830685455096, 40.314018362163324], [115.58295088939504, 40.31401692077718], [115.58294335725766, 40.3143771828164], [115.58282570052667, 40.31437574129238], [115.58282381731487, 40.31446580679393], [115.58294147420206, 40.31446724832251], [115.58293582498438, 40.31473744483195], [115.58305348234872, 40.31473888625459], [115.58304595056448, 40.31509914826471], [115.58316360856222, 40.31510058958598], [115.58316172575117, 40.31519065508938], [115.58292640945174, 40.31518777231807], [115.58292452631972, 40.31527783781086], [115.58280686802651, 40.31527639624122], [115.58280310142459, 40.31545652721321], [115.5826854428274, 40.31545508551481], [115.58268355935746, 40.31554515099405], [115.58256590061255, 40.31554370917146], [115.5825640169779, 40.31563377464464], [115.58268167587902, 40.31563521647178], [115.58267037483, 40.31617560930716], [115.5825527149915, 40.31617416745262], [115.58254706388361, 40.316444363836645], [115.58231174329465, 40.316441479741314], [115.58231551133333, 40.31626134883839], [115.58219785136406, 40.31625990662042], [115.58220161968124, 40.31607977572068], [115.58231927933804, 40.31608121792952], [115.58232116332765, 40.31599115247287], [115.58220350382709, 40.3159897102686], [115.58220915621362, 40.31571951390347], [115.5823268152455, 40.31572095609405], [115.58233435101701, 40.3153606942349], [115.58245200943247, 40.3153621362876], [115.58247084670427, 40.31446148149049], [115.58235318985108, 40.314460039483436], [115.58235695751593, 40.314279908515395], [115.58247461405671, 40.314281350513305], [115.5824877995226, 40.313650892046574], [115.58260545497835, 40.31365233389292], [115.58260733842614, 40.31356226838719], [115.58248968312661, 40.313560826545405], [115.58249721745769, 40.313200564525935], [115.5822619081338, 40.31319768052005], [115.58224872077824, 40.313828138974664], [115.58213106503554, 40.31382669676035], [115.58212729683076, 40.31400682772493], [115.58200964078412, 40.31400538538187], [115.58199079768825, 40.31490604007034], [115.58175548249608, 40.31490315493403], [115.58175359782732, 40.3149932203856], [115.58163594008774, 40.31499177763346], [115.58164347933673, 40.31463151583653], [115.58152582223057, 40.314630072983036], [115.58153336196847, 40.31426981118072], [115.58141570549566, 40.31426836822588], [115.58141759056511, 40.31417830277617], [115.58153524688167, 40.31417974572644], [115.58153901668261, 40.31399961481344], [115.58142136067849, 40.31399817187229], [115.58142890080322, 40.313637910046815], [115.58131124543245, 40.313636467004336], [115.58131690090536, 40.31336627063339], [115.5814345558075, 40.31336771366217], [115.58143644079195, 40.313277648197655], [115.58131878604601, 40.31327620517345], [115.58132255630179, 40.313096074249124], [115.5814402107353, 40.31309751726419], [115.58144209569423, 40.313007451795244], [115.58155974998, 40.313008894686135], [115.58156728910588, 40.31264863277727], [115.58144963544491, 40.31264718990464], [115.58145340526926, 40.31246705895046], [115.5813357519292, 40.31246561596737], [115.58133763698483, 40.31237555049264], [115.5812199838095, 40.31237410739449], [115.58122186901284, 40.31228404192283], [115.5811042160022, 40.31228259870965], [115.58110610135321, 40.31219253324109], [115.58087079566987, 40.312189646465036], [115.58086891000644, 40.312279711924475], [115.58063360404468, 40.31227682466085], [115.58063549002053, 40.312186759210576], [115.58016487882392, 40.312180983266344], [115.58016299222326, 40.31227104869835], [115.57981003344653, 40.31226671547058], [115.57981192051578, 40.312176650052294], [115.57969426776344, 40.3121752054084], [115.5796961549804, 40.31208513999323], [115.57957850239274, 40.31208369523429], [115.57958038975738, 40.31199362982219], [115.57934508492004, 40.311990739954666], [115.5793507479001, 40.31172054373693], [115.57923309596279, 40.31171909863748], [115.57923498376199, 40.311629033233196], [115.57935263554309, 40.31163047832806], [115.57935452317756, 40.31154041291772], [115.57970747810337, 40.311544747471004], [115.57970559093748, 40.311634812895065], [115.57994089457632, 40.31163770200837], [115.5799427814298, 40.31154763657516], [115.5800604331058, 40.311549080947835], [115.5800585464085, 40.311639146385616], [115.58029385009837, 40.3116420347813], [115.58029573648327, 40.31155196933437], [115.58017808479028, 40.31155052520091], [115.58017997132286, 40.311460459757065], [115.57994466827479, 40.31145757114046], [115.57994655511126, 40.31136750570428], [115.57971125240962, 40.31136461661842], [115.57970936526075, 40.311454682045444], [115.57959171376652, 40.311453237318524], [115.57959737565618, 40.31118304104672], [115.57947972463901, 40.31118159621393], [115.57948538692065, 40.310911399942526], [115.57960303746924, 40.31091284476159], [115.57960492472321, 40.310822779330266], [115.57936962394697, 40.310819889581644], [115.57937339905419, 40.31063975873283], [115.57925574899123, 40.31063831368828], [115.57927651319041, 40.309647593964286], [115.57915886485401, 40.309646148850454], [115.57916075261359, 40.309556083416695], [115.57904310444185, 40.30955463818785], [115.57904499234911, 40.30946457275717], [115.57916264036464, 40.30946601798145], [115.57916641584124, 40.30928588710654], [115.57904876813807, 40.30928444189141], [115.57905065601976, 40.3091943764563], [115.57916830356677, 40.309195821666854], [115.5791701912838, 40.3091057562257], [115.57905254389294, 40.30910431101972], [115.57906387095332, 40.308563918369124], [115.57894622450807, 40.308562473071], [115.57894811247785, 40.30847240762865], [115.57883046619727, 40.3084709622155], [115.57883613052402, 40.30820076589325], [115.57871848472048, 40.30819932037426], [115.57872037296852, 40.30810925493512], [115.57836743607753, 40.30810491767432], [115.57836932478557, 40.308014852247425], [115.57825167932843, 40.30801340625922], [115.57824979046423, 40.308103471681534], [115.57813214485944, 40.30810202556917], [115.57813403387983, 40.308011960151426], [115.57801638843972, 40.308010513924046], [115.57802016676729, 40.307830383093304], [115.57790252164806, 40.30782893675549], [115.57791007882561, 40.30746867509454], [115.57779243433956, 40.30746722865546], [115.5777943237688, 40.30737716324111], [115.5779119680987, 40.30737860967562], [115.57791574661933, 40.3071984788333], [115.5773275266167, 40.30719124551071], [115.57732185648055, 40.30746144170325], [115.5772042120371, 40.30745999466624], [115.57720232181852, 40.30755006005622], [115.57684938807083, 40.307545718213895], [115.57685127875791, 40.30745565283766], [115.57673363434857, 40.3074542053223], [115.57672985265353, 40.30763433606413], [115.5768474973752, 40.30763578358866], [115.5768418252372, 40.307905979704024], [115.57672418004701, 40.30790453216574], [115.57672607092438, 40.30781446680002], [115.5766084258989, 40.307813019146735], [115.57661598994775, 40.307452757687344], [115.57649834555546, 40.30745130993281], [115.57650212784104, 40.30727117920341], [115.57638448376963, 40.307269731338465], [115.57638826633342, 40.307089600612294], [115.57627062258284, 40.307088152636915], [115.57627629683307, 40.306817956550326], [115.57615865355949, 40.306816508469126], [115.57615297884078, 40.30708670454196], [115.57603533510726, 40.307085256327404], [115.57603155160649, 40.30726538702607], [115.57579626354038, 40.307262490219884], [115.57579815560737, 40.30717242488047], [115.57568051174329, 40.30717097630258], [115.57568429616396, 40.306990845628484], [115.57556665262072, 40.30698939694018], [115.57557422198434, 40.306629135592566], [115.57569186490294, 40.306630584262514], [115.57569375706635, 40.30654051891731], [115.5755761143039, 40.306539070251944], [115.57558557577374, 40.30608874352671], [115.5754679338006, 40.306087294764694], [115.57546982622515, 40.305997229419795], [115.57535218441669, 40.30599578054278], [115.57535029183602, 40.306085845883096], [115.57523264987995, 40.30608439688192], [115.57523075713459, 40.30617446221617], [115.57499547293578, 40.306171563845886], [115.57499736599345, 40.30608149852082], [115.57487972406298, 40.3060800491609], [115.57487593762681, 40.30626017980039], [115.57475829539258, 40.30625873031171], [115.57475640200553, 40.30634879562464], [115.57452111725038, 40.30634589627937], [115.57452301094975, 40.306255830975616], [115.57417008434955, 40.306251481074604], [115.57417197850883, 40.30616141578313], [115.57393669446371, 40.3061585152604], [115.57393858892678, 40.30606844997664], [115.57382094707319, 40.30606699954049], [115.57382284168384, 40.305976934259846], [115.57358755831459, 40.305974033038], [115.57358376846014, 40.30615416357946], [115.57334848450046, 40.306151261860926], [115.57334469398718, 40.30633139237809], [115.57322705170786, 40.30632994133027], [115.57322515628225, 40.30642000658204], [115.5731075138553, 40.30641855541003], [115.57310561826499, 40.30650862065573], [115.57275269056703, 40.30650426640845], [115.57275458662582, 40.30641420117654], [115.57251930184889, 40.306411297756306], [115.57252119821143, 40.30632123253212], [115.57240355599194, 40.306319780647236], [115.5724054525021, 40.30622971542614], [115.57252309456541, 40.30623116730643], [115.57252499091086, 40.306141102079266], [115.57240734900368, 40.306139650203576], [115.5724092454967, 40.30604958497953], [115.57229160375425, 40.30604813298885], [115.57229539702696, 40.3058680025455], [115.57241303845714, 40.305869454527], [115.57241493492452, 40.30577938929852], [115.57217965238505, 40.30577648522516], [115.57218154915616, 40.30568642000437], [115.57171098480447, 40.30568061044109], [115.57170908740875, 40.30577067564347], [115.5711208813809, 40.30576341097586], [115.57112277955738, 40.30567334579646], [115.57065221551377, 40.30566753192836], [115.5706541143063, 40.30557746676591], [115.56994826943465, 40.305568742404034], [115.56994636970526, 40.30565880753886], [115.56982872876715, 40.30565735305543], [115.5698306286527, 40.3055672879252], [115.56971298787931, 40.30556583332679], [115.56971108783759, 40.30565589845242], [115.56924052420514, 40.30565007884457], [115.5692386235303, 40.30574014395031], [115.56912098248746, 40.3057386887448], [115.56911908164788, 40.30582875384443], [115.5688837992756, 40.305825843065456], [115.56887999694614, 40.30600597324186], [115.56876235546058, 40.306004517663794], [115.56875475007412, 40.3063647779804], [115.56863710797252, 40.30636332226431], [115.56863330491555, 40.30654345240451], [115.56851566251022, 40.30654199655964], [115.56851946587949, 40.306361866428645], [115.56840182379503, 40.3063604104734], [115.56839992195852, 40.30645047553503], [115.56828227972649, 40.30644901945559], [115.56828418171915, 40.30635895439859], [115.56816653965186, 40.30635749820417], [115.5681684417921, 40.30626743315029], [115.56805079988952, 40.306265976840926], [115.56804889759314, 40.30635604189019], [115.56781361350143, 40.30635312890349], [115.5678155161101, 40.30626306386343], [115.56758023236503, 40.30626015040763], [115.5675840381813, 40.30608002034152], [115.56746639663392, 40.306078563443464], [115.56746449357394, 40.30616862847264], [115.56734685187901, 40.306167171450404], [115.5673506583027, 40.305987041399796], [115.56711537556318, 40.30598412701502], [115.56711347204332, 40.306074192031836], [115.56699583053027, 40.306072734655466], [115.56699202315251, 40.30625286467545], [115.56675673952758, 40.30624994954552], [115.56675864353305, 40.30615988454551], [115.56652336025476, 40.306156968946475], [115.56652526456396, 40.30606690395421], [115.56664290604267, 40.3060683618089], [115.56664481018714, 40.30597829681053], [115.5665271688646, 40.30597683896046], [115.56652907315663, 40.30588677396523], [115.5664114319988, 40.305885316000186], [115.56641524086939, 40.30570518601453], [115.56629760003248, 40.305703727939154], [115.56630331374241, 40.30543353296338], [115.56642095411087, 40.30543499102491], [115.56642285850752, 40.3053449260254], [115.56654049872844, 40.30534638396274], [115.56654240296035, 40.30525631895714], [115.56642476289558, 40.305254861024416], [115.56642857164594, 40.305074731017996], [115.56631093190204, 40.30507327297493], [115.56630902737501, 40.305163337974264], [115.56619138748356, 40.30516187980701], [115.56619329216672, 40.30507181481229], [115.56607565243999, 40.30507035653007], [115.56607755727073, 40.30498029153849], [115.56584227815534, 40.30497737462458], [115.56584418328976, 40.30488730964075], [115.565608904521, 40.30488439225776], [115.56561080995913, 40.30479432728169], [115.56549317074378, 40.304792868415454], [115.56549698190648, 40.3046127384681], [115.5657322597212, 40.30461565606252], [115.5657341649774, 40.304525591077386], [115.56585180374151, 40.304527049690634], [115.56585370883298, 40.304436984699386], [115.56597134744953, 40.30443844318844], [115.56597325237627, 40.3043483781911], [115.5660908908453, 40.304349836555964], [115.5660927956073, 40.30425977155253], [115.56621043392876, 40.304261229793205], [115.56621233852604, 40.30417116478366], [115.56632997669998, 40.30417262290015], [115.56633188113253, 40.30408255788453], [115.56644951915891, 40.304084015876825], [115.56645523193664, 40.303813820807214], [115.56633759437868, 40.30381236282877], [115.56633949877688, 40.30372229780721], [115.56622186138362, 40.30372083971381], [115.56622376592938, 40.3036307746954], [115.5663414031665, 40.303632232784175], [115.56634330754753, 40.30354216775967], [115.56622567046655, 40.3035407096755], [115.56622947951512, 40.30336057963126], [115.56646475306115, 40.30336349566158], [115.56646284885342, 40.30345356069366], [115.56658048579546, 40.30345501853408], [115.56657858173527, 40.303545083569304], [115.56669621884201, 40.30354654129477], [115.56669431492938, 40.30363660633312], [115.56681195220085, 40.303638063943644], [115.56681004843574, 40.30372812898513], [115.56692768587193, 40.303729586480685], [115.56692578225439, 40.30381965152531], [115.56704341985528, 40.30382110890591], [115.56704151638529, 40.303911173953665], [115.5671591541509, 40.303912631219305], [115.56715725082846, 40.3040026962702], [115.5672748887588, 40.30400415342089], [115.56727298558391, 40.3040942184749], [115.56750826178258, 40.30409713242679], [115.5675063589114, 40.30418719748856], [115.56762399717975, 40.30418865428975], [115.56762209445608, 40.304278719354656], [115.56797500978101, 40.304283089054664], [115.56799973842998, 40.30311224291566], [115.56788210200948, 40.30311078652851], [115.56789161342294, 40.30266046104682], [115.56800924906283, 40.30266191741093], [115.56801305325591, 40.302481787198666], [115.56789541792828, 40.302480330843785], [115.56789732016809, 40.30239026574005], [115.56801495533959, 40.30239172209032], [115.56802826968519, 40.30176126629039], [115.56791063560652, 40.30175980997239], [115.56792014637666, 40.30130948437964], [115.56780251308716, 40.301308027965135], [115.5678101221733, 40.30094776748271], [115.56769248951683, 40.30094631096708], [115.56769819670971, 40.30067611560356], [115.56758056453015, 40.3006746589822], [115.56758627211414, 40.300404463619174], [115.56746864041148, 40.300403006892104], [115.5674724457368, 40.300222876651894], [115.56735481435493, 40.300221419814505], [115.56735671716082, 40.3001313546968], [115.56723908594364, 40.30012989774447], [115.56724098889705, 40.30003983262987], [115.56712335784455, 40.3000383755626], [115.5671252609455, 40.29994831045115], [115.56688999917846, 40.29994539596716], [115.56689190258301, 40.29985533086346], [115.56677427186845, 40.29985387344674], [115.56677617542056, 40.29976380834617], [115.56654091432942, 40.29976089316332], [115.5665428181851, 40.2996708280705], [115.56642518780852, 40.29966937030436], [115.56642899580636, 40.2994892401235], [115.56631136575056, 40.29948778224703], [115.56631517402626, 40.29930765206947], [115.56619754429124, 40.299306194082696], [115.56620516136398, 40.298945933728284], [115.56608753226195, 40.29894447564042], [115.56609134105896, 40.29876434546356], [115.56597371227771, 40.29876288726537], [115.56597942587716, 40.29849269200281], [115.56586179757274, 40.298491233698925], [115.56586560690828, 40.29831110352572], [115.56574797892465, 40.29830964511152], [115.565755598117, 40.29794938476579], [115.56563797076629, 40.29794792625052], [115.56564749534391, 40.29749760080813], [115.56576512191418, 40.29749905930032], [115.56577083608941, 40.297228864003245], [115.56565320998739, 40.297227405524914], [115.56567797254921, 40.29605655914361], [115.56579559662224, 40.296058017561926], [115.56580131038521, 40.29578782219376], [115.56591893399862, 40.29578928047867], [115.56592274281887, 40.29560915021659], [115.56604036612869, 40.29561060837274], [115.56604417460247, 40.29543047809551], [115.56616179760876, 40.2954319361229], [115.56616750978681, 40.29516174068207], [115.56628513233348, 40.295163198576084], [115.5662927478264, 40.29480293794912], [115.5664103697574, 40.29480439570513], [115.56641417714023, 40.294624265373535], [115.56653179876771, 40.29462572300079], [115.5665375093094, 40.294355527478444], [115.56665513047726, 40.29435698497231], [115.56665893715004, 40.29417685460744], [115.56677655801437, 40.294178311972566], [115.56678036434066, 40.29399818159255], [115.56689798490146, 40.29399963882891], [115.5668998878957, 40.29390957363207], [115.56701750830902, 40.293911030744276], [115.5670194111386, 40.29382096554134], [115.56725465167888, 40.293823879397976], [115.5672565541878, 40.293733814184336], [115.56749179445026, 40.29373672755363], [115.5674936966385, 40.29364666232927], [115.56772893662317, 40.29364957521125], [115.56773083849069, 40.29355950997619], [115.56784845833984, 40.29356096623327], [115.56785036004274, 40.29347090099213], [115.56796797974441, 40.293472357125076], [115.56796988128269, 40.29338229187784], [115.56820512039965, 40.29338520377593], [115.56820702161725, 40.293295138518], [115.56832464103255, 40.29329659428315], [115.5683265420855, 40.29320652901913], [115.56844416135333, 40.29320798466014], [115.56844606224168, 40.29311791939002], [115.56856368136202, 40.293119374906894], [115.56856558208574, 40.2930293096307], [115.56868320105858, 40.293030765023445], [115.5686851016177, 40.29294069974116], [115.56880272044307, 40.29294215500977], [115.56881222232983, 40.292491828553054], [115.56869460428469, 40.29249037330747], [115.5686965047924, 40.292400308016305], [115.5684612690399, 40.29239739717579], [115.56846316985113, 40.29230733189236], [115.56775746373569, 40.29229859652995], [115.5677555619882, 40.292388661785736], [115.56693223748474, 40.2923784650591], [115.56693414032452, 40.292288399835606], [115.5666989051414, 40.29228548541867], [115.56670842077202, 40.29183515932506], [115.56682603757908, 40.29183661657022], [115.56682984345917, 40.29165648611319], [115.56694745996273, 40.29165794322959], [115.56694936273388, 40.29156787799425], [115.56718459545466, 40.29157079185929], [115.56718649790515, 40.29148072661323], [115.5674217303482, 40.291483639990986], [115.56742363247803, 40.29139357473422], [115.56754124855637, 40.2913950312392], [115.5675431505216, 40.29130496597635], [115.56766076645248, 40.29130642235721], [115.56766266825309, 40.29121635708825], [115.5677802840365, 40.291217813344986], [115.56778218567251, 40.291127748069954], [115.56789980130846, 40.29112920420255], [115.56790170277988, 40.29103913892143], [115.56801931826838, 40.291040594929896], [115.56802121957514, 40.290950529642686], [115.56825645026582, 40.29095344129187], [115.56825835125196, 40.29086337599396], [115.56837596645411, 40.29086483163466], [115.56837786727564, 40.29077476633064], [115.56861309739362, 40.290777677244314], [115.56861499789453, 40.29068761192961], [115.56873261281034, 40.29068906720255], [115.56873641347437, 40.29050893655949], [115.56885402808668, 40.2905103917037], [115.56885782840439, 40.29033026104549], [115.56897544271322, 40.29033171606099], [115.56898114265742, 40.29006152004875], [115.56909875650675, 40.29006297493092], [115.56911205498457, 40.28943251748495], [115.56922966775028, 40.28943397221534], [115.56923726606794, 40.289073710766665], [115.56911965392631, 40.28907225605467], [115.56912345334578, 40.28889212533064], [115.56900584152477, 40.288890670508366], [115.56900964122202, 40.28871053978763], [115.56889202972161, 40.28870908485505], [115.56889582969661, 40.28852895413761], [115.56877821851677, 40.28852749909474], [115.56879721943791, 40.28762684546474], [115.56891482905762, 40.28762830046154], [115.56891672894662, 40.28753823508578], [115.56903433841889, 40.28753968995848], [115.56903623814331, 40.287449624576645], [115.56915384746813, 40.28745107932522], [115.56915574702798, 40.28736101393731], [115.56927335620537, 40.28736246856179], [115.56927525560064, 40.287272403167776], [115.56939286463061, 40.287273857668154], [115.56939666308345, 40.28709372686647], [115.56951427180995, 40.28709518123814], [115.56951806991654, 40.286915050421335], [115.56963567833961, 40.2869165046643], [115.56963757722404, 40.28682643924906], [115.56975518549967, 40.28682789336792], [115.56976847635906, 40.28619743538763], [115.56965086917542, 40.28619598130099], [115.56965276799137, 40.286105915873925], [115.56906473298163, 40.28609864367136], [115.5690628333857, 40.28618870907542], [115.56871001201463, 40.286184344306115], [115.56870811194216, 40.28627440969487], [115.5683552901802, 40.286270043836275], [115.56835719072066, 40.28617997846135], [115.56823958363982, 40.28617852294078], [115.56824148432771, 40.286088457568965], [115.56835909125259, 40.28608991308495], [115.56838189696703, 40.28500912845252], [115.56826429191408, 40.28500767299185], [115.56826809305848, 40.28482754220827], [115.56815048832605, 40.28482608663733], [115.56815238904142, 40.28473602124792], [115.56803478447353, 40.284734565562076], [115.56803668533628, 40.284644500175816], [115.56791908093298, 40.28464304437511], [115.56792098194316, 40.28455297899195], [115.56780337770441, 40.28455152307637], [115.56780527886195, 40.284461457696345], [115.56757007072216, 40.28445854551593], [115.5675719721831, 40.284368480143655], [115.56733676438954, 40.284365567494504], [115.56733866615389, 40.28427550212996], [115.56722106242596, 40.28427404563075], [115.56722296433773, 40.284183980269354], [115.56710536077433, 40.28418252365528], [115.5671072628335, 40.284092458296996], [115.56698965943467, 40.28409100156805], [115.56699156164125, 40.2840009362129], [115.56687395840696, 40.28399947936909], [115.56687586076094, 40.28390941401707], [115.56617024247133, 40.28390067047262], [115.56617214575257, 40.283810605146805], [115.56581933719154, 40.28380623177537], [115.56582124093215, 40.28371616646192], [115.56535083026154, 40.28371033364567], [115.56535273461745, 40.28362026834921], [115.5651175296456, 40.283617351233424], [115.56511943430486, 40.283527285944714], [115.5650018319878, 40.28352582721221], [115.56500564159256, 40.283345696639586], [115.56488803959603, 40.283344237796825], [115.56489565932637, 40.282983976652304], [115.56501326069902, 40.282985435476576], [115.56501516545416, 40.28289537018212], [115.56513276667943, 40.28289682888229], [115.56513467126999, 40.28280676358173], [115.56536987343435, 40.282809680614406], [115.56537177770443, 40.28271961530312], [115.56548937864349, 40.28272107363563], [115.56549318684594, 40.282540942999404], [115.56537558621876, 40.282539484676136], [115.56537749046309, 40.28244941936042], [115.56525989000049, 40.282447960922305], [115.56526179439216, 40.282357895609714], [115.5651441940941, 40.28235643705674], [115.56514800316364, 40.28217630643636], [115.56491280321717, 40.28217338899043], [115.56492232730034, 40.281723062459776], [115.56503992648946, 40.28172452121938], [115.56504183112438, 40.28163445590419], [115.56598262369889, 40.281646121643014], [115.56598072031164, 40.28173618699513], [115.56668631603875, 40.28174493130892], [115.5666844135787, 40.28183499668726], [115.56703721202595, 40.28183936724506], [115.56703531002522, 40.28192943263575], [115.56727050934485, 40.28193234575278], [115.56726860764746, 40.282022411151225], [115.56738620747609, 40.28202386753514], [115.5673843059261, 40.28211393293671], [115.56750190591927, 40.28211538920575], [115.56750000451667, 40.28220545461044], [115.56761760467438, 40.282206910764614], [115.56761380215539, 40.28238704157877], [115.56773140263361, 40.2823884976227], [115.56773330374142, 40.282298432211746], [115.56785090407224, 40.28229988813157], [115.56785280501553, 40.282209822714535], [115.56808800539098, 40.28221273418654], [115.56808990601377, 40.28212266875879], [115.56820750605836, 40.28212412431097], [115.56820940651662, 40.28203405887713], [115.56832700641382, 40.282035514305214], [115.56832890670756, 40.2819454488653], [115.56844650645735, 40.281946904169295], [115.56844840658654, 40.28185683872329], [115.56856600618897, 40.281858293903205], [115.56856790615363, 40.28176822845111], [115.56868550560866, 40.28176968350693], [115.56868740540881, 40.281679618048756], [115.56892260403262, 40.281682527792775], [115.56892450351226, 40.28159246232389], [115.56915970185844, 40.28159537158079], [115.56916160101758, 40.281505306101224], [115.56963199718884, 40.28151112316287], [115.56963389571561, 40.28142105766341], [115.57010429139997, 40.28142687279503], [115.57010618929432, 40.28133680727567], [115.57034138687594, 40.281339714115425], [115.57034328444982, 40.28124964858539], [115.57057848175374, 40.281252554938035], [115.57058037900717, 40.281162489397296], [115.57069797751599, 40.28116394238981], [115.57069987460491, 40.281073876842996], [115.57081747296633, 40.281075329711435], [115.57081936989074, 40.280985264158545], [115.57093696810476, 40.28098671690291], [115.57093886486466, 40.28089665134393], [115.57117406100645, 40.28089955646503], [115.57117595744589, 40.28080949089539], [115.57129355537366, 40.28081094327212], [115.57129734791495, 40.280630812119185], [115.57141494553935, 40.280632264367256], [115.57141684164122, 40.28054219878396], [115.5716520366038, 40.28054510291249], [115.57165393238522, 40.280455037318525], [115.57177152972336, 40.28045648919899], [115.57177342534028, 40.280366423598956], [115.57189102253103, 40.28036787535534], [115.57189291798343, 40.28027780974922], [115.57201051502678, 40.280279261381544], [115.57201241031471, 40.280189195769346], [115.57224760411513, 40.280192098666376], [115.57224949908259, 40.28010203304351], [115.57236709583967, 40.28010348430823], [115.57236899064264, 40.28001341867928], [115.57260418387054, 40.28001632084112], [115.57260607835308, 40.27992625520151], [115.57272367482388, 40.27992770609863], [115.57272556914194, 40.279837640452946], [115.57284316546534, 40.279839091226], [115.5728450596189, 40.27974902557423], [115.57308025197942, 40.279751926752745], [115.57308403963717, 40.27957179542643], [115.57320163551833, 40.27957324582729], [115.57320352917843, 40.2794831801573], [115.5733211249122, 40.279484630434105], [115.57332491189493, 40.279304499080524], [115.57344250732535, 40.279305949228686], [115.57344440064796, 40.27921588354507], [115.57356199593097, 40.279217333569164], [115.5735638890891, 40.279127267879495], [115.57368148422471, 40.27912871777953], [115.57368337721836, 40.27903865208379], [115.57391856720328, 40.27904155151628], [115.57392045987652, 40.27895148580987], [115.57415564958369, 40.27895438475532], [115.57415754193653, 40.278864319038256], [115.57451032609345, 40.278868666546664], [115.57451221796991, 40.278778600814356], [115.5748650017358, 40.278782947233815], [115.57486689313593, 40.27869288148624], [115.57557245996232, 40.27870157107207], [115.57557435041826, 40.27861150529552], [115.57580953911672, 40.27861440085923], [115.57581142925228, 40.278524335072035], [115.57604661767293, 40.27852723014872], [115.5760485074881, 40.27843716435088], [115.57616610155526, 40.27843861170545], [115.57616799120596, 40.27834854590154], [115.5762855851257, 40.27834999313205], [115.57628747461195, 40.27825992732209], [115.57640506838429, 40.27826137442857], [115.57640884701935, 40.27808124279503], [115.57652644048834, 40.27808268977288], [115.57652832963716, 40.27799262394932], [115.57664592295873, 40.27799407080311], [115.57664970091894, 40.27781393914236], [115.57676729393715, 40.277815385867534], [115.5767729603458, 40.27754518835159], [115.57689055290473, 40.277546634943555], [115.57689433015608, 40.2773665032497], [115.57701192241167, 40.27736794971305], [115.57701569931707, 40.277187818004116], [115.57713329126932, 40.277189264338844], [115.5771389560958, 40.27691906675059], [115.57725654758877, 40.27692051295213], [115.57725843569132, 40.27683044708184], [115.57737602703686, 40.27683189315933], [115.57738169082565, 40.276561695525864], [115.57749928171195, 40.27656314147016], [115.57751815889534, 40.275662482549926], [115.57740056956824, 40.2756610366514], [115.57740812082695, 40.275300773060174], [115.57729053213203, 40.27529932706052], [115.57729430802212, 40.275119195265184], [115.57717671964751, 40.27511774915523], [115.57718616000338, 40.274667419663906], [115.57730374759845, 40.27466886575096], [115.57731696264779, 40.27403840436889], [115.57719937614408, 40.27403695831387], [115.57720315210769, 40.27385682648626], [115.57685039358303, 40.273852487632034], [115.5768485051378, 40.273942553532834], [115.5766133325188, 40.273939660356966], [115.57661144375322, 40.27402972624714], [115.57649385730062, 40.274028279475445], [115.57649196837062, 40.27411834535955], [115.57625679517912, 40.27411545144867], [115.57625490592879, 40.27420551732214], [115.57601973245956, 40.274202622924314], [115.57601784288892, 40.27429268878713], [115.57590025601118, 40.27429124140446], [115.57590214573771, 40.274201175546224], [115.57566697231958, 40.27419828043172], [115.57566886234942, 40.27410821458117], [115.57555127580903, 40.27410676684933], [115.57555505615495, 40.27392663515297], [115.57567264238352, 40.27392808287564], [115.57567642238352, 40.2737479511642], [115.5757940083088, 40.27374939875824], [115.57579778796294, 40.2735692670317], [115.57591537358495, 40.27357071449715], [115.57593426978538, 40.272670055729805], [115.57581668572233, 40.27266860831019], [115.57582046517197, 40.272488476548126], [115.57570288142922, 40.272487029018244], [115.57570477129715, 40.27239696313957], [115.57558718771882, 40.27239551549483], [115.57558907773414, 40.27230544961926], [115.57429566064978, 40.27228951769454], [115.57429755237133, 40.272199451867955], [115.57406238605137, 40.27219655361085], [115.57406427807615, 40.27210648779194], [115.57394669508484, 40.272105038488824], [115.57395047942063, 40.271924906855766], [115.57383289674964, 40.27192345744239], [115.57384992724137, 40.27111286506163], [115.57373234598184, 40.271111415570125], [115.57373802312648, 40.270841218097004], [115.57362044234313, 40.270839768499826], [115.57363558226713, 40.27011924187642], [115.57375316180348, 40.27012069143687], [115.57375883866658, 40.26985049391491], [115.57387641774388, 40.26985194334216], [115.57387830985863, 40.269761877493956], [115.57399588878856, 40.26976332679719], [115.57399778073894, 40.26967326094292], [115.57411535952153, 40.26967471012214], [115.57411725130751, 40.26958464426179], [115.57423482994275, 40.269586093316995], [115.57423672156435, 40.269496027450586], [115.57447187854869, 40.26949892519354], [115.57447376985002, 40.26940885931648], [115.57459134819914, 40.269410308004225], [115.57459323933605, 40.26932024212108], [115.57482839574811, 40.269323139129135], [115.57483028656478, 40.269233073235355], [115.57494786462772, 40.269234521555646], [115.57494975528, 40.26914445565579], [115.57506733319559, 40.26914590385209], [115.57506922368349, 40.269055837946155], [115.57518680145175, 40.26905728601844], [115.57519058209023, 40.26887715419298], [115.57530815955528, 40.26887860213667], [115.57531004970588, 40.26878853621715], [115.5754276270236, 40.268789984036815], [115.57542951700981, 40.268699918111224], [115.57554709418021, 40.268701365806876], [115.57555087381532, 40.26852123394208], [115.5756684506825, 40.26852268150916], [115.57567411960372, 40.26825248368712], [115.57579169601183, 40.26825393112101], [115.57580870091273, 40.26744333753371], [115.57569112590731, 40.267441890141065], [115.575693015454, 40.2673518241841], [115.57557544061295, 40.2673503766766], [115.5755735509104, 40.26744044262898], [115.57522082597077, 40.267436099376255], [115.57521893579215, 40.2675261653134], [115.57498378556332, 40.26752326920532], [115.57498189506445, 40.26761333513181], [115.57462916931759, 40.267608990060296], [115.57463106028398, 40.26751892414756], [115.57451348520792, 40.26751747555614], [115.57451537632166, 40.26742740964651], [115.57463295124185, 40.26742885823335], [115.57463673313205, 40.267248726400474], [115.57475430774907, 40.26725017485872], [115.57475619852553, 40.267160108935464], [115.57487377299523, 40.267161557269716], [115.57487566360732, 40.26707149134041], [115.5749932379297, 40.267072939550644], [115.57499512837741, 40.26698287361526], [115.57511270255246, 40.2669843217015], [115.57512404412466, 40.26644392603066], [115.57394831210841, 40.26642944006979], [115.57394642030926, 40.26651950597277], [115.57347612711816, 40.266513708226476], [115.57347423468708, 40.2666037741096], [115.57323908783104, 40.26660087451079], [115.57323719507974, 40.266690940383256], [115.57300204794612, 40.2666880402976], [115.5730001548746, 40.26677810615943], [115.57276500746347, 40.26677520558693], [115.5727631140717, 40.266865271438064], [115.57252796638302, 40.266862370378725], [115.57252607267104, 40.2669524362192], [115.57217335073447, 40.26694808372079], [115.57217145654643, 40.267038149546], [115.57193630831972, 40.26703524727413], [115.57193441381143, 40.26712531308868], [115.5716992653072, 40.267122410329954], [115.57169737047867, 40.26721247613383], [115.57099192423593, 40.26720376496407], [115.57099381999953, 40.267113699187775], [115.5708762458115, 40.267112246912795], [115.57087814172243, 40.26702218113962], [115.5707605676988, 40.26702072874983], [115.57078900767448, 40.265669742043606], [115.57090657936048, 40.26567119436442], [115.57091416240586, 40.265310931168116], [115.57103173347707, 40.26531238335114], [115.5710355246368, 40.265132251734904], [115.5711530954049, 40.26513370378931], [115.57115688621879, 40.26495357215796], [115.57127445668377, 40.264955024083775], [115.57127635192207, 40.26486495826126], [115.57139392223976, 40.26486641006307], [115.57139581731369, 40.26477634423451], [115.57151338748409, 40.26477779591231], [115.57151528239363, 40.26468773007765], [115.5717504224484, 40.26469063306584], [115.57175231703776, 40.264600567220526], [115.57281044630454, 40.26461362471543], [115.57281233948291, 40.26452355882729], [115.57304747910221, 40.264526459170185], [115.57305126480999, 40.26434632737107], [115.57316883432081, 40.26434777735422], [115.57317072700606, 40.26425771144786], [115.57328829636957, 40.26425916130702], [115.57329208140287, 40.26407902948067], [115.57340965046323, 40.26408047921123], [115.57341154281126, 40.26399041329126], [115.57364668064598, 40.26399331238501], [115.57365046469313, 40.26381318052223], [115.57376803331165, 40.26381462988081], [115.57377181701304, 40.26363449800295], [115.57388938532841, 40.263635947232956], [115.57389127701052, 40.263545881287214], [115.57400884517862, 40.26354733039324], [115.57401073669635, 40.26345726444142], [115.57412830471716, 40.26345871342345], [115.57413019607054, 40.263368647465576], [115.57424776394406, 40.26337009632361], [115.5742515463136, 40.26318996439423], [115.57436911388399, 40.2631914131237], [115.57437100490016, 40.26310134715221], [115.57448857232328, 40.26310279575769], [115.57449235401842, 40.26292266380106], [115.57460992113842, 40.26292411227797], [115.57461181181738, 40.26283404629286], [115.57472937879008, 40.262835494645785], [115.5747312693047, 40.2627454286546], [115.57484883613012, 40.26274687688353], [115.57485261682216, 40.262566744887565], [115.57497018334449, 40.262568192987935], [115.5749720735219, 40.26247812698314], [115.57508963989693, 40.26247957495952], [115.57509152991001, 40.26238950894867], [115.57520909613775, 40.26239095680107], [115.5752109859865, 40.262300890784154], [115.57532855206695, 40.262302338512576], [115.57533044175138, 40.262212272489585], [115.57544800768453, 40.262213720094024], [115.57544989720463, 40.26212365406498], [115.57556746299048, 40.26212510154544], [115.57557124169351, 40.261944969473745], [115.57568880717626, 40.26194641682564], [115.5756925855336, 40.261766284738854], [115.57581015071324, 40.26176773196219], [115.57582148464603, 40.261227335638814], [115.57593904889936, 40.26122878271527], [115.57594282649723, 40.26104865058647], [115.57606039044747, 40.26105009753436], [115.57606416769966, 40.26086996539049], [115.57618173134682, 40.26087141220983], [115.57618361980434, 40.26078134613108], [115.5764187468126, 40.26078423940242], [115.57642063495001, 40.260694173313034], [115.57653819831113, 40.26069561976504], [115.57654008628423, 40.260605553669606], [115.57677521272036, 40.260608446206284], [115.57678465090022, 40.26015811566108], [115.57666708845689, 40.260156669475336], [115.57667086398087, 40.25997653725606], [115.57655330185761, 40.25997509096008], [115.57657029269633, 40.259164495941285], [115.57668785341747, 40.25916594219605], [115.57668974109008, 40.25907587607087], [115.57680730166393, 40.259077322201655], [115.57680918917225, 40.25898725607044], [115.57692674959883, 40.25898870207726], [115.57692863694287, 40.25889863593996], [115.57728131780627, 40.25890297323043], [115.57727943092958, 40.25899303938145], [115.57739699139019, 40.25899448491076], [115.57739321792289, 40.259174617217525], [115.57751077870356, 40.259176062636605], [115.57750323229007, 40.2595363272507], [115.5776207937024, 40.25953777256869], [115.57761702075621, 40.25971790487602], [115.57773458248863, 40.259719350083785], [115.57773080981998, 40.25989948239435], [115.57784837187249, 40.25990092749187], [115.57783328210415, 40.26062145671153], [115.57771571880524, 40.2606200115774], [115.57771194596653, 40.260800143858376], [115.57759438236454, 40.26079869859569], [115.57759249577663, 40.26088876472939], [115.5777100595344, 40.26089020999664], [115.57770251372088, 40.2612504745349], [115.57782007811036, 40.26125191970107], [115.57781819179152, 40.261341985836516], [115.57793575634535, 40.26134343088787], [115.57793387017381, 40.26143349702641], [115.57816899961854, 40.26143638678008], [115.57816711375011, 40.26152645292629], [115.57840224354047, 40.26152934221155], [115.57840035797514, 40.26161940836542], [115.5795760089949, 40.261633847673785], [115.57957412497916, 40.26172391387191], [115.58074977840639, 40.26173834128651], [115.58075166086402, 40.261648275042695], [115.58098679133973, 40.26165115908374], [115.5809886734773, 40.26156109282932], [115.58110623857206, 40.261562534666176], [115.58111000251012, 40.261382402143774], [115.58122756730175, 40.26138384385211], [115.58122944910224, 40.26129377758413], [115.58134701374655, 40.26129521916851], [115.58134889538276, 40.261205152894476], [115.58146645987976, 40.261206594354896], [115.58146834135167, 40.26111652807481], [115.58158590570136, 40.26111796941128], [115.58158966830814, 40.26093783683756], [115.58170723235467, 40.260939278045505], [115.58171099461595, 40.26075914545673], [115.58182855835936, 40.26076058653617], [115.58183232027511, 40.260580453932356], [115.5819498837154, 40.26058189488327], [115.58195364528561, 40.26040176226442], [115.5820712084228, 40.26040320308681], [115.58207496964751, 40.260223070452916], [115.58219253248157, 40.2602245111468], [115.58219441292542, 40.26013444482308], [115.58231197561216, 40.26013588539301], [115.58231573616283, 40.25995575273198], [115.58243329854645, 40.259957193173406], [115.58243517865328, 40.25986712683611], [115.58255274088958, 40.25986856715358], [115.58255462083213, 40.25977850081026], [115.58267218292112, 40.259779941003785], [115.58267782223055, 40.25950974195125], [115.58279538386063, 40.2595111820117], [115.58279726345769, 40.259421115653325], [115.58291482494047, 40.25942255558983], [115.58291670437326, 40.25933248922543], [115.58303426570873, 40.259333929038], [115.58303614497724, 40.25924386266755], [115.58315370616539, 40.25924530235618], [115.58315558526967, 40.25915523597969], [115.58327314631047, 40.25915667554436], [115.58327502525052, 40.25906660916185], [115.58351014704597, 40.25906948792393], [115.58351202566594, 40.25897942153081], [115.58362958642059, 40.25898086072822], [115.5836314648763, 40.25889079432906], [115.58386658609945, 40.25889367235661], [115.5838684642351, 40.258803605946866], [115.58398602470359, 40.25880504477701], [115.583987902675, 40.25871497836124], [115.58410546299618, 40.25871641706745], [115.58410734080333, 40.25862635064562], [115.5843424611595, 40.258629227690776], [115.58434433864662, 40.25853916125837], [115.5844618986816, 40.25854059959731], [115.58446377600448, 40.25845053315888], [115.58458133589212, 40.25845197137388], [115.58458321305076, 40.258361904929416], [115.58470077279112, 40.25836334302049], [115.58470452677145, 40.258183210118005], [115.58482208620867, 40.25818464808059], [115.58482396303036, 40.25809458162258], [115.58494152232029, 40.258096019461235], [115.58494527562671, 40.257915886531656], [115.58506283461352, 40.25791732424181], [115.58506658757454, 40.25773719129722], [115.58518414625827, 40.2577386288789], [115.5851878988739, 40.25755849591929], [115.58530545725452, 40.25755993337249], [115.58530920952475, 40.25737980039785], [115.58542676760229, 40.257381237722576], [115.58543051952715, 40.257201104732914], [115.5855480773016, 40.25720254192916], [115.58554995309557, 40.25711247542756], [115.58566751072269, 40.25711391249987], [115.58566938635242, 40.25702384599224], [115.58578694383222, 40.25702528294063], [115.58578881929773, 40.25693521642696], [115.58590637663019, 40.256936653251415], [115.5859082519315, 40.25684658673173], [115.58602580911666, 40.25684802343227], [115.58602768425372, 40.25675795690656], [115.58626279833787, 40.256760829940404], [115.58626467315493, 40.2566707634041], [115.58649978696134, 40.256673635951344], [115.58650166145843, 40.25658356940447], [115.58661921821852, 40.25658500549448], [115.58662296687578, 40.256404872387236], [115.58674052333281, 40.25640630834878], [115.58674239749298, 40.256316241788376], [115.58697751012083, 40.25631911334425], [115.58697938396104, 40.25622904677328], [115.58709694013187, 40.256230482367606], [115.58710068747541, 40.256050349212146], [115.58721824334314, 40.25605178467799], [115.58723510456902, 40.255241185364326], [115.58735265904338, 40.25524262066991], [115.58735453231492, 40.25515255406757], [115.58723697799634, 40.255151118766534], [115.58724634500622, 40.254700785755354], [115.58736389854603, 40.25470222103366], [115.587373264566, 40.25425188796278], [115.58749081733546, 40.25425332309901], [115.58749830937644, 40.253893056597505], [115.58761586153135, 40.253894491596185], [115.58762522561385, 40.25344415841333], [115.58774277699845, 40.25344559326992], [115.58776899312623, 40.25218466009766], [115.58788654233892, 40.2521860947713], [115.58788841470042, 40.25209602810048], [115.58800596376581, 40.25209746265022], [115.58800783596314, 40.25200739597341], [115.58812538488121, 40.252008830399234], [115.58812725691438, 40.251918763716404], [115.58824480568518, 40.25192019801834], [115.58824667755417, 40.25183013132948], [115.58836422617765, 40.2518315655075], [115.58836609788247, 40.251741498812635], [115.58848364635868, 40.251742932866776], [115.58848551789931, 40.251652866165884], [115.58860306622822, 40.25165430009612], [115.58860493760469, 40.2515642333892], [115.58872248578632, 40.25156566719555], [115.58872435699861, 40.25147560048262], [115.58884190503292, 40.25147703416508], [115.58884564712076, 40.25129690072569], [115.58896319485206, 40.25129833427972], [115.58896693659473, 40.251118200825324], [115.58908448402299, 40.25111963425092], [115.58908822542045, 40.250939500781556], [115.58920577254568, 40.25094093407872], [115.58920951359796, 40.25076080059435], [115.5893270604202, 40.25076223376308], [115.5893345418007, 40.25040196675846], [115.58945208800844, 40.25040339978969], [115.58945582833665, 40.25022326626943], [115.5895733742414, 40.250224699172236], [115.58957711422445, 40.25004456563698], [115.58969465982616, 40.25004599841137], [115.58969839946407, 40.24986586486114], [115.58981594476279, 40.2498672975071], [115.58981781441337, 40.24977723072523], [115.58993535956482, 40.249778663247305], [115.58993909852926, 40.24959852967005], [115.5900566433777, 40.24959996206372], [115.59006598986275, 40.24914962807204], [115.58994844579288, 40.249148195701046], [115.58995031522034, 40.249058128902824], [115.58983277131462, 40.24905669641703], [115.58983464088934, 40.248966629621854], [115.58959955341462, 40.24896376430133], [115.58960142329232, 40.248873697513744], [115.58924879261058, 40.24886939865149], [115.58925066294701, 40.24877933187605], [115.58842785940806, 40.248769297052256], [115.58842598798167, 40.248859363795916], [115.58819090102074, 40.24885649562025], [115.58819277275855, 40.24876642888567], [115.58795768614281, 40.248763560241706], [115.58795955818358, 40.24867349351474], [115.5878420150441, 40.24867205901828], [115.58784388723214, 40.24858199229437], [115.58725617243978, 40.24857481804472], [115.58725429947316, 40.24866488474592], [115.58737184257046, 40.248666319839074], [115.58736996975114, 40.24875638654334], [115.58748751301258, 40.24875782152169], [115.5874856403405, 40.24884788822902], [115.5876031837661, 40.248849323092585], [115.58759943870807, 40.24902945651189], [115.58771698245353, 40.249030891265186], [115.58771511006756, 40.24912095797717], [115.58783265397719, 40.249122392615675], [115.58782516497175, 40.24948265946697], [115.58723744239379, 40.24947548499013], [115.58723931543638, 40.249385418302246], [115.58688668245807, 40.24938111219764], [115.58688855595935, 40.2492910455219], [115.58677101180585, 40.249289609919565], [115.58677288545444, 40.249199543246895], [115.58665534146508, 40.249198107529764], [115.5866628365977, 40.24883784084252], [115.58678037996418, 40.24883927654148], [115.58678225357052, 40.24874920986143], [115.58689979678975, 40.24875064543649], [115.58690541709093, 40.24848044537382], [115.58678787433881, 40.24847900981239], [115.58678974791137, 40.24838894312643], [115.58667220532341, 40.24838750745021], [115.58667782645746, 40.24811730739706], [115.58679536857831, 40.24811874305964], [115.58679911564738, 40.24793860967441], [115.58691665746527, 40.24794004520855], [115.58692040418916, 40.2477599118083], [115.58703794570407, 40.24776134721402], [115.58703981889765, 40.247671280507134], [115.58715736026531, 40.24767271578897], [115.58715923329473, 40.247582649076065], [115.587394315744, 40.24758551927265], [115.58739618845358, 40.24749545254915], [115.58798389394596, 40.247502625929485], [115.58798202201488, 40.24759269267568], [115.5882171045823, 40.24759556120155], [115.58821523295418, 40.247685627955335], [115.58868539881306, 40.24769136359319], [115.58868914081529, 40.24751123004777], [115.5888066819897, 40.247512663649815], [115.58881603606913, 40.247062329737695], [115.58846341490668, 40.24705802864168], [115.58846528616435, 40.246967961868435], [115.58823020574295, 40.2469650938835], [115.58823394885576, 40.246784960350766], [115.58811640896913, 40.24678352618839], [115.58812015235956, 40.24660339265882], [115.58800261279274, 40.24660195838619], [115.588004484631, 40.24651189162372], [115.5878869452283, 40.2465104572363], [115.58789630507151, 40.24606012342453], [115.58801384369578, 40.24606155778924], [115.58801571548341, 40.245971491017904], [115.58813325396041, 40.24597292525875], [115.58813512558393, 40.245882858481394], [115.58825266391369, 40.24588429259836], [115.58825827826655, 40.24561409224381], [115.58814074040386, 40.24561265814047], [115.58814448357495, 40.24543252457245], [115.58802694603206, 40.24543109035887], [115.58802881776063, 40.24534102357719], [115.58791128038187, 40.245339589248815], [115.58791315225768, 40.245249522470196], [115.58767807783681, 40.24524665346456], [115.58767995001557, 40.245156586693554], [115.58662211694066, 40.2451436703024], [115.5866239905121, 40.24505360357081], [115.58650645370169, 40.24505216782415], [115.58651020113055, 40.244872034365635], [115.58639266463994, 40.24487059850875], [115.5863964123464, 40.244690465053424], [115.58627887617557, 40.2446890290863], [115.58628075017182, 40.24459896236097], [115.58604567816687, 40.244596090077856], [115.58604755246601, 40.24450602336013], [115.5859300166319, 40.24450458704414], [115.58593189107827, 40.24441452032949], [115.58546174844899, 40.24440877389048], [115.58546362350961, 40.24431870719255], [115.58522855255706, 40.2443158332662], [115.58523230327559, 40.24413569988411], [115.58511476812335, 40.244134262751054], [115.5851203946048, 40.24386406268049], [115.58500285992801, 40.24386262544177], [115.58500661118471, 40.2436824920631], [115.58488907682771, 40.243681054714166], [115.58489282836192, 40.24350092133868], [115.58477529432473, 40.24349948387953], [115.5847771702348, 40.24340941719412], [115.58465963636174, 40.243407979620216], [115.58466151241903, 40.243317912937876], [115.58454397871007, 40.243316475249195], [115.5845458549146, 40.24322640856993], [115.58442832136974, 40.24322497076647], [115.58443019772147, 40.2431349040903], [115.58419513096851, 40.24313202813454], [115.58419700762309, 40.24304196146599], [115.58407947441498, 40.243040523313695], [115.58408135121677, 40.242950456648224], [115.58396381817276, 40.24294901838117], [115.58396757206229, 40.24276888505488], [115.58385003933806, 40.24276744667762], [115.58386505580303, 40.242046913349775], [115.58398258728197, 40.2420483516906], [115.58398821784975, 40.24177815165459], [115.58410574887021, 40.24177958986243], [115.58410950222846, 40.24159945648861], [115.58422703294605, 40.24160089456802], [115.58423078595918, 40.24142076117916], [115.58434831637392, 40.24142219913017], [115.58435019271214, 40.24133213242896], [115.58446772297968, 40.2413335702561], [115.58447147531945, 40.24115343684015], [115.58458900528416, 40.24115487453887], [115.58459088128572, 40.24106480782413], [115.58470841110324, 40.24106624539898], [115.58471216276966, 40.240886111955945], [115.58482969228434, 40.24088754940239], [115.58483156794924, 40.24079748267411], [115.58494909731672, 40.240798919996706], [115.5849509728175, 40.240708853262376], [115.58506850203781, 40.2407102904611], [115.58507225270272, 40.24053015697893], [115.58518978162019, 40.240531594049244], [115.58519165678432, 40.240441527301385], [115.58530918555459, 40.24044296424785], [115.58531481052933, 40.24017276398175], [115.58543233884112, 40.24017420079525], [115.58543608847074, 40.23999406726802], [115.58555361647973, 40.239995503953125], [115.58555549112621, 40.23990543718275], [115.58567301898799, 40.23990687374399], [115.58567489347038, 40.23981680696757], [115.58579242118499, 40.23981824340496], [115.58579616981315, 40.23963810983862], [115.58603122464514, 40.2396409823373], [115.58603309863528, 40.23955091554279], [115.5861506259083, 40.23955235160862], [115.58615249973437, 40.239462284808106], [115.58638755399446, 40.23946515657278], [115.5863894275008, 40.23937508976169], [115.58662448148341, 40.23937796104005], [115.58662635467005, 40.239287894218386], [115.58674388151837, 40.239289329674065], [115.58674575454091, 40.23919926284638], [115.58698080795165, 40.23920213339074], [115.58698268065449, 40.23911206655249], [115.58710020721689, 40.23911350164118], [115.58710207975564, 40.239023434796884], [115.58721960617086, 40.23902486976172], [115.58722335091178, 40.23884473605965], [115.58734087702416, 40.23884617089609], [115.58734274922632, 40.238756104038295], [115.5874602751915, 40.2387575387509], [115.58746214722963, 40.23866747188706], [115.58757967304761, 40.23866890647584], [115.58758154492165, 40.238578839605985], [115.5878165962717, 40.23858170841652], [115.58781846782604, 40.2384916415361], [115.58805351889856, 40.23849450986037], [115.5880553901332, 40.2384044429694], [115.58840796633835, 40.23840874454743], [115.58840983709767, 40.23831867764135], [115.58852736236064, 40.23832011125756], [115.5885292329559, 40.238230044345464], [115.58876428319586, 40.238232911210915], [115.58876615347145, 40.238142844288234], [115.58900120343385, 40.23814571066741], [115.58900307338976, 40.2380556437342], [115.58935564792974, 40.238059942394614], [115.58935751741033, 40.23796987544632], [115.58971009155927, 40.237974173019445], [115.58971196056454, 40.23788410605606], [115.59006453432244, 40.2378884025419], [115.59006640285243, 40.23779833556343], [115.59053650069168, 40.23780406252294], [115.59053836859074, 40.237713995524835], [115.59077341724965, 40.23771685827975], [115.59077528482905, 40.23762679127112], [115.59101033321039, 40.23762965353977], [115.59101220047012, 40.2375395865206], [115.59112972451778, 40.237541017471464], [115.59113159161348, 40.23745095044627], [115.59124911551395, 40.2374523812733], [115.5912509824456, 40.237362314242084], [115.59148602996054, 40.2373651755292], [115.59148976317613, 40.237185041444256], [115.59160728663498, 40.237186471899804], [115.59161101950565, 40.23700633779986], [115.59172854266168, 40.23700776812707], [115.59173414143777, 40.23673756695249], [115.59114652807608, 40.23673041419152], [115.59114839509603, 40.23664034715303], [115.5909133501215, 40.23663748522266], [115.59092081936204, 40.23627721709016], [115.59103834122264, 40.236278648096864], [115.59104020835613, 40.2361885810555], [115.59115773006954, 40.23619001193839], [115.59115959703901, 40.23609994489103], [115.59127711860522, 40.23610137565009], [115.59127898541065, 40.236011308596716], [115.59139650682967, 40.23601273923195], [115.59139837347105, 40.23592267217256], [115.59163341602313, 40.23592553307613], [115.59163528234487, 40.23583546600619], [115.59198784576921, 40.23583975645327], [115.59198971161577, 40.235749689368284], [115.59222475362948, 40.23575254906084], [115.59222661915638, 40.235662481965306], [115.59246166089254, 40.235665341171654], [115.5924635260998, 40.2355752740656], [115.59293360905055, 40.235580991028726], [115.592935473627, 40.2354909239031], [115.59328803546148, 40.235495210359346], [115.59328617135188, 40.235585277498565], [115.59375625453791, 40.23559099112165], [115.59375439104232, 40.23568105827747], [115.59410695398691, 40.235685342255834], [115.59410509094975, 40.23577540942375], [115.59422261210366, 40.23577683718249], [115.59422074921373, 40.23586690435345], [115.59433827053167, 40.23586833199742], [115.59433640778892, 40.23595839917144], [115.59457145076121, 40.23596125411054], [115.5945695883213, 40.23605132129212], [115.59492215330951, 40.236055602819675], [115.59492029132805, 40.236145670013315], [115.59539037871897, 40.23615137706475], [115.59538851735157, 40.236241444275], [115.59550603937588, 40.23624287074415], [115.59550417815571, 40.23633293795745], [115.59573922254074, 40.23633579054692], [115.59573736162339, 40.23642585776777], [115.5958548839841, 40.23642728388807], [115.595853023214, 40.23651735111196], [115.59597054573871, 40.236518777117496], [115.59596868511582, 40.236608844344424], [115.59608620780455, 40.23661027023518], [115.59608434732891, 40.23670033746515], [115.59631939304273, 40.23670318889783], [115.59631753286993, 40.236793256135336], [115.59643505589506, 40.23679468167726], [115.59643319586948, 40.23688474891781], [115.59702081189887, 40.236891874860554], [115.59702267114636, 40.23680180759742], [115.59725771730557, 40.23680465713045], [115.59725957623341, 40.23671458985682], [115.5974946221149, 40.23671743890365], [115.59749648072314, 40.23662737161952], [115.59761400352082, 40.23662879595948], [115.59761772040096, 40.236448661377764], [115.59773524289577, 40.23645008558941], [115.59773895943115, 40.236269950992764], [115.59785648162313, 40.236271375076115], [115.59785833972265, 40.23618130777106], [115.5979758617674, 40.2361827317306], [115.59797771970291, 40.23609266441956], [115.59821276350628, 40.23609551197174], [115.59821462112222, 40.23600544465021], [115.59833214288085, 40.23600686824285], [115.59833400033277, 40.23591680091534], [115.59845152194418, 40.23591822438418], [115.5984552365117, 40.23573808971572], [115.59857275782026, 40.235739513056245], [115.59857647204309, 40.23555937837285], [115.59869399304877, 40.23556080158509], [115.5986977069269, 40.235380666886755], [115.59881522762976, 40.23538208997068], [115.59882079791733, 40.2351118878986], [115.59893831816173, 40.23511331084973], [115.59894945757732, 40.234572906638604], [115.59906697689647, 40.23457432944341], [115.59907440238374, 40.23421405992176], [115.59919192108886, 40.23421548258926], [115.59919748964967, 40.23394528041899], [115.59931500789635, 40.2339467029537], [115.59931871991719, 40.23376656815712], [115.59943623786103, 40.233767990563535], [115.59943994953723, 40.23358785575205], [115.59955746717826, 40.23358927803016], [115.59955932284824, 40.233499210617694], [115.59967684034201, 40.23350063277203], [115.59967869584803, 40.23341056535358], [115.59979621319458, 40.23341198738413], [115.59979806853663, 40.23332191995971], [115.60003310294368, 40.233324763653954], [115.60003495796617, 40.23323469621905], [115.60015247502666, 40.233236117882754], [115.60015432988519, 40.23314605044185], [115.60027184679845, 40.23314747198177], [115.60028112018777, 40.23269713473266], [115.6001636040525, 40.23269571321526], [115.60016916845252, 40.23242551086157], [115.60028668412107, 40.23242693236546], [115.60029039336811, 40.232246797446614], [115.60040790873386, 40.232248218822235], [115.6004116176363, 40.23206808388848], [115.60052913269922, 40.23206950513583], [115.60053098698235, 40.23197943766224], [115.60064850189805, 40.23198085878581], [115.60065221012802, 40.23180072382519], [115.6007697247409, 40.23180214482048], [115.60077528655644, 40.23153194235496], [115.60089280071095, 40.231533363217494], [115.60089465447717, 40.231443295721526], [115.60101216848449, 40.23144471646028], [115.6010158756807, 40.23126458145492], [115.6011333893852, 40.231266002065404], [115.60113524281519, 40.23117593455601], [115.60137026993809, 40.231178775410186], [115.60137212304858, 40.23108870789032], [115.60172466332884, 40.23109296826355], [115.60172651596426, 40.23100290072872], [115.60207905585294, 40.23100716001503], [115.60208090801329, 40.23091709246522], [115.6025509606928, 40.23092276982588], [115.6025528122225, 40.23083270225662], [115.60302286441323, 40.230838377690986], [115.6030247153123, 40.23074831010228], [115.60337725407625, 40.23075256541226], [115.60337910450023, 40.23066249780858], [115.60361413007341, 40.23066533407657], [115.60361598017795, 40.23057526646246], [115.60373349282146, 40.230576684413066], [115.60373534276209, 40.23048661679296], [115.60385285525838, 40.2304880346198], [115.60385470503506, 40.23039796699374], [115.60397221738414, 40.23039938469682], [115.60397406699693, 40.230309317064794], [115.60456162808943, 40.230316403768775], [115.60455977925449, 40.23040647142325], [115.60467729165356, 40.23040788841073], [115.60467359426984, 40.23058802372423], [115.60479110698839, 40.23058944060143], [115.6047892584396, 40.230679508260444], [115.60490677132206, 40.23068092502285], [115.6049049229205, 40.23077099268489], [115.60502243596687, 40.23077240933251], [115.60502058771254, 40.23086247699755], [115.60525561414143, 40.23086530994397], [115.60525376618992, 40.2309553776165], [115.60548879296326, 40.23095821009482], [115.60548509765758, 40.23113834545341], [115.6056026113679, 40.231139761522634], [115.60560076385813, 40.231229829204196], [115.60548324999225, 40.23122841313049], [115.60547955463662, 40.231408548480225], [115.6053620404679, 40.23140713227827], [115.60535464903435, 40.23176740294206], [115.6054721638254, 40.23176881916196], [115.60547031610176, 40.23185888682871], [115.60570534602, 40.23186171891964], [115.60570165117008, 40.232041854266626], [115.60593668174393, 40.23204468589841], [115.60593298748306, 40.23222482125744], [115.60605050309364, 40.23222623690337], [115.6060486561063, 40.232316304585154], [115.6061661718808, 40.232317720116306], [115.60616432504074, 40.2324077878011], [115.60628184097912, 40.23240920321744], [115.60627999428631, 40.23249927090525], [115.60639751038863, 40.23250068620681], [115.606391970727, 40.232770889274775], [115.60650948730441, 40.23277230447052], [115.60650579446623, 40.232952439850756], [115.60662331136314, 40.23295385493617], [115.60661961880284, 40.23313399031946], [115.60673713601925, 40.23313540529457], [115.60671867427435, 40.23403608216725], [115.60660115550198, 40.23403466714733], [115.6065937699486, 40.234394937837145], [115.60647625056214, 40.23439352268001], [115.6064707108429, 40.23466372566841], [115.60635319099795, 40.234662310378546], [115.606347650737, 40.234932513340226], [115.60623013043354, 40.23493109791763], [115.60622458963086, 40.23520130085256], [115.60610706886892, 40.235199885297234], [115.60609229178384, 40.235920426356216], [115.60620981379064, 40.235921841947416], [115.60620242567073, 40.23628211245941], [115.60631994830837, 40.23628352794925], [115.60631071374921, 40.23673386607843], [115.60619319033353, 40.23673245056618], [115.60618580191388, 40.23709272102501], [115.606068277884, 40.23709130537553], [115.60604610995821, 40.23817211655648], [115.60616363585561, 40.238173532259765], [115.60615994139599, 40.238353667444876], [115.60627746761298, 40.23835508303784], [115.6062756205263, 40.23844515063267], [115.60639314690727, 40.2384465661108], [115.6063912999679, 40.238536633708634], [115.60650882651282, 40.23853804907195], [115.60650697972078, 40.238628116672785], [115.60662450642964, 40.23862953192128], [115.6066226597849, 40.23871959952513], [115.60674018665775, 40.23872101465881], [115.6067383401603, 40.23881108226566], [115.60697339424222, 40.23881391218406], [115.60697154804772, 40.23890397979841], [115.60744165693394, 40.23890963822149], [115.60743981135371, 40.23899970585228], [115.60779239357264, 40.239003948430344], [115.60778870332103, 40.23918408371434], [115.60790623105524, 40.239185497677376], [115.60789885107478, 40.239545768245605], [115.607781322718, 40.239544354264645], [115.60777947754644, 40.239634421898536], [115.6073093635799, 40.23962876476376], [115.60731120937402, 40.239538697147786], [115.60684109616317, 40.239533038122026], [115.60684294257155, 40.239442970522504], [115.60672541444526, 40.23944155547229], [115.60672356788125, 40.239531623067336], [115.60660603960767, 40.23953020789332], [115.60660419287969, 40.239620275482395], [115.60636913604623, 40.23961744476749], [115.60636728899863, 40.23970751234613], [115.60613223188717, 40.239704681145035], [115.60613038451997, 40.23979474871322], [115.60601285582108, 40.23979333292924], [115.60601100828991, 40.23988340049148], [115.60589347944371, 40.2398819845837], [115.60589163174856, 40.23997205213997], [115.60577410275503, 40.239970636108396], [115.60577225489592, 40.240060703658706], [115.60565472575507, 40.240059287503335], [115.60565287773197, 40.24014935504769], [115.60553534844382, 40.24014793876853], [115.60553165206134, 40.240328073843834], [115.60541412247022, 40.24032665743639], [115.60541227411085, 40.24041672496735], [115.60529474437242, 40.24041530843612], [115.60529104731734, 40.240595443484615], [115.60517351727593, 40.24059402682509], [115.60516981987622, 40.240774161858724], [115.60505228953186, 40.240772745070906], [115.60504859178751, 40.240952880089644], [115.60493106114018, 40.24095146317356], [115.60492551399419, 40.24122166567714], [115.60504304510849, 40.24122308260668], [115.60503749835445, 40.24149328511043], [115.60515502994404, 40.24149470193413], [115.60515318116501, 40.24158476943692], [115.60538824468053, 40.24158760273535], [115.60538639620448, 40.24167767024564], [115.60620911986084, 40.24168758306313], [115.60620542506298, 40.241867718142046], [115.60608789277575, 40.24186630237424], [115.60608419763328, 40.24204643743828], [115.60573159988765, 40.24204218939205], [115.60572975183693, 40.24213225690842], [115.6054946864035, 40.242129424272036], [115.60549283803313, 40.242219491777945], [115.6051402394785, 40.24221524191505], [115.6051383906328, 40.24230530940601], [115.60490332466004, 40.24230247555853], [115.60490147549469, 40.242392543039045], [115.60478394236515, 40.24239112593184], [115.6047802436981, 40.24257126087947], [115.60489777713896, 40.24257267799567], [115.60489592794859, 40.24266274547173], [115.60501346155345, 40.24266416247308], [115.60501161251041, 40.24275422995218], [115.6051291462793, 40.2427556468387], [115.60512729738358, 40.24284571432082], [115.60524483131644, 40.24284713109251], [115.60524298256807, 40.24293719857763], [115.6055955848837, 40.24294144819023], [115.60559373659399, 40.24303151568734], [115.60747428603395, 40.24305416222295], [115.60747244022664, 40.24314422979029], [115.60782504395085, 40.24314847262851], [115.60782319860223, 40.243238540207805], [115.60794073334931, 40.24323995425305], [115.60793519772054, 40.24351015699554], [115.6075825921033, 40.243505914461544], [115.60758074641006, 40.243595982025994], [115.60734567572881, 40.24359315306443], [115.60734382971592, 40.24368322061843], [115.60710875875658, 40.24368039117061], [115.607106912424, 40.24377045871417], [115.60687184118665, 40.24376762878009], [115.60686999453438, 40.24385769631322], [115.60663492301896, 40.24385486589288], [115.60663307604705, 40.243944933415555], [115.60639800425356, 40.24394210250896], [115.60639615696196, 40.24403217002122], [115.60616108489043, 40.24402933862834], [115.60615923727914, 40.24411940613015], [115.60592416492959, 40.244116574251024], [115.6059223169986, 40.24420664174237], [115.605687244371, 40.24420380937696], [115.60567615474204, 40.2447442142403], [115.60579369198574, 40.24474563050957], [115.60578814752583, 40.24501583293476], [115.6059056852449, 40.24501724909817], [115.60590014117707, 40.24528745152352], [115.60601767937156, 40.24528886758104], [115.6060121356958, 40.24555907000656], [115.60612967436568, 40.245560485958215], [115.60612597885157, 40.24574062091014], [115.60624351784116, 40.245742036751416], [115.6062379749746, 40.24601223918169], [115.60612043551794, 40.24601082332695], [115.60610565292839, 40.246731363040155], [115.6059881122345, 40.24672994703021], [115.60598441619241, 40.24691008193478], [115.60610195719771, 40.24691149795369], [115.6060945656364, 40.24727176776306], [115.6062121072728, 40.24727318368056], [115.60620841175357, 40.247453318585336], [115.60632595370973, 40.247454734392484], [115.60632225846858, 40.24763486930033], [115.60643980074448, 40.2476362849971], [115.60643610578144, 40.247816419908006], [115.60655364837709, 40.24781783549441], [115.60655180103879, 40.24790790295212], [115.60666934379846, 40.247909318423666], [115.60666380220067, 40.248179520801415], [115.60642871575538, 40.2481766897121], [115.60642686822807, 40.248266757159435], [115.60619178150466, 40.24826392558378], [115.60618993365757, 40.248353993020665], [115.60595484665609, 40.24835116095867], [115.60595299848924, 40.248441228385104], [115.6058354548453, 40.248439812170616], [115.60583175817521, 40.24861994701009], [115.60571421422816, 40.24861853066728], [115.6057086686934, 40.248888732901975], [115.60559112428753, 40.24888731642637], [115.60558927560356, 40.24897738383049], [115.6054717310503, 40.248975967231054], [115.60546803334593, 40.2491561020259], [115.60535048848958, 40.24915468529814], [115.60534863946918, 40.24924475268886], [115.60523109446545, 40.24924333583727], [115.605229245281, 40.24933340322202], [115.6051117001299, 40.249331986246595], [115.60510800142451, 40.24951212100272], [115.60499045597032, 40.249510703898956], [115.6049886064494, 40.24960077127031], [115.60487106084781, 40.24959935404273], [115.60486736146954, 40.24977948877202], [115.60474981556484, 40.24977807141612], [115.60474056619461, 40.25022840819107], [115.60462301951965, 40.250226990693356], [115.6046193194017, 40.25040712538404], [115.60450177242366, 40.25040570775799], [115.60449992219645, 40.25049577509663], [115.60426482795386, 40.25049293947754], [115.60426297740686, 40.2505830068057], [115.60414543014235, 40.25058158881263], [115.60412692265628, 40.25148226196823], [115.6047146668488, 40.251489350964555], [115.6047165168563, 40.251399283633184], [115.60518671173752, 40.25140495266388], [115.6051885611137, 40.251314885313086], [115.60554120689497, 40.25131913581942], [115.60554305579562, 40.25122906845369], [115.60601324966437, 40.251234734106546], [115.60601509793379, 40.251144666721395], [115.60636774295564, 40.251148914694355], [115.60636959074951, 40.25105884729428], [115.60672223537914, 40.25106309417959], [115.60672408269748, 40.25097302676459], [115.60707672693488, 40.25097727256227], [115.60707488008372, 40.251067339990726], [115.60730997659508, 40.25107016993471], [115.60730074377179, 40.25152050709961], [115.60718319473327, 40.2515190921649], [115.60717950123423, 40.25169922701156], [115.60706195189255, 40.25169781194852], [115.60705825804871, 40.251877946780326], [115.60694070840393, 40.25187653158897], [115.60693886131376, 40.25196659899816], [115.60682131152154, 40.25196518368297], [115.60681946426732, 40.25205525108621], [115.6065843643964, 40.25205242008877], [115.60658251682239, 40.252142487481585], [115.60646496674366, 40.25214107179935], [115.60646311900557, 40.252231139186186], [115.60634556877945, 40.25222972338011], [115.60634187296678, 40.2524098581404], [115.6062243224375, 40.25240844220599], [115.60621693008926, 40.25276871169091], [115.6063344812415, 40.252770127643245], [115.60633078532888, 40.252950262385816], [115.60644833680095, 40.25295167822777], [115.6064464889879, 40.25304174560132], [115.60656404062404, 40.253043161328385], [115.6065621929584, 40.25313322870495], [115.60667974475864, 40.253134644317136], [115.6066778972404, 40.2532247116967], [115.60679544920471, 40.253226127194], [115.60679360183391, 40.25331619457658], [115.607028706099, 40.253319025222076], [115.6070268590314, 40.253409092612124], [115.60714441133217, 40.25341050776031], [115.60714256441197, 40.25350057515337], [115.60726011687683, 40.25350199018666], [115.60725827010405, 40.25359205758273], [115.60737582273299, 40.253593472501144], [115.60737212947397, 40.25377360729781], [115.60748968242274, 40.25377502210582], [115.60748783593648, 40.25386508950643], [115.60760538904934, 40.25386650419954], [115.6076035427105, 40.25395657160315], [115.60772109598744, 40.25395798618138], [115.60771924979606, 40.25404805358799], [115.60783680323708, 40.254049468051335], [115.60783311114083, 40.254229602869074], [115.6079506649017, 40.254231017222004], [115.60794143529426, 40.25468135426292], [115.60782388075462, 40.25467993988759], [115.6078220346524, 40.254770007286865], [115.60770447996534, 40.25476859278767], [115.60770263369902, 40.254858660180986], [115.6075850788645, 40.25485724555794], [115.60758323243411, 40.25494731294531], [115.60746567745218, 40.254945898198436], [115.60746198425491, 40.25512603295976], [115.60734442896975, 40.25512461808455], [115.60734073542766, 40.25530475283101], [115.6072231798393, 40.25530333782746], [115.60721948595237, 40.25548347255904], [115.6071019300608, 40.25548205742715], [115.60709638870065, 40.255752259500035], [115.60697883235011, 40.25575084423533], [115.60697698505764, 40.255840911585516], [115.60685942855964, 40.25583949619698], [115.60685758110309, 40.255929563541194], [115.60674002445765, 40.25592814802878], [115.606738176837, 40.25601821536704], [115.60662062004413, 40.25601679973076], [115.60661692446625, 40.25619693439392], [115.60649936737018, 40.2561955186293], [115.60649567144742, 40.25637565327758], [115.60637811404814, 40.25637423738461], [115.6063707214796, 40.25673450664551], [115.606488279502, 40.2567359225564], [115.60648643149479, 40.25682598987241], [115.6066039896813, 40.25682740566842], [115.60660214182158, 40.25691747298743], [115.60671970017218, 40.25691888866854], [115.60671785245988, 40.25700895599057], [115.60730564511675, 40.25701603262781], [115.60730749205018, 40.25692596528337], [115.60754260885965, 40.25692879509365], [115.60754445547319, 40.25683872773878], [115.60766201373463, 40.25684014246036], [115.60766386018405, 40.25675007509953], [115.60778141829805, 40.25675148969727], [115.60778326458338, 40.25666142233048], [115.60790082254991, 40.25666283680435], [115.60790266867113, 40.256572769431614], [115.60802022649021, 40.25657418378163], [115.60801838052478, 40.25666425115886], [115.60813593850796, 40.25666566539398], [115.60812670933481, 40.25711600228033], [115.60800915057273, 40.25711458802281], [115.60799807435565, 40.25765499221084], [115.60788051466717, 40.257653577807076], [115.60786943721577, 40.25819398191508], [115.60798699783894, 40.25819539634571], [115.60798515172368, 40.25828546369636], [115.60810271251097, 40.258286878012086], [115.6081008665432, 40.25837694536575], [115.6083359884543, 40.25837977364802], [115.60833414278977, 40.258469841009145], [115.60845170391359, 40.25847125497566], [115.60844985839653, 40.25856132233978], [115.60856741968446, 40.258562736191415], [115.60856557431488, 40.25865280355854], [115.6088006972273, 40.25865563091259], [115.60879700708634, 40.25883576566031], [115.60891456886662, 40.258837179167216], [115.60891087900397, 40.259017313918], [115.60902844110414, 40.259018727314455], [115.6090173722514, 40.25955913155821], [115.60913493529466, 40.259560544862126], [115.60912940122344, 40.2598307469775], [115.60924696474241, 40.259832160175456], [115.60924512019118, 40.25992222754877], [115.60936268387427, 40.25992364063181], [115.60935899505843, 40.26010377538296], [115.60947655906146, 40.26010518835556], [115.60947471479686, 40.26019525573338], [115.609592278964, 40.26019666859106], [115.60959043484691, 40.260286735971896], [115.60970799917817, 40.26028814871466], [115.60970431123064, 40.26046828348083], [115.60982187588182, 40.260469696113134], [115.60981450051027, 40.26082996564567], [115.60969693523585, 40.26082855299547], [115.609689559108, 40.261188822486474], [115.60980712500569, 40.26119023515458], [115.60980528110875, 40.261280302528114], [115.60992284717051, 40.26128171508129], [115.60991915966336, 40.261461849832884], [115.6100367260451, 40.2614632622756], [115.6100330388163, 40.26164339703023], [115.61015060551796, 40.261644809362494], [115.61013032687933, 40.26263555045659], [115.61001275846365, 40.26263413807512], [115.61000907101875, 40.26281427279137], [115.60989150229975, 40.262812860281564], [115.60988965840899, 40.262902927632986], [115.60977208954249, 40.26290151499929], [115.6097702454876, 40.26299158234479], [115.60965267647356, 40.262990169587205], [115.60964345529531, 40.263440506270115], [115.60976102508847, 40.263441919050045], [115.60975918098372, 40.26353198638668], [115.60987675094105, 40.26353339905169], [115.60987490698379, 40.26362346639131], [115.61011004723504, 40.263626291372034], [115.61010820358112, 40.26371635871914], [115.61022577387507, 40.263717771034855], [115.61022393036868, 40.263807838384935], [115.61045907129312, 40.26381066266711], [115.6104572280901, 40.263900730024666], [115.61069236935944, 40.26390355383814], [115.61069052645978, 40.263993621203156], [115.61080809726276, 40.263995032935256], [115.61080625451059, 40.26408510030328], [115.61104139645315, 40.264087923418174], [115.61103955400435, 40.26417799079365], [115.6112746962918, 40.26418081343985], [115.61127285414638, 40.26427088082279], [115.6115079967787, 40.264273703000285], [115.61150615493666, 40.26436377039068], [115.61174129791388, 40.26436659209947], [115.61173945637519, 40.26445665949734], [115.61185702803209, 40.264458070177085], [115.61185518664097, 40.26454813757793], [115.61197275846199, 40.26454954814273], [115.6119709172184, 40.264639615546564], [115.61208848920359, 40.264641025996426], [115.61208480700316, 40.264821160808594], [115.61220237930831, 40.264822571147974], [115.61219869738638, 40.265002705963184], [115.61231627001152, 40.26500411619208], [115.61231258836806, 40.265184251010304], [115.61243016131318, 40.26518566112872], [115.61242832063486, 40.26527572854009], [115.61254589374413, 40.26527713854355], [115.61254221267426, 40.265457273370785], [115.61265978610352, 40.26545868326376], [115.61265610531214, 40.265638818094025], [115.61277367906138, 40.26564022787651], [115.61276999854854, 40.265820362709796], [115.61288757261778, 40.26582177238178], [115.61288573250474, 40.26591183980068], [115.61300330673814, 40.26591324935773], [115.6129996267989, 40.266093384200005], [115.61311720135228, 40.26609479364655], [115.61311536152608, 40.266184861069945], [115.61335051096941, 40.26618767961371], [115.61334867144662, 40.26627774704455], [115.61346624633659, 40.26627915614177], [115.61346440696136, 40.266369223575595], [115.61369955707788, 40.2663720414207], [115.61369771800604, 40.26646210886198], [115.61393286846744, 40.26646492623832], [115.61392735213734, 40.26673512858003], [115.61380977643493, 40.2667337199382], [115.61380425956264, 40.267003922253245], [115.61392183573261, 40.267005330908475], [115.61391815808803, 40.267185465786724], [115.61403573457802, 40.26718687433144], [115.61403389589915, 40.26727694177281], [115.61391631925329, 40.26727553322363], [115.61391448041029, 40.26736560065906], [115.61379690361686, 40.267364191986005], [115.61379506460969, 40.26745425941549], [115.6136774876687, 40.26745285061855], [115.61367564849735, 40.2675429180421], [115.6135580714088, 40.267541509121266], [115.61355439272954, 40.26772164395503], [115.61343681533754, 40.267720234905845], [115.61343497582959, 40.26781030231606], [115.61331739829005, 40.26780889314298], [115.61331555861796, 40.26789896054725], [115.6131979809308, 40.267897551250286], [115.61319614109455, 40.26798761864861], [115.61307856325983, 40.26798620922776], [115.61307672325944, 40.26807627662015], [115.61295914527716, 40.268074867075406], [115.6129554649397, 40.268255001846846], [115.61283788665399, 40.26825359217374], [115.61283420597162, 40.26843372693034], [115.61271662738247, 40.26843231712889], [115.61269638132154, 40.26942305813551], [115.61257880102607, 40.269421648165505], [115.61257511950447, 40.26960178286588], [115.61245753890556, 40.26960037276752], [115.61245385703897, 40.269780507453035], [115.6123362761366, 40.26977909722631], [115.61233075280684, 40.27004929923014], [115.61244833417688, 40.27005070947025], [115.6124446522273, 40.270230844141004], [115.61256223391737, 40.27023225427061], [115.61255855224637, 40.27041238894439], [115.61244097024453, 40.270410978805856], [115.61243912924068, 40.27050104613608], [115.61232154709123, 40.270499635873634], [115.61231970592321, 40.2705897031979], [115.61208454133748, 40.27058688230578], [115.61208269984938, 40.27067694961965], [115.61196511741306, 40.270675538989956], [115.6119632757608, 40.270765606297864], [115.61172811060132, 40.27076278467126], [115.61172626862896, 40.270852851968755], [115.61137352048438, 40.270848618619645], [115.61137167803605, 40.27093868590227], [115.61113651233609, 40.270935863063414], [115.61113466956766, 40.27102593033561], [115.61101708657425, 40.27102451873255], [115.6110134007007, 40.27120465326361], [115.61089581740384, 40.27120324153216], [115.61089028806352, 40.27147344330425], [115.61077270430728, 40.271472031439956], [115.6107542710738, 40.27237270387296], [115.610871856389, 40.27237411578196], [115.61086632672459, 40.27264431749648], [115.61098391251582, 40.27264572929945], [115.61098022634312, 40.27282586377734], [115.61109781245445, 40.27282727546981], [115.61109596951155, 40.27291734271102], [115.61121355578709, 40.272918754288504], [115.61120618455601, 40.27327902325646], [115.61132377146349, 40.273280434732364], [115.61131271530304, 40.273820838166806], [115.61143030315428, 40.273822249550086], [115.61142293283812, 40.274182518494726], [115.61154052132133, 40.274183929776434], [115.61153499396472, 40.27445413148281], [115.61165258292397, 40.27445554265848], [115.61164889828987, 40.274635677130945], [115.61176648756926, 40.27463708819609], [115.61176464539565, 40.27472715543458], [115.61188223483929, 40.27472856638474], [115.6118803928133, 40.27481863362622], [115.61199798242112, 40.27482004446138], [115.61199614054274, 40.27491011170586], [115.61223132009518, 40.274912933026755], [115.61222947852032, 40.27500300027868], [115.61293501831234, 40.275011461401235], [115.61293317766474, 40.27510152867848], [115.61305076781504, 40.275102938451944], [115.61304892731505, 40.275193005732184], [115.61316651762958, 40.27519441539065], [115.61316467727721, 40.27528448267387], [115.61328226775598, 40.27528589221734], [115.61327858733819, 40.27546602678828], [115.6133961781371, 40.27546743622123], [115.61339433807169, 40.27555750350894], [115.6136295200062, 40.27556032202538], [115.61362768024436, 40.275650389320546], [115.61374527138, 40.27565179840404], [115.61374343176577, 40.27574186570218], [115.61397861437376, 40.27574468351972], [115.6139767750631, 40.27583475082532], [115.61432954950507, 40.275838976669036], [115.61433138834792, 40.275748909350064], [115.61456657103885, 40.275751725972995], [115.61456840956158, 40.27566165864363], [115.61550913940933, 40.27567292032132], [115.61550730213399, 40.27576298768635], [115.61562489355819, 40.275764394862954], [115.6156230564305, 40.27585446223097], [115.61585823961558, 40.2758572762347], [115.61585640279147, 40.27594734361014], [115.61597399455236, 40.27594875043729], [115.6159721578759, 40.2760388178157], [115.61608974980099, 40.27604022452783], [115.61608791327218, 40.27613029190925], [115.61620550536148, 40.27613169850637], [115.61620366898032, 40.27622176589074], [115.61632126123384, 40.276223172372845], [115.6163157525085, 40.27649337453049], [115.6164333452381, 40.2764947809065], [115.61643150913568, 40.276584848293886], [115.61654910202947, 40.27658625455488], [115.61654543011169, 40.27676638933413], [115.61678061654786, 40.27676920151555], [115.61677878088842, 40.27685926891185], [115.61689637427484, 40.276860674827816], [115.61689453876308, 40.2769507422271], [115.61701213231375, 40.27695214802806], [115.61701029694963, 40.27704221543033], [115.61712789066449, 40.27704362111626], [115.6171242202233, 40.27722375592526], [115.6173594083016, 40.27722656695654], [115.61735757338046, 40.277316634367715], [115.61759276180373, 40.277319444930036], [115.61759092718624, 40.27740951234864], [115.617943710351, 40.277413727309465], [115.61794187619303, 40.27750379473994], [115.6181770653228, 40.27750660412538], [115.61817523146843, 40.2775966715633], [115.61841042094314, 40.27759948047975], [115.6184085873924, 40.27768954792507], [115.6185261822981, 40.277690952208545], [115.61852434889504, 40.277781019656835], [115.61875953904311, 40.27778382787427], [115.61875770594368, 40.277873895329975], [115.61887530118605, 40.27787529926395], [115.6188734682343, 40.27796536672262], [115.6189910636409, 40.27796677054155], [115.61898739802449, 40.27814690546337], [115.61910499375121, 40.27814830917174], [115.61910316108657, 40.27823837663487], [115.61933835287672, 40.27824118370207], [115.61933652051572, 40.2783312511726], [115.61957171265082, 40.27833405777081], [115.61956988059345, 40.278424125248776], [115.6198050730735, 40.278426931377986], [115.61980324131974, 40.278516998863346], [115.62003843414473, 40.27851980452355], [115.62003660269463, 40.27860987201631], [115.62027179586457, 40.278612677207505], [115.62026996471809, 40.278702744707694], [115.62038756147139, 40.27870414712853], [115.62038573047263, 40.278794214631674], [115.62062092431587, 40.27879701912379], [115.62061909362076, 40.278887086634334], [115.62073669071073, 40.27888848870563], [115.62073486016331, 40.27897855621915], [115.62097005467992, 40.27898136001219], [115.62096822443614, 40.27907142753311], [115.62120341929767, 40.27907423085713], [115.62120158935754, 40.27916429838544], [115.62131918695665, 40.27916569987267], [115.62131735716423, 40.27925576740396], [115.62143495492752, 40.27925716877614], [115.62143312528283, 40.2793472363104], [115.62155072321033, 40.27934863756755], [115.62154889371334, 40.27943870510476], [115.62166649180506, 40.279440106246874], [115.62166283309826, 40.27962024132574], [115.62178043151013, 40.279621642357256], [115.62177860230031, 40.279711709898905], [115.62189620087638, 40.27971311081538], [115.62189437181426, 40.279803178359984], [115.62201197055455, 40.27980457916142], [115.62200831271751, 40.2799847142551], [115.62212591177797, 40.27998611494591], [115.62212408300304, 40.280076182494966], [115.62224168222772, 40.28007758307075], [115.6222398536005, 40.280167650622765], [115.62235745298939, 40.2801690510835], [115.62235379602215, 40.28034918619198], [115.62247139573121, 40.280350586542106], [115.62246956739119, 40.28044065409857], [115.62258716726447, 40.28044205433364], [115.62258351087162, 40.28062218945099], [115.62270111106504, 40.28062358957546], [115.62269928301224, 40.280713657136346], [115.62281688336988, 40.28071505714576], [115.62281322755148, 40.280895192272], [115.6229308282293, 40.2808965921708], [115.62292900046371, 40.280986659736136], [115.62304660130573, 40.28098805951989], [115.62304294606174, 40.281168194654995], [115.62316054722396, 40.28116959432812], [115.62315689225896, 40.281349729466214], [115.62327449374138, 40.281351129028714], [115.62327266640249, 40.28144119659997], [115.62339026804909, 40.28144259604743], [115.62338661365855, 40.281622731194375], [115.62350421562535, 40.281624130531206], [115.62350056151381, 40.281804265681124], [115.62361816380077, 40.281805664907324], [115.62361633688863, 40.2818957324845], [115.62373393933984, 40.28189713159565], [115.62373028580276, 40.28207726675442], [115.62384788857416, 40.282078665754945], [115.62384606194924, 40.28216873333656], [115.62396366488485, 40.28217013222202], [115.62396001192229, 40.28235026738967], [115.6240776151781, 40.2823516661645], [115.62407213614044, 40.282621868918184], [115.62418973987242, 40.28262326758682], [115.62418426122859, 40.28289347034052], [115.62406665702866, 40.282892071658594], [115.62406117784276, 40.28316227438573], [115.6239435731831, 40.28316087557105], [115.62393992003935, 40.283341010706245], [115.62382231507596, 40.28333961176318], [115.62382048833572, 40.283429679324136], [115.62370288322458, 40.28342828025717], [115.62369922940746, 40.28360841536581], [115.62358162399256, 40.28360701617048], [115.62357979691565, 40.283697083718145], [115.623462191353, 40.28369568439889], [115.62345853686249, 40.28387581948094], [115.6233409309961, 40.28387442003334], [115.6233336212922, 40.28423469016201], [115.62345122778257, 40.284236089627335], [115.62344026391553, 40.28477649480266], [115.62355787135013, 40.28477789417506], [115.62355056256466, 40.28513816428016], [115.62366817063148, 40.2851395635508], [115.62366451650131, 40.28531969860335], [115.6237821248884, 40.28532109776335], [115.62378029796697, 40.28541116529185], [115.62389790651828, 40.285412564336774], [115.62389607974461, 40.285502631868226], [115.6240136884602, 40.28550403079808], [115.62401186183428, 40.28559409833249], [115.62412947071411, 40.28559549714727], [115.62412764423597, 40.28568556468461], [115.62424525328001, 40.28568696338432], [115.62424342694966, 40.28577703092463], [115.62436103615795, 40.28577842950926], [115.62435920997535, 40.285868497052526], [115.62459442872867, 40.285871293872134], [115.62459260284986, 40.285961361422785], [115.62482782194812, 40.28596415777323], [115.6248259963731, 40.28605422533125], [115.62494360609058, 40.28605562333165], [115.62494178066336, 40.28614569089262], [115.62505939054508, 40.28614708877793], [115.6250575652656, 40.28623715634186], [115.62517517531158, 40.286238554112096], [115.62517152504002, 40.28641868924437], [115.62528913540622, 40.28642008690396], [115.62528548541376, 40.28660022203918], [115.62540309610023, 40.286601619588104], [115.62539944638687, 40.286781754726285], [115.62551705739361, 40.286783152164546], [115.62551158322991, 40.287053354874026], [115.62562919471293, 40.28705475220606], [115.62562554554134, 40.287234887347175], [115.62574315734463, 40.28723628456854], [115.6257395084522, 40.28741641971261], [115.62585712057573, 40.28741781682332], [115.6258552962732, 40.28750788439757], [115.625972908561, 40.287509281393184], [115.62596926024328, 40.287689416546094], [115.62608687285136, 40.28769081343105], [115.62608504883619, 40.287780881009716], [115.6262026616085, 40.287782277779584], [115.62619901386553, 40.28796241294134], [115.62631662695811, 40.287963809600534], [115.62631480323031, 40.28805387718363], [115.62643241648716, 40.288055273727736], [115.62642876931896, 40.288235408898316], [115.62654638289608, 40.28823680533176], [115.62654273600704, 40.288416940505286], [115.62666034990443, 40.28841833682806], [115.62664029314321, 40.28940908022563], [115.62675790876517, 40.28941047647752], [115.6267469692305, 40.2899508819184], [115.62686458579692, 40.28995227807728], [115.62685364690256, 40.29049268349159], [115.62697126441347, 40.290494079557476], [115.62694391822345, 40.29184509292722], [115.62706153808332, 40.29184648893988], [115.62705606909154, 40.29211669158727], [115.62717368942779, 40.29211808749365], [115.6271700437043, 40.29229822259337], [115.62728766436089, 40.29229961838907], [115.62728401891663, 40.292479753491726], [115.62740163989359, 40.29248114917672], [115.62739799472855, 40.29266128428231], [115.62751561602585, 40.29266267985662], [115.62751379358707, 40.292752747411626], [115.62763141504865, 40.29275414287081], [115.62762959275771, 40.29284421042877], [115.62774721438356, 40.29284560577284], [115.62774539224048, 40.29293567333373], [115.62786301403062, 40.292937068562686], [115.62785937003193, 40.29311720368889], [115.6279769921424, 40.29311859880714], [115.62797517028682, 40.29320866637243], [115.62809279256157, 40.293210061375575], [115.62809097085382, 40.29330012894382], [115.62820859329285, 40.293301523831836], [115.62820677173296, 40.29339159140302], [115.62832439433629, 40.29339298617593], [115.62832257292425, 40.29348305375006], [115.62855781846768, 40.29348584294608], [115.62855235511869, 40.29375604568609], [115.62866997837092, 40.29375744011804], [115.62865905238768, 40.294297845584744], [115.62877667658456, 40.294299239923646], [115.6287693930558, 40.29465951022293], [115.6288870178852, 40.29466090445996], [115.6288779140699, 40.29511124232295], [115.62899553968792, 40.2951126364625], [115.62898643644779, 40.29556297431069], [115.62910406285442, 40.295564368352764], [115.62909496018948, 40.29601470618616], [115.62921258738476, 40.29601610013076], [115.62920894657348, 40.29619623526262], [115.62932657408916, 40.2961976290965], [115.62932111327899, 40.296467831796456], [115.62943874127114, 40.29646922552402], [115.62943510100217, 40.29664936065878], [115.62955272931472, 40.29665075427561], [115.6295490893251, 40.29683088941331], [115.62966671795805, 40.29683228291942], [115.62963941933093, 40.298183296330194], [115.62952178835646, 40.298181902757904], [115.62951268762319, 40.29863224046569], [115.62939505587637, 40.29863084675179], [115.62937503182367, 40.2996215895306], [115.62925739836783, 40.299620195648586], [115.62924647480189, 40.30016060069897], [115.62936410919444, 40.30016199460746], [115.62935864776898, 40.30043219712598], [115.62947628263811, 40.30043359092814], [115.62947264195901, 40.30061372594192], [115.62959027714861, 40.300615119633356], [115.62958845695287, 40.30070518714245], [115.62970609230679, 40.30070658071872], [115.62970427225898, 40.30079664823075], [115.62982190777724, 40.30079804169187], [115.62982008787733, 40.30088810920684], [115.62993772355992, 40.30088950255279], [115.62993590380795, 40.3009795700707], [115.63005353965488, 40.300980963301505], [115.63003170386465, 40.3020617734543], [115.62991406614414, 40.302060380170566], [115.62991224628549, 40.302150447669305], [115.63002988416211, 40.30215184095744], [115.63001896577464, 40.30269224594535], [115.62990132696117, 40.30269085263074], [115.62989950704507, 40.30278092011916], [115.62978186808365, 40.302779526680574], [115.62977822791453, 40.302959661644145], [115.62966058864903, 40.30295826807715], [115.6296569481348, 40.30313840302599], [115.62953930856521, 40.303137009330605], [115.62953566770585, 40.303317144264746], [115.62941802783219, 40.303315750440944], [115.6294143866277, 40.30349588536034], [115.62929674644998, 40.30349449140814], [115.62929310490033, 40.30367462631283], [115.62917546441852, 40.30367323223223], [115.62917364347521, 40.30376329967794], [115.62905600284547, 40.30376190547334], [115.62905418173781, 40.30385197291317], [115.62893654096011, 40.30385057858457], [115.62893471968812, 40.3039406460185], [115.62881707876248, 40.30393925156592], [115.62881525732611, 40.30402931899397], [115.6285799751872, 40.304026529721234], [115.6285781534303, 40.304116597138965], [115.62846051221699, 40.30411520231882], [115.62845869029574, 40.30420526973068], [115.6283410489345, 40.304203874786516], [115.62833922684887, 40.30429394219247], [115.62810394383878, 40.30429115193659], [115.62810029901824, 40.30447128672641], [115.6279826572132, 40.304469891410264], [115.62798083463446, 40.30455995879855], [115.62786319268149, 40.3045585633584], [115.62785225609947, 40.305098967630606], [115.62796989898939, 40.30510036309726], [115.62796807635313, 40.30519043047522], [115.62820336246996, 40.305193221058616], [115.62820154013777, 40.30528328844393], [115.62843682659978, 40.305286078557806], [115.62843500457171, 40.30537614595048], [115.62878793479484, 40.30538033023766], [115.62878611322705, 40.3054703976421], [115.62902140039586, 40.30547318657779], [115.62901957913216, 40.30556325398958], [115.62925486664618, 40.305566042455744], [115.62925304568658, 40.3056561098749], [115.62937068961207, 40.30565750393302], [115.62936886880044, 40.305747571355106], [115.62948651289031, 40.305748965298044], [115.62948469222664, 40.30583903272307], [115.62960233648087, 40.30584042655084], [115.62960051596515, 40.305930493978806], [115.62971816038376, 40.30593188769139], [115.629716340016, 40.3060219551223], [115.62995162919019, 40.306024742197536], [115.62994980912656, 40.30611480963579], [115.63006745388215, 40.30611620299843], [115.63006563396647, 40.306206270439624], [115.63018327888642, 40.30620766368709], [115.63017963934278, 40.30638779857386], [115.63029728458328, 40.30638919171056], [115.6302936453192, 40.30656932660026], [115.63041129088023, 40.30657071962619], [115.63040765189564, 40.306750854518796], [115.63052529777724, 40.30675224743395], [115.63052347842883, 40.30684231488246], [115.63064112447478, 40.30684370768243], [115.63063930527431, 40.30693377513387], [115.63087459770323, 40.30693656038385], [115.6308727788069, 40.30702662784264], [115.63099042518984, 40.30702802029265], [115.63098860644149, 40.30711808775436], [115.63145919267991, 40.3071236563761], [115.63145737454809, 40.30721372385397], [115.63181031478152, 40.30721789907775], [115.63180849711001, 40.30730796656736], [115.63216143788577, 40.307312140728015], [115.6321596206746, 40.30740220822937], [115.63239491487845, 40.307404990413964], [115.63239309797144, 40.30749505792266], [115.63262839252042, 40.30749783963768], [115.63262657591757, 40.307587907153696], [115.63286187081167, 40.30759068839913], [115.632860054513, 40.30768075592248], [115.63309534975222, 40.307683536698356], [115.63309353375773, 40.307773604229034], [115.63321118154582, 40.307774994441964], [115.63320936569932, 40.307865061975576], [115.63344466161239, 40.30786784205146], [115.63344284607007, 40.307957909592396], [115.63367814232826, 40.307960689198694], [115.63367632709014, 40.308050756746944], [115.63379397538769, 40.30805214637509], [115.63379216029756, 40.30814221392627], [115.63390980875948, 40.30814360343923], [115.63390799381735, 40.30823367099334], [115.63402564244365, 40.308235060391084], [115.6340238276495, 40.308325127948116], [115.63414147644019, 40.30832651723067], [115.63413784713973, 40.308506652349095], [115.63425549625094, 40.308508041520845], [115.63425368174465, 40.30859810908224], [115.63437133102023, 40.30859949813878], [115.63436951666193, 40.3086895657031], [115.63460481555006, 40.308692343466184], [115.63460300149595, 40.30878241103784], [115.63483830072919, 40.30878518833131], [115.63483648697928, 40.308875255910266], [115.63566003564651, 40.308884972700724], [115.63566184830309, 40.308794905091005], [115.63625009681543, 40.3088018420456], [115.6362519086829, 40.30871177441244], [115.63648720783264, 40.30871454834828], [115.63648901937952, 40.30862448070487], [115.63672431824959, 40.30862725415353], [115.63672612947595, 40.30853718649986], [115.63696142806627, 40.30853995946134], [115.63696323897209, 40.308449891797416], [115.63719853728273, 40.30845266427172], [115.63720034786799, 40.30836259659754], [115.63743564589892, 40.30836536858467], [115.63743745616362, 40.308275300900235], [115.63767275391483, 40.308278072400185], [115.63767456385904, 40.30818800470552], [115.63779221259067, 40.30818939027169], [115.63779402237051, 40.308099322571174], [115.63802931954595, 40.308102093335975], [115.63803112900527, 40.30801202562521], [115.63838407436104, 40.30801618086226], [115.63838588334363, 40.30792611313685], [115.63920942169932, 40.30793580447334], [115.63920761381003, 40.308025872229436], [115.6399135050843, 40.308034174451215], [115.63991169812398, 40.308124242232104], [115.64085288819545, 40.30813530519863], [115.64085108247646, 40.30822537301308], [115.64179227431862, 40.308236428360225], [115.64179046984098, 40.30832649620819], [115.64214341738463, 40.308330640003085], [115.64214161336746, 40.30842070786271], [115.64261221083099, 40.30842623126565], [115.6426104074304, 40.30851629914126], [115.64284570652333, 40.30851906013387], [115.64284390342702, 40.30860912801677], [115.64307920286488, 40.30861188853969], [115.6430774000728, 40.30870195642985], [115.64343034975911, 40.30870609633034], [115.6434285474275, 40.308796164232135], [115.6436638475714, 40.30879892357652], [115.64366204554402, 40.30888899148558], [115.64389734603284, 40.30889175036029], [115.64389374257848, 40.309071886191425], [115.64401139314747, 40.30907326545811], [115.64399878189471, 40.30970374085127], [115.64411643356517, 40.30970512002892], [115.64410562454029, 40.3102455274775], [115.64422327715609, 40.31024690656172], [115.64421607160183, 40.31060717818211], [115.6443337248506, 40.3106085571642], [115.64433012233714, 40.310788692974285], [115.64444777590646, 40.31079007184549], [115.64444417367291, 40.3109702076584], [115.64456182756275, 40.31097158641872], [115.64456002659, 40.31106165432733], [115.64467768064418, 40.3110630329724], [115.64467587981953, 40.31115310088391], [115.64479353403803, 40.31115447941374], [115.64479173336149, 40.31124454732812], [115.64502704213528, 40.311247304037664], [115.64502524176302, 40.311337371959304], [115.64514289631833, 40.31133875013903], [115.64514109609415, 40.31142881806355], [115.64561171502137, 40.311434329603706], [115.64560991541394, 40.311524397544225], [115.64572757032226, 40.311525775134584], [115.64572936977346, 40.31143570718971], [115.64631764365565, 40.3114425933255], [115.64631584498551, 40.31153266129218], [115.64666880988081, 40.31153679155136], [115.64666701167123, 40.31162685952963], [115.64678466680874, 40.31162823604782], [115.64678286874725, 40.31171830402898], [115.64701817935905, 40.31172105671522], [115.6470163816019, 40.311811124703624], [115.64713403707619, 40.31181250087168], [115.64713223946711, 40.31190256886296], [115.64724989510574, 40.311903944915755], [115.64724809764478, 40.31199401290992], [115.64736575344773, 40.31199538884746], [115.64736395613488, 40.312085456844514], [115.64748161210214, 40.31208683266678], [115.64747981493741, 40.312176900666714], [115.647597471069, 40.31217827637372], [115.6475956740524, 40.312268344376534], [115.64771333034831, 40.31226971996828], [115.64771153347982, 40.31235978797398], [115.64782918994005, 40.31236116345046], [115.64782739321967, 40.31245123145904], [115.64794504984425, 40.31245260682026], [115.64794325327199, 40.31254267483171], [115.64806091006086, 40.312544050077655], [115.64805911363673, 40.312634118092], [115.64829442755126, 40.31263686823375], [115.64829263143147, 40.31272693625533], [115.64841028855713, 40.31272831115113], [115.64840849258545, 40.31281837917558], [115.64899677911626, 40.31282525188204], [115.64899318871088, 40.31300538797003], [115.6492285040048, 40.313008136232675], [115.64922491419193, 40.313188272332184], [115.64934257216349, 40.31318964629276], [115.64934077740116, 40.31327971434466], [115.64945843553704, 40.31328108818997], [115.64945664092284, 40.31337115624473], [115.64980961584772, 40.31337527707599], [115.64981140999322, 40.31328520900818], [115.65004672633779, 40.31328795562221], [115.65004852016277, 40.31319788754423], [115.65016617819096, 40.31319926066746], [115.65016797185159, 40.31310919258365], [115.65028562973166, 40.31311056558291], [115.65028742322798, 40.31302049749329], [115.6504050809599, 40.313021870368594], [115.65040687429192, 40.312931802273155], [115.65052453187567, 40.31293317502448], [115.65052632504337, 40.31284310692322], [115.65064398247902, 40.312844479550584], [115.65064756847771, 40.31266434333496], [115.65076522560899, 40.312665715834], [115.6507634327699, 40.312755783946905], [115.6508810900655, 40.312757156330676], [115.65087929737456, 40.31284722444644], [115.65099695483445, 40.31284859671493], [115.65099516229166, 40.312938664833574], [115.65123047754815, 40.31294140902038], [115.65122689306324, 40.31312154527061], [115.65134455101607, 40.313122917193276], [115.65134275891769, 40.31321298532053], [115.65157807516006, 40.31321572881567], [115.65157986694594, 40.313125660679724], [115.65181518290818, 40.313128403687706], [115.65181339143473, 40.31321847183233], [115.65216636590735, 40.31322258546014], [115.6521627838736, 40.31340272177099], [115.65228044235975, 40.3134040927497], [115.652278651487, 40.313494160907254], [115.65239631013745, 40.31349553177067], [115.65239451941285, 40.3135855999311], [115.65251217822764, 40.31358697067924], [115.6525103876512, 40.31367703884254], [115.65262804663026, 40.31367840947539], [115.65262625620198, 40.313768477641545], [115.65250859706667, 40.31376710700437], [115.65250680647408, 40.313857175164706], [115.65238914719062, 40.31385580440355], [115.65237840252804, 40.314396213308676], [115.6521430821105, 40.31439347137541], [115.65214129099266, 40.31448353951243], [115.65202363063976, 40.31448216836202], [115.6520218393576, 40.31457223649322], [115.65178651836356, 40.31456949382483], [115.65178472676085, 40.31465956194588], [115.65166706611971, 40.31465819042789], [115.65166169079436, 40.31492839476919], [115.65189701302216, 40.314931137711575], [115.65189522154336, 40.31502120583108], [115.65248352803549, 40.31502806111522], [115.65248531873307, 40.314937992974016], [115.65260297989947, 40.31493936366761], [115.65260835147502, 40.31466915922215], [115.65272601218078, 40.3146705297831], [115.65273138321493, 40.31440032531137], [115.65284904346004, 40.314401695739676], [115.65285083363237, 40.314311627575144], [115.65273317354351, 40.31431025715117], [115.65273496386399, 40.31422018898951], [115.65285262379663, 40.31422155940915], [115.65285441395282, 40.314131491241675], [115.6529720737373, 40.314132861537345], [115.65298281356746, 40.31359245247554], [115.6531004724226, 40.313593822625556], [115.6531022622098, 40.31350375443909], [115.65345523835495, 40.31350786415838], [115.6534570276654, 40.31341779595745], [115.65357468624033, 40.31341916562029], [115.65357289708615, 40.313509233825556], [115.65463182602984, 40.31352155544708], [115.65463361377797, 40.313431487202806], [115.65475127243359, 40.31343285566942], [115.65475306001743, 40.31334278741932], [115.65487071852486, 40.313344155761975], [115.65487250594441, 40.313254087506074], [115.65499016430368, 40.31325545572477], [115.65499195155891, 40.31316538746307], [115.65510960977002, 40.3131667555578], [115.65511139686097, 40.31307668729031], [115.65522905492391, 40.3130780552611], [115.65523084185058, 40.31298798698781], [115.65534849976535, 40.312989354834635], [115.65535028652772, 40.31289928655553], [115.65546794429432, 40.31290065427841], [115.65547151748244, 40.31272051770712], [115.65558917494465, 40.31272188530172], [115.65559096137041, 40.31263181700953], [115.65570861868443, 40.312633184480184], [115.65571040494589, 40.3125431161822], [115.65618103365767, 40.31254858485128], [115.65617924802109, 40.312638653166566], [115.65629690537538, 40.31264002003912], [115.6562879778529, 40.31309036161514], [115.65617031971745, 40.31308899472096], [115.65616853403256, 40.31317906302742], [115.65605087574895, 40.3131776960093], [115.65604551817725, 40.31344790090686], [115.655927859433, 40.31344653375613], [115.65591892920462, 40.313896875200975], [115.65603658873006, 40.31389824237336], [115.65602587312762, 40.31443865208456], [115.65614353359852, 40.31444001916328], [115.65613996197908, 40.31462015573056], [115.65625762277051, 40.3146215226983], [115.65625583710495, 40.314711590984054], [115.65649115902448, 40.314714324569316], [115.65648937366336, 40.31480439286225], [115.65660703479145, 40.31480575947977], [115.65660346435753, 40.31498589606987], [115.65672112580614, 40.31498726257641], [115.65671934073336, 40.31507733087358], [115.65683700234628, 40.3150786972648], [115.6568298625996, 40.31543897045607], [115.65694752484553, 40.31544033674496], [115.65694217041974, 40.315710541635944], [115.65705983314248, 40.31571190781818], [115.65705626379757, 40.315892044413445], [115.65717392684085, 40.31589341048469], [115.65717035777624, 40.316073547082716], [115.65728802114008, 40.31607491304299], [115.65728623675196, 40.316164981344116], [115.65752156381629, 40.31616771291439], [115.65751977973264, 40.3162577812227], [115.65763744343315, 40.31625914683269], [115.65763565949767, 40.316349215143845], [115.65775332336247, 40.31635058063854], [115.65775153957522, 40.31644064895254], [115.65798686764145, 40.316443379591654], [115.65798508415868, 40.31653344791284], [115.6582204125696, 40.316536178082046], [115.65821684620495, 40.31671631473727], [115.65845217527308, 40.31671904444521], [115.6584503923912, 40.31680911277926], [115.65927404547672, 40.31681866301865], [115.65927226368063, 40.31690873138146], [115.65962525844948, 40.31691282255957], [115.65962347711411, 40.31700289093386], [115.6597411422094, 40.31700425442494], [115.65973936102226, 40.31709432280206], [115.65997469154944, 40.31709704943393], [115.6599729106668, 40.31718711781821], [115.66020824153861, 40.317189843980145], [115.66020646096047, 40.31727991237158], [115.66044179217693, 40.31728263806359], [115.6604400119033, 40.31737270646219], [115.66055767767983, 40.31737406913304], [115.66055589755443, 40.317464137534486], [115.66067356349525, 40.31746550009001], [115.66067178351808, 40.31755556849429], [115.66078944962321, 40.31755693093449], [115.66078766979427, 40.317646999341605], [115.66102300234115, 40.31764972387169], [115.66102122281671, 40.31773979228597], [115.66113888925847, 40.31774115437586], [115.66113710988226, 40.317831222792975], [115.6612547764883, 40.31783258476753], [115.66125299726035, 40.31792265318751], [115.66160599759539, 40.31792673840624], [115.66160421882823, 40.318016806837655], [115.66183955273758, 40.31801952972721], [115.66183777427494, 40.31810959816578], [115.66219077566794, 40.31811368161572], [115.66218899766606, 40.31820375006575], [115.66242433228071, 40.3182064717761], [115.66242255458336, 40.318296540233256], [115.66371689725594, 40.31831150113288], [115.66371512126958, 40.31840156963594], [115.66395045671766, 40.31840428825272], [115.66394868103583, 40.31849435676292], [115.6641840168285, 40.318497074909715], [115.6641822414512, 40.318587143427024], [115.66429990951583, 40.318588502325255], [115.66429813428681, 40.31867857084541], [115.6644158025157, 40.31867992962828], [115.66441402743496, 40.31876999815127], [115.66453169582815, 40.3187713568188], [115.66452814595519, 40.31895149386896], [115.66464581466893, 40.31895285242545], [115.66464403987672, 40.31904292095262], [115.66476170875472, 40.31904427939376], [115.66475993411082, 40.31913434792376], [115.66487760315309, 40.31913570624955], [115.66487582865744, 40.31922577478236], [115.66499349786403, 40.319227132992815], [115.66499172351665, 40.31931720152846], [115.66510939288752, 40.319318559623554], [115.66510761868841, 40.319408628162044], [115.66522528822355, 40.319409986141785], [115.66522351417274, 40.31950005468308], [115.6654588535796, 40.31950277029222], [115.66545707983333, 40.31959283884064], [115.66616309918359, 40.319600982822166], [115.66616487199215, 40.31951091424796], [115.66663555109375, 40.31951634115875], [115.6666373232692, 40.31942627256589], [115.66675499290831, 40.31942762899018], [115.66675676491946, 40.319337560391524], [115.66687443441027, 40.31933891669187], [115.66687797809608, 40.31915877948161], [115.66699564728232, 40.31916013565372], [115.66699741895695, 40.31907006704208], [115.6671150879949, 40.319071423090236], [115.66711685950526, 40.31898135447284], [115.66723452839493, 40.31898271039705], [115.66724161373136, 40.318622435895584], [115.66735928200393, 40.318623791682974], [115.66736459545356, 40.31835358577856], [115.66748226326527, 40.31835494143343], [115.66748580521254, 40.31817480414787], [115.66772114023483, 40.31817751508152], [115.66772291088395, 40.31808744642795], [115.66784057825079, 40.31808880171101], [115.66784234873566, 40.317998733051695], [115.66796001595421, 40.31800008821082], [115.6679617862748, 40.31791001954572], [115.66807945334509, 40.31791137458091], [115.66808122350145, 40.317821305910066], [115.66819889042344, 40.31782266082132], [115.66820066041552, 40.317732592144715], [115.66843599397092, 40.31773530159972], [115.66843776364249, 40.31764523291306], [115.66879076356666, 40.31764929618536], [115.66878191747303, 40.31809963966826], [115.66866425004233, 40.31809828534235], [115.66865894182158, 40.31836849140157], [115.66854127393002, 40.31836713694317], [115.66853773476375, 40.31854727430006], [115.66842006656763, 40.31854591971343], [115.6684129875142, 40.31890619439238], [115.66853065633542, 40.31890754899616], [115.6685288867084, 40.31899761766651], [115.66864655569388, 40.31899897215493], [115.66864478621514, 40.31908904082808], [115.6687624553649, 40.31909039520114], [115.66875360863291, 40.31954073856633], [115.66887127857206, 40.31954209284118], [115.66886774013597, 40.319722230185526], [115.66898541039566, 40.31972358434929], [115.66898364132192, 40.319813653023544], [115.6692189821778, 40.31981636100069], [115.66921721340867, 40.31990642968205], [115.66933488400484, 40.31990778349542], [115.66933311538402, 40.31999785217959], [115.66945078614447, 40.3199992058776], [115.66944901767197, 40.32008927456457], [115.66956668859667, 40.32009062814722], [115.66956492027246, 40.32018069683701], [115.66980026245838, 40.320183403651896], [115.6697984944388, 40.32027347234879], [115.6699161657, 40.32027482558104], [115.6699143978287, 40.32036489428075], [115.67003206925419, 40.32036624739762], [115.67002853380029, 40.3205463848012], [115.67014620554632, 40.32054773780697], [115.6701444379637, 40.320637806510824], [115.67026210987399, 40.32063915940124], [115.67025857499742, 40.32081929681312], [115.67037624722828, 40.320820649592434], [115.67037447993434, 40.32091071830044], [115.67049215232946, 40.32091207096438], [115.67049038518381, 40.32100213967521], [115.6706080577432, 40.32100349222377], [115.6706062907459, 40.32109356093739], [115.67072396346954, 40.32109491337059], [115.67072219662057, 40.32118498208704], [115.67107521530819, 40.32118903868149], [115.67107344892015, 40.3212791074093], [115.67130879506433, 40.32128181121586], [115.67130702898092, 40.32137187995075], [115.67154237546954, 40.32137458328724], [115.67154060969077, 40.32146465202923], [115.67165828310333, 40.321466003522254], [115.67165651747288, 40.32155607226705], [115.6717741910497, 40.3215574236447], [115.67177242556757, 40.321647492392295], [115.67200777305771, 40.321650194797165], [115.67200600788024, 40.32174026355186], [115.67212368179355, 40.321741614579075], [115.67212191676443, 40.32183168333656], [115.67223959084198, 40.32183303424839], [115.67223782596119, 40.32192310300869], [115.67235550020304, 40.32192445380513], [115.67235373547057, 40.322014522568246], [115.67247140987669, 40.32201587324931], [115.67246964529257, 40.32210594201521], [115.67258731986291, 40.322107292580874], [115.67258555542716, 40.32219736134959], [115.67270323016179, 40.32219871179987], [115.672699701579, 40.32237884934143], [115.67293505169732, 40.32238154990011], [115.67293328770661, 40.32247161867723], [115.6742277156456, 40.32248646324088], [115.67422947791692, 40.32239639441677], [115.67434715307549, 40.32239774320029], [115.67434891518258, 40.32230767437045], [115.6744665901928, 40.322309023030044], [115.67446835213563, 40.32221895419443], [115.67458602699749, 40.32222030273009], [115.67458778877607, 40.322130233888764], [115.674823138211, 40.322132930592545], [115.67482489966902, 40.32204286174122], [115.67494257424211, 40.32204420990934], [115.67494433553588, 40.321954141052245], [115.6750620099606, 40.321955489096446], [115.67506377109014, 40.321865420233635], [115.67518144536649, 40.32186676815391], [115.67518320633178, 40.32177669928536], [115.67541855459574, 40.32177939475838], [115.67542031524046, 40.32168932587981], [115.67565566322357, 40.32169202086565], [115.67565742354776, 40.32160195197708], [115.67577509739493, 40.32160329928625], [115.6757768575549, 40.32151323039196], [115.6760122049604, 40.32151592464277], [115.67601396479984, 40.321425855738475], [115.67613163835821, 40.32142720268011], [115.67613339803337, 40.321337133770086], [115.67636874486135, 40.32133982728588], [115.67637050421598, 40.32124975836585], [115.67672352404851, 40.321253797729284], [115.67672528292636, 40.321163728795], [115.6770783023614, 40.32116776706871], [115.67708006076236, 40.32107769812018], [115.67731540677946, 40.32108038969584], [115.67731716485994, 40.32099032073731], [115.67743483772406, 40.320991666341385], [115.67743835354862, 40.32081152841139], [115.67755602610812, 40.320812873887284], [115.6775577838522, 40.320722804915825], [115.67767545626332, 40.320724150267814], [115.67767721384317, 40.32063408129062], [115.67779488610593, 40.32063542651869], [115.67779664352157, 40.320545357535764], [115.67791431563596, 40.32054670263992], [115.6779178301309, 40.32036656466114], [115.67803550194061, 40.32036790963713], [115.67803725901987, 40.32027784064129], [115.67815493068122, 40.32027918549335], [115.6781566875963, 40.32018911649177], [115.6783920306302, 40.32019180582842], [115.67839378722475, 40.320101736816866], [115.6785114585973, 40.320103081301454], [115.67851321502764, 40.320013012284164], [115.6787485574839, 40.32001570088585], [115.67875031359375, 40.31992563185858], [115.6788679846775, 40.31992697597568], [115.67886974062313, 40.3198369069427], [115.67922275345296, 40.31984093856333], [115.67922450892182, 40.3197508695161], [115.67993053385746, 40.31975892950114], [115.67992877932633, 40.31984899857388], [115.68016412134742, 40.319851684286846], [115.68016236712096, 40.3199417533666], [115.68028003829967, 40.319943096047844], [115.68027828422157, 40.32003316513039], [115.68098431239767, 40.32004121873057], [115.68098606553804, 40.31995114962253], [115.6811037367721, 40.31995249146618], [115.68110548974828, 40.31986242235243], [115.68122316083394, 40.31986376407217], [115.68122666644999, 40.31968362583175], [115.68134433723098, 40.319684967423356], [115.68134784250282, 40.319504829168544], [115.68158318346343, 40.3195075119758], [115.68158493577492, 40.3194174428377], [115.68193794680623, 40.31942146613844], [115.6819361949636, 40.31951153528927], [115.68205386547947, 40.31951287615447], [115.6820521137852, 40.319602945308084], [115.68216978446527, 40.31960428605786], [115.68216628136565, 40.31978442436915], [115.68228395236619, 40.31978576500775], [115.68227344381548, 40.32032617993184], [115.68239111576165, 40.32032752047626], [115.6823876131608, 40.320507658781025], [115.68250528542744, 40.32050899921427], [115.68250353427149, 40.32059906836868], [115.68273887914106, 40.32060174888468], [115.68273712828977, 40.320691818046114], [115.68426687274359, 40.320709229788534], [115.68426862156304, 40.32061916057198], [115.68485698438803, 40.32062585199014], [115.6848587324181, 40.32053578275095], [115.68532942219485, 40.32054113371466], [115.68532767478995, 40.320631202970816], [115.68568069267414, 40.320635214949895], [115.68567894573026, 40.32072528421727], [115.68591429133838, 40.320727958280166], [115.68591254469919, 40.32081802755453], [115.68614789065143, 40.32082070114725], [115.68614614431696, 40.3209107704286], [115.6863814906133, 40.320913443551134], [115.68637799854596, 40.32109358212638], [115.68649567201852, 40.321094918516614], [115.68649218023229, 40.32127505709444], [115.68637450644712, 40.321273720695736], [115.68637276038588, 40.32136378997821], [115.68601973860872, 40.32135978005144], [115.6860179920707, 40.321449849319755], [115.68578264394604, 40.32144717542847], [115.68578089708754, 40.321537244686844], [115.68519252613227, 40.32153055784337], [115.68519077848437, 40.321620627079106], [115.6847200812368, 40.32161527543345], [115.68471833295581, 40.32170534465077], [115.684365309634, 40.32170132964737], [115.68436356087625, 40.321791398850515], [115.68412821172186, 40.32178872157479], [115.68412646264358, 40.32187879076799], [115.68400878792191, 40.32187745194639], [115.68400703867944, 40.321967521133885], [115.6830656399398, 40.321956806219255], [115.683063889439, 40.322046875371356], [115.68224016486215, 40.322037493508994], [115.68223841325928, 40.32212756262992], [115.68117933796545, 40.32211549158139], [115.68117758494793, 40.32220556066263], [115.68047153416993, 40.32219750788656], [115.68046451826939, 40.32255778409492], [115.68058219400451, 40.32255912654043], [115.6805804401659, 40.32264919559309], [115.68069811606524, 40.32265053792319], [115.68068934753515, 40.3231008831857], [115.68057167085425, 40.323099540834356], [115.6805681630742, 40.323279678920585], [115.68045048608857, 40.32327833644107], [115.68044697796424, 40.32345847451291], [115.6803293006739, 40.323457131905236], [115.68032754644356, 40.3235472009347], [115.68020986900481, 40.3235458582031], [115.68020811461024, 40.323635927226846], [115.68009043702308, 40.32363458437133], [115.68008868246429, 40.32372465338934], [115.67997100472871, 40.32372331040991], [115.67996925000568, 40.32381337942221], [115.67985157212172, 40.32381203631884], [115.67984981723446, 40.32390210532542], [115.67973213920207, 40.323900762098134], [115.67973038415059, 40.32399083109899], [115.67949502779695, 40.323988144276896], [115.67949327242488, 40.324078213267775], [115.67937559410362, 40.32407686967297], [115.67937383856733, 40.32416693865813], [115.67855008944598, 40.32415753011385], [115.67854833280748, 40.32424759906775], [115.67831297567433, 40.324244909826675], [115.67830946174831, 40.324425047713056], [115.67819178288097, 40.32442370290449], [115.67819002574977, 40.324513771841204], [115.67807234673401, 40.32451242690871], [115.67806707482384, 40.32478263369728], [115.67794939534706, 40.324781288632344], [115.67794236539721, 40.32514156431283], [115.67782468530305, 40.32514021911118], [115.67782116996791, 40.32532035693408], [115.67793885037474, 40.325321702144244], [115.67792478996773, 40.326042253411096], [115.67804247163318, 40.32604359853565], [115.67803719931878, 40.32631380524922], [115.67815488146114, 40.326315150266865], [115.67815312416349, 40.32640521917271], [115.67827080647012, 40.32640656407493], [115.67826904932089, 40.32649663298356], [115.6783867317918, 40.32649797777036], [115.67838497479099, 40.32658804668177], [115.67885570537918, 40.32659342464914], [115.67885746175465, 40.3265033557207], [115.67944587438642, 40.32651007546578], [115.67944411879267, 40.32660014441548], [115.67967948421351, 40.32660283148424], [115.6796777289245, 40.32669290044099], [115.67991309468968, 40.32669558703952], [115.67991133970546, 40.326785656003295], [115.68002902275627, 40.326786999127286], [115.68002200336558, 40.32714727498471], [115.67990431968941, 40.32714593184372], [115.67987623835866, 40.32858703497018], [115.67999392453646, 40.328588378179184], [115.67998514948681, 40.32903872285028], [115.68010283645431, 40.329040065960875], [115.680101081577, 40.329130134894925], [115.68033645584848, 40.32913282076552], [115.68033470127595, 40.32922288970662], [115.68045238857992, 40.32922423246662], [115.68045414299608, 40.32913416352128], [115.6808072044864, 40.32913819107039], [115.68080895842554, 40.32904812211084], [115.68092664544844, 40.329049464383566], [115.68092839922333, 40.328959395418295], [115.6810460860978, 40.328960737567094], [115.6810478397084, 40.32887066859609], [115.6811655264344, 40.328872010620934], [115.68117078674972, 40.32860180368638], [115.68128847301455, 40.32860314557879], [115.6812937327896, 40.32833293861826], [115.68141141859327, 40.32833428037823], [115.68141667782811, 40.32806407339174], [115.68153436317063, 40.328065415019275], [115.68153786897494, 40.32788527701244], [115.68165555401266, 40.32788661851182], [115.6816573067466, 40.32779654950193], [115.68177499163588, 40.32779789087737], [115.68177674420558, 40.32770782186178], [115.68189442894638, 40.32770916311327], [115.68189793374935, 40.32752902506919], [115.68201561818539, 40.3275303661925], [115.68201912264405, 40.327350228134044], [115.68248985921642, 40.32735559139648], [115.68248810761644, 40.32744566044344], [115.68295884494059, 40.327451021807846], [115.68295359196942, 40.32772122899076], [115.68307127678926, 40.32772256904536], [115.68306077157182, 40.328262983396954], [115.68317845733766, 40.328264323357324], [115.68317495584806, 40.32844446147125], [115.6832926419345, 40.32844580132041], [115.6832908913342, 40.328535870379405], [115.68352626384353, 40.32853854972715], [115.68352451354805, 40.328628618793154], [115.68493675114316, 40.32864468487628], [115.68493500271609, 40.328734753991675], [115.68634724332311, 40.328750802889864], [115.68634898987388, 40.328660733723666], [115.68646667648596, 40.32866207034961], [115.68647715468695, 40.328121655296194], [115.68635946901297, 40.328120318695625], [115.68636470847619, 40.32785011116177], [115.68624702327917, 40.32784877445422], [115.68625051652795, 40.327668636099425], [115.68613283165149, 40.32766729928064], [115.68613632518148, 40.327487160928435], [115.6860186406256, 40.32748582399843], [115.68602038753514, 40.32739575482435], [115.6859027031435, 40.32739441777888], [115.68590619725158, 40.32721427943479], [115.68578851318053, 40.3272129422781], [115.68579026037911, 40.32712287310809], [115.68567257647227, 40.32712153583596], [115.68567432381931, 40.3270314666687], [115.6855566400767, 40.32703012928111], [115.68555838757221, 40.326940060116605], [115.68544070399383, 40.32693872261356], [115.68544245163783, 40.32684865345185], [115.68556013505984, 40.32684999095065], [115.68557236725258, 40.32621950674776], [115.68569004958809, 40.32622084409726], [115.68569529136917, 40.325950636546985], [115.68593065512583, 40.32595331086151], [115.68593240205776, 40.32586324166668], [115.68628544728283, 40.32586725222819], [115.68628719373787, 40.32577718301919], [115.6866402385648, 40.32578119249086], [115.68664198454297, 40.32569112326772], [115.68687734748764, 40.32569379564196], [115.68687909314525, 40.325603726408886], [115.6872321371523, 40.32560773405996], [115.68723388233302, 40.32551766481272], [115.68770460716063, 40.325523006655075], [115.68770635170812, 40.32543293738946], [115.68805939494244, 40.325436942501895], [115.68806113901309, 40.32534687322214], [115.68864954377926, 40.32535354599484], [115.68865128706037, 40.32526347669246], [115.68888664870921, 40.325266144955336], [115.68888490574078, 40.325356214266144], [115.68912026773374, 40.32535888205875], [115.68911503971924, 40.325629090007695], [115.68899735824982, 40.32562775615857], [115.68899561540627, 40.32571782546771], [115.68887793378838, 40.32571649149468], [115.68887619078062, 40.32580656079814], [115.68875850901425, 40.3258052267012], [115.6887567658423, 40.32589529599896], [115.6885214020205, 40.325892627437604], [115.688519658528, 40.325982696725454], [115.68840197647255, 40.32598136226102], [115.68840023281585, 40.32607143154316], [115.68828255061193, 40.32607009695483], [115.68828080679103, 40.326160166231304], [115.68816312443863, 40.326158831519066], [115.68815963646054, 40.326338970059126], [115.68827731912565, 40.32634030477982], [115.68827208756855, 40.32661051259156], [115.68815440443446, 40.326609177858195], [115.68815266041001, 40.32669924712162], [115.68803497712743, 40.326697912264336], [115.6880332329388, 40.32678798152207], [115.68779786608452, 40.326785311440005], [115.68779612157535, 40.32687538068781], [115.68767843800366, 40.32687404546301], [115.6876732039598, 40.32714425318493], [115.68779088800054, 40.32714558842239], [115.68778739891131, 40.327325726904775], [115.68790508327258, 40.32732706203101], [115.68789985004881, 40.32759726975624], [115.68801753488698, 40.32759860477546], [115.68801579061969, 40.32768867401849], [115.68825116063238, 40.32769134370632], [115.68824941666989, 40.32778141295633], [115.68836710184438, 40.32778274762493], [115.68836535803038, 40.3278728168777], [115.68848304336912, 40.327874151430834], [115.68847955603025, 40.32805428994041], [115.68859724168954, 40.32805562438231], [115.68858503685027, 40.32868610914908], [115.6887027236119, 40.32868744350086], [115.68870098018836, 40.32877751275161], [115.68881866711423, 40.328778846987916], [115.68881518055622, 40.328958985493436], [115.68893286780269, 40.328960319618496], [115.68893112466826, 40.329050388873284], [115.68904881207895, 40.329051722882866], [115.68904532609923, 40.32923186139646], [115.68916301383051, 40.3292331952948], [115.68916127098521, 40.329323264553615], [115.68927895888072, 40.32932459833648], [115.68927721618392, 40.32941466759805], [115.68939490424366, 40.32941600126544], [115.68939316169538, 40.32950607052976], [115.68962853815114, 40.329508737513876], [115.68962679590773, 40.32959880678517], [115.68974448430376, 40.32960014010192], [115.68974274220888, 40.32969020937596], [115.68986043076912, 40.32969154257722], [115.68985868882275, 40.32978161185401], [115.69009406627957, 40.32978427790589], [115.69009232463806, 40.32987434718965], [115.69032770243906, 40.329877012771156], [115.69032596110245, 40.32996708206189], [115.69044365017108, 40.329968414677325], [115.69044190898298, 40.33005848397081], [115.69067728745655, 40.330061148851], [115.69067554657336, 40.33015121815144], [115.69079323597829, 40.33015255041621], [115.69079149524362, 40.33024261971941], [115.69102687438979, 40.33024528389827], [115.69102513395998, 40.33033535320843], [115.69114282370124, 40.330336685122525], [115.69114108341995, 40.330426754435436], [115.69125877332543, 40.33042808623405], [115.69125703319267, 40.33051815554971], [115.69137472326236, 40.330519487232834], [115.69137298327813, 40.330609556551224], [115.6916083637538, 40.330612219566795], [115.6916066240745, 40.33070228889216], [115.69172431448045, 40.33070362022461], [115.69172257494968, 40.330793689552735], [115.69184026551989, 40.330795020769685], [115.6918385261376, 40.33088509010053], [115.69195621687206, 40.330886421201996], [115.69195273839675, 40.33106655986772], [115.69207042945177, 40.33106789085793], [115.69206869035875, 40.33115796019278], [115.69218638157798, 40.331159291067486], [115.69218464263348, 40.33124936040512], [115.69230233401697, 40.33125069116432], [115.69229885641721, 40.33143082984357], [115.69241654812126, 40.331432160491495], [115.69241480946602, 40.331522229833126], [115.69253250133431, 40.33152356036556], [115.69253076282757, 40.33161362970994], [115.69264845486012, 40.33161496012687], [115.69264671650194, 40.331705029473994], [115.6927644086987, 40.33170635977544], [115.69276267048906, 40.331796429125305], [115.69288036285003, 40.33179775931125], [115.69287862478893, 40.33188782866385], [115.69299631731414, 40.33188915873429], [115.69299457940161, 40.331979228089644], [115.69322996478829, 40.33198188787985], [115.69322822718068, 40.33207195724213], [115.6934636129115, 40.33207461656191], [115.69346535020634, 40.33198454719121], [115.69358304292713, 40.331985876667325], [115.69358478005773, 40.33189580729094], [115.69370247262995, 40.33189713664315], [115.69370420959636, 40.33180706726108], [115.69382190202003, 40.33180839648937], [115.6938236388222, 40.33171832710164], [115.69394133109734, 40.33171965620601], [115.69394306773528, 40.331629586812596], [115.69406075986187, 40.33163091579306], [115.69406249633559, 40.331540846393956], [115.69418018831361, 40.33154217525051], [115.69418192462315, 40.33145210584574], [115.69429961645262, 40.331453434578385], [115.69430135259793, 40.331363365167945], [115.69441904427885, 40.33136469377666], [115.69442078025993, 40.33127462436055], [115.69453847179233, 40.33127595284536], [115.6945402076092, 40.331185883423565], [115.69465789899301, 40.33118721178447], [115.6946596346457, 40.33109714235701], [115.69477732588095, 40.33109847059401], [115.69478079685007, 40.33091833172625], [115.69489848778038, 40.33091965983514], [115.69490542899918, 40.3305593820652], [115.69478773869433, 40.330558053973135], [115.69479120956952, 40.33037791508776], [115.69467351958527, 40.33037658688441], [115.6946752551675, 40.33028651744371], [115.69443987553525, 40.33028386068631], [115.69444161142239, 40.330193791252555], [115.69432392177437, 40.3301924626985], [115.6943273938379, 40.33001232383503], [115.69420970451047, 40.33001099516968], [115.69421144068686, 40.329920925739934], [115.69409375152362, 40.329919596959094], [115.69410069677636, 40.32955931924228], [115.6943360738597, 40.3295619766506], [115.69433780984059, 40.32947190720931], [115.69457318664253, 40.329474564130436], [115.69457492230282, 40.32938449467926], [115.69469261055916, 40.32938582295607], [115.69469434605529, 40.32929575349923], [115.69504741040217, 40.329299737598866], [115.6950439403403, 40.32947987653631], [115.69516162878432, 40.329481204338535], [115.69515989389802, 40.32957127380925], [115.69527758250624, 40.329572601495975], [115.69527584776847, 40.32966267096944], [115.69562891410915, 40.32966665332404], [115.69562717983267, 40.32975672280863], [115.69633331366343, 40.329764684311186], [115.69633158031736, 40.329854753819504], [115.6968023369864, 40.329860059110686], [115.69680060425799, 40.32995012863432], [115.69703598295212, 40.32995278057012], [115.69703425052863, 40.330042850100696], [115.6972696295668, 40.330045501566076], [115.69726789744824, 40.33013557110357], [115.6973855871354, 40.3301368966609], [115.69738385516541, 40.33022696620113], [115.69750154501679, 40.33022829164295], [115.69749808136613, 40.33040843072741], [115.69761577153805, 40.33040975605792], [115.69761403985737, 40.33049982560214], [115.69773173019347, 40.33050115081714], [115.69772826712146, 40.33068128990954], [115.69784595777813, 40.330682615013245], [115.6978373007433, 40.33113296273953], [115.69771960930476, 40.33113163761486], [115.69771614612338, 40.33131177668671], [115.69759845437989, 40.33131045143394], [115.69759672262113, 40.33140052096348], [115.69747903072903, 40.33139919558681], [115.69747556687527, 40.33157933463305], [115.69735787467825, 40.33157800912829], [115.69735614258326, 40.33166807864502], [115.69723845023763, 40.33166675301635], [115.69723671797848, 40.33175682252741], [115.6971190254843, 40.33175549677484], [115.69711729306091, 40.33184556628024], [115.69688190778322, 40.33184291440758], [115.69688017503924, 40.331932983903116], [115.69676248225575, 40.331931657783024], [115.69676074934758, 40.332021727272895], [115.6966430564155, 40.3320204010289], [115.6966413233431, 40.332110470513086], [115.69652363026245, 40.33210914414519], [115.69651496400141, 40.332559491523185], [115.69663265786401, 40.332560817912075], [115.69662919161765, 40.332740956861386], [115.69674688580085, 40.33274228313896], [115.69673475478709, 40.33337276944467], [115.69661705950911, 40.33337144313771], [115.69661359312205, 40.33355158206057], [115.69649589753908, 40.33355025562549], [115.69649069743062, 40.33382046398619], [115.69637300138628, 40.33381913741881], [115.6963695342954, 40.33399927631018], [115.69625183794608, 40.33399794961468], [115.69625010423252, 40.33408801905398], [115.6961324077346, 40.33408669223455], [115.69613067385681, 40.33417676166816], [115.6960129772103, 40.33417543472482], [115.69600777506079, 40.33444564300428], [115.69589007795291, 40.33444431592862], [115.69588314101843, 40.3348045935972], [115.69576544329271, 40.33480326638501], [115.69576024004049, 40.33507347460843], [115.69564254185339, 40.33507214726391], [115.69563386882781, 40.33552249425254], [115.69598696575879, 40.335526475989916], [115.69598869991032, 40.335436406582524], [115.6962240975906, 40.33543906046708], [115.69622236375193, 40.335529129882886], [115.69681085887156, 40.33553576252015], [115.69681432497697, 40.3353556236451], [115.69693202371153, 40.33535694980498], [115.69693722234177, 40.33508674146883], [115.69705492061489, 40.3350880674964], [115.6970566533196, 40.33499799804387], [115.69717435144415, 40.33499932394752], [115.69717608398462, 40.33490925448934], [115.69741147994432, 40.33491190592909], [115.69741321216415, 40.334821836461046], [115.69753090999932, 40.33482316199714], [115.69753264205492, 40.33473309252342], [115.69788573513803, 40.334737068400806], [115.69788746671662, 40.33464699891304], [115.6983582569778, 40.33465229839004], [115.69835652602485, 40.33474236789457], [115.69870961927195, 40.33474634125783], [115.69870788878042, 40.3348364107735], [115.69882558670146, 40.33483773499266], [115.69882385635856, 40.334927804511025], [115.69917695063778, 40.334931776462795], [115.69917868051147, 40.33484170693185], [115.69953177439166, 40.334845677793545], [115.69953350378833, 40.334755608248564], [115.70047508656079, 40.33476619191187], [115.70047681469835, 40.33467612233191], [115.70059451242358, 40.33467744474689], [115.70059624039695, 40.33458737516129], [115.70094933315016, 40.33459134167536], [115.7009510606465, 40.33450127207572], [115.70130415300065, 40.33450523749976], [115.70130588001999, 40.334415167886114], [115.70142357733053, 40.334416489450504], [115.70142530418568, 40.3343264198312], [115.70154300134759, 40.334327741271686], [115.70155336137641, 40.33378732349993], [115.7016710576077, 40.3337886447956], [115.70168486929215, 40.333068087650894], [115.70180256428002, 40.3330694087934], [115.70180429054913, 40.33297933913953], [115.7019219853884, 40.33298066015813], [115.70192371149334, 40.3328905904986], [115.70227679558865, 40.3328945528236], [115.7022750699529, 40.332984622495665], [115.7023927648233, 40.33298594303543], [115.70239103933618, 40.333076012710194], [115.70250873437077, 40.33307733313441], [115.70250700903223, 40.33316740281192], [115.70309548510386, 40.33317400315819], [115.7030972096604, 40.333083933459804], [115.7033325998307, 40.33308657275196], [115.70333432406665, 40.33299650304375], [115.70356971395526, 40.332999141848696], [115.70357143787065, 40.332909072130676], [115.70380682747758, 40.332911710448414], [115.7038085510724, 40.332821640720574], [115.70427932975396, 40.33282691590278], [115.70427760678471, 40.33291698564733], [115.70439530163094, 40.332918304147775], [115.70439357881034, 40.33300837389503], [115.70427588380774, 40.33300705539041], [115.70427243783043, 40.33318719487216], [115.70415474252277, 40.333185876239476], [115.70415301936606, 40.33327594597399], [115.7040353239098, 40.33327462721741], [115.70403187726025, 40.333454766673654], [115.70391418149897, 40.33345344778902], [115.70391245800613, 40.33354351751076], [115.70379476209621, 40.333542198502236], [115.7037930384392, 40.33363226821834], [115.70367534238066, 40.33363094908592], [115.70366844704925, 40.33399122791895], [115.70378614373342, 40.33399254706807], [115.7037826963339, 40.33417268648413], [115.70390039333864, 40.33417400552188], [115.70389866978361, 40.33426407523188], [115.70425176131371, 40.33426803163935], [115.70425003822012, 40.334358101360415], [115.70530931463774, 40.334369964155506], [115.70531103632365, 40.33427989439689], [115.70566412813346, 40.33428384649447], [115.70566584934235, 40.33419377672189], [115.70590124360822, 40.33419641084666], [115.70590296449657, 40.33410634106428], [115.70613835848067, 40.334108974701834], [115.70614179960846, 40.33392883511598], [115.70625949629932, 40.33393015174684], [115.70626121669517, 40.33384008194754], [115.7063789132374, 40.33384139845453], [115.706382353693, 40.33366125884319], [115.70650004993018, 40.33366257522212], [115.70650176998993, 40.33357250541008], [115.70661946607848, 40.33357382166513], [115.7066229058619, 40.33339368202832], [115.7067406016454, 40.33339499815533], [115.70674232136906, 40.33330492833056], [115.70686001700393, 40.333306244333684], [115.70686173656345, 40.33321617450327], [115.70697943204966, 40.3332174903825], [115.70698287083265, 40.33303735070896], [115.70710056601379, 40.333038666460155], [115.70710228523726, 40.332948596617015], [115.70721998026977, 40.33294991224433], [115.70722169932907, 40.33285984239556], [115.70733939421295, 40.33286115789899], [115.70734283199552, 40.33268101818872], [115.70746052657435, 40.332682333564115], [115.7074622452976, 40.332592263702615], [115.70781532861145, 40.33259620909803], [115.70781704685776, 40.33250613922256], [115.70828782409248, 40.33251139805716], [115.70828954170547, 40.332421328163576], [115.70876031843855, 40.332426585066145], [115.70876203541822, 40.332336515154445], [115.70899742351844, 40.332339142879135], [115.7089991401776, 40.33224907295768], [115.70911683408293, 40.33225038663629], [115.70911855057794, 40.332160316709206], [115.70923624433462, 40.33216163026395], [115.70924139330398, 40.33189142046138], [115.70935908659924, 40.331892733883954], [115.70936251889401, 40.33171259399994], [115.7095979048822, 40.3317152204693], [115.70959962070519, 40.33162515051677], [115.7097173135545, 40.331626463567744], [115.70971902921336, 40.33153639360959], [115.70983672191403, 40.33153770653669], [115.70983843740876, 40.3314476365729], [115.71007382252051, 40.331450262059676], [115.71007553769475, 40.33136019208612], [115.71019323010586, 40.33136150464579], [115.71019494511596, 40.33127143466662], [115.71043032964859, 40.33127405941851], [115.71043375902008, 40.33109391943914], [115.71055145098522, 40.331095231627216], [115.71055488001299, 40.33091509163366], [115.71067257167309, 40.33091640369374], [115.71067428601901, 40.33082633369061], [115.71079197753048, 40.33082764562682], [115.71079540588633, 40.33064750560786], [115.71091309709274, 40.330648817416055], [115.7109148111027, 40.33055874740022], [115.71115019322599, 40.3305613706492], [115.71115190691545, 40.330471300623586], [115.7113872887569, 40.33047392338544], [115.71138900212588, 40.33038385335006], [115.71162438368549, 40.33038647562479], [115.71162267062927, 40.33047654566848], [115.71174036157704, 40.33047785663044], [115.7117369357542, 40.33065799672168], [115.71185462702248, 40.33065930757224], [115.71184435030679, 40.331199727835674], [115.71196204252107, 40.33120103859141], [115.71196032986448, 40.331291108634325], [115.71231340702282, 40.33129504019576], [115.71231169482768, 40.331385110249656], [115.7127824651058, 40.33139035067225], [115.71278075352845, 40.33148042074127], [115.71289844627367, 40.33148173055179], [115.712896734845, 40.331571800623486], [115.71313212067139, 40.3315744198937], [115.71313040954777, 40.33166448997222], [115.71324810262891, 40.331665799431896], [115.71324639165398, 40.33175586951309], [115.71336408489925, 40.33175717885721], [115.71336066323899, 40.3319373190235], [115.71347835680474, 40.3319386282562], [115.71347493542642, 40.33211876842489], [115.71359262931267, 40.33212007754617], [115.71358920821625, 40.33230021771729], [115.71370690242303, 40.33230152672714], [115.71369663988698, 40.33284194723016], [115.71357894474184, 40.33284063819544], [115.713575523522, 40.333020778343105], [115.71345782807174, 40.333019469180385], [115.71345611729384, 40.33310953924786], [115.71322072610376, 40.333106920555], [115.71321730389917, 40.33328706066897], [115.71309960800292, 40.33328575113466], [115.71309789673265, 40.333375821185314], [115.71298020068768, 40.33337451152716], [115.71297848925333, 40.33346458157218], [115.71286079305968, 40.33346327179017], [115.71285908146116, 40.33355334182957], [115.71274138511885, 40.3335520319237], [115.71273967335623, 40.3336421019575], [115.7126219768652, 40.33364079192774], [115.71262026493845, 40.33373086195593], [115.71250256829876, 40.33372955180232], [115.71250085620788, 40.333819621824894], [115.71238315941952, 40.33381831154742], [115.71237973490176, 40.33399845157986], [115.71226203780829, 40.33399714117437], [115.71226032538141, 40.33408721118425], [115.71214262813928, 40.334085900654884], [115.71213920294956, 40.33426604066194], [115.7120215054023, 40.33426473000457], [115.71201979263947, 40.33435480000174], [115.71190209494354, 40.3343534892205], [115.71189524318919, 40.33471376917794], [115.71201294151076, 40.33471507997579], [115.71200951590008, 40.334895219954], [115.71212721454219, 40.33489653064041], [115.71212550188166, 40.334986600631474], [115.71224320068792, 40.334987911202326], [115.71224148817609, 40.33507798119605], [115.71235918714648, 40.335079291651326], [115.71235747478335, 40.33516936164774], [115.7124751739179, 40.33517067198743], [115.71247174948125, 40.33535081198417], [115.71258944893634, 40.33535212221243], [115.71258773686287, 40.33544219221274], [115.71270543648211, 40.33544350232542], [115.71270201262485, 40.33562364232994], [115.71281971256464, 40.33562495233119], [115.71281628898932, 40.33580509233813], [115.71293398924965, 40.33580640222795], [115.71293227760685, 40.335896472233365], [115.71316767846356, 40.33589909166212], [115.71316596712586, 40.335989161674355], [115.71328366772222, 40.33599047121329], [115.71328195653322, 40.3360805412282], [115.71351735806195, 40.336083159955166], [115.7135156471781, 40.33617322997692], [115.71375104905054, 40.336175848233246], [115.7137493384718, 40.33626591826181], [115.71386703957603, 40.336267227214535], [115.713865329146, 40.33635729724575], [115.71398303041437, 40.3363586060829], [115.71398132013306, 40.33644867611681], [115.71409902156556, 40.33644998483835], [115.71409731143297, 40.33654005487494], [115.71433271463395, 40.33654267196712], [115.71432929497134, 40.33672281205247], [115.71444699689627, 40.33672412042725], [115.71444528720981, 40.33681419047186], [115.71456298929887, 40.33681549873105], [115.71456127976113, 40.336905568778334], [115.71467898201435, 40.33690687692193], [115.71467727262534, 40.33699694697189], [115.71479497504268, 40.336998254999905], [115.71479155655439, 40.3371783951037], [115.7149092592923, 40.337179703020254], [115.71490584108604, 40.33735984312645], [115.71502354414456, 40.33736115093156], [115.71502183518626, 40.337451220986594], [115.71537494487734, 40.33745514369592], [115.71537323638066, 40.337545213761906], [115.71572634661038, 40.33754913540604], [115.71572463857532, 40.337639205482986], [115.71584234215707, 40.33764051246236], [115.7158389263767, 40.33782065262009], [115.71595663027904, 40.33782195948801], [115.71595321478073, 40.33800209964817], [115.71607091900363, 40.33800340640461], [115.71606750378739, 40.33818354656718], [115.7161852083309, 40.33818485321218], [115.71618350086767, 40.33827492329538], [115.71630120557529, 40.33827622982477], [115.7162977909386, 40.33845636999506], [115.71641549596684, 40.33845767641298], [115.71641378879337, 40.33854774650007], [115.71664919918581, 40.338550358984946], [115.71664749231755, 40.33864042907883], [115.71688290305369, 40.338643041093036], [115.7168811964906, 40.338733111193726], [115.71699890202665, 40.33873441702534], [115.71699719561232, 40.338824487128704], [115.71711490131253, 40.33882579284471], [115.71711148877368, 40.33900593305529], [115.71722919479446, 40.33900723865983], [115.71722578253771, 40.33918737887279], [115.7173434888791, 40.339188684365865], [115.71734007690448, 40.33936882458123], [115.71745778356646, 40.339370129962816], [115.71745266601617, 40.33964034028726], [115.71757037315518, 40.339641645561514], [115.71756696172943, 40.33982178577872], [115.71768466918904, 40.33982309094147], [115.71767955246207, 40.34009330126871], [115.71779726039875, 40.34009460632412], [115.71779384952188, 40.340274746543194], [115.71791155777916, 40.340276051487116], [115.71790814718445, 40.3404561917086], [115.71802585576233, 40.34045749654103], [115.7180241506099, 40.3405475666537], [115.71814185935193, 40.34054887137051], [115.71814015434828, 40.340638941485835], [115.71837557216834, 40.34064155056848], [115.71837386746991, 40.340731620690605], [115.7187269947271, 40.34073553342884], [115.71872529049037, 40.34082560356189], [115.71896070901317, 40.34082821146356], [115.71895900508167, 40.340918281603386], [115.71884129565994, 40.340916977708304], [115.71883959156429, 40.34100704784253], [115.7187218819938, 40.341005743823565], [115.71872017773399, 40.341095813952215], [115.71860246801472, 40.34109450980936], [115.71859905915912, 40.34127465005399], [115.7184813491346, 40.34127334578314], [115.7184779399353, 40.341453486013634], [115.71836022960555, 40.34145218161478], [115.71835682006255, 40.34163232183114], [115.71823910942756, 40.34163101730428], [115.71823740448806, 40.34172108740613], [115.71811969370427, 40.34171978275538], [115.71811798860062, 40.34180985285164], [115.71800027766805, 40.341808548077005], [115.71799857240025, 40.341898618167676], [115.7178808613189, 40.34189731326916], [115.7178791558869, 40.34198738335422], [115.71776144465682, 40.341986078331814], [115.71775973906065, 40.34207614841129], [115.71764202768179, 40.342074843265], [115.71764032192145, 40.34216491333888], [115.71752261039379, 40.34216360806871], [115.71752090446931, 40.342253678136984], [115.71728548112411, 40.34225106722911], [115.717283774879, 40.342341137287654], [115.71716606306146, 40.34233983164995], [115.71716435665218, 40.3424299017029], [115.71692893272727, 40.34242729005998], [115.71692722599732, 40.34251736010318], [115.71680951388994, 40.34251605409794], [115.71680780699583, 40.34260612413555], [115.71657238249122, 40.342603511757545], [115.71657067527644, 40.34269358178541], [115.71645296287922, 40.34269227541265], [115.71645125550029, 40.34278234543492], [115.71633354295427, 40.34278103893826], [115.71633183541115, 40.342871108954924], [115.71609641002928, 40.34286849559406], [115.71609470216552, 40.34295856560099], [115.71597698932965, 40.34295725873678], [115.71597528130168, 40.34304732873812], [115.71585756831706, 40.343046021750006], [115.7158558601249, 40.343136091745734], [115.71573814699151, 40.34313478463373], [115.71573643863516, 40.34322485462385], [115.71561872535301, 40.343223547387964], [115.71561530830427, 40.34340368735552], [115.71585073550223, 40.343406301724094], [115.7158524437175, 40.34331623173278], [115.71608787063333, 40.34331884561404], [115.71608957852794, 40.34322877561297], [115.71632500516164, 40.34323138900693], [115.71632671273557, 40.343141318996125], [115.71667985227444, 40.34314523817646], [115.71667473093785, 40.34341544824167], [115.71679244460232, 40.34341675440802], [115.71678903065241, 40.343596894452425], [115.71702445863038, 40.343599506442345], [115.71702275195682, 40.34368957647062], [115.71725818027855, 40.34369218798976], [115.71725647391027, 40.34378225802484], [115.71760961692004, 40.34378617441773], [115.71761132281887, 40.34369610437027], [115.71784675121756, 40.3436987146918], [115.7178484567957, 40.34360864463461], [115.71855474123748, 40.34361647270017], [115.71855303659824, 40.34370654278214], [115.71890617939239, 40.34371045521054], [115.7189078835622, 40.34362038511617], [115.71926102595609, 40.34362429645433], [115.71926272964875, 40.34353422634612], [115.71973358565558, 40.343539439770524], [115.71973528871462, 40.343449369644354], [115.72044157201644, 40.34345718616339], [115.7204432741289, 40.34336711601102], [115.720796415414, 40.34337102264139], [115.72079811704936, 40.34328095247518], [115.7212689715777, 40.343286159622586], [115.72127067257944, 40.34319608943842], [115.72150609957669, 40.34319869228532], [115.7215078002578, 40.34310862209146], [115.72162551361143, 40.34310992333115], [115.72162721412838, 40.34301985313169], [115.72174492733322, 40.34302115424751], [115.72174662768602, 40.34293108404248], [115.72186434074206, 40.342932385034416], [115.72186604093069, 40.3428423148238], [115.72198375383793, 40.34284361569186], [115.72198545386242, 40.34275354547565], [115.72210316662084, 40.34275484621985], [115.72210656633385, 40.3425747057748], [115.72222427878698, 40.342576006391], [115.72222597847554, 40.34248593616217], [115.72293225241643, 40.342493737319764], [115.72293395115844, 40.342403667064744], [115.72305166335227, 40.34240496683442], [115.7230499647667, 40.34249503709355], [115.72399166384493, 40.342505430972565], [115.72398996650355, 40.34259550126312], [115.72434310425365, 40.34259939700409], [115.72434140737404, 40.3426894673055], [115.72469454566246, 40.34269336198099], [115.72469624207265, 40.34260329166725], [115.72481395469427, 40.34260458964879], [115.72481565094034, 40.34251451932949], [115.7250510758936, 40.34251711492509], [115.72505277181905, 40.342427044596086], [115.72528819648998, 40.342429639704434], [115.72528989209482, 40.34233956936577], [115.72540760428527, 40.34234086673621], [115.725409299726, 40.34225079639196], [115.72552701176762, 40.34225209363853], [115.72553040231315, 40.34207195293743], [115.72564811404949, 40.34207325005603], [115.7256498091543, 40.341983179699184], [115.72576752074181, 40.34198447669392], [115.72576921568253, 40.3418944063315], [115.7258869271212, 40.34189570320238], [115.72588862189781, 40.34180563283438], [115.72600633318764, 40.341806929581395], [115.7260080278001, 40.34171685920783], [115.72612573894114, 40.341718155830996], [115.72612912783019, 40.34153801507126], [115.72624683866593, 40.34153931156646], [115.72624853294255, 40.34144924118029], [115.72636624362943, 40.34145053755164], [115.72636793774193, 40.34136046715988], [115.72660335882571, 40.34136305953512], [115.72660505261761, 40.3412729891337], [115.72684047341903, 40.341275581021726], [115.72684216689035, 40.34118551061064], [115.72707758740938, 40.34118810201146], [115.72707928056015, 40.34109803159069], [115.72755012106398, 40.34110321293889], [115.72755181358124, 40.341013142500266], [115.72778723356605, 40.34101573244766], [115.72778892576274, 40.34092566199938], [115.72790663561013, 40.340926956789346], [115.72790832764272, 40.340836886335495], [115.72802603734127, 40.340838181001615], [115.72802772920978, 40.3407481105422], [115.7281454387595, 40.34074940508448], [115.72814713046388, 40.3406593346195], [115.72826483986478, 40.34066062903792], [115.72826653140511, 40.34057055856739], [115.72838424065715, 40.34057185286198], [115.72838593203336, 40.34048178238586], [115.72850364113658, 40.3404830765566], [115.72850533234872, 40.340393006074926], [115.7286230413031, 40.34039430012182], [115.72862642339156, 40.3402141591459], [115.72874413204065, 40.34021545306484], [115.72874582291698, 40.340125382570605], [115.72862811442434, 40.34012408865575], [115.72863318747694, 40.33985387717647], [115.72851547946132, 40.33985258315417], [115.72851717062005, 40.33976251266223], [115.7283994627685, 40.33976121852428], [115.72840115407605, 40.33967114803498], [115.72828344638859, 40.339669853781366], [115.728285137845, 40.33957978329471], [115.72816743032162, 40.339578488925454], [115.7281708135244, 40.33939834795591], [115.72805310632158, 40.3393970534751], [115.72805648980675, 40.33921691250791], [115.72793878292444, 40.339215617915556], [115.72794216669199, 40.33903547695067], [115.72782446013024, 40.33903418224677], [115.72782784418017, 40.338854041284236], [115.72771013793893, 40.33885274646879], [115.72771352227122, 40.338672605508584], [115.72759581635052, 40.33867131058159], [115.72759920096517, 40.3384911696237], [115.727481495365, 40.33848987458517], [115.72749334237095, 40.337859381215154], [115.72761104687604, 40.337860676225], [115.72761443135327, 40.33768053524074], [115.7277321355531, 40.337681830122655], [115.72773382762384, 40.337591759624225], [115.72808693979978, 40.33759564353924], [115.72808524819837, 40.33768571404996], [115.72820295242872, 40.33768700845292], [115.7282012609761, 40.33777707896628], [115.72831896537052, 40.3377783732536], [115.72831727406673, 40.33786844376958], [115.72855268319134, 40.33787103199321], [115.72855099219278, 40.3379611025159], [115.72878640166078, 40.337963690268765], [115.7287847109675, 40.3380537607982], [115.7289024158694, 40.33805505449912], [115.72890072532492, 40.33814512503119], [115.72913613546444, 40.338147712082], [115.72913444522523, 40.33823778262079], [115.72936985570816, 40.33824036920082], [115.72936816577422, 40.33833043974633], [115.72960357660051, 40.3383330258556], [115.72960188697185, 40.33842309640782], [115.72995500373777, 40.338426974685945], [115.7299566928971, 40.33833690412145], [115.73019210379961, 40.33833948903331], [115.73019041495317, 40.33842955960599], [115.73054353183339, 40.338433436088], [115.73054015505632, 40.338613577253525], [115.7306578610112, 40.3386148691829], [115.73065617276768, 40.338704939767545], [115.73077387888662, 40.33870623158126], [115.73077219079194, 40.33879630216853], [115.73088989707495, 40.3387975938666], [115.73088652117566, 40.33897773504493], [115.73100422777917, 40.33897902663142], [115.73100253997454, 40.33906909722246], [115.73112024674212, 40.3390703886933], [115.73111518375195, 40.33934060046993], [115.73123289099648, 40.3393418918333], [115.73122782840719, 40.33961210360899], [115.7313455361287, 40.33961339486487], [115.73133034935785, 40.34042403014959], [115.7312126402282, 40.34042273885693], [115.73120926499357, 40.34060288000703], [115.73109155555859, 40.340601588586445], [115.7310881799806, 40.34078172972249], [115.73097047024032, 40.34078043817397], [115.73096709431893, 40.34096057929599], [115.73084938427334, 40.34095928761954], [115.73084600800856, 40.3411394287275], [115.73072829765766, 40.34113813692314], [115.73072492104947, 40.34131827801706], [115.73060721039325, 40.34131698608476], [115.73060383344168, 40.34149712716466], [115.7304861224801, 40.341495835104425], [115.73048443383642, 40.341585905638084], [115.73036672272602, 40.34158461345401], [115.73036334510287, 40.34176475450873], [115.73024563368713, 40.341763462196724], [115.73024394470764, 40.3418535327178], [115.73012623314304, 40.341852240281945], [115.73012454399948, 40.34194231079747], [115.73000683228602, 40.34194101823776], [115.73000514297837, 40.34203108874773], [115.72988743111605, 40.34202979606418], [115.72988574164431, 40.342119866568574], [115.72976802963315, 40.34211857376119], [115.7297663399973, 40.34220864426002], [115.72964862783728, 40.342207351328774], [115.72964693803733, 40.342297421822074], [115.72952922572847, 40.34229612876698], [115.72952753576442, 40.34238619925471], [115.72940982330671, 40.34238490607577], [115.72940813317855, 40.34247497655793], [115.72929042057199, 40.342473683255136], [115.72928873027975, 40.34256375373175], [115.72917101752431, 40.34256246030511], [115.72916932706796, 40.34265253077616], [115.72905161416368, 40.34265123722566], [115.72904823291513, 40.34283137815518], [115.7289305197055, 40.342830084476724], [115.72892882891333, 40.3429201549352], [115.72881111555485, 40.3429188611329], [115.72880942459855, 40.3430089315858], [115.72869171109123, 40.34300763765963], [115.72869001997081, 40.34309770810698], [115.72857230631465, 40.343096414056966], [115.72857061503011, 40.34318648449875], [115.7283351874277, 40.343183896031256], [115.7283334958226, 40.34327396646339], [115.72821578187633, 40.3432726720459], [115.72821409010712, 40.34336274247245], [115.728096376012, 40.3433614479311], [115.72808791626892, 40.34381180002145], [115.72820563114645, 40.34381309458327], [115.72820224750875, 40.34399323541734], [115.7283199627069, 40.34399452986761], [115.7283182710331, 40.344084600286536], [115.72890684792068, 40.344091070761884], [115.72890853881202, 40.344001000322486], [115.72926168456664, 40.344004881158234], [115.7292633749809, 40.343914810705066], [115.72938109009122, 40.34391610407337], [115.72938278034135, 40.34382603361466], [115.72950049530277, 40.34382732685909], [115.72950218538882, 40.34373725639482], [115.7296199002014, 40.3437385495154], [115.7296215901233, 40.34364847904555], [115.72973930478702, 40.34364977204228], [115.72974099454481, 40.34355970156689], [115.72997642358213, 40.34356228719287], [115.72997811301934, 40.34347221670783], [115.73033125616301, 40.343476094236316], [115.73032956719524, 40.34356616473363], [115.73056499630874, 40.343568749161996], [115.73056330764636, 40.343658819666025], [115.73103416659073, 40.34366398710197], [115.73103585462718, 40.343573916581576], [115.73150671306742, 40.34357908208496], [115.73150502565693, 40.3436691526217], [115.73197588484489, 40.343674316225226], [115.73197419805273, 40.34376438677685], [115.73220962800536, 40.34376696786821], [115.73220794151857, 40.343857038426535], [115.73232565666278, 40.34385832879665], [115.73232397032487, 40.34394839935759], [115.73244168563318, 40.343949689612025], [115.73243999944415, 40.34403976017559], [115.73255771491657, 40.344041050314345], [115.73255602887642, 40.34413112088052], [115.73279146015702, 40.34413370080691], [115.73278977442226, 40.34422377137978], [115.73432008052178, 40.34424052927724], [115.73432176422214, 40.34415045865132], [115.73443947997265, 40.34415174687792], [115.73444116350892, 40.344061676246454], [115.73467659471973, 40.3440642523322], [115.73467827793542, 40.34397418169112], [115.73491370886362, 40.34397675728965], [115.73491707464628, 40.34379661598679], [115.73503478980878, 40.34379790359826], [115.73503647253226, 40.343707832940545], [115.73515418754586, 40.34370912042817], [115.73515587010525, 40.34361904976493], [115.73539129984223, 40.34362162437276], [115.73539298208104, 40.34353155369989], [115.73551069680443, 40.343532840820075], [115.73551237887916, 40.34344277014167], [115.73574780803575, 40.343445344014626], [115.73574948978994, 40.34335527332661], [115.7364557765028, 40.34336299204673], [115.73645409568752, 40.34345306275916], [115.73704266893918, 40.34345949175282], [115.73704098889877, 40.34354956248415], [115.73715870372834, 40.34355084792765], [115.73715702383684, 40.34364091866158], [115.73727473883048, 40.3436422039894], [115.73727641856547, 40.3435521332514], [115.73739413341018, 40.34355341845538], [115.73739245383166, 40.34364348919745], [115.73751016884043, 40.343644774285735], [115.73751184826247, 40.34355470353961], [115.73774727798977, 40.34355727334876], [115.73774895709124, 40.34346720259301], [115.73786667180977, 40.343468487313885], [115.73786835074719, 40.34337841655262], [115.73775063618514, 40.34337713183582], [115.73775399435021, 40.34319699031701], [115.73763628010875, 40.34319570548858], [115.73765307204451, 40.342294997847354], [115.73777078472119, 40.342296282635125], [115.73777917962263, 40.34184592873924], [115.73754375584166, 40.34184335908463], [115.73754543511215, 40.3417532883092], [115.7373100116744, 40.341750718183704], [115.73731169125031, 40.341660647414926], [115.73719397969926, 40.341659362176614], [115.73719565942405, 40.34156929141046], [115.73696023665764, 40.341566720582705], [115.73696191668782, 40.3414766498232], [115.73684420547245, 40.341475364233766], [115.73685092614316, 40.341115081197415], [115.73838116439731, 40.34113178430782], [115.73838284251195, 40.341041713492196], [115.73861826358247, 40.341044281397075], [115.7386199413766, 40.34095421057185], [115.73885536216444, 40.34095677798959], [115.73886374945694, 40.34050642380091], [115.73898145907988, 40.340507707309825], [115.7389898454009, 40.340057353064225], [115.73910755424909, 40.340058636433085], [115.73911593959863, 40.33960828213054], [115.73923364767212, 40.339609565359346], [115.73923700144607, 40.33942942361996], [115.73935470921417, 40.33943070672089], [115.73935638593336, 40.339340635844934], [115.73959180117937, 40.33934320167945], [115.73959347757807, 40.3392531307939], [115.7399466000344, 40.33925697863539], [115.73994324816817, 40.339437120429366], [115.74006095598168, 40.33943840281182], [115.7400576043981, 40.33961854460806], [115.74041072882265, 40.3396223910613], [115.74041240414884, 40.33953232015174], [115.74064782015672, 40.339534883847044], [115.74064949516244, 40.33944481292791], [115.74088491088767, 40.33944737613611], [115.74088658557291, 40.33935730520739], [115.74100429329037, 40.33935858662782], [115.74100596781163, 40.33926851569359], [115.74124138295632, 40.33927107816709], [115.74124305715709, 40.339181007223274], [115.74136076458431, 40.339182288276355], [115.74136243862108, 40.33909221732702], [115.74183326777967, 40.33909734032567], [115.74182155374451, 40.33972783705377], [115.74170384534835, 40.33972655645536], [115.74170217172811, 40.3398166274066], [115.74158446318305, 40.339815346684375], [115.74158278939876, 40.3399054176301], [115.74146508070478, 40.33990413678408], [115.74146340675652, 40.33999420772428], [115.74134569791362, 40.33999292675446], [115.74134402380133, 40.34008299768915], [115.74122631480954, 40.34008171659551], [115.74121626903846, 40.34062214214857], [115.74109855911543, 40.340620860910846], [115.74109521015173, 40.34080100274204], [115.7409774999233, 40.34079972137646], [115.74097415061645, 40.34097986319368], [115.74085644008264, 40.34097858170023], [115.74085476526142, 40.341068652602594], [115.74073705457872, 40.341067370985336], [115.74073370460064, 40.341247512777535], [115.74061599361255, 40.34124623103242], [115.74061264329133, 40.341426372810645], [115.74049493199783, 40.341425090937655], [115.7404832045402, 40.34205558708691], [115.74060091692901, 40.34205686898831], [115.74058416434053, 40.34295757768901], [115.7407018783017, 40.342958859511214], [115.74069852800632, 40.34313900124189], [115.740816242288, 40.343140282952454], [115.74081289227533, 40.34332042468539], [115.74093060687758, 40.34332170628429], [115.74092893201639, 40.343411777152625], [115.74104664678268, 40.343413058635825], [115.74104162262327, 40.34368327124418], [115.74115933786656, 40.34368455261978], [115.74115431410867, 40.343954765227124], [115.74127202982899, 40.34395604649514], [115.74126868093225, 40.34413618823415], [115.74138639697311, 40.34413746939051], [115.74138137404086, 40.344407682000224], [115.74149909055876, 40.34440896304896], [115.74149574221249, 40.34458910478955], [115.74173117589692, 40.34459166654396], [115.74172950202546, 40.344681737420174], [115.74184721903549, 40.344683018121785], [115.74184554531298, 40.34477308900058], [115.7421986968579, 40.34477693039895], [115.74220037011092, 40.34468685950799], [115.74243580419896, 40.3446894198333], [115.74243747713143, 40.344599348932775], [115.74255519403027, 40.34460062891173], [115.74255686679871, 40.34451055800569], [115.74267458354859, 40.34451183786081], [115.74267625615299, 40.34442176694926], [115.74291168936239, 40.344424326292106], [115.74291336164626, 40.34433425537098], [115.74314879457285, 40.34433681422666], [115.74315046653616, 40.34424674329597], [115.74468077925967, 40.34426336412794], [115.74468244918103, 40.344173293143186], [115.74491788170775, 40.34417584838965], [115.74491955130858, 40.34408577739535], [115.74515498355244, 40.34408833215468], [115.74515665283275, 40.34399826115082], [115.7452743688095, 40.343999538346786], [115.74527603792578, 40.34390946733742], [115.74551146958886, 40.34391202136197], [115.74551480717287, 40.343731879322675], [115.74563252270272, 40.343733156147216], [115.74563085407097, 40.34382322717164], [115.74598400117513, 40.343827056938814], [115.7459856693374, 40.34373698590226], [115.74610338489735, 40.343738262247754], [115.74610505289562, 40.3436481912057], [115.7462227683066, 40.34364946742738], [115.74622443614085, 40.34355939637983], [115.74634215140287, 40.3435606724777], [115.74634381907308, 40.343470601424656], [115.7466969644348, 40.34347442898758], [115.74669529723404, 40.34356450005276], [115.74693072782574, 40.343567051170616], [115.74692906093044, 40.343657122242405], [115.74728220734389, 40.343660948033076], [115.74728054091055, 40.3437510191155], [115.74775140352635, 40.34375611850918], [115.74774973771144, 40.343846189606275], [115.74786745354068, 40.34384746415931], [115.74786578787477, 40.343937535258995], [115.74810121986874, 40.34394008401384], [115.74809955450833, 40.344030155120116], [115.74821727067307, 40.34403142932192], [115.7482156054616, 40.34412150043075], [115.74833332179038, 40.34412277451683], [115.7483316567279, 40.34421284562825], [115.74844937322067, 40.34421411959859], [115.74844437845766, 40.34448433293614], [115.74856209542745, 40.3444856067988], [115.7485587658609, 40.34466574902458], [115.74867648315117, 40.34466702277554], [115.7486731538676, 40.34484716500353], [115.74879087147836, 40.344848438642785], [115.74878754247776, 40.34502858087298], [115.74890526040906, 40.34502985440052], [115.74890359605398, 40.34511992551746], [115.7491390322521, 40.34512247222129], [115.74913736820254, 40.34521254334482], [115.74984367791606, 40.345220180605985], [115.74984534102663, 40.345130109458296], [115.75019849551518, 40.34513392645987], [115.75020015814871, 40.34504385529862], [115.7504355941989, 40.345046399359425], [115.75043725651192, 40.34495632818868], [115.75067269227911, 40.344958871762344], [115.75067103027907, 40.34504894294116], [115.75137733869953, 40.34505657081181], [115.75137899976055, 40.34496649960886], [115.75173215360245, 40.34497031191522], [115.75173381418647, 40.344880240698714], [115.7519692498055, 40.34488278162938], [115.751970910069, 40.34479271040339], [115.75244178077097, 40.344797790811384], [115.75244510002351, 40.34461764832285], [115.75268053479341, 40.34462018779215], [115.75268219409546, 40.34453011653764], [115.75338849764576, 40.344537732046966], [115.75339015600132, 40.34444766076689], [115.75362559026493, 40.344450198303804], [115.75362724830005, 40.34436012701424], [115.75374496528656, 40.34436139559902], [115.75374662315768, 40.34427132430398], [115.75409977369264, 40.344275129327684], [115.7541014310868, 40.34418505801913], [115.75433686450114, 40.34418759409473], [115.75433852157481, 40.344097522776686], [115.75445623813671, 40.34409879063083], [115.75445955194866, 40.3439186479823], [115.75457726820504, 40.34391991570864], [115.7545789249433, 40.34382984437819], [115.75469664105064, 40.343831111980755], [115.75469829762494, 40.343741040644815], [115.75493372954908, 40.34374357548261], [115.75493538580291, 40.34365350413719], [115.75517081744397, 40.34365603848791], [115.75517247337734, 40.343565967132996], [115.75529018905257, 40.34356723412469], [115.755291844822, 40.3434771627643], [115.7554095603482, 40.34347842963221], [115.75541452714216, 40.34320821553027], [115.75553224220636, 40.34320948226639], [115.75553555305203, 40.34302933951641], [115.7556532678107, 40.34303060612474], [115.75566485443986, 40.34240010642566], [115.75554714077657, 40.34239883984538], [115.75556038344233, 40.34167826870496], [115.75567809585377, 40.34167953525317], [115.75568140613258, 40.34149939244543], [115.75591683035198, 40.34150192516653], [115.75591517552924, 40.34159199657916], [115.75603288780664, 40.34159326276408], [115.7560312331329, 40.34168333417925], [115.75614894557424, 40.34168460024843], [115.75614729104954, 40.34177467166615], [115.75626500365478, 40.34177593761957], [115.75626334927911, 40.341866009039826], [115.7563810620483, 40.34186727487751], [115.75637940782164, 40.341957346300305], [115.75649712075479, 40.341958612022225], [115.75649546667715, 40.342048683447565], [115.7566131797742, 40.342049949053745], [115.75661483369538, 40.34195987762438], [115.75708568553236, 40.341964938835446], [115.75708733882014, 40.34187486738861], [115.75744047730676, 40.34187866202742], [115.75744213011765, 40.34178859056711], [115.7576775554997, 40.34179111971952], [115.75767920799017, 40.34170104824974], [115.7579146330891, 40.341703576915094], [115.75791628525914, 40.34161350543585], [115.75815171007493, 40.34161603361419], [115.75815336192458, 40.34152596212547], [115.75827107418716, 40.341527226031005], [115.7582727258729, 40.34143715453683], [115.75862586223592, 40.34144094552286], [115.75862751344476, 40.341350874015234], [115.76015776975808, 40.34136728911465], [115.7601594189253, 40.34127721755359], [115.7606302666488, 40.341282264265686], [115.76063191518266, 40.34119219268719], [115.76133818605214, 40.34119975913869], [115.76133983363972, 40.34110968753478], [115.76192839211964, 40.34111598959776], [115.76193003891741, 40.34102591797244], [115.76204775047921, 40.34102717802178], [115.7620493971131, 40.34093710639102], [115.76228481994603, 40.34093962612245], [115.76228646625952, 40.34084955448225], [115.76240417753064, 40.34085081416433], [115.76240582368025, 40.34076074251866], [115.76252353480233, 40.34076200207702], [115.76252682676632, 40.34058185877334], [115.76276224840687, 40.340584377514844], [115.76276389406479, 40.340494305852836], [115.76288160473975, 40.340495565039966], [115.76288325023376, 40.34040549337251], [115.76311867129297, 40.34040801137955], [115.76312031646664, 40.340317939702636], [115.76323802685091, 40.34031919852254], [115.76323967186069, 40.340229126840214], [115.76371051284606, 40.34023416090635], [115.76371215722254, 40.34014408920661], [115.76571323007397, 40.340165462544086], [115.76571158835743, 40.34025553431147], [115.76606471955232, 40.34025930249626], [115.7660630782978, 40.3403493742741], [115.76618078886736, 40.34035063010017], [115.7661791477619, 40.34044070188054], [115.7667677015031, 40.34044697923439], [115.76676606117262, 40.340537051033174], [115.76700148303384, 40.34053956114439], [115.76699984300889, 40.340629632949636], [115.76711755410707, 40.340630887829576], [115.7671159142312, 40.340720959637345], [115.76735133676269, 40.340723469045905], [115.76734969719237, 40.34081354086016], [115.76758512006639, 40.34081604979765], [115.76757856296292, 40.341176337071765], [115.76746085089631, 40.34117508264701], [115.7674592114455, 40.34126515445792], [115.76734149922979, 40.34126389990945], [115.7673349407266, 40.34162418712256], [115.76745265356821, 40.341625441686915], [115.7674510140804, 40.34171551349051], [115.7675687270859, 40.341716767939076], [115.76756708774718, 40.341806839745175], [115.76768480091651, 40.34180809407797], [115.76768316172688, 40.34189816588658], [115.76791858840078, 40.34190067420081], [115.76791694951669, 40.34199074601588], [115.76803466302121, 40.341991999997326], [115.7680297467941, 40.34226221544572], [115.76814746077545, 40.3422634693193], [115.7681458221748, 40.34235354113649], [115.76826353632002, 40.34235479489428], [115.76826189786847, 40.34244486671396], [115.76849732649406, 40.34244737387819], [115.76849568834807, 40.34253744570434], [115.76873111731621, 40.34253995239745], [115.76872947947581, 40.342630024230075], [115.7690826234529, 40.34263378338342], [115.76907934868886, 40.34281392706809], [115.76896163370948, 40.342812674128815], [115.76895835860292, 40.34299281779969], [115.76884064331794, 40.34299156473271], [115.76883900559707, 40.343081636562], [115.768721290163, 40.34308038337129], [115.76871801438615, 40.34326052701752], [115.76860029864646, 40.34325927369911], [115.76859866059047, 40.34334934551608], [115.76871637648665, 40.343350598838455], [115.76871473857976, 40.34344067065792], [115.76883245463982, 40.343441923864496], [115.76883081688204, 40.34353199568647], [115.76918396557602, 40.34353575459951], [115.76918232828034, 40.34362582643191], [115.76941776109292, 40.34362833178302], [115.76941612410286, 40.3437184036219], [115.76965155725796, 40.343720908501865], [115.7696466471824, 40.3439911240335], [115.76929349605231, 40.34398736649822], [115.76929185887622, 40.34407743832727], [115.76917414169111, 40.34407618557201], [115.76917250435112, 40.344166257395635], [115.7689370696901, 40.344163751517875], [115.76893543202969, 40.3442538233321], [115.76881771455378, 40.34425257020959], [115.76881116321233, 40.34461285743606], [115.76892888131425, 40.34461411057444], [115.76892724361693, 40.34470418238137], [115.76904496188277, 40.34470543540394], [115.76904332433455, 40.34479550721337], [115.7692787612014, 40.34479801290712], [115.76927712395883, 40.34488808472302], [115.76939484255982, 40.3448893373942], [115.76939320546634, 40.344979409212606], [115.76986408057024, 40.344984418715455], [115.76986244409542, 40.34507449054824], [115.77033331994343, 40.34507949815056], [115.77033168408727, 40.34516956999776], [115.77044940322423, 40.34517082160284], [115.7704477675172, 40.34526089345253], [115.77056548681806, 40.34526214494183], [115.77056385126015, 40.345352216794005], [115.77068157072489, 40.34535346816748], [115.77067829989996, 40.34553361187539], [115.77079601968511, 40.34553486313701], [115.77079438441808, 40.345624934992735], [115.7709121043671, 40.34562618613854], [115.77090883412396, 40.34580632985351], [115.77102655439339, 40.34580758088745], [115.77102491941727, 40.345897652746714], [115.7711426398506, 40.345898903664846], [115.77113937018926, 40.34607904738688], [115.77125709094298, 40.34608029819315], [115.77125545625778, 40.34617037005594], [115.77137317717538, 40.3461716207464], [115.77136827354505, 40.346441836337846], [115.77148599493958, 40.3464430869204], [115.77148436053793, 40.34653315878525], [115.77160208209635, 40.34653440925198], [115.77160044784382, 40.34662448111931], [115.77171816956616, 40.346625731470226], [115.77171653546279, 40.34671580334007], [115.77195197924259, 40.34671830369044], [115.77195034544488, 40.34680837556674], [115.77206806750237, 40.346809625566216], [115.77206480019788, 40.34698976932233], [115.77218252257578, 40.34699101920993], [115.77218088906902, 40.34708109108976], [115.7722986116108, 40.34708234086154], [115.77229534488822, 40.34726248462471], [115.77241306775042, 40.34726373428461], [115.7724114345346, 40.347353806167966], [115.77252915756068, 40.347355055712036], [115.77252589142, 40.34753519948226], [115.77264361476651, 40.347536448914454], [115.77264198184164, 40.34762652080133], [115.77287742886983, 40.347629019314276], [115.77287579625066, 40.347719091207594], [115.773699862177, 40.34772783225735], [115.77369823064616, 40.34781790417687], [115.77428685016845, 40.34782414421001], [115.7742852194129, 40.347914216147835], [115.775580184731, 40.34792793372295], [115.77557855568995, 40.34801800570271], [115.77581400433822, 40.34802049825793], [115.77581237560288, 40.34811057024413], [115.77593010009456, 40.348111816346], [115.77592847150844, 40.348201888334685], [115.7761639208269, 40.34820438018696], [115.77616229254649, 40.34829445218206], [115.77651546704892, 40.34829818907389], [115.77651383923076, 40.34838826107935], [115.77686701426886, 40.3483919969049], [115.77686538691297, 40.34848206892075], [115.77721856248677, 40.34848580368001], [115.77721693559312, 40.3485758757062], [115.77768783708707, 40.34858085372393], [115.77768621081226, 40.34867092576441], [115.77827483862745, 40.348677145610985], [115.77827321312796, 40.348767217669696], [115.77850866461846, 40.34876970477766], [115.77850703942472, 40.34885977684279], [115.77909566906195, 40.348865992536034], [115.7790940446436, 40.348956064619365], [115.77944722298348, 40.34895979260961], [115.77944559902741, 40.34904986470329], [115.77968105160369, 40.34905234943902], [115.77967942795341, 40.349142421539106], [115.77991488087208, 40.349144905803534], [115.77991325752754, 40.34923497791001], [115.78026643743011, 40.34923870342], [115.78026481454786, 40.34932877553681], [115.78085344864793, 40.3493349823439], [115.78085182654111, 40.34942505447891], [115.78155818864194, 40.34943249871778], [115.78155656746705, 40.34952257087488], [115.78214520353492, 40.34952877113256], [115.78214358313544, 40.34961884330782], [115.78237903792686, 40.34962132258018], [115.78237741783316, 40.34971139476183], [115.78261287296692, 40.349713873562855], [115.78261125317901, 40.34980394575088], [115.78272898091339, 40.34980518497562], [115.78272736127472, 40.34989525716612], [115.78284508917297, 40.34989649627499], [115.78284346968354, 40.34998656846794], [115.78296119774565, 40.34998780746093], [115.78295957840547, 40.35007787965634], [115.7830773066314, 40.35007911853346], [115.78307568744047, 40.35016919073133], [115.78319341583028, 40.35017042949257], [115.78319017773961, 40.35035057389178], [115.7833079064498, 40.350351812541064], [115.78330628755008, 40.350441884742395], [115.78365947419418, 40.35044559998321], [115.78365785575679, 40.350535672194844], [115.78424650109238, 40.35054186188649], [115.78424488343047, 40.35063193411625], [115.78459807118907, 40.350635646505395], [115.78459645398954, 40.350725718745444], [115.78483191284487, 40.35072819308037], [115.78483029595114, 40.35081826532679], [115.78494802554629, 40.35081950231848], [115.78494640880182, 40.35090957456735], [115.78506413856084, 40.35091081144315], [115.78506252196563, 40.351000883694475], [115.78518025188848, 40.35100212045438], [115.78517863544255, 40.35109219270816], [115.78529636552926, 40.35109342935218], [115.7852915166174, 40.35136364611651], [115.78517378606101, 40.35136240946074], [115.78516732011684, 40.351722698443744], [115.78528505129948, 40.35172393511517], [115.78528020223452, 40.35199415184881], [115.78516247058218, 40.35199291516565], [115.78516408710102, 40.35190284292648], [115.78504635561255, 40.35190160612742], [115.78504312225444, 40.35208175059647], [115.78516085405603, 40.352082987403364], [115.78515923752259, 40.35217305963961], [115.78480604166997, 40.352169348847795], [115.7848028076418, 40.35234949329244], [115.78492053989851, 40.35235073035067], [115.78492215675969, 40.35226065812518], [115.78515762098186, 40.3522631318744], [115.78515600443383, 40.35235320410774], [115.78527373671243, 40.35235444080655], [115.78526888749431, 40.352624657509516], [115.78538662024991, 40.35262589410028], [115.78538338771452, 40.35280603856944], [115.78550112079054, 40.35280727504822], [115.78549788853913, 40.352987419519366], [115.7856156219356, 40.35298865588616], [115.78561400595551, 40.35307872812345], [115.78573173951585, 40.353079964374345], [115.78572850784698, 40.35326010885239], [115.78584624172777, 40.353261344991296], [115.78584139463953, 40.35353156170914], [115.78595912899732, 40.35353279773997], [115.78595589788186, 40.353712942219055], [115.7860736325601, 40.3537141781379], [115.78607040172867, 40.353894322618956], [115.78618813672735, 40.35389555842581], [115.7861865214573, 40.35398563066807], [115.78630425661984, 40.35398686635902], [115.786301026371, 40.35416701084696], [115.786418761854, 40.354168246425914], [115.78641714687525, 40.354258318671604], [115.78665261817626, 40.354260789477905], [115.78665100350338, 40.35435086172996], [115.78771062612773, 40.3543619744626], [115.78770901285684, 40.35445204674836], [115.78806222099908, 40.3544557488476], [115.78806060819063, 40.35454582114362], [115.7881783444092, 40.35454705494097], [115.78817511908372, 40.35472719953644], [115.78805738255198, 40.35472596573128], [115.78805576972174, 40.3548160380229], [115.78829124310563, 40.35481850552122], [115.7882896305813, 40.35490857781922], [115.78840736744074, 40.35490981139256], [115.78840575506572, 40.35499988369298], [115.78864122911962, 40.355002350488], [115.78863961705049, 40.35509242279479], [115.78887509144666, 40.35509488911835], [115.78888153842679, 40.354734599851255], [115.78899927500945, 40.3547358328177], [115.7889976634319, 40.35482590514056], [115.78911540017839, 40.35482713799109], [115.78911217731468, 40.35500728264024], [115.78922991438161, 40.355008515378756], [115.78922830309544, 40.35509858770504], [115.78934604032624, 40.35509982032764], [115.7893444291894, 40.35518989265638], [115.78946216658406, 40.355191125163046], [115.78946055559655, 40.35528119749421], [115.78957829315505, 40.355282429884966], [115.78957507147139, 40.35546257455073], [115.78969280935036, 40.35546380682946], [115.78968797724013, 40.355734023828845], [115.78980571559617, 40.355735255999456], [115.7897976627168, 40.356185617655385], [115.78991540186308, 40.35618684972568], [115.78991057051805, 40.35645706671341], [115.79002831014141, 40.35645829867557], [115.79002508952162, 40.35663844333456], [115.79026056941652, 40.35664090691501], [115.79025895940893, 40.3567309792501], [115.79037669952388, 40.356732210864486], [115.79037508966562, 40.35682228320202], [115.79108153144743, 40.35682967039536], [115.79108314036606, 40.356739598034444], [115.79167184126747, 40.356745750714175], [115.79167344939582, 40.35665567833233], [115.79202666955393, 40.35665936849058], [115.79202827720519, 40.356569296095586], [115.79273471677759, 40.35657667315343], [115.792736323482, 40.356486600733625], [115.7928540632795, 40.35648782981998], [115.79285245673171, 40.35657790224368], [115.79297019669305, 40.3565791312141], [115.79297180308424, 40.35648905878653], [115.79332502254198, 40.35649274496716], [115.79332341662058, 40.35658281740641], [115.79344115661094, 40.35658404589753], [115.79344276237572, 40.3564939734544], [115.79356050221669, 40.356495201821794], [115.79355889660852, 40.356585274268824], [115.79367663661334, 40.356586502520294], [115.7936782420649, 40.35649643006939], [115.7939137217831, 40.356498886205074], [115.7939121166447, 40.35658895866374], [115.79473629698259, 40.35659755139131], [115.79473790102476, 40.35650747890544], [115.79485564094536, 40.35650870595476], [115.79485724482367, 40.35641863346353], [115.79497498459492, 40.35641986038914], [115.79497819201664, 40.356239715394544], [115.79509593148191, 40.35624094219258], [115.79509753502532, 40.35615086968921], [115.79545075299477, 40.356154549352674], [115.79545235606115, 40.3560644768362], [115.79557009524216, 40.356065703147166], [115.7955716981447, 40.35597563062534], [115.79592491526131, 40.355979308827614], [115.79592651768682, 40.355889236292704], [115.79616199548752, 40.35589168782068], [115.79616359759261, 40.35580161527655], [115.79651681387806, 40.35580529165822], [115.79651841550613, 40.35571521910097], [115.79746032466576, 40.355725017482165], [115.79746192503383, 40.355634944892465], [115.79757966355466, 40.35563616914703], [115.79758126375893, 40.35554609655199], [115.79805221728812, 40.35555099235655], [115.79805061771026, 40.35564106496709], [115.79816835626721, 40.35564228862255], [115.79816675683874, 40.355732361235496], [115.79828449555949, 40.355733584775], [115.79828129699409, 40.35591373000426], [115.79839903603525, 40.35591495343169], [115.79839743689834, 40.356005026048], [115.7985151761033, 40.35600624935949], [115.79851197812101, 40.35618639459549], [115.7986297176464, 40.35618761779487], [115.79862492108869, 40.35645783564953], [115.7987426610911, 40.356459058740725], [115.79873626620623, 40.35681934920864], [115.79885400684229, 40.35682057219549], [115.79885080966979, 40.357000717428434], [115.79896855062627, 40.35700194030319], [115.79896535373817, 40.357182085538035], [115.79920083629918, 40.357184530943535], [115.79919923815753, 40.35727460356651], [115.79943472106059, 40.35727704850043], [115.79943312322496, 40.35736712112968], [115.79990408974406, 40.35737200957504], [115.79990249252764, 40.35746208221831], [115.80025571796244, 40.35746574730571], [115.80025412120868, 40.35755581995911], [115.80048960518113, 40.3575582627593], [115.80048641227842, 40.35773840807718], [115.8002509276795, 40.35773596526154], [115.80024933090414, 40.35782603791058], [115.80013158845885, 40.35782481631913], [115.80012999151965, 40.35791488896283], [115.7998945063375, 40.35791244541274], [115.79989290907787, 40.35800251804724], [115.7996574236113, 40.35800007401008], [115.79965582603123, 40.35809014663539], [115.79953808315214, 40.35808892443318], [115.79953648540824, 40.358178997053166], [115.79941874237974, 40.358177774727274], [115.79941235070555, 40.358538065177136], [115.79953009436053, 40.358539287518504], [115.79952849658058, 40.35862936013119], [115.79964624039937, 40.358630582356604], [115.7996302637697, 40.35953130844186], [115.79974800916195, 40.35953253058612], [115.79974641161594, 40.35962260319047], [115.79998190273534, 40.359625047127196], [115.7999803054954, 40.359715119737835], [115.80009805122253, 40.359716341530316], [115.800096454132, 40.359806414143364], [115.80044969182651, 40.35981007881333], [115.8004480951987, 40.35990015143653], [115.80080133342791, 40.359903815039516], [115.80079973726278, 40.359993887672836], [115.80185945374889, 40.360004872045195], [115.80185785898625, 40.36009494471182], [115.80209335193115, 40.36009738437292], [115.80209175747459, 40.36018745704581], [115.80220950411446, 40.36018867670046], [115.80220790980734, 40.36027874937575], [115.80244340342193, 40.36028118833323], [115.80244180942087, 40.36037126101478], [115.80279505036658, 40.36037491856376], [115.80279345682825, 40.360464991255434], [115.80291120398117, 40.360466210202596], [115.80290961059231, 40.36055628289665], [115.80385158932748, 40.360566030190455], [115.80385318146328, 40.360475957465546], [115.80455966487655, 40.360483262879306], [115.80455648247742, 40.36066340837392], [115.80467423005139, 40.36066462553113], [115.80466945686878, 40.36093484377366], [115.80478720491982, 40.36093606082258], [115.80478402307547, 40.36111620631802], [115.80490177144699, 40.3611174232548], [115.80490018067069, 40.36120749600418], [115.80501792920602, 40.361208712824954], [115.80501633857916, 40.36129878557674], [115.8051340872783, 40.36130000228153], [115.8051309063164, 40.36148014778838], [115.80524865533603, 40.361481364381014], [115.80523275166247, 40.36238209186628], [115.80535050225572, 40.36238330837758], [115.8053393703539, 40.36301381755739], [115.80545712205091, 40.363015033975785], [115.8054523515982, 40.363285252185364], [115.80557010377238, 40.36328646849545], [115.80556851376377, 40.3633765412329], [115.80568626610176, 40.36337775742698], [115.80568467624268, 40.363467830166826], [115.8059201812535, 40.36347026220311], [115.80591859170053, 40.3635603349492], [115.80603634437335, 40.3635615507914], [115.80603475496989, 40.36365162353988], [115.80650576635958, 40.36365648572553], [115.80650417757558, 40.363746558487925], [115.8066219305976, 40.36374777373853], [115.8066203419631, 40.36383784650332], [115.80673809514892, 40.36383906163792], [115.80673332967244, 40.364109279935086], [115.80685108333543, 40.36411049496135], [115.80684949498558, 40.364200567728005], [115.8070850026464, 40.36420299742867], [115.80708341460274, 40.364293070201555], [115.80731892260556, 40.364295499430455], [115.80731733486806, 40.36438557220956], [115.80755284321285, 40.36438800096672], [115.80755125578153, 40.36447807375206], [115.8082577819278, 40.364485357169926], [115.80825619542934, 40.36457542997686], [115.80837394996875, 40.364576643464154], [115.80837553631056, 40.36448657065339], [115.80955308053173, 40.364498698895645], [115.80955466529969, 40.364408626045034], [115.81014343689509, 40.36441468565218], [115.81014502087257, 40.364324612780926], [115.81038052924742, 40.364327035777094], [115.8103821129044, 40.36423696289672], [115.8109708831832, 40.36424301827039], [115.8109724660497, 40.36415294536938], [115.8112079738979, 40.364155366672165], [115.81120955644394, 40.36406529376204], [115.81132731022207, 40.364066504229804], [115.81132889260428, 40.3639764313144], [115.8114466462329, 40.36397764165847], [115.8114482284513, 40.36388756873778], [115.81156598193039, 40.36388877895817], [115.811567563985, 40.36379870603218], [115.81168531731457, 40.36379991612888], [115.81168689920537, 40.363709843197604], [115.8118046523854, 40.36371105317062], [115.81180623411242, 40.363620980234046], [115.81192398714292, 40.36362219008336], [115.81192556870613, 40.36353211714151], [115.81204332158711, 40.36353332686714], [115.81204490298651, 40.36344325392], [115.81228040845656, 40.363445673004044], [115.8122819895355, 40.363355600047804], [115.81251749472075, 40.36335801864474], [115.81252065623063, 40.363177872712555], [115.81275616081773, 40.36318029081477], [115.81275774124866, 40.36309021783884], [115.81299324555098, 40.363092635453974], [115.81299482566146, 40.36300256246892], [115.81311257766666, 40.363003771092885], [115.81311415761336, 40.36291369810255], [115.81323190946902, 40.36291490660283], [115.81323348925191, 40.36282483360722], [115.81346899267132, 40.362827250240564], [115.81347057213378, 40.36273717723584], [115.8135883236975, 40.362738385368914], [115.8135899029962, 40.3626483123589], [115.81417866013842, 40.3626543512073], [115.81417708162303, 40.362744424236425], [115.81441258484311, 40.362746838944446], [115.8144110066339, 40.36283691197974], [115.81452875841127, 40.3628381191578], [115.8145271803516, 40.362928192195454], [115.81488043619639, 40.36293181302193], [115.81487885859958, 40.36302188606959], [115.81511436284502, 40.363024299362266], [115.8151175174049, 40.362844153250215], [115.81547077288647, 40.36284777226739], [115.81547234968576, 40.362757699197715], [115.81559010137053, 40.362758905293255], [115.81559167800606, 40.3626688322183], [115.81582718108359, 40.36267124404217], [115.8158287573987, 40.36258117095812], [115.8159465087915, 40.36258237668646], [115.81594493263304, 40.362672449774315], [115.81618043575327, 40.36267486087906], [115.8161772840417, 40.36285500706566], [115.8160595321647, 40.362853801565585], [115.81605795614158, 40.36294387465289], [115.81582245209563, 40.362941463285544], [115.8158208757521, 40.363031536363756], [115.81570312358312, 40.36303033049648], [115.81569997056138, 40.3632104766409], [115.81558221808622, 40.363209270646124], [115.815580641408, 40.36329934371233], [115.8154628887833, 40.36329813759389], [115.81546131194133, 40.363388210654826], [115.81534355916706, 40.36338700441271], [115.81534198216131, 40.36347707746834], [115.8152242292375, 40.36347587110256], [115.81522265206797, 40.36356594415293], [115.81510489899459, 40.36356473766346], [115.8151033216613, 40.363654810708574], [115.81498556843839, 40.36365360409542], [115.8149839909413, 40.36374367713525], [115.81486623756884, 40.36374247039843], [115.81486465990797, 40.363832543432956], [115.81474690638596, 40.36383133657246], [115.8147453285613, 40.363921409601716], [115.81462757488976, 40.36392020261754], [115.81462441890575, 40.364100348664046], [115.81450666492802, 40.364099141552366], [115.81450508676866, 40.36418921456961], [115.81438733264136, 40.36418800733426], [115.81438575431822, 40.364278080346224], [115.81426800004135, 40.36427687298718], [115.81426484306039, 40.36445701899908], [115.81414708847731, 40.364455811512535], [115.81414550981945, 40.364545884512495], [115.81402775508685, 40.36454467690227], [115.8140261762652, 40.36463474989693], [115.81390842138305, 40.36463354216301], [115.81390684239761, 40.3647236151524], [115.81378908736589, 40.364722407294806], [115.81378750821666, 40.364812480278914], [115.8136697530354, 40.364811272297615], [115.8136602770504, 40.36535171014867], [115.81377803317173, 40.3653529181529], [115.81377487476641, 40.36553306409924], [115.81389263120822, 40.365534271991244], [115.81388789401684, 40.365804490911266], [115.81400565093578, 40.36580569869488], [115.81400091415036, 40.36607591761325], [115.81411867154648, 40.366077125288456], [115.81411235635957, 40.366437417174474], [115.81423011438955, 40.3664386247451], [115.81422537839465, 40.366708843655765], [115.81446089541609, 40.366711258460334], [115.81445931705025, 40.36680133143528], [115.81469483441357, 40.366803745768], [115.81469325635399, 40.36689381874914], [115.81528205067032, 40.36689985250227], [115.81528047338708, 40.36698992550104], [115.81563375053234, 40.3669935443259], [115.81563217371203, 40.367083617334664], [115.8159854513914, 40.367087235092114], [115.81598387503406, 40.36717730811088], [115.81633715324752, 40.36718092480092], [115.81633557735313, 40.367270997829664], [115.81657109651103, 40.367273408364625], [115.81656952092294, 40.367363481399536], [115.81680504042265, 40.36736589146261], [115.81680346514084, 40.36745596450371], [115.81703898498237, 40.367458374094916], [115.81703741000685, 40.36754844714218], [115.8176262105185, 40.36755446904145], [115.81762463631932, 40.3676445421063], [115.81786015688711, 40.3676469500345], [115.81785858299422, 40.36773702310551], [115.81856514580812, 40.367744244035954], [115.8185667187608, 40.36765417094209], [115.8189199997935, 40.367657779777545], [115.81892157226899, 40.367567706670805], [115.81927485289543, 40.36757131441597], [115.81927642489377, 40.367481241296346], [115.81951194503348, 40.36748364585279], [115.81951351671134, 40.3673935727241], [115.81986679650397, 40.3673971786483], [115.81986836770464, 40.36730710550674], [115.82092820605506, 40.36731791677186], [115.82092977583841, 40.36722784359463], [115.82116529523636, 40.367230244771754], [115.82116372576641, 40.36732031795659], [115.82234132474788, 40.367332316687744], [115.82233975683778, 40.367422389909095], [115.82269303714028, 40.36742598720227], [115.8226914696932, 40.36751606043356], [115.8229269902436, 40.36751845803721], [115.82292542310284, 40.367608531274605], [115.82316094399494, 40.36761092840636], [115.8231593771605, 40.367701001649884], [115.82327713777384, 40.36770220003973], [115.82327557108904, 40.3677922732856], [115.82351109265034, 40.36779466971325], [115.82350952627186, 40.367884742965245], [115.82374504817481, 40.36788713892096], [115.82374348210267, 40.36797721217909], [115.82386124322144, 40.36797840998092], [115.82385811136935, 40.36815855650038], [115.82397587280859, 40.36815975418992], [115.82397117544757, 40.36842997396955], [115.82408893736397, 40.368431171550576], [115.82408580606804, 40.36861131807063], [115.82432133054887, 40.36861371288819], [115.82431976520373, 40.3687037861536], [115.82455529002623, 40.368706180499224], [115.82455215994155, 40.36888632704085], [115.82466992267682, 40.36888752404142], [115.82466679287732, 40.36906767058476], [115.82478455593305, 40.369068867473025], [115.82478142641874, 40.369249014018116], [115.82360379304505, 40.36923703966498], [115.8236053593728, 40.36914696643106], [115.82348759623102, 40.369145768340175], [115.82348916270846, 40.369055695108585], [115.82301811083875, 40.36905090156139], [115.82301497662316, 40.36923104799277], [115.82289721335998, 40.369229849298684], [115.82289094421712, 40.36959014212878], [115.82277318033418, 40.36958894329962], [115.82277161287406, 40.36967901649971], [115.82253608481598, 40.36967661847416], [115.82253451703536, 40.369766691665205], [115.82135687560232, 40.369754694306415], [115.82135530624751, 40.369844767458005], [115.82123754198642, 40.36984356705896], [115.82123911149795, 40.369753493911155], [115.82100358331044, 40.36975109276099], [115.8210020134855, 40.369841165901214], [115.82088424924565, 40.3698399651425], [115.82088581922731, 40.3697498920061], [115.82053252702042, 40.36974628902206], [115.82053095656862, 40.369836362147076], [115.82017766395535, 40.36983275807267], [115.82017923487732, 40.36974268495907], [115.81864830299452, 40.3697270548847], [115.81864987594663, 40.369636981819106], [115.81853211216203, 40.3696357786703], [115.81853368526376, 40.36954570560707], [115.81841592164295, 40.36954450234219], [115.8184174948943, 40.3694544292813], [115.8182997314373, 40.369453225900344], [115.81830130483827, 40.36936315284179], [115.81806577825898, 40.36936074572786], [115.81806735196628, 40.369270672675476], [115.817949588844, 40.3692694689425], [115.81795116270088, 40.36917939589245], [115.81783339974243, 40.36917819204339], [115.8178349737489, 40.36908811899573], [115.81653958339835, 40.3690748687858], [115.81653800766809, 40.369164941791546], [115.81642024479487, 40.36916373650391], [115.81641866890078, 40.369253809504386], [115.81630090587798, 40.36925260409304], [115.81629617768291, 40.36952282307426], [115.81617841419707, 40.36952161753159], [115.81617526171806, 40.36970176350416], [115.81629302551731, 40.36970296905446], [115.81628987332324, 40.369883115028806], [115.81640763744304, 40.36988432046686], [115.81640606149206, 40.36997439345567], [115.81652382577565, 40.36997559877764], [115.81652224997428, 40.3700656717688], [115.81664001442172, 40.370066876974704], [115.81663843876994, 40.370156949968234], [115.8167562033812, 40.37015815505806], [115.81675462787904, 40.37024822805393], [115.8169901574363, 40.37025063788157], [115.81698858224046, 40.37034071088361], [115.81710634718645, 40.3703419156214], [115.81710477214023, 40.3704319886258], [115.81757583262217, 40.370436806393364], [115.81757425819572, 40.37052687941155], [115.8176920234907, 40.37052808355754], [115.81769044921383, 40.37061815657808], [115.8180437456115, 40.370621768308126], [115.8180421717977, 40.37071184133864], [115.81863100005275, 40.37071785850999], [115.81862942701547, 40.370807931558076], [115.8188649586806, 40.370810337595024], [115.81886338594968, 40.37090041064928], [115.81909891795665, 40.37090281621427], [115.81909734553204, 40.370992889274675], [115.81921511170289, 40.370994091881144], [115.81921353942793, 40.37108416494389], [115.8202734366952, 40.37109498304125], [115.82027500755966, 40.37100490994426], [115.82098160511649, 40.37101211659129], [115.82098003519236, 40.37110218971108], [115.82156886746813, 40.37110819197226], [115.82156729832055, 40.371198265109605], [115.82168506495366, 40.37119946520597], [115.82168349595574, 40.37128953834564], [115.82180126275264, 40.37129073832592], [115.82179812504899, 40.37147088460849], [115.82203365929097, 40.371473284224535], [115.82203209074198, 40.37156335737123], [115.82214985803031, 40.37156455700322], [115.82214828963097, 40.37165463015225], [115.82261935948199, 40.37165942749644], [115.82261779170247, 40.37174950065919], [115.823206629959, 40.37175549466079], [115.8232050629561, 40.37184556784105], [115.82332283078534, 40.37184676628548], [115.82332126393207, 40.37193683946809], [115.82343903192512, 40.37193803779641], [115.82343746522152, 40.372028110981354], [115.8236730015423, 40.372030507285906], [115.82367143514507, 40.372120580476974], [115.8237892034728, 40.37212177845319], [115.82378763722527, 40.372211851646604], [115.82390540571676, 40.37221304950671], [115.8238928767359, 40.37293363503178], [115.82401064648838, 40.37293483280232], [115.8240090804907, 40.373024905990185], [115.82389131058149, 40.37302370821584], [115.82388974442003, 40.373113781398466], [115.82400751448598, 40.373114979176584], [115.82400438245531, 40.37329512554502], [115.8241221528418, 40.37329632321084], [115.82412058697261, 40.373386396396654], [115.82423835752293, 40.373387593946354], [115.82423679180341, 40.373477667134516], [115.82435456251751, 40.3734788645681], [115.8243529969477, 40.37356893775858], [115.8244707678256, 40.373570135076065], [115.82446920240544, 40.37366020826887], [115.8245869734472, 40.37366140547024], [115.82458384289917, 40.37384155185908], [115.82470161426146, 40.37384274894812], [115.82470004913363, 40.37393282214414], [115.8248178206597, 40.37393401911706], [115.82481312570404, 40.37420423870775], [115.82493089770743, 40.37420543557213], [115.82492776801517, 40.3743855819662], [115.82504554033912, 40.37438677871826], [115.82504397563916, 40.374476851916896], [115.82516174812692, 40.37447804855283], [115.82516018357664, 40.374568121753796], [115.82563127422529, 40.374572907113624], [115.82562971029498, 40.37466298032829], [115.82633634742011, 40.37467015479355], [115.82633478442325, 40.37476022802944], [115.8266881035513, 40.37476381365468], [115.82668654101764, 40.37485388690047], [115.82715763391408, 40.374858666070544], [115.8271560720004, 40.37494873933], [115.82750939221701, 40.374952322459876], [115.82750783076655, 40.375042395729224], [115.82774337792635, 40.37504478389048], [115.82774181678234, 40.37513485716592], [115.82809513804516, 40.37513843851983], [115.82808577385494, 40.37567887820988], [115.82820354856385, 40.37568007177737], [115.82819730625657, 40.376040364890024], [115.82831508159957, 40.3760415583527], [115.82831196071722, 40.37622170490784], [115.82842973638078, 40.37622289825816], [115.82842817608581, 40.376312971537324], [115.82854595191318, 40.37631416477151], [115.82854283161565, 40.37649431133301], [115.82842505547475, 40.37649311809127], [115.82841413311426, 40.37712363098418], [115.82853191035257, 40.37712482425235], [115.82852878992834, 40.37730497078762], [115.82876434505313, 40.377307356979316], [115.82876278514401, 40.37739743025231], [115.82911611835434, 40.37740100865177], [115.8291145589085, 40.37749108193465], [115.82958567058118, 40.37749585147019], [115.82958411175544, 40.37758592476667], [115.82981966794752, 40.377588308822475], [115.82981810942827, 40.377678382125055], [115.83017144423951, 40.37768195732068], [115.83016988618355, 40.37777203063313], [115.83040544307309, 40.377774413504824], [115.83040388532366, 40.37786448682334], [115.83052166393574, 40.377865678083076], [115.83052010633607, 40.3779557514039], [115.83075566389489, 40.377958133571155], [115.83075410660173, 40.37804820689807], [115.83098966450221, 40.378050588593155], [115.83098810751561, 40.37814066192617], [115.83122366575775, 40.37814304314911], [115.83121899569649, 40.378413263161995], [115.83133677529844, 40.37841445360488], [115.83133366220271, 40.37859460028038], [115.83145144212526, 40.37859579061087], [115.83144832931498, 40.3787759372881], [115.83156610955812, 40.378777127506204], [115.83156144076041, 40.37904734752238], [115.83167922148095, 40.37904853763187], [115.83167610922762, 40.379228684309574], [115.83179389026874, 40.37922987430667], [115.83179233428834, 40.37931994764709], [115.83191011549326, 40.37932113752802], [115.83190855966262, 40.37941121087076], [115.83202634103138, 40.379412400635516], [115.83202478535051, 40.379502473980565], [115.83226034842264, 40.379504853157854], [115.83225879304835, 40.37959492650898], [115.83237657475173, 40.379596115921494], [115.8323750195272, 40.37968618927491], [115.83261058326863, 40.37968856774767], [115.83260902835069, 40.37977864110717], [115.8327268103887, 40.37977983016743], [115.83272525562053, 40.379869903529226], [115.83296082003119, 40.37987228129747], [115.83295926556961, 40.37996235466534], [115.83307704794225, 40.37996354337332], [115.83307549363045, 40.38005361674349], [115.8331932761669, 40.38005480533531], [115.83319172200488, 40.3801448787078], [115.83330950470516, 40.380146067183446], [115.8333079506929, 40.38023614055824], [115.8335435164281, 40.38023851715727], [115.83354196272244, 40.38032859053811], [115.83365974575734, 40.38032977866148], [115.83365819220145, 40.380419852044646], [115.83377597540019, 40.38042104005184], [115.83377286858101, 40.380601186821295], [115.83389065210034, 40.3806023747161], [115.83388754556672, 40.380782521487234], [115.83400532940666, 40.38078370926961], [115.83400377628617, 40.38087378265675], [115.8341215602899, 40.38087497032295], [115.8341200073192, 40.38096504371241], [115.83423779148677, 40.380966231262434], [115.83423313300298, 40.38123645143329], [115.83435091764795, 40.381237638874666], [115.83434781227069, 40.381417785655465], [115.8344655972363, 40.38141897298441], [115.83446404469396, 40.3815090463764], [115.83458182982338, 40.38151023358916], [115.83458027743085, 40.38160030698344], [115.83469806272407, 40.38160149408003], [115.83469495823162, 40.381781640871715], [115.83481274384548, 40.38178282785588], [115.83480653540376, 40.38214312143681], [115.83492432165187, 40.382144308316064], [115.83492276968074, 40.382234381711406], [115.8352761289375, 40.38223794164078], [115.83527457742981, 40.382328015045935], [115.83551015061629, 40.38233038774], [115.8355070482072, 40.382510534560964], [115.83574262204894, 40.38251290679027], [115.83574107114751, 40.38260298020607], [115.83585885823568, 40.38260416614457], [115.83582784187428, 40.38440563422971], [115.83594563210595, 40.38440682012332], [115.8359409798808, 40.384677040297085], [115.83582318917865, 40.38467585439221], [115.83581233264388, 40.38530636805374], [115.83593012444392, 40.38530755398488], [115.83592392118317, 40.38566784748872], [115.83615950605892, 40.38567021902116], [115.83615795553993, 40.385760292400974], [115.83639354075736, 40.38576266346111], [115.83639199054505, 40.38585273684697], [115.83662757610414, 40.385855107434786], [115.83662602619852, 40.38594518082669], [115.83674381914538, 40.385946365944406], [115.83674536889417, 40.38585629254875], [115.83709874730623, 40.38585984717094], [115.83709719802796, 40.38594992057785], [115.83721499100282, 40.385951105215746], [115.83720879444735, 40.386311398843816], [115.83732658805656, 40.38631258337675], [115.83732813704904, 40.38622250996818], [115.83744593050841, 40.386223694377406], [115.8374428328301, 40.38640384120062], [115.83756062661016, 40.386405025497375], [115.83755907791735, 40.386495098910544], [115.83767687186122, 40.386496283091105], [115.83767532331828, 40.38658635650656], [115.83814649979105, 40.3865910920442], [115.8381480477066, 40.38650101861377], [115.83838363567119, 40.38650338565535], [115.83838208806937, 40.386593459093284], [115.83873547053918, 40.3865970087672], [115.8387339234009, 40.386687082214905], [115.83885171772833, 40.38668826520338], [115.83885017073992, 40.38677833865337], [115.83896796523115, 40.38677952152561], [115.83896951206273, 40.386689448071884], [115.8390873064041, 40.38669063082043], [115.83908421304771, 40.386870777733925], [115.83920200770976, 40.38687196037], [115.83919736809341, 40.38714218074056], [115.839315163233, 40.3871433632679], [115.8393136168371, 40.38723343672558], [115.83943141214054, 40.387234619136706], [115.83942831964151, 40.38741476605519], [115.83931052402438, 40.38741358363658], [115.83930897760756, 40.38750365708989], [115.83942677338156, 40.387504839512225], [115.83942522711462, 40.38759491296784], [115.83930743118376, 40.38759373054177], [115.83930588475299, 40.38768380399215], [115.83918808867226, 40.38768262144236], [115.83918499547603, 40.38786276833129], [115.8393027918705, 40.38786395088857], [115.83929969896006, 40.38804409777917], [115.83941749567524, 40.38804528022397], [115.83941594936641, 40.38813535367083], [115.83953374624541, 40.388136535999415], [115.83953220008648, 40.388226609448544], [115.8396499971293, 40.388227791660896], [115.83963917491951, 40.38885830579029], [115.83975697306737, 40.38885948790886], [115.83975388125839, 40.38903963479736], [115.83987167972694, 40.389040816803444], [115.83987013396887, 40.389130890249234], [115.84010573124067, 40.38913325390897], [115.84010418578936, 40.38922332736079], [115.84022198459256, 40.38922450901444], [115.84021889398275, 40.38940465592119], [115.84033669310668, 40.389405837462355], [115.84033514794818, 40.38949591091729], [115.84057074653074, 40.38949827364717], [115.840569201679, 40.389588347108145], [115.84068700113761, 40.38958952829686], [115.84068391172698, 40.38976967522185], [115.84080171150633, 40.389770856298085], [115.84080016694745, 40.38986092976214], [115.84068236701125, 40.389859748682184], [115.84067773282212, 40.390129969054406], [115.8404421320294, 40.39012760651212], [115.84044058697198, 40.390217679959136], [115.84032278642918, 40.3902164985043], [115.84032433164346, 40.39012642506101], [115.83997093052756, 40.39012287998788], [115.8399724762055, 40.39003280655436], [115.83985467600435, 40.390031624627106], [115.83985622183219, 40.38994155119588], [115.8397384217949, 40.389940369152384], [115.8397430597072, 40.389670148861164], [115.83986085927387, 40.389671330893435], [115.83986395086676, 40.38949118401786], [115.83974615161384, 40.38949000199307], [115.83974769755669, 40.38939992855684], [115.83927650124227, 40.38939519927296], [115.83927804780566, 40.38930512585024], [115.8389246511137, 40.389301577638875], [115.83892310407974, 40.38939165105036], [115.83880530503953, 40.38939046806955], [115.83880375784167, 40.38948054147586], [115.83868595865155, 40.389479358371325], [115.83868441128988, 40.38956943177242], [115.83880221063686, 40.3895706148807], [115.83880066342506, 40.389660688284074], [115.83891846293591, 40.389661871276104], [115.83891691587398, 40.38975194468178], [115.83903471554869, 40.38975312755758], [115.83903316863669, 40.38984320096554], [115.83915096847522, 40.38984438372512], [115.83914632816793, 40.390114603951474], [115.83902852785877, 40.39011342118067], [115.83902543397191, 40.390293567983456], [115.83890763335596, 40.39029238508518], [115.83890608624519, 40.390382458480666], [115.83878828547935, 40.39038127545869], [115.83878209633892, 40.39074156901103], [115.83913550053998, 40.39074511776198], [115.83913240686917, 40.39092526455187], [115.83925020859725, 40.39092644723638], [115.83924711521227, 40.39110659402794], [115.83948271931693, 40.39110895905201], [115.83948117292775, 40.39119903245309], [115.83959897514741, 40.391200214788896], [115.83959433640868, 40.3914704349946], [115.83982994181027, 40.39147279932874], [115.83982839586385, 40.391562872735214], [115.84018180448922, 40.391566418347786], [115.84018025900649, 40.391656491764024], [115.84053366816526, 40.391660036308], [115.84053212314623, 40.39175010973399], [115.84064992637, 40.39175129101243], [115.84064838150088, 40.39184136444071], [115.84076618488851, 40.3918425456029], [115.84076464016931, 40.39193261903345], [115.84088244372082, 40.3919338000794], [115.84088089915153, 40.39202387351223], [115.84099870286688, 40.39202505444194], [115.84099715844752, 40.39211512787706], [115.84087935457526, 40.39211394694362], [115.84087472080472, 40.392384167229025], [115.84075691646878, 40.392382986164385], [115.84075073738286, 40.39274327984292], [115.8408685423464, 40.3927444609225], [115.84086699771439, 40.39283453434223], [115.84098480284182, 40.39283571530556], [115.84098171387068, 40.39301586214813], [115.84109951931887, 40.39301704299895], [115.84109797497976, 40.393107116421774], [115.8412157805918, 40.39310829715635], [115.84121423640262, 40.39319837058147], [115.84133204217855, 40.3931995511998], [115.8413304981393, 40.393289624627194], [115.84180172194026, 40.393294345915564], [115.84180017852165, 40.393384419356444], [115.84203579077773, 40.39338677928817], [115.84202961828892, 40.39374707306698], [115.84191181152977, 40.393745893146175], [115.84190255164617, 40.3942863337483], [115.84202035934678, 40.39428751369151], [115.8420157297817, 40.39455773398411], [115.84189792161037, 40.39455655402969], [115.84188094427613, 40.395547361616], [115.84199875417355, 40.395548541611475], [115.8419956676088, 40.39572868843389], [115.84211347782703, 40.39572986831684], [115.84211193469113, 40.3958199417296], [115.84258317626129, 40.39582466007637], [115.84258163374612, 40.395914733502586], [115.84317068665007, 40.395920628754745], [115.84317222838061, 40.39583055530986], [115.84399690163984, 40.39583880359685], [115.84399844226499, 40.39574873012441], [115.84435187329532, 40.39575226329339], [115.84435341344275, 40.39566218980832], [115.84447122364318, 40.39566336728758], [115.84447276362673, 40.39557329379733], [115.84470838373457, 40.39557564838843], [115.84470992339733, 40.39548557488927], [115.84482773330477, 40.3954867520011], [115.84482927280364, 40.395396678496745], [115.8449470825611, 40.39539785548486], [115.84494862189611, 40.395307781975326], [115.84518424111803, 40.39531013558411], [115.84518731913955, 40.39512998854579], [115.8453051284471, 40.39513116516274], [115.84530666729052, 40.39504109163767], [115.8455422856126, 40.39504344450414], [115.845540747083, 40.39513351803665], [115.84589417508892, 40.395137046447545], [115.84589571314775, 40.39504697290388], [115.84601352234003, 40.39504814879712], [115.8460119844381, 40.395138222344514], [115.8462476031573, 40.395140573778484], [115.84624606556228, 40.39523064733186], [115.84636387508921, 40.39523182287257], [115.84636233764417, 40.39532189642821], [115.84648014733494, 40.395323071852644], [115.84646938612384, 40.39595358672743], [115.8463515753346, 40.39595241127696], [115.84634388776249, 40.396402778982385], [115.84646169933636, 40.39640395445144], [115.84646016195806, 40.396494027991885], [115.8465779736958, 40.39649520334467], [115.84657643646746, 40.39658527688737], [115.84669424836906, 40.39658645212387], [115.84669271129074, 40.396676525668816], [115.84692833542861, 40.396678875789256], [115.84692679865721, 40.39676894934021], [115.84728023538682, 40.39677247363199], [115.8472786990793, 40.39686254719263], [115.8473965114933, 40.39686372172026], [115.84737654090456, 40.398034677924386], [115.8472587264504, 40.39803350334842], [115.84725719004581, 40.39812357688868], [115.84713937544161, 40.398122402188996], [115.84713783887315, 40.39821247572408], [115.84654876517155, 40.39820660040696], [115.84654722781141, 40.39829667392198], [115.84572252382196, 40.398288443411616], [115.8457209853563, 40.39837851689914], [115.84524972545869, 40.39837381109527], [115.8452481863583, 40.39846388456646], [115.84513037124432, 40.39846270781174], [115.84512883198005, 40.39855278127775], [115.84501101671607, 40.398551604399294], [115.8450094772879, 40.39864167786012], [115.84489166187393, 40.398640500857944], [115.84488858268287, 40.39882064776778], [115.84500639841075, 40.398821824777414], [115.84500024057306, 40.39918211859449], [115.746508260906, 40.39815624015424]], [[115.84288417409857, 40.39889069363173], [115.84335543720678, 40.39889540912585], [115.84335852049234, 40.39871526231583], [115.84300507409245, 40.398711725897634], [115.84300353198229, 40.39880179929218], [115.84288571637262, 40.39880062024237], [115.84288417409857, 40.39889069363173]], [[115.8463208240054, 40.39775388188023], [115.84690989371413, 40.39775975830447], [115.8469114305618, 40.39766968476954], [115.84702924436743, 40.39767085969065], [115.84703078105123, 40.397580786150556], [115.84714859470685, 40.39758196094794], [115.8471516677398, 40.397401813855936], [115.84703385439808, 40.397400639065985], [115.84703692771714, 40.3972204919756], [115.84680130168222, 40.397218142050555], [115.84680283864522, 40.397128068510604], [115.84668502579508, 40.3971268933718], [115.8466865629081, 40.39703681983412], [115.84621531220469, 40.39703211809372], [115.84621684993847, 40.39694204456946], [115.8456277875, 40.39693616471248], [115.84562624898156, 40.39702623821813], [115.84539062374091, 40.39702388542786], [115.84538446834213, 40.397384179406146], [115.84550228158675, 40.39738535587617], [115.84549920415957, 40.39756550286401], [115.84561701772496, 40.39756667922147], [115.84561547915793, 40.397656752716934], [115.84632236163777, 40.397663808363916], [115.8463208240054, 40.39775388188023]], [[115.84553767000298, 40.395313665097305], [115.84565547964519, 40.3953148413617], [115.84565701803173, 40.39522476782839], [115.84553920854647, 40.3952235915677], [115.84553767000298, 40.395313665097305]], [[115.74431968034136, 40.37642117023951], [115.74467299739918, 40.37642500655521], [115.74467466922846, 40.37633493607309], [115.74491021365789, 40.376337493009295], [115.74491355666683, 40.37615735202446], [115.74503132857936, 40.376158630304616], [115.74503634256601, 40.375888418804266], [115.74491857112369, 40.37588714053624], [115.74492024259423, 40.37579707003724], [115.74468470004575, 40.37579451314959], [115.74468302826172, 40.3758845836405], [115.74444748542992, 40.37588202626516], [115.74444581332484, 40.37597209674651], [115.74432804176352, 40.375970817874936], [115.74432636949417, 40.376060888350786], [115.74444414121227, 40.37606216722641], [115.74444079696441, 40.37624230818178], [115.74432302493285, 40.37624102929807], [115.74431968034136, 40.37642117023951]], [[115.75784634384128, 40.36467555152157], [115.75843510645588, 40.36468187439392], [115.75843675927436, 40.36459180325581], [115.758554511663, 40.36459306746672], [115.75855946960365, 40.36432285403159], [115.75785295820356, 40.36431526704038], [115.75785130462417, 40.364405338162875], [115.75761580057048, 40.36440280819897], [115.75761414667035, 40.364492879311996], [115.75749639449803, 40.36449161414626], [115.75749474043376, 40.36458168525381], [115.75784799744302, 40.36458548040347], [115.75784634384128, 40.36467555152157]], [[115.80542690809322, 40.36472641574797], [115.80554466277403, 40.36472763211965], [115.80554625289022, 40.36463755940408], [115.80566400742154, 40.36463877565205], [115.80566559737387, 40.364548702931174], [115.8054300886318, 40.364546270323075], [115.80543167889032, 40.36445619760843], [115.8053139246867, 40.364454981128446], [115.80531551509472, 40.3643649084162], [115.80519776105494, 40.364363691820195], [115.80520094216278, 40.364183546399026], [115.80496543473143, 40.36418111286285], [115.80496225299692, 40.3643612582686], [115.80508000702234, 40.36436247510433], [115.80507682557247, 40.364542620511976], [115.80519457991839, 40.36454383723553], [115.80519298933936, 40.364633909941006], [115.80542849836611, 40.36463634303626], [115.80542690809322, 40.36472641574797]], [[115.80473151849861, 40.364088606149856], [115.80484927203968, 40.36408982321374], [115.80485086304564, 40.36399975051107], [115.80473310966124, 40.36399853345103], [115.80473151849861, 40.364088606149856]], [[115.80391361290624, 40.36371979265042], [115.80403136577038, 40.3637210105379], [115.80403295784429, 40.36363093785635], [115.80415071055894, 40.363632155620124], [115.80415548626753, 40.36336193755517], [115.80403773402287, 40.363360719802955], [115.80404410216042, 40.36300042904467], [115.80392635054955, 40.36299921118802], [115.80392953488852, 40.36281906580783], [115.80381178359815, 40.36281784783904], [115.8038133759135, 40.36272777515061], [115.80334237145047, 40.36272290209232], [115.80334396438528, 40.362632829417855], [115.80322621344413, 40.362631610857505], [115.8032278065284, 40.36254153818543], [115.80311005575108, 40.362540319509094], [115.80311164898484, 40.36245024683942], [115.80299389837135, 40.36244902804708], [115.80299549175457, 40.36235895537981], [115.80287774130493, 40.36235773647147], [115.80287933483761, 40.3622676638066], [115.80276158455183, 40.36226644478228], [115.80276317823395, 40.362176372119805], [115.802645428112, 40.36217515297948], [115.80264702194357, 40.3620850803194], [115.80229377209085, 40.36208142219091], [115.80228580051126, 40.362531785418824], [115.80240355123823, 40.36253300493413], [115.8024019570574, 40.3626230775792], [115.8025197079482, 40.36262429697852], [115.80251651987825, 40.36280444227197], [115.80263427108957, 40.362805661559165], [115.80263108330416, 40.36298580685451], [115.80274883483598, 40.36298702602955], [115.80274724108915, 40.3630770986789], [115.80286499278482, 40.363078317737944], [115.80286339918744, 40.36316839038968], [115.80298115104696, 40.363169609332736], [115.80297955759907, 40.36325968198688], [115.80309730962242, 40.363260900813934], [115.803095716324, 40.36335097347047], [115.8032134685112, 40.36335219218152], [115.80321187536224, 40.363442264840465], [115.80344738007155, 40.363444701910716], [115.80344578722871, 40.36353477457591], [115.80368129228007, 40.36353721117446], [115.80367969974337, 40.3636272838459], [115.8039152051368, 40.36362971997273], [115.80391361290624, 40.36371979265042]], [[115.72544534323407, 40.35909781895072], [115.72568082591725, 40.35910041414113], [115.72568421807128, 40.35892027395555], [115.72556647703908, 40.35891897642847], [115.72557326188179, 40.358558696056164], [115.72522004071034, 40.35855480280525], [115.72521664736468, 40.35873494296971], [115.72509890667628, 40.35873364497154], [115.72510060350956, 40.35864357489415], [115.72498286298543, 40.35864227678027], [115.72497946899804, 40.35882241692535], [115.72521495068035, 40.358825013049724], [115.72521155728877, 40.35900515320538], [115.72544703962812, 40.35900774886688], [115.72544534323407, 40.35909781895072]], [[115.72627631390448, 40.35874661956106], [115.72662953622209, 40.35875050960132], [115.72663462059138, 40.35848029920464], [115.726516880281, 40.3584790026567], [115.72652027013551, 40.35829886239312], [115.7262847901641, 40.35829626895416], [115.7262864853931, 40.358206198828384], [115.72616874557546, 40.35820490193327], [115.72616535479663, 40.35838504217516], [115.72604761467346, 40.358383745152004], [115.72604252797805, 40.35865395549151], [115.7262780091717, 40.358656549442614], [115.72627631390448, 40.35874661956106]], [[115.72462964145899, 40.35863838171967], [115.72486512246897, 40.35864097854656], [115.72486681960778, 40.35855090847593], [115.72474907925556, 40.3585496101265], [115.72475077654332, 40.35845954005851], [115.72463303635537, 40.358458241593375], [115.72462964145899, 40.35863838171967]], [[115.72593326596315, 40.35820230778358], [115.72616874557546, 40.35820490193327], [115.7261721363237, 40.35802476168552], [115.72605439682691, 40.358023464678794], [115.7260527013, 40.35811353479931], [115.72593496165427, 40.35811223766864], [115.72593326596315, 40.35820230778358]], [[115.72210398107487, 40.355187125026575], [115.72222171545701, 40.355188425979605], [115.72222341590614, 40.355098355947845], [115.72210568168057, 40.35509705499894], [115.72210398107487, 40.355187125026575]], [[115.78652842316055, 40.35461984311846], [115.78664615944105, 40.35462107847734], [115.78664777413579, 40.354531006229664], [115.78653003801188, 40.354529770874684], [115.78652842316055, 40.35461984311846]], [[115.76369900200301, 40.34086466276353], [115.7638167133632, 40.34086592100856], [115.76382000189965, 40.34068577762014], [115.7637022908524, 40.340684519383075], [115.76369900200301, 40.34086466276353]], [[115.66064556359446, 40.33674419477482], [115.66076326302424, 40.33674555777477], [115.66076504408659, 40.33665548966679], [115.66064734481321, 40.336654126671164], [115.66064556359446, 40.33674419477482]], [[115.65935265333661, 40.33663912581754], [115.65947035252155, 40.33664049013012], [115.65947213529643, 40.336550422068136], [115.65935443626788, 40.33654905775988], [115.65935265333661, 40.33663912581754]], [[115.65947570082203, 40.33637028593977], [115.65959339954578, 40.33637165011967], [115.65959518214012, 40.336281582048954], [115.65947748357279, 40.33628021787339], [115.65947570082203, 40.33637028593977]], [[115.65983414383783, 40.33610417387787], [115.65995184211647, 40.336105537685654], [115.65995362421744, 40.33601546959757], [115.65983592609523, 40.3360141057941], [115.65983414383783, 40.33610417387787]], [[115.65438285821953, 40.33198688378975], [115.65450054908189, 40.33198825302933], [115.65450233817094, 40.33189818507829], [115.65462002888502, 40.33189955419381], [115.65462897342732, 40.331449214394766], [115.65439359357102, 40.33144647608736], [115.65439538276803, 40.331356408131796], [115.65427769300835, 40.33135503880286], [115.65427590365496, 40.33144510675408], [115.654158213747, 40.33144373730113], [115.65415642422919, 40.33153380524654], [115.6540387341729, 40.33153243566955], [115.6540351548003, 40.33171257154729], [115.65415284516932, 40.331713941132946], [115.65415105562727, 40.33180400907395], [115.65426874616077, 40.33180537854426], [115.65426695676703, 40.33189544648811], [115.65438464746495, 40.331896815843045], [115.65438285821953, 40.33198688378975]], [[115.5647334440895, 40.329557759118124], [115.56485112625292, 40.32955921949423], [115.56485303435967, 40.32946915493334], [115.5647353523526, 40.32946769456185], [115.5647334440895, 40.329557759118124]], [[115.65241436782681, 40.33034236646369], [115.65253205573723, 40.33034373766006], [115.6525338473392, 40.330253669756225], [115.65241615958516, 40.33025229856418], [115.65241436782681, 40.33034236646369]], [[115.65229847183919, 40.33025092725247], [115.65241615958516, 40.33025229856418], [115.65241795133542, 40.33016223066322], [115.65230026374581, 40.330160859355836], [115.65229847183919, 40.33025092725247]], [[115.56464629561275, 40.32811526561818], [115.56488165492844, 40.328118186342145], [115.56488356289752, 40.32802812175754], [115.56464820389446, 40.32802520104282], [115.56464629561275, 40.32811526561818]], [[115.64090448334626, 40.329036531328526], [115.64102216842875, 40.32903791419797], [115.64102397524817, 40.328947846702114], [115.64090629032205, 40.328946463837056], [115.64090448334626, 40.329036531328526]], [[115.56358908880682, 40.328012051902846], [115.56370676822655, 40.32801351339709], [115.56370867775024, 40.32792344885724], [115.5635909984868, 40.32792198736764], [115.56358908880682, 40.328012051902846]], [[115.56488356289752, 40.32802812175754], [115.56500124241197, 40.3280295819354], [115.56500315021611, 40.32793951734469], [115.564885470858, 40.327938057171465], [115.56488356289752, 40.32802812175754]], [[115.63819953927207, 40.328914624906865], [115.63831722401056, 40.328916010524736], [115.63831903441788, 40.328825943128194], [115.63820134983571, 40.32882455751472], [115.63819953927207, 40.328914624906865]], [[115.5654910319573, 40.32713477529156], [115.56560870995156, 40.327136234824856], [115.56561061688811, 40.327046170196226], [115.56549293905015, 40.32704471066756], [115.5654910319573, 40.32713477529156]], [[115.56635670808217, 40.32516356673005], [115.56647438269783, 40.325165025324104], [115.56647628835107, 40.32507496063055], [115.5663586138917, 40.32507350204111], [115.56635670808217, 40.32516356673005]], [[115.56590507366582, 40.324257084386026], [115.56602274668415, 40.32425854341252], [115.56602465287662, 40.324168478722626], [115.56590698001457, 40.32416701970075], [115.56590507366582, 40.324257084386026]], [[115.56931949650142, 40.32420928275535], [115.56943716961247, 40.32421073830723], [115.56944097290665, 40.32403060865548], [115.5693233001082, 40.32402915311282], [115.56931949650142, 40.32420928275535]], [[115.56626381036044, 40.323991267004736], [115.56638148293568, 40.32399272565842], [115.56638338863348, 40.323902660950246], [115.56626571621453, 40.32390120230117], [115.56626381036044, 40.323991267004736]], [[115.5712098644837, 40.32387229764099], [115.57132753710673, 40.32387375125996], [115.571331335331, 40.323693621449024], [115.57121366302057, 40.32369216783925], [115.5712098644837, 40.32387229764099]], [[115.56533768666249, 40.323259076093265], [115.56545535791864, 40.32326053566723], [115.56545726479796, 40.323170470984124], [115.56533959369808, 40.3231690114148], [115.56533768666249, 40.323259076093265]], [[115.5653415007251, 40.323078946734846], [115.56545917166868, 40.32308040629957], [115.5654610785308, 40.322990341613504], [115.5653434077435, 40.3229888820534], [115.5653415007251, 40.323078946734846]], [[115.5775982320546, 40.32232944894777], [115.57783357260587, 40.32233234297837], [115.57783546297273, 40.32224227779452], [115.57795313310487, 40.32224372462577], [115.57795502330694, 40.322153659435855], [115.57760201340497, 40.322149318596885], [115.5775982320546, 40.32232944894777]], [[115.57901405347314, 40.32216667549174], [115.57913172353422, 40.32216812112193], [115.579133612165, 40.32207805588475], [115.57936895200012, 40.32208094677704], [115.57937084030979, 40.321990881529224], [115.57948851008385, 40.32199232679132], [115.57949228636512, 40.32181219628212], [115.57937461690359, 40.321810751029176], [115.57937650518774, 40.32172068577692], [115.57925883589103, 40.3217192404089], [115.57926072432292, 40.32162917515975], [115.579143055191, 40.32162772967666], [115.57913927800614, 40.32180786016434], [115.57902160857019, 40.321806414552455], [115.57901405347314, 40.32216667549174]], [[115.57997240172487, 40.32136764970701], [115.58067841418872, 40.32137631570337], [115.58068030071125, 40.32128625039342], [115.58032729490986, 40.32128191794736], [115.58033295583289, 40.32101172204976], [115.57997995151455, 40.32100738856804], [115.57998372635831, 40.320827257989684], [115.57986605858176, 40.320825813265635], [115.579869833704, 40.32064568269051], [115.58034050361113, 40.32065146083226], [115.58033861667933, 40.320741526138846], [115.58045628433366, 40.320742970379754], [115.58045251075707, 40.32092310099765], [115.58057017873244, 40.32092454512806], [115.58057206536873, 40.320834479815275], [115.58080740103244, 40.32083736770801], [115.5808130599526, 40.32056717173335], [115.58140139691676, 40.32057438930288], [115.58140328242513, 40.320484323952186], [115.58199161882052, 40.32049153850782], [115.58199350353907, 40.320401473132804], [115.58211117068738, 40.32040291568045], [115.58211305524111, 40.320312850299395], [115.58223072224168, 40.32031429272282], [115.58223260663067, 40.32022422733572], [115.58211493978638, 40.32022278491686], [115.58212624687944, 40.31968239259058], [115.58224391278614, 40.319683834982044], [115.58224768143663, 40.31950370418566], [115.5824830126505, 40.3195065885914], [115.58248678064196, 40.31932645777084], [115.58260444594912, 40.319327899785115], [115.58260632977584, 40.31923783436804], [115.58284166010313, 40.31924071802858], [115.58284354360883, 40.3191506526009], [115.58307887365758, 40.31915353577376], [115.5830807568423, 40.31906347033547], [115.58296309196993, 40.31906202881343], [115.58296497530242, 40.318971963378225], [115.58272964589568, 40.31896907998434], [115.58273341316018, 40.31878894912776], [115.58261574878208, 40.318787507260495], [115.58261386499781, 40.31887757268496], [115.58249620047195, 40.3188761306935], [115.582501852268, 40.31860593442933], [115.5823841882194, 40.31860449233193], [115.58238607229066, 40.31851442691215], [115.58215074453146, 40.31851154236757], [115.58215262890673, 40.31842147695545], [115.58168197411527, 40.318415706448945], [115.58168385910706, 40.31832564105359], [115.58097787811245, 40.31831698173224], [115.58097599218317, 40.31840704710018], [115.58085832855758, 40.31840560345668], [115.58085455636098, 40.318585734178946], [115.58097222029905, 40.3185871778316], [115.5809665624091, 40.31885737391764], [115.58084889800227, 40.31885593025129], [115.5808451257206, 40.319036060958766], [115.58025680225138, 40.319028840786736], [115.58026246300496, 40.31875864479185], [115.58038012721302, 40.31876008905181], [115.58038201395759, 40.318670023712656], [115.5804996780179, 40.31867146784841], [115.58050156459772, 40.3185814025032], [115.58073689243137, 40.31858429040667], [115.58073877869019, 40.318494225050834], [115.58050345116905, 40.3184913371565], [115.58050533773185, 40.31840127180835], [115.58062300133192, 40.31840271581076], [115.58062488772997, 40.31831265045653], [115.58074255118228, 40.31831409433474], [115.58074443741558, 40.31822402897446], [115.58086210072017, 40.318225472728464], [115.58086398678869, 40.31813540736215], [115.58074632364035, 40.318133963612716], [115.58074820985662, 40.318043898249485], [115.58063054687305, 40.31804245438499], [115.58063243323706, 40.31795238902485], [115.58051477041823, 40.31795094504531], [115.58051665693, 40.31786087968824], [115.58028133163039, 40.317857991379384], [115.58028510525335, 40.31767786067914], [115.57981445600619, 40.317672082662426], [115.57981634342991, 40.31758201732837], [115.57922803284369, 40.317574792138686], [115.57922614463875, 40.317664857449856], [115.57910848239084, 40.31766341204846], [115.57910659402114, 40.317753477353584], [115.57898893162546, 40.31775203182798], [115.57898515454805, 40.317932162424654], [115.57874982915727, 40.31792927099624], [115.5787479402933, 40.3180193362832], [115.57886560314067, 40.318020782061794], [115.57886371442443, 40.318110847351846], [115.5786283884257, 40.318107955665866], [115.57862649938843, 40.318198020945296], [115.5785088362456, 40.31819657491827], [115.57850694704358, 40.318286640191644], [115.57838928375301, 40.31828519404041], [115.57838739438621, 40.31837525930772], [115.57826973094791, 40.318373813032295], [115.57826595187622, 40.31855394355331], [115.57814828813397, 40.31855249714908], [115.57814639842908, 40.318642562402786], [115.57802873453907, 40.31864111587435], [115.57802684466944, 40.318731181122], [115.5779091806317, 40.31872973446934], [115.57790540055434, 40.31890986495106], [115.57767007187945, 40.31890697126854], [115.57766629114296, 40.319087101725984], [115.57754862650577, 40.31908565469611], [115.5775467359685, 40.31917571991804], [115.57742907118359, 40.31917427276395], [115.57742528977093, 40.319354403194204], [115.57730762468204, 40.31935295591132], [115.57730006112936, 40.31971321673574], [115.57718239542395, 40.31971176931488], [115.5771805043582, 40.31980183451271], [115.57694517266047, 40.31979893930292], [115.57694328127366, 40.31988900449009], [115.57706094727453, 40.3198904521594], [115.57705905603545, 40.31998051734967], [115.57694138987833, 40.319979069675796], [115.57693949847446, 40.32006913486001], [115.5768218321696, 40.32006768706191], [115.57681994060096, 40.32015775224007], [115.5765846077043, 40.320154856275785], [115.57658271581458, 40.32024492144328], [115.57681804902377, 40.32024781741674], [115.57681615743806, 40.320337882591936], [115.57693382421171, 40.3203393304038], [115.57693571564117, 40.320249265224], [115.57705338226707, 40.32025071291163], [115.57704959971218, 40.32043084327887], [115.5774026005787, 40.3204351856514], [115.57740638219599, 40.32025505525666], [115.57752404885603, 40.32025650246573], [115.57752593949564, 40.32016643726156], [115.57776127252875, 40.32016933131161], [115.57776316284729, 40.3200792660968], [115.57870449407059, 40.320090837474744], [115.57870260500215, 40.3201809027262], [115.57905560482027, 40.320185240032586], [115.57904616169432, 40.32063556633621], [115.57928149651165, 40.320638457321365], [115.5792777198267, 40.32081858785075], [115.57939538756068, 40.320820033173014], [115.57939161115421, 40.32100016370564], [115.57950927920925, 40.321001608917406], [115.57950739114952, 40.32109167418607], [115.57962505936936, 40.321093119282764], [115.57962317145737, 40.321183184554535], [115.57997617663673, 40.321187519140494], [115.57997240172487, 40.32136764970701]], [[115.6090682625501, 40.320189709746714], [115.60942126701595, 40.32019395439518], [115.60942311526465, 40.3201038879561], [115.60965845130433, 40.32010671711457], [115.60966029923215, 40.32001665066506], [115.60977796710823, 40.32001806506035], [115.60978351037284, 40.319747865689536], [115.60966584296554, 40.31974645130769], [115.60966769086002, 40.31965638485227], [115.60955002361736, 40.31965497035524], [115.60954817556662, 40.31974503680618], [115.60931284079376, 40.31974220744426], [115.60931099242215, 40.319832273884764], [115.60919332489196, 40.31983085901985], [115.60918962781118, 40.320010991887465], [115.60907195997677, 40.320009576893945], [115.6090682625501, 40.320189709746714]], [[115.58859600844954, 40.31985161209866], [115.58883134151665, 40.31985448361068], [115.5888332171039, 40.319764417959625], [115.58859788434934, 40.31976154645668], [115.58859600844954, 40.31985161209866]], [[115.58824676164106, 40.31966717267517], [115.58836442783247, 40.319668608840836], [115.58836630402786, 40.31957854320499], [115.5882486379927, 40.31957710704388], [115.58824676164106, 40.31966717267517]], [[115.58848209403234, 40.319670044886855], [115.58883509268273, 40.319674352307075], [115.58883696825308, 40.31958428665307], [115.58918996651079, 40.31958859298291], [115.58919184160386, 40.319498527313776], [115.58930950755045, 40.31949996251324], [115.58931138247881, 40.31940989683808], [115.58942904827758, 40.31941133191335], [115.58942529872488, 40.31959146327127], [115.58989596325452, 40.31959720241231], [115.58989783741004, 40.319507136715934], [115.59083916562491, 40.319518609218996], [115.59084103852189, 40.31942854348482], [115.59072337262172, 40.31942710984522], [115.5907252456665, 40.31933704411409], [115.59096057716276, 40.319339911264585], [115.59096244988659, 40.31924984552292], [115.59119778110409, 40.319252712185786], [115.5911959086928, 40.319342777936534], [115.59131357447048, 40.31934421109305], [115.591311702207, 40.319434276846856], [115.59178236602722, 40.31944000829467], [115.59178049438036, 40.319530074065135], [115.59189816051276, 40.31953150663253], [115.59190003200337, 40.31944144085752], [115.59248836201076, 40.319448601877205], [115.59249023271163, 40.31935853607805], [115.59296089624436, 40.319364262722154], [115.59296276631174, 40.319274196903386], [115.59319809781618, 40.319277059498546], [115.59320183730061, 40.31909692783847], [115.59343716821375, 40.319099789936956], [115.59344277643959, 40.318829592408555], [115.59356044144002, 40.31883102326475], [115.59356417990256, 40.31865089156271], [115.59368184459893, 40.31865232229021], [115.59368745176076, 40.318382124712464], [115.59345212331402, 40.31837926316501], [115.59345586200477, 40.318199131457234], [115.59274987874196, 40.31819054399798], [115.59275174901221, 40.318100478169065], [115.59263408532084, 40.31809904651167], [115.59263782614852, 40.317918914858446], [115.5927554895274, 40.31792034650679], [115.59275923000884, 40.3177402148386], [115.59299455616687, 40.31774307775825], [115.59299642608245, 40.317653011912874], [115.59323175196174, 40.31765587434492], [115.59323362155638, 40.317565808489], [115.59335128435241, 40.31756723952105], [115.59335502320393, 40.317387107795724], [115.5935903481963, 40.317389969482804], [115.59359408638907, 40.317209837733444], [115.59347642420117, 40.31720840695878], [115.59347829344118, 40.317118341086406], [115.59336063141795, 40.317116910196646], [115.59336250080577, 40.31702684432732], [115.59312717709709, 40.31702398219796], [115.59312904678896, 40.31693391633622], [115.59289372342647, 40.3169310537374], [115.5928955934224, 40.316840987883246], [115.59277793191005, 40.31683955640893], [115.5927816721891, 40.31665942470525], [115.59266401099768, 40.31665799312036], [115.59266962182167, 40.31638779556735], [115.59231663970418, 40.316383500135714], [115.59231476896922, 40.31647356597459], [115.59184412563903, 40.3164678370395], [115.5918403828939, 40.31664796867658], [115.59172272176997, 40.31664653613466], [115.59171710712025, 40.31691673356556], [115.59159944553605, 40.31691530089042], [115.59159757381299, 40.31700536669323], [115.59147991208098, 40.317003933893915], [115.59147804019328, 40.31709399969072], [115.59171336397824, 40.31709686517878], [115.5917058775929, 40.31745712838743], [115.59158821507123, 40.31745569568509], [115.59158447151542, 40.31763582727148], [115.5913491458724, 40.31763296148974], [115.59134727376934, 40.31772302727164], [115.59111194784758, 40.3177201610023], [115.5911100754236, 40.31781022677365], [115.59099241231914, 40.31780879345499], [115.59099428489938, 40.31771872768818], [115.5907589590283, 40.31771586070104], [115.59075708613555, 40.31780592645878], [115.59052175998576, 40.31780305898403], [115.59051988677209, 40.317893124731214], [115.59028456034358, 40.31789025676886], [115.59027893971431, 40.318160453974315], [115.59063193077598, 40.31816475577924], [115.59062818458507, 40.31834488726938], [115.59074584860168, 40.31834632097416], [115.59074210268949, 40.31852645246746], [115.5908597670271, 40.31852788606169], [115.59085789421457, 40.31861795181066], [115.59097555871686, 40.31861938528978], [115.59097368605215, 40.31870945104181], [115.59085602139362, 40.31870801755815], [115.59085414856422, 40.318798083304166], [115.59061881895997, 40.31879521596884], [115.59061694580959, 40.31888528170429], [115.5904992808639, 40.31888384785264], [115.59049740754881, 40.31897391358209], [115.59073273776119, 40.318976781174825], [115.5907308647502, 40.319066846911866], [115.59049553422528, 40.319063979310044], [115.59049366089332, 40.31915404503651], [115.58990533394763, 40.31914687391561], [115.5899072080609, 40.319056808211826], [115.58978954285338, 40.319055373633276], [115.58978766858385, 40.31914543933251], [115.58908167657864, 40.319136829321536], [115.58908355178573, 40.31904676364956], [115.5888482214975, 40.31904389269789], [115.58884634597791, 40.31913395836078], [115.588611015411, 40.319131086921466], [115.58860726372139, 40.319311218224634], [115.58848959813811, 40.31930978231644], [115.58848584610215, 40.3194899136046], [115.58860351199796, 40.3194913495219], [115.58860163612353, 40.31958141516831], [115.58848397007148, 40.31957997924648], [115.58848209403234, 40.319670044886855]], [[115.58330667216657, 40.31951668024292], [115.58365966922945, 40.31952100344185], [115.58366155166684, 40.31943093798668], [115.58377921721517, 40.31943237880915], [115.58378109948781, 40.31934231334793], [115.58342810333704, 40.31933799053529], [115.58343186879438, 40.31915785963577], [115.58331420374029, 40.31915641846806], [115.58331043797041, 40.31933654935846], [115.58319277261229, 40.319335108061985], [115.58319088955838, 40.3194251735004], [115.58330855507276, 40.31942661480143], [115.58330667216657, 40.31951668024292]], [[115.58413221391112, 40.31943670055874], [115.58424987949341, 40.31943814090266], [115.584251761141, 40.3193480754232], [115.58413409571497, 40.319346635083846], [115.58413221391112, 40.31943670055874]], [[115.58436754508418, 40.319439581126936], [115.58448521068344, 40.31944102123159], [115.58448709201853, 40.31935095574301], [115.58436942657552, 40.31934951564294], [115.58436754508418, 40.319439581126936]], [[115.5846028762912, 40.31944246121659], [115.58495587316534, 40.31944678045379], [115.58495963457692, 40.31926664943869], [115.58507729990609, 40.31926808893603], [115.58508294149108, 40.31899789238864], [115.58520060635993, 40.318999331752664], [115.58520248671506, 40.31890926622934], [115.58532015143616, 40.318910705469186], [115.58532203162653, 40.31882063993983], [115.5856750253719, 40.31882495692788], [115.58567314565029, 40.3189150224709], [115.58579081040529, 40.318916461232185], [115.58578893083146, 40.31900652677829], [115.58590659575121, 40.3190079654245], [115.58590847516878, 40.31891789987385], [115.58602613994074, 40.31891933839587], [115.58602989843793, 40.318739207281034], [115.58614756290585, 40.31874064567432], [115.58615507917355, 40.31838038340866], [115.58591975149622, 40.318377506538894], [115.58592163085446, 40.3182874409779], [115.58603929453264, 40.31828887946805], [115.58604117372614, 40.31819881390101], [115.58615883725655, 40.318200252266976], [115.58616071628533, 40.3181101866939], [115.58604305291118, 40.31810874833249], [115.58604493208774, 40.3180186827625], [115.58616259530567, 40.31802012111936], [115.58616635332086, 40.31783998996582], [115.58604869041545, 40.31783855161807], [115.58604681125584, 40.31792861719102], [115.58581148515798, 40.317925740127535], [115.5858077261883, 40.31810587125078], [115.58557239949936, 40.31810299369053], [115.5855705196893, 40.31819305924083], [115.58533519272176, 40.318190181192946], [115.58533143245121, 40.31837031227087], [115.58521376866767, 40.31836887305836], [115.58521000805072, 40.31854900412128], [115.58509234396311, 40.318547564780026], [115.58508858299975, 40.31872769582791], [115.58497091860812, 40.318726256357905], [115.58496715729831, 40.318906387390754], [115.58484949260269, 40.31890494779201], [115.58484573094644, 40.31908507880983], [115.58472806594675, 40.319083639082315], [115.58472618494963, 40.31917370458445], [115.58460851980219, 40.31917226473275], [115.58460663864035, 40.319262330228845], [115.58448897334512, 40.31926089025296], [115.58448709201853, 40.31935095574301], [115.58460475747, 40.31935239572347], [115.5846028762912, 40.31944246121659]], [[115.58696558041018, 40.319020907856775], [115.58708324541463, 40.31902234530663], [115.58708512326963, 40.31893227971045], [115.58696745842144, 40.31893084226516], [115.58696558041018, 40.319020907856775]], [[115.58908355178573, 40.31904676364956], [115.58920121694254, 40.31904819894594], [115.58920309198488, 40.31895813326793], [115.58908542698435, 40.3189566979761], [115.58908355178573, 40.31904676364956]], [[115.58931888210779, 40.31904963412268], [115.5894365472815, 40.319051069179785], [115.58943842201134, 40.318961003492696], [115.58932075699389, 40.31895956844012], [115.58931888210779, 40.31904963412268]], [[115.58955421246368, 40.319052504117245], [115.58967187765428, 40.319053938935085], [115.5896737520716, 40.3189638732389], [115.59002674722544, 40.318968176960944], [115.59002862116553, 40.31887811124966], [115.59026395099782, 40.31888097979043], [115.59027144542364, 40.31852071689421], [115.58991845256297, 40.3185164139581], [115.58991657850044, 40.31860647967074], [115.5896812496564, 40.31860361043942], [115.58967937527287, 40.3186936761415], [115.58956171070729, 40.318692241341836], [115.58955983615907, 40.31878230703791], [115.58967750088091, 40.31878374184211], [115.5896756264805, 40.318873807541245], [115.58944029673273, 40.31887093780412], [115.58943842201134, 40.318961003492696], [115.58955608703727, 40.318962438425615], [115.58955421246368, 40.319052504117245]], [[115.58885009700865, 40.31895382703351], [115.58908542698435, 40.3189566979761], [115.58909292769428, 40.31859643526746], [115.58897526332721, 40.31859499987416], [115.5889771386398, 40.318504934197854], [115.58885947443744, 40.31850349868945], [115.58885759896862, 40.31859356436122], [115.58873993461847, 40.318592128728646], [115.5887361833429, 40.318772260058665], [115.58885384800556, 40.31877369570032], [115.58885009700865, 40.31895382703351]], [[115.58944404615015, 40.318690806422545], [115.58956171070729, 40.318692241341836], [115.58956358524706, 40.31860217564429], [115.58944592084617, 40.31860074072953], [115.58944404615015, 40.318690806422545]], [[115.58615507917355, 40.31838038340866], [115.58627274302494, 40.3183818216641], [115.58627462191443, 40.31829175608944], [115.58615695821929, 40.31829031783856], [115.58615507917355, 40.31838038340866]], [[115.58181283147063, 40.317786691424566], [115.5819304940705, 40.317788134079045], [115.5819323786903, 40.317698068664214], [115.58181471624667, 40.3176966260143], [115.58181283147063, 40.317786691424566]], [[115.58546225594797, 40.31774129253319], [115.58569758137, 40.317744170296265], [115.5856994609814, 40.31765410473402], [115.58546413587186, 40.31765122698005], [115.58546225594797, 40.31774129253319]], [[115.58875681493984, 40.31778153767038], [115.5893451297438, 40.317788714432396], [115.58934700451152, 40.31769864872915], [115.58958233017981, 40.317701518587455], [115.58958607906493, 40.31752138715833], [115.58970374159925, 40.31752282189895], [115.58970749013805, 40.31734269045483], [115.58982515236832, 40.31734412506675], [115.5898270264688, 40.31725405933791], [115.5899446885513, 40.317255493825655], [115.58994656248707, 40.31716542809082], [115.58971123864303, 40.3171625590048], [115.5897149871142, 40.316982427548844], [115.58959732551735, 40.31698099283547], [115.58959919989651, 40.31689092710983], [115.58948153846434, 40.31688949228137], [115.58947966392894, 40.316979558002465], [115.58936200234899, 40.31697812304985], [115.58936012764892, 40.31706818876494], [115.58924246592117, 40.317066753688145], [115.58923871618313, 40.317246885104794], [115.58912105415136, 40.31724544989929], [115.58911917911341, 40.317335515600845], [115.58900151693385, 40.31733408027116], [115.58899776652011, 40.31751421166077], [115.58888010403652, 40.31751277620236], [115.58887635327645, 40.31769290757697], [115.58875869048882, 40.31769147198983], [115.58875681493984, 40.31778153767038]], [[115.58534647332982, 40.31764978792362], [115.58546413587186, 40.31765122698005], [115.58546601578728, 40.31756116142544], [115.58558367818156, 40.31756260035768], [115.58558743767449, 40.317382469234886], [115.58535211351939, 40.31737959126899], [115.58534647332982, 40.31764978792362]], [[115.58226379200777, 40.313107615020606], [115.58249910101922, 40.31311049901738], [115.58250475165285, 40.31284030248282], [115.58238709761149, 40.312838860557925], [115.58238521391925, 40.31292892606636], [115.58226755973017, 40.3129274840173], [115.58226379200777, 40.313107615020606]], [[115.58875730491414, 40.312105961482835], [115.58887495800731, 40.31210739690784], [115.58888058303044, 40.311837199582236], [115.5887629304059, 40.31183576417086], [115.58876105525043, 40.31192582994299], [115.58864340247814, 40.31192439440748], [115.58864152715802, 40.312014460173586], [115.58875918008651, 40.31201589571366], [115.58875730491414, 40.312105961482835]], [[115.57970181658018, 40.31181494373876], [115.57981946870774, 40.31181638836437], [115.57982135573445, 40.31172632293868], [115.5797037037631, 40.311724878317655], [115.57970181658018, 40.31181494373876]], [[115.58923354095485, 40.311841505098705], [115.58935119361323, 40.311842940031646], [115.58935306797923, 40.311752874235324], [115.58947072048986, 40.31175430904411], [115.58947259469119, 40.31166424324176], [115.58970789942539, 40.31166711249145], [115.58970602553646, 40.31175717830288], [115.58982367807245, 40.311758612752854], [115.58982929924531, 40.3114884153005], [115.59006460340542, 40.311491283814384], [115.5900664768004, 40.31140121798488], [115.58994882487234, 40.31139978379229], [115.58995069841507, 40.31130971796585], [115.58983304665165, 40.311308283658185], [115.58983117295269, 40.311398349480086], [115.58971352104152, 40.31139691504827], [115.58971726874334, 40.3112167834121], [115.589599617153, 40.311215348869766], [115.58960149114745, 40.311125283054], [115.58936618830454, 40.31112241361961], [115.58936993689282, 40.31094228200179], [115.58948758799767, 40.31094371676971], [115.58949133623977, 40.310763585136904], [115.58937368544731, 40.310762150378075], [115.58937555971188, 40.310672084564], [115.58925790908408, 40.31067064969011], [115.58926165790022, 40.31049051806661], [115.58914400759326, 40.3104890830822], [115.58915150574889, 40.310128819835604], [115.58903385607515, 40.31012738474976], [115.58903573074912, 40.31003731893896], [115.58891808124, 40.31003588373806], [115.58891620640983, 40.31012594954433], [115.5886809071046, 40.31012307877465], [115.58868465738121, 40.30994294717883], [115.5883317094239, 40.30993864015459], [115.58833358501808, 40.30984857436809], [115.58809828673454, 40.3098457024297], [115.58808890711718, 40.310296031301924], [115.58797125720716, 40.31029459513059], [115.58796938110213, 40.31038466089606], [115.58808703116834, 40.31038609707193], [115.58808327924525, 40.31056622860751], [115.58796562886666, 40.31056479242254], [115.58796375273624, 40.31065485818357], [115.58808140327103, 40.31065629437309], [115.58807765129718, 40.31083642589978], [115.58819530215283, 40.31083786197879], [115.5881934263094, 40.31092792774446], [115.58831107732969, 40.31092936370841], [115.588309201634, 40.311019429477156], [115.58866215521421, 40.311023736665014], [115.58865652948217, 40.31129393400329], [115.58877418116109, 40.311295369507], [115.58877043094319, 40.31147550106754], [115.58888808294293, 40.311476936460735], [115.5888862079775, 40.31156700224333], [115.58900386014189, 40.31156843752145], [115.58900198532422, 40.311658503307115], [115.58911963765328, 40.31165993847019], [115.58911776298335, 40.31175000425891], [115.58923541547705, 40.31175143930692], [115.58923354095485, 40.311841505098705]], [[115.59147455754652, 40.31159855073327], [115.59159220989676, 40.31159998338007], [115.591595952634, 40.31141985160459], [115.59147830059614, 40.31141841896686], [115.59147455754652, 40.31159855073327]], [[115.58066000693255, 40.311015908222195], [115.58077765772238, 40.311017351849834], [115.58077954342296, 40.31092728637426], [115.58066189278931, 40.31092584275119], [115.58066000693255, 40.311015908222195]], [[115.57995598916602, 40.31091717850121], [115.58007363974862, 40.310918622841875], [115.58007552637785, 40.31082855739225], [115.57995787595145, 40.31082711305615], [115.57995598916602, 40.31091717850121]], [[115.58019129033976, 40.310920067062945], [115.58030894093937, 40.31092151116441], [115.58031082725623, 40.31083144570564], [115.5801931768128, 40.31083000160874], [115.58019129033976, 40.310920067062945]], [[115.58077954342296, 40.31092728637426], [115.58089719406513, 40.310928729877716], [115.580899079601, 40.31083866439608], [115.58101673009547, 40.31084010777537], [115.58102050082935, 40.31065997679855], [115.58113815101994, 40.310661420049094], [115.58114569176091, 40.31030115805941], [115.58126334133524, 40.31030260117208], [115.58126522634304, 40.310212535666395], [115.58150052520483, 40.31021542152381], [115.58150617924012, 40.30994522497045], [115.58162382821519, 40.30994666770606], [115.58162571272045, 40.30985660218076], [115.58150806390154, 40.30985515944971], [115.58151371783485, 40.30958496287861], [115.581396069493, 40.309583520041684], [115.58141114752391, 40.30886299582349], [115.58129350044001, 40.308861552903494], [115.5812972701751, 40.308681421843296], [115.58141491694667, 40.30868286475414], [115.58141680164529, 40.308592799217244], [115.58129915502988, 40.308591356310956], [115.58130103987618, 40.30850129077715], [115.5814186863354, 40.308502733678864], [115.58142245569015, 40.308322602597684], [115.5815401018455, 40.30832404537067], [115.58154763982834, 40.30796378317228], [115.58142999429764, 40.30796234041756], [115.58143187892827, 40.307872274868835], [115.58131423356227, 40.3078708319991], [115.58131611834055, 40.30778076645345], [115.5811984731392, 40.30777932346869], [115.58120035806519, 40.30768925792612], [115.5810827130285, 40.30768781482635], [115.58108082794638, 40.30777788036434], [115.58096318276203, 40.3077764371404], [115.58095941225993, 40.30795656820279], [115.58084176677174, 40.30795512485013], [115.58083799592329, 40.30813525589746], [115.58060270434775, 40.30813236881509], [115.58060081859843, 40.308222434327405], [115.58036552674457, 40.30821954675752], [115.58036364067439, 40.3083096122592], [115.58012834854222, 40.30830672420182], [115.58012268934364, 40.30857692067057], [115.58000504282177, 40.30857547644878], [115.58000315624908, 40.30866554193084], [115.58012080292708, 40.30866698615721], [115.58011703006846, 40.308847117126014], [115.58035232407477, 40.308850005238256], [115.58034289334114, 40.30930033268011], [115.58022524555285, 40.309298888660926], [115.58021392745475, 40.309839281514876], [115.58033157618013, 40.309840725561486], [115.58032780372505, 40.31002085651011], [115.58044545277131, 40.310022300446256], [115.5804435666872, 40.31011236592291], [115.58032591748476, 40.310110921982194], [115.58032403123597, 40.3102009874528], [115.58020638188586, 40.3101995433879], [115.58019883618086, 40.31055980523726], [115.58055178613098, 40.31056413712801], [115.58054801416458, 40.31074426807123], [115.58066566447735, 40.310745711804756], [115.58066377863759, 40.31083577727871], [115.58078142911504, 40.31083722089719], [115.58077954342296, 40.31092728637426]], [[115.59254464961543, 40.31107104468684], [115.59266230110441, 40.31107247622999], [115.59266604092885, 40.31089234435517], [115.59290134330735, 40.310895207064526], [115.59290321289451, 40.31080514111583], [115.59278556185726, 40.31080370982548], [115.5927874315922, 40.31071364387984], [115.59290508247325, 40.31071507516567], [115.59290882160548, 40.310534943260876], [115.59267352047652, 40.31053208058777], [115.59266978071956, 40.31071221247443], [115.59255212985535, 40.3107107809494], [115.59254464961543, 40.31107104468684]], [[115.59055768451194, 40.31041622913749], [115.59079298502472, 40.31041909610718], [115.59079672972919, 40.31023896435676], [115.59091437968587, 40.310240397653146], [115.59091250749404, 40.31033046353364], [115.59103015761535, 40.31033189671494], [115.59103390167819, 40.31015176494342], [115.59115155149557, 40.31015319799606], [115.59115342335812, 40.31006313210353], [115.5915063723923, 40.31006743053024], [115.59150824377788, 40.30997736462264], [115.59162589331665, 40.3099787971878], [115.59162776453756, 40.309888731274185], [115.59151011515499, 40.30988729871355], [115.5915119865237, 40.309797232802985], [115.59139433730574, 40.3097958001273], [115.59139620882218, 40.30970573421979], [115.59080796364003, 40.30969856907002], [115.59080609134267, 40.309788634954835], [115.59068844217538, 40.30978720156154], [115.59068469724295, 40.30996733331769], [115.59044939830896, 40.30996446615416], [115.590445652718, 40.31014459788623], [115.59056330249314, 40.31014603153687], [115.59055768451194, 40.31041622913749]], [[115.59220665929263, 40.310346221950006], [115.59244195972934, 40.31034908556181], [115.59244944032413, 40.30998882179517], [115.59233179072635, 40.30998739006721], [115.59233366101014, 40.30989732412639], [115.59198071273589, 40.30989302823848], [115.59197884198353, 40.30998309416571], [115.59174354286382, 40.309980229633375], [115.59174167179063, 40.31007029555004], [115.59197697122272, 40.31007316009144], [115.59197510045348, 40.31016322601571], [115.59209275033835, 40.31016465811155], [115.59209087971685, 40.31025472403887], [115.59220852976635, 40.31025615601964], [115.59220665929263, 40.310346221950006]], [[115.59058577365795, 40.30906524100128], [115.59082106948514, 40.30906810783484], [115.59082294171498, 40.30897804193819], [115.59094058948503, 40.30897947517104], [115.59094246155023, 40.308889409268374], [115.59058951873386, 40.30888510922463], [115.59058577365795, 40.30906524100128]], [[115.58777723645493, 40.30831027541485], [115.58789488291204, 40.30831171172534], [115.58789675897864, 40.3082216459304], [115.58777911267775, 40.30822020962446], [115.58777723645493, 40.30831027541485]], [[115.58848686588746, 40.308138759847104], [115.58860451208298, 40.30814019543096], [115.58860638719565, 40.308050129605796], [115.58872403324344, 40.30805156506551], [115.58872215828694, 40.30814163089522], [115.58883980449934, 40.308143066239886], [115.58884167929968, 40.308053000405636], [115.58895932536437, 40.30805443562617], [115.58896120000007, 40.3079643697859], [115.58907884591704, 40.30796580488229], [115.58908072038814, 40.307875739036], [115.58919836615739, 40.307877174008254], [115.58920211476185, 40.307697042302145], [115.58955505118332, 40.30770134647415], [115.58955692500437, 40.307611280605244], [115.58979221568191, 40.307614149446216], [115.58979596267397, 40.30743401768581], [115.59003125276065, 40.30743688603026], [115.59003312593165, 40.30734682013876], [115.59015077083151, 40.307348254127064], [115.59015451683587, 40.307168122330545], [115.59003687224838, 40.30716668835131], [115.59003874539404, 40.30707662245538], [115.58992110097114, 40.307075188361104], [115.58992297426454, 40.30698512246823], [115.58980533000627, 40.30698368825891], [115.58980907688003, 40.30680355647778], [115.58969143294253, 40.306802122157976], [115.58969705365833, 40.30653192448884], [115.58946176674561, 40.30652905551767], [115.58946364061298, 40.306438989634074], [115.58934599732545, 40.30643755497365], [115.58934412330196, 40.30652762085271], [115.58899119302164, 40.30652331614033], [115.58898931852119, 40.30661338200426], [115.58863638784848, 40.30660907620199], [115.58863451287108, 40.30669914205082], [115.58851686917427, 40.30669770653968], [115.58851499403225, 40.30678777238249], [115.58839735018773, 40.30678633674722], [115.58839547488111, 40.306876402584], [115.58827783088886, 40.30687496682461], [115.58827595541761, 40.30696503265536], [115.58815831127768, 40.30696359677183], [115.5881545599975, 40.30714372841982], [115.58803691555369, 40.30714229240761], [115.58803503974475, 40.30723235822484], [115.58791739515323, 40.3072309220885], [115.58791364319762, 40.30741105370943], [115.58779599830224, 40.307409617444414], [115.58779224600046, 40.30758974905032], [115.58790989120817, 40.30759118532444], [115.58790613918491, 40.30777131693353], [115.58825907579588, 40.307775625065645], [115.58825532467576, 40.307955756696096], [115.58837297054203, 40.307957192510045], [115.58837109512547, 40.3080472583276], [115.58848874115633, 40.30804869402649], [115.58848686588746, 40.308138759847104]], [[115.58156083097107, 40.30733332426812], [115.58167847541708, 40.307334766871286], [115.58168035967589, 40.30724470130306], [115.58179800397424, 40.307246143782066], [115.58180365623119, 40.30697594705483], [115.58156836857998, 40.30697306200462], [115.58156648419049, 40.30706312757272], [115.5814488402215, 40.30706168486367], [115.58145072476711, 40.30697161930014], [115.58109779337954, 40.30696729046919], [115.58109590836541, 40.30705735601902], [115.58121355230894, 40.30705879908682], [115.58121166744247, 40.30714886463973], [115.58144695566735, 40.30715175042571], [115.58144507110471, 40.30724181598627], [115.58156271538604, 40.30724325870446], [115.58156083097107, 40.30733332426812]], [[115.58026862875877, 40.307227382227225], [115.58050391715993, 40.30723026993573], [115.58050580297189, 40.30714020441171], [115.58074109109474, 40.307143091632724], [115.58074297658585, 40.30705302609809], [115.58086062050388, 40.30705446952465], [115.58086439114827, 40.3068743384418], [115.58098203476247, 40.30687578173963], [115.58098391991575, 40.30678571619141], [115.5811015633823, 40.30678715936511], [115.58110344837092, 40.30669709381084], [115.5812210916898, 40.30669853686037], [115.58121732201637, 40.30687866797655], [115.58133496565607, 40.30688011091564], [115.58133873501718, 40.30669997979032], [115.58145637835305, 40.306701422600675], [115.5814582628647, 40.30661135703122], [115.581340619685, 40.306609914225426], [115.5813443889951, 40.30642978309124], [115.58146203186251, 40.30643122588789], [115.58146014736785, 40.3065212914603], [115.5815777903999, 40.30652273414194], [115.58158155906838, 40.306342602986525], [115.58134627363741, 40.30633971752192], [115.58134815827121, 40.30624965195111], [115.58123051572464, 40.306248209044], [115.58123240050611, 40.3061581434763], [115.58111475812417, 40.306156700454174], [115.58111852797391, 40.305976569323455], [115.58123617004354, 40.30597801233643], [115.58123993954698, 40.30579788119066], [115.58112229778966, 40.3057964381868], [115.58112418268477, 40.30570637261627], [115.58100654109211, 40.3057049294974], [115.58100842613489, 40.305614863929954], [115.58089078470688, 40.30561342069609], [115.58089266989731, 40.305523355131726], [115.58053974613274, 40.305519024726344], [115.58053786047388, 40.305609090277], [115.58030257769435, 40.305606202733046], [115.5802988057265, 40.30578633381163], [115.5801811640372, 40.30578488985115], [115.58017927788435, 40.30587495538366], [115.58029691972982, 40.30587639934871], [115.58029314771089, 40.30605653041841], [115.58017550555316, 40.30605508644421], [115.5801717331879, 40.30623521749886], [115.58028937565797, 40.3062366614822], [115.58028748961877, 40.30632672701188], [115.58016984699255, 40.30632528302397], [115.58016607457628, 40.30650541406973], [115.58004843164623, 40.306503969953084], [115.5800465452692, 40.306594035469175], [115.5799289021915, 40.30659259122838], [115.57992512909955, 40.30677272224698], [115.57980748571806, 40.30677127787746], [115.57980371227977, 40.30695140888099], [115.5800389996759, 40.30695429751875], [115.58003522682823, 40.30713442853465], [115.58027051488304, 40.30713731671235], [115.58026862875877, 40.307227382227225]], [[115.58191941614855, 40.30706745498233], [115.58215470416306, 40.307070339324156], [115.5821565877717, 40.30698027373323], [115.58203894391637, 40.30697883162669], [115.5820408276727, 40.306888766038846], [115.58192318398204, 40.30688732381727], [115.58191941614855, 40.30706745498233]], [[115.59109567383996, 40.307179589859196], [115.59156625254461, 40.30718532075341], [115.59156812366015, 40.30709525479849], [115.59145047912747, 40.30709382225885], [115.59145983535936, 40.306643492484724], [115.59134219161598, 40.30664205984818], [115.59134593436197, 40.30646192793724], [115.59122829093934, 40.30646049519019], [115.59123016245586, 40.30637042923703], [115.59099487594821, 40.306367563393216], [115.59099674776859, 40.30627749744766], [115.59087910468361, 40.306276064350925], [115.5908809766517, 40.306185998408424], [115.5907633337313, 40.30618456519663], [115.59075584518362, 40.3065448289396], [115.59087348872865, 40.30654626216954], [115.59087161672677, 40.30663632810612], [115.59098926043642, 40.30663776122102], [115.59098551671967, 40.30681789309882], [115.5911031607501, 40.306819326103195], [115.59109567383996, 40.307179589859196]], [[115.58168789662616, 40.30688443901536], [115.58180554029985, 40.30688588147611], [115.58180742436, 40.30679581589592], [115.58168978084248, 40.30679437343976], [115.58168789662616, 40.30688443901536]], [[115.59227586120335, 40.307013781541386], [115.59239350563887, 40.307015213239374], [115.59239537564436, 40.306925147249764], [115.59227773136499, 40.3069237155563], [115.59227586120335, 40.307013781541386]], [[115.58157213733344, 40.30679293086399], [115.58168978084248, 40.30679437343976], [115.58169354924962, 40.30661424228406], [115.58157590605292, 40.306612799717435], [115.58157213733344, 40.30679293086399]], [[115.58193071954705, 40.30652706146938], [115.58228364877067, 40.306531387720554], [115.58228553217221, 40.306441322116186], [115.58193260341706, 40.306436995878705], [115.58193071954705, 40.30652706146938]], [[115.61098881319178, 40.306879652558045], [115.61110645833463, 40.306881065223465], [115.6111083034761, 40.306790998512106], [115.6109906584894, 40.30678958585116], [115.61098881319178, 40.306879652558045]], [[115.5678155161101, 40.30626306386343], [115.56793315799554, 40.306264520411965], [115.56793886530168, 40.3059943252691], [115.56782122388474, 40.305992868734386], [115.56781932130176, 40.30608293377889], [115.56770167973724, 40.30608147711999], [115.56769977698956, 40.3061715421584], [115.56781741871023, 40.30617299882189], [115.5678155161101, 40.30626306386343]], [[115.58228553217221, 40.306441322116186], [115.58240317510757, 40.30644276395618], [115.58240505834448, 40.30635269834576], [115.58228741556526, 40.306351256510325], [115.58228553217221, 40.306441322116186]], [[115.58169920179664, 40.30634404553943], [115.58228741556526, 40.306351256510325], [115.58228929894983, 40.306261190902994], [115.58170108596197, 40.30625397995494], [115.58169920179664, 40.30634404553943]], [[115.58252270113216, 40.30635414006161], [115.58264034392836, 40.306355581657876], [115.58264410975204, 40.30617545041436], [115.58252646726817, 40.30617400882722], [115.58252270113216, 40.30635414006161]], [[115.56805460445656, 40.30608584673792], [115.56817224604683, 40.30608730303808], [115.56817605026727, 40.30590717291994], [115.5682936915538, 40.3059086290913], [115.56829559349501, 40.305818564025394], [115.5680603112428, 40.30581565157233], [115.5680584089893, 40.30590571662901], [115.5679407677199, 40.3059042602185], [115.56793886530168, 40.3059943252691], [115.56805650672723, 40.30599578168422], [115.56805460445656, 40.30608584673792]], [[115.5831127974895, 40.306271281207835], [115.58323044017199, 40.30627272220161], [115.58323420441712, 40.30609259090951], [115.58311656204695, 40.306091149924846], [115.58312220881946, 40.30582095298927], [115.58300456692625, 40.30581951189872], [115.58299703725463, 40.30617977445827], [115.58311467977245, 40.30618121556707], [115.5831127974895, 40.306271281207835]], [[115.58946738832233, 40.30625885786246], [115.58958503130597, 40.306260292394214], [115.58958690499182, 40.306170226501635], [115.58946926216434, 40.30616879197443], [115.58946738832233, 40.30625885786246]], [[115.57382284168384, 40.305976934259846], [115.57394048338128, 40.30597838469139], [115.57394427226465, 40.30579825411647], [115.57347370677539, 40.30579245170952], [115.57347181171335, 40.30588251697935], [115.57382473628596, 40.30588686897771], [115.57382284168384, 40.305976934259846]], [[115.59723370687048, 40.306263214262955], [115.59770428045545, 40.306268920084094], [115.59770614335788, 40.30617885387761], [115.59782378661899, 40.30618028002942], [115.59782564935684, 40.306090213816944], [115.59794329247016, 40.30609163984465], [115.59794701760838, 40.305911507406215], [115.59782937480738, 40.305910081387545], [115.59783123752004, 40.30582001517064], [115.59771359488357, 40.30581858903689], [115.59771545774399, 40.30572852282301], [115.59712724546851, 40.305721390383106], [115.59712910910133, 40.30563132419033], [115.5970114668276, 40.305629897348126], [115.59701333060816, 40.30553983115839], [115.59689568849898, 40.30553840420111], [115.59689941634717, 40.30535827182625], [115.59654649100703, 40.30535399026404], [115.59654276222192, 40.3055341226118], [115.59642512014636, 40.3055326951762], [115.59641952643716, 40.305802893673196], [115.59665481153358, 40.30580574845193], [115.59665294725934, 40.30589581462368], [115.59712351817771, 40.30590152276422], [115.59711979085328, 40.30608165513942], [115.5972374339162, 40.30608308188464], [115.59723370687048, 40.306263214262955]], [[115.58958877866921, 40.3060801606076], [115.58982406403722, 40.30608302929417], [115.58982593739384, 40.30599296338957], [115.58994357993437, 40.30599439754895], [115.58994545312639, 40.30590433163832], [115.59006309551921, 40.30590576567358], [115.59006496854664, 40.30581569975693], [115.58982968408176, 40.30581283157592], [115.58983155741305, 40.30572276566688], [115.5894786312476, 40.305718462512125], [115.58947675744785, 40.30580852840754], [115.58924147306747, 40.30580565903071], [115.58923772481798, 40.30598579079895], [115.58959065233817, 40.30599009471207], [115.58958877866921, 40.3060801606076]], [[115.59230204269916, 40.30575285761564], [115.59253732720617, 40.30575572076514], [115.59253919693745, 40.30566565475029], [115.5927744811659, 40.30566851741241], [115.59277635057643, 40.305578451387014], [115.59265870861417, 40.30557702012028], [115.59266057817241, 40.30548695409794], [115.59277821997857, 40.30548838536015], [115.59278008937225, 40.30539831933179], [115.59266244772226, 40.30539688807411], [115.59266431726367, 40.30530682204883], [115.59254667577828, 40.30530539067611], [115.59254854546741, 40.305215324653865], [115.59219562153027, 40.30521102983182], [115.59219375137269, 40.30530109584046], [115.59207610992104, 40.30529966398942], [115.59207423959886, 40.30538972999206], [115.59195659799948, 40.3053882980169], [115.59195098651394, 40.30565849600234], [115.59230391274274, 40.30566279160985], [115.59230204269916, 40.30575285761564]], [[115.57524589885851, 40.30545393950073], [115.57536353972151, 40.305455388469795], [115.57536543224242, 40.30536532311912], [115.57548307295781, 40.305366771964025], [115.57548875000096, 40.30509657588933], [115.57525346951562, 40.30509367810748], [115.57525157686413, 40.30518374345801], [115.5751339364781, 40.305182294383116], [115.57513204366194, 40.30527235972759], [115.57524968420411, 40.305273808807065], [115.57524589885851, 40.30545393950073]], [[115.56654240296035, 40.30525631895714], [115.56666004303374, 40.30525777677029], [115.56666194710091, 40.30516771175859], [115.56654430718368, 40.30516625395006], [115.56654240296035, 40.30525631895714]], [[115.61007534967887, 40.305517346707944], [115.61019299241268, 40.305518760262956], [115.61019668493618, 40.305338626866046], [115.6100790425147, 40.30533721331997], [115.61007534967887, 40.305517346707944]], [[115.58219614159162, 40.30508889598198], [115.58266670398089, 40.30509466282894], [115.58267235234706, 40.304824465899294], [115.58255471220544, 40.30482302438061], [115.58255659513335, 40.30473295873901], [115.58243895515635, 40.3047315171053], [115.58243330587877, 40.30500171401201], [115.58219802501341, 40.30499883035851], [115.58219614159162, 40.30508889598198]], [[115.593607317734, 40.305228202662704], [115.5937249591391, 40.30522963295467], [115.5937268272583, 40.30513956688566], [115.59384446851564, 40.30514099705352], [115.59384633647026, 40.30505093097849], [115.5939639775799, 40.30505236102225], [115.59396771315156, 40.30487222885871], [115.5936147907848, 40.304867938395866], [115.593607317734, 40.305228202662704]], [[115.57409600926047, 40.304178528895726], [115.5742136478521, 40.3041799789963], [115.57421554181494, 40.304089913670786], [115.57433318025898, 40.304091363647196], [115.57433507405713, 40.30400129831561], [115.57468798897203, 40.30400564751365], [115.57468988229323, 40.30391558216681], [115.57457224413587, 40.3039141325583], [115.57457413760467, 40.30382406721457], [115.57422122365222, 40.30381971768535], [115.57422501150101, 40.30363958702099], [115.5741073738462, 40.30363813694795], [115.57410169159179, 40.30390833292851], [115.57398405347712, 40.30390688272213], [115.57398026495252, 40.30408701335925], [115.57409790337947, 40.30408846357481], [115.57409600926047, 40.304178528895726]], [[115.5953905986466, 40.304348983096126], [115.59562587859482, 40.304351839882656], [115.59563147517946, 40.304081641409624], [115.59527855667507, 40.30407735609119], [115.59527482469016, 40.30425748838088], [115.59539246449552, 40.30425891694898], [115.5953905986466, 40.304348983096126]], [[115.59457085296842, 40.30415884834422], [115.59480613217421, 40.3041617067867], [115.59480799878703, 40.30407164065921], [115.59492563824641, 40.304073069696564], [115.59492750469467, 40.30398300356307], [115.59480986539141, 40.30398157453023], [115.59481173198738, 40.303891508399786], [115.59457645371843, 40.303888649984444], [115.59457085296842, 40.30415884834422]], [[115.61362857724956, 40.30438883246877], [115.61398150013429, 40.30439306183841], [115.61398334129518, 40.304302994978485], [115.61421862294753, 40.30430581395143], [115.61422046378785, 40.30421574708111], [115.61410282311365, 40.304214337658884], [115.61410650508166, 40.30403420392276], [115.6134006630847, 40.30402574493185], [115.61340250499313, 40.303935678088344], [115.61328486484551, 40.303934267842465], [115.61327749653738, 40.30429453518977], [115.61363041887891, 40.304298765622235], [115.61362857724956, 40.30438883246877]], [[115.59669209525293, 40.30400442470656], [115.59680973469077, 40.3040058518262], [115.59681159863231, 40.303915785618884], [115.5969292379224, 40.30391721261442], [115.5969348292282, 40.30364701397008], [115.5970524680583, 40.3036484408325], [115.5970561952412, 40.30346830838651], [115.59693855672342, 40.30346688153313], [115.59694042045838, 40.30337681531243], [115.59682278210515, 40.303375388344016], [115.59682091821401, 40.30346545456018], [115.59670327971304, 40.303464027467655], [115.59670700779914, 40.30328389504287], [115.59647173144697, 40.30328104051716], [115.59646986709583, 40.30337110672127], [115.5963522287762, 40.303369679274546], [115.59634663520393, 40.30363987786441], [115.59646427399198, 40.303641305324696], [115.59646240960721, 40.303731371522886], [115.59658004855982, 40.30373279886812], [115.59657818432278, 40.30382286506934], [115.59669582343993, 40.30382429229951], [115.59669209525293, 40.30400442470656]], [[115.59445881459659, 40.30388722059741], [115.59457645371843, 40.303888649984444], [115.59457832061828, 40.303798583861564], [115.59446068165258, 40.30379715447906], [115.59445881459659, 40.30388722059741]], [[115.59410776480597, 40.30379286561409], [115.5942254037464, 40.303794295355324], [115.59422727110626, 40.30370422924454], [115.59410963232196, 40.30370279950784], [115.59410776480597, 40.30379286561409]], [[115.59387622259844, 40.30360987357703], [115.59399386120975, 40.30361130354835], [115.59399572886505, 40.30352123744367], [115.59387809040986, 40.303519807476874], [115.59387622259844, 40.30360987357703]], [[115.59376045196309, 40.3035183773905], [115.59387809040986, 40.303519807476874], [115.59388556157128, 40.303159543061454], [115.59376792374907, 40.303158112993195], [115.59376045196309, 40.3035183773905]], [[115.57388157037674, 40.30318490982524], [115.57411684409942, 40.30318781028411], [115.57412252614886, 40.30291761426802], [115.57400488975163, 40.302916164112155], [115.57400299558756, 40.30300622944774], [115.57388535904278, 40.30300477916771], [115.57388157037674, 40.30318490982524]], [[115.59517771211115, 40.30326533207645], [115.59529535019053, 40.30326676071438], [115.59529721609461, 40.303176694554004], [115.59541485402627, 40.30317812306784], [115.59541671976581, 40.30308805690146], [115.59553435754975, 40.3030894852912], [115.59553622312474, 40.302999419118834], [115.59565386076095, 40.303000847384475], [115.59565759157344, 40.30282071502625], [115.5961281409533, 40.30282642685696], [115.59613187048306, 40.30264629445666], [115.59601423343776, 40.30264486668737], [115.59601609834617, 40.30255480048953], [115.59578082459302, 40.30255194460129], [115.59577895937234, 40.30264201079011], [115.59566132235224, 40.30264058266212], [115.59565945696706, 40.30273064884492], [115.59542418263985, 40.30272779222119], [115.59542231693395, 40.30281785839348], [115.59530467962685, 40.30281642989774], [115.5953028137564, 40.302906496064026], [115.59518517630156, 40.302905067444186], [115.59518331026659, 40.30299513360446], [115.59506567266405, 40.30299370486054], [115.59506194025657, 40.30317383716762], [115.59517957817138, 40.3031752659206], [115.59517771211115, 40.30326533207645]], [[115.5936502859353, 40.30315668280536], [115.59376792374907, 40.303158112993195], [115.5937735275001, 40.3028879146797], [115.59365589015472, 40.30288648450544], [115.5936502859353, 40.30315668280536]], [[115.59694414790316, 40.30319668286663], [115.59706178595253, 40.30319810970644], [115.59706364950615, 40.3031080434768], [115.59729892531787, 40.3031108967887], [115.59730078855083, 40.30302083054854], [115.59706551305139, 40.30301797724567], [115.59706737658823, 40.30292791101308], [115.59694973900726, 40.302926484186806], [115.59695160269182, 40.302836417957245], [115.59671632786736, 40.302833563955005], [115.5967200558358, 40.30265343150952], [115.59648478166947, 40.30265057704709], [115.59648664595336, 40.30256051083116], [115.59625137213294, 40.30255765589948], [115.5962495075368, 40.30264772210637], [115.59636714459893, 40.30264914963651], [115.59636528015052, 40.30273921584644], [115.59660055461228, 40.30274207055705], [115.59659869046773, 40.30283213677455], [115.5964810530765, 40.3028307094745], [115.59647918876743, 40.302920775686], [115.59659682631475, 40.30292220299055], [115.59659496215339, 40.30301226920508], [115.59683023758559, 40.303015123464526], [115.59682837372809, 40.303105189686605], [115.59694601161291, 40.30310661664149], [115.59694414790316, 40.30319668286663]], [[115.57294995367397, 40.30272297673583], [115.5733028617238, 40.3027273300455], [115.57330665186565, 40.30254719941908], [115.57342428758709, 40.302548650273984], [115.57342807738252, 40.30236851963245], [115.5733104419733, 40.30236706878673], [115.57331233701433, 40.30227700346834], [115.57284179608749, 40.302271198908194], [115.57283610906532, 40.30254139480381], [115.5727184733866, 40.30253994335108], [115.57271657753932, 40.30263000864207], [115.57295184921755, 40.30263291143714], [115.57294995367397, 40.30272297673583]], [[115.59353825281777, 40.30288505421163], [115.59365589015472, 40.30288648450544], [115.59365775821102, 40.302796418402515], [115.5935401210302, 40.30279498811322], [115.59353825281777, 40.30288505421163]], [[115.58284082013859, 40.30239413420916], [115.58295845608151, 40.302395575365495], [115.58296222053355, 40.302215443973516], [115.58284458490287, 40.302214002826304], [115.58284082013859, 40.30239413420916]], [[115.59613373523536, 40.30255622825429], [115.59625137213294, 40.30255765589948], [115.59625323672067, 40.30246758969112], [115.59613559997919, 40.30246616205045], [115.59613373523536, 40.30255622825429]], [[115.59660801110645, 40.302381805672326], [115.59696092098856, 40.30238608678725], [115.59696278462269, 40.302296020548816], [115.59731569411204, 40.30230030057408], [115.59731383094629, 40.302390366826074], [115.59849019801813, 40.30240462585015], [115.59849205962257, 40.30231455955302], [115.59884496943947, 40.302318834915134], [115.59884683056713, 40.302228768602994], [115.59872919410923, 40.302227343606376], [115.59873105538463, 40.30213727729727], [115.59849578280627, 40.30213442695435], [115.59849764438555, 40.302044360652786], [115.59790946386723, 40.30203723272562], [115.59790760150732, 40.30212729900462], [115.59778996527272, 40.302125873055964], [115.5977881027483, 40.30221593932895], [115.59767046636597, 40.302214513256224], [115.59767232904655, 40.30212444698775], [115.59696651186574, 40.302115888067526], [115.59696837547466, 40.302025821824664], [115.59673310346056, 40.302022967903746], [115.59673496737334, 40.301932901668444], [115.596617331535, 40.30193147453315], [115.59661919559551, 40.30184140830089], [115.5965015599217, 40.30183998105055], [115.59650528832974, 40.30165984859061], [115.5963876529766, 40.30165842122974], [115.59638951732414, 40.30156835500208], [115.59615424695534, 40.30156549993069], [115.5961561116067, 40.301475433710586], [115.5956855715945, 40.301469722151126], [115.59568370631864, 40.30155978835314], [115.59509553071207, 40.301552646190984], [115.59509366464718, 40.301642712368924], [115.59521129990779, 40.301644141045], [115.5952094339906, 40.301734207225984], [115.59509179857386, 40.301732778545386], [115.59508620030347, 40.30200297706588], [115.59520383618859, 40.302004405760044], [115.59520197023774, 40.30209447193511], [115.59579015057018, 40.302101613635095], [115.59578828539158, 40.30219167983129], [115.59602355789566, 40.302194535683356], [115.59602542276201, 40.30210446947812], [115.59614305887057, 40.30210589722028], [115.59614119416034, 40.302195963430044], [115.5963764667149, 40.3021988185647], [115.59637460230853, 40.302288884782016], [115.59660987520897, 40.30229173944743], [115.59660801110645, 40.302381805672326]], [[115.59355319828134, 40.302164525383], [115.59367083436925, 40.3021659556406], [115.59367270235815, 40.30207588952584], [115.59355506642636, 40.302074459272774], [115.59355319828134, 40.302164525383]], [[115.59497789561598, 40.30155121739986], [115.59509553071207, 40.301552646190984], [115.59510299488745, 40.30119238146447], [115.5948677259527, 40.30118952379885], [115.59486585960924, 40.30127958997363], [115.59474822499834, 40.30127816095696], [115.59474449197391, 40.30145829329308], [115.59497976182857, 40.301461151224984], [115.59497789561598, 40.30155121739986]], [[115.59262706479768, 40.3014325503845], [115.59274469956921, 40.301433981562376], [115.5927503070554, 40.30116378328688], [115.59263267275226, 40.30116235212259], [115.59263828063094, 40.300892153847386], [115.59275591446574, 40.30089358499808], [115.59276339089485, 40.30053332059231], [115.59252812448261, 40.30053045820759], [115.59253373265263, 40.300260259914936], [115.5924160999275, 40.30025882855682], [115.59240488257491, 40.30079922510167], [115.59252251623673, 40.30080065648695], [115.59251877736399, 40.300980788665804], [115.5922835094243, 40.300977925757536], [115.59227790011528, 40.30124812398753], [115.59251316899164, 40.30125098692297], [115.59251129951735, 40.30134105300575], [115.5926289341243, 40.301342484298665], [115.59262706479768, 40.3014325503845]], [[115.5929911821606, 40.30089644694078], [115.59346171765146, 40.30090216939147], [115.59346545400948, 40.30072203713718], [115.59334782043636, 40.30072060671291], [115.59335342537854, 40.30045040833399], [115.59323579228219, 40.30044897780374], [115.59324139761686, 40.300178779425096], [115.5933590302449, 40.30018020994175], [115.5933646350354, 40.29991001153621], [115.59324700287573, 40.299908581033144], [115.59325447643629, 40.29954831648985], [115.59348973951519, 40.299551177340206], [115.59349160757205, 40.299461111191626], [115.59360923896803, 40.29946254143294], [115.59361297474426, 40.299282409122284], [115.59349534366048, 40.29928097889003], [115.59349721169207, 40.29919091273702], [115.5933795807728, 40.29918948238973], [115.59338144895209, 40.29909941623976], [115.59326381819737, 40.29909798577745], [115.5932656865243, 40.29900791963054], [115.59314805593412, 40.2990064890532], [115.59314992440875, 40.29891642290934], [115.59267940275666, 40.29891069942257], [115.59268127184728, 40.29882063329535], [115.59256364161143, 40.2988192021293], [115.59256177236472, 40.298909268252004], [115.5923265116061, 40.29890640555218], [115.59232464203876, 40.29899647166434], [115.59220701151601, 40.29899504013057], [115.59220514178412, 40.2990851062367], [115.59196988045169, 40.29908224280145], [115.59196801039917, 40.299172308897035], [115.5918503795895, 40.299170876995554], [115.59184476891306, 40.29944107525985], [115.59196240019106, 40.29944250717495], [115.5919605301048, 40.299532573264635], [115.59207816154735, 40.2995340050647], [115.59207442166178, 40.2997141372487], [115.59266258056196, 40.29972129450103], [115.59266071138708, 40.29981136061347], [115.59254307943407, 40.299809929397576], [115.59254121009462, 40.29989999550401], [115.59242357799396, 40.29989856416403], [115.59242170849, 40.29998863026445], [115.5925393407468, 40.29999006160896], [115.59253560202578, 40.30017019381442], [115.59265323460323, 40.30017162504842], [115.59265884220375, 40.29990142672441], [115.59277647432128, 40.29990285782528], [115.59277460528565, 40.2999929239393], [115.59289223756774, 40.29999435492512], [115.59289036867979, 40.30008442104219], [115.5927727362416, 40.30008299005183], [115.59276525998106, 40.30044325448716], [115.59288289304368, 40.300444685495656], [115.59287541727275, 40.30080494992545], [115.59299305096827, 40.3008063808325], [115.5929911821606, 40.30089644694078]], [[115.59223692607931, 40.29755398223126], [115.59270743823075, 40.29755970735901], [115.59270930719492, 40.2974696412096], [115.59282693509778, 40.29747107218813], [115.59283067268866, 40.29729093987583], [115.592713045098, 40.29728950890637], [115.59271491403692, 40.29719944275253], [115.59259728661077, 40.297198011668044], [115.59259915569731, 40.29710794551725], [115.5924815284357, 40.29710651431774], [115.59248339766992, 40.29701644817002], [115.5923657705728, 40.297015016855504], [115.59236763995469, 40.296924950710824], [115.59225001302208, 40.29692351928129], [115.59225188255162, 40.29683345313966], [115.59213425578355, 40.296832021595115], [115.59213612546073, 40.29674195545655], [115.59201849885717, 40.29674052379699], [115.59202036868201, 40.29665045766148], [115.59178511581236, 40.296647593992795], [115.59178885606109, 40.29646746173547], [115.59167122995107, 40.296466029730865], [115.59167310021886, 40.296375963604525], [115.59155547427338, 40.29637453148493], [115.59155734468881, 40.29628446536163], [115.59143971890782, 40.29628303312703], [115.5914415894709, 40.29619296700678], [115.59132396385445, 40.29619153465717], [115.5913258345652, 40.29610146853999], [115.59120820911323, 40.296100036075366], [115.59121007997162, 40.29600996996124], [115.59109245468419, 40.29600853738161], [115.59109432569021, 40.29591847127054], [115.59097670056727, 40.295917038575915], [115.59097857172095, 40.2958269724679], [115.59086094676253, 40.295825539658274], [115.59086281806384, 40.295735473553314], [115.59074519326995, 40.29573404062868], [115.59074893615939, 40.2955539084234], [115.5906313116861, 40.29555247538829], [115.5906350548539, 40.29537234318618], [115.59075267901507, 40.2953737762122], [115.5907582932353, 40.29510357788432], [115.59064066954238, 40.295102144871905], [115.59064628415487, 40.29483194654433], [115.59076390737958, 40.294833379543135], [115.59076577874414, 40.294743313426444], [115.59064815567548, 40.29474188043217], [115.59065189869142, 40.294561748203435], [115.59076952144792, 40.294563181188636], [115.59077326411796, 40.294383048944916], [115.59089088657076, 40.29438448180151], [115.59090024231787, 40.29393415114363], [115.59078262064537, 40.29393271830972], [115.59077700675424, 40.29420291669527], [115.59054176249818, 40.29420005064165], [115.59053989087212, 40.294290116758134], [115.59042226860069, 40.29428868354748], [115.5904166532037, 40.294558881874444], [115.59029903047251, 40.29455744853065], [115.59029528652017, 40.294737580732146], [115.59017766348528, 40.29473614725975], [115.59017579134039, 40.29482621335375], [115.59029341453133, 40.29482764683069], [115.59029154253408, 40.294917712927756], [115.59017391918705, 40.29491627944628], [115.59017017485503, 40.295096411626865], [115.59005255120431, 40.295094978016756], [115.59005067886957, 40.295185044100315], [115.58993305507123, 40.29518361036614], [115.58993118257197, 40.29527367644367], [115.58957831075935, 40.29526937451029], [115.58957269180628, 40.29553957269314], [115.5896903162036, 40.29554100680409], [115.58968844335841, 40.29563107286661], [115.58992369249053, 40.29563394073898], [115.58991994739915, 40.295814072877775], [115.59003757229003, 40.29581550664373], [115.59003569988775, 40.295905572715434], [115.59015332494316, 40.295907006366384], [115.5901514526885, 40.29599707244117], [115.59038670313679, 40.295999939393525], [115.59038483118586, 40.29609000547589], [115.59050245657873, 40.296091438777296], [115.59050058477544, 40.29618150486273], [115.59073583589868, 40.29618437111599], [115.59073396439909, 40.29627443720903], [115.59085159012947, 40.29627587016088], [115.59084784741717, 40.296456002351576], [115.59096547346815, 40.29645743519296], [115.59096360225541, 40.29654750129062], [115.59108122847088, 40.296548934017], [115.5910793574058, 40.296639000117715], [115.59119698378582, 40.29664043272909], [115.5911988546948, 40.296550366623826], [115.59131648092716, 40.29655179911113], [115.59131273941291, 40.296731931329234], [115.59154799252727, 40.296734795963324], [115.59154425160361, 40.29691492819366], [115.59083849048875, 40.29690633280243], [115.59083661907775, 40.29699639888815], [115.59048373816599, 40.29699209956507], [115.5904818662783, 40.297082165635715], [115.5908347476583, 40.2970864649724], [115.59083287623044, 40.29717653105519], [115.59118575815468, 40.29718082932959], [115.59118388718663, 40.2972708954245], [115.59141914215715, 40.297273760352105], [115.59141727149284, 40.297363826454585], [115.59153489914685, 40.2973652587436], [115.5915330286302, 40.29745532484916], [115.59223879566787, 40.29746391609998], [115.59223692607931, 40.29755398223126]], [[115.5894606868387, 40.29526794029342], [115.58957831075935, 40.29526937451029], [115.58958018372684, 40.29517930844638], [115.58946255996224, 40.29517787423405], [115.5894606868387, 40.29526794029342]], [[115.58159685534817, 40.29436098361673], [115.58218496517603, 40.29436819334501], [115.58218684789955, 40.29427812755459], [115.58206922607306, 40.294276685852566], [115.58207110894416, 40.29418662006522], [115.58195348728222, 40.29418517824822], [115.58195537030089, 40.29409511246398], [115.58172012731463, 40.294092228480515], [115.58172201063695, 40.294002162703926], [115.58183963196976, 40.294003604750856], [115.58184151512751, 40.293913538968205], [115.58172389395075, 40.293912096925844], [115.58172577725608, 40.29382203114627], [115.58184339827679, 40.29382347318408], [115.58184528141754, 40.29373340739846], [115.58172766055291, 40.293731965365225], [115.58172954384125, 40.29364189958272], [115.5819647852669, 40.29364478352051], [115.5819723170869, 40.293284520339114], [115.58185469699404, 40.293283078448226], [115.58185658008387, 40.29319301265375], [115.58197420002067, 40.29319445454006], [115.58197796586272, 40.29301432293752], [115.58209558549592, 40.29301576469517], [115.58209935099191, 40.2928356330776], [115.58221697032148, 40.29283707470659], [115.58222073547142, 40.292656943073965], [115.58233835449737, 40.29265838457431], [115.58234023690356, 40.29256831875121], [115.58245785578195, 40.29256976012747], [115.5824597380236, 40.292479694298336], [115.58269497549375, 40.29248257668315], [115.58270438501422, 40.29203224746961], [115.58293962095786, 40.292035129330706], [115.58294150252439, 40.291945063474444], [115.5828238847044, 40.29194362260823], [115.58282576641851, 40.291853556755036], [115.58294338408245, 40.29185499761669], [115.58294714717313, 40.29167486589676], [115.5830647645335, 40.291676306629775], [115.58306852727813, 40.2914961748948], [115.5831861443349, 40.29149761549918], [115.58318802553845, 40.29140754962491], [115.58330564244767, 40.291408990105204], [115.58330940451727, 40.29122885834311], [115.58319178792011, 40.29122741787194], [115.58319366909824, 40.291137351993235], [115.58295843624153, 40.29113447070146], [115.58295279174551, 40.291404668305766], [115.58283517486176, 40.291403227466915], [115.58283329319006, 40.2914932933275], [115.58271567615876, 40.291491852364565], [115.58271003062468, 40.29176204992374], [115.58259241313372, 40.2917606088276], [115.58258864908983, 40.291940740517205], [115.58223579573162, 40.29193641648427], [115.5822339132288, 40.292026482313155], [115.58199867738703, 40.29202359901779], [115.58199679456364, 40.29211366483607], [115.58176155844373, 40.292110781053495], [115.58175967529974, 40.29220084686116], [115.58164205709647, 40.292199404786025], [115.58163829047095, 40.2923795363878], [115.58140305346569, 40.29237665186067], [115.581399286182, 40.29255678343827], [115.58128166738005, 40.2925553409863], [115.58127789975026, 40.292735472548834], [115.5810426615476, 40.29273258726803], [115.58104077740786, 40.29282265303795], [115.58092315816323, 40.292821210213695], [115.58092127385895, 40.29291127597756], [115.58080365446676, 40.292909833029206], [115.5808055389271, 40.29281976726991], [115.58068791969943, 40.29281832420659], [115.58068980430731, 40.29272825845039], [115.58080742337893, 40.29272970150912], [115.58081119225706, 40.29254956998312], [115.58057595474658, 40.2925466837644], [115.58057030048029, 40.29281688102376], [115.57986458534387, 40.29280821941673], [115.57986647104411, 40.292718153692505], [115.5796312330454, 40.292715265543094], [115.57962934703309, 40.29280533125817], [115.5793941087563, 40.29280244262152], [115.57939222242337, 40.29289250832597], [115.57892174534769, 40.29288672960007], [115.57891797140789, 40.29306686096795], [115.57856511275416, 40.29306252564104], [115.57856322530333, 40.29315259130903], [115.57844560561306, 40.293151145956436], [115.57844183037378, 40.29333127727882], [115.57867707038704, 40.2933341678828], [115.57867518306674, 40.293424233550915], [115.57855756289979, 40.29342278830412], [115.5785556754149, 40.29351285396619], [115.57914377711504, 40.29352007902776], [115.57914000368032, 40.29370021039321], [115.579257624358, 40.29370165505609], [115.57925573778392, 40.293791720741176], [115.57949097947689, 40.29379460971748], [115.57948909320643, 40.293884675410226], [115.57984195627786, 40.29388900799195], [115.57984007046709, 40.293979073696924], [115.58054579777581, 40.293987735660465], [115.5805439128929, 40.294077801391396], [115.5808967771302, 40.294082130773205], [115.58089489270698, 40.294172196516364], [115.58124775748895, 40.2941765248361], [115.5812458735254, 40.294266590591484], [115.58159873885201, 40.29427091784913], [115.58159685534817, 40.29436098361673]], [[115.59006940183703, 40.294284383198324], [115.59018702408315, 40.29428581676758], [115.59018889617738, 40.2941957506647], [115.59030651827587, 40.294197184109876], [115.59031213403976, 40.29392698577878], [115.59019451240945, 40.29392555234721], [115.59019264034055, 40.29401561845452], [115.59007501856263, 40.29401418489889], [115.59007876300414, 40.293834052691864], [115.59019638446995, 40.29383548623843], [115.590198256522, 40.29374542012816], [115.59043349916678, 40.29374828685361], [115.59042601215648, 40.2941085513221], [115.59066125608354, 40.294111417605734], [115.5906649989813, 40.293931285356294], [115.59078262064537, 40.29393271830972], [115.59078449192553, 40.29384265217825], [115.59090211344198, 40.29384408500761], [115.59090772676365, 40.29357388659073], [115.59102534782036, 40.29357531928696], [115.59103283150694, 40.29321505469223], [115.59115045194781, 40.29321648725081], [115.59114858119489, 40.293306553406225], [115.59126620180027, 40.29330798584979], [115.59126807239714, 40.29321791968982], [115.5913856928549, 40.29321935200933], [115.59138756328727, 40.29312928584334], [115.59150518359742, 40.29313071803879], [115.59150705386533, 40.29304065186678], [115.59138943371123, 40.29303921967589], [115.59139130412674, 40.292949153506946], [115.59150892412478, 40.292950585693326], [115.5915107943758, 40.29286051951837], [115.59162841422622, 40.29286195158068], [115.59163963461896, 40.29232155447273], [115.59152201570487, 40.29232012243763], [115.59152388589685, 40.292230056252315], [115.59140626714725, 40.29222862410222], [115.59140813748687, 40.292138557919984], [115.59152575608043, 40.292139990065536], [115.59153136658048, 40.29186979149633], [115.59141374845507, 40.29186835936437], [115.59141748905839, 40.29168822698658], [115.5912998712535, 40.29168679474416], [115.59130174169854, 40.291596728557586], [115.59094888880261, 40.29159243112682], [115.59094701788943, 40.29168249729978], [115.5908294001183, 40.291681064579286], [115.59083127118751, 40.291590998410854], [115.59059603598261, 40.29158813262036], [115.59059416460128, 40.291678198779714], [115.59047654685544, 40.29167676570064], [115.59047467530965, 40.291766831854], [115.59059229321153, 40.2917682649376], [115.59059042181333, 40.29185833109402], [115.59070803987969, 40.291859764062636], [115.59070429737008, 40.29203989638009], [115.59058667899161, 40.292038463402406], [115.5905848075681, 40.292128529554375], [115.59046718904204, 40.292127096452624], [115.59046906062161, 40.29203703030518], [115.59035144226002, 40.292035597088436], [115.5903533139872, 40.29194553094405], [115.59023569579007, 40.29194409761233], [115.5902413113891, 40.29167389918394], [115.59035892911807, 40.29167533250205], [115.59036080081147, 40.29158526635177], [115.59012556567406, 40.29158239960508], [115.59012743767111, 40.29149233346239], [115.58977458549649, 40.291488032459576], [115.58977645795322, 40.29139796632901], [115.58954122352442, 40.29139509840528], [115.58954309628481, 40.291305032282324], [115.58942547923914, 40.291303598145724], [115.58942173339783, 40.29148373038107], [115.58953935075562, 40.29148516452677], [115.58953747797833, 40.29157523064677], [115.58965509550058, 40.29157666467747], [115.58965135023278, 40.291756796922115], [115.58976896807559, 40.29175823084238], [115.58976522308612, 40.291938363090175], [115.58988284124943, 40.2919397969], [115.58988096889809, 40.29202986302623], [115.59011620556217, 40.292032730296384], [115.5901124614583, 40.292212862562536], [115.58999484280996, 40.292211428978156], [115.58998922612273, 40.292481627352686], [115.59010684523922, 40.29248306095071], [115.59010310105097, 40.292663193202074], [115.59022072048802, 40.29266462668965], [115.59021323263441, 40.29302489119281], [115.5899779925203, 40.293022024061855], [115.58997424791862, 40.29320215628641], [115.58985662756211, 40.29320072253255], [115.58985475509256, 40.29329078863808], [115.58973713458845, 40.29328935476016], [115.58972964400155, 40.293649619149306], [115.58961202288165, 40.29364818513369], [115.5896026586777, 40.294098515564144], [115.58972028057792, 40.294099949602455], [115.5897240259727, 40.293919817425625], [115.58984164756922, 40.29392125133533], [115.58984352009789, 40.29383118524015], [115.58996114154681, 40.29383261902577], [115.58995739679315, 40.29401275122371], [115.5898397750321, 40.29401131742902], [115.58983790248656, 40.29410138352122], [115.58995552440366, 40.294102817320464], [115.58995365200572, 40.29419288341574], [115.59007127408734, 40.29419431709998], [115.59006940183703, 40.294284383198324]], [[115.58231576496107, 40.29373917433609], [115.58243338586817, 40.29374061577167], [115.58244279754322, 40.293290286707325], [115.5823251774164, 40.29328884529457], [115.58232329494231, 40.29337891110584], [115.58220567466793, 40.29337746956898], [115.58220190938218, 40.29355760117794], [115.58231952996867, 40.29355904272391], [115.58231576496107, 40.29373917433609]], [[115.57255894568657, 40.29334892222422], [115.57420562271187, 40.29336923014484], [115.57420751596223, 40.29327916465085], [115.5744427553618, 40.293282063860765], [115.57444464829152, 40.29319199835612], [115.57456226784805, 40.29319344777719], [115.57456416061319, 40.29310338226647], [115.57468178002223, 40.29310483156344], [115.57468367262277, 40.29301476604665], [115.57503653043288, 40.293019113206626], [115.57504031467207, 40.29283898214109], [115.57480507674765, 40.29283608417232], [115.57480886157691, 40.292655953119215], [115.57457362431083, 40.292653054690696], [115.57457930242701, 40.29238285812747], [115.57422644799632, 40.292378509629565], [115.57422834115278, 40.2922884441193], [115.57387548726705, 40.29228409455947], [115.57387359364247, 40.292374160055964], [115.57352073936546, 40.29236980940665], [115.57352452754238, 40.29218967843971], [115.57340690977921, 40.292188227993414], [115.5734088040109, 40.29209816251232], [115.57305595124079, 40.292093810470085], [115.57305784593207, 40.292003745001274], [115.57294022851515, 40.29200229408609], [115.57293833366785, 40.29209235955028], [115.57270309854756, 40.29208945735214], [115.57270499370698, 40.291999391897114], [115.57282261110679, 40.29200084305136], [115.57282450610163, 40.29191077759027], [115.57294212335394, 40.29191222862039], [115.57294401818417, 40.291822163153235], [115.57329686952428, 40.2918265155127], [115.57330065822288, 40.29164638454637], [115.57283019103481, 40.29164058119812], [115.57283208599547, 40.29155051573111], [115.57259685276478, 40.29154761334905], [115.57259874802897, 40.29145754788975], [115.57201066588199, 40.291450289866006], [115.57201256191782, 40.2913602244282], [115.57142448076478, 40.2913529634395], [115.57142068712422, 40.29153309426764], [115.5713030706072, 40.29153164170215], [115.57129927662032, 40.29171177251517], [115.57106404298779, 40.29170886700723], [115.57106214566944, 40.29179893240234], [115.57082691175904, 40.29179602640713], [115.57082501412008, 40.29188609179153], [115.57070739702165, 40.29188463861004], [115.57070929481667, 40.291794573230234], [115.57047406095762, 40.29179166651789], [115.57047216285052, 40.2918817318885], [115.57035454577778, 40.29188027834844], [115.57035264750608, 40.29197034371297], [115.57023503028587, 40.29196889004879], [115.57023313184956, 40.292058955407235], [115.57035074922584, 40.29206040907602], [115.57034885093701, 40.29215047443758], [115.57011361588096, 40.29214756697131], [115.5701174130742, 40.291967436265104], [115.56999979587113, 40.291965982361894], [115.56999599836578, 40.292146113058884], [115.56987838085917, 40.29214465902695], [115.5698745830075, 40.29232478970883], [115.57010981865346, 40.292327697671595], [115.5701079200269, 40.29241776301952], [115.57022553801875, 40.292419216826225], [115.57022363953965, 40.292509282177264], [115.57034125769613, 40.29251073586905], [115.57033746102435, 40.2926908665759], [115.57045507950149, 40.29269232015737], [115.5704569776856, 40.29260225480008], [115.57057459601525, 40.292603708257424], [115.57057269798716, 40.29269377361931], [115.5709255534956, 40.292698133288], [115.57092175835005, 40.29287826403495], [115.57103937718206, 40.292879717028], [115.57103747975249, 40.292969782403844], [115.57115509874912, 40.29297123528197], [115.57115320146706, 40.29306130066094], [115.57162367816328, 40.29306711099659], [115.57162178149687, 40.29315717639247], [115.57220987833983, 40.293164436645704], [115.57220798244514, 40.29325450206311], [115.57256084112166, 40.29325885679452], [115.57255894568657, 40.29334892222422]], [[115.57820470245001, 40.29341845184657], [115.57843994274134, 40.2934213429378], [115.57844183037378, 40.29333127727882], [115.57820659039453, 40.293328386196755], [115.57820470245001, 40.29341845184657]], [[115.5879784529145, 40.292997634144974], [115.5883313126675, 40.29300194075805], [115.58833506160492, 40.292821808654736], [115.58845268122738, 40.292823243944284], [115.5884564298189, 40.29264311182599], [115.58810357191318, 40.292638805626034], [115.58810544666443, 40.2925487395783], [115.58822306580181, 40.29255017509327], [115.58822494038856, 40.2924601090395], [115.58834255937835, 40.29246154443038], [115.58834443380059, 40.2923714783706], [115.58822681496683, 40.292370042984246], [115.58822868953665, 40.292279976927524], [115.58811107086738, 40.2922785414262], [115.58811482029378, 40.29209840931742], [115.58823243865092, 40.292099844809655], [115.58823056409803, 40.29218991086933], [115.58834818261968, 40.29219134624658], [115.58835005701653, 40.292101280182365], [115.58846767539059, 40.29210271543556], [115.58847329806235, 40.291832517220385], [115.58835568015645, 40.291831081980824], [115.5883575545195, 40.291741015910695], [115.58847517226938, 40.29174245114571], [115.58847892065806, 40.29156231899191], [115.58836130322025, 40.291560883765975], [115.58836317755798, 40.2914708176914], [115.58812794301984, 40.29146794689007], [115.5881241937118, 40.291648079019566], [115.58824181128874, 40.29164951448907], [115.58823806225897, 40.29182964662175], [115.58812044436996, 40.29182821114314], [115.58812231904511, 40.2917381450821], [115.58788708360454, 40.29173527377541], [115.5878833336216, 40.291915405877845], [115.58811856968634, 40.291918277202704], [115.5881166949943, 40.292008343260804], [115.5877638404417, 40.292004036080584], [115.58776759075364, 40.29182390399019], [115.58764997289845, 40.2918224680335], [115.5876518481978, 40.291732401990636], [115.58753423050709, 40.291730965918966], [115.58753798139247, 40.29155083383789], [115.58742036402231, 40.29154939765579], [115.58742599075511, 40.29127919953672], [115.58730837386153, 40.29127776324874], [115.58731024957824, 40.29118769721065], [115.58742786631578, 40.291189133494086], [115.587429741868, 40.29109906744995], [115.58731212528649, 40.29109763117107], [115.58731962803496, 40.29073736699796], [115.58708439614567, 40.29073449411802], [115.58708627212371, 40.29064442808014], [115.58696865634779, 40.290642991465454], [115.58696678021373, 40.29073305749877], [115.58684916429023, 40.290731620760006], [115.586860421904, 40.290191224565135], [115.58674280692517, 40.29018978773415], [115.58674093052132, 40.29027985376578], [115.58662331539492, 40.29027841681073], [115.58662143882658, 40.29036848283632], [115.5863862082871, 40.29036560855857], [115.5863768237581, 40.29081593861886], [115.58649443980379, 40.290817375840255], [115.5864981933287, 40.290637243811474], [115.58673342482132, 40.290640117877494], [115.58672967192055, 40.29082024992448], [115.58661205585794, 40.29081881294213], [115.58660830261127, 40.29099894497409], [115.58649068624503, 40.290997507863125], [115.58648880945294, 40.29108757387233], [115.58637119293915, 40.291086136637304], [115.58636743901754, 40.2912662686422], [115.58613220539115, 40.291263393795354], [115.58613032810557, 40.29135345978647], [115.58601271114902, 40.29135202217923], [115.58599581379342, 40.29216261599184], [115.58587819544096, 40.292161178224106], [115.58587444006781, 40.29234131015709], [115.58575682141174, 40.29233987226071], [115.58575118782038, 40.29261007013545], [115.58586880694462, 40.292611508045475], [115.58586692921995, 40.29270157400531], [115.58621978711163, 40.29270588703188], [115.58621790984667, 40.29279595300389], [115.58633552931687, 40.29279739044492], [115.58633740642578, 40.29270732446835], [115.58692550312354, 40.292714509857824], [115.58693300835361, 40.292354245845786], [115.58705062709434, 40.292355682546905], [115.58705250322464, 40.29226561653566], [115.58740535902943, 40.29226992590823], [115.58740911032842, 40.29208979385399], [115.58705625545988, 40.29208548450871], [115.58705813156482, 40.29199541849302], [115.58694051344828, 40.291993981810094], [115.5869423897008, 40.29190391579746], [115.58682477174877, 40.29190247899956], [115.58682664814889, 40.291812412990005], [115.58694426594487, 40.29181384978335], [115.58694614218047, 40.291723783767786], [115.58706375982887, 40.291725220437066], [115.5870675119626, 40.29154508839237], [115.58718512930739, 40.291546524933025], [115.58718137748575, 40.29172665698682], [115.58729899515107, 40.29172809341706], [115.5872971193836, 40.29181815944628], [115.5875323550517, 40.29182103195728], [115.58753047958787, 40.29191109799412], [115.58741286159355, 40.29190966179384], [115.5874109859652, 40.29199972782465], [115.58752860411558, 40.29200116402949], [115.58752672863483, 40.29209123006337], [115.58764434694972, 40.29209266615323], [115.58763872092486, 40.29236286425963], [115.58740348336728, 40.29235999193312], [115.58740160769666, 40.29245005795655], [115.58751922662726, 40.292451494184114], [115.58751735110424, 40.2925415602106], [115.587870208415, 40.2925458681898], [115.58786833335165, 40.29263593422844], [115.58763309482393, 40.29263306235275], [115.58763121944004, 40.29272312838082], [115.58786645827986, 40.29272600026561], [115.58786458319962, 40.2928160663013], [115.58798220278827, 40.29281750206895], [115.5879784529145, 40.292997634144974]], [[115.57986647104411, 40.292718153692505], [115.58010170907681, 40.292721041363805], [115.58010359445642, 40.292630975628974], [115.57986835673582, 40.29262808796681], [115.57986647104411, 40.292718153692505]], [[115.57975262372756, 40.29253657823382], [115.57998786111906, 40.29253946612591], [115.57998974663772, 40.29244940039266], [115.57975450955833, 40.29244651250975], [115.57975262372756, 40.29253657823382]], [[115.58045833600407, 40.29254524047574], [115.58057595474658, 40.2925466837644], [115.58057783948499, 40.292456618008316], [115.58046022089856, 40.29245517472424], [115.58045833600407, 40.29254524047574]], [[115.58081119225706, 40.29254956998312], [115.58092881102507, 40.2925510129132], [115.58093069529536, 40.29246094714343], [115.5808130766834, 40.2924595042179], [115.58081119225706, 40.29254956998312]], [[115.57963689103137, 40.292445068388986], [115.57975450955833, 40.29244651250975], [115.5797563953806, 40.292356446784176], [115.57963877700969, 40.292355002668], [115.57963689103137, 40.292445068388986]], [[115.58034260232058, 40.29245373132063], [115.58046022089856, 40.29245517472424], [115.58046210578452, 40.29236510897125], [115.58069734265385, 40.29236799541074], [115.58070111177612, 40.29218786388205], [115.58023063931986, 40.292182090561504], [115.5802287541388, 40.292272156308314], [115.58011113588992, 40.2922707126748], [115.58010925054431, 40.29236077841557], [115.58034448736262, 40.29236366557221], [115.58034260232058, 40.29245373132063]], [[115.58093069529536, 40.29246094714343], [115.58104831391579, 40.29246238994941], [115.58105019802156, 40.29237232417357], [115.58093257955714, 40.29237088137215], [115.58093069529536, 40.29246094714343]], [[115.57846259376855, 40.29234055493242], [115.57858021205439, 40.29234200024384], [115.57858587415156, 40.292071803195476], [115.57835063852467, 40.29206891248058], [115.5783487508554, 40.292158978155705], [115.57846636882061, 40.29216042357747], [115.57846259376855, 40.29234055493242]], [[115.57352452754238, 40.29218967843971], [115.57364214531408, 40.29219112876648], [115.57364403923368, 40.29210106327621], [115.57352642161803, 40.292099612954026], [115.57352452754238, 40.29218967843971]], [[115.57305784593207, 40.292003745001274], [115.57329308079152, 40.292006646473105], [115.57329497516217, 40.29191658099366], [115.5730597406148, 40.291913679531], [115.57305784593207, 40.292003745001274]], [[115.58717574968983, 40.29199685505641], [115.58729336782328, 40.291998291500306], [115.58729524360767, 40.29190822547403], [115.58717762563026, 40.29190678903469], [115.58717574968983, 40.29199685505641]], [[115.58200244300836, 40.291843467376786], [115.5821200606129, 40.291844909075095], [115.58212194325479, 40.291754843247816], [115.5822395607118, 40.29175628482205], [115.58224332565801, 40.291576153153905], [115.58236094281139, 40.29157759459948], [115.58236470741159, 40.291397462916294], [115.58212947373742, 40.291394579923875], [115.58212759112949, 40.29148464575708], [115.5820099741491, 40.29148320407702], [115.58200809137666, 40.29157326990418], [115.58212570851308, 40.2915747115888], [115.58212382588817, 40.29166477741905], [115.58200620859571, 40.291663335729865], [115.58200244300836, 40.291843467376786]], [[115.58223767822597, 40.291846350653884], [115.58235529584749, 40.29184779211315], [115.58235717817729, 40.29175772627674], [115.5822395607118, 40.29175628482205], [115.58223767822597, 40.291846350653884]], [[115.59047093219273, 40.29194696415625], [115.5905885504067, 40.291948397248945], [115.59059042181333, 40.29185833109402], [115.5904728037554, 40.291856898005875], [115.59047093219273, 40.29194696415625]], [[115.58776946589693, 40.291733837942786], [115.58788708360454, 40.29173527377541], [115.58789083355366, 40.29155514166706], [115.58777321615814, 40.29155370584353], [115.58776946589693, 40.291733837942786]], [[115.58930786220188, 40.29130216388959], [115.58942547923914, 40.291303598145724], [115.58942735214711, 40.29121353202583], [115.5893097352659, 40.29121209777425], [115.58930786220188, 40.29130216388959]], [[115.58754548306175, 40.29119056965799], [115.5876630998162, 40.291192005702385], [115.58766497505636, 40.29110193964916], [115.58754735845794, 40.291100503609314], [115.58754548306175, 40.29119056965799]], [[115.58201938788405, 40.291032874919026], [115.58213700408426, 40.29103431657625], [115.58214076920672, 40.29085418489358], [115.58225838510333, 40.290855626422164], [115.58226026749578, 40.290765560574044], [115.58249549900239, 40.29076844326354], [115.58250114519265, 40.29049824568291], [115.58226591462227, 40.29049536302079], [115.58226403225525, 40.29058542887335], [115.58214641682675, 40.29058398735846], [115.58214453429524, 40.29067405320498], [115.58202691871918, 40.290672611565995], [115.58201938788405, 40.291032874919026]], [[115.58307793399129, 40.29104584553148], [115.58319555026786, 40.291047286113056], [115.58319743142901, 40.29095722023139], [115.58307981530848, 40.29095577965438], [115.58307793399129, 40.29104584553148]], [[115.58849766209441, 40.29066165813417], [115.58861527798025, 40.290663093195136], [115.58861902585404, 40.29048296099675], [115.58873664143626, 40.29048439592911], [115.58873851520445, 40.29039432982317], [115.58850328436054, 40.290391459848], [115.58850515843234, 40.29030139374966], [115.58862277369403, 40.290302828792456], [115.58862839539066, 40.290032630474926], [115.5887460101927, 40.290034065384575], [115.58874975763614, 40.289853933156394], [115.58863214314616, 40.28985249825583], [115.58864338620985, 40.289312101563084], [115.58876099976366, 40.28931353643639], [115.58876474707192, 40.28913340418456], [115.58888236032213, 40.289134838929265], [115.58888610728455, 40.288954706662444], [115.58900372023118, 40.28895614127854], [115.58900559354369, 40.288866075138365], [115.5892408191502, 40.28886894400299], [115.58924269214225, 40.288778877852245], [115.58936030480214, 40.28878031210074], [115.58936217762971, 40.28869024594398], [115.58947979014204, 40.28869168006843], [115.58948540810596, 40.28842148157567], [115.58960302015868, 40.28842291556698], [115.58960489264042, 40.28833284939524], [115.58948728074374, 40.28833141540845], [115.58948915337304, 40.288241349239755], [115.58937154164082, 40.288239915138], [115.58937528718613, 40.28805978280528], [115.58925767577439, 40.28805834859309], [115.58925954869039, 40.28796828242905], [115.58878910375189, 40.287962544403456], [115.58879097728352, 40.2878724782561], [115.58902619942386, 40.28787534749883], [115.589028072635, 40.287785281340895], [115.58914568356182, 40.28778671577846], [115.58914755660851, 40.28769664961451], [115.58902994583772, 40.2876952151815], [115.58903181903199, 40.287605149020614], [115.58891420842563, 40.28760371447264], [115.58891608176745, 40.28751364831482], [115.58868086089211, 40.28751077886943], [115.58868273453751, 40.28742071271922], [115.58856512426853, 40.2874192778218], [115.58856325046713, 40.28750934396748], [115.58832802964248, 40.287506473805045], [115.58832990375593, 40.28741640766846], [115.58821229351229, 40.287414972412535], [115.58821041924284, 40.28750503854458], [115.58809280885164, 40.287503603164595], [115.58809093441775, 40.2875936692906], [115.58785571334867, 40.28759079816306], [115.58785196383145, 40.28777093039246], [115.58773435299759, 40.28776949464035], [115.58772685323761, 40.28812975906323], [115.58760924178813, 40.28812832317341], [115.587607366671, 40.28821838927089], [115.58748975507396, 40.28821695325701], [115.58748600450225, 40.288397085438454], [115.58736839260165, 40.288395649295985], [115.5873665171471, 40.28848571537993], [115.58724890509892, 40.288484279113405], [115.58724515385242, 40.28866441126777], [115.58712754150065, 40.288662974872636], [115.58712378990829, 40.288843107012], [115.58700617725293, 40.28884167048827], [115.58700242531468, 40.2890218026126], [115.58688481235576, 40.28902036596025], [115.58688106007162, 40.28920049806959], [115.58676344680909, 40.28919906128864], [115.58675406517058, 40.28964939151332], [115.58687167921323, 40.289650828317015], [115.58686605059671, 40.28992102644773], [115.58710127964355, 40.28992389972387], [115.58710878320048, 40.28956363551025], [115.58722639711246, 40.289565071950854], [115.58722452139197, 40.28965513801102], [115.5874597495534, 40.28965801054279], [115.58746162496185, 40.28956794447353], [115.58781446679934, 40.28957225236119], [115.58781634173127, 40.28948218627681], [115.58793395553796, 40.289483621995785], [115.58793583030541, 40.28939355590537], [115.58805344396454, 40.289394991500295], [115.58805906774808, 40.28912479320656], [115.58817668094757, 40.28912622866833], [115.58817855536915, 40.28903616256292], [115.5882961684211, 40.28903759790064], [115.58828492270102, 40.28957799453822], [115.58816730871293, 40.289576559173234], [115.58816543424062, 40.289666625269774], [115.58828304838475, 40.28966806063931], [115.58828117406003, 40.289758126738924], [115.58839878836865, 40.289759561993485], [115.58838192047023, 40.290570156864305], [115.58849953619158, 40.29057159204026], [115.58849766209441, 40.29066165813417]], [[115.586860421904, 40.290191224565135], [115.5869780368913, 40.290192661276606], [115.58697991297463, 40.29010259523441], [115.58709752781435, 40.29010403182182], [115.58709940373319, 40.29001396577359], [115.58686417437427, 40.290011092488356], [115.586860421904, 40.290191224565135]], [[115.58805156935314, 40.28948505759526], [115.58816918317677, 40.28948649307521], [115.58817105763214, 40.28939642697571], [115.58805344396454, 40.289394991500295], [115.58805156935314, 40.28948505759526]], [[115.58597770048978, 40.28738767984419], [115.58609531057273, 40.287389117370694], [115.58609718764191, 40.28729905131903], [115.5862147975773, 40.28730048872148], [115.586216674482, 40.28721042266378], [115.58633428426985, 40.28721185994219], [115.58633616101008, 40.287121793878484], [115.58657138029916, 40.28712466806765], [115.58656950387093, 40.28721473414046], [115.58680472350588, 40.287217607860725], [115.58680659962207, 40.28712754177881], [115.5875122577938, 40.28713616004424], [115.58751413296551, 40.287046093933554], [115.58763174253438, 40.28704752988831], [115.58763924251258, 40.28668726541263], [115.58752163356772, 40.286685829476056], [115.58752350869715, 40.28659576335798], [115.58740589991676, 40.28659432730645], [115.58740402463134, 40.28668439341997], [115.5872864157034, 40.28668295724439], [115.58728829114482, 40.28659289113541], [115.586229812578, 40.28657996021859], [115.58622793573252, 40.28667002628662], [115.5859927180543, 40.286667151425945], [115.58599084088836, 40.2867572174834], [115.58587323190595, 40.28675577986925], [115.58587135457553, 40.28684584592069], [115.58575374544557, 40.286844408182496], [115.58574999044734, 40.2870245402718], [115.58586759988931, 40.287025978019095], [115.5858657225335, 40.287116044066096], [115.58598333213996, 40.287117481698445], [115.5859814549317, 40.28720754774851], [115.58562862566971, 40.2872032344793], [115.58562674798496, 40.28729330051423], [115.58597957771498, 40.28729761379708], [115.58597770048978, 40.28738767984419]], [[115.59045225931665, 40.247532721547955], [115.59115750724803, 40.24754131062979], [115.59115937496678, 40.24745124375962], [115.59127691616243, 40.24745267485104], [115.59127878371707, 40.24736260797484], [115.59139632476546, 40.2473640389424], [115.59139819215598, 40.247273972060185], [115.5912806512633, 40.24727254109716], [115.59128251880111, 40.247182474218015], [115.59057727455597, 40.24717388596099], [115.59057540608399, 40.247263952812936], [115.59034032442493, 40.247261089096845], [115.59033658683289, 40.24744122277818], [115.5904541279696, 40.24744265470497], [115.59045225931665, 40.247532721547955]]]}}, {"type": "Feature", "properties": {"year": 2025, "water_area_km2": 0.0089}, "geometry": {"type": "Polygon", "coordinates": [[[115.61221310917608, 40.21824625579526], [115.61221494708302, 40.218156187658074], [115.61209745547562, 40.21815477867674], [115.6121011315756, 40.217974642406865], [115.61198364028742, 40.21797323331525], [115.61199099300987, 40.21761296077565], [115.61187350235188, 40.21761155158267], [115.61190107621258, 40.21626052941579], [115.61201856453856, 40.21626193854181], [115.61202224060155, 40.21608180221888], [115.61213972862487, 40.21608321121677], [115.6121434043438, 40.215903074879016], [115.61226089206451, 40.21590448374877], [115.61225905436464, 40.215994551922854], [115.6123765422491, 40.21599596067786], [115.61237102956618, 40.21626616520464], [115.61225354121535, 40.216264756436225], [115.61224802799153, 40.216534960936336], [115.61236551680877, 40.21653636971813], [115.61234346503358, 40.21761718763929], [115.61246095572471, 40.21761859635541], [115.6124499303227, 40.21815900526307], [115.61233243869872, 40.218157596520186], [115.61233060094725, 40.21824766466183], [115.61221310917608, 40.21824625579526]]]}}, {"type": "Feature", "properties": {"year": 2025, "water_area_km2": 0.0052}, "geometry": {"type": "Polygon", "coordinates": [[[115.89330336744165, 40.219563815091774], [115.89330629896877, 40.21938365957125], [115.89318879266112, 40.21938253589446], [115.89319025857033, 40.21929245813557], [115.89307275242481, 40.21929133434309], [115.89307421848297, 40.21920125658632], [115.89295671249964, 40.219200132678125], [115.89295817870672, 40.21911005492347], [115.89284067288555, 40.21910893089958], [115.8928421392416, 40.21901885314701], [115.89272463358257, 40.21901772900744], [115.89272903307769, 40.21874749575174], [115.89284653827005, 40.21874861988066], [115.89284947092266, 40.2185684643625], [115.89320198560614, 40.21857183601229], [115.89320051974978, 40.21866191378277], [115.89331802481304, 40.218663037431085], [115.89331655910564, 40.21875311520369], [115.89343406433105, 40.21875423873628], [115.8934325987726, 40.21884431651099], [115.89355010416014, 40.2188454399279], [115.8935471733345, 40.21902559548007], [115.89366467903977, 40.219026718784825], [115.89366028321841, 40.21929695211289], [115.89354277704648, 40.219295828797456], [115.893538380699, 40.219566062101784], [115.89330336744165, 40.219563815091774]]]}}, {"type": "Feature", "properties": {"year": 2025, "water_area_km2": 0.0104}, "geometry": {"type": "Polygon", "coordinates": [[[115.48323538735225, 40.19978096983373], [115.48323739472164, 40.19969090656027], [115.48311994171237, 40.19968936724815], [115.483121949228, 40.1995993039781], [115.48323940208198, 40.199600843285324], [115.48324140943328, 40.1995107800089], [115.48312395673462, 40.19950924070653], [115.48312596423216, 40.1994191774335], [115.48300851169782, 40.1994176380169], [115.48301051934162, 40.19932757474724], [115.48289306697163, 40.1993260352164], [115.48289708254266, 40.19914590868237], [115.48301453460206, 40.19914744820346], [115.48301854982633, 40.19896732165373], [115.4829010980775, 40.198965782142395], [115.48290511357617, 40.19878565559646], [115.48337491938332, 40.19879181288812], [115.48337291225968, 40.198881876181346], [115.48360781552815, 40.19888495412224], [115.48360580870605, 40.198975017423706], [115.48372326050911, 40.19897655622035], [115.48372125383328, 40.19906661952522], [115.48383870580068, 40.19906815820763], [115.4838366992711, 40.19915822151587], [115.48395415140286, 40.199159760084044], [115.48395615777716, 40.19906969677091], [115.48419106175719, 40.19907277354015], [115.48419306781184, 40.1989827102158], [115.48442797151746, 40.198985786498824], [115.48442997725252, 40.19889572316324], [115.48454742896358, 40.19889726112121], [115.48454943453432, 40.19880719777926], [115.48466688609912, 40.19880873561323], [115.4846688915055, 40.198718672264924], [115.48478634292408, 40.198720209974915], [115.48478834816613, 40.19863014662025], [115.48490579943845, 40.19863168420627], [115.48490780451617, 40.19854162084524], [115.48502525564224, 40.19854315830727], [115.48502726055564, 40.19845309493987], [115.48526216252426, 40.19845616949684], [115.48526015792143, 40.19854623287397], [115.4853776090746, 40.19854776997865], [115.48537560461803, 40.19863783335916], [115.48525815330957, 40.19863629624961], [115.48525013477179, 40.198996549737274], [115.48501523093967, 40.19899347512185], [115.48501322597204, 40.19908353848032], [115.48454341779504, 40.199077387800635], [115.48453940659036, 40.199257514474105], [115.4844219542581, 40.19925597649666], [115.48441994848692, 40.199346039826295], [115.4843024960084, 40.199344501724845], [115.48430049007287, 40.19943456504812], [115.4841830374481, 40.19943302682268], [115.48418504353891, 40.19934296350429], [115.48395013862711, 40.199339886705815], [115.4839521450195, 40.19924982339567], [115.48383469273246, 40.19924828482262], [115.48383268618478, 40.1993383481279], [115.48359778132722, 40.199335270614725], [115.48359376758354, 40.199515397201296], [115.48347631485774, 40.19951385825628], [115.4834723007673, 40.19969398482715], [115.48335484773996, 40.199692445753264], [115.48335284052587, 40.1997825090316], [115.48323538735225, 40.19978096983373]], [[115.48489777903714, 40.19899193763549], [115.48501523093967, 40.19899347512185], [115.48501723589824, 40.19890341176193], [115.48489978415103, 40.19890187428042], [115.48489777903714, 40.19899193763549]]]}}, {"type": "Feature", "properties": {"year": 2025, "water_area_km2": 0.006}, "geometry": {"type": "Polygon", "coordinates": [[[115.47792520936261, 40.19556713617976], [115.47792722345815, 40.19547707306247], [115.47780977800863, 40.195475528496026], [115.47781179225036, 40.195385465382145], [115.4776943469652, 40.195383920701495], [115.47769837573193, 40.19520379447905], [115.47758093076634, 40.19520224968908], [115.47758294529136, 40.19511218658052], [115.47746550049014, 40.19511064167635], [115.47746751516134, 40.19502057857119], [115.47723262589663, 40.195017488415324], [115.47723464086927, 40.19492742531847], [115.47735208534182, 40.19492897045105], [115.47735410015011, 40.194838907347815], [115.47747154447647, 40.1948404523564], [115.47747355912044, 40.19475038924679], [115.47770844748989, 40.19475347889689], [115.47771046181424, 40.19466341577599], [115.47818023804103, 40.19466959362748], [115.47817822433771, 40.19475965676795], [115.47829566857236, 40.19476120093797], [115.47829164144898, 40.19494132722422], [115.47840908600323, 40.19494287128493], [115.47840304571591, 40.19521306071782], [115.4782856006959, 40.19521151664244], [115.47827955986111, 40.19548170604725], [115.4781621143844, 40.195480161838084], [115.47816010059938, 40.19557022496516], [115.47792520936261, 40.19556713617976]]]}}, {"type": "Feature", "properties": {"year": 2025, "water_area_km2": 0.0103}, "geometry": {"type": "Polygon", "coordinates": [[[115.61215109237841, 40.19824546044424], [115.6121529290687, 40.198155391997304], [115.61203547199311, 40.19815398352992], [115.61203730883044, 40.19806391508597], [115.61180239501475, 40.198061097802736], [115.61180423215443, 40.197971029366244], [115.61168677541433, 40.19796962055038], [115.61169044997948, 40.197789483681895], [115.6115729935583, 40.197788074755834], [115.61158034321052, 40.197427801018996], [115.6114628874189, 40.19742639199166], [115.61146656250595, 40.19724625512332], [115.61134910703325, 40.19724484598578], [115.61135094471967, 40.19715477755385], [115.61123348941055, 40.19715336830164], [115.61123716506917, 40.19697323144231], [115.61111971007897, 40.1969718220799], [115.61112706191808, 40.19661154836136], [115.61100960755739, 40.19661013889769], [115.61102063599944, 40.19606972830241], [115.61090318257887, 40.19606831874641], [115.61090869715399, 40.19579811344225], [115.61102615010864, 40.19579952298487], [115.61102798812847, 40.19570945454271], [115.61126289375201, 40.19571227326164], [115.6112573805995, 40.195982478610425], [115.61137483388958, 40.19598388780459], [115.61137115872378, 40.196164024705325], [115.61148861233276, 40.19616543378929], [115.61148309998785, 40.19643563914272], [115.61160055407107, 40.19643704812097], [115.61159687944365, 40.1966171850248], [115.61171433384577, 40.19661859389282], [115.61170698511286, 40.19697886770064], [115.61182444014449, 40.19698027646741], [115.61181525481865, 40.197430618716275], [115.61193271063512, 40.197432027386235], [115.6119271998062, 40.197702232731224], [115.61204465609691, 40.19770364129544], [115.61204098248022, 40.19788377819366], [115.61215843908984, 40.19788518664766], [115.61215476575067, 40.19806532354888], [115.61227222267922, 40.19806673189267], [115.61226854961761, 40.198246868796936], [115.61215109237841, 40.19824546044424]]]}}, {"type": "Feature", "properties": {"year": 2025, "water_area_km2": 0.0056}, "geometry": {"type": "Polygon", "coordinates": [[[115.6185056680704, 40.186159251885286], [115.61850932306481, 40.185979114128735], [115.61839188667733, 40.185977712460364], [115.61842478293869, 40.184356472465986], [115.61854221653216, 40.18435787405442], [115.61854587119717, 40.184177736238894], [115.61866330448844, 40.18417913769938], [115.6186669588101, 40.18399899986908], [115.61878439179915, 40.184000401201615], [115.61876977555669, 40.184720952522966], [115.61865234132588, 40.18471955115492], [115.61864320513068, 40.185169895660636], [115.61876064013757, 40.1851712970509], [115.61874602303882, 40.18589184821888], [115.61862858679012, 40.1858904467931], [115.61862310477656, 40.186160653443444], [115.6185056680704, 40.186159251885286]]]}}]}