{"type": "FeatureCollection", "features": [{"type": "Feature", "properties": {"year": 2023, "water_area_km2": 0.015}, "geometry": {"type": "Polygon", "coordinates": [[[115.86467566887308, 40.39937699813872], [115.86468474832351, 40.39883655370441], [115.86480256489465, 40.398837710544576], [115.86480407795553, 40.398747636463455], [115.86492189437654, 40.39874879317994], [115.86492340727366, 40.398658719093696], [115.86515903982223, 40.398661032159325], [115.86516055239862, 40.3985709580643], [115.86551400080182, 40.39857442675165], [115.86551551290054, 40.39848435264421], [115.8669293052439, 40.39849821654864], [115.8669308154524, 40.39840814239586], [115.86716644729118, 40.398410451359126], [115.86716795717899, 40.39832037719758], [115.86740358873114, 40.39832268567348], [115.8674050982982, 40.39823261150319], [115.8676407295637, 40.398234919491735], [115.86764223881008, 40.39814484531268], [115.86799568528855, 40.39814830638447], [115.86799719405728, 40.398058232193016], [115.86823282476307, 40.398060538966845], [115.86823433321112, 40.39797046476662], [115.86905903979718, 40.39797853466917], [115.86905753244775, 40.398068608894945], [115.86882190164668, 40.39806630380126], [115.86882039397656, 40.398156378018264], [115.86858476288883, 40.39815407243723], [115.86858325489801, 40.39824414664549], [115.86846543920741, 40.3982429936713], [115.86846393105286, 40.39833306787446], [115.868110483551, 40.398329608220905], [115.86810897491878, 40.398419682411664], [115.86787334297102, 40.3984173753686], [115.8678718340181, 40.3985074495506], [115.86763620178368, 40.398505142020184], [115.86763469251007, 40.39859521619343], [115.86751687624611, 40.39859406224455], [115.86751536680873, 40.39868413641268], [115.86727973398739, 40.3986818281476], [115.86727822422928, 40.39877190230696], [115.8669247745775, 40.39876843899825], [115.86692326434172, 40.398858513145214], [115.86539164785266, 40.39884349294522], [115.8653901355697, 40.39893356704321], [115.8652723188075, 40.39893241079944], [115.86526929390719, 40.39911255898371], [115.8651514768379, 40.39911140261262], [115.8651484515964, 40.399291550783765], [115.86503063422002, 40.39929039428534], [115.86502912143209, 40.39938046836507], [115.86467566887308, 40.39937699813872]]]}}, {"type": "Feature", "properties": {"year": 2023, "water_area_km2": 0.0448}, "geometry": {"type": "Polygon", "coordinates": [[[115.85105176232659, 40.39671992519521], [115.85105329359847, 40.39662985151293], [115.85046423287874, 40.3966239963308], [115.85046576492839, 40.39653392266558], [115.85011232905029, 40.396530408127404], [115.8501138615638, 40.39644033447184], [115.8498782379935, 40.39643799085379], [115.84987977081397, 40.3963479172042], [115.84976195919613, 40.39634674521888], [115.84976349216659, 40.396256671571535], [115.84964568071258, 40.39625549946992], [115.84964721383307, 40.39616542582484], [115.8495294025429, 40.39616425360694], [115.8495340023336, 40.39589403267407], [115.84941619152112, 40.39589286034729], [115.84941925832752, 40.395712713058856], [115.84918363735105, 40.39571036806015], [115.84918517105771, 40.39562029442117], [115.84906736073678, 40.395619121745526], [115.84906889459344, 40.3955290481088], [115.8488332742862, 40.39552670240494], [115.8488348084498, 40.39543662877417], [115.84871699846347, 40.39543545574596], [115.84871853277704, 40.39534538211746], [115.84860072295459, 40.39534420897297], [115.84860225741815, 40.39525413534672], [115.84848444775953, 40.39525296208595], [115.84849212075811, 40.39480259395141], [115.84860992963213, 40.39480376719363], [115.8486160672787, 40.39444347264494], [115.84873387553199, 40.39444464575231], [115.84874001244012, 40.39408435116549], [115.8488578200727, 40.39408552413802], [115.84885935412551, 40.39399545048396], [115.8489771616081, 40.3939966233328], [115.84897869549708, 40.39390654967357], [115.84933211751564, 40.39391006748898], [115.84933058409739, 40.394000141159324], [115.84944839160765, 40.39400131352819], [115.84944685833939, 40.394091387200795], [115.84956466601349, 40.39409255945338], [115.84956159977004, 40.39427270680166], [115.84967940776487, 40.394273878941654], [115.84967634180755, 40.39445402629153], [115.84991195844565, 40.39445637022641], [115.84991042577045, 40.39454644390657], [115.84979261729102, 40.394545271995426], [115.84979108445201, 40.39463534567043], [115.84967327582258, 40.39463417363558], [115.84967020980993, 40.39481432097381], [115.8495524008736, 40.394813148811544], [115.84954933451947, 40.39499329613651], [115.84990276229068, 40.39499681228556], [115.849901229574, 40.39508688595701], [115.85025465787822, 40.39509040103723], [115.85025312562534, 40.39518047471832], [115.85060655446259, 40.3951839887297], [115.85060502267356, 40.39527406242046], [115.85084064224677, 40.39527640450214], [115.85083911076468, 40.395366478198866], [115.85107473067937, 40.39536881980796], [115.85107319950423, 40.395458893510636], [115.85130881976042, 40.395461234647165], [115.8513072888922, 40.39555130835578], [115.85154290948985, 40.39555364901972], [115.85154137892857, 40.39564372273429], [115.8516591893947, 40.39564489288998], [115.85165765898341, 40.395734966606796], [115.8518932802502, 40.39573730656555], [115.85189022003465, 40.39591745400965], [115.85200803099227, 40.39591862381642], [115.85200650103106, 40.39600869753999], [115.85224212328082, 40.39601103680096], [115.85223447494053, 40.396461405433946], [115.85211666302756, 40.396460235844955], [115.85211513318184, 40.3965503095635], [115.85187950906275, 40.396547970018105], [115.85187797889627, 40.396638043727776], [115.85164235449093, 40.39663570369497], [115.85164082400372, 40.39672577739578], [115.85105176232659, 40.39671992519521]]]}}, {"type": "Feature", "properties": {"year": 2023, "water_area_km2": 0.0089}, "geometry": {"type": "Polygon", "coordinates": [[[115.48530685895084, 40.38611058026991], [115.48530887681767, 40.38602051981887], [115.48519110066752, 40.3860189767506], [115.48521531624027, 40.38493825128065], [115.48533309050941, 40.38493979429034], [115.48533510825789, 40.38484973381994], [115.48557065651, 40.384852819469856], [115.48557267393589, 40.3847627589882], [115.4858082219109, 40.38476584414878], [115.48580620479851, 40.38485590464019], [115.48604175312343, 40.384858989330944], [115.48602360152384, 40.38566953377446], [115.48590582594612, 40.38566799144511], [115.48590179184372, 40.38584811240641], [115.48578401596156, 40.38584656994741], [115.48577998150927, 40.38602669089297], [115.48566220532271, 40.38602514830431], [115.48566018792616, 40.38611520876997], [115.48530685895084, 40.38611058026991]]]}}, {"type": "Feature", "properties": {"year": 2023, "water_area_km2": 0.0297}, "geometry": {"type": "Polygon", "coordinates": [[[115.86199517024193, 40.3906120145337], [115.86199668660379, 40.39052194041181], [115.86117207300128, 40.390513821372004], [115.86117359045448, 40.39042374727435], [115.86093798694343, 40.39042142647624], [115.86093950470357, 40.39033135238447], [115.86082170311518, 40.39033019180912], [115.86082473892864, 40.390150043628566], [115.86070693766092, 40.390148882940586], [115.86070997376073, 40.389968734761545], [115.8605921728136, 40.38996757396094], [115.86059369101011, 40.38987749987292], [115.86071149180037, 40.38987866066986], [115.8607145278591, 40.38969851248209], [115.86095012883266, 40.38970083370137], [115.86095164653798, 40.38961075959795], [115.86106944687813, 40.389611920023945], [115.86107096441975, 40.38952184591541], [115.86118876460988, 40.38952300621776], [115.86119028198776, 40.38943293210411], [115.86130808202788, 40.389434092282805], [115.86130959924203, 40.389344018164024], [115.86154519902904, 40.38934633815417], [115.86154974968916, 40.389076115767054], [115.86166754912233, 40.389077275571154], [115.86166906583848, 40.38898720143554], [115.86190466441155, 40.388989520676496], [115.86190314800913, 40.38907959481945], [115.86202094746281, 40.38908075426363], [115.86202246370836, 40.38899068011702], [115.86214026301198, 40.38899183943756], [115.8621417790938, 40.38890176528581], [115.8622595782474, 40.388902924482714], [115.86226109416552, 40.38881285032584], [115.86273229022086, 40.388817485899075], [115.86273077493024, 40.38890756007062], [115.86296637331269, 40.388909877144734], [115.862964858329, 40.38899995132216], [115.86308265768736, 40.38900110968293], [115.86307811316584, 40.38927133221746], [115.86296031333687, 40.389270173845695], [115.8629587983258, 40.38936024801729], [115.86272319837462, 40.389357930906506], [115.86272168304299, 40.38944800506932], [115.86283948317202, 40.38944916368836], [115.86283796799043, 40.38953923785339], [115.86295576828321, 40.38954039635613], [115.86295425325163, 40.389630470523365], [115.86307205370812, 40.38963162890979], [115.8630599344646, 40.39035222222465], [115.86294213275306, 40.39035106380889], [115.86293910256005, 40.39053121211572], [115.86270349852995, 40.390528894909615], [115.86270198310942, 40.39061896905352], [115.86199517024193, 40.3906120145337]]]}}, {"type": "Feature", "properties": {"year": 2023, "water_area_km2": 0.0116}, "geometry": {"type": "Polygon", "coordinates": [[[115.47453244157005, 40.38326631497559], [115.47453447358308, 40.38317625493058], [115.47441670297569, 40.38317470097897], [115.47442076728768, 40.3829945808943], [115.47430299700291, 40.38299302683264], [115.47430909387232, 40.38272284670921], [115.47419132406692, 40.38272129254241], [115.47421368027274, 40.38173063202904], [115.47409591220044, 40.38172907779646], [115.47410404208162, 40.38136883758469], [115.47398627464536, 40.38136728325188], [115.47398830724943, 40.38127722320013], [115.47410607452899, 40.38127877752801], [115.47411013939625, 40.3810986574102], [115.47422790637154, 40.38110021160837], [115.47422993863468, 40.38101015154231], [115.47470100600074, 40.381016367116516], [115.47469897436444, 40.38110642720224], [115.4748167413856, 40.381107980801005], [115.47479642608558, 40.382008581625435], [115.47467865749728, 40.38200702797751], [115.47466037153313, 40.38281756854768], [115.47477814153194, 40.38281912223986], [115.47477407819699, 40.382999242359986], [115.47489184851842, 40.38300079594211], [115.4748857539174, 40.383270976125864], [115.47453244157005, 40.38326631497559]]]}}, {"type": "Feature", "properties": {"year": 2023, "water_area_km2": 0.0861}, "geometry": {"type": "Polygon", "coordinates": [[[115.479545341792, 40.375134435451045], [115.47954736654766, 40.37504437506906], [115.47931185311063, 40.37504127776877], [115.47931590322123, 40.37486115701992], [115.47919814682975, 40.3748596081998], [115.47920017202802, 40.374769547828045], [115.47861139099095, 40.37476180195413], [115.47860936500938, 40.37485186230138], [115.47790282712654, 40.3748425632681], [115.47790485404812, 40.37475250295028], [115.47778709792298, 40.374750952696814], [115.47778912499206, 40.374660892382416], [115.47767136903273, 40.374659342014], [115.47767542345682, 40.374479221390516], [115.47755766781995, 40.374477670912064], [115.47755969517495, 40.374387610602994], [115.47673540706965, 40.37437675393236], [115.47673337861804, 40.374466814207075], [115.47649786749983, 40.374463711212705], [115.47649583872575, 40.374553771476116], [115.47614257164713, 40.37454911607094], [115.47614460089119, 40.37445905582225], [115.47602684537327, 40.374457503785735], [115.47603902158541, 40.37391714229182], [115.47615677616336, 40.37391869429888], [115.47616083451419, 40.37373857377915], [115.47627858878798, 40.37374012565653], [115.476280617793, 40.37365006538952], [115.4763983719193, 40.37365161714215], [115.47640040075852, 40.37356155686873], [115.4765181547373, 40.3735631084966], [115.47652018341073, 40.37347304821677], [115.47663793724202, 40.373474599719884], [115.47663996574964, 40.37338453943368], [115.47699322682844, 40.37338919320919], [115.47699525485694, 40.37329913290675], [115.47711300841152, 40.37330068392066], [115.47711503627424, 40.37321062361185], [115.47723278968131, 40.373212174500985], [115.47723481737823, 40.37312211418575], [115.4773525706378, 40.37312366495015], [115.47735459816889, 40.37303360462851], [115.47770785753256, 40.373038256187904], [115.47770988458456, 40.372948195850064], [115.47794539055943, 40.372951296280625], [115.47794741728899, 40.37286123593148], [115.47806517013349, 40.372862785962084], [115.47806719669727, 40.37277272560654], [115.47842045481566, 40.37277737496457], [115.47842248090036, 40.372687314592824], [115.47865798604502, 40.37269041355581], [115.47866001180728, 40.372600353172786], [115.47877776423667, 40.372601902469604], [115.47877978983313, 40.372511842080165], [115.47901529440605, 40.372514940304484], [115.47901731968007, 40.37242487990376], [115.47948832830895, 40.37243107489466], [115.47949035294725, 40.37234101447284], [115.47972585700323, 40.372344111239435], [115.47972788131912, 40.37225405080632], [115.47984563320414, 40.37225559900495], [115.47984765735424, 40.37216553856544], [115.47996540909178, 40.37216708663934], [115.47997552892214, 40.371716784394955], [115.48009327988558, 40.37171833232451], [115.48009125609441, 40.37180839278127], [115.4802090072236, 40.37180994059588], [115.48020698357996, 40.37190000105605], [115.48032473487493, 40.37190154875572], [115.4803206878735, 40.37208166968136], [115.4805561911174, 40.37208476474076], [115.48055416791628, 40.37217482521115], [115.48078967150998, 40.37217791980097], [115.48078764861303, 40.37226798027966], [115.48090540058021, 40.3722695273997], [115.48090337783078, 40.37235958788178], [115.48102112996374, 40.37236113488689], [115.48101910736183, 40.372451195372385], [115.48113685966055, 40.372452742262524], [115.4811227022882, 40.373083165653476], [115.48100494889293, 40.37308161872906], [115.48100090353398, 40.373261739674696], [115.48088314983453, 40.373260192620656], [115.48088112698473, 40.37335025308633], [115.48111663470605, 40.373353347084375], [115.48111461216041, 40.37344340755836], [115.48123236619143, 40.373444954382514], [115.48122023166599, 40.37398531722446], [115.48098472173321, 40.37398222339758], [115.48098269896705, 40.374072283856236], [115.48051167858438, 40.3740660947447], [115.48051370197719, 40.373976034305635], [115.48039594706097, 40.37397448673301], [115.4803979706013, 40.37388442629735], [115.48028021585093, 40.373882878609784], [115.48028223953875, 40.373792818177535], [115.48016448495414, 40.373791270375015], [115.48016650878952, 40.37370120994618], [115.47981324556044, 40.37369656583421], [115.47981122125509, 40.37378662624836], [115.47957571216804, 40.37378352956468], [115.47957368754024, 40.37387358996754], [115.47910266884911, 40.37386739514237], [115.47910064358554, 40.37395745552414], [115.47898288877894, 40.37395590651333], [115.47898086334959, 40.374045966888715], [115.47909861831285, 40.37404751590443], [115.47909659303102, 40.37413757628321], [115.47921434816007, 40.37413912518399], [115.47921232302573, 40.37422918556617], [115.48038987638523, 40.37424466803105], [115.48038582922243, 40.37442478888896], [115.48050358492192, 40.37442633648605], [115.48049751457921, 40.37469651777642], [115.48037975840974, 40.374694970164626], [115.48037571115565, 40.374875091007624], [115.48025795468195, 40.37487354326618], [115.48025593088455, 40.37496360368055], [115.48013817426333, 40.37496205581434], [115.48013615030011, 40.375052116222314], [115.47990063677173, 40.37504902012058], [115.47989861248608, 40.375139080517265], [115.479545341792, 40.375134435451045]]]}}, {"type": "Feature", "properties": {"year": 2023, "water_area_km2": 0.0161}, "geometry": {"type": "Polygon", "coordinates": [[[115.49436527098054, 40.37082401457337], [115.49436727570023, 40.37073395350736], [115.49424952567358, 40.37073242014179], [115.49425153054088, 40.370642359079156], [115.49413378067989, 40.3706408255986], [115.49413779070063, 40.37046070347855], [115.49425554024833, 40.3704622369494], [115.4942575450885, 40.370372175882295], [115.49437529448862, 40.37037370922844], [115.49439133163128, 40.36965322059911], [115.49450907978738, 40.36965475378663], [115.49451308866936, 40.36947463160468], [115.49463083652125, 40.36947616466266], [115.49463284079206, 40.3693861035646], [115.49475058849634, 40.36938763649788], [115.49475259260149, 40.369297575393496], [115.4948703401582, 40.3692991082021], [115.49487234409767, 40.36920904709136], [115.49557882868807, 40.36921824139739], [115.4955748226796, 40.369398363675536], [115.49569257045623, 40.36939989565016], [115.49568055315376, 40.369940262478], [115.49579830187919, 40.36994179436187], [115.49579629912044, 40.370031855499484], [115.49567855023841, 40.370030323610756], [115.4956725414381, 40.3703005070001], [115.49555479209515, 40.370298974977004], [115.495552788987, 40.370389036098956], [115.49531729001504, 40.37038597168356], [115.49531528658459, 40.37047603279432], [115.49507978733547, 40.37047296788988], [115.49507778358269, 40.37056302898945], [115.49496003381506, 40.370561496352614], [115.49495802989664, 40.37065155744585], [115.4948402799814, 40.37065002468433], [115.49483827589728, 40.37074008577124], [115.49460277578069, 40.37073701987899], [115.49460077137424, 40.37082708095468], [115.49436527098054, 40.37082401457337]]]}}, {"type": "Feature", "properties": {"year": 2023, "water_area_km2": 0.1676}, "geometry": {"type": "Polygon", "coordinates": [[[115.48730430424229, 40.370551678683725], [115.487306318342, 40.370461617906535], [115.48718856917252, 40.37046007736043], [115.48719058341976, 40.370370016586634], [115.487072834416, 40.37036847592557], [115.48707484881078, 40.37027841515515], [115.48683935114379, 40.370275333483264], [115.48684136584274, 40.3701852727211], [115.48648811988029, 40.370180649329136], [115.48648610471146, 40.37027071007666], [115.48613285836093, 40.370266085591524], [115.48613688962934, 40.37008596412427], [115.4860191411773, 40.370084422399316], [115.48602317272255, 40.369904300935836], [115.48590542459286, 40.3699027591008], [115.4859074405085, 40.36981269837171], [115.48567194458963, 40.3698096143519], [115.4856739608094, 40.36971955363107], [115.48555621302025, 40.36971801144631], [115.48555419664382, 40.36980807216226], [115.48508320495162, 40.36980190220531], [115.4850811879396, 40.36989196290023], [115.4843746997345, 40.36988270434052], [115.48437671768627, 40.369792643674884], [115.484141222004, 40.36978955653941], [115.48414525850677, 40.36960943522321], [115.4842630060301, 40.369610978841095], [115.48426502411121, 40.36952091817588], [115.48438277148703, 40.36952246166904], [115.48438882520584, 40.369252279649785], [115.48450657212089, 40.36925382300846], [115.48450858985234, 40.36916376232752], [115.48462633661987, 40.369165305561474], [115.48462835418557, 40.36907524487416], [115.4847461008056, 40.36907678798341], [115.48474811820559, 40.3689867272897], [115.48498361115966, 40.36898981313896], [115.48498562823731, 40.368899752434], [115.48486788191236, 40.368898209574176], [115.48487595075846, 40.36853796675897], [115.48475820506907, 40.368536423798844], [115.48477232629571, 40.36790599884904], [115.4846545817117, 40.367904455803256], [115.48465659915, 40.36781439509506], [115.4847743435774, 40.367815938135955], [115.48478039536786, 40.36754575598778], [115.48489813933452, 40.3675472988942], [115.4849001564232, 40.36745723817028], [115.48513564407058, 40.36746032361388], [115.48513766083695, 40.367370262878715], [115.48596186679306, 40.36738105812274], [115.48596388245409, 40.367290997351915], [115.48725906241968, 40.36730794939065], [115.48726107634891, 40.36721788856468], [115.4879675376721, 40.36722712899105], [115.4879695506526, 40.36713706813435], [115.48902924184077, 40.36715092064199], [115.48903125340276, 40.36706085973997], [115.48938448349234, 40.3670654750711], [115.48938649457541, 40.36697541415298], [115.48950423780016, 40.36697695235218], [115.48950624871756, 40.36688689142771], [115.48985947797637, 40.36689150529177], [115.48986148841489, 40.3668014443512], [115.49009697431958, 40.36680451965174], [115.49009295405992, 40.366984641550836], [115.49021069733907, 40.3669861790311], [115.49020868735224, 40.367076239983284], [115.49009094391648, 40.36707470249816], [115.490088933764, 40.36716476344397], [115.48997119018068, 40.367163225834155], [115.48996716953526, 40.36734334771161], [115.4898494256478, 40.36734180997224], [115.48984339414183, 40.36761199276263], [115.4899611384991, 40.3676135305166], [115.48994907618194, 40.368153896086355], [115.49006682148799, 40.3681554337497], [115.49006481122667, 40.368245494677645], [115.490418047669, 40.368250106963295], [115.49042005746048, 40.368160046020755], [115.49077329351458, 40.36816465721337], [115.49077128419296, 40.36825471817049], [115.49112452079848, 40.368259328299246], [115.49112251193766, 40.36834938926949], [115.49124025764759, 40.36835092574427], [115.49123624021195, 40.36853104768999], [115.49135398624418, 40.36853258405467], [115.49135197766937, 40.36862264503014], [115.49146972386727, 40.36862418127986], [115.49146570700378, 40.36880430323609], [115.49158345352396, 40.368805839375696], [115.49158144523525, 40.36889590035644], [115.49169919192113, 40.368897436381076], [115.49169517562974, 40.3690775583478], [115.49181292263793, 40.369079094262325], [115.49180890662355, 40.36925921623281], [115.4916911593021, 40.369257680308564], [115.49168714293828, 40.36943780226337], [115.49109840490075, 40.36943012079602], [115.49109639592211, 40.369520181746886], [115.49074315273846, 40.369515571413885], [115.49074114328089, 40.36960563234869], [115.4905056475572, 40.36960255818446], [115.4905036377773, 40.36969261910802], [115.4902681417766, 40.36968954445473], [115.49026613167436, 40.36977960536708], [115.49003063539669, 40.369776530224726], [115.49002862497215, 40.36986659112585], [115.4897931284175, 40.36986351549443], [115.4897911176706, 40.369953576384326], [115.489555620839, 40.369950500263826], [115.48955360976979, 40.37004056114251], [115.4893181126612, 40.37003748453294], [115.48931610126964, 40.37012754540039], [115.48919835257233, 40.370126006911], [115.48919634101507, 40.37021606777208], [115.48896084333441, 40.370212990424015], [115.4889588314548, 40.37030305127389], [115.48860558453198, 40.37029843433843], [115.4886035721734, 40.37038849517219], [115.48836807395698, 40.3703854166063], [115.48836606127608, 40.37047547742883], [115.48789506432567, 40.37046931883952], [115.48789305100914, 40.370559379641065], [115.48730430424229, 40.370551678683725]]]}}, {"type": "Feature", "properties": {"year": 2023, "water_area_km2": 0.0168}, "geometry": {"type": "Polygon", "coordinates": [[[115.49454315413132, 40.36812371505026], [115.49454716270589, 40.36794359281769], [115.49431167235434, 40.367940526507205], [115.49431367694129, 40.367850465398384], [115.49360720704342, 40.3678412636202], [115.49360921256101, 40.367751202539004], [115.49349146776629, 40.36774966849477], [115.4934894620921, 40.36783972957111], [115.49325397221662, 40.36783666111345], [115.49325597820403, 40.36774660004682], [115.49337372298066, 40.36774813433072], [115.4933757288024, 40.36765807325774], [115.4932579841824, 40.367656538978714], [115.49326199611203, 40.36747641683801], [115.49314425181429, 40.36747488244886], [115.49314826402092, 40.3672947603119], [115.49303052004548, 40.36729322581264], [115.49303252629183, 40.36720316474679], [115.49315027011068, 40.36720469924119], [115.493154282263, 40.3670245770953], [115.49327202577769, 40.36702611146018], [115.49327403168365, 40.36693605038014], [115.49386274860971, 40.366943720382885], [115.49386475372363, 40.366853659277076], [115.49433572680084, 40.36685979310305], [115.49433372231339, 40.36694985422825], [115.49456920921948, 40.366952920432006], [115.49456720503618, 40.367042981565426], [115.49468494865938, 40.36704451449241], [115.49468294462365, 40.36713457562919], [115.49527166365836, 40.36714223849105], [115.49526565384606, 40.3674124219652], [115.49538339814993, 40.36741395419264], [115.49538139501772, 40.367504015352566], [115.49514590610576, 40.36750095076815], [115.49514189918773, 40.36768107306412], [115.49478866494792, 40.36767647525972], [115.4947866610055, 40.36776653639092], [115.49490440589969, 40.36776806911706], [115.49490240210487, 40.36785813025164], [115.49478465705408, 40.367856597520635], [115.4947826530936, 40.36794665864887], [115.49501814351746, 40.36794972400073], [115.49501613986115, 40.36803978513715], [115.49466290376907, 40.368035186915066], [115.49466089963389, 40.36812524803546], [115.49454315413132, 40.36812371505026]]]}}, {"type": "Feature", "properties": {"year": 2023, "water_area_km2": 0.0075}, "geometry": {"type": "Polygon", "coordinates": [[[115.44647080417809, 40.363794253119444], [115.44647287213955, 40.363704193958455], [115.4462374018292, 40.36370103003436], [115.44623947009448, 40.36361097088189], [115.44635720508845, 40.36361255289883], [115.44635927318781, 40.36352249373986], [115.44647700803455, 40.36352407563199], [115.44647907596803, 40.36343401646652], [115.44683228009444, 40.36343876140912], [115.4468343475489, 40.363348702227135], [115.44789395902257, 40.36336293054069], [115.4478918929772, 40.36345298976769], [115.44812736260923, 40.36345615030736], [115.44812942834149, 40.36336609107034], [115.44836489769766, 40.363369251120815], [115.44836283227855, 40.36345931036781], [115.44848056712716, 40.36346089021834], [115.44847437128364, 40.36373106796539], [115.4477679595134, 40.36372158697521], [115.4477658932742, 40.36381164619124], [115.44764815785518, 40.363810065601896], [115.44765022425098, 40.36372000639087], [115.4475324889979, 40.36371842568675], [115.44753042244552, 40.36380848489276], [115.44647080417809, 40.363794253119444]]]}}, {"type": "Feature", "properties": {"year": 2023, "water_area_km2": 0.0167}, "geometry": {"type": "Polygon", "coordinates": [[[115.48198283612466, 40.36624784172639], [115.48198485700094, 40.36615778110377], [115.48163163285858, 40.366153143258416], [115.48163365419553, 40.366063082648985], [115.48139817179275, 40.36605999016278], [115.48140019343376, 40.365969929561636], [115.48116471138063, 40.36596683660595], [115.48116673332574, 40.36587677601312], [115.48104899246945, 40.365875229360434], [115.481051014562, 40.365785168771005], [115.48093327387144, 40.365783622003406], [115.48093529611147, 40.365693561417366], [115.48081755558664, 40.36569201453485], [115.48081957797413, 40.365601953952215], [115.480701837615, 40.365600406954776], [115.48070386014997, 40.36551034637556], [115.48058611995654, 40.3655087992632], [115.480588142639, 40.36541873868737], [115.4804704026113, 40.36541719146011], [115.48047242544119, 40.365327130887685], [115.48035468557921, 40.365325583545506], [115.4803567085566, 40.365235522976484], [115.48023896886033, 40.365233975519374], [115.48024099198516, 40.36514391495377], [115.48012325245459, 40.36514236738174], [115.48012527572689, 40.36505230681954], [115.47988979700635, 40.365049211325854], [115.4798918205827, 40.364959150771966], [115.4797740813927, 40.3649576028503], [115.4797781288312, 40.36477748174782], [115.4796603899635, 40.36477593371613], [115.47966241382564, 40.36468587316757], [115.47942693643083, 40.364682776754584], [115.47942896059699, 40.36459271621432], [115.47931122206985, 40.364591167833], [115.4793132463835, 40.36450110729614], [115.47919550802207, 40.36449955879992], [115.47919753248314, 40.364409498266475], [115.47907979428747, 40.36440794965534], [115.47908181889599, 40.364317889125296], [115.478964080866, 40.364316340399256], [115.47896610562199, 40.36422627987262], [115.47884836775773, 40.36422473103167], [115.47885039266116, 40.36413467050845], [115.47873265496261, 40.3641331215526], [115.47873468001346, 40.364043061032795], [115.47861694248063, 40.364041511962036], [115.47861896767895, 40.36395145144563], [115.47850123031185, 40.363949902259954], [115.47850325565759, 40.36385984174698], [115.47838551845618, 40.3638582924464], [115.47838956943345, 40.36367817142576], [115.47874278012559, 40.36368281893864], [115.47874075511126, 40.36377287946442], [115.47885849218349, 40.363774428400674], [115.4788564673166, 40.36386448892985], [115.47897420455456, 40.3638660377512], [115.4789721798351, 40.3639560982838], [115.47908991723877, 40.36395764699024], [115.47908789266677, 40.36404770752624], [115.47920563023612, 40.36404925611777], [115.47920360581159, 40.36413931665717], [115.47932134354667, 40.364140865133805], [115.47931931926958, 40.364230925676615], [115.47955479508029, 40.36423402228025], [115.47955277110722, 40.364324082831374], [115.47967050918285, 40.36432563095837], [115.47966848535725, 40.36441569151291], [115.47990396184906, 40.364418787417264], [115.47990193832747, 40.36450884798011], [115.48001967674368, 40.36451039575746], [115.48001765336954, 40.36460045632373], [115.48013539195145, 40.364602003986185], [115.4801333687248, 40.364692064555825], [115.48025110747241, 40.36469361210336], [115.48024908439321, 40.364783672676424], [115.48036682330654, 40.36478522010904], [115.48036480037479, 40.364875280685524], [115.48048253945382, 40.36487682800324], [115.48048051666956, 40.3649668885831], [115.48059825591429, 40.3649684357859], [115.48059623327748, 40.36505849636917], [115.48083171210754, 40.365061590425114], [115.48082968977477, 40.36515165101668], [115.48094742936007, 40.36515319786982], [115.48094540717477, 40.365243258464815], [115.48129862645517, 40.36524789832006], [115.48129660473052, 40.365337958928244], [115.48141434466548, 40.3653395053119], [115.4814123230883, 40.36542956592349], [115.48153006318896, 40.36543111219224], [115.48152804175926, 40.36552117280722], [115.48164578202567, 40.36552271896106], [115.48164376074341, 40.365612779579436], [115.48176150117551, 40.36561432561835], [115.48175948004076, 40.36570438624013], [115.48187722063858, 40.365705932164126], [115.48187519965131, 40.365795992789316], [115.48211068118745, 40.36579908428764], [115.48210866050425, 40.365889144921105], [115.48234414239005, 40.36589223594994], [115.48233808122531, 40.36616241787077], [115.48210259839995, 40.36615932681259], [115.48210057768028, 40.36624938744011], [115.48198283612466, 40.36624784172639]]]}}, {"type": "Feature", "properties": {"year": 2023, "water_area_km2": 1.6887}, "geometry": {"type": "Polygon", "coordinates": [[[115.45725658349306, 40.37628057264489], [115.45725863800625, 40.37619051321966], [115.45714088051561, 40.37618894189788], [115.45714704446956, 40.37591876362818], [115.45702928745816, 40.37591719220146], [115.45703134224762, 40.37582713278021], [115.45691358540216, 40.375825561238614], [115.45691769526657, 40.37564544240157], [115.45679993874373, 40.37564387075007], [115.45680199381867, 40.37555381133428], [115.45668423746177, 40.37555223956789], [115.45668629268413, 40.37546218015559], [115.45656853649315, 40.37546060827432], [115.45657470257458, 40.37519043004337], [115.45645694686286, 40.37518885805716], [115.45646105785077, 40.37500873923901], [115.45634330246165, 40.37500716714291], [115.45634535809836, 40.374917107736565], [115.45681637908385, 40.37492339538198], [115.45681432407378, 40.37501345480821], [115.45693207949999, 40.375015026424926], [115.4569341343534, 40.37492496699372], [115.45705188963225, 40.37492653848559], [115.45705599899793, 40.374746419608734], [115.45717375397271, 40.37474799097082], [115.45717786298802, 40.37456787207805], [115.45729561765874, 40.37456944331034], [115.45729767199583, 40.37447938385674], [115.45741542651918, 40.37448095496421], [115.45741748069034, 40.374390895504156], [115.45765298945153, 40.37439403734962], [115.45766120479033, 40.37403379945466], [115.45742569728237, 40.37403065764897], [115.45742775140721, 40.37394059818143], [115.45719224424964, 40.3739374559063], [115.45719018981148, 40.3740275153639], [115.45613040665138, 40.37401336914867], [115.45613246249938, 40.373923309735844], [115.45589695554577, 40.373920164824106], [115.45589901169781, 40.373830105419735], [115.45578125839157, 40.37382853278908], [115.45578331469099, 40.373738473388194], [115.45566556155067, 40.373736900642655], [115.45566761799743, 40.37364684124525], [115.45554986502304, 40.373645268384855], [115.4555519216172, 40.37355520899094], [115.45531641600955, 40.37355206292057], [115.45531847290772, 40.37346200353511], [115.45520072027446, 40.37346043032514], [115.45520277731998, 40.37337037094317], [115.45508502485265, 40.37336879761832], [115.45508708204557, 40.373278738239826], [115.45496932974416, 40.37327716480013], [115.45497138708443, 40.373187105425124], [115.45485363494893, 40.37318553187055], [115.45485569243658, 40.37309547249903], [115.45473794046701, 40.37309389882961], [115.45473999810201, 40.37300383946156], [115.45462224629838, 40.37300226567727], [115.45462430408072, 40.37291220631273], [115.45450655244304, 40.37291063241358], [115.45450861037276, 40.37282057305251], [115.45439085890098, 40.372818999038486], [115.45439497504582, 40.37263888032186], [115.45427722389661, 40.37263730619796], [115.45427928211176, 40.37254724684238], [115.45404378015446, 40.37254409824504], [115.45404583867361, 40.372454038897914], [115.45357483549704, 40.37244774028509], [115.45357689463343, 40.37235768095641], [115.45334139341415, 40.37235453094093], [115.45334345285455, 40.37226447162073], [115.45322570241548, 40.37226289643822], [115.45322776200322, 40.372172837121504], [115.45299226146625, 40.37216968640693], [115.45299432135795, 40.3720796270987], [115.45287657126003, 40.37207805156664], [115.45287863129909, 40.37198799226189], [115.45276088136708, 40.37198641661499], [115.45276294155349, 40.37189635731374], [115.45264519178744, 40.37189478155197], [115.45264725212117, 40.371804722254204], [115.45252950252105, 40.371803146377594], [115.45253156300213, 40.371713087083336], [115.45241381356792, 40.37171151109187], [115.45241793481543, 40.37153139250882], [115.45230018570379, 40.3715298164075], [115.45230224647025, 40.37143975711872], [115.45218449752453, 40.371438180902565], [115.45218655843831, 40.371348121617274], [115.45206880965854, 40.371346545286265], [115.45207087071965, 40.371256486004455], [115.45195312210578, 40.37125490955861], [115.45195518331424, 40.371164850280316], [115.4518374348663, 40.3711632737196], [115.45184155756856, 40.3709831551685], [115.45172380944317, 40.370981578497954], [115.45172793242149, 40.370801459950854], [115.45184568023362, 40.370803036611434], [115.4518477415522, 40.37071297733065], [115.45196548921702, 40.370714553866414], [115.45196755036969, 40.370624494579154], [115.45349826882192, 40.37064497857455], [115.45350032792918, 40.370554919220986], [115.45526654112909, 40.37057852936099], [115.4552685978777, 40.37048846993121], [115.456446072938, 40.37050419499585], [115.45644812811108, 40.370414135514835], [115.45715461265257, 40.370423564771876], [115.45715666687667, 40.37033350525952], [115.45739216148473, 40.37033664737661], [115.45739421538629, 40.370246587852805], [115.45798295128546, 40.370254441023654], [115.45798089816701, 40.37034450057231], [115.45821639290475, 40.37034764101176], [115.45821844570997, 40.370257581453174], [115.4586894346701, 40.37026386087425], [115.45869148683956, 40.3701738012943], [115.4588092339461, 40.370175370845025], [115.45881744190488, 40.36981513249042], [115.45893518839421, 40.369816701901456], [115.45893724020415, 40.36972664230411], [115.45917273289733, 40.36972978075675], [115.45917683586296, 40.369549661537704], [115.45882359777677, 40.36954495370878], [115.45882770164508, 40.36936483451356], [115.45894544735133, 40.369366403899775], [115.45894749911498, 40.36927634429495], [115.459182990242, 40.369279482697934], [115.45918504168316, 40.36918942308169], [115.45942053253395, 40.36919256099545], [115.45941643026882, 40.3693726802463], [115.45988741333439, 40.369378954675604], [115.45988536281439, 40.36946901431864], [115.46082733064237, 40.369481557465214], [115.46082937990944, 40.369391497782495], [115.46177134707612, 40.36940403322041], [115.461773395081, 40.369313973496524], [115.46247986990436, 40.36932337001248], [115.46248191696029, 40.36923331025737], [115.46271740832871, 40.36923644146083], [115.4627215017864, 40.36905632192628], [115.46283924717126, 40.369057887338364], [115.46283720060363, 40.36914794711133], [115.46295494615433, 40.369149512408534], [115.46296108535962, 40.36887933307031], [115.46331432065753, 40.3688840281984], [115.46331636657101, 40.36879396840114], [115.46355185650255, 40.368797097877504], [115.4635498109023, 40.36888715768467], [115.46378530118398, 40.368890286691624], [115.46378734647098, 40.36880022687457], [115.46390509146906, 40.36880179119335], [115.46390713659022, 40.36871173136986], [115.46402488144089, 40.368713295563865], [115.46402897134233, 40.368533175902485], [115.46391122680488, 40.36853161171836], [115.46391531698266, 40.36835149206091], [115.46367982856188, 40.368348363353], [115.46368187395014, 40.36825830353193], [115.46297540984892, 40.36824891456216], [115.46297745616761, 40.36815885476932], [115.46215324956579, 40.368147895553975], [115.46215529697152, 40.36805783579432], [115.4620375533648, 40.36805626971778], [115.46203550580246, 40.368146329472495], [115.4619177620484, 40.36814476327119], [115.46191980976731, 40.368054703521445], [115.46180206617906, 40.368053137205266], [115.46180411404535, 40.36796307745898], [115.461921857477, 40.36796464377019], [115.46192390517743, 40.36787458401746], [115.46204164846172, 40.36787615020389], [115.46204369599631, 40.3677860904447], [115.46227918227935, 40.3677892224482], [115.46228122949151, 40.36769916267761], [115.46251671549827, 40.367702294191915], [115.46251876238799, 40.36761223440991], [115.46287199099756, 40.36761693076785], [115.46287403740824, 40.367526870969506], [115.46322726563108, 40.367531566234206], [115.46322931156273, 40.3674415064195], [115.46334705416552, 40.36744307126315], [115.46335114568791, 40.36726295161937], [115.46311566111793, 40.36725982183207], [115.4631197532298, 40.36707970220213], [115.46300201127187, 40.36707813713866], [115.46300610365999, 40.366898017512646], [115.46277062039819, 40.366894887046065], [115.46277471337582, 40.3667147674339], [115.46253923077731, 40.366711636507866], [115.46254127756546, 40.36662157670945], [115.46242353643666, 40.36662001107165], [115.4624255833722, 40.36652995127671], [115.46171913773287, 40.36652055496358], [115.46172118559873, 40.36643049519686], [115.46160344484777, 40.36642892873027], [115.46160549286097, 40.36633886896703], [115.46148775227583, 40.36633730238558], [115.46149389672978, 40.36606712310174], [115.46137615662369, 40.366065556415364], [115.46137410832499, 40.366155616173174], [115.46113862782731, 40.36615248243104], [115.46114067643917, 40.36606242268314], [115.46090519629163, 40.36605928847168], [115.4609072452074, 40.36596922873221], [115.46078950530409, 40.36596766145171], [115.46078745623171, 40.36605772118623], [115.46066971618103, 40.36605615378096], [115.46067176541003, 40.36596609405141], [115.4605540255252, 40.365964526531286], [115.46055812426859, 40.36578440707762], [115.46032264515301, 40.36578127169779], [115.46032469482401, 40.36569121197863], [115.45997147668976, 40.36568650802518], [115.45997352682129, 40.36559644831942], [115.4598557876183, 40.36559488010027], [115.45985783789715, 40.36550482039799], [115.45997557694356, 40.365506388612175], [115.45997967716036, 40.36532626919317], [115.45986193842711, 40.36532470098893], [115.45987628999067, 40.364694283010174], [115.45975855236274, 40.36469271472084], [115.45976060270571, 40.364602655008575], [115.45964286524362, 40.36460108660441], [115.45964491573389, 40.3645110268956], [115.45988039035416, 40.36451416357422], [115.45988449068065, 40.36433404413231], [115.45976675367906, 40.36433247586283], [115.45977085428171, 40.364152356424874], [115.4596531176025, 40.364150788045514], [115.45965516804654, 40.36406072832926], [115.45989064110107, 40.364063864958226], [115.45988654083004, 40.3642439844091], [115.46012201454785, 40.364247120578725], [115.46011791486615, 40.364427240043476], [115.46023565205206, 40.3644288079585], [115.46023360235392, 40.36451886769358], [115.46046907706666, 40.36452200317413], [115.46046702767244, 40.364612062917665], [115.46058476519926, 40.36461363048319], [115.46058271595236, 40.36470369023018], [115.46070045364499, 40.364705257680846], [115.46069840454544, 40.3647953174313], [115.4608161424039, 40.364796884767145], [115.4608140934517, 40.364886944521054], [115.4610495695095, 40.36489007884322], [115.46104752086121, 40.36498013860556], [115.46116525906058, 40.364981705591894], [115.4611632105596, 40.365071765357705], [115.4612809489248, 40.36507333222918], [115.46127890057116, 40.36516339199846], [115.4615143776424, 40.36516652539188], [115.46151232959274, 40.36525658516958], [115.46163006829877, 40.36525815169155], [115.46162802039643, 40.36534821147271], [115.46186349814944, 40.36535134416711], [115.46186145055104, 40.365441403956694], [115.46197918959798, 40.36544297012913], [115.46197714214692, 40.3655330299222], [115.46209488135969, 40.36553459597978], [115.46209283405598, 40.36562465577629], [115.46221057343458, 40.36562622171902], [115.46220647911264, 40.36580634131747], [115.46232421881363, 40.3658079071503], [115.4623221717954, 40.36589796695224], [115.46208669208946, 40.365894835156865], [115.46208259739893, 40.36607495473647], [115.46243581791124, 40.36607965227954], [115.46243377102189, 40.366169712081955], [115.4626692517228, 40.36617284318818], [115.46267129829896, 40.366082783375845], [115.4632599994298, 40.366090609019885], [115.46325795363657, 40.36618066885696], [115.46349343446671, 40.36618379828579], [115.46349547994672, 40.3660937384388], [115.46396644109132, 40.36609999583886], [115.46396439623767, 40.36619005570565], [115.46408213670347, 40.36619161976108], [115.46408009199718, 40.36628167963133], [115.46419783262881, 40.3662832435719], [115.46418965433783, 40.366643483057786], [115.46430739560505, 40.36664504689833], [115.46430330671741, 40.366825166642194], [115.46453878990592, 40.36682829398364], [115.46454083404113, 40.36673823410255], [115.46465857549263, 40.366739797588586], [115.46466061946205, 40.36664973770106], [115.46477836076615, 40.36665130106234], [115.46478040456975, 40.36656124116838], [115.46489814572648, 40.36656280440487], [115.46490223299284, 40.36638268460258], [115.46501997384561, 40.36638424770938], [115.46502201730836, 40.36629418780103], [115.46525749872835, 40.36629731364531], [115.46525954186869, 40.36620725372558], [115.46537728243591, 40.36620881646305], [115.46537932541045, 40.36611875653689], [115.4654970658303, 40.366120319149594], [115.46549910863902, 40.366030259217], [115.46538136837579, 40.36602869660923], [115.46538749721644, 40.3657585168173], [115.46550523700992, 40.36576007941024], [115.4655072797818, 40.36567001947167], [115.46562501942792, 40.36567158193984], [115.46562706203397, 40.36558152199484], [115.46574480153271, 40.36558308433825], [115.46574684397298, 40.365493024386794], [115.46586458332433, 40.36549458660546], [115.4658666255988, 40.36540452664757], [115.4662198432384, 40.36540921256986], [115.4662218850339, 40.36531915259566], [115.46633962410891, 40.365320714325186], [115.46634370735912, 40.365140594362416], [115.4664614461302, 40.365142155962246], [115.46646961189369, 40.36478191599904], [115.46658735004763, 40.3647834774593], [115.46659143256099, 40.364603357458854], [115.46588500565444, 40.36459398695948], [115.46588704783677, 40.36450392698666], [115.46576931020785, 40.364502364822386], [115.46576726786894, 40.364592424790246], [115.46553179232552, 40.36458930009237], [115.4655338349776, 40.36449924013439], [115.46529835978421, 40.364496114967174], [115.46530040274027, 40.36440605501759], [115.46447624094982, 40.36439511319302], [115.46447828499268, 40.36430505327657], [115.46436054778749, 40.364303489684495], [115.4643625919777, 40.3642134297715], [115.46424485493831, 40.364211866064565], [115.46424894360426, 40.36403174624399], [115.46448441706592, 40.36403487351827], [115.4644864610719, 40.36394481359585], [115.46472193425731, 40.36394794038101], [115.46472397794092, 40.3638578804472], [115.46519492379608, 40.36386413256006], [115.46519696684415, 40.36377407260498], [115.46543243951388, 40.36377719793269], [115.46543039677891, 40.36386725789767], [115.4655481332842, 40.36386882038676], [115.46555017586255, 40.36377876041684], [115.46566791222044, 40.36378032278119], [115.46566586979866, 40.36387038275605], [115.46660776224603, 40.36388287739737], [115.46660980341522, 40.36379281738298], [115.46672753985604, 40.36379437866908], [115.46672958085945, 40.36370431864823], [115.46720052608836, 40.363710562574845], [115.4671964453249, 40.363890682654535], [115.46731418196829, 40.36389224334655], [115.46731214172937, 40.3639823033891], [115.46742987853852, 40.36398386396624], [115.46742375823618, 40.36425404409975], [115.4675414955243, 40.36425560457191], [115.46753333561865, 40.364615844748755], [115.46765107354229, 40.36461740512087], [115.46764903369943, 40.3647074651663], [115.46776677178886, 40.36470902542352], [115.46775861295185, 40.365069265610025], [115.46787635167678, 40.3650708257672], [115.46786819331888, 40.36543106594957], [115.46798593267938, 40.36543262600668], [115.46797777480063, 40.36579286618493], [115.4678600348138, 40.36579130610808], [115.46785595550604, 40.365971426178376], [115.46797369580608, 40.365972986265106], [115.46797573530796, 40.36588292622577], [115.46809347546059, 40.365884486187745], [115.46808531802422, 40.36624472635589], [115.46820305881243, 40.3662462862178], [115.46819898035223, 40.366426406302786], [115.46843446258264, 40.36642952568689], [115.46843242365192, 40.366519585737024], [115.46855016493753, 40.36652114525428], [115.4685481261542, 40.36661120530786], [115.46866586760561, 40.36661276471023], [115.4686679062323, 40.36652270465173], [115.46878564753631, 40.36652426392936], [115.46877953209838, 40.3667944441152], [115.4690150156735, 40.366797562340615], [115.46901297748902, 40.36688762240944], [115.46913071944698, 40.366889181347354], [115.46912868140987, 40.36697924141962], [115.46924642353365, 40.366980800242644], [115.46924438564395, 40.36707086031837], [115.46959761254018, 40.367075536083334], [115.4695955751111, 40.36716559617235], [115.46983106006773, 40.36716871275975], [115.4698330971836, 40.36707865266088], [115.47030406658074, 40.367084884378144], [115.47030610306102, 40.36699482425804], [115.47089481423114, 40.36700261118404], [115.47089684991924, 40.366912551037814], [115.4710145920242, 40.36691410805864], [115.47101255649272, 40.36700416820979], [115.47171901025497, 40.367013507848036], [115.47172104484687, 40.36692344766734], [115.47195652919451, 40.36692655991168], [115.47195856346401, 40.366836499719646], [115.47207630549501, 40.36683805565717], [115.47207833959872, 40.3667479954587], [115.47196059772435, 40.3667464395261], [115.47196466621747, 40.36656631913455], [115.47184692466546, 40.366564763091986], [115.47184895905487, 40.366474702898905], [115.4717312176686, 40.36647314674144], [115.47173325220541, 40.366383086551785], [115.47161551098496, 40.366381530279426], [115.47161754566919, 40.36629147009321], [115.4714998046145, 40.36628991370596], [115.47150183944616, 40.36619985352318], [115.47138409855724, 40.36619829702104], [115.4713861335363, 40.366108236841676], [115.47115065209918, 40.366105123487806], [115.47115268738226, 40.366015063316816], [115.47091720629508, 40.36601194949353], [115.47092127746006, 40.36583182916677], [115.47080353724341, 40.36583027208526], [115.4708055729687, 40.36574021192458], [115.47068783291785, 40.36573865472818], [115.47068986879057, 40.365648594570935], [115.47057212890547, 40.365647037259656], [115.4705741649256, 40.365556977105825], [115.47045642520628, 40.36555541967966], [115.47045846137381, 40.36546535952928], [115.47034072182026, 40.36546380198823], [115.47034275813517, 40.36537374184128], [115.47022501874743, 40.365372184185354], [115.47022705520975, 40.36528212404185], [115.47010931598774, 40.365280566271025], [115.47011338919802, 40.365100445989384], [115.4699956502984, 40.36509888810862], [115.46999768704633, 40.36500882797049], [115.46987994831248, 40.36500726997484], [115.4698819852078, 40.36491720984016], [115.46976424663973, 40.36491565172963], [115.46976628368246, 40.36482559159838], [115.46953080688702, 40.364822475027765], [115.46953284423374, 40.36473241490488], [115.46941510600638, 40.36473085644479], [115.4694171435005, 40.36464079632533], [115.46918166738651, 40.36463767905558], [115.46918574297348, 40.364457558831965], [115.46883252981098, 40.36445288205837], [115.46883456806042, 40.36436282195911], [115.46871683051454, 40.364361262799896], [115.46871886891134, 40.36427120270409], [115.46860113153126, 40.36426964343], [115.46860724713626, 40.3639994631484], [115.46837177334314, 40.36399634427042], [115.4683738121729, 40.36390628418345], [115.46825607544669, 40.36390472456968], [115.46825811442383, 40.36381466448614], [115.46849358757228, 40.363817783584004], [115.4684997035091, 40.363547603294826], [115.46791102305559, 40.363539804725676], [115.46791306246564, 40.363449744650985], [115.4676775906618, 40.36344662439457], [115.46767963037581, 40.36335656432826], [115.46779736611656, 40.36335812451143], [115.46780144520385, 40.36317800436444], [115.46803691608667, 40.36318112435162], [115.46803895530338, 40.363091064266015], [115.46815669060203, 40.36309262407499], [115.4681546515419, 40.36318268416551], [115.46827238700631, 40.36318424385959], [115.46827442590987, 40.363094183764126], [115.4686276318886, 40.36309886211277], [115.46862967031323, 40.36300880200099], [115.4687474055013, 40.363010361206], [115.4687494437602, 40.3629203010878], [115.46933811905556, 40.36292809529115], [115.46933608157951, 40.363018155434006], [115.46957155207514, 40.363021272286595], [115.46957358923804, 40.362931212133866], [115.47004452971328, 40.36293744438169], [115.47004249317663, 40.36302750455414], [115.47098437582056, 40.363039963338736], [115.47098234052731, 40.36313002354911], [115.47121781159325, 40.3631331370571], [115.47121577660397, 40.363223197275836], [115.47180445521231, 40.363230978973846], [115.47180648941875, 40.36314091873049], [115.47215969622418, 40.36314558629689], [115.47216172995174, 40.36305552603725], [115.4726326718611, 40.363061747762174], [115.47263470495321, 40.36297168748138], [115.47287017564979, 40.36297479761518], [115.47286814287084, 40.36306485790583], [115.47310361391723, 40.36306796757026], [115.47310158144224, 40.36315802786927], [115.47321931713576, 40.363159582526706], [115.47321728480819, 40.363249642829125], [115.47345275653588, 40.363252751794434], [115.4734547885503, 40.36316269148216], [115.47427893878991, 40.36317356905246], [115.47427690787147, 40.363263629399135], [115.47439464381324, 40.36326518286346], [115.4743926130422, 40.36335524321357], [115.47486355752704, 40.36336145589244], [115.47486152737316, 40.36345151626074], [115.47521473630269, 40.36345617452668], [115.47521676598686, 40.36336611414365], [115.47509902982442, 40.363364561513045], [115.47510105965603, 40.36327450113346], [115.4759252118892, 40.36328536699736], [115.47592724061562, 40.36319530658189], [115.47616271245148, 40.36319841002638], [115.4761606840382, 40.36328847045167], [115.47604294795913, 40.36328691878442], [115.47604091938013, 40.363376979203316], [115.47615865561576, 40.36337853087548], [115.4761566271842, 40.3634685912978], [115.47592115440891, 40.36346548782385], [115.47591912565503, 40.36355554823486], [115.47568365260321, 40.36355244427186], [115.47568568167023, 40.36346238387069], [115.47556794531461, 40.36346083171439], [115.475565916091, 40.363550892110666], [115.4745062878933, 40.363536917268576], [115.47450425725134, 40.363626977619134], [115.47426878410612, 40.36362387077098], [115.47426675314188, 40.36371393111022], [115.47356033298662, 40.363704607660914], [115.47355830107377, 40.36379466796916], [115.472734143547, 40.36378378512605], [115.47273211052891, 40.36387384539836], [115.47261437361948, 40.363872290222346], [115.47261234043567, 40.36396235048824], [115.47178818123041, 40.363951460867085], [115.47178614694138, 40.36404152109703], [115.47166840979217, 40.3640399649527], [115.47166434087343, 40.36422008539827], [115.47178207833578, 40.36422164155242], [115.47178004401921, 40.3643117017779], [115.47166230640029, 40.36431014561881], [115.47166027191795, 40.36440020583785], [115.4717780096935, 40.36440176200187], [115.47177597535855, 40.36449182222435], [115.47189371329983, 40.36449337827349], [115.47189574747817, 40.36440331804607], [115.47201348527204, 40.364404873970464], [115.47201755328803, 40.364224753501325], [115.47213529077793, 40.36422630929607], [115.47213325693109, 40.36431636953631], [115.47272194530102, 40.36432414673751], [115.47271991222792, 40.36441420700086], [115.47236669870871, 40.36440954102481], [115.4723646651567, 40.36449960127191], [115.47224692717873, 40.364498045702014], [115.47224489346095, 40.364588105942694], [115.47236263159552, 40.364589661517506], [115.47235449725905, 40.364949902485], [115.4724722360291, 40.364951457959705], [115.47246816911903, 40.36513157844434], [115.47258590821144, 40.365133133809074], [115.47257980824725, 40.36540331453962], [115.4721088500536, 40.365397092302764], [115.4721108840105, 40.36530703208043], [115.47199314464162, 40.36530547622661], [115.47199517874594, 40.36521541600771], [115.47187743954282, 40.365213860039006], [115.47187947379457, 40.36512379982353], [115.47164399572902, 40.36512068753653], [115.47164603028475, 40.36503062732941], [115.47152829142235, 40.36502907101111], [115.4715242219885, 40.365209191414], [115.47175970034888, 40.36521230395048], [115.47175766593135, 40.36530236415953], [115.4718754052819, 40.36530392025298], [115.4718733710118, 40.36539398046546], [115.47175563150469, 40.365392424367094], [115.47175359706881, 40.36548248457316], [115.47163585741428, 40.365480928350046], [115.47163178820183, 40.36566104874788], [115.47174952816957, 40.36566260498083], [115.47174749370616, 40.36575266518242], [115.47186523383967, 40.36575422130048], [115.47186319952368, 40.3658442815055], [115.47198093982293, 40.36584583750868], [115.47197890565437, 40.365935897717144], [115.4724498675695, 40.365942120551395], [115.47245190111171, 40.36585206032324], [115.47256964145684, 40.365853615727346], [115.47256760807123, 40.36594367596041], [115.47268534858213, 40.36594523124963], [115.47268738181114, 40.36585517101163], [115.47292286254726, 40.36585828122077], [115.47291269787642, 40.36630858244502], [115.47303043904121, 40.36631013739447], [115.47302027492412, 40.36676043860602], [115.47313801688107, 40.36676199346026], [115.47313598418674, 40.36685205370302], [115.47325372630947, 40.36685360844235], [115.47325169376256, 40.36694366868853], [115.4734871783487, 40.36694677781759], [115.47348514610583, 40.3670368380721], [115.47360288856926, 40.36703839246182], [115.47360085647384, 40.3671284527198], [115.47371859910304, 40.36713000699461], [115.47371656715504, 40.36722006725598], [115.47395205275413, 40.36722317545599], [115.47395002111017, 40.367313235725724], [115.47430325004736, 40.36731789714181], [115.47430121886404, 40.367407957424795], [115.47441896201804, 40.367409510995444], [115.47441286888296, 40.3676796918502], [115.47464835615808, 40.367682798661505], [115.47465241763086, 40.36750267807349], [115.47477016096894, 40.367504231289594], [115.47476609980937, 40.36768435188744], [115.47488384346984, 40.36768590499353], [115.47488181303291, 40.36777596529513], [115.47511730069452, 40.367779071157685], [115.47511324041966, 40.36795919177606], [115.47523098457741, 40.367960744537434], [115.47522895458286, 40.36805080484929], [115.47534669890636, 40.368052357495756], [115.47534466905927, 40.36814241781104], [115.47546241354856, 40.368143970342594], [115.47546038384891, 40.3682340306613], [115.47557812850397, 40.36823558307793], [115.47557609895176, 40.36832564340006], [115.47569384377259, 40.368327195701774], [115.47568978495394, 40.368507316351376], [115.47580753009717, 40.368508868543096], [115.47580347155512, 40.36868898919657], [115.47592121702074, 40.36869054127829], [115.4759191878926, 40.368780601607696], [115.47603693352396, 40.36878215357449], [115.4760349045433, 40.36887221390731], [115.47544617569494, 40.368864452850474], [115.4754482054587, 40.368774392542214], [115.47533045987309, 40.368772839976266], [115.47533248978431, 40.36868277967143], [115.47497925355233, 40.3686781212694], [115.47497722317128, 40.368768181559496], [115.47485947762232, 40.36876662851424], [115.47485541651949, 40.36894674908015], [115.47497316238169, 40.36894830213524], [115.47497113197315, 40.36903836242085], [115.47532437008454, 40.36904302088186], [115.4753223401367, 40.36913308118074], [115.47567557880033, 40.36913773857802], [115.4756735493132, 40.36922779889014], [115.47590904211467, 40.369230903232335], [115.47590701293159, 40.369320963552795], [115.47602475950269, 40.369322515549065], [115.4760227304671, 40.36941257587295], [115.47625822394993, 40.36941567951582], [115.47625619521845, 40.369505739848016], [115.47660943598125, 40.36951039442831], [115.47661146424286, 40.36942033408139], [115.47649371746941, 40.36941878267936], [115.4764957458785, 40.36932872233584], [115.47673123912132, 40.36933182501024], [115.47672921102546, 40.369421885363586], [115.47696470461813, 40.36942498756849], [115.47696267682635, 40.36951504793014], [115.47708042379303, 40.36951659885776], [115.47707839614874, 40.36960665922283], [115.47731389042278, 40.36960976072838], [115.47730983573325, 40.369789881473686], [115.47742758319724, 40.36979143205652], [115.47742555599537, 40.36988149243185], [115.47766105126404, 40.36988459324784], [115.47765902436628, 40.369974653631495], [115.47789451998474, 40.36997775397798], [115.47789046678835, 40.3701578747604], [115.47800821492456, 40.3701594247637], [115.47800618846927, 40.37024948515758], [115.47812393677124, 40.37025103504595], [115.47812191046344, 40.37034109544325], [115.47823965893116, 40.37034264521669], [115.47823763277087, 40.37043270561741], [115.47929737080145, 40.370446648229944], [115.47929534604168, 40.37053670867327], [115.47941309491405, 40.37053825725816], [115.47940904568034, 40.37071837815017], [115.47964454407902, 40.37072147498005], [115.47964049543533, 40.37090159588569], [115.47952274591815, 40.37090004752087], [115.47951464789462, 40.37126028929465], [115.4792791476346, 40.37125719216629], [115.4792771227926, 40.37134725259621], [115.47915937251967, 40.371345703847375], [115.479155322495, 40.37152582469293], [115.4790375719179, 40.37152427581446], [115.47903554673523, 40.37161433623009], [115.47891779601063, 40.37161278722687], [115.4789157706622, 40.37170284763612], [115.47879801979009, 40.371701298508164], [115.47879599427588, 40.37179135891102], [115.47856049224582, 40.371788260285776], [115.47855846640917, 40.371878320677325], [115.47832296410238, 40.37187522156292], [115.4783209379433, 40.371965281943176], [115.4780854353598, 40.37196218233959], [115.47808340887832, 40.37205224270854], [115.47796565744362, 40.372050692722084], [115.47796363079634, 40.37214075308465], [115.47772812764111, 40.37213765274238], [115.4777261006714, 40.37222771309365], [115.47760834895087, 40.37222616273786], [115.47760632181536, 40.37231622308273], [115.47748856994731, 40.37231467260217], [115.47748654264603, 40.372404732940645], [115.47736879063049, 40.372403182335354], [115.47736676316342, 40.37249324266742], [115.47713125884648, 40.372490141087475], [115.47712923105698, 40.37258020140823], [115.47689372646335, 40.37257709933912], [115.47689169835138, 40.37266715964858], [115.47665619348106, 40.372664057090255], [115.47665416504664, 40.37275411738841], [115.47653641246856, 40.37275256592457], [115.47653438386834, 40.37284262621631], [115.47629887842633, 40.37283952291929], [115.4762968495037, 40.37292958319973], [115.476061343785, 40.372926479413515], [115.4760593145399, 40.37301653968263], [115.47594156153761, 40.37301498760485], [115.47593953212672, 40.37310504786756], [115.47570402583634, 40.37310194334263], [115.47570199610297, 40.373192003594035], [115.47546648953592, 40.3731888985799], [115.4754644594801, 40.373278958819974], [115.47534670605366, 40.37327740612823], [115.47534467583205, 40.373367466361906], [115.47510916869332, 40.373364360609024], [115.47510713814923, 40.373454420831386], [115.47475387703992, 40.37344976128848], [115.4747518460167, 40.373539821494596], [115.4743985845199, 40.373535160858324], [115.47439655301757, 40.37362522104822], [115.47404329113327, 40.37362055931857], [115.47404125915182, 40.3737106194922], [115.47380575096147, 40.37370751106336], [115.47380778325625, 40.37361745089956], [115.47321901372415, 40.37360967775469], [115.47321088135693, 40.373969918302585], [115.4730931268514, 40.37396836329439], [115.47308906029947, 40.37414848354955], [115.47297130548979, 40.37414692841167], [115.47296723858786, 40.374327048651004], [115.47284948347402, 40.37432549338343], [115.47284744985262, 40.37441555349595], [115.4726119393392, 40.3744124425914], [115.47260990539533, 40.37450250269258], [115.47237439460528, 40.374499391298784], [115.4723723603389, 40.374589451388616], [115.4719013382423, 40.37458322714311], [115.47189930334008, 40.374673287211756], [115.47107501392784, 40.37466239013338], [115.47107297791983, 40.37475245016606], [115.47036644355617, 40.37474310510938], [115.47036440659899, 40.374833165111], [115.46965787162615, 40.37482381571008], [115.46965583371981, 40.37491387568061], [115.4691848099618, 40.37490764032991], [115.46918277141964, 40.37499770027922], [115.46824072309178, 40.37498522378541], [115.46823868328708, 40.37507528369376], [115.46717887821227, 40.375061238425076], [115.4671768369884, 40.37515129828749], [115.46682356832586, 40.37514661435909], [115.46682561001971, 40.3750565545115], [115.46647234191005, 40.37505186951926], [115.46647029974622, 40.37514192935203], [115.46635254357142, 40.375140367443294], [115.46635050124169, 40.375230427269635], [115.46599723230261, 40.375225740809505], [115.4659951894937, 40.37531580061951], [115.4649353817642, 40.37530173472257], [115.46493333753607, 40.37539179448657], [115.46458006798889, 40.37538710368206], [115.46457802328153, 40.37547716342973], [115.46422475334738, 40.37547247153169], [115.4642227081608, 40.37556253126301], [115.46398719460416, 40.37555940272182], [115.46398514909504, 40.375649462441764], [115.46374963526196, 40.37564633341125], [115.46374758943027, 40.37573639311979], [115.46362983237093, 40.3757348284198], [115.46363187835928, 40.3756447687162], [115.4632786077066, 40.37564007391197], [115.46327656124824, 40.375730133600705], [115.46315880422581, 40.3757285684213], [115.46315266432532, 40.3759987474637], [115.46303490684213, 40.37599718214958], [115.46303286003351, 40.37608724182244], [115.46244407197266, 40.37607941342923], [115.46244611956463, 40.375989353781144], [115.46185733251805, 40.375981522416325], [115.46185938088414, 40.37589146279152], [115.46162386644353, 40.37588832941651], [115.4616259151137, 40.375798269800136], [115.46150815806392, 40.37579670293782], [115.4615102068815, 40.37570664332489], [115.46139244999765, 40.37570507634766], [115.46139449896268, 40.375615016738216], [115.46127674224472, 40.3756134496461], [115.46127879135715, 40.375523390040115], [115.46092552172877, 40.37551868805952], [115.46092347214632, 40.37560874765063], [115.46080571546534, 40.37560718007909], [115.46079956619255, 40.375877358828575], [115.4604462947951, 40.375872655350214], [115.460444244549, 40.375962714915495], [115.4599732155219, 40.37595644191319], [115.45997116463987, 40.37604650145715], [115.4597356498685, 40.376043364226945], [115.45973359866387, 40.37613342375947], [115.4594980836162, 40.37613028603991], [115.45949603208898, 40.376220345561016], [115.45890724384837, 40.376212499139825], [115.45890929615891, 40.37612243964354], [115.45855602379562, 40.37611773036746], [115.45855807656693, 40.37602767088458], [115.45832256201773, 40.37602453077786], [115.4583246150931, 40.375934471303424], [115.45808910089426, 40.37593133072721], [115.45808704750557, 40.3760213901917], [115.45820480475702, 40.376022960544695], [115.45820275151569, 40.37611302001267], [115.45808499410758, 40.376111449654694], [115.45808294070036, 40.37620150911621], [115.45784742559857, 40.37619836803076], [115.45784537186871, 40.37628842748083], [115.45725658349306, 40.37628057264489]], [[115.45750442387562, 40.37574335830547], [115.45773993735513, 40.375746500060345], [115.45774199118604, 40.37565644060627], [115.45762423459831, 40.37565486979372], [115.45762628857663, 40.37556481034315], [115.4573907757423, 40.375561668368455], [115.45738872145066, 40.375651727809085], [115.45750647801987, 40.375653298861344], [115.45750442387562, 40.37574335830547]], [[115.47404744870255, 40.36821539231532], [115.4741651932477, 40.36821694616985], [115.47416722467007, 40.368126885905205], [115.47404948028154, 40.368125332055584], [115.47404744870255, 40.36821539231532]], [[115.47358866370874, 40.36766881423621], [115.47370640727758, 40.36767036854053], [115.47370843927139, 40.367580308286605], [115.47359069585917, 40.36757875398721], [115.47358866370874, 40.36766881423621]], [[115.47347295245613, 40.367577199567975], [115.47359069585917, 40.36757875398721], [115.47359272800044, 40.3674886937367], [115.47347498475399, 40.367487139322385], [115.47347295245613, 40.367577199567975]], [[115.47359272800044, 40.3674886937367], [115.47371047125606, 40.367490248031196], [115.47371250323155, 40.36740018777428], [115.47359476013256, 40.36739863348471], [115.47359272800044, 40.3674886937367]], [[115.46160549286097, 40.36633886896703], [115.46172323345532, 40.366340435428654], [115.4617252813027, 40.36625037565894], [115.46160754086493, 40.36624880920228], [115.46160549286097, 40.36633886896703]], [[115.47117303970805, 40.36511446152478], [115.47129077869953, 40.365116018207424], [115.47129281372503, 40.36502595801509], [115.47117507489014, 40.365024401337365], [115.47117303970805, 40.36511446152478]], [[115.47082185844057, 40.36501973058532], [115.47117507489014, 40.365024401337365], [115.47117914522677, 40.364844280958074], [115.47106140671423, 40.36484272417039], [115.47106751262007, 40.36457254360503], [115.47094977458647, 40.364570986712316], [115.47094773913712, 40.364661046897325], [115.47071226278428, 40.36465793274261], [115.47071429854681, 40.364567872567456], [115.47036108455619, 40.36456320045159], [115.47035701208247, 40.36474332077087], [115.47047475038335, 40.3647448782725], [115.47047271428927, 40.36483493843481], [115.47059045275591, 40.36483649582154], [115.47059248869337, 40.3647464356543], [115.4707102270126, 40.3647479929163], [115.47070615544166, 40.364928113259154], [115.47082389408322, 40.36492967041119], [115.47082185844057, 40.36501973058532]], [[115.47188354227053, 40.364943679388105], [115.47200128100391, 40.364945235342056], [115.47200331507152, 40.36485517511719], [115.47188557649474, 40.36485361916817], [115.47188354227053, 40.364943679388105]], [[115.46965873113888, 40.36437373271898], [115.46977646875828, 40.36437529091973], [115.46977850574588, 40.36428523077954], [115.46966076828308, 40.36428367258372], [115.46965873113888, 40.36437373271898]], [[115.46861540114755, 40.363639222752056], [115.46873313743161, 40.3636407819916], [115.46873517575486, 40.36355072188384], [115.46861743962735, 40.36354916264924], [115.46861540114755, 40.363639222752056]]]}}, {"type": "Feature", "properties": {"year": 2023, "water_area_km2": 0.0268}, "geometry": {"type": "Polygon", "coordinates": [[[115.51073583563527, 40.36554070192733], [115.51073980074167, 40.3653605782804], [115.5106220591842, 40.365359061750425], [115.51062800724651, 40.36508887628325], [115.51051026616777, 40.36508735964787], [115.51051224899393, 40.3649972978273], [115.51039450808074, 40.36499578107689], [115.51040442286025, 40.36454547197574], [115.510286682739, 40.36454395512951], [115.51029064890136, 40.364363831488234], [115.51040838870945, 40.36436534832487], [115.51042425174845, 40.363644853661846], [115.51054199031276, 40.36364637034026], [115.51054397299579, 40.36355630849589], [115.51077944983811, 40.36355934148368], [115.51078143219904, 40.36346927962823], [115.510899170477, 40.363470795937616], [115.51090115267242, 40.36338073407587], [115.51113662894203, 40.3633837663256], [115.5111346470598, 40.36347382819694], [115.51137012367835, 40.36347685997701], [115.51136814210034, 40.36356692185645], [115.5114858805796, 40.36356843757158], [115.51148389914925, 40.36365849945433], [115.51160163779404, 40.36366001505444], [115.51159569391913, 40.36393020070817], [115.51171343304262, 40.36393171620285], [115.51171145188971, 40.36402177808924], [115.5118291911787, 40.36402329346891], [115.51182522915923, 40.36420341724683], [115.51194296877037, 40.36420493251626], [115.51193504525055, 40.364565180073434], [115.51205278549698, 40.36456669524223], [115.51203693928116, 40.365287190323535], [115.51191919778195, 40.36528567511637], [115.51191721680817, 40.36537573699004], [115.51179947516128, 40.365374221658264], [115.51179749402196, 40.36546428352565], [115.51156201044182, 40.36546125249305], [115.51156002898036, 40.36555131434936], [115.51073583563527, 40.36554070192733]]]}}, {"type": "Feature", "properties": {"year": 2023, "water_area_km2": 0.0422}, "geometry": {"type": "Polygon", "coordinates": [[[115.42573695948752, 40.36405434215899], [115.42577258295108, 40.36252335144803], [115.42589031490203, 40.3625249542642], [115.42589241015828, 40.36243489596853], [115.42601014196214, 40.36243649865983], [115.42601223705239, 40.362346440357605], [115.42624770037536, 40.36234964537068], [115.42624979514305, 40.36225958705681], [115.42648525819072, 40.36226279158058], [115.42648735263586, 40.362172733255065], [115.4270760096376, 40.362180742442796], [115.42707391597521, 40.36227080079364], [115.42730937915513, 40.36227400364033], [115.42730728579643, 40.36236406199982], [115.4275427493272, 40.36236726437748], [115.42754065627216, 40.3624573227456], [115.42765838820827, 40.3624589237598], [115.42765629530032, 40.3625489821315], [115.42777402740244, 40.36255058303098], [115.4277719346416, 40.36264064140624], [115.42847832839175, 40.36265024431786], [115.42848042021328, 40.36256018591221], [115.42859815238144, 40.36256178597314], [115.42860024403694, 40.36247172756093], [115.42895344012841, 40.36247652700977], [115.42895553130482, 40.36238646858088], [115.42919099509986, 40.36238966760436], [115.42919308595376, 40.36229960916384], [115.42942854947341, 40.36230280769803], [115.42942645893264, 40.36239286614867], [115.42954419086315, 40.36239446524114], [115.42954210046949, 40.36248452369532], [115.42965983256599, 40.36248612267307], [115.42965774231943, 40.362576181130834], [115.42977547458193, 40.36257777999383], [115.42977338448252, 40.36266783845515], [115.42989111691101, 40.36266943720342], [115.4298890269587, 40.36275949566831], [115.43000675955317, 40.36276109430184], [115.43000257993342, 40.362941211237256], [115.43012031285042, 40.362942809761115], [115.43011822318296, 40.36303286823162], [115.43023595626593, 40.36303446664074], [115.43023177721585, 40.3632145835874], [115.43034951062138, 40.36321618188684], [115.43034324244526, 40.363486357310784], [115.4304609763299, 40.3634879555056], [115.43045888707557, 40.36357801398231], [115.43034115303439, 40.36357641578243], [115.43033697418433, 40.363756532721254], [115.42986603686133, 40.36375013868333], [115.42987230700103, 40.36347996333356], [115.42975457316352, 40.36347836453976], [115.42976084368804, 40.36320818919169], [115.42964311032966, 40.36320659029328], [115.4296452006422, 40.363116531845996], [115.4291742679292, 40.36311013507462], [115.42917217699045, 40.363200193501655], [115.42893671037741, 40.36319699438706], [115.42893461911606, 40.36328705280249], [115.42881688566715, 40.36328545306044], [115.42881479423983, 40.363375511469314], [115.42869706064377, 40.3633739116024], [115.42869496905048, 40.36346397000471], [115.42822403413437, 40.363457569318854], [115.4282219419054, 40.36354762769941], [115.42775100651406, 40.36354122507655], [115.4277489136494, 40.363631283435346], [115.42727797778285, 40.363624878875484], [115.42728007127378, 40.363534820536955], [115.42716233748733, 40.36353321910256], [115.42716443112536, 40.363443160767595], [115.42704669750489, 40.36344155921848], [115.42705297883204, 40.36317138421981], [115.42717071198281, 40.36317298575373], [115.42717699275526, 40.362902810726396], [115.42682379474026, 40.36289800581087], [115.42682170068922, 40.3629880641396], [115.4267039678799, 40.36298646225644], [115.42669977943635, 40.36316657889929], [115.42658204632335, 40.36316497688619], [115.42657995193086, 40.363255035200304], [115.42646221867075, 40.36325343306234], [115.4264559349669, 40.36352360798047], [115.42633820124657, 40.363522005707495], [115.4263340117503, 40.363702122301966], [115.42621627772625, 40.363700519899055], [115.4262141828074, 40.36379057818897], [115.42609644863627, 40.36378897566119], [115.42609435355139, 40.36387903394455], [115.42597661923314, 40.36387743129189], [115.42597452398226, 40.36396748956867], [115.42585678951693, 40.36396588679116], [115.4258546941, 40.364055945061374], [115.42573695948752, 40.36405434215899]]]}}, {"type": "Feature", "properties": {"year": 2023, "water_area_km2": 0.0248}, "geometry": {"type": "Polygon", "coordinates": [[[115.48881789674972, 40.36606711233999], [115.48881990851598, 40.36597705142983], [115.48858442562972, 40.36597397358089], [115.48858643770012, 40.36588391267898], [115.48846869642719, 40.36588237357965], [115.48847070864511, 40.36579231268111], [115.48835296753785, 40.365790773466834], [115.48835497990329, 40.36570071257168], [115.4882372389617, 40.36569917324246], [115.48823925147468, 40.3656091123507], [115.48812151069876, 40.365607572906534], [115.48812352335923, 40.36551751201814], [115.488005782749, 40.36551597245902], [115.488007795557, 40.36542591157402], [115.48789005511244, 40.36542437189996], [115.48789206806795, 40.36533431101834], [115.48777432778905, 40.36533277122935], [115.48777634089205, 40.36524271035109], [115.48765860077886, 40.36524117044716], [115.4876606140294, 40.3651511095723], [115.48754287408184, 40.365149569553424], [115.48754488747987, 40.365059508681945], [115.48730940792524, 40.36505642829449], [115.48731142162735, 40.364966367431265], [115.48719368202028, 40.3649648270627], [115.48719569586989, 40.364874766202846], [115.48707795642845, 40.364873225719336], [115.4870799704256, 40.36478316486289], [115.48696223114986, 40.36478162426444], [115.48696424529447, 40.36469156341138], [115.4868465061844, 40.36469002269798], [115.48684852047656, 40.3645999618483], [115.48661304259682, 40.36459688007184], [115.48661505719303, 40.36450681923043], [115.4864973184234, 40.36450527816735], [115.48649933316712, 40.364415217329324], [115.48638159456316, 40.364413676151315], [115.48638360945436, 40.36432361531667], [115.48626587101607, 40.364322074023725], [115.48626788605479, 40.36423201319247], [115.48615014778217, 40.3642304717846], [115.48615216296838, 40.36414041095673], [115.48603442486143, 40.36413886943393], [115.48603644019512, 40.36404880860944], [115.48591870225384, 40.3640472669717], [115.48592071773503, 40.36395720615061], [115.48580297995944, 40.36395566439794], [115.48580499558811, 40.363865603580244], [115.48568725797819, 40.36386406171264], [115.48568927375436, 40.36377400089832], [115.4855715363101, 40.36377245891579], [115.48557355223375, 40.363682398104864], [115.48545581495516, 40.36368085600742], [115.48545783102631, 40.363590795199876], [115.4853400939134, 40.3635892529875], [115.48534412634156, 40.36340913137769], [115.4852263895509, 40.36340758905527], [115.48522840590792, 40.36331752825303], [115.48511066928292, 40.363315985815674], [115.48511268578741, 40.36322592501682], [115.48499494932811, 40.36322438246453], [115.48500503249699, 40.36277407847229], [115.48582918242312, 40.36278487365148], [115.48582716690353, 40.362874934487074], [115.48594490280023, 40.3628764761812], [115.48594288742811, 40.362966537020185], [115.48606062349046, 40.362968078599366], [115.48605256253745, 40.36332832195991], [115.4861702992352, 40.3633298634388], [115.48616425389474, 40.363600045958194], [115.4862819910713, 40.36360158733192], [115.48627796111202, 40.363781709013814], [115.48651343611873, 40.36378479142135], [115.48651142143862, 40.363874852269824], [115.48662915911218, 40.36387639329875], [115.48662714457956, 40.3639664541506], [115.48686262026712, 40.3639695358588], [115.48686060603858, 40.36405959671892], [115.48697834405256, 40.36406113739818], [115.48697632997153, 40.36415119826168], [115.48709406815117, 40.364152738826], [115.48709205421764, 40.364242799692875], [115.48720979256295, 40.36424434014227], [115.48720777877692, 40.36433440101253], [115.4873255172879, 40.36433594134699], [115.48732350364938, 40.36442600222064], [115.48744124232603, 40.36442754244016], [115.487439228835, 40.3645176033172], [115.48755696767732, 40.364519143421774], [115.48755495433379, 40.364609204302184], [115.48767269334178, 40.364610744291845], [115.48767068014575, 40.36470080517564], [115.48778841931941, 40.36470234505035], [115.48778640627089, 40.36479240593752], [115.48790414561024, 40.36479394569728], [115.48790213270922, 40.36488400658784], [115.48801987221422, 40.36488554623268], [115.48801785946073, 40.36497560712663], [115.48813559913138, 40.36497714665651], [115.4881335865254, 40.365067207553835], [115.48825132636175, 40.36506874696878], [115.48824931390325, 40.36515880786948], [115.48836705390528, 40.36516034716948], [115.48836504159429, 40.365250408073564], [115.48848278176199, 40.36525194725861], [115.48848076959852, 40.365342008166095], [115.48859850993189, 40.36534354723619], [115.48859649791595, 40.365433608147065], [115.48871423841496, 40.365435147102225], [115.48871222654655, 40.36552520801645], [115.48882996721125, 40.365526746856666], [115.48882795549034, 40.36561680777428], [115.48894569632071, 40.36561834649955], [115.48894167316489, 40.36579846834004], [115.48905941431751, 40.36580000695523], [115.48905337998549, 40.36607018971941], [115.48881789674972, 40.36606711233999]]]}}, {"type": "Feature", "properties": {"year": 2023, "water_area_km2": 0.0087}, "geometry": {"type": "Polygon", "coordinates": [[[115.47745983488456, 40.36312540992427], [115.47746186155726, 40.36303534944202], [115.47722639014644, 40.36303224865284], [115.47722841712313, 40.362942188178884], [115.4773461526674, 40.36294373862847], [115.47734817947835, 40.36285367814813], [115.47758365028115, 40.36285677867806], [115.47758770324938, 40.36267665769327], [115.47770543835135, 40.36267820776873], [115.4777074646652, 40.3625881472692], [115.47782519961974, 40.36258969721994], [115.47782722576785, 40.362499636714006], [115.47794496057497, 40.36250118654005], [115.47794698655738, 40.362411126027716], [115.4781824558859, 40.36241422531058], [115.47818448154607, 40.362324164786955], [115.47830221606745, 40.36232571424379], [115.47830019056386, 40.362415774772316], [115.47900659882349, 40.3624250690269], [115.47900254966773, 40.36260519013832], [115.47888481462181, 40.36260364138558], [115.47887671557443, 40.36296388357092], [115.47875897991139, 40.36296233467878], [115.47875695497012, 40.36305239521648], [115.47863921915963, 40.36305084619964], [115.47863719405268, 40.36314090673095], [115.47851945809475, 40.36313935758939], [115.47852148335828, 40.36304929706299], [115.47840374756606, 40.36304774780655], [115.47840172214593, 40.36313780832804], [115.47745983488456, 40.36312540992427]]]}}, {"type": "Feature", "properties": {"year": 2023, "water_area_km2": 0.1335}, "geometry": {"type": "Polygon", "coordinates": [[[115.51532184615633, 40.36586993953055], [115.51532382263329, 40.36577987752541], [115.51520608010114, 40.365778365649284], [115.51520805672578, 40.36568830364743], [115.51509031435914, 40.36568679165625], [115.51509229113148, 40.36559672965772], [115.5143858380586, 40.36558765522312], [115.51438781576162, 40.365497593251824], [115.51427007377063, 40.36549608043148], [115.51427205162133, 40.36540601846346], [115.51415430979587, 40.365404505528076], [115.51415628779426, 40.36531444356337], [115.51403854613432, 40.36531293051296], [115.51404448054573, 40.365042744624255], [115.5139267393645, 40.36504123146839], [115.5139326741654, 40.36477104558067], [115.51405041487682, 40.36477255872218], [115.51405437105294, 40.36459243478002], [115.51417211146013, 40.36459394779214], [115.5141740893782, 40.36450388581404], [115.5144095699061, 40.364506911469235], [115.51441154750206, 40.36441684948007], [115.5145292876228, 40.36441836212316], [115.51453126505328, 40.364328300127724], [115.51476674500833, 40.36433132504488], [115.51476872211668, 40.36424126303839], [115.51488646195098, 40.364242775312455], [115.51488843889383, 40.36415271329968], [115.51500617858048, 40.364154225449155], [115.5150081553578, 40.36406416343012], [115.51512589489677, 40.36406567545499], [115.51512787150861, 40.36397561342968], [115.5153633503001, 40.36397863711041], [115.51536532658984, 40.36388857507403], [115.51571854437418, 40.36389310968217], [115.51572052018523, 40.36380304762996], [115.51595599843952, 40.36380607009342], [115.51595797392847, 40.36371600803016], [115.51631119090698, 40.363720540812395], [115.51630921588779, 40.36381060289], [115.51666243341624, 40.36381513460825], [115.51666638250616, 40.36363501042289], [115.5165486436343, 40.36363349997951], [115.51655654233365, 40.363273251610046], [115.51667428057917, 40.3632747620343], [115.51668020404041, 40.36300457572725], [115.51679794182509, 40.36300608601736], [115.51679991613776, 40.362916023907246], [115.5170353914207, 40.36291904411848], [115.51705118309624, 40.36219854710765], [115.51716891949845, 40.362200056995334], [115.51717089326125, 40.36210999485751], [115.51728862951575, 40.36211150462059], [115.51729257670148, 40.36193138033093], [115.51752804861093, 40.36193439947858], [115.5175300218773, 40.36184433732197], [115.51764775768878, 40.361845846711304], [115.51765170388165, 40.36166572238405], [115.51800491043012, 40.361670249804604], [115.51800293780785, 40.36176031198329], [115.51812067349837, 40.36176182088863], [115.51812264596406, 40.36167175870517], [115.51882905935459, 40.36168080959268], [115.51882708782833, 40.36177087180479], [115.51894482358114, 40.36177237987149], [115.51893693801347, 40.36213262872416], [115.51881920163437, 40.36213112063836], [115.51881525848405, 40.36231124504624], [115.51869752180069, 40.362309736831094], [115.51869555005561, 40.36239979902802], [115.51857781322457, 40.36239829068828], [115.51857386939454, 40.36257841506815], [115.51833839513283, 40.36257539801017], [115.51834036736545, 40.36248533583053], [115.51822263040452, 40.362483827126596], [115.51821868561723, 40.362663951474836], [115.5189251093952, 40.36267300195856], [115.5189270808538, 40.36258293975656], [115.5190448180247, 40.3625844477464], [115.51904284672266, 40.36267450995318], [115.51927832140424, 40.362677525583], [115.51928226337311, 40.362497401148836], [115.5196354745227, 40.36250192366637], [115.51963744502403, 40.36241186143276], [115.51987291885507, 40.36241487583586], [115.51987094866685, 40.36250493807902], [115.5199886857523, 40.36250644510562], [115.51998671571178, 40.36259650735207], [115.51986897846979, 40.362595000320695], [115.51986503804896, 40.36277512479957], [115.51974730050269, 40.362773617638844], [115.51974533012236, 40.36286367987128], [115.5196275924284, 40.362862172585984], [115.5196236513279, 40.363042297036856], [115.51974138933504, 40.3630438043317], [115.51973744851217, 40.36322392878618], [115.52009066352642, 40.36322844998046], [115.52009263347254, 40.36313838773967], [115.52068132455773, 40.363145920643404], [115.52068329371203, 40.36305585837727], [115.52080103179914, 40.36305736459382], [115.52080496976795, 40.36287724004758], [115.52115818314307, 40.36288175794975], [115.52115424611377, 40.3630618825246], [115.52103650800001, 40.36306037666748], [115.52103453931544, 40.36315043894791], [115.52115227758577, 40.36315194480978], [115.52115030904893, 40.36324200709348], [115.521032570622, 40.363240501226834], [115.52103060191969, 40.363330563504284], [115.52114834050319, 40.3633320693757], [115.52114637194856, 40.36342213165642], [115.52102863320847, 40.36342062578026], [115.5210266644884, 40.36351068805473], [115.5209089256006, 40.36350918205398], [115.52090695671504, 40.363599244322195], [115.52114243481269, 40.363602256213426], [115.5211384976413, 40.36378238076448], [115.52125623701663, 40.363783886539906], [115.52125426857421, 40.36387394881796], [115.52007687365472, 40.36385888562444], [115.52007884366306, 40.36376882339405], [115.51972562583023, 40.363764302113914], [115.51972168486516, 40.36394442654459], [115.51960394529215, 40.363942919202046], [115.5196000039783, 40.36412304361724], [115.519482264101, 40.36412153614534], [115.51948029327416, 40.364211598345946], [115.51936255324915, 40.36421009074945], [115.51936058225685, 40.3643001529438], [115.51924284208414, 40.364298645222725], [115.51923889975961, 40.364478769597405], [115.5191211592826, 40.36447726174697], [115.51911721660935, 40.36465738610616], [115.51899947582802, 40.36465587812636], [115.518995532806, 40.36483600247005], [115.51887779172039, 40.3648344943609], [115.51887384834959, 40.365014618689095], [115.51875610695967, 40.36501311045057], [115.51875413510434, 40.36510317260768], [115.51863639356671, 40.365101664244555], [115.5186344215459, 40.3651917263954], [115.51851667986055, 40.36519021790769], [115.51851470767423, 40.36528028005227], [115.51827922401708, 40.365277262707856], [115.51827725150864, 40.3653673248414], [115.51768854173852, 40.365359779359615], [115.51769051502998, 40.36526971724995], [115.51745503149745, 40.36526669822804], [115.51745700509318, 40.36517663612644], [115.51733926349686, 40.36517512644055], [115.5173372897445, 40.36526518853736], [115.5172195480005, 40.365263678726855], [115.51721560015591, 40.36544380290648], [115.5169801160682, 40.36544078290691], [115.51697814181934, 40.36553084498493], [115.51662491528474, 40.36552631407258], [115.51662294055716, 40.365616376134774], [115.5163874559321, 40.36561335491788], [115.5163854808824, 40.365703416969026], [115.51626773842665, 40.365701906176064], [115.51626576321142, 40.365791968220954], [115.51614802060799, 40.36579045730338], [115.51614604522725, 40.36588051934199], [115.51532184615633, 40.36586993953055]], [[115.5196295629653, 40.36277211035831], [115.51974730050269, 40.362773617638844], [115.51974927087412, 40.36268355540492], [115.51963153349332, 40.36268204812915], [115.5196295629653, 40.36277211035831]], [[115.51939605875837, 40.36267903321819], [115.51963153349332, 40.36268204812915], [115.51963350401243, 40.36259198589851], [115.51939802959066, 40.3625889709971], [115.51939605875837, 40.36267903321819]]]}}, {"type": "Feature", "properties": {"year": 2023, "water_area_km2": 0.0169}, "geometry": {"type": "Polygon", "coordinates": [[[115.43002974678774, 40.36177045105009], [115.43003183647977, 40.36168039256368], [115.43014956720504, 40.36168199101672], [115.43015165673111, 40.361591932523744], [115.43026938730924, 40.36159353085194], [115.43027147666935, 40.36150347235242], [115.43038920710038, 40.361505070555765], [115.43039129629449, 40.36141501204969], [115.43050902657839, 40.36141661012819], [115.43051529363458, 40.36114643458581], [115.43039756382032, 40.36114483652248], [115.4304142768079, 40.36042436838408], [115.43029654825538, 40.36042277024143], [115.43030490514914, 40.36006253615654], [115.43065808895655, 40.36006733016446], [115.43066017768683, 40.35997727162434], [115.43101336110942, 40.359982064539054], [115.43101127284874, 40.360072123094355], [115.43124672882396, 40.360075317782034], [115.43124464086694, 40.36016537634595], [115.43159782537002, 40.360170167494246], [115.43159365036693, 40.3603502846479], [115.43147592187675, 40.36034868770815], [115.43147174652293, 40.360528804845735], [115.43135401772908, 40.36052720777607], [115.43134984202452, 40.36070732489755], [115.43146757113144, 40.3607089219773], [115.43146130797356, 40.36097909766346], [115.4315790375595, 40.360980694638585], [115.43157694997794, 40.361070753202696], [115.43169467972986, 40.3610723500631], [115.4316925922954, 40.36116240863076], [115.43157486238692, 40.361160811765316], [115.43157068717667, 40.361340928886044], [115.43145295696453, 40.3613393318907], [115.43144878140353, 40.36151944899535], [115.43121332038133, 40.36151625462508], [115.43121123227363, 40.36160631316505], [115.43097577097598, 40.36160311830551], [115.43097368254577, 40.361693176833874], [115.43038502868383, 40.361685187563424], [115.43038293946144, 40.361775246065], [115.43002974678774, 40.36177045105009]]]}}, {"type": "Feature", "properties": {"year": 2023, "water_area_km2": 0.0238}, "geometry": {"type": "Polygon", "coordinates": [[[115.52387597941684, 40.36246604736578], [115.5238799091192, 40.36228592255113], [115.52399764603662, 40.36228742548995], [115.52399961071792, 40.362197363075644], [115.52376413720508, 40.3621943570877], [115.52376610219066, 40.362104294681416], [115.52364836560412, 40.362102791512484], [115.52365033073742, 40.362012729109466], [115.52353259431632, 40.362011225825476], [115.52353455959732, 40.36192116342574], [115.52341682334165, 40.361919660026714], [115.52341289245761, 40.36209978481519], [115.52282420974653, 40.36209226597535], [115.5228222435083, 40.362182328343565], [115.52235129687277, 40.3621763110961], [115.5223532637373, 40.362086248746934], [115.52200005432353, 40.362081734567646], [115.5220020216489, 40.36199167223126], [115.52211975795473, 40.36199317707273], [115.52212172511464, 40.36190311473012], [115.52223946127276, 40.36190461944703], [115.52224142826724, 40.36181455709815], [115.5224769002969, 40.36181756616303], [115.52247886696935, 40.36172750380315], [115.52306754641589, 40.3617350243449], [115.52307147816845, 40.36155489957308], [115.52354242063274, 40.361560913811914], [115.52354438586943, 40.36147085140475], [115.52366212135108, 40.36147235466019], [115.52366408642234, 40.361382292246766], [115.5238995570991, 40.36138529838872], [115.52390152184833, 40.361295235964306], [115.52413699224742, 40.36129824161752], [115.52413895667466, 40.36120817918211], [115.52425669173093, 40.36120968182425], [115.52426062024566, 40.36102955693945], [115.52437835499764, 40.361031059452294], [115.52438031908515, 40.36094099700291], [115.52449805368943, 40.36094249939119], [115.52450001761152, 40.360852436935566], [115.52473548653349, 40.36085544134319], [115.52473745013359, 40.36076537887658], [115.52485518445128, 40.360766880895945], [115.52485714788595, 40.36067681842309], [115.52497488205597, 40.36067832031789], [115.5249768453252, 40.36058825783879], [115.52509457934748, 40.36058975960904], [115.52509654245132, 40.36049969712371], [115.52533201020933, 40.3605027002953], [115.52533397299115, 40.36041263779898], [115.52545170672687, 40.36041413920032], [115.52544974410162, 40.360504201701396], [115.52568521191274, 40.36050720415419], [115.5256812872619, 40.36068732917089], [115.52579902149388, 40.36068883022707], [115.52579705931176, 40.36077889273793], [115.5256793249232, 40.360777391677], [115.52566951309694, 40.36122770418532], [115.5255517779344, 40.361226202980816], [115.52554981538603, 40.36131626547328], [115.52531434477434, 40.36131326269536], [115.52531630763589, 40.36122320021239], [115.5251985724999, 40.361221698648485], [115.52519660948181, 40.36131176112669], [115.52496113892326, 40.361308757629956], [115.52495721223421, 40.36148888256288], [115.52483947665509, 40.3614873806253], [115.52483554961748, 40.36166750554277], [115.52471781373404, 40.361666003475875], [115.52471585004538, 40.36175606592763], [115.52459811401424, 40.361754563736184], [115.52459418629716, 40.36193468862572], [115.52447644996175, 40.361933186304945], [115.52447055784995, 40.36220337361385], [115.52435282105365, 40.362201871159016], [115.5243508568421, 40.362291933587585], [115.5242331198981, 40.362290431008184], [115.52423115552108, 40.36238049343053], [115.52411341842934, 40.362378990726555], [115.52411145388689, 40.362469053142654], [115.52387597941684, 40.36246604736578]]]}}, {"type": "Feature", "properties": {"year": 2023, "water_area_km2": 0.0146}, "geometry": {"type": "Polygon", "coordinates": [[[115.47670056807208, 40.36023261995808], [115.47670259554808, 40.36014255946244], [115.47658486491204, 40.360141008446206], [115.47658689253545, 40.36005094795398], [115.47646916206511, 40.360049396822866], [115.47647118983592, 40.35995933633405], [115.47623572923578, 40.35995623372225], [115.47624384147993, 40.35959599179137], [115.47671476021203, 40.35960219645725], [115.47671678762403, 40.359512135951164], [115.47777635389733, 40.35952608939758], [115.47777837989126, 40.35943602884585], [115.47824929784642, 40.35944222724346], [115.47825132320504, 40.35935216667061], [115.47836905256013, 40.35935371596565], [115.47836702735803, 40.35944377654339], [115.47872021594772, 40.359448423724466], [115.47871819120613, 40.359538484315415], [115.4789536506247, 40.35954158184698], [115.47895162618707, 40.35963164244624], [115.47906935606659, 40.359633191037254], [115.47906733177638, 40.359723251639934], [115.47918506182157, 40.35972480011604], [115.47918303767875, 40.35981486072213], [115.47894757728439, 40.359811763640316], [115.47894555281935, 40.359901824235116], [115.47871009214843, 40.35989872666433], [115.4787080673612, 40.359988787247836], [115.4784726064137, 40.359985689188086], [115.47847058130421, 40.36007574976029], [115.47799965889266, 40.36006955218371], [115.47800168462834, 40.35997949163111], [115.47776622379051, 40.35997639213388], [115.47776419774173, 40.360066452676655], [115.4772932755495, 40.36006025222508], [115.4772912488654, 40.360150312746754], [115.47717351818363, 40.36014876232947], [115.47717149133385, 40.36023882284474], [115.47670056807208, 40.36023261995808]]]}}, {"type": "Feature", "properties": {"year": 2023, "water_area_km2": 0.0051}, "geometry": {"type": "Polygon", "coordinates": [[[115.52132906314436, 40.36045158120653], [115.52133103124942, 40.36036151887198], [115.52097783099981, 40.36035700172951], [115.52097979956564, 40.360266939407765], [115.52086206632343, 40.36026543345877], [115.52086403503696, 40.36017537114031], [115.5206285688923, 40.36017235889246], [115.52063250691896, 40.35999223427014], [115.52075023967373, 40.35999374044444], [115.52075220851718, 40.35990367812627], [115.52063447591897, 40.35990217195675], [115.52063644491007, 40.35981210964187], [115.52087190980224, 40.35981512185158], [115.52087387847138, 40.359725059525694], [115.52099161077422, 40.35972656544608], [115.52098964226165, 40.35981662777675], [115.52146057218806, 40.35982265027942], [115.52145860429287, 40.359912712627654], [115.52157633695322, 40.35991421795859], [115.52157436920571, 40.3600042803101], [115.52180983486616, 40.36000729062211], [115.52180393250973, 40.36027747769631], [115.52168619920536, 40.36027597258592], [115.52168423157892, 40.360366034936256], [115.52156649812687, 40.3603645297013], [115.52156453033497, 40.36045459204537], [115.52132906314436, 40.36045158120653]]]}}, {"type": "Feature", "properties": {"year": 2023, "water_area_km2": 0.0317}, "geometry": {"type": "Polygon", "coordinates": [[[115.47211517466208, 40.35990186045182], [115.47211720821595, 40.35981180014342], [115.47176401881597, 40.35980713276413], [115.47176605283032, 40.359717072468996], [115.47153059358929, 40.35971396029371], [115.47153262790754, 40.35962390000693], [115.47141489845734, 40.359622343744526], [115.47141693292296, 40.359532283461185], [115.4712992036385, 40.35953072708391], [115.47130123825146, 40.359440666804005], [115.4711835091327, 40.359439110311875], [115.47118757864419, 40.359258989757414], [115.4710698498477, 40.35925743315536], [115.47107391963557, 40.359077312604796], [115.47166256214442, 40.35908509436798], [115.47166459624191, 40.35899503406583], [115.4720177813877, 40.35899970167153], [115.47201981500639, 40.35890964135312], [115.47237299976513, 40.35891430786599], [115.47237503290505, 40.358824247531324], [115.47355231446487, 40.35883979473896], [115.47355434603023, 40.35874973435361], [115.47367207408008, 40.35875128841063], [115.47367613687024, 40.35857116762559], [115.47379386461616, 40.358572721552996], [115.4737979270566, 40.35839260075217], [115.47473974684941, 40.35840502778055], [115.4747417768036, 40.35831496733856], [115.47509495890742, 40.358319625483034], [115.47509292942283, 40.35840968593976], [115.47532838451755, 40.358412790780314], [115.47532635533688, 40.358502851245376], [115.4756795385172, 40.35850750762257], [115.47567750979698, 40.358597568100876], [115.4757952376986, 40.35859911999195], [115.47578509474295, 40.35904942238565], [115.47566736605864, 40.359047870470015], [115.47566533728353, 40.359137930939376], [115.47519442201164, 40.359131722059345], [115.47519645141293, 40.35904166160964], [115.47413689399569, 40.359027684666266], [115.47413486318553, 40.35911774507174], [115.47401713447286, 40.35911619147419], [115.47401510349702, 40.35920625187326], [115.47377964578611, 40.35920314430896], [115.47377761448801, 40.3592932046967], [115.47365988548977, 40.35929165072994], [115.47365785402596, 40.35938171111128], [115.47342239574387, 40.35937860280859], [115.4734203639578, 40.359468663178596], [115.47330263467396, 40.35946710884264], [115.4733006027222, 40.35955716920623], [115.47318287329098, 40.359555614745574], [115.47318084117353, 40.35964567510277], [115.47294538202549, 40.35964256581225], [115.47294334958576, 40.35973262615809], [115.47282561986896, 40.35973107132824], [115.47282358726353, 40.35982113166768], [115.47247039769847, 40.3598164664446], [115.47246836461424, 40.35990652676778], [115.47211517466208, 40.35990186045182]]]}}, {"type": "Feature", "properties": {"year": 2023, "water_area_km2": 0.1515}, "geometry": {"type": "Polygon", "coordinates": [[[115.43306155308338, 40.36307279252094], [115.43306363883687, 40.362982733924085], [115.43294590568443, 40.36298113839511], [115.4329479915851, 40.36289107980181], [115.43271252562158, 40.36288788839456], [115.43271461182592, 40.36279782980985], [115.43259687901484, 40.362796233931604], [115.43259896536635, 40.36270617535045], [115.43248123272122, 40.36270457935745], [115.43249166512034, 40.36225428645452], [115.4326093969827, 40.362255882422275], [115.43261356956334, 40.36207576524053], [115.43273130112202, 40.3620773610784], [115.43273547335193, 40.36189724388056], [115.43250001087023, 40.361894052105264], [115.43250209728417, 40.361803993514194], [115.43226663515321, 40.36180080126982], [115.43226872187084, 40.361710742687364], [115.43215099097603, 40.361709146390545], [115.43215307784078, 40.36161908781164], [115.43203534711195, 40.361617491400075], [115.43204369510303, 40.361257257089726], [115.43192596500978, 40.361255660578585], [115.43193431347645, 40.3608954262645], [115.43205204294351, 40.36089702275543], [115.43205621680728, 40.3607169055793], [115.43217394597069, 40.36071850194034], [115.4321760327319, 40.36062844334499], [115.4324114907739, 40.36063163569762], [115.43241357721263, 40.360541577090665], [115.43253130609119, 40.36054317308225], [115.43253339236398, 40.36045311446873], [115.43276884983626, 40.36045630608245], [115.43277093578656, 40.360366247457364], [115.43312412159597, 40.360371033964384], [115.43312620706723, 40.36028097532265], [115.43324393553264, 40.36028257058038], [115.43324602083796, 40.360192511932084], [115.43348147748392, 40.3601957020781], [115.43348564744021, 40.36001558475684], [115.43360337546424, 40.36001717964009], [115.43360962985854, 40.35974700363184], [115.43372735742237, 40.35974859838016], [115.43372944204512, 40.359658539702686], [115.4338471694618, 40.35966013432618], [115.43384925391861, 40.359570075642175], [115.43396698118819, 40.35957167014083], [115.43396906547909, 40.3594816114503], [115.43408679260149, 40.35948320582413], [115.43408887672646, 40.359393147127044], [115.43420660370175, 40.35939474137606], [115.43420451973336, 40.35948480007818], [115.43432224687456, 40.359486394212446], [115.43432016305327, 40.35957645291812], [115.43443789036044, 40.35957804693765], [115.43443580668627, 40.35966810564687], [115.43467126164185, 40.35967129333669], [115.43466917827138, 40.35976135205449], [115.4347869059198, 40.35976294572477], [115.43478898913375, 40.359672887001906], [115.43702581326426, 40.35970314388272], [115.4370278934947, 40.359613085062605], [115.43738107609232, 40.35961785849692], [115.4373831558438, 40.35952779966023], [115.43761861064273, 40.35953098134079], [115.43762069007171, 40.35944092249252], [115.43773841732873, 40.359442513148096], [115.43774049659183, 40.3593524542933], [115.4380936779495, 40.35935722552624], [115.43809575673362, 40.359267166654845], [115.43821348371507, 40.35926875682124], [115.4382155623333, 40.35917869794331], [115.4383332891676, 40.35918028798488], [115.43834368133543, 40.3587299935477], [115.43822595528377, 40.35872840353129], [115.43823219094152, 40.35845822686613], [115.4383499165236, 40.358459816867445], [115.43835199490093, 40.35836975797104], [115.43846972033586, 40.35837134784755], [115.43847179854727, 40.35828128894461], [115.43858952383505, 40.35828287869631], [115.43859160188056, 40.358192819786844], [115.4388270521712, 40.35819599892086], [115.4388291298943, 40.358105939999845], [115.43894685489714, 40.35810752938216], [115.43894893245437, 40.358017470454605], [115.43906665731006, 40.35801905971211], [115.4390687347014, 40.35792900077805], [115.43918645940994, 40.35793058991076], [115.43918853663537, 40.35784053097016], [115.43930626119676, 40.35784211997806], [115.4393083382563, 40.35775206103093], [115.43954378709418, 40.357755238677356], [115.4395458638313, 40.35766517971869], [115.4398990366888, 40.35766994527493], [115.43989073156233, 40.35803018116095], [115.43977300664103, 40.358028592741874], [115.43977093017948, 40.358118651704615], [115.43965320511104, 40.35811706316075], [115.43964905184679, 40.358297181071684], [115.43953132647468, 40.358295592397965], [115.43952094236747, 40.35874588712402], [115.4394032162221, 40.358744298305396], [115.43939698517579, 40.359014475108], [115.43916153197397, 40.359011297081224], [115.43915945462673, 40.35910135600238], [115.43880627442472, 40.35909658804881], [115.43880419659853, 40.359186646953376], [115.4385687428643, 40.35918346770869], [115.43856458655767, 40.35936358549321], [115.43844685939158, 40.35936199568114], [115.43842815413888, 40.360172525592205], [115.43831042557333, 40.360170935615066], [115.43830834700852, 40.360260994481564], [115.43819061829582, 40.36025940437961], [115.43818853956508, 40.36034946323958], [115.43807081070521, 40.36034787301281], [115.43806665290252, 40.3605279907182], [115.43818438207546, 40.36052958095504], [115.43818230331661, 40.360619639810515], [115.43830003265546, 40.36062122993261], [115.43829795404376, 40.36071128879161], [115.43841568354854, 40.36071287879895], [115.43841152661011, 40.36089299652256], [115.43829379679224, 40.36089140650516], [115.43829171815241, 40.3609814653597], [115.4380562582317, 40.360978284955486], [115.4380541792694, 40.36106834379846], [115.43770098898906, 40.361063572278645], [115.43769890954775, 40.361153631105026], [115.43746344909466, 40.36115044948279], [115.43746136933088, 40.36124050829763], [115.43734363896185, 40.36123891730178], [115.43733947909307, 40.36141903491685], [115.43722174842034, 40.36141744379116], [115.43721966831532, 40.361507502591415], [115.43710193749541, 40.361505911340906], [115.43709985722447, 40.36159597013463], [115.4369821262574, 40.36159437875929], [115.43698004582053, 40.36168443754648], [115.43686231470632, 40.361682846046314], [115.4368602341035, 40.36177290482698], [115.4367425028421, 40.36177131320199], [115.43674042207336, 40.36186137197612], [115.43650495926563, 40.36185818835668], [115.43650287817438, 40.36194824711924], [115.43614968356357, 40.361943470776545], [115.43614760199331, 40.3620335295225], [115.43579440699732, 40.36202875208655], [115.43579232494801, 40.36211881081588], [115.43543912956689, 40.3621140322867], [115.43543704703852, 40.3622040909994], [115.43531931510705, 40.36220249791172], [115.43531723241273, 40.362292556617895], [115.43519950033412, 40.362290963405364], [115.43519741747384, 40.36238102210502], [115.43496195303167, 40.3623778353105], [115.4349598698489, 40.362467893998556], [115.43460667278646, 40.3624631128932], [115.4346045891246, 40.36255317156465], [115.4340159267591, 40.36254520063464], [115.43401384230509, 40.36263525927936], [115.43389610970362, 40.36263366472893], [115.43389402508366, 40.362723723367104], [115.43377629233505, 40.362722128691836], [115.43377003794902, 40.362992304582235], [115.43353457154069, 40.36298911484204], [115.43353248641341, 40.36307917345908], [115.43306155308338, 40.36307279252094]]]}}, {"type": "Feature", "properties": {"year": 2023, "water_area_km2": 0.4012}, "geometry": {"type": "Polygon", "coordinates": [[[115.48465182552223, 40.362769450169864], [115.48465384259845, 40.36267938938159], [115.4841829007191, 40.362673216653974], [115.4841849184125, 40.36258315588373], [115.48371397730506, 40.362576981258805], [115.48371195898538, 40.3626670420095], [115.48359422357473, 40.36266549804888], [115.48359624205096, 40.362575437303065], [115.48347850680598, 40.36257389322752], [115.48347648817315, 40.36266395396845], [115.48194592878174, 40.362643870020804], [115.48194794944996, 40.36255380934343], [115.4813592739539, 40.36254607938152], [115.48136129539586, 40.362456018727116], [115.48112582557438, 40.36245292591354], [115.48112784732035, 40.362362865267436], [115.48101011257987, 40.362361318685835], [115.48101213447326, 40.36227125804314], [115.48089439989849, 40.36226971134662], [115.48089642193933, 40.36217965070734], [115.48066095313024, 40.36217655696469], [115.48066297547511, 40.36208649633371], [115.4805452412408, 40.362084949287585], [115.48054928621632, 40.361904828030916], [115.48019608450754, 40.36190018620312], [115.48019810745129, 40.361810125587255], [115.4800803737232, 40.36180857807662], [115.48007835062286, 40.36189863868759], [115.47996061674732, 40.36189709105227], [115.4799585934813, 40.361987151656855], [115.47984085945833, 40.36198560389683], [115.47983883602662, 40.36207566449504], [115.47936789939973, 40.36206947223735], [115.47936992345768, 40.36197941165873], [115.47925218948033, 40.361977863299714], [115.47925421368573, 40.3618878027245], [115.47913647987409, 40.36188625425058], [115.47913850422691, 40.3617961936788], [115.47902077058096, 40.36179464508997], [115.47902684405432, 40.361524463380356], [115.47890911088719, 40.36152291468644], [115.47891720935004, 40.36116267240569], [115.47879947681828, 40.36116112361157], [115.47880150156773, 40.361071063042544], [115.47868376920165, 40.36106951413353], [115.4786918687343, 40.36070927186218], [115.47880960047416, 40.360710820751564], [115.47881364987256, 40.36053069959711], [115.47893138130844, 40.36053224835692], [115.4789334058374, 40.36044218777256], [115.47905113712585, 40.360443736407674], [115.47905316148915, 40.36035367581693], [115.47928862378033, 40.36035677271795], [115.47928659973017, 40.360446833318505], [115.47940433104603, 40.36044838159424], [115.47940837882413, 40.360268260381844], [115.47929064782139, 40.360266712115916], [115.47929671988973, 40.35999653030085], [115.47976764207691, 40.36000272258702], [115.47976561868944, 40.36009278321313], [115.4798833494156, 40.360094330990094], [115.4798853726465, 40.36000427035908], [115.48035629501622, 40.360010460249434], [115.48035427241152, 40.36010052090003], [115.48047200318331, 40.36010206807804], [115.48047402563147, 40.36001200742255], [115.48059175625582, 40.360013554475856], [115.4805937785383, 40.35992349381398], [115.48071150901524, 40.35992504074262], [115.48071353113205, 40.35983498007435], [115.4809489918002, 40.359838073562464], [115.48095101359479, 40.3597480128829], [115.48106874378601, 40.35974955944238], [115.48107076541494, 40.359659498756436], [115.4811884954587, 40.359661045191224], [115.48119051692198, 40.35957098449891], [115.48130824681832, 40.359572530809004], [115.48131026811593, 40.359482470110315], [115.4821343765498, 40.359493290892665], [115.48213639674249, 40.359403230158236], [115.48307823424699, 40.359415589540156], [115.48308025317819, 40.35932552876512], [115.48331571233234, 40.35932861740292], [115.48331773094134, 40.359238556616624], [115.4834354603755, 40.35924010075097], [115.48343747881889, 40.35915003995828], [115.48355520810563, 40.35915158396794], [115.48355722638333, 40.35906152316888], [115.48367495552263, 40.359063067053874], [115.48368504599192, 40.358612763011806], [115.48380277435763, 40.35861430675257], [115.48380882806035, 40.35834412429479], [115.48392655596555, 40.35834566790111], [115.48393260911675, 40.358075485415256], [115.48405033656144, 40.35807702888715], [115.48405437163699, 40.3578969072127], [115.4841720987777, 40.35789845055504], [115.4841741161453, 40.3578083897107], [115.48429184313858, 40.35780993292837], [115.48430192905741, 40.35735962865984], [115.48418420284676, 40.35735808546658], [115.48418622015976, 40.3572680246133], [115.48395076807888, 40.35726493787721], [115.48395480330366, 40.35708481618568], [115.4840725290265, 40.35708635960385], [115.48407454646873, 40.35699629875098], [115.4844277232223, 40.357000928272136], [115.48442570624965, 40.357090989139664], [115.48454343200888, 40.35709253207872], [115.48454141518366, 40.357182592949634], [115.48465914110854, 40.357184135773785], [115.48465712443077, 40.3572741966481], [115.48477485052125, 40.357275739357355], [115.48477283399089, 40.35736580023505], [115.48512601278652, 40.35737042765877], [115.48512399671668, 40.35746048854963], [115.48535944960561, 40.35746357290962], [115.48535743383972, 40.357553633808756], [115.48559288707811, 40.357556717699396], [115.48559087161621, 40.3576467786068], [115.48594405201155, 40.35765140355901], [115.48594203701013, 40.35774146447955], [115.48617749096555, 40.35774454719188], [115.48617547626812, 40.35783460812068], [115.48641093057297, 40.35783769036363], [115.4864089161795, 40.35792775130071], [115.48664437083374, 40.35793083307427], [115.48664235674427, 40.3580208940196], [115.48687781174795, 40.35802397532378], [115.48687579796244, 40.35811403627738], [115.48699352563443, 40.35811557675467], [115.48699151199641, 40.35820563771166], [115.48710923983401, 40.35820717807404], [115.48710722634344, 40.3582972390344], [115.48722495434666, 40.358298779281874], [115.48722294100354, 40.35838884024562], [115.48734066917238, 40.358390380378175], [115.4873386559767, 40.35848044134532], [115.48745638431119, 40.35848198136297], [115.48745437126297, 40.35857204233347], [115.48768982827222, 40.35857512201916], [115.48768781552802, 40.35866518299793], [115.4878055442028, 40.35866672266596], [115.48780353160606, 40.35875678364812], [115.48792126044646, 40.358758323201236], [115.48791924799717, 40.35884838418678], [115.4880369770032, 40.35884992362497], [115.48803496470137, 40.3589399846139], [115.48827042305375, 40.35894306314068], [115.48826841105594, 40.35903312413786], [115.4885038697577, 40.35903620219522], [115.4885018580639, 40.359126263200636], [115.48861958758494, 40.35912780205451], [115.48861757603859, 40.359217863063314], [115.48873530572524, 40.359219401802264], [115.4887332943264, 40.35930946281445], [115.48885102417866, 40.35931100143848], [115.48884901292728, 40.35940106245405], [115.48896674294515, 40.35940260096315], [115.48896473184125, 40.359492661982095], [115.48908246202475, 40.359494200376275], [115.48908045106832, 40.359584261398595], [115.48931591177565, 40.35958733783733], [115.48931390112325, 40.359677398867895], [115.48943163164708, 40.35967893691244], [115.48942962114212, 40.35976899794638], [115.48954735183156, 40.35977053587601], [115.48954534147413, 40.359860596913336], [115.48966307232918, 40.359862134728026], [115.48966106211921, 40.35995219576873], [115.48977879313989, 40.35995373346851], [115.48977477300583, 40.360133855555155], [115.48989250434869, 40.360135393144866], [115.48989049442461, 40.360225454190825], [115.4900082259331, 40.360226991665606], [115.49000621615652, 40.36031705271493], [115.49047714290722, 40.36032320143559], [115.49047513374781, 40.360413262502895], [115.49071059749066, 40.36041633615419], [115.49071260633698, 40.36032627507715], [115.49106580154955, 40.36033088464104], [115.49106780991714, 40.36024082354793], [115.49130327312439, 40.36024389598183], [115.4913052811698, 40.36015383487751], [115.49142301263046, 40.36015537090991], [115.49142502051028, 40.36006530979924], [115.49166048314564, 40.36006838149493], [115.4916624907033, 40.35997832037306], [115.49178022187802, 40.35997985603634], [115.49178222927007, 40.35988979490811], [115.49201769133356, 40.35989286586561], [115.49201969840345, 40.35980280472616], [115.49213742929223, 40.359804340020354], [115.49213943619651, 40.35971427887457], [115.49237489768811, 40.35971734909388], [115.49237690427027, 40.35962728793689], [115.49261236548499, 40.3596303576673], [115.49261437174496, 40.359540296499105], [115.4928498326828, 40.35954336574064], [115.49285183862061, 40.35945330456125], [115.49308729928153, 40.359456373313904], [115.49308930489723, 40.3593663121233], [115.49344249548682, 40.35937091433929], [115.49344450062384, 40.35928085313264], [115.49379769082518, 40.359285454255954], [115.4937996954835, 40.35919539303324], [115.49450607519103, 40.3592045920164], [115.494504071472, 40.359294653268215], [115.49485726191745, 40.359299251157175], [115.49485525865902, 40.35938931242204], [115.49509071931426, 40.3593923770921], [115.49508871635987, 40.35948243836518], [115.49532417736437, 40.35948550256576], [115.49532217471405, 40.35957556384705], [115.49543990538639, 40.3595770957725], [115.49543790288361, 40.35966715705715], [115.49555563372152, 40.359668688867664], [115.49554762424624, 40.36002893401076], [115.4956653557194, 40.36003046572086], [115.49566135124067, 40.36021058829316], [115.49648547399744, 40.36022130697747], [115.49648747514543, 40.36013124565815], [115.49660520684738, 40.360132776414744], [115.49660320585595, 40.36022283773892], [115.49683866960005, 40.36022589890241], [115.49683666891268, 40.360315960234786], [115.49695440095482, 40.36031749064168], [115.49695240041498, 40.360407551977396], [115.49730559706522, 40.36041214249384], [115.49730359698606, 40.36050220384261], [115.4974213293774, 40.36050373378], [115.4974233293, 40.3604136724264], [115.498482919819, 40.36042743642855], [115.49848092130539, 40.36051749782572], [115.49906958380318, 40.36052514032491], [115.49906758606335, 40.36061520174477], [115.49965624956923, 40.36062284127322], [115.49965824652625, 40.36053277982918], [115.5003646420912, 40.36054194328101], [115.50036663809989, 40.36045188180648], [115.50142623064599, 40.36046561885444], [115.50142423604633, 40.360555680372435], [115.50177743419337, 40.36056025724656], [115.5017754400544, 40.36065031877755], [115.50189317294462, 40.36065184416749], [115.50189117895323, 40.360741905701815], [115.50212664507379, 40.36074495613195], [115.50212465138652, 40.36083501767444], [115.50247785110449, 40.360839592435646], [115.5024758578779, 40.360929653991136], [115.50271132471464, 40.3609327032426], [115.5027093317922, 40.361022764806236], [115.50306253258438, 40.36102733779941], [115.50306054012265, 40.36111739937603], [115.50329600767552, 40.36112044744879], [115.50329401551791, 40.361210509033576], [115.50364721738431, 40.361215080258674], [115.5036452256874, 40.361305141856434], [115.50388069395639, 40.36130818875048], [115.50387870256364, 40.36139825035638], [115.5041141711817, 40.36140129678086], [115.5041121800931, 40.36149135839494], [115.50434764906022, 40.36149440434985], [115.50434565827578, 40.36158446597206], [115.50458112759193, 40.36158751145741], [115.50457913711166, 40.36167757308778], [115.50481460677688, 40.361680618103534], [115.50481261660076, 40.36177067974206], [115.50493035160339, 40.36177220207505], [115.50492836157488, 40.36186226371691], [115.50516383192023, 40.36186530803313], [115.50516184219586, 40.361955369683116], [115.50563278362058, 40.36196145689718], [115.50563477271866, 40.36187139522792], [115.50610571366066, 40.36187748050587], [115.50610770212347, 40.36178741881588], [115.50634317233516, 40.3617904607264], [115.50634516047587, 40.36170039902529], [115.50658063041027, 40.36170344044697], [115.50658261822888, 40.36161337873475], [115.50693582272802, 40.36161793995433], [115.50693781006798, 40.36152787822619], [115.50717327946576, 40.3615309184306], [115.5071752664836, 40.36144085669134], [115.50741073560411, 40.36144389640693], [115.50741272229986, 40.36135383465656], [115.50776592557811, 40.361358393317005], [115.5077679117952, 40.361268331550725], [115.50823884899872, 40.361274408068184], [115.50824083458055, 40.361184346281185], [115.50847630292294, 40.36118738381149], [115.50847828818272, 40.36109732201339], [115.50871375624776, 40.361100359054895], [115.50871574118544, 40.3610102972457], [115.50906894288049, 40.361014851895014], [115.50907092733952, 40.36092479006992], [115.50930639486785, 40.36092782589419], [115.50930837900479, 40.36083776405799], [115.5095438462558, 40.36084079939346], [115.50954583007068, 40.36075073754617], [115.50978129704436, 40.36075377239283], [115.50978328053714, 40.36066371053446], [115.51001874723347, 40.36066674489231], [115.5100207304042, 40.36057668302284], [115.51025619682319, 40.3605797168919], [115.51025817967187, 40.36048965501135], [115.51049364581351, 40.36049268839161], [115.5104956283401, 40.36040262649997], [115.51061336126777, 40.3604041430056], [115.51061534362886, 40.360314081107674], [115.51073307640893, 40.360315597488714], [115.51073505860451, 40.3602255355845], [115.51097052387833, 40.36022856797759], [115.51097448761644, 40.360048444145484], [115.51109221995365, 40.36004996015275], [115.51109420165272, 40.359959898229675], [115.51121193384232, 40.35996141411232], [115.51121391537593, 40.35987135218297], [115.51133164741789, 40.35987286794103], [115.51134353549239, 40.35933249630486], [115.51146126660399, 40.359334011914356], [115.51146721005092, 40.3590638260618], [115.51158494070178, 40.3590653415371], [115.51158692167633, 40.358975279578466], [115.51182238269176, 40.358978310160126], [115.51182040203031, 40.35906837212834], [115.51170267136159, 40.35906685689262], [115.51170069053465, 40.359156918854545], [115.51181842135992, 40.35915843409505], [115.51180653714994, 40.35969880586419], [115.51168880538535, 40.35969729059491], [115.51168286269007, 40.35996747644499], [115.51156513046472, 40.359965961041524], [115.51155918721935, 40.36023614686383], [115.51144145453326, 40.36023463132619], [115.51143749201188, 40.360414755190696], [115.51131975902163, 40.360413239523645], [115.51131777759097, 40.36050330144888], [115.51108231132413, 40.3605002697458], [115.5110803295714, 40.36059033165995], [115.51096259629485, 40.360588815623906], [115.51096061437663, 40.36067887753177], [115.51060741413086, 40.36067432869047], [115.510605431734, 40.36076439058245], [115.51048769818009, 40.36076287405763], [115.51048571561773, 40.360852935943306], [115.51036798191618, 40.36085141929387], [115.51036599918831, 40.360941481173285], [115.5101305314989, 40.36093844750541], [115.51012854844896, 40.36102850937373], [115.50989308048223, 40.36102547521707], [115.50989109711021, 40.3611155370743], [115.5097733629837, 40.36111401981147], [115.50977137944615, 40.3612040816624], [115.50953591090682, 40.36120104676772], [115.50953392704722, 40.36129110860757], [115.50929845823056, 40.36128807322408], [115.50929647404885, 40.36137813505283], [115.50906100495486, 40.36137509918052], [115.50905902045108, 40.36146516099818], [115.50870581640753, 40.361460606276786], [115.50870383142508, 40.36155066807856], [115.50823289219943, 40.36154459342025], [115.50823090658176, 40.36163465520128], [115.50787770178684, 40.361630097935205], [115.50787571569052, 40.36172015970033], [115.50740477546313, 40.36171408164908], [115.50740278873153, 40.36180414339349], [115.50704958318539, 40.3617995835827], [115.50704759597512, 40.361889645311194], [115.50681212534272, 40.36188660482869], [115.50681013781035, 40.36197666654608], [115.50669240235099, 40.3619751461203], [115.5066904146531, 40.362065207831385], [115.50621947227914, 40.36205912491101], [115.50621748394599, 40.362149186601364], [115.50609974821835, 40.36214766556693], [115.50609775971964, 40.362237727250985], [115.50574455212082, 40.36223316341445], [115.50574256314341, 40.36232322508257], [115.50503614724862, 40.36231409414588], [115.50503813716546, 40.36222403250666], [115.50468492980895, 40.36221946543541], [115.50468692018653, 40.362129403809156], [115.50456918457557, 40.36212788121728], [115.50457117510074, 40.36203781959435], [115.50433570421889, 40.362034774060824], [115.5043376950482, 40.36194471244604], [115.50398448926248, 40.36194014326168], [115.50398648055256, 40.361850081659874], [115.5036332753174, 40.36184551141173], [115.50363526706819, 40.3617554498229], [115.50339979726947, 40.36175240240144], [115.50340178932441, 40.361662340820764], [115.5031663198748, 40.36165929292974], [115.50316831223388, 40.361569231357215], [115.50293284313332, 40.361566182996626], [115.50293483579658, 40.36147612143227], [115.50258163268288, 40.36147154800735], [115.50258362580684, 40.36138148645596], [115.50223042324374, 40.36137691196729], [115.50223241682839, 40.36128685042892], [115.50187921481596, 40.36128227487653], [115.5018812088613, 40.36119221335112], [115.5016457412111, 40.361189162393515], [115.50164773556061, 40.36109910087629], [115.50141226825951, 40.36109604944913], [115.50141426291316, 40.361005987940075], [115.50035466191278, 40.360992250631284], [115.50035266585007, 40.36108231209686], [115.49999946520899, 40.36107773082304], [115.49999746866759, 40.36116779227267], [115.49834919788931, 40.36114639867107], [115.4983511966226, 40.36105633728916], [115.49705612968715, 40.361039511611615], [115.49705212876721, 40.361219634267435], [115.49693439515046, 40.36121810393191], [115.4969363957715, 40.361128042609586], [115.49658319544506, 40.36112345089874], [115.49658519652675, 40.36103338958946], [115.49587879705697, 40.36102420296227], [115.49588079906903, 40.360934141680566], [115.49564533296449, 40.36093107852281], [115.49564733528062, 40.36084101724932], [115.4954118695253, 40.36083795362207], [115.49541387214552, 40.36074789235677], [115.49529613943798, 40.360746360368296], [115.49529814220573, 40.360656299106374], [115.49518040966376, 40.36065476700294], [115.49518241257903, 40.36056470574439], [115.49506468020267, 40.36056317352601], [115.49506668326548, 40.3604731122708], [115.4949489510547, 40.360471579937474], [115.49495496065855, 40.36020139617746], [115.49483722892649, 40.360199863738885], [115.49484123559697, 40.360019741234474], [115.49472350418704, 40.36001820868581], [115.49472550766528, 40.35992814743621], [115.49460777642095, 40.3599266147726], [115.4946097800467, 40.35983655352636], [115.49437431789826, 40.359833487849464], [115.49437632182808, 40.359743426611445], [115.49425859092396, 40.35974189359817], [115.49425658683761, 40.359831954831336], [115.49355020066349, 40.359822754206874], [115.49354819562878, 40.359912815409466], [115.49319500219416, 40.35990821346547], [115.49319299668072, 40.35999827465197], [115.49295753412312, 40.35999520608065], [115.49295552828754, 40.360085267255954], [115.49260233404931, 40.36008066348592], [115.49260032773503, 40.36017072464517], [115.49248259618383, 40.36016918981072], [115.49248058970394, 40.36025925096364], [115.49236285800525, 40.36025771600453], [115.49236085135975, 40.36034777715109], [115.49224311951355, 40.36034624206733], [115.49224111270244, 40.36043630320755], [115.49212338070875, 40.36043476799914], [115.49212137373203, 40.360524829133006], [115.49188590945869, 40.360521758347076], [115.49188390215981, 40.36061181946974], [115.49141297309552, 40.3606056764409], [115.49141096516138, 40.36069573754262], [115.49094003561576, 40.36068959257761], [115.49093802704633, 40.36077965365841], [115.49023163206043, 40.36077043258781], [115.49023364156922, 40.36068037153621], [115.48999817695953, 40.36067729689737], [115.48999616713765, 40.36076735793926], [115.48987843468984, 40.36076582043528], [115.48988044466829, 40.360675759398255], [115.48952724784898, 40.360671146182135], [115.48952925828804, 40.360581085158245], [115.48917606202002, 40.36057647087857], [115.48917807291969, 40.36048640986778], [115.48882487720296, 40.36048179452455], [115.48882688856322, 40.36039173352687], [115.48835596169417, 40.36038557807826], [115.48835394970769, 40.36047563905647], [115.48823621785655, 40.360474099889956], [115.48823219354327, 40.360654221832135], [115.48811446138812, 40.36065268253609], [115.4881124490613, 40.360742743500076], [115.48799471675866, 40.360741204079375], [115.48799270426619, 40.36083126503699], [115.48787497181607, 40.36082972549162], [115.487872959158, 40.36091978644287], [115.4877552265604, 40.360918246772826], [115.48775321373667, 40.36100830771773], [115.48751774825558, 40.3610052280085], [115.48751573510965, 40.36109528894216], [115.48728026935179, 40.36109220874399], [115.48727825588365, 40.361182269666415], [115.48692505684528, 40.36117764845606], [115.4869230428984, 40.36126770936238], [115.48668757660512, 40.361264627946746], [115.48668354805784, 40.361444749735384], [115.48656581461171, 40.36144320883812], [115.48656178571497, 40.36162333061105], [115.4864440519648, 40.361621789584234], [115.48643800808182, 40.36189197221784], [115.48632027387104, 40.361890431056594], [115.48631624425717, 40.3620705527951], [115.48619850974235, 40.3620690115043], [115.48619447977897, 40.362249133227124], [115.4860767449601, 40.362247591806764], [115.48607472980821, 40.36233765266105], [115.48595699484186, 40.36233611111601], [115.48595497952432, 40.36242617196394], [115.48536630404612, 40.362418462417274], [115.48536428793666, 40.36250852323931], [115.48524655271173, 40.36250698096569], [115.48524453643657, 40.36259704178136], [115.48512680106418, 40.362595499383055], [115.48512478462335, 40.36268556019236], [115.48500704910349, 40.36268401766937], [115.48500503249699, 40.36277407847229], [115.48465182552223, 40.362769450169864]], [[115.48194794944996, 40.36255380934343], [115.48230115485698, 40.362558445882954], [115.48230317504637, 40.362468385189416], [115.48194997010907, 40.36246374866458], [115.48194794944996, 40.36255380934343]], [[115.48466392784297, 40.362229085417844], [115.48501713199947, 40.3622337136324], [115.48501914855136, 40.362143652820535], [115.48513688313184, 40.36214519531424], [115.48513889951806, 40.36205513449599], [115.48549210284433, 40.36205976124363], [115.48549613465012, 40.36187963957342], [115.48537840051209, 40.36187809745376], [115.48537638445715, 40.36196815828473], [115.48466997888049, 40.36195890302172], [115.48466392784297, 40.362229085417844]], [[115.48315558657046, 40.361218349209295], [115.48327331943968, 40.36121989357095], [115.48327533823992, 40.361129832815934], [115.48374626918157, 40.36113600904498], [115.48374828734646, 40.36104594826896], [115.48386601994807, 40.36104749202184], [115.48387005593743, 40.36086737045553], [115.48398778823504, 40.36086891407885], [115.48398980605951, 40.360778853288565], [115.48410753820964, 40.36078039678721], [115.48411157351819, 40.36060027519241], [115.48422930536431, 40.360601818561484], [115.48423132284839, 40.36051175775698], [115.48434905454707, 40.360513301001376], [115.48435308917476, 40.3603331793781], [115.48447082056946, 40.360334722492944], [115.48447283771311, 40.36024466167418], [115.48423737524597, 40.360241575334484], [115.48423535778919, 40.36033163614347], [115.48399989504534, 40.360328549314836], [115.4839958594783, 40.3605086709088], [115.48376039614465, 40.36050558358145], [115.48375837803438, 40.36059564436642], [115.48364064622466, 40.360594100518156], [115.48363862794872, 40.36068416129677], [115.48352089599153, 40.36068261732383], [115.48351887754995, 40.36077267809606], [115.48340114544531, 40.36077113399845], [115.48339912683805, 40.3608611947643], [115.48328139458599, 40.360859650542], [115.48327937581307, 40.36094971130148], [115.48316164341354, 40.36094816695449], [115.48315962447495, 40.36103822770759], [115.48304189192797, 40.361036683235916], [115.48303987282372, 40.36112674398263], [115.48315760552727, 40.36112828845918], [115.48315558657046, 40.361218349209295]], [[115.485747727308, 40.36116223663471], [115.48598319314276, 40.36116531995735], [115.48598520833302, 40.36107525908857], [115.48610294110748, 40.36107680056532], [115.48610495613212, 40.36098673969017], [115.48622268875909, 40.360988281042246], [115.48622470361808, 40.36089822016072], [115.48646016858618, 40.36090130249572], [115.48646218312295, 40.36081124160295], [115.48657991546409, 40.36081278258588], [115.48658595855025, 40.36054259988399], [115.48611503111893, 40.36053643529201], [115.48611704608902, 40.360446374407914], [115.48552838778717, 40.36043866599696], [115.48552637203427, 40.360528726856664], [115.48540864024464, 40.360527184810216], [115.48540662432612, 40.36061724566354], [115.48528889238901, 40.360615703492414], [115.48528486021159, 40.36079582518486], [115.48540259246182, 40.36079736736575], [115.48540057651601, 40.36088742821461], [115.48551830893189, 40.36088897028059], [115.48551629313356, 40.36097903113284], [115.4856340257151, 40.3609805730839], [115.48563201006421, 40.36107063393953], [115.4857497428114, 40.36107217577568], [115.485747727308, 40.36116223663471]], [[115.48174683451246, 40.36101968614108], [115.48186456695922, 40.361021231930515], [115.48186658761993, 40.36093117123121], [115.48210205222767, 40.36093426244087], [115.48210609289553, 40.36075414101823], [115.48222382489993, 40.36075568643358], [115.48222786521825, 40.36057556499517], [115.48234559691866, 40.36057711028095], [115.4823476169076, 40.360487049554635], [115.48187669078676, 40.3604808677123], [115.48187467017162, 40.36057092841906], [115.48163920685278, 40.36056783676934], [115.48163112304864, 40.360928079542354], [115.48174885532974, 40.360929625446666], [115.48174683451246, 40.36101968614108]], [[115.48033606855859, 40.36091106668832], [115.48057153292922, 40.36091416101266], [115.480577600023, 40.36064397906728], [115.48045986830277, 40.36064243197969], [115.48046189080567, 40.360552371333135], [115.47975550161527, 40.360543086321314], [115.47975347817305, 40.36063314693848], [115.47963574651672, 40.360631599012336], [115.47963777011547, 40.36054153840008], [115.47952003862481, 40.36053999035903], [115.47952206237102, 40.36044992975018], [115.47940433104603, 40.36044838159424], [115.47940028323141, 40.36062850280067], [115.4795180148695, 40.3606300509664], [115.47951396733146, 40.36081017217666], [115.47974943126125, 40.360813268168336], [115.47975145472171, 40.36072320755415], [115.47998691837489, 40.36072630305686], [115.47998489522753, 40.36081636368084], [115.48033809124541, 40.360821006051125], [115.48033606855859, 40.36091106668832]], [[115.48164122778101, 40.360477776072365], [115.48175895927933, 40.360479321952226], [115.4817609800419, 40.36038926124887], [115.48164324870014, 40.3603877153739], [115.48164122778101, 40.360477776072365]], [[115.48777334156536, 40.36010769820165], [115.48800880395163, 40.36011077733426], [115.48801081637149, 40.36002071636471], [115.48812854742167, 40.36002225574645], [115.48813055967588, 40.359932194770536], [115.48801282878222, 40.35993065539367], [115.4880148411839, 40.35984059442115], [115.48789711045585, 40.35983905492935], [115.48790113554507, 40.35965893298956], [115.48766567474246, 40.3596558536661], [115.48766768758654, 40.35956579270373], [115.48754995735537, 40.35956425286718], [115.48755197034693, 40.35947419190818], [115.48731651022497, 40.35947111188545], [115.48731047028377, 40.359741294728735], [115.48742820080987, 40.35974283481461], [115.4874241744501, 40.35992295671244], [115.48754190529837, 40.35992449668827], [115.48753989226142, 40.36001455763982], [115.4877753542983, 40.360017637241846], [115.48777334156536, 40.36010769820165]], [[115.48485829702886, 40.35880831674813], [115.48521148336548, 40.3588129440468], [115.4852134994152, 40.3587228831734], [115.48486031354821, 40.35871825588939], [115.48485829702886, 40.35880831674813]], [[115.48439948477733, 40.358261780281936], [115.48463494037475, 40.3582648661672], [115.48463695715259, 40.35817480530928], [115.48440150186826, 40.358171719433784], [115.48439948477733, 40.358261780281936]], [[115.48463695715259, 40.35817480530928], [115.48487241247331, 40.35817789070564], [115.48487442892899, 40.358087829836464], [115.48510988397302, 40.358090914743926], [115.48511190010655, 40.3580008538635], [115.48475871802373, 40.35799622633728], [115.48475670142062, 40.35808628720306], [115.48463897392135, 40.35808474444987], [115.48463695715259, 40.35817480530928]]]}}, {"type": "Feature", "properties": {"year": 2023, "water_area_km2": 0.006}, "geometry": {"type": "Polygon", "coordinates": [[[115.52577939291135, 40.35618420197011], [115.52578135479864, 40.356094139388205], [115.52542817610785, 40.356089636227665], [115.52543602544691, 40.35572938594217], [115.52531829986046, 40.35572788466811], [115.5253241872414, 40.35545769695262], [115.52544191235827, 40.35545919821244], [115.52544387464435, 40.3553691356329], [115.52556159961352, 40.355370636768185], [115.52556356173423, 40.3552805741824], [115.52579901138613, 40.35528357608413], [115.52579704957847, 40.35537363867942], [115.52591477457422, 40.35537513945536], [115.52591281291424, 40.35546520205391], [115.52603053807535, 40.35546670271482], [115.52602857656305, 40.355556765316635], [115.52614630188954, 40.35555826586253], [115.5261443405249, 40.3556483284676], [115.52626206601678, 40.35564982889845], [115.52625618233941, 40.355920016719004], [115.5263739083097, 40.35592151704433], [115.52636998612697, 40.35610164226009], [115.52625225984362, 40.35610014192528], [115.52625029858243, 40.356190204526186], [115.5261325721514, 40.356188704066845], [115.52613453356909, 40.35609864147068], [115.52601680730344, 40.35609714089631], [115.5260148457292, 40.356187203487714], [115.52577939291135, 40.35618420197011]]]}}, {"type": "Feature", "properties": {"year": 2023, "water_area_km2": 0.0062}, "geometry": {"type": "Polygon", "coordinates": [[[115.46669819346295, 40.354695187333554], [115.46670023384972, 40.35460512717187], [115.466347072511, 40.35460044374731], [115.46634911335806, 40.35451038359895], [115.4659959525717, 40.35450569911131], [115.46599799387909, 40.35441563897628], [115.46576255371386, 40.35441251539557], [115.46576459532504, 40.354322455268935], [115.46564687541274, 40.35432089330387], [115.4656530006605, 40.354050712929826], [115.46577072010327, 40.354052274880054], [115.4657727616776, 40.35396221474744], [115.4663613582472, 40.35397002267739], [115.46635931745536, 40.35406008283472], [115.46659475646062, 40.35406320517824], [115.46659271597258, 40.354153265343946], [115.46671043564552, 40.35415482634101], [115.46670839530476, 40.35424488651017], [115.46694383499127, 40.35424800815486], [115.46694179495431, 40.354338068332396], [115.46705951496784, 40.35433962898004], [115.467051355354, 40.35469986969505], [115.46669819346295, 40.354695187333554]]]}}, {"type": "Feature", "properties": {"year": 2023, "water_area_km2": 0.0593}, "geometry": {"type": "Polygon", "coordinates": [[[115.51171455613562, 40.35852648508978], [115.51172049840197, 40.35825629916829], [115.51160276915111, 40.35825478385593], [115.51160078824805, 40.35834484582645], [115.51148305884955, 40.35834333038951], [115.51148702095985, 40.35816320645657], [115.51160475004525, 40.35816472188391], [115.51160673093045, 40.358074659910415], [115.51184218881495, 40.35807769039616], [115.51184614993238, 40.35789756642552], [115.51196387857495, 40.35789908147912], [115.51196585896372, 40.35780901948675], [115.51149494507322, 40.35780295857282], [115.51150088806439, 40.3575327726444], [115.51114770414921, 40.357528225744346], [115.511149685598, 40.35743816377961], [115.51091423001229, 40.35743513192357], [115.51091224825042, 40.35752519387871], [115.51079452031445, 40.35752367776622], [115.5107925383871, 40.357613739715056], [115.5109102664796, 40.35761525583235], [115.51089837566694, 40.358155627522976], [115.51101610470764, 40.35815714354927], [115.5110141230308, 40.3582472054973], [115.51089639383355, 40.358245689466216], [115.51089243013993, 40.35842581334822], [115.51042151218797, 40.35841974798757], [115.51042349466545, 40.35832968606651], [115.51030576535636, 40.358328169431665], [115.51030973059753, 40.35814804559468], [115.51054518859848, 40.35815107872537], [115.51054717089256, 40.358061016795034], [115.5103117132047, 40.35805798367395], [115.5103156783922, 40.357877859828044], [115.51019794987478, 40.357876343097416], [115.51019993261167, 40.35778628117702], [115.51031766097256, 40.357787797902844], [115.51031964354395, 40.357697735976174], [115.51020191533961, 40.35769621925515], [115.51020786346976, 40.35742603348059], [115.51032559120449, 40.35742755018722], [115.5103295562668, 40.35724742632048], [115.51044728369742, 40.35724894289772], [115.51045124841087, 40.357068819015424], [115.51056897553737, 40.35707033546329], [115.51057888638188, 40.35662002570752], [115.51069661273462, 40.3566215420116], [115.51070255866445, 40.3563513561259], [115.51082028455657, 40.3563528722958], [115.51081830274542, 40.35644293426399], [115.510936028803, 40.35644445031892], [115.5109380104576, 40.35635438834593], [115.51164436605157, 40.356363482131265], [115.51164238533613, 40.35645354413303], [115.5119955637233, 40.356458089423036], [115.51199754396917, 40.35636802740688], [115.51223299595891, 40.35637105699172], [115.51224289548887, 40.35592074684073], [115.51141881915959, 40.35591014136544], [115.51142080013446, 40.355820079364335], [115.51130307513684, 40.35581856382211], [115.51130703737283, 40.35563843982505], [115.51142476205742, 40.35563995535768], [115.51142674300549, 40.355549893352126], [115.5116621920884, 40.355552924048446], [115.5116641727145, 40.3554628620318], [115.51189962152012, 40.35546589223944], [115.51190556240567, 40.355195706151825], [115.51178783846794, 40.35519419112229], [115.51179179932667, 40.355014067066016], [115.51190952295136, 40.355015582085976], [115.51191150321081, 40.35492552005082], [115.5120292266879, 40.35492703494621], [115.51203318686696, 40.35474691086185], [115.51215091003994, 40.35474842562786], [115.51215486987024, 40.35456830152796], [115.51250803850368, 40.35457284507861], [115.51251001793591, 40.35448278301207], [115.51274546342313, 40.35448581143737], [115.51274744253338, 40.35439574935973], [115.51286516513389, 40.35439726338794], [115.5128671440787, 40.35430720130404], [115.51310258899345, 40.354310228991544], [115.51310456761631, 40.35422016689656], [115.51322228993057, 40.35422168055588], [115.51322031146421, 40.354311742655646], [115.51333803394391, 40.35431325619996], [115.51333012061534, 40.35467350460333], [115.51321239750959, 40.35467199103984], [115.5132084404787, 40.354852115223025], [115.51309071706888, 40.35485060153019], [115.51308873838352, 40.35494066361475], [115.51297101482608, 40.354939149797346], [115.5129690359753, 40.35502921187563], [115.51273358857415, 40.355026183871914], [115.5127316094014, 40.35511624593915], [115.51261388555768, 40.355114731752835], [115.5126119062195, 40.355204793813776], [115.51249418222821, 40.35520327950289], [115.51249220272456, 40.35529334155754], [115.51213903033468, 40.35528879789186], [115.51213507036147, 40.355468921967955], [115.51225279479554, 40.355470436652546], [115.51225081495205, 40.35556049869316], [115.51201536577982, 40.35555746919461], [115.51201140543996, 40.355737593252194], [115.51224685523832, 40.355740622769915], [115.51224487536807, 40.355830684806065], [115.51236260043717, 40.355832199390065], [115.51236655985572, 40.3556520753067], [115.51248428462071, 40.35565358976131], [115.5124882436905, 40.355473465662406], [115.51307686608406, 40.35548103609092], [115.51307488733627, 40.35557109816508], [115.51331033666922, 40.35557412550763], [115.51330835822553, 40.35566418758987], [115.51342608306192, 40.35566570108627], [115.51342014814688, 40.355935887338454], [115.51318469754386, 40.35593286019715], [115.51318667617086, 40.35584279812415], [115.51306895103927, 40.35584128437861], [115.51306697225574, 40.35593134644682], [115.51294924697653, 40.35592983257672], [115.51294726802757, 40.356019894638656], [115.51271181718292, 40.35601686652953], [115.51270983791196, 40.356106928580374], [115.51282756348635, 40.35610844269963], [115.512825584363, 40.35619850475379], [115.51317876160932, 40.35620304640722], [115.51317678294664, 40.35629310847426], [115.5132945088698, 40.35629462212396], [115.51329648737595, 40.35620456005213], [115.51341421315152, 40.35620607357726], [115.51341025644331, 40.35638619772903], [115.51352798254086, 40.35638771114395], [115.51352600432989, 40.3564777732224], [115.51340827807583, 40.356476259802676], [115.5134043213141, 40.35665638394552], [115.51316886820659, 40.35665335672757], [115.51316293205787, 40.356923542901946], [115.51304520504792, 40.35692202909892], [115.51304322615727, 40.35701209114928], [115.51292549899972, 40.357010577221686], [115.51292154087861, 40.357190701308355], [115.5128038134169, 40.357189187251386], [115.51280183418642, 40.3572792492877], [115.5126841065771, 40.357277735106166], [115.51268014777628, 40.35745785916475], [115.51291560362998, 40.35746088742721], [115.51291758272178, 40.35737082538908], [115.51303531050547, 40.357372339335825], [115.51303333157023, 40.357462401378754], [115.51326878747749, 40.357465428922495], [115.51326483020634, 40.35764555302304], [115.51291164541958, 40.357641011499005], [115.51290768717348, 40.35782113556484], [115.51267223006745, 40.357818107264045], [115.51267025061796, 40.35790816928516], [115.51255252192178, 40.357906654950284], [115.51254658305001, 40.35817684099031], [115.51242885389316, 40.35817532652128], [115.51242489428756, 40.35835545053093], [115.51218943537447, 40.35835242121431], [115.5121874552452, 40.35844248320732], [115.51183426647289, 40.3584379383196], [115.51183228586503, 40.35852800029674], [115.51171455613562, 40.35852648508978]], [[115.51185011101406, 40.35771744244891], [115.51220329602934, 40.35772198722158], [115.51220527608717, 40.35763192521668], [115.51185209154151, 40.35762738045838], [115.51185011101406, 40.35771744244891]], [[115.51055708222887, 40.3576107071211], [115.51067481030348, 40.35761222347798], [115.5106767923874, 40.35752216153392], [115.51055906446929, 40.35752064518184], [115.51055708222887, 40.3576107071211]], [[115.51161663522241, 40.35762435002061], [115.51185209154151, 40.35762738045838], [115.51185407206002, 40.35753731846637], [115.51161861605401, 40.357534288038174], [115.51161663522241, 40.35762435002061]], [[115.51185407206002, 40.35753731846637], [115.51208952810177, 40.35754034841543], [115.51209150829827, 40.357450286412345], [115.51185605256961, 40.357447256472874], [115.51185407206002, 40.35753731846637]], [[115.51233092380274, 40.357273191842836], [115.51244865138526, 40.35727470638372], [115.51245063108536, 40.357184644361794], [115.51233290365937, 40.35718312982569], [115.51233092380274, 40.357273191842836]], [[115.51235072196715, 40.35637257160447], [115.51246844798436, 40.35637408609744], [115.51247042759516, 40.356284024060635], [115.51235270173449, 40.35628250957245], [115.51235072196715, 40.35637257160447]], [[115.51235468149288, 40.35619244753896], [115.51270785863207, 40.356196990629755], [115.51270983791196, 40.356106928580374], [115.51235666124235, 40.35610238550396], [115.51235468149288, 40.35619244753896]]]}}, {"type": "Feature", "properties": {"year": 2023, "water_area_km2": 0.1299}, "geometry": {"type": "Polygon", "coordinates": [[[115.51518602880691, 40.35595857562629], [115.51518800477294, 40.35586851347192], [115.5150702794897, 40.35586700176264], [115.51507225560336, 40.35577693961155], [115.51530770586568, 40.35577996290076], [115.51530968165738, 40.355689900738646], [115.51542740664536, 40.35569141219878], [115.51543135788899, 40.35551128786048], [115.51554908257285, 40.35551279919129], [115.51555895974327, 40.35506248829559], [115.5159121315005, 40.355067021497604], [115.5159141064383, 40.35497695929965], [115.51579638266684, 40.35497544835688], [115.51579835775225, 40.35488538616224], [115.5159160813672, 40.354886897100236], [115.51591805628715, 40.35479683489931], [115.51580033282873, 40.354795323966094], [115.515804282955, 40.35461519956935], [115.51568655981852, 40.35461368852594], [115.51568853502481, 40.35452362633011], [115.51557081205375, 40.3545221151717], [115.51557278740765, 40.35443205297917], [115.51545506460201, 40.35443054170577], [115.51546099107978, 40.35416035513362], [115.51557871341585, 40.35416186639267], [115.5155806887341, 40.354071804194206], [115.51581613311998, 40.35407482634345], [115.51582008310369, 40.35389470192292], [115.51570236121933, 40.35389319091775], [115.51570631148046, 40.35371306650083], [115.5158240330518, 40.35371457749643], [115.51582600801248, 40.35362451528096], [115.51594372943623, 40.353626026152014], [115.51594570423148, 40.35353596393028], [115.5161811467927, 40.35353898530352], [115.51618509573046, 40.35335886083645], [115.51642053770128, 40.35336188171149], [115.51642251184379, 40.353271819466165], [115.51654023268603, 40.35327332971926], [115.51654220666313, 40.353183267467664], [115.51689536877379, 40.35318779749396], [115.51689931576226, 40.35300767295765], [115.51701703617059, 40.35300918271732], [115.51701900949499, 40.35291912044216], [115.5173721703039, 40.35292364898824], [115.51737414314987, 40.35283358669725], [115.517845023727, 40.35283962306284], [115.5178410792782, 40.35301974768151], [115.51795879975774, 40.353021256483046], [115.51795288348734, 40.35329144341424], [115.51783516253828, 40.35328993459839], [115.51783121800052, 40.35347005920221], [115.51771349674736, 40.35346855025705], [115.517709551861, 40.35364867484536], [115.5175918303037, 40.353647165770866], [115.51758985769067, 40.35373722805803], [115.51747213598578, 40.35373571885899], [115.51747016320732, 40.353825781139875], [115.51770560693905, 40.353828799427745], [115.51770757940447, 40.3537387371373], [115.51782530112717, 40.3537402460968], [115.51782332881827, 40.353830308392006], [115.51794105070638, 40.35383181723651], [115.51794302285877, 40.353741754936514], [115.51829618810693, 40.35374628073707], [115.5182922447323, 40.353926405364206], [115.51876313310645, 40.35393243812632], [115.51876510417216, 40.35384237579441], [115.51888282613142, 40.35384388368073], [115.51888479703175, 40.35375382134256], [115.51900251884337, 40.35375532910434], [115.51900448957828, 40.35366526675989], [115.51888676792316, 40.353663759002885], [115.5188887388057, 40.35357369666172], [115.5190064603043, 40.353575204413964], [115.51901828447377, 40.353034830307195], [115.51913600504223, 40.353036337911036], [115.51913797554951, 40.352946275549925], [115.51925569597034, 40.35294778302924], [115.51925766631224, 40.352857720661866], [115.51913994604791, 40.352856213187344], [115.51914191653745, 40.35276615082326], [115.51925963664526, 40.35276765829302], [115.5192616069694, 40.352677595922685], [115.5193793269296, 40.3526791032679], [115.51937735676199, 40.352769165643004], [115.5194950768876, 40.35277067287323], [115.51949901690095, 40.352590548112], [115.51961673672244, 40.35259205521292], [115.51961870655929, 40.35250199282529], [115.51973642623314, 40.35250349980168], [115.51973839590461, 40.352413437407805], [115.51997383496602, 40.35241645099173], [115.51997580431558, 40.35232638858683], [115.52009352370311, 40.35232789519437], [115.52009549288728, 40.3522378327832], [115.51997777365627, 40.35223632618044], [115.51997974298808, 40.352146263772575], [115.52009746206261, 40.352147770370586], [115.52009943122901, 40.35205770795646], [115.52021715015593, 40.352059214429936], [115.52021911915698, 40.35196915200955], [115.52033683793628, 40.35197065835849], [115.52033880677195, 40.35188059593186], [115.52045652540363, 40.35188210215627], [115.52045849407389, 40.351792039723385], [115.52057621255797, 40.351793545823256], [115.52057818106289, 40.35170348338412], [115.52069589939933, 40.35170498935948], [115.52069786773887, 40.35161492691408], [115.52081558592769, 40.35161643276491], [115.52081755410188, 40.35152637031327], [115.52105299019316, 40.35152938164609], [115.52105495804547, 40.35143931918342], [115.5215258297086, 40.35144534039287], [115.52152779692604, 40.35135527790967], [115.52176323249788, 40.35135828778629], [115.52176519939347, 40.351268225292074], [115.52211835234826, 40.35127273919451], [115.52211245304329, 40.35154292671557], [115.52234788932981, 40.35154593541361], [115.52234395704147, 40.35172606043924], [115.52257939398945, 40.351729068677294], [115.52257742814496, 40.351819131197395], [115.52281286544138, 40.35182213896589], [115.522810899901, 40.351912201494045], [115.52292861871905, 40.3519137052034], [115.52292665332632, 40.35200376773482], [115.5230443723097, 40.35200527132918], [115.5230424070646, 40.352095333863865], [115.52316012621333, 40.352096837343225], [115.52315619600955, 40.352276962417655], [115.52327391548015, 40.35227846578676], [115.52327195052146, 40.3523685283265], [115.52338967015743, 40.352370031580605], [115.52338574052648, 40.352550156665146], [115.52350346048432, 40.35255165980898], [115.52349363703435, 40.35300197251814], [115.52337591629401, 40.35300046935052], [115.5233680567485, 40.35336071947206], [115.52348577811487, 40.35336222265872], [115.52347398946978, 40.353902597824984], [115.52335626716433, 40.35390109460979], [115.52335233723204, 40.354081219643795], [115.52311689202165, 40.35407821283506], [115.52311296142784, 40.3542583378441], [115.52323068434161, 40.354259841317884], [115.52322871918794, 40.354349903824925], [115.52311099611764, 40.35434840034639], [115.52310903079858, 40.35443846284719], [115.52287358437154, 40.35443545552129], [115.52287161873058, 40.35452551801108], [115.52275389537384, 40.35452401416371], [115.5227558611713, 40.35443395167868], [115.52263813797995, 40.35443244771628], [115.5226401039251, 40.35434238523451], [115.52240465788203, 40.35433937695993], [115.52240662413132, 40.35424931448619], [115.52170028715413, 40.3542402868164], [115.52170225433365, 40.35415022436975], [115.5214668090586, 40.354147214197816], [115.52146877654226, 40.35405715175921], [115.52123333161573, 40.35405414111771], [115.52123136381901, 40.35414420354679], [115.52099591861496, 40.35414119241666], [115.52099788672471, 40.35405112999712], [115.5208801642925, 40.354049624257165], [115.52087819602626, 40.35413968667196], [115.52076047344642, 40.35413818080746], [115.52076441028306, 40.35395805598592], [115.52064668802514, 40.35395655001118], [115.52064865658667, 40.35386648760296], [115.52076637868808, 40.35386799357293], [115.52077228384984, 40.35359780632502], [115.52065456221796, 40.35359630036934], [115.52066046776932, 40.35332611312237], [115.52054274661585, 40.35332460706122], [115.52054471527171, 40.35323454464735], [115.52007383137264, 40.353228519224125], [115.52007186209076, 40.35331858161894], [115.51983641988151, 40.353315568179184], [115.51983445027771, 40.353405630562946], [115.51971672902991, 40.353404123658656], [115.51971475926072, 40.35349418603618], [115.51959703786527, 40.35349267900734], [115.51959506793068, 40.353582741378595], [115.51947734638763, 40.35358123422521], [115.51947537628766, 40.35367129659022], [115.51935765459697, 40.35366978931229], [115.51935371405733, 40.35384991402831], [115.51923599206253, 40.35384840662108], [115.51923402162285, 40.35393846897209], [115.51899857734688, 40.35393545378874], [115.51899660658528, 40.35402551612873], [115.51887888430413, 40.35402400835264], [115.51887297149649, 40.35429419534933], [115.51875524875467, 40.35429268743915], [115.51875721985596, 40.354202625113174], [115.51863949727955, 40.35420111708798], [115.51863555475505, 40.3543812417289], [115.51851783187452, 40.3543797335744], [115.5185158604424, 40.35446979588785], [115.51839813741422, 40.35446828760879], [115.51839419421034, 40.3546484122217], [115.518276470878, 40.35464690381332], [115.51827449910621, 40.354736966112775], [115.51815677562628, 40.35473545757984], [115.51815283174292, 40.35491558216472], [115.51779966041737, 40.354911055818654], [115.51779768799278, 40.355001118094535], [115.51756224017386, 40.35499809992205], [115.51756026742736, 40.355088162186895], [115.51744254337471, 40.35508665291621], [115.51744451627775, 40.35499659065614], [115.51732679239052, 40.35499508127045], [115.51732876544118, 40.35490501901367], [115.51721104171936, 40.354903509512994], [115.51721301491766, 40.354813447259495], [115.51709529136126, 40.35481193764381], [115.51709923804412, 40.35463181314191], [115.5169815148097, 40.354630303416016], [115.51698546177, 40.35445017891772], [115.5168677388575, 40.354448669081606], [115.51687168609521, 40.354268544586944], [115.51675396350464, 40.3542670346406], [115.51675593726668, 40.35417697239579], [115.5166382148415, 40.354175462334474], [115.51663624092296, 40.35426552457449], [115.5165185183502, 40.3542640143886], [115.51651654426624, 40.354354076622336], [115.51639882154588, 40.3543525663119], [115.51639487303822, 40.35453269076537], [115.51651259607164, 40.354534201085364], [115.51651062196096, 40.35462426331465], [115.51662834515979, 40.35462577351964], [115.51662637119672, 40.35471583575222], [115.51650864784138, 40.354714325542446], [115.5165066737129, 40.35480438776875], [115.51662439722476, 40.35480589798332], [115.5166224232439, 40.35489596021292], [115.5165046995755, 40.35489444999358], [115.51649680293693, 40.355254698878], [115.51626135437472, 40.355251678041746], [115.5162574053759, 40.35543180245591], [115.51613968079509, 40.35543029184856], [115.5161357314476, 40.35561041624723], [115.51590028168665, 40.35560739465405], [115.5158983066865, 40.3556974568416], [115.51578058166284, 40.35569594586056], [115.51577663132275, 40.355876070221605], [115.51542345536613, 40.355871536531126], [115.51542147971314, 40.35596159869507], [115.51518602880691, 40.35595857562629]], [[115.5155451316423, 40.355692923539145], [115.51566285664812, 40.35569443475975], [115.51566483196132, 40.35560437258177], [115.51554710711201, 40.35560286136596], [115.5155451316423, 40.355692923539145]], [[115.5159101565538, 40.35515708369407], [115.5160278806472, 40.35515859452663], [115.5160298554374, 40.35506853232539], [115.5159121315005, 40.355067021497604], [115.5159101565538, 40.35515708369407]], [[115.51593385532628, 40.35407633723841], [115.5160515775415, 40.3540778480136], [115.51605355222478, 40.35398778579452], [115.51593583016609, 40.35398627502411], [115.51593385532628, 40.35407633723841]], [[115.5165224664914, 40.35408388991664], [115.51664018875115, 40.35408540009297], [115.51664216265188, 40.35399533784999], [115.51652444054864, 40.35399382767844], [115.5165224664914, 40.35408388991664]], [[115.51640671845433, 40.35399231738711], [115.51652444054864, 40.35399382767844], [115.51652641459698, 40.353903765438744], [115.51640869265917, 40.3539022551522], [115.51640671845433, 40.35399231738711]], [[115.51664216265188, 40.35399533784999], [115.516759884764, 40.35399684790177], [115.51676383222573, 40.35381672340177], [115.51664611042663, 40.35381521335955], [115.51664216265188, 40.35399533784999]]]}}, {"type": "Feature", "properties": {"year": 2023, "water_area_km2": 0.4551}, "geometry": {"type": "Polygon", "coordinates": [[[115.52889144321048, 40.359286813287504], [115.52889535912406, 40.35910668796701], [115.52854216421926, 40.35910219403961], [115.52854412263245, 40.35901213139135], [115.52842639117173, 40.3590106331807], [115.52842834973268, 40.3589205705357], [115.52831061843736, 40.35891907221], [115.52831257714601, 40.35882900956826], [115.52819484601606, 40.358827511127494], [115.52819680487242, 40.358737448489016], [115.52807907390788, 40.358735949933205], [115.52808103291196, 40.358645887297975], [115.5279633021128, 40.35864438862712], [115.52796526126461, 40.35855432599515], [115.52761206938982, 40.35854982927803], [115.52761010976837, 40.35863989189576], [115.52749237900458, 40.35863839274574], [115.52748845942207, 40.35881851796728], [115.5271352662444, 40.35881401976993], [115.52713330597022, 40.358904082364226], [115.52678011240249, 40.358899583074496], [115.52677815164981, 40.35898964565309], [115.52654268900243, 40.35898664551814], [115.52654465006822, 40.35889658294904], [115.52642691891437, 40.3588950827066], [115.52643084133251, 40.35871495757349], [115.52654857217327, 40.35871645780642], [115.52655053321253, 40.35862639523287], [115.52666826390558, 40.35862789534126], [115.52667218564443, 40.35844777018022], [115.52678991603322, 40.35844927015931], [115.52679579810552, 40.358179082392375], [115.52691352803355, 40.358180582237445], [115.52691548855007, 40.35809051964075], [115.5271509481195, 40.35809351896201], [115.52715486849985, 40.35791339374517], [115.52691940955661, 40.35791039444288], [115.52692333052775, 40.35773026923909], [115.5268056013825, 40.35772876941775], [115.52680756201136, 40.35763870681838], [115.52692529100008, 40.35764020663497], [115.52692921191817, 40.35746008142224], [115.52669375457575, 40.35745708168827], [115.52669571533464, 40.357367019089175], [115.52657798683322, 40.35736551904724], [115.52657602591782, 40.3574555816416], [115.52634056862844, 40.35745258118888], [115.5263386073911, 40.35754264377226], [115.52610314982405, 40.3575396428309], [115.52610118826479, 40.35762970540328], [115.52598345933798, 40.35762820474817], [115.5259814976133, 40.357718267314304], [115.52574603947316, 40.35771526563523], [115.52574407742657, 40.35780532819039], [115.52562634821324, 40.35780382716641], [115.52562438600124, 40.35789388971533], [115.52538892728802, 40.357890887298495], [115.52538696475408, 40.357980949836424], [115.52526923525421, 40.35797944844358], [115.52526727255486, 40.3580695109753], [115.52503181326861, 40.35806650782071], [115.52502985024731, 40.358156570341414], [115.52479439068337, 40.35815356669816], [115.52479242734012, 40.358243629207884], [115.52455696749851, 40.35824062507597], [115.52455500383331, 40.358330687574686], [115.52431954371403, 40.3583276829541], [115.52431757972688, 40.35841774544182], [115.52408211932996, 40.35841474033254], [115.52408015502084, 40.358504802809286], [115.52396242467911, 40.358503300070204], [115.5239604602046, 40.35859336254069], [115.52384272971518, 40.358591859677055], [115.52384076507526, 40.358681922141315], [115.52360530380992, 40.35867891604517], [115.52360333884802, 40.35876897849841], [115.5234856080721, 40.35876747526589], [115.52348364294477, 40.3588575377129], [115.52336591202116, 40.358856034355824], [115.52336394672844, 40.35894609679659], [115.5231284845947, 40.35894308971355], [115.52313045020051, 40.358853027282294], [115.52324818110641, 40.35885453087895], [115.52325211197838, 40.358674406002486], [115.52336984258001, 40.358675909469845], [115.5233757383518, 40.35840572212972], [115.52349346849266, 40.35840722546301], [115.52349543357565, 40.358317163008564], [115.52361316356883, 40.358318666217315], [115.52361709339512, 40.35813854129445], [115.52373482308407, 40.35814004437389], [115.52373678782737, 40.35804998190548], [115.52385451736863, 40.35805148486037], [115.52385648194652, 40.3579614223857], [115.5239742113401, 40.35796292521603], [115.52397617575261, 40.35787286273515], [115.52409390499851, 40.35787436544094], [115.52409586924557, 40.357784302953796], [115.52433132745087, 40.35778730799651], [115.52433329137601, 40.35769724549838], [115.52445102033538, 40.35769874783528], [115.5244529840951, 40.35760868533091], [115.52457071290682, 40.35761018754329], [115.52457267650117, 40.35752012503267], [115.52469040516517, 40.3575216271205], [115.52469236859409, 40.35743156460363], [115.52492782563561, 40.35743456841041], [115.52492978874261, 40.357344505882565], [115.52504751712013, 40.35734600760153], [115.52504948006171, 40.35725594506744], [115.52528493653023, 40.35725894813648], [115.52528689914988, 40.35716888559141], [115.52540462724086, 40.3571703869415], [115.52540658969514, 40.35708032439019], [115.52564204559059, 40.35708332672151], [115.52564400772292, 40.35699326415921], [115.52587946334069, 40.35699626600187], [115.52588142515111, 40.35690620342859], [115.52599915281674, 40.3569077041655], [115.52600111446178, 40.35681764158598], [115.5261188419797, 40.35681914219835], [115.52612080345935, 40.35672907961259], [115.52623853082959, 40.356730580100425], [115.52624049214384, 40.356640517508424], [115.52635821936641, 40.35664201787174], [115.52636018051528, 40.3565519552735], [115.52647790759016, 40.35655345551227], [115.5264818295483, 40.35637333030187], [115.52671728309844, 40.356376330401076], [115.52671924375119, 40.35628626778415], [115.52707242367313, 40.35629076702032], [115.52707438384742, 40.35620070438767], [115.52730983685984, 40.35620370327005], [115.52730787699862, 40.35629376591218], [115.5276610570532, 40.3562982633516], [115.52766301644483, 40.35620820069523], [115.52778074299081, 40.35620969959739], [115.52778270221708, 40.356119636934785], [115.52790042861537, 40.35612113571242], [115.52790238767628, 40.35603107304358], [115.52802011392689, 40.356032571696694], [115.5280220728224, 40.35594250902163], [115.52825752503708, 40.355945505959006], [115.5282594836107, 40.355855443272986], [115.52849493554763, 40.35585843972176], [115.52849689379937, 40.35576837702475], [115.52861461962458, 40.35576987506473], [115.52861657771092, 40.3556798123615], [115.52885202907476, 40.355682808072615], [115.52885398683924, 40.35559274535842], [115.52897171237785, 40.35559424302958], [115.52897366997698, 40.35550418030915], [115.52920912076769, 40.355507175282625], [115.52921107804491, 40.355417112551244], [115.52944652855787, 40.35542010703611], [115.52944848551321, 40.35533004429377], [115.52968393574844, 40.35533303829005], [115.5296858923819, 40.355242975536726], [115.52980361735625, 40.35524447235046], [115.52980557382436, 40.35515440959094], [115.52968784900655, 40.35515291278194], [115.5296956754169, 40.35479266174792], [115.52993112380912, 40.35479565520824], [115.52993894882607, 40.35443540411256], [115.53005667240934, 40.3544369006441], [115.53006449665905, 40.35407664950569], [115.53018221962506, 40.35407814589853], [115.53018808725014, 40.35380795751491], [115.53007036475366, 40.35380646113629], [115.53007427677264, 40.35362633554927], [115.53019199895607, 40.35362783191842], [115.5301939547958, 40.35353776911794], [115.53007623276888, 40.35353627275353], [115.53007818875629, 40.3534462099563], [115.53031363250598, 40.35344920255588], [115.53032341074565, 40.35299888850011], [115.53008796856109, 40.352995895947885], [115.53009188042124, 40.35281577033412], [115.5302096011961, 40.35281726666064], [115.53021155695643, 40.352727203846804], [115.5304469982196, 40.35273019613107], [115.53044504277227, 40.35282025895438], [115.5305627635736, 40.35282175492161], [115.53056471886443, 40.35273169209355], [115.53080016018052, 40.352734683659214], [115.53079820520271, 40.35282474649673], [115.53103364686707, 40.35282773759277], [115.53102973751102, 40.35300786328229], [115.53091201636141, 40.353006367784694], [115.5309081066571, 40.35318649345879], [115.53079038520329, 40.35318499783195], [115.53079429522063, 40.35300487216731], [115.53067657408866, 40.353003376430166], [115.5306785292406, 40.35291331360034], [115.53044308731613, 40.35291032177621], [115.53044113185116, 40.35300038459657], [115.53055885296551, 40.353001880573245], [115.53055494232214, 40.35318200621896], [115.5306726637583, 40.35318350208533], [115.53066875339267, 40.35336362773457], [115.53078647515069, 40.35336512349064], [115.53078452011115, 40.35345518631777], [115.53090224203449, 40.35345668195882], [115.5309041969175, 40.35336661912696], [115.53102191869317, 40.35336811464349], [115.53101996396666, 40.353458177480086], [115.53113768590764, 40.35345967288158], [115.53113964047762, 40.353369610040254], [115.53125736227092, 40.35337110531725], [115.53125540785743, 40.3534611681633], [115.53137312981605, 40.35346266332526], [115.531375084073, 40.353372600474465], [115.53149280588391, 40.35337409551191], [115.53149671405842, 40.35319396979643], [115.53173215708064, 40.353196959493076], [115.53173606459384, 40.35301683375273], [115.53185378580515, 40.35301832841195], [115.53185573939201, 40.35292826553481], [115.53173801833721, 40.352926770880316], [115.53173997207178, 40.352836708006436], [115.53162225118228, 40.352835213236915], [115.53162420506456, 40.352745150366275], [115.53150648434038, 40.35274365548172], [115.53150843837032, 40.35265359261432], [115.53127299726145, 40.35265060249535], [115.53127495159559, 40.35256053963593], [115.53115723121088, 40.35255904440153], [115.53116114016575, 40.3523789186877], [115.53104342010288, 40.35237742334299], [115.53104537472356, 40.35228736048858], [115.530927654826, 40.35228586502884], [115.53093547384667, 40.35192561361526], [115.53105319311823, 40.35192710905608], [115.53105514769484, 40.35183704619423], [115.5309374285798, 40.35183555075815], [115.53094133801957, 40.35165542503949], [115.53105905682166, 40.35165692046609], [115.53106101137182, 40.3515668575998], [115.53117873002621, 40.3515683529019], [115.53118068441107, 40.3514782900294], [115.53129840291777, 40.35147978520702], [115.53130035713733, 40.351389722328285], [115.53141807549635, 40.35139121738141], [115.53142002955056, 40.35130115449645], [115.53165546598207, 40.35130414423395], [115.53165937343812, 40.35112401844068], [115.53189480927888, 40.351127007680184], [115.5318967626807, 40.351036944771856], [115.53213219824374, 40.35103993352288], [115.53213610439498, 40.35085980768284], [115.53225382187672, 40.35086130186924], [115.53225968056803, 40.35059111308386], [115.5323773975891, 40.35059260713632], [115.53238520842824, 40.35023235538279], [115.53226749203313, 40.35023086134925], [115.53226944487737, 40.35014079841187], [115.53191629621433, 40.35013631560689], [115.53191824951924, 40.35004625268222], [115.5316828174342, 40.35004326355623], [115.53169258539141, 40.34959294895791], [115.53157487014452, 40.34959145423895], [115.53158073128255, 40.34932126547632], [115.53146301651392, 40.349319770651775], [115.53146887804206, 40.34904958188998], [115.53158659234124, 40.349051076700334], [115.53159049966963, 40.348870950842255], [115.53170821366467, 40.348872445523384], [115.5317121206449, 40.34869231964989], [115.5318298343358, 40.348693814201816], [115.5318317876562, 40.34860375125812], [115.53194950119942, 40.348605245685555], [115.53195340750086, 40.34842511978424], [115.53207112073997, 40.34842661408247], [115.532073073721, 40.348336551124845], [115.53219078681244, 40.3483380452986], [115.53219273962817, 40.34824798233477], [115.53231045257195, 40.34824947638404], [115.53231240522243, 40.348159413413995], [115.53243011801854, 40.34816090733879], [115.53243207050373, 40.348070844362525], [115.53266749580942, 40.3480738318434], [115.53266944797286, 40.34798376885621], [115.53290487300083, 40.34798675584863], [115.53290682484254, 40.347896692850505], [115.53302453721328, 40.347898186162354], [115.53302648888969, 40.347808123157996], [115.53314420111276, 40.34780961634539], [115.53314615262391, 40.347719553334834], [115.53302844055733, 40.34771806015217], [115.53303039221615, 40.347627997144855], [115.53291268031482, 40.34762650384717], [115.53291463212133, 40.347536440843086], [115.53279692038528, 40.34753494743038], [115.53280277622132, 40.34726475842342], [115.53268506496346, 40.34726326490515], [115.53268701704768, 40.34717320190458], [115.53280472814905, 40.347174695418126], [115.53280668006798, 40.34708463241135], [115.53304210198424, 40.347087619069754], [115.53304405358145, 40.34699755605204], [115.53327947521998, 40.347000542222], [115.53328142649548, 40.34691047919335], [115.53339913717149, 40.34691197209398], [115.53340108828169, 40.34682190905912], [115.53375421989317, 40.34682638702839], [115.5337561705252, 40.346736323977865], [115.53387388092348, 40.346737816390075], [115.53387583139028, 40.34664775333335], [115.53411125190033, 40.3466507377891], [115.53411320204536, 40.34656067472144], [115.53423091215713, 40.34656216676497], [115.53423286213693, 40.3464721036911], [115.53458599205561, 40.34647657908906], [115.53458794155728, 40.346386515999555], [115.53494107108571, 40.34639099030567], [115.5349430201092, 40.34630092720051], [115.53517843952586, 40.346303909463096], [115.53518038822763, 40.346213846347005], [115.53541580736656, 40.346216828121186], [115.53541775574662, 40.346126764994175], [115.53588859350408, 40.346132727086754], [115.53589054124954, 40.346042663939386], [115.53647908786176, 40.346050113837315], [115.5364771408986, 40.34614017700826], [115.53659485040384, 40.34614166663332], [115.53659095676407, 40.34632179298019], [115.53670866659101, 40.34632328249494], [115.53670282653485, 40.346593472018235], [115.53646740595097, 40.34659049284068], [115.53646545893511, 40.34668055600271], [115.53611232765581, 40.34667608632415], [115.53611038016177, 40.346766149470554], [115.53599266959644, 40.346764659333495], [115.53599072193717, 40.346854722473694], [115.53587301122418, 40.34685323221217], [115.53587106339965, 40.34694329534617], [115.53575335253896, 40.34694180496019], [115.53575140454919, 40.34703186808799], [115.53551598254127, 40.34702888694736], [115.53551403422978, 40.347118950064235], [115.53539632308252, 40.34711745930957], [115.53539242612027, 40.34729758552943], [115.53574556052715, 40.34730205746246], [115.53574750854328, 40.347211994339126], [115.5363360652815, 40.3472194451423], [115.53633801250652, 40.3471293819939], [115.5368088574293, 40.347135340462145], [115.53680691083015, 40.347225403629416], [115.53692462223928, 40.347226892951824], [115.53691099689452, 40.347857335114085], [115.53702870940768, 40.34785882434973], [115.53702676305122, 40.347948887514555], [115.53714447572963, 40.34795037663517], [115.53714058330327, 40.34813050296976], [115.5372582963034, 40.34813199198004], [115.53726024236452, 40.34804192880879], [115.5374956680782, 40.34804490646068], [115.53749372233005, 40.34813496964138], [115.53761143535652, 40.34813645829242], [115.53761338094817, 40.34804639510702], [115.53784880671452, 40.34804937204041], [115.53785075198446, 40.347959308844096], [115.53843931577147, 40.34796674905841], [115.53843737128388, 40.34805681227827], [115.53855508422404, 40.34805829996658], [115.53855702855518, 40.34796823674203], [115.53867474134766, 40.347969724305884], [115.53867668551355, 40.347879661075126], [115.53891211081189, 40.34788263583416], [115.53891405465608, 40.347792572592525], [115.53950261727297, 40.34780000737098], [115.53950067421115, 40.34789007063617], [115.53997152508833, 40.34789601632225], [115.53996958264364, 40.34798607960478], [115.54008729554131, 40.34798756573163], [115.54008535324431, 40.348077629017375], [115.54020306630721, 40.34807911502917], [115.54020112415793, 40.34816917831813], [115.54031883738608, 40.34817066421489], [115.5403168953845, 40.34826072750705], [115.54043460877786, 40.34826221328877], [115.54043266692402, 40.34835227658415], [115.54055038048263, 40.34835376225081], [115.5405484387765, 40.348443825549424], [115.54066615250032, 40.34844531110102], [115.54066421094188, 40.34853537440286], [115.54089963872879, 40.3485383451562], [115.54089769747458, 40.34862840846595], [115.54172169609984, 40.348638802363325], [115.54172363625872, 40.348548739020686], [115.54207677818856, 40.348553191737736], [115.54207871786927, 40.3484631283795], [115.54231414555328, 40.348466096249375], [115.5423160849123, 40.34837603288029], [115.54255151231835, 40.348379000261744], [115.54255345135566, 40.34828893688177], [115.54278887848375, 40.348291903774836], [115.54279081719936, 40.348201840383986], [115.54314395748767, 40.348206289811365], [115.54314589572512, 40.34811622640495], [115.54396988894179, 40.34812660417796], [115.54396214032082, 40.34848685792607], [115.54384442635202, 40.34848537572756], [115.54384248901846, 40.34857543915619], [115.54348934669511, 40.34857099182807], [115.5434874088834, 40.34866105524114], [115.54325198039857, 40.348658089747566], [115.54325004226513, 40.348748153149764], [115.54313232787936, 40.34874667021866], [115.5431303895807, 40.34883673361467], [115.5430126750472, 40.34883525055912], [115.54301073658331, 40.34892531394897], [115.54265759256582, 40.34892086404968], [115.54265565362375, 40.34901092742396], [115.54218479443027, 40.34900499252955], [115.54218285485355, 40.34909505588355], [115.54182971008086, 40.349090603441226], [115.54182777002593, 40.34918066677966], [115.54147462486254, 40.349176213245435], [115.54147268432945, 40.34926627656829], [115.54088410844979, 40.349258851592616], [115.54088604976533, 40.34916878829325], [115.54065061978773, 40.3491658174741], [115.54065256140744, 40.34907575418264], [115.54041713177784, 40.34907278289387], [115.54041907370177, 40.34898271961035], [115.54018364442017, 40.348979747851956], [115.54018752886766, 40.348799621299264], [115.53995210024702, 40.348796649080654], [115.53995598528537, 40.34861652254086], [115.53983827130115, 40.348615036261336], [115.53984021396364, 40.34852497299391], [115.53972250014465, 40.348523486599326], [115.5397244429549, 40.348433423335116], [115.53960672930114, 40.34843193682549], [115.53960867225908, 40.348341873564515], [115.53937324529082, 40.34833890019541], [115.53937518855294, 40.34824883694235], [115.53866890879739, 40.34823991398924], [115.53866696459642, 40.348329977214064], [115.53854925117805, 40.34832848963138], [115.53854730681185, 40.348418552849985], [115.53831187968845, 40.34841557731594], [115.53830993500053, 40.34850564052366], [115.5381922212955, 40.348504152572296], [115.53819027644235, 40.34859421577383], [115.53807256258962, 40.34859272769802], [115.5380706175712, 40.34868279089334], [115.53795290357078, 40.34868130269305], [115.5379509583871, 40.348771365882186], [115.53771553009965, 40.34876838911292], [115.53771358459423, 40.34885845229116], [115.53736044175943, 40.34885398622498], [115.5373584957758, 40.3489440493876], [115.53724078135862, 40.34894256045464], [115.53723883520975, 40.34903262361106], [115.53712112064485, 40.34903113455365], [115.53711917433073, 40.34912119770388], [115.53700145961812, 40.34911970852199], [115.53699951313874, 40.34920977166601], [115.53688179827843, 40.349208282359655], [115.53685649121311, 40.35037910303559], [115.5367387743273, 40.350377613548204], [115.53673488048794, 40.35055773977434], [115.53661716329792, 40.35055625015775], [115.53661132200355, 40.35082643947169], [115.53649360435283, 40.3508249497212], [115.53648970979968, 40.35100507591362], [115.53637199184477, 40.35100358603394], [115.53636420200706, 40.351363838382106], [115.53624648343495, 40.351362348363814], [115.5362425881504, 40.35154247451957], [115.53612486927408, 40.35154098437207], [115.53611707797354, 40.351901236646874], [115.53599935848001, 40.35189974636074], [115.53599546246403, 40.3520798724798], [115.53587774266629, 40.352078382064484], [115.53587384630215, 40.35225850816817], [115.53575612620016, 40.35225701762364], [115.53575222948787, 40.35243714371195], [115.53563450908167, 40.35243565303822], [115.53563256055584, 40.352525716075434], [115.53551484000194, 40.3525242252772], [115.53551289131079, 40.352614288308224], [115.53539517060918, 40.35261279738551], [115.53539322175274, 40.35270286041031], [115.5352755009034, 40.35270136936312], [115.53527355188169, 40.35279143238172], [115.5351558308846, 40.35278994121003], [115.53515388169758, 40.35288000422242], [115.53503616055282, 40.352878512926246], [115.53503421120048, 40.35296857593244], [115.534916489908, 40.35296708451177], [115.53491454039036, 40.35305714751176], [115.53467909751875, 40.353054164301675], [115.53467714767929, 40.35314422729073], [115.53455942610019, 40.35314273550131], [115.53455747609544, 40.35323279848416], [115.5344397543686, 40.35323130657024], [115.53443585401966, 40.35341143252206], [115.53431813198861, 40.35340994047892], [115.53431618164444, 40.35350000344788], [115.53419845946566, 40.35349851128024], [115.53419650895617, 40.353588574243], [115.53407878662968, 40.35358708195087], [115.53407683595488, 40.35367714490742], [115.53395911348069, 40.35367565249079], [115.53395716264058, 40.35376571544113], [115.53383944001865, 40.35376422290001], [115.53383358697597, 40.35403441172792], [115.53359814081944, 40.35403142625802], [115.5335942381209, 40.35421155211697], [115.53347651474282, 40.35421005919291], [115.53347261169604, 40.35439018503647], [115.5333548880137, 40.354388691983175], [115.5333529363206, 40.35447875489801], [115.53311748866928, 40.35447576842264], [115.53311553665432, 40.35456583132654], [115.5328800887252, 40.35456284436261], [115.53288204105318, 40.35447278146817], [115.53276431725834, 40.35447128781128], [115.53276236477384, 40.354561350700976], [115.5326446408313, 40.35455985691957], [115.53264073552278, 40.35473998268509], [115.532523011276, 40.354738488774444], [115.53252105845202, 40.35482855165025], [115.53240333405752, 40.354827057615104], [115.5324013810682, 40.35491712048469], [115.53228365652599, 40.35491562632504], [115.53227975020788, 40.355095752050296], [115.5320443005238, 40.355092763352744], [115.53203453300908, 40.3555430775926], [115.53191680739761, 40.35554158304051], [115.53191485371168, 40.35563164587929], [115.53215030525648, 40.35563463487317], [115.53214835187482, 40.35572469771993], [115.53226607781697, 40.35572619204193], [115.53226412458302, 40.35581625489194], [115.53238185069051, 40.35581774909887], [115.53237989760429, 40.355907811952136], [115.53249762387712, 40.35590930604402], [115.53248785909649, 40.356359620311615], [115.53272331323392, 40.35636260818331], [115.53271940788616, 40.35654273389886], [115.53260168049998, 40.35654124001346], [115.53259972765635, 40.35663130286427], [115.53212881757355, 40.35662532610585], [115.53213077104334, 40.35653526327395], [115.53201304370118, 40.35653376878961], [115.5320169509274, 40.35635364313079], [115.53189922390715, 40.356352148536125], [115.53190313141117, 40.356172022880834], [115.53178540471278, 40.35617052817584], [115.53178735860811, 40.35608046535068], [115.5316696320751, 40.35607897053064], [115.53166572396258, 40.35625909617], [115.53154799712529, 40.356257601220705], [115.53154995134248, 40.3561675384065], [115.53143222467057, 40.356166043342164], [115.53144199640701, 40.35571572927254], [115.53132427052657, 40.35571423411208], [115.53132622500392, 40.35562417129843], [115.53120849928882, 40.35562267602292], [115.53121045391391, 40.35553261321251], [115.53109272836416, 40.35553111782194], [115.53109077358255, 40.35562118062761], [115.5308553221964, 40.35561818947766], [115.53085336709293, 40.35570825227237], [115.53073564125656, 40.355706756512994], [115.53073368598773, 40.3557968193015], [115.53061596000367, 40.35579532341761], [115.53061204912646, 40.35597544898068], [115.53072977542361, 40.35597694487404], [115.5307219541895, 40.356337196001284], [115.53060422726621, 40.35633570008899], [115.5306061827445, 40.35624563731414], [115.5304884559866, 40.35624414128679], [115.53049823402841, 40.355793827413926], [115.53038050806197, 40.355792331290466], [115.53038246380042, 40.35570226851617], [115.53014701220705, 40.35569927591938], [115.53014896824973, 40.35560921315307], [115.52991351700474, 40.35560622008662], [115.52991547335164, 40.355516157328296], [115.52979774789891, 40.35551466062014], [115.52979579139549, 40.35560472337372], [115.52967806579505, 40.35560322654105], [115.52967610912629, 40.35569328928841], [115.52979383488325, 40.35569478612582], [115.52979187836216, 40.35578484887644], [115.52955642654402, 40.35578185507236], [115.52955251284928, 40.35596198055017], [115.52943478664037, 40.35596048345898], [115.52943282962325, 40.35605054619093], [115.52931510326664, 40.35604904897521], [115.52931314608412, 40.356139111700934], [115.52919541957984, 40.3561376143607], [115.52919150487527, 40.35631773979821], [115.52907377806672, 40.35631624232871], [115.52907182054467, 40.3564063050405], [115.528836366641, 40.35640330973268], [115.52883440879704, 40.35649337243349], [115.52871668170192, 40.356491874595164], [115.52871080764744, 40.35676206267449], [115.52859308009155, 40.356760564702164], [115.5285911218992, 40.35685062738755], [115.52835566650083, 40.35684763107405], [115.52835174946344, 40.35702775642142], [115.5284694774713, 40.35702925464754], [115.5284675190959, 40.35711931732375], [115.5285852472691, 40.357120815434826], [115.5285754560423, 40.357571128817256], [115.52869318500706, 40.35757262683225], [115.52868731063461, 40.35784281485809], [115.52880504007784, 40.35784431276753], [115.52879329203373, 40.35838468880753], [115.52891102242506, 40.35838618662561], [115.5289071066528, 40.35856631196988], [115.52867164525274, 40.35856331619496], [115.52866772881895, 40.35874344151432], [115.52878545982767, 40.35874493947116], [115.52878154367163, 40.358925064794036], [115.52901700634179, 40.358928060367305], [115.52901504856362, 40.359018123036], [115.52913278006851, 40.35901962064768], [115.52912690715073, 40.359289808659085], [115.52889144321048, 40.359286813287504]], [[115.52834587384112, 40.35729794443133], [115.52846360231858, 40.35729944267169], [115.52846556071167, 40.357209379998466], [115.52834783239075, 40.35720788176285], [115.52834587384112, 40.35729794443133]], [[115.53089051255117, 40.35399705891875], [115.53112595830248, 40.354000049898296], [115.53112986753946, 40.353819924232], [115.53101214497242, 40.35381842881158], [115.53101605448718, 40.353638303148806], [115.53089833224199, 40.353636807618074], [115.53089051255117, 40.35399705891875]], [[115.53078061000562, 40.35363531196756], [115.53089833224199, 40.353636807618074], [115.53090028714266, 40.35354674478918], [115.5307825650628, 40.35354524914341], [115.53078061000562, 40.35363531196756]], [[115.53257378160784, 40.352396853482254], [115.53280922197152, 40.35239984093793], [115.53281117424466, 40.35230977801257], [115.532575734194, 40.352306790566345], [115.53257378160784, 40.352396853482254]], [[115.53351944593336, 40.35222867452159], [115.53363716586824, 40.35223016734173], [115.53363911702826, 40.3521401043803], [115.53375683681541, 40.35214159707594], [115.53375878781013, 40.35205153410831], [115.53399422709786, 40.35205451913083], [115.53399617777079, 40.35196445615228], [115.5342316167807, 40.35196744068629], [115.5342335671318, 40.3518773776968], [115.53435128649346, 40.351878869779426], [115.5343532366793, 40.351788806783745], [115.534588675116, 40.35179179058026], [115.53458477536157, 40.35197191658903], [115.53470249490613, 40.35197340831709], [115.53469859542949, 40.35215353432937], [115.53493403517099, 40.352156517445046], [115.53493598460068, 40.35206645443021], [115.5350537043281, 40.352067945803675], [115.53505760284813, 40.3518878197601], [115.53517532227136, 40.35188931100437], [115.53517727136168, 40.35179924797564], [115.53529499063717, 40.35180073909541], [115.5352969395622, 40.35171067606048], [115.53541465869, 40.35171216705577], [115.53541660744975, 40.351622104014616], [115.53553432642983, 40.35162359488543], [115.53553627502427, 40.35153353183809], [115.53565399385666, 40.351535022584414], [115.53566178752057, 40.351174770361325], [115.53577950573575, 40.35117626096901], [115.53578340220199, 40.35099613483911], [115.53590112011295, 40.3509976253176], [115.53590696427692, 40.35072743609748], [115.53602468172721, 40.35072892644206], [115.53603052534261, 40.35045873719441], [115.53614824233222, 40.35046022740507], [115.53616187603188, 40.34982978574226], [115.53627959193487, 40.349831275800156], [115.5362834868856, 40.34965114958797], [115.5361657712956, 40.349649659539516], [115.53616771891426, 40.34955959643592], [115.53605000348952, 40.34955810627241], [115.53605195125589, 40.349468043172045], [115.53593423599641, 40.3494665528935], [115.53593228807355, 40.349556615989144], [115.5358145726664, 40.34955512558612], [115.53581067648138, 40.34973525176354], [115.53569296077, 40.34973376123133], [115.5356871159571, 40.35000395047216], [115.53556939978509, 40.35000245980604], [115.53556745134006, 40.35009252287863], [115.53521430240728, 40.350088050147555], [115.53520845561107, 40.35035823931394], [115.53509073884825, 40.35035674814991], [115.53508684062719, 40.35053687424397], [115.53496912356019, 40.350535382950746], [115.53496717427998, 40.35062544599082], [115.5348494570653, 40.350623954573116], [115.53484750761977, 40.35071401760699], [115.5347297902574, 40.3507125260648], [115.53472784064661, 40.350802589092474], [115.53461012313652, 40.3508010974258], [115.53460817336045, 40.35089116044726], [115.53449045570265, 40.350889668656094], [115.5344885057613, 40.35097973167136], [115.53437078795582, 40.350978239755705], [115.53436883784917, 40.35106830276477], [115.534251119896, 40.35106681072464], [115.5342472193433, 40.351246936728856], [115.53412950108594, 40.35124544455951], [115.53412560018508, 40.35142557054833], [115.53400788162351, 40.35142407824979], [115.53400398037446, 40.35160420422322], [115.5338862615087, 40.35160271179546], [115.53388235991146, 40.351782837753525], [115.53376464074151, 40.35178134519655], [115.53376073879606, 40.35196147113921], [115.53364301932189, 40.35195997845303], [115.53364106817948, 40.352050041417414], [115.5335233485576, 40.35204854860673], [115.53351944593336, 40.35222867452159]], [[115.53163788199356, 40.352114710230175], [115.53187332127729, 40.352117699573746], [115.53187918174709, 40.35184751089333], [115.5316437434024, 40.351844521578116], [115.53163788199356, 40.352114710230175]], [[115.53571828737867, 40.3485629410333], [115.53630685585209, 40.34857039219021], [115.53630880320888, 40.34848032906408], [115.53642651677345, 40.34848181893148], [115.53643430548682, 40.34812156639324], [115.53631659254815, 40.3481200765447], [115.53632243446039, 40.34784988713957], [115.53596929710528, 40.34784541691786], [115.5359673493406, 40.34793548004024], [115.53584963674999, 40.34793398972212], [115.53584768882004, 40.34802405283831], [115.53572997608177, 40.34802256239572], [115.53572802798654, 40.34811262550569], [115.53561031510058, 40.34811113493865], [115.53560836684011, 40.34820119804242], [115.5353729407816, 40.34819821653962], [115.5353709921994, 40.34828827963248], [115.53548870538073, 40.34828977044846], [115.5354848085029, 40.34846989663915], [115.53572023551781, 40.348472877930746], [115.53571828737867, 40.3485629410333]]]}}, {"type": "Feature", "properties": {"year": 2023, "water_area_km2": 0.0057}, "geometry": {"type": "Polygon", "coordinates": [[[115.53507047401635, 40.345852102820004], [115.53507242283062, 40.34576203970121], [115.5349547140654, 40.345760548538365], [115.53495861198047, 40.34558042230576], [115.53484090353696, 40.34557893103262], [115.534846750813, 40.34530874168674], [115.5347290428476, 40.34530725030801], [115.53473099207848, 40.34521718719448], [115.53461328427835, 40.34521569570073], [115.53461718302663, 40.34503556947863], [115.53473489051387, 40.34503706096293], [115.53473683971838, 40.34494699784495], [115.53485454705795, 40.34494848920479], [115.53485649609722, 40.34485842608059], [115.53520961769937, 40.34486289942756], [115.53520572055074, 40.345043025702786], [115.53532342808194, 40.3450445165884], [115.53531953121103, 40.34522464286713], [115.53543723906391, 40.34522613364244], [115.53543529077173, 40.3453161967843], [115.53555299878985, 40.3453176874446], [115.5355413097909, 40.34585806629286], [115.53507047401635, 40.345852102820004]]]}}, {"type": "Feature", "properties": {"year": 2023, "water_area_km2": 0.0305}, "geometry": {"type": "Polygon", "coordinates": [[[115.53969026857918, 40.34455921526262], [115.5396922111603, 40.3444691519378], [115.53957450439952, 40.34446766551543], [115.53957838984837, 40.344287538870745], [115.53946068340926, 40.344286052338056], [115.53946651198613, 40.344015862374015], [115.5393488060251, 40.344014375735696], [115.53936434976274, 40.343293869137234], [115.53948205447227, 40.3432953557379], [115.53948399724361, 40.34320529240173], [115.53971940637608, 40.343208265234466], [115.5397213488258, 40.343118201887386], [115.53995675768046, 40.3431211742318], [115.53995869980854, 40.34303111087383], [115.54054722131632, 40.34303853961608], [115.54054916265346, 40.342948476233104], [115.54125538781317, 40.34295738674451], [115.54125732820299, 40.34286732333184], [115.54184584862793, 40.34287474544194], [115.5418419694039, 40.34305487231276], [115.54195967382799, 40.343056356384984], [115.54195579488184, 40.343236483259254], [115.54207349962755, 40.34323796722115], [115.54205604534476, 40.34404853812419], [115.54193833919109, 40.344047054120026], [115.54193446005247, 40.34422718096164], [115.54181675359466, 40.34422569682836], [115.54181481385581, 40.344315760242246], [115.54157940065357, 40.344312791607074], [115.54157746059306, 40.34440285501008], [115.54063580688266, 40.34439097564234], [115.54063386556184, 40.34448103900626], [115.540163038291, 40.344475096429925], [115.54016109633565, 40.34456515977355], [115.53969026857918, 40.34455921526262]], [[115.54017274793637, 40.34402477968949], [115.54064357207837, 40.344030722171794], [115.54064745462368, 40.34385059542762], [115.54076516036818, 40.34385208073945], [115.54076710147126, 40.34376201736043], [115.5408848070681, 40.34376350254783], [115.5408906298555, 40.343493312387785], [115.54065521960922, 40.34349034192145], [115.54065716083372, 40.34340027854118], [115.54006863615346, 40.343392850303545], [115.54006669414677, 40.3434829136603], [115.53983128402311, 40.34347994151772], [115.53982739935773, 40.343660068207924], [115.54006281010716, 40.34366304036933], [115.540056983982, 40.34393323042175], [115.54017468983915, 40.34393471633696], [115.54017274793637, 40.34402477968949]]]}}, {"type": "Feature", "properties": {"year": 2023, "water_area_km2": 0.017}, "geometry": {"type": "Polygon", "coordinates": [[[115.53560949115874, 40.342705855591106], [115.53561143903966, 40.342615792401475], [115.53549373571472, 40.342614301882705], [115.53549568374326, 40.3425242386963], [115.53537798058353, 40.34252274806253], [115.53538187692716, 40.3423426216947], [115.53526417408908, 40.34234113095063], [115.5352680707104, 40.34216100458631], [115.53515036819395, 40.34215951373196], [115.53515426509298, 40.34197938737114], [115.53503656289816, 40.34197789640648], [115.53503851149091, 40.341887833228554], [115.53492080946133, 40.34188634214891], [115.5349227582017, 40.34179627897421], [115.5348050563373, 40.34179478777957], [115.53480700522533, 40.34170472460812], [115.53468930352614, 40.34170323329845], [115.5346912525618, 40.34161317013023], [115.53457355102782, 40.34161167870557], [115.53457744938558, 40.341431552374125], [115.53445974817323, 40.34143006083918], [115.53446364680867, 40.341249934511225], [115.5345813477082, 40.34125142603673], [115.5345832968563, 40.341161362865805], [115.53470099760817, 40.34116285426687], [115.5347029465911, 40.341072791089736], [115.53517374906085, 40.341078755477874], [115.5351718007036, 40.341168818673886], [115.53528950149942, 40.34117030947634], [115.53528365684423, 40.341440499069606], [115.53551905940076, 40.34144348034366], [115.53551711147763, 40.341533543547875], [115.53563481292548, 40.34153503401002], [115.53563286514998, 40.34162509721748], [115.53575056676304, 40.34162658756463], [115.53574861913519, 40.34171665077532], [115.53586632091344, 40.34171814100746], [115.53586242594422, 40.34189826743381], [115.53621553227026, 40.3419027374402], [115.53621747929002, 40.34181267421362], [115.53633518125984, 40.34181416397158], [115.53633712811438, 40.3417241007388], [115.53645482993655, 40.34172559037232], [115.53645288323844, 40.34181565360982], [115.53668828722199, 40.34181863252713], [115.5366843944251, 40.34199875901652], [115.53680209674289, 40.34200024830501], [115.53679431166948, 40.34236050128482], [115.53644120286533, 40.34235603300361], [115.53643730933739, 40.34253615945632], [115.5363196061074, 40.34253466978036], [115.53631571223148, 40.34271479621771], [115.53560949115874, 40.342705855591106]], [[115.53621358524173, 40.3419928006653], [115.53633128752442, 40.341994290432694], [115.53633323439652, 40.34190422720288], [115.53621553227026, 40.3419027374402], [115.53621358524173, 40.3419928006653]]]}}, {"type": "Feature", "properties": {"year": 2023, "water_area_km2": 0.0591}, "geometry": {"type": "Polygon", "coordinates": [[[115.5354130464109, 40.34090161053828], [115.53541499442895, 40.340811547328386], [115.53529729425, 40.34081005666453], [115.53530119057255, 40.34062993024971], [115.53424189217293, 40.34061650897255], [115.53424384172872, 40.34052644580539], [115.53400844249391, 40.340523461991886], [115.53401039235375, 40.34043339883268], [115.53389269290594, 40.34043190675108], [115.5338946429134, 40.34034184359513], [115.53377694363078, 40.34034035139852], [115.53377889378585, 40.340250288245805], [115.53366119466845, 40.3402487959342], [115.53366509526502, 40.34006866963375], [115.53378279406961, 40.34007016193589], [115.53378669431817, 40.33989003562006], [115.53390439281874, 40.33989152779305], [115.5339063427734, 40.339801464628174], [115.53402404112637, 40.33980295667672], [115.53403184023153, 40.339442703983515], [115.53414953796765, 40.33944419589345], [115.53415148756557, 40.339354132711705], [115.5343868827514, 40.339357116163015], [115.5343888320277, 40.33926705297035], [115.53450652947738, 40.339268544511725], [115.53450847858852, 40.33917848131285], [115.53462617589061, 40.339179972729774], [115.53463007377366, 40.338999846318124], [115.53474777077173, 40.3390013376059], [115.53474971954367, 40.33891127439314], [115.53486741639415, 40.338912765556486], [115.53487131359886, 40.33873263911705], [115.53498901014532, 40.338734130151245], [115.53499095857812, 40.338644066924594], [115.53510865497695, 40.33864555783435], [115.53511060324455, 40.338555494601486], [115.53534599575582, 40.33855847605244], [115.53534794370184, 40.33846841280866], [115.53546563981426, 40.338469903349846], [115.5354675875951, 40.338379840099854], [115.5355852835599, 40.33838133051662], [115.53558723117555, 40.338291267260445], [115.53570492699276, 40.338292757552786], [115.53570687444324, 40.33820269429039], [115.53582457011281, 40.338204184458306], [115.53582651739814, 40.338114121189705], [115.5359442129201, 40.3381156112332], [115.53594810715155, 40.33793548468212], [115.53606580236952, 40.337936974596474], [115.53606774931569, 40.337846911313996], [115.53618544438608, 40.33784840110392], [115.53618933793926, 40.337668274525065], [115.53630703270564, 40.33766976418586], [115.53631481908111, 40.337309510991496], [115.53643251323072, 40.33731100051373], [115.53643445964624, 40.3372209372067], [115.53666984765901, 40.3372239158826], [115.536671793753, 40.337133852564676], [115.53714256925828, 40.33713980846117], [115.53714062378982, 40.33722987179795], [115.5373760119079, 40.3372328490374], [115.53737406674347, 40.33732291238212], [115.53749176097205, 40.337324400827], [115.537472310409, 40.338225034239656], [115.5373546146165, 40.338223545747674], [115.53734294291921, 40.33876392569574], [115.5372252461971, 40.338762437055784], [115.53722330072712, 40.33885250037054], [115.53710560385741, 40.338851011606145], [115.53710365822224, 40.338941074914736], [115.53627977928517, 40.33893065017908], [115.5362758857989, 40.33911077672577], [115.5361581885302, 40.33910928698955], [115.53615429469599, 40.33928941352087], [115.53603659712329, 40.33928792365551], [115.53603270294116, 40.33946805017147], [115.53591500506442, 40.33946656017695], [115.53590721596916, 40.33982681317219], [115.53602491447153, 40.33982830318558], [115.53602296733216, 40.339918366435384], [115.53614066599972, 40.33991985633377], [115.53612898391756, 40.340460235829774], [115.53601128431156, 40.3404587459031], [115.53600933711068, 40.34054880914253], [115.53589163735705, 40.340547319091414], [115.53588968999102, 40.34063738232464], [115.53565429019727, 40.340634401853826], [115.5356503948132, 40.340814528296946], [115.53553269461669, 40.340813037872515], [115.53553074675506, 40.34090310108714], [115.5354130464109, 40.34090161053828]]]}}, {"type": "Feature", "properties": {"year": 2023, "water_area_km2": 0.0332}, "geometry": {"type": "Polygon", "coordinates": [[[115.54535020989915, 40.33868474508596], [115.54535214455136, 40.33859468144252], [115.54417517646489, 40.33857987120094], [115.54417711267233, 40.3384898076029], [115.54405941606814, 40.338488325925006], [115.5440632887696, 40.33830819873386], [115.54394559248692, 40.33830671694564], [115.54395333841066, 40.33794646256427], [115.54407103406778, 40.33794794433372], [115.54409620532182, 40.33677711736932], [115.5442138989546, 40.33677859895812], [115.5442158349874, 40.33668853533039], [115.54445122196638, 40.33669149813947], [115.5444531576777, 40.336601434500885], [115.54515931788586, 40.3366103200271], [115.54515738311288, 40.33670038369382], [115.54574585097494, 40.33670778503055], [115.54574391697516, 40.33679784871919], [115.54586161073011, 40.33679932863212], [115.54585580914757, 40.33706951970323], [115.54597350338042, 40.33707099951049], [115.54596383468368, 40.33752131795605], [115.5458461396689, 40.337519838125374], [115.54584227181634, 40.33769996548385], [115.54595996714392, 40.3377014453239], [115.54595609956928, 40.337881572685816], [115.54583840392891, 40.3378800928364], [115.54582293203029, 40.33860060218721], [115.54570523514747, 40.33859912218061], [115.54570330096449, 40.33868918583809], [115.54535020989915, 40.33868474508596]]]}}, {"type": "Feature", "properties": {"year": 2023, "water_area_km2": 0.0061}, "geometry": {"type": "Polygon", "coordinates": [[[115.54667000495562, 40.3375301944263], [115.54667193777406, 40.337440130712075], [115.54655424286334, 40.3374386516043], [115.54655617582944, 40.33734858789327], [115.54643848108383, 40.33734710867048], [115.5464423473027, 40.337166981253304], [115.54632465287857, 40.337165501920175], [115.54632658613131, 40.33707543821404], [115.5462088918723, 40.3370739587659], [115.54622242549205, 40.336443512814206], [115.54610473233646, 40.336442033279134], [115.54610666583221, 40.336351969570494], [115.54622435883142, 40.33635344910088], [115.54622822548399, 40.336173321669804], [115.54634591817916, 40.336174801071124], [115.5463497844841, 40.335994673624725], [115.54658516927508, 40.33599763204955], [115.54658130359566, 40.33617775951466], [115.54669899631698, 40.33617923855688], [115.54668546725911, 40.336809684670826], [115.54680316108384, 40.336811163626095], [115.54678770003146, 40.33753167341903], [115.54667000495562, 40.3375301944263]]]}}, {"type": "Feature", "properties": {"year": 2023, "water_area_km2": 0.0185}, "geometry": {"type": "Polygon", "coordinates": [[[115.57512550148029, 40.32797457956345], [115.5751273958235, 40.32788451457372], [115.57500971604064, 40.32788306470145], [115.57501350501408, 40.32770293472672], [115.57489582555242, 40.32770148474395], [115.57490908778459, 40.327071029817894], [115.57502676615202, 40.32707247976853], [115.57503055497168, 40.32689234976717], [115.57514823303505, 40.32689379958896], [115.5751520215079, 40.326713669572484], [115.57526969926717, 40.32671511926543], [115.57527159333445, 40.326625054250385], [115.57538927094596, 40.32662650381908], [115.57539116484838, 40.32653643879796], [115.5755088423121, 40.32653788824239], [115.57551073604971, 40.32644782321521], [115.57609912271484, 40.32645506861946], [115.57609722975882, 40.32654513366958], [115.57621490727377, 40.32654658239603], [115.57621301446552, 40.326636647449256], [115.57633069214532, 40.326638096060606], [115.57632879948486, 40.32672816111694], [115.57644647732951, 40.32672960961321], [115.57644458481683, 40.32681967467264], [115.5766799408444, 40.326822571315354], [115.57667615641866, 40.327002701448116], [115.57679383475788, 40.32700414959915], [115.57679194268854, 40.327094214667895], [115.57690962119261, 40.327095662703826], [115.57690583734096, 40.32727579284605], [115.57702351616618, 40.32727724077148], [115.57702162438389, 40.32736730584496], [115.57690394540232, 40.32736585791493], [115.57690205345517, 40.327455922982345], [115.57619597880716, 40.32744723286166], [115.57619408591356, 40.327537297900065], [115.5759587274532, 40.32753440022664], [115.5759568342384, 40.32762446525441], [115.57583915486471, 40.3276230162336], [115.57583726148505, 40.327713081255304], [115.57571958196357, 40.32771163211024], [115.57571768841905, 40.327801697125864], [115.5756000087498, 40.32780024785653], [115.57559811504042, 40.3278903128661], [115.57548043522337, 40.3278888634725], [115.57547854134913, 40.32797892847601], [115.57512550148029, 40.32797457956345]]]}}, {"type": "Feature", "properties": {"year": 2023, "water_area_km2": 0.0151}, "geometry": {"type": "Polygon", "coordinates": [[[115.57172228101261, 40.327482160250156], [115.57172417984641, 40.32739209538627], [115.57160650109321, 40.32739064206651], [115.57161029904773, 40.32721051234348], [115.57149262061574, 40.32720905891327], [115.57149451973646, 40.32711899405412], [115.57137684146936, 40.32711754050883], [115.57138063999776, 40.32693741079532], [115.57126296205183, 40.326935957139554], [115.57126676085858, 40.32675582742932], [115.57114908323388, 40.3267543736631], [115.57115668136983, 40.32639411424327], [115.5712743583693, 40.32639556799109], [115.57127625772556, 40.32630550312783], [115.57151161143757, 40.32630841025527], [115.57151351047263, 40.32621834538133], [115.57174886390628, 40.32622125202091], [115.57175076262018, 40.32613118713627], [115.57210379236595, 40.32613554618437], [115.57210569060233, 40.32604548128445], [115.57234104349635, 40.32604838670898], [115.5723429414116, 40.3259583217984], [115.57257829402724, 40.32596122673508], [115.5725801916213, 40.32587116181382], [115.57281554395855, 40.32587406626265], [115.57281364667713, 40.32596413119312], [115.57293132301491, 40.32596558324263], [115.57291994008449, 40.32650597282182], [115.57280226280885, 40.32650452074472], [115.57279846811761, 40.32668465058342], [115.5726807905379, 40.32668319837747], [115.57267889302315, 40.32677326328999], [115.57244353757677, 40.32677035850987], [115.57244163974083, 40.32686042341174], [115.57232396187418, 40.32685897083758], [115.57232206387333, 40.32694903573336], [115.57220438585891, 40.326947583034936], [115.57220248769322, 40.32703764792461], [115.57208480953105, 40.32703619510194], [115.57208101286135, 40.3272163248677], [115.57196333439508, 40.32721487191615], [115.57195763885734, 40.32748506653985], [115.57172228101261, 40.327482160250156]]]}}, {"type": "Feature", "properties": {"year": 2023, "water_area_km2": 0.0088}, "geometry": {"type": "Polygon", "coordinates": [[[115.63413868765838, 40.325983900518494], [115.6341405034321, 40.32589383323288], [115.63402282414712, 40.32589244345151], [115.63402464006899, 40.325802376168824], [115.6339069609485, 40.325800986272164], [115.6339087770185, 40.32571091899241], [115.63379109806255, 40.32570952898047], [115.6338001790713, 40.32525919258159], [115.63391785724566, 40.32526058257153], [115.63392148927919, 40.32508044799285], [115.63415684502722, 40.32508322759612], [115.63415866071905, 40.32499316029576], [115.63439401618722, 40.32499593941155], [115.63439583155824, 40.32490587210092], [115.63451350914828, 40.32490726147492], [115.6345153243548, 40.32481719415843], [115.63486835670508, 40.32482136154919], [115.6348556533702, 40.325451832826005], [115.63473797481771, 40.325450443784646], [115.63473252993958, 40.32572064572512], [115.63485020896104, 40.32572203477967], [115.63484839414163, 40.32581210209461], [115.63473071496384, 40.32581071303566], [115.6347288999799, 40.325900780344725], [115.63449354133623, 40.32589800185902], [115.63449172603146, 40.325988069157816], [115.63413868765838, 40.325983900518494]]]}}, {"type": "Feature", "properties": {"year": 2023, "water_area_km2": 0.0888}, "geometry": {"type": "Polygon", "coordinates": [[[115.57772958929672, 40.327285925811026], [115.57774093418392, 40.32674553517416], [115.57785861213097, 40.32674698223443], [115.57787562747933, 40.32593639613799], [115.57622815669245, 40.32591612698199], [115.5762300494324, 40.32582606191691], [115.57611237316792, 40.32582461322717], [115.57611048027167, 40.325914678287646], [115.57422765870078, 40.325891482903934], [115.57422955409795, 40.32580141791687], [115.57411187797872, 40.32579996719285], [115.57411377352366, 40.325709902208914], [115.57399609756928, 40.325708451369806], [115.57399988894612, 40.32552832140664], [115.57423524023822, 40.325531222946815], [115.57423713560122, 40.325441157953826], [115.57517853986104, 40.32545275929131], [115.57518043396507, 40.32536269426012], [115.57553346023457, 40.32536704277349], [115.5755353538611, 40.325276977727064], [115.57577070443755, 40.32527987612849], [115.57577259774295, 40.325189811071404], [115.57624329837304, 40.32519560641998], [115.57624519104469, 40.32510554134306], [115.57648054109836, 40.325108438290215], [115.57648243344889, 40.32501837320265], [115.57683545812449, 40.32502271771218], [115.57683734999758, 40.324932652609384], [115.57707269951136, 40.32493554834161], [115.57707459106331, 40.32484548322817], [115.5771922656767, 40.324846930910205], [115.57719604844239, 40.324666800669696], [115.57731372275171, 40.32466824822292], [115.57731939636741, 40.32439805283733], [115.57720172252698, 40.32439660529786], [115.57720550520737, 40.32421647504256], [115.57708783168808, 40.324215027392604], [115.57709161464693, 40.32403489714056], [115.57697394144877, 40.32403344938011], [115.57697772468609, 40.32385331913129], [115.5767423789405, 40.32385042326977], [115.57674427085895, 40.323760358152306], [115.57650892546006, 40.323757461821316], [115.57651081768257, 40.323667396711556], [115.5760401276124, 40.32366160263205], [115.57604202045154, 40.32357153753915], [115.57592434811161, 40.32357008872472], [115.5759262410985, 40.32348002363492], [115.5761615854743, 40.323482921134946], [115.57616347814006, 40.32339285603448], [115.57639882223742, 40.32339575304672], [115.57640071458209, 40.323305687935616], [115.57651838648728, 40.32330713625767], [115.57652027866712, 40.32321707114049], [115.57687329396502, 40.323221415374974], [115.57687518566745, 40.323131350242576], [115.57711052892948, 40.32313424579147], [115.57710863753962, 40.32322431093305], [115.57746165296548, 40.323228653372745], [115.57746354388648, 40.32313858821742], [115.57816957403072, 40.32314726983871], [115.57815823400321, 40.323687660913286], [115.5782759066615, 40.323689107458854], [115.57827023700155, 40.32395930298989], [115.57838791013724, 40.32396074942954], [115.57838035109648, 40.324321010135186], [115.57849802486585, 40.32432245647349], [115.57849046631394, 40.32468271717377], [115.57860814071705, 40.32468416341074], [115.57860436170255, 40.324864293761145], [115.57872203642678, 40.3248657398876], [115.57871825769078, 40.32504587024124], [115.57883593273614, 40.325047316257184], [115.57883215427869, 40.32522744661407], [115.57894982964517, 40.32522889251951], [115.57894794055996, 40.325318957700304], [115.57906561609126, 40.325320403490664], [115.57906183820789, 40.325500533856975], [115.57917951406036, 40.32550197953682], [115.57917762526218, 40.32559204472233], [115.57929530127944, 40.325593490287076], [115.5792934126291, 40.325683555475685], [115.57941108881116, 40.32568500092536], [115.5794092003086, 40.32577506611706], [115.57952687665552, 40.32577651145164], [115.57952498830072, 40.32586657664643], [115.57964266481245, 40.325868021865936], [115.57964077660546, 40.32595808706381], [115.57975845328204, 40.32595953216822], [115.57975467715514, 40.3261396625687], [115.57987235415284, 40.32614110756259], [115.57987046623292, 40.3262311727652], [115.57998814339545, 40.32623261764398], [115.5799843678427, 40.3264127480539], [115.58010204532637, 40.32641419282216], [115.58009638240232, 40.326684388439624], [115.58021406036346, 40.326685833101955], [115.58021217286141, 40.326775898309386], [115.58009449474396, 40.32677445364248], [115.58009071940168, 40.326954584043776], [115.57997304098011, 40.326953139248054], [115.5799711531399, 40.32704320444191], [115.57973579600967, 40.32704031448231], [115.5797339078483, 40.32713037966553], [115.57938087174787, 40.32712604381491], [115.57937898310901, 40.32721610898293], [115.5790259466163, 40.32721177204155], [115.57902405749996, 40.327301837194355], [115.57772958929672, 40.327285925811026]]]}}, {"type": "Feature", "properties": {"year": 2023, "water_area_km2": 0.0293}, "geometry": {"type": "Polygon", "coordinates": [[[115.54651793499787, 40.328159123962855], [115.54652759681571, 40.327708804675545], [115.54664527482294, 40.327710283517106], [115.54664720700404, 40.327620219650505], [115.54676488486363, 40.327621698367714], [115.54676681687972, 40.32753163449495], [115.54688449459174, 40.32753311308782], [115.54688642644278, 40.32744304920891], [115.54700410400719, 40.327444527677414], [115.54700603569322, 40.327354463792325], [115.54712371311001, 40.3273559421365], [115.54712564463102, 40.32726587824525], [115.54724332190023, 40.32726735646508], [115.54724525325621, 40.32717729256767], [115.5473629303778, 40.327178770663146], [115.54736679275102, 40.32699864285452], [115.54748446956872, 40.32700012082098], [115.54748640058595, 40.32691005690978], [115.54760407725605, 40.326911534751886], [115.54760793895177, 40.326731406915634], [115.54772561531797, 40.32673288462875], [115.54772947666623, 40.32655275677722], [115.54784715272854, 40.3265542343613], [115.54785294421673, 40.326284042558854], [115.54797061981878, 40.32628552000925], [115.54797834105598, 40.325925264233156], [115.54809601604154, 40.325926741545196], [115.54809987629528, 40.3257466136389], [115.54821755097696, 40.32574809082191], [115.54822334082338, 40.32547789893732], [115.54834101504488, 40.32547937598665], [115.54834294481998, 40.325389312017485], [115.54846061889386, 40.325390788942485], [115.54846254850398, 40.32530072496714], [115.54858022243026, 40.325302201767805], [115.54858215187538, 40.32521213778632], [115.54869982565407, 40.32521361446266], [115.54870175493419, 40.32512355047502], [115.5488194285653, 40.32512502702703], [115.54882135768041, 40.325034963033225], [115.54893903116391, 40.325036439460895], [115.54894096011404, 40.32494637546095], [115.54905863344996, 40.32494785176429], [115.54906056223508, 40.32485778775817], [115.54929590862041, 40.324860739996566], [115.54929783708427, 40.32477067597961], [115.54953318319181, 40.32477362773003], [115.54953511133435, 40.32468356370226], [115.5497704571641, 40.32468651496472], [115.54977238498539, 40.32459645092613], [115.549890057757, 40.32459792637321], [115.54989198541331, 40.32450786232845], [115.55000965803733, 40.32450933765122], [115.55001158552865, 40.3244192736003], [115.55012925800506, 40.32442074879874], [115.5501311853314, 40.324330684741675], [115.55024885766024, 40.32433215981579], [115.55025078482157, 40.32424209575258], [115.5503684570028, 40.324243570702365], [115.55037038399918, 40.324153506632996], [115.55060572807514, 40.32415645616429], [115.55060765475025, 40.324066392084106], [115.55084299854838, 40.32406934112744], [115.55084492490224, 40.32397927703644], [115.55108026842254, 40.32398222559184], [115.55108219445513, 40.32389216149001], [115.55119986607204, 40.32389363558357], [115.55120179193965, 40.32380357147561], [115.55143713488694, 40.32380651929442], [115.5514390604333, 40.32371645517565], [115.55167440310272, 40.32371940250654], [115.55167632832784, 40.32362933837694], [115.5517939995193, 40.323630811858244], [115.55179592457945, 40.32354074772251], [115.5519135956233, 40.32354222107949], [115.55191552051849, 40.32345215693762], [115.55226853323333, 40.32345657627669], [115.55227045765096, 40.32336651211933], [115.55250579919168, 40.323369457737805], [115.55250772328809, 40.323279393569656], [115.55262539391516, 40.32328086619475], [115.55262731784661, 40.323190802020456], [115.5527449883261, 40.32319227452124], [115.55274691209259, 40.32310221034079], [115.55286458242446, 40.32310368271727], [115.55286650602599, 40.32301361853068], [115.55298417621027, 40.32301509078286], [115.55298609964684, 40.32292502659012], [115.55310376968352, 40.32292649871799], [115.55310569295513, 40.32283643451911], [115.55322336284422, 40.322837906522665], [115.55322528595089, 40.32274784231764], [115.5534606254425, 40.3227507859565], [115.553452934214, 40.32311104280497], [115.55333526383876, 40.32310957102672], [115.55333334085367, 40.32319963523047], [115.5532156703308, 40.32319816332792], [115.55321374718076, 40.32328822752552], [115.5530960765103, 40.32328675549867], [115.55309222987164, 40.323466883880116], [115.55297455889729, 40.32346541172429], [115.55297263540865, 40.32355547590813], [115.5527372931734, 40.32355253122821], [115.55273536936353, 40.323642595401246], [115.55261769810262, 40.32364112287715], [115.5526157741278, 40.32373118704405], [115.55238043131946, 40.32372824162757], [115.55237850702339, 40.323818305783654], [115.55226083547593, 40.32381683289128], [115.55225891101492, 40.323906897041226], [115.55214123931985, 40.32390542402453], [115.55213931469385, 40.32399548816833], [115.55190397101723, 40.32399254176667], [115.55190204606998, 40.324082605899655], [115.5516667021155, 40.32407965901007], [115.55166477684698, 40.32416972313223], [115.55142943261465, 40.3241667757547], [115.55142750702487, 40.32425683986607], [115.55119216251474, 40.3242538920006], [115.55119023660369, 40.32434395610113], [115.55095489181569, 40.32434100774772], [115.55095296558339, 40.324431071837445], [115.55071762051756, 40.324428122996075], [115.550715693964, 40.32451818707501], [115.55048034862035, 40.324515237745686], [115.5504784217455, 40.324605301813776], [115.55024307612402, 40.32460235199652], [115.5502411489279, 40.324692416053786], [115.55000580302861, 40.32468946574857], [115.55000387551121, 40.324779529795016], [115.54988620241834, 40.32477805445825], [115.54988427473594, 40.32486811849855], [115.54964892826364, 40.324865167456714], [115.54964700025998, 40.32495523148621], [115.54941165350986, 40.324952279956406], [115.5494077968513, 40.325132407992214], [115.54929012317668, 40.325130932038505], [115.54928819467806, 40.3252209960495], [115.54917052085587, 40.32521951997145], [115.54916666351988, 40.32539964797968], [115.54904898939381, 40.325398171772626], [115.54904706055648, 40.325488235769846], [115.5489293862828, 40.325486759438455], [115.54892552826946, 40.32566688741908], [115.54880785369187, 40.32566541095869], [115.54880399533111, 40.32584553892406], [115.54868632044965, 40.32584406233466], [115.54868439109991, 40.325934126310436], [115.54856671607084, 40.325932649596716], [115.54856285703268, 40.32611277753446], [115.54844518169969, 40.32611130069173], [115.54844132231413, 40.32629142861421], [115.54832364667725, 40.326289951642465], [115.54832171681508, 40.3263800155968], [115.54820404103059, 40.32637853850071], [115.5482001809676, 40.32655866639559], [115.5480825048792, 40.326557189170494], [115.54808057467832, 40.32664725311103], [115.54796289844232, 40.326645775761584], [115.54795903770187, 40.32682590362886], [115.54784136116196, 40.32682442615042], [115.54783750007404, 40.327004554002386], [115.54771982323022, 40.32700307639492], [115.54771789251689, 40.32709314031401], [115.54760021552549, 40.3270916625822], [115.5475963537601, 40.32727179040657], [115.54747867646476, 40.327270312545735], [115.5474767454127, 40.327360376451026], [115.54735906796975, 40.32735889846585], [115.54735713675265, 40.327448962364976], [115.54723945916211, 40.327447484255444], [115.54723752778, 40.32753754814841], [115.54711985004185, 40.327536069914544], [115.54711598693888, 40.32771619768666], [115.54699830889682, 40.327714719323765], [115.54699637717594, 40.32780478320292], [115.54687869898629, 40.32780330471569], [115.54687676710037, 40.32789336858869], [115.54675908876312, 40.3278918899771], [115.54675715671218, 40.32798195384392], [115.54663947822732, 40.32798047510799], [115.54663561378666, 40.328160602827815], [115.54651793499787, 40.328159123962855]]]}}, {"type": "Feature", "properties": {"year": 2023, "water_area_km2": 0.0053}, "geometry": {"type": "Polygon", "coordinates": [[[115.57510064197128, 40.32355994367343], [115.5751025360522, 40.32346987861575], [115.57439650348852, 40.32346117821854], [115.57439839849862, 40.323371113186894], [115.57416305469168, 40.323368212106445], [115.57416495000582, 40.32327814708251], [115.57404727827145, 40.3232766963674], [115.57405106918665, 40.323096566324296], [115.57428641203879, 40.323099467616494], [115.57428830717099, 40.32300940258353], [115.57464132104444, 40.323013753610674], [115.5746394263811, 40.323103818657415], [115.5749924408003, 40.32310816862145], [115.57499054659725, 40.323198233680486], [115.57546123323428, 40.32320403197578], [115.57545933964784, 40.32329409705168], [115.57557701148475, 40.32329554633095], [115.57557511804607, 40.323385611409954], [115.57581046205804, 40.323388509618724], [115.57580667578023, 40.32356863979064], [115.57510064197128, 40.32355994367343]]]}}, {"type": "Feature", "properties": {"year": 2023, "water_area_km2": 0.0113}, "geometry": {"type": "Polygon", "coordinates": [[[115.56967821985097, 40.323943454544526], [115.56968012116404, 40.32385338970573], [115.56956244866102, 40.32385193441159], [115.5695643501218, 40.32376186957591], [115.56944667778362, 40.32376041416672], [115.56945048099203, 40.32358028450016], [115.56933280897502, 40.32357882898053], [115.56933851419217, 40.323308634483396], [115.5692208426526, 40.32330717885794], [115.56922654826143, 40.32303698436128], [115.56934421933215, 40.32303843997292], [115.56934612102835, 40.32294837513313], [115.56946379195135, 40.32294983062051], [115.56946569348268, 40.32285976577464], [115.56981870583432, 40.32286413150504], [115.56982060688821, 40.32277406664386], [115.57017361884822, 40.3227784312836], [115.57017551942467, 40.32268836640712], [115.57041086046162, 40.322691275559485], [115.57040896019772, 40.322781340445175], [115.57064430158151, 40.322784249128155], [115.57063290169353, 40.32332463846638], [115.57051523005964, 40.3233231841571], [115.57051332989202, 40.32341324903701], [115.57039565811043, 40.32341179460347], [115.57039375777795, 40.323501859477304], [115.57027608584862, 40.32350040491951], [115.57027228484539, 40.32368053465351], [115.57015461261207, 40.323679079966865], [115.57015271194129, 40.32376914482704], [115.57003503956025, 40.323767690016126], [115.57003123788043, 40.32394781972284], [115.56967821985097, 40.323943454544526]]]}}, {"type": "Feature", "properties": {"year": 2023, "water_area_km2": 0.014}, "geometry": {"type": "Polygon", "coordinates": [[[115.87992227348026, 40.32547209132903], [115.87992525157036, 40.325291939935276], [115.88004294079605, 40.32529307953941], [115.88004591854653, 40.32511292813263], [115.87992822963359, 40.32511178853572], [115.87992971865512, 40.32502171283376], [115.8798120299053, 40.325020573120746], [115.8798179865498, 40.3246602703128], [115.87970029843218, 40.32465913049452], [115.87970327702686, 40.32447897908905], [115.87982096483174, 40.32448011890012], [115.87982245396266, 40.3243900431916], [115.87994014161787, 40.324391182879346], [115.87994163058569, 40.324301107165766], [115.88017700560356, 40.324303386174954], [115.8801784942519, 40.324213310452706], [115.8804138689839, 40.32421558897588], [115.8804153573128, 40.324125513244965], [115.88053304453248, 40.32412665232338], [115.88053155635995, 40.32421672805791], [115.88064924374271, 40.324217867020245], [115.88064775571985, 40.32430794275692], [115.88100081837753, 40.32431135893651], [115.88099933081705, 40.32440143468254], [115.88111701853941, 40.32440257317328], [115.88111553112859, 40.32449264892147], [115.88158628271059, 40.32449720170179], [115.88158182231433, 40.32476742898088], [115.88169951069573, 40.3247685668875], [115.88169802403995, 40.32485864264791], [115.88158033550219, 40.32485750473767], [115.88157736185775, 40.3250376562469], [115.88134198417684, 40.3250353800529], [115.88134049703181, 40.325125455798144], [115.881105119065, 40.32512317911812], [115.88110363160051, 40.32521325485469], [115.88051518601901, 40.32520756104178], [115.88051667426538, 40.32511748532323], [115.88016360746617, 40.32511406760984], [115.88015914129952, 40.32538429472865], [115.88004145191071, 40.32538315524063], [115.8800399630187, 40.32547323094038], [115.87992227348026, 40.32547209132903]]]}}, {"type": "Feature", "properties": {"year": 2023, "water_area_km2": 0.0069}, "geometry": {"type": "Polygon", "coordinates": [[[115.7750913281474, 40.32287790045673], [115.77509458462583, 40.322697755743256], [115.7748592240398, 40.32269526301052], [115.77485759549158, 40.322785335360095], [115.77426919337339, 40.3227791014141], [115.77427082270327, 40.32268902908428], [115.77415314245802, 40.32268778193998], [115.77415477193686, 40.32259770961263], [115.77356637160247, 40.32259147211571], [115.77356800185568, 40.32250139980663], [115.77345032196718, 40.32250015195216], [115.77345195236933, 40.32241007964559], [115.77333427264453, 40.32240883167539], [115.77333753373945, 40.32222868706574], [115.7739259308737, 40.32223492568047], [115.77392430111155, 40.322324998005776], [115.77439501957659, 40.32232998675914], [115.77439339043244, 40.32242005909877], [115.77451107022341, 40.32242130599187], [115.77451269921124, 40.32233123364827], [115.77510109749458, 40.3223374662988], [115.7750994692884, 40.32242753866211], [115.77521714912345, 40.32242878483712], [115.77521389300175, 40.32260892956725], [115.77533157315678, 40.32261017563046], [115.77532994524127, 40.322700247997275], [115.77544762555998, 40.322701493944756], [115.77544437001954, 40.3228816386819], [115.7750913281474, 40.32287790045673]]]}}, {"type": "Feature", "properties": {"year": 2023, "water_area_km2": 0.0324}, "geometry": {"type": "Polygon", "coordinates": [[[115.58053621782456, 40.32254572050503], [115.58053810461399, 40.322455655218896], [115.58042043398193, 40.32245421101077], [115.58042986858284, 40.32200388458072], [115.58054753843352, 40.32200532876598], [115.58054942517188, 40.32191526347097], [115.5806670948748, 40.321916707532004], [115.5806689814484, 40.32182664223093], [115.58078665100354, 40.321828086167756], [115.58078853741235, 40.32173802086063], [115.58090620681969, 40.32173946467323], [115.58090809306371, 40.32164939936006], [115.5810257623233, 40.32165084304845], [115.58102764840255, 40.32156077772922], [115.58114531751437, 40.321562221293384], [115.58114908933479, 40.32138209064136], [115.58126675814256, 40.321383534076745], [115.58126864388372, 40.32129346874395], [115.58138631254374, 40.32129491205512], [115.58138819812014, 40.32120484671628], [115.58162353515313, 40.321207732970535], [115.58162542040847, 40.32111766762106], [115.58174308878142, 40.32111911056417], [115.58174497387199, 40.321029045208654], [115.58186264209719, 40.32103048802754], [115.581864527023, 40.32094042266598], [115.58209986318634, 40.320943307935686], [115.5821017477911, 40.32085324256351], [115.58221941572927, 40.320854685014325], [115.58222130016924, 40.320764619636115], [115.58233896795964, 40.32076606196273], [115.58234085223485, 40.32067599657846], [115.58245851987748, 40.32067743878087], [115.58246040398792, 40.32058737339054], [115.58269573898612, 40.32059025742729], [115.58269762277553, 40.320500192026365], [115.58316829224877, 40.320505958645896], [115.58317017540462, 40.32041589322525], [115.58340550987964, 40.32041877580803], [115.58340739271446, 40.32032871037677], [115.58364272691095, 40.32033159247186], [115.58364460942475, 40.32024152703001], [115.58376227637945, 40.32024296789353], [115.58376415872848, 40.32015290244563], [115.58388182553543, 40.320154343184946], [115.58388370771969, 40.320064277731], [115.58400137437884, 40.320065718346115], [115.58400513840941, 40.319885587424686], [115.58412280476453, 40.31988702791104], [115.58412468661082, 40.31979696244354], [115.58424235281817, 40.3197984028057], [115.5842442344997, 40.31970833733216], [115.58471489878885, 40.319714097566155], [115.58471301773238, 40.31980416305793], [115.58483068398213, 40.319805602821894], [115.58482504123056, 40.320075799302], [115.58470737451199, 40.32007435952437], [115.58470549342158, 40.320164425010226], [115.58458782655524, 40.320162985108404], [115.58458594530006, 40.32025305058822], [115.58446827828595, 40.32025161056219], [115.58446075255533, 40.320611872448424], [115.58434308492464, 40.32061043228452], [115.58433932169588, 40.32079056320964], [115.58410398583486, 40.32078768250466], [115.5841021038952, 40.32087774795588], [115.58398443582114, 40.32087630741937], [115.58398255371674, 40.320966372864554], [115.58374721728154, 40.32096349142346], [115.5837453348561, 40.32105355685805], [115.58350999814232, 40.32105067492926], [115.58350811539586, 40.321140740353236], [115.58327277840348, 40.32113785793675], [115.58327089533599, 40.32122792335013], [115.58280022082806, 40.32122215706316], [115.58279833712697, 40.3213122224568], [115.58256299961145, 40.32130933858631], [115.5825611155893, 40.32139940396935], [115.58244344668799, 40.32139796185007], [115.58244156250109, 40.32148802722705], [115.58232389345201, 40.32148658498357], [115.58232200910031, 40.32157665035451], [115.58220433990346, 40.321575207986804], [115.582202455387, 40.32166527335171], [115.58208478604237, 40.3216638308598], [115.58208290136113, 40.32175389621865], [115.58196523186872, 40.32175245360253], [115.58196146216817, 40.321932584306666], [115.58184379237171, 40.32193114156175], [115.5818419073524, 40.32202120690703], [115.58160656747243, 40.32201832104913], [115.58160468213205, 40.32210838638382], [115.58148701204854, 40.32210694327082], [115.58148512654338, 40.322197008599424], [115.58124978608932, 40.32219412200537], [115.58124790026311, 40.32228418732336], [115.58113022989252, 40.322282743842294], [115.58112834390154, 40.322372809154245], [115.58089300287337, 40.322369921824], [115.58089111656129, 40.32245998712533], [115.58077344590367, 40.32245854327617], [115.58077155942681, 40.32254860857146], [115.58053621782456, 40.32254572050503]]]}}, {"type": "Feature", "properties": {"year": 2023, "water_area_km2": 0.0214}, "geometry": {"type": "Polygon", "coordinates": [[[115.57696030344782, 40.319078417752195], [115.57696219475784, 40.3189883525517], [115.5768445303281, 40.318986904808604], [115.57684831323509, 40.31880677441232], [115.57661298502619, 40.31880387858554], [115.57662622711945, 40.3181734222161], [115.57674389012587, 40.31817487015722], [115.57674767319183, 40.31799473974346], [115.5768653358943, 40.31799618755579], [115.57686911861362, 40.31781605712694], [115.57698678101212, 40.317817504810485], [115.57698867220273, 40.31772743958925], [115.57710633445353, 40.31772888714856], [115.57710822547936, 40.31763882192128], [115.57722588758244, 40.31764026935638], [115.57722777844351, 40.317550204123044], [115.57734544039889, 40.31755165143393], [115.57734733109518, 40.317461586194526], [115.57746499290282, 40.3174630333812], [115.57746688343437, 40.317372968135736], [115.57758454509428, 40.3173744151982], [115.57758643546104, 40.31728434994667], [115.57793942002324, 40.31728869040259], [115.57794130991275, 40.31719862513583], [115.57817663268433, 40.31720151816581], [115.57817852225287, 40.31711145288841], [115.57841384474605, 40.31711434543074], [115.57841573399358, 40.317024280142704], [115.57865105620836, 40.31702717219735], [115.57865294513488, 40.316937106898685], [115.57900592805224, 40.31694144406973], [115.57900215112814, 40.317121574693026], [115.57888448983468, 40.31712012907982], [115.57888071256403, 40.31730025968806], [115.57876305096661, 40.317298813946074], [115.57876116216225, 40.317388879243396], [115.57864350041712, 40.317387433377206], [115.578641611448, 40.317477498668474], [115.57852394955513, 40.31747605267807], [115.57852206042128, 40.31756611796328], [115.57840439838067, 40.31756467184867], [115.5783987304592, 40.31783486768168], [115.57828106795839, 40.31783342143371], [115.57827728898899, 40.3180135519725], [115.5781596261842, 40.31801210559574], [115.57815584686823, 40.318192236119444], [115.57803818375946, 40.318190789613894], [115.57803440409687, 40.31837092012252], [115.57791674068416, 40.3183694734882], [115.57791485068384, 40.318459538735695], [115.57779718712338, 40.31845809197715], [115.57779529695829, 40.3185481572186], [115.5776776332501, 40.318546710335845], [115.57767574292022, 40.31863677557124], [115.57755807906432, 40.318635328564255], [115.57755429806647, 40.318815459021444], [115.57743663390661, 40.31881401188567], [115.57743474323863, 40.31890407710747], [115.57731707893103, 40.318902629847486], [115.57731518809828, 40.31899269506321], [115.57719752364294, 40.31899124767901], [115.57719563264541, 40.31908131288866], [115.57696030344782, 40.319078417752195]]]}}, {"type": "Feature", "properties": {"year": 2023, "water_area_km2": 0.1096}, "geometry": {"type": "Polygon", "coordinates": [[[115.44717979864399, 40.24038343196682], [115.4471818566708, 40.240293370848946], [115.44694681436881, 40.24029021632262], [115.44694887269755, 40.24020015521324], [115.4468313517161, 40.240198577776134], [115.44683341019116, 40.24010851667027], [115.44671588937457, 40.24010693911889], [115.44671794799596, 40.240016878016505], [115.44660042734425, 40.24001530035084], [115.44660248611197, 40.23992523925197], [115.44648496562513, 40.23992366147202], [115.44649320122559, 40.239563417081584], [115.44637568137044, 40.23956183920233], [115.44638185844013, 40.23929165590883], [115.44626433906106, 40.2392900779253], [115.44626639822131, 40.239200016829464], [115.4461488790071, 40.23919843873164], [115.44615093831369, 40.23910837763932], [115.44603341926437, 40.239106799427226], [115.44603547871726, 40.239016738338414], [115.44591795983278, 40.239015160012045], [115.4459220790219, 40.23883503783992], [115.44580456045793, 40.23883345940427], [115.44580662019415, 40.23874339832096], [115.44568910179505, 40.23874181977104], [115.44569116167757, 40.23865175869124], [115.44557364344335, 40.238650180027044], [115.44557570347219, 40.23856011895074], [115.44545818540283, 40.238558540172264], [115.44546024557796, 40.23846847909948], [115.44534272767348, 40.23846690020673], [115.44535302918784, 40.23801659484539], [115.44547054631438, 40.23801817371315], [115.44547466654394, 40.23783805154817], [115.44559218336859, 40.23783963028665], [115.44559630324984, 40.23765950810567], [115.44571381977264, 40.23766108671489], [115.44571587954374, 40.23757102561717], [115.44583339592023, 40.23757260410211], [115.44583545552649, 40.237482542997896], [115.4463055205029, 40.23748885572496], [115.44630757947755, 40.237398794599265], [115.44642509558926, 40.23740037247786], [115.44642303677021, 40.23749043360855], [115.44736316724267, 40.23750305238354], [115.44736522481708, 40.23741299121288], [115.44771777343057, 40.23741772127055], [115.44771983052897, 40.23732766008343], [115.44807237875916, 40.237332389052696], [115.44807443538154, 40.23724232784908], [115.44830946727018, 40.237245479888934], [115.44831152357213, 40.23715541867386], [115.44854655518668, 40.23715857022665], [115.44854861116822, 40.2370685090001], [115.44878364250867, 40.23707166006583], [115.44878569816977, 40.23698159882782], [115.44984333826024, 40.23699577267488], [115.44984128399936, 40.23708583395779], [115.4507814103985, 40.237098424862545], [115.450779357373, 40.23718848618383], [115.45124942141697, 40.23719477879367], [115.45124736900456, 40.23728484013339], [115.45136488519427, 40.23728641299265], [115.45135872836819, 40.23755659701782], [115.45124121171173, 40.237555024143596], [115.45123710680362, 40.23773514680961], [115.45111958984523, 40.23773357380617], [115.45111548458893, 40.23791369645625], [115.45099796732863, 40.23791212332357], [115.450995914531, 40.23800218464139], [115.45087839712437, 40.23800061138446], [115.45087634416191, 40.23809067269579], [115.45075882660895, 40.23808909931459], [115.45075677348164, 40.23817916061946], [115.45063925578235, 40.238177587114016], [115.45063720249021, 40.238267648412396], [115.45051968464459, 40.23826607478269], [115.4505176311876, 40.238356136074614], [115.45040011319563, 40.23835456232065], [115.45039805957379, 40.23844462360609], [115.4502805414355, 40.23844304972786], [115.45027848764883, 40.238533111006824], [115.45016096936418, 40.23853153700434], [115.45015891541266, 40.23862159827681], [115.4500413969817, 40.23862002415007], [115.45003934286532, 40.23871008541607], [115.44992182428804, 40.238708511165065], [115.4499197700068, 40.2387985724246], [115.44980225128316, 40.23879699804933], [115.44980019683709, 40.23888705930238], [115.44968267796712, 40.23888548480285], [115.44968062335617, 40.23897554604942], [115.44956310433987, 40.23897397142562], [115.4495610495641, 40.23906403266571], [115.44944353040147, 40.239062457917655], [115.44944147546082, 40.239152519151254], [115.44920643685215, 40.23914936928735], [115.44920438159104, 40.23923943050948], [115.44908686214501, 40.23923785539361], [115.44908480671906, 40.23932791660928], [115.44896728712669, 40.23932634136914], [115.44896523153588, 40.239416402578314], [115.44873019206776, 40.23941325173024], [115.44872813615648, 40.239503312927944], [115.4486106162807, 40.23950173731999], [115.44860856020456, 40.23959179851121], [115.44849104018247, 40.239590222779], [115.44848898394146, 40.23968028396374], [115.44837146377303, 40.239678708107256], [115.44836940736715, 40.239768769285504], [115.4482518870524, 40.23976719330476], [115.44824983048164, 40.239857254476526], [115.44813231002055, 40.239855678371505], [115.44813025328493, 40.23994573953678], [115.44801273267754, 40.23994416330748], [115.44801067577703, 40.24003422446627], [115.4478931550233, 40.240032648112695], [115.4478910979579, 40.24012270926503], [115.44777357705784, 40.24012113278719], [115.4477715198276, 40.240211193933], [115.44753647774407, 40.24020804060949], [115.44753442019335, 40.24029810174383], [115.4472993778357, 40.24029494793319], [115.4472973199645, 40.24038500905606], [115.44717979864399, 40.24038343196682]]]}}, {"type": "Feature", "properties": {"year": 2023, "water_area_km2": 77.1198}, "geometry": {"type": "Polygon", "coordinates": [[[115.75039600503965, 40.39819832530825], [115.75039767052812, 40.398108254969145], [115.75027986013637, 40.39810698158539], [115.75028152577426, 40.39801691124885], [115.75004590532713, 40.39801436412943], [115.75004757127134, 40.39792429379948], [115.74992976121597, 40.3979230200638], [115.74993142730959, 40.39783294973642], [115.74969580753525, 40.397830401913154], [115.74969414112782, 40.39792047223248], [115.74934071105197, 40.39791664958555], [115.74933904416626, 40.39800671989131], [115.74910342383946, 40.39800417085198], [115.749105091039, 40.39791410055428], [115.74898728104382, 40.39791282585865], [115.74899228306805, 40.39764261496886], [115.74887447355114, 40.39764134016535], [115.74887780851019, 40.397461199572916], [115.74875999931461, 40.397459924657475], [115.74876166693976, 40.39736985436309], [115.74864385790863, 40.39736857933168], [115.74864552568319, 40.39727850903988], [115.74852771681647, 40.39727723389252], [115.74852604888503, 40.39736730418029], [115.74840823986895, 40.39736602890892], [115.74840990795731, 40.39727595862517], [115.7482920991057, 40.39727468323784], [115.74829376734344, 40.397184612956664], [115.74817595865623, 40.39718333745337], [115.74817762704338, 40.39709326717477], [115.74805981852062, 40.39709199155552], [115.74806148705711, 40.3970019212795], [115.74817929542297, 40.39700319689471], [115.74818430051658, 40.39673298604571], [115.74806649262148, 40.3967317104426], [115.74807149811808, 40.396461499592554], [115.74795369070121, 40.396460223881576], [115.74795535934193, 40.396370153599335], [115.7478375520895, 40.39636887777239], [115.74784255843717, 40.39609866692898], [115.7479603652189, 40.396099942743795], [115.74796370243256, 40.39591980216613], [115.748081508908, 40.39592107785288], [115.74808317734664, 40.3958310075578], [115.74820098367272, 40.39583228312055], [115.74819931539098, 40.395922353419664], [115.74831712188148, 40.39592362886645], [115.74831545374913, 40.39601369916813], [115.74843326040406, 40.39601497449897], [115.74843159242106, 40.396105044803214], [115.74866720606732, 40.396107595113], [115.74866553839063, 40.396197665423855], [115.74878334538192, 40.3961989404028], [115.74878501290173, 40.396108870087915], [115.74890281974366, 40.39611014494284], [115.74890448709904, 40.39602007462247], [115.74878668041401, 40.396018799771575], [115.74878834791876, 40.39592872945374], [115.74855273488507, 40.395926179400064], [115.74855440269609, 40.39583610908885], [115.74831879000631, 40.395833558563304], [115.74832045812363, 40.395743488258695], [115.74820265194694, 40.39574221281998], [115.74820432021362, 40.39565214251793], [115.74808651420133, 40.39565086696327], [115.7480881826174, 40.39556079666381], [115.74785257092921, 40.3955582452026], [115.74785423965156, 40.395468174909745], [115.74773643397565, 40.3954668990032], [115.74773476509645, 40.395556969292016], [115.74761695927118, 40.39555569326144], [115.74761862830731, 40.39546562297669], [115.74738301699318, 40.39546307056367], [115.74737967828582, 40.39564321111562], [115.74726187232626, 40.395641934721056], [115.74725853327497, 40.39582207525906], [115.74737633954834, 40.3958233516617], [115.74737467016828, 40.39591342193255], [115.74749247660607, 40.39591469821923], [115.74749080737541, 40.396004768492666], [115.74725519419356, 40.39600221579122], [115.74725686373803, 40.39591214552587], [115.74713905731531, 40.395910868999216], [115.74713738761392, 40.396000939260524], [115.74701958104184, 40.39599966260984], [115.74702125090012, 40.395909592352574], [115.74690344449246, 40.395908315585956], [115.74690678450023, 40.3957281750751], [115.7467889784139, 40.395726898196585], [115.74679064856338, 40.395636827943], [115.74655503672716, 40.39563427383406], [115.7465583776311, 40.39545413333868], [115.74644057203807, 40.39545285611233], [115.74644224263564, 40.39536278586647], [115.74632443720705, 40.39536150852416], [115.74632610795398, 40.3952714382809], [115.7459726921842, 40.39526760554622], [115.74597436339425, 40.39517753531362], [115.74573875323254, 40.39517497956534], [115.74574042474886, 40.39508490933936], [115.74562261983621, 40.395083631289296], [115.74562429150188, 40.394993561065895], [115.74538868201302, 40.39499100461391], [115.7453920259493, 40.39481086417888], [115.74527422152995, 40.394809585781005], [115.74527756574984, 40.3946294453482], [115.74515976165185, 40.394628166838444], [115.74516310615532, 40.39444802640788], [115.74504530237864, 40.39444674778622], [115.74504864716572, 40.394266607357885], [115.74493084371038, 40.39426532862435], [115.74493418878106, 40.39408518819825], [115.744816385647, 40.39408390935283], [115.74481805832791, 40.393993839141636], [115.74470025535832, 40.39399256018028], [115.74470192818853, 40.39390248997165], [115.74458412538338, 40.39390121089438], [115.74458914429945, 40.39363100027187], [115.7444713419725, 40.393629721086754], [115.74446966885115, 40.39371979129168], [115.74435186637483, 40.393718511982534], [115.74435521292378, 40.39353837157933], [115.7442374107688, 40.393537092158304], [115.74423908418882, 40.393447021958565], [115.74400348021527, 40.393444462764705], [115.74400682766019, 40.39326432237699], [115.74412462932943, 40.39326560202582], [115.74413132350111, 40.39290532121663], [115.7440135224594, 40.39290404158402], [115.74401686981369, 40.392723901178734], [115.74389906909327, 40.39272262143424], [115.74390074291595, 40.392632551233454], [115.74378294235997, 40.39263127137304], [115.74378629029644, 40.39245113097516], [115.74390409053868, 40.39245241082747], [115.7439074381312, 40.39227227041564], [115.74378963820271, 40.39227099057142], [115.74379466000545, 40.392000779954834], [115.74391245946333, 40.3920020597869], [115.7439141332256, 40.391911989574396], [115.7437963339246, 40.39191070974637], [115.74380135563669, 40.391640499112206], [115.7439191544671, 40.39164177892807], [115.74392584935003, 40.3912814980458], [115.74404364756053, 40.39128277772551], [115.74404699464297, 40.39110263726748], [115.74392919674621, 40.391101357595886], [115.74393589144789, 40.39074107667846], [115.7440536887172, 40.39074235633387], [115.74405536221688, 40.39065228609679], [115.74393756510442, 40.39065100644544], [115.7439392387534, 40.39056093621095], [115.74405703570902, 40.39056221585826], [115.74405870919358, 40.390472145618254], [115.74441209963514, 40.39047598382827], [115.74441377264161, 40.39038591357467], [115.7445315693137, 40.39038719273403], [115.74453324215574, 40.39029712247491], [115.74476883520884, 40.39029968042567], [115.74477218024289, 40.39011953988683], [115.74465438402626, 40.390118260979534], [115.74465605668883, 40.39002819071198], [115.74442046459194, 40.39002563254559], [115.74442213756065, 40.38993556228465], [115.74406874994251, 40.38993172414751], [115.74406707650323, 40.390021794396304], [115.74394928048876, 40.39002051477329], [115.74395095408488, 40.38993044452855], [115.74383315823482, 40.38992916478963], [115.74383985317121, 40.38956888381222], [115.74372205795613, 40.38956760396953], [115.74372540569273, 40.38938746348015], [115.74360761079888, 40.389386183525616], [115.74360928481269, 40.38929611328275], [115.74349149008324, 40.389294833212304], [115.74349316424633, 40.38920476297206], [115.7433753696813, 40.389203482785696], [115.7433770439937, 40.389113412548035], [115.7434948384019, 40.38911469273033], [115.74349986082322, 40.388844481996365], [115.74338206688557, 40.38884320182621], [115.74338708970946, 40.38857299109124], [115.74362267665127, 40.388575551287275], [115.7436260245354, 40.38839541077374], [115.74339043822094, 40.38839285059392], [115.74339211246536, 40.38830278034306], [115.74327431947631, 40.388301500077255], [115.74327766825616, 40.38812135957925], [115.74315987558833, 40.388120079201606], [115.74316155012376, 40.388030008954466], [115.74327934263474, 40.38803128932805], [115.74328269136923, 40.387851148821255], [115.74316489917196, 40.38784986845576], [115.74316657368472, 40.38775979820423], [115.74340215777319, 40.38776235880715], [115.74340718032512, 40.387492148019426], [115.7432893887476, 40.38749086779009], [115.74329106307331, 40.38740079752862], [115.74317327166018, 40.38739951718339], [115.74317494613516, 40.387309446924526], [115.74305715488643, 40.38730816646339], [115.74305548025461, 40.38739823671821], [115.7429376888566, 40.38739695613308], [115.74294606272427, 40.386946604864605], [115.74306385333814, 40.38694788542948], [115.7430605041274, 40.38712802594937], [115.74341387695524, 40.38713186694861], [115.74341052865529, 40.38731200748694], [115.74352831992668, 40.38731328758823], [115.74352497191018, 40.387493428128806], [115.74364276350279, 40.387494708118254], [115.7436528065207, 40.386954286454625], [115.74353501586907, 40.386953006489485], [115.74353836379494, 40.38677286593133], [115.74342057346453, 40.38677158585435], [115.743417225225, 40.386951726404405], [115.7432994345885, 40.38695044619937], [115.74330110886886, 40.38686037592914], [115.74306552793216, 40.38685781516734], [115.74307055166892, 40.386587604372124], [115.74295276168239, 40.386586323823465], [115.74295108695419, 40.386676394085946], [115.7428332968184, 40.38667511341328], [115.74283162192582, 40.38676518367025], [115.74271383164074, 40.38676390287359], [115.74271718173199, 40.3865837623663], [115.74259939176812, 40.38658248145781], [115.74259771656946, 40.38667255170813], [115.74247992645633, 40.38667127067564], [115.74248327715976, 40.386491130181625], [115.74236548736786, 40.38648984903729], [115.7423705138368, 40.386219638297455], [115.74260609248725, 40.38622220044185], [115.74261111794722, 40.3859519896645], [115.74272890681331, 40.385953270544626], [115.74272723182436, 40.38604334080926], [115.74284502085484, 40.3860446215735], [115.74284669568696, 40.38595455130481], [115.74296448456816, 40.38595583194505], [115.74297118319379, 40.38559555083943], [115.74285339493987, 40.38559427021541], [115.74285172013799, 40.38568434048997], [115.74273393173479, 40.38568305974194], [115.7427305817947, 40.38586320027852], [115.74249500438371, 40.38586063840645], [115.74250003022345, 40.38559042762367], [115.7426178184547, 40.385591708607514], [115.74262284375595, 40.38532149779941], [115.7427406315243, 40.385322778651165], [115.74274398137372, 40.385142638097], [115.74286176883598, 40.3851439188207], [115.74286679308297, 40.38487370796629], [115.74298458008235, 40.3848749885579], [115.74298625465943, 40.384784918266114], [115.7433396152325, 40.38478875930916], [115.74334128933158, 40.384698689003756], [115.74345907604756, 40.38469996910751], [115.74345572815548, 40.38488010972496], [115.74357351519264, 40.384881389716874], [115.74357184139208, 40.384971460027444], [115.74392520301932, 40.384975299295725], [115.74392352968165, 40.385065369616974], [115.7441591044512, 40.38506792853757], [115.74416077747523, 40.38497785820821], [115.7442785647145, 40.38497913748455], [115.74428191042631, 40.384798996813345], [115.74439969735951, 40.38480027596165], [115.74440137004726, 40.3847102056198], [115.74428358327087, 40.384708926475554], [115.74428692893738, 40.384528785795546], [115.74416914248215, 40.38452750653945], [115.74417081546089, 40.38443743620131], [115.74405302917003, 40.384436156829324], [115.74405135603449, 40.38452622716343], [115.74381578316182, 40.38452366805154], [115.743817456611, 40.38443359772555], [115.74369967034279, 40.38443231799374], [115.74369464950217, 40.384702528955216], [115.74357686277109, 40.38470124909132], [115.74358021031932, 40.384521108459914], [115.74346242390942, 40.3845198284842], [115.74346577174107, 40.384339687855054], [115.74334798565235, 40.38433840776749], [115.74335133376741, 40.384158267140556], [115.74323354799984, 40.38415698694117], [115.74324191893933, 40.38370663536848], [115.74335970392288, 40.383707915547625], [115.74337979152561, 40.38262707157513], [115.74349757463507, 40.38262835158571], [115.7435042696338, 40.382268070198464], [115.74373983462107, 40.38227062982747], [115.74374150803828, 40.382180559468885], [115.74362372569765, 40.38217927971839], [115.74362539926409, 40.38208920936241], [115.74374318144791, 40.38209048910884], [115.7437482016316, 40.381820278019944], [115.74363041991816, 40.38181899828565], [115.74363209345441, 40.381728927923824], [115.7435143119053, 40.38172764807365], [115.74351598559078, 40.381637577714386], [115.7436337669831, 40.381638857560496], [115.74363544050425, 40.381548787195726], [115.74375322174734, 40.38155006691785], [115.74375489510415, 40.38145999654757], [115.74363711401786, 40.38145871682949], [115.74363878752389, 40.381368646461766], [115.7437565684534, 40.38136992617581], [115.7437582417951, 40.38127985580259], [115.7439938033632, 40.38128241486279], [115.74399714939682, 40.38110227409575], [115.74387936892258, 40.381100994633705], [115.74388104208485, 40.381010924252045], [115.74399882240232, 40.38101220371004], [115.74400049540026, 40.38092213332286], [115.7441182755685, 40.380923412656884], [115.74412162122816, 40.38074327187003], [115.74423940109038, 40.38074455107603], [115.74424107375211, 40.38065448067636], [115.74435885346509, 40.38065575975839], [115.74436888833635, 40.38011533730531], [115.74401555204206, 40.38011149977232], [115.74401722496451, 40.38002142937049], [115.74354611063825, 40.380016310997156], [115.74354778418027, 40.37992624061006], [115.743312227376, 40.379923680712], [115.74331557506444, 40.37974353994962], [115.74343335314927, 40.379744819950496], [115.74343502682541, 40.379654749563066], [115.74367058270414, 40.379657309197], [115.74367225605917, 40.37956723879999], [115.74390781165458, 40.37956979794615], [115.74390613861308, 40.37965986835126], [115.74414169455221, 40.37966242702588], [115.74414002181673, 40.37975249743761], [115.74425779995438, 40.37975377659908], [115.74425278217295, 40.380023987837646], [115.74437056078848, 40.380025266891344], [115.74437223323307, 40.379935196475905], [115.74449001169937, 40.37993647540565], [115.74449670077514, 40.379576193713056], [115.74461447862191, 40.37957747250668], [115.74461782280099, 40.37939733164351], [115.74473560034173, 40.37939861030914], [115.74474061608346, 40.37912839899124], [115.74485839316144, 40.37912967752481], [115.7448600649035, 40.37903960707854], [115.74497784183225, 40.37904088548815], [115.74498954271807, 40.37841039229492], [115.74510731855699, 40.378411670556304], [115.74511233263894, 40.37814145915366], [115.74523010801515, 40.378142737283], [115.74523177920393, 40.378052666808486], [115.74534955443092, 40.378053944813864], [115.74535289647238, 40.37787380385234], [115.74523512155893, 40.377872525855054], [115.7452334503852, 40.377962596332495], [115.74511567532252, 40.37796131821125], [115.74511400398451, 40.3780513886832], [115.7449962287726, 40.378050110438], [115.74499455727027, 40.37814018090444], [115.74487678190918, 40.37813890253527], [115.74487511024255, 40.37822897299619], [115.74452178373419, 40.37822513715712], [115.74452011158972, 40.378315207604444], [115.74440233594525, 40.37831392874756], [115.74439564666493, 40.378674210505984], [115.74427787040096, 40.378672931512995], [115.74427619790525, 40.37876300194488], [115.74415842149205, 40.37876172282794], [115.74415674883203, 40.378851793254334], [115.74380341916743, 40.378847955171864], [115.74380509229778, 40.37875788475762], [115.74368731591476, 40.37875660516104], [115.74368564262768, 40.37884667557121], [115.74345008957079, 40.378844116010185], [115.74345176317141, 40.37875404560809], [115.74321621045827, 40.37875148557551], [115.74321955826392, 40.37857134478314], [115.74310178223219, 40.378570064595074], [115.74311182640845, 40.37802964220712], [115.74299405132487, 40.378028361923455], [115.74299572548456, 40.37793829152439], [115.7426424007494, 40.37793444996611], [115.74264407537181, 40.37784437957774], [115.74252630063197, 40.377843098822545], [115.74253132492417, 40.37757288766078], [115.74241355066215, 40.37757160679784], [115.74241690046601, 40.377391466024115], [115.74253467441453, 40.377392746878954], [115.74253802387469, 40.377212606091256], [115.74265579751723, 40.37721388681808], [115.74266082118051, 40.37694367561339], [115.74313191394528, 40.37694879727299], [115.74313358785757, 40.37685872685229], [115.7432513609109, 40.376860006963376], [115.74326307698836, 40.3762295139491], [115.74338084895201, 40.376230793911915], [115.74338419602125, 40.37605065302943], [115.74350196767895, 40.37605193286425], [115.7435036410455, 40.375961862416744], [115.74362141255402, 40.37596314212762], [115.74362308575628, 40.3758730716746], [115.74397639985683, 40.37587691007566], [115.74397807258131, 40.37578683960904], [115.74409584380653, 40.37578811883222], [115.74409751636671, 40.37569804836008], [115.74421528744273, 40.3756993274593], [115.74421695983864, 40.375609256981654], [115.74433473076546, 40.37561053595694], [115.74433640299709, 40.37552046547378], [115.74468971535256, 40.37552430166807], [115.74468804359117, 40.37561437216338], [115.74515912746439, 40.37561948542671], [115.7451624697257, 40.37543934440228], [115.7453980110806, 40.37544190029838], [115.74539634026718, 40.37553197081941], [115.74527856942922, 40.37553069292728], [115.7452752274663, 40.37571083395686], [115.74539299861773, 40.37571211185709], [115.74538965693813, 40.37589225288892], [115.7455074284106, 40.37589353067734], [115.74550408701434, 40.37607367171141], [115.74562185880784, 40.376074949388], [115.74562018825513, 40.37616501990687], [115.74585573217821, 40.376167574908465], [115.74585740241743, 40.376077504381506], [115.74609294605716, 40.37608005889541], [115.74609461597532, 40.375989988358896], [115.74621238764973, 40.37599126543195], [115.74621405740363, 40.375901194889934], [115.74586074287322, 40.37589736332319], [115.74586241308981, 40.375807292791826], [115.74550909909743, 40.37580346015811], [115.74551411111267, 40.37553324859166], [115.7456318819657, 40.375534526244], [115.74563355246562, 40.37544445571487], [115.74575132316946, 40.375445733243275], [115.7457529935051, 40.375355662708635], [115.74587076405972, 40.375356940113086], [115.74587243423109, 40.375266869572954], [115.74610797504947, 40.3752694240141], [115.74610964489983, 40.37517935346442], [115.7462274151636, 40.3751806305011], [115.74622908484967, 40.375090559945896], [115.74634685496422, 40.375091836858644], [115.74634852448605, 40.37500176629795], [115.74646629445137, 40.37500304308675], [115.74646963315895, 40.37482290195286], [115.74658740281836, 40.37482417861369], [115.74658907200411, 40.37473410804051], [115.7467068415143, 40.374735384577406], [115.74670851053581, 40.37464531399873], [115.7469440492653, 40.37464786670475], [115.74694738665875, 40.37446772552683], [115.74706515572133, 40.37446900169192], [115.74706682425004, 40.374378931096736], [115.74718459316341, 40.37438020713789], [115.74718626152784, 40.37429013653719], [115.74730403029201, 40.37429141245441], [115.74730736668486, 40.37411127124057], [115.74742513514309, 40.374112547029824], [115.74743180721154, 40.373752264568374], [115.74754957505037, 40.373753540221585], [115.747552910726, 40.37357339897401], [115.74767067825891, 40.37357467449927], [115.74767401359098, 40.37339453323775], [115.74779178081798, 40.373395808635024], [115.7477951158065, 40.373215667359595], [115.74791288272755, 40.37321694262892], [115.74791955198745, 40.37285666004431], [115.74780178569327, 40.37285538479113], [115.74780345314613, 40.37276531414536], [115.7475679208938, 40.37276276328741], [115.74757625961256, 40.37231241007693], [115.74769402495137, 40.37231368554567], [115.74769569251583, 40.37222361489515], [115.74781345770546, 40.37222489023997], [115.7478167924984, 40.37204474892644], [115.74793455738211, 40.3720460241433], [115.74793789183151, 40.37186588281586], [115.74805565640933, 40.37186715790476], [115.74805732346603, 40.371777087234804], [115.74817508789467, 40.37177836219979], [115.74817842167208, 40.37159822084742], [115.7482961857948, 40.37159949568444], [115.74829785251553, 40.37150942500203], [115.74841561648907, 40.371510699715145], [115.74841728304555, 40.37142062902723], [115.74853504686989, 40.37142190361643], [115.74853671326215, 40.37133183292301], [115.7486544769373, 40.37133310738829], [115.74865780938586, 40.371152965989], [115.74877557275512, 40.371154240326334], [115.7487789048602, 40.37097409891314], [115.74889666792355, 40.37097537312252], [115.74889833380811, 40.37088530240968], [115.74901609672227, 40.37088657649515], [115.74901776244262, 40.37079650577682], [115.74913552520758, 40.37079777973838], [115.74913719076372, 40.37070770901457], [115.74925495337949, 40.370708982852214], [115.7492566187714, 40.37061891212289], [115.749374381238, 40.370620185836636], [115.74937771168584, 40.37044004436554], [115.74949547384655, 40.37044131795135], [115.7494971389025, 40.370351247209555], [115.74961490091403, 40.37035252067145], [115.74961656580575, 40.37026244992418], [115.7497343276681, 40.37026372326217], [115.74973599239563, 40.37017365250941], [115.74985375410876, 40.37017492572349], [115.74985541867207, 40.37008485496523], [115.74997318023603, 40.370086128055405], [115.74997484463512, 40.36999605729165], [115.75021036747215, 40.369998603104314], [115.75021203155033, 40.369908532331024], [115.75103636061948, 40.36991743887104], [115.75103802359331, 40.36982736806812], [115.75115578476222, 40.36982863994745], [115.75115744757183, 40.369738569139045], [115.75127520859154, 40.369739840894475], [115.75127687123697, 40.36964977008057], [115.75139463210748, 40.369651041712096], [115.7513962945887, 40.369560970892714], [115.75151405531001, 40.369562242400335], [115.75151904223858, 40.36929202992131], [115.75163680249733, 40.36929330129699], [115.75164012676548, 40.36911315962894], [115.75175788671834, 40.36911443087669], [115.75175954868449, 40.369024360036455], [115.75187730848815, 40.36902563116032], [115.7518822938715, 40.368755418618726], [115.75200005321261, 40.36875668961066], [115.75200337645063, 40.3685765479009], [115.75212113548585, 40.36857781876491], [115.75212611981665, 40.36830760617722], [115.75224387838927, 40.3683088769093], [115.7522455396612, 40.3682188060398], [115.75236329808465, 40.36822007664798], [115.75236495919238, 40.36813000577298], [115.75248271746665, 40.36813127625728], [115.75248603934627, 40.36795113449485], [115.75260379731466, 40.36795240485124], [115.75260877960785, 40.36768219218457], [115.75272653711369, 40.367683462409026], [115.75273151886941, 40.367413249717096], [115.75284927591268, 40.367414519809635], [115.75285259673237, 40.367234377999665], [115.75297035346976, 40.36723564796429], [115.7529720137117, 40.367145577053094], [115.75308977029991, 40.36714684689384], [115.75309309044795, 40.366966705059006], [115.75321084673031, 40.36696797477185], [115.753214166535, 40.36678783292313], [115.75333192251153, 40.36678910250808], [115.75334188080588, 40.36624867690268], [115.75345963584984, 40.36624994634366], [115.75346129538269, 40.36615987540028], [115.75357905027748, 40.36616114471736], [115.75358236900736, 40.365981002818195], [115.7537001235963, 40.365982272007386], [115.75370178279337, 40.365892201051594], [115.7538195372331, 40.365893470116916], [115.7538228552914, 40.36571332819288], [115.75394060942533, 40.36571459713032], [115.75394392714036, 40.36553445519242], [115.75406168096842, 40.36553572400196], [115.75406333965803, 40.36544565302678], [115.75418109333691, 40.36544692171246], [115.75418275186242, 40.36535685073182], [115.75430050539211, 40.36535811929362], [115.7543038221073, 40.365177977319895], [115.75442157533115, 40.36517924575381], [115.7544248917031, 40.3649991037662], [115.75407163299396, 40.364995298128996], [115.75407329163869, 40.364905227145044], [115.75383778618335, 40.36490268946232], [115.7538394451339, 40.36481261848494], [115.75360394002182, 40.36481008033083], [115.75360559927823, 40.364720009360006], [115.75348784689005, 40.36471874010719], [115.75348950629564, 40.36462866913893], [115.7532540018551, 40.364626130281756], [115.75325566156648, 40.36453605932007], [115.7531379095141, 40.36453478971573], [115.75313956937468, 40.36444471875659], [115.75302181748643, 40.36444344903641], [115.75302513749841, 40.364263307121774], [115.75290738593097, 40.36426203728978], [115.75291236636274, 40.36399182441891], [115.75279461527276, 40.363990554479116], [115.75279793583645, 40.363810412565925], [115.75268018506725, 40.36380914251433], [115.75268184549452, 40.36371907155956], [115.75256409488946, 40.36371780139212], [115.7525657554659, 40.3636277304399], [115.75244800502496, 40.36362646015664], [115.75244966575055, 40.36353638920697], [115.75233191547376, 40.36353511880787], [115.75233523721576, 40.363354976912206], [115.75221748725977, 40.3633537064013], [115.75222080928506, 40.363173564507825], [115.75210305964987, 40.363172293885114], [115.75211302648579, 40.36263186819366], [115.75223077518113, 40.36263313879224], [115.752235758028, 40.362362925914695], [115.75235350626092, 40.36236419638138], [115.75235682780809, 40.362184054447646], [115.75247457573522, 40.36218532478644], [115.75247789693914, 40.362005182838814], [115.75259564456049, 40.36200645304972], [115.75259730499458, 40.3619163820697], [115.75271505246678, 40.361917652156734], [115.75271671273673, 40.36182758117123], [115.75283446005979, 40.361828851134405], [115.75283612016565, 40.36173878014341], [115.75295386733956, 40.361740049982735], [115.75295884714224, 40.3614698369889], [115.75307659385373, 40.36147110669632], [115.75308323285928, 40.36111082266799], [115.7529654867743, 40.36110955297664], [115.7529671466636, 40.36101948196992], [115.7524961630251, 40.361014402022214], [115.75249450250928, 40.36110447301286], [115.75225901042171, 40.361101932311925], [115.75225734958516, 40.36119200329308], [115.75202185721432, 40.36118946210474], [115.752020196057, 40.361279533076384], [115.75107822562038, 40.36126936349731], [115.75107656320253, 40.36135943443529], [115.75095881677507, 40.3613581626946], [115.75095715419309, 40.36144823362709], [115.75083940761647, 40.36144696176254], [115.75083774487037, 40.36153703268954], [115.75071999814462, 40.36153576070112], [115.75071833523437, 40.36162583162265], [115.75060058835952, 40.36162455951036], [115.75059892528513, 40.36171463042638], [115.75048117826113, 40.36171335819023], [115.7504795150226, 40.36180342910076], [115.75036176784948, 40.36180215674074], [115.75036010444683, 40.36189222764579], [115.75024235712458, 40.3618909551619], [115.75023071199932, 40.36252145142804], [115.75011296358814, 40.3625201787961], [115.75010963602865, 40.362700320565196], [115.74999188731167, 40.362699047805364], [115.74998855940889, 40.36287918956053], [115.74987081038614, 40.3628779166728], [115.74986914626686, 40.362967987544174], [115.74975139709495, 40.36296671453257], [115.74974973281151, 40.36305678539844], [115.74963198349047, 40.36305551226295], [115.74963031904288, 40.36314558312333], [115.74939482011007, 40.363143036484765], [115.74939315534166, 40.3632331073356], [115.74951090496096, 40.36323438071885], [115.74950924034171, 40.36332445157227], [115.74962699012517, 40.36332572483969], [115.74962532565503, 40.36341579569568], [115.74974307560265, 40.363417068847276], [115.74974141128166, 40.36350713970583], [115.75021241177379, 40.36351223112986], [115.75021074807188, 40.36360230200307], [115.75068174931066, 40.36360739152562], [115.75067842313754, 40.36378753329984], [115.75079617377932, 40.36378880538891], [115.75078785899844, 40.364239159818986], [115.75019910194841, 40.364232798074475], [115.75020076570284, 40.36414272721152], [115.74937650724463, 40.36413381576363], [115.74937484239362, 40.364223886598374], [115.74925709105868, 40.36422261305094], [115.74925875606637, 40.36413254222023], [115.74914100489558, 40.36413126855699], [115.74914267005238, 40.36404119772884], [115.7490249190458, 40.36403992394977], [115.74902658435172, 40.3639498531242], [115.74879108267437, 40.363947305214566], [115.74878941705511, 40.364037376032094], [115.74867166607106, 40.36403610189347], [115.74867000028766, 40.3641261727055], [115.74855224915446, 40.364124898442995], [115.74854891725178, 40.364305040054575], [115.74843116581278, 40.36430376566416], [115.74842616743243, 40.36457397805846], [115.748308415531, 40.36457270353609], [115.74829008583433, 40.36556348215806], [115.74817233221715, 40.36556220747146], [115.74817066567932, 40.36565227824245], [115.74805291191299, 40.36565100343197], [115.74804291158812, 40.366191428002985], [115.74816066629442, 40.366192702837694], [115.74815899970397, 40.366282773598435], [115.74804124484099, 40.366281498759705], [115.74803624455447, 40.36655171102104], [115.747918489229, 40.366550436050346], [115.74791515535371, 40.36673057754252], [115.74779739972242, 40.36672930244388], [115.74779406550371, 40.36690944392212], [115.74767630956659, 40.36690816869556], [115.74765963645498, 40.36780887595856], [115.7475418789586, 40.367807600571766], [115.74754021144938, 40.36789767128597], [115.74742245380384, 40.36789639577529], [115.74742078613042, 40.367986466483984], [115.74730302833574, 40.36798519084939], [115.74730136049813, 40.3680752615526], [115.74718360255429, 40.3680739857941], [115.74718026654307, 40.36825412718803], [115.74706250829338, 40.368252851301584], [115.74705249913907, 40.368793275424046], [115.7469347399568, 40.368791999393494], [115.74693140319843, 40.368972140747864], [115.74681364371033, 40.368970864589365], [115.74680863804625, 40.3692410765978], [115.74692639800445, 40.36924235276842], [115.74692472959141, 40.36933242343901], [115.74668920936914, 40.369329870969835], [115.74669087809556, 40.36923980030732], [115.74657311815243, 40.36923852389696], [115.74657478702802, 40.369148453237024], [115.74633926747771, 40.36914590006477], [115.74633759828872, 40.36923597071664], [115.74621983836818, 40.36923469394666], [115.74621816901497, 40.369324764593], [115.74598264888307, 40.369322210685354], [115.74598431854965, 40.36923214004709], [115.74551327900303, 40.369227030809476], [115.74551661956713, 40.36904688956089], [115.74504558139458, 40.369041778437676], [115.74504892318207, 40.368861637215566], [115.7448134047678, 40.368859080950905], [115.74481173356445, 40.36894915155461], [115.74469397421193, 40.368947873238426], [115.74469230284436, 40.36903794383661], [115.74457454334268, 40.3690366653965], [115.74457287181086, 40.36912673598917], [115.74469063146923, 40.369128014433315], [115.74468896008658, 40.36921808502858], [115.74457120027152, 40.36921680658038], [115.74456952872463, 40.36930687717013], [115.74445176876044, 40.36930559859801], [115.7444500970493, 40.369395669182246], [115.74433233693595, 40.36939439048622], [115.7443289931777, 40.3695745316422], [115.74350467040178, 40.36956557735689], [115.74350634338154, 40.369475506807966], [115.74338858317186, 40.369474227148906], [115.7433869100354, 40.36956429769376], [115.7431513893253, 40.369561738007924], [115.74314971586792, 40.369651808543225], [115.7427964343893, 40.369647968103244], [115.74279810831679, 40.3695578975801], [115.74256258768219, 40.36955533669552], [115.74256426191549, 40.36946526617901], [115.74221098149033, 40.369461423965255], [115.74221265618615, 40.36937135345944], [115.74197713625388, 40.36936879139234], [115.74197881125552, 40.36927872089317], [115.74174329166686, 40.36927615835469], [115.74174496697435, 40.36918608786217], [115.74150944772929, 40.36918352485232], [115.74151112334259, 40.36909345436643], [115.7413933638881, 40.36909217268575], [115.74139503965053, 40.36900210220246], [115.74104176180246, 40.368998256453374], [115.74104343802739, 40.368908185980786], [115.74057240162928, 40.36890305665338], [115.7405740784734, 40.36881298619556], [115.7403385606331, 40.368810420820736], [115.74034023778303, 40.36872035036958], [115.7402224790309, 40.36871906750642], [115.74022415632996, 40.36862899705786], [115.74010639774211, 40.3686277140789], [115.7401114300639, 40.368357502736586], [115.74022918818169, 40.36835878570337], [115.74023086545047, 40.368268715248945], [115.74034862341915, 40.36826999809179], [115.74035030052367, 40.36817992763185], [115.74023254271168, 40.36817864479306], [115.74023589721139, 40.36799850387688], [115.7400003822368, 40.36799593785594], [115.7400020597887, 40.36790586740376], [115.73964878785361, 40.367902017485534], [115.73965046586795, 40.36781194704409], [115.73953270872808, 40.36781066350235], [115.73953438689152, 40.3677205930635], [115.7387100882212, 40.367711604943466], [115.73871344671886, 40.36753146411826], [115.73836017691386, 40.36752761029325], [115.73836185662135, 40.36743753989064], [115.7382441001915, 40.36743625504665], [115.73824578004809, 40.367346184646635], [115.73812802378251, 40.367344899686834], [115.73812970378819, 40.367254829289436], [115.73801194768686, 40.36725354421383], [115.73801362784162, 40.36716347381904], [115.73789587190456, 40.36716218862765], [115.73789755220845, 40.36707211823545], [115.73777979643562, 40.367070832928256], [115.73778147688859, 40.36698076253866], [115.73766372128, 40.36697947711568], [115.73766540188207, 40.36688940672869], [115.73742989100101, 40.36688683553128], [115.73743157190881, 40.36679676515095], [115.73731381663636, 40.36679547937652], [115.73731549769325, 40.366705408998804], [115.73719774258502, 40.3667041231086], [115.73720110498942, 40.366523982356895], [115.73708335020211, 40.366522696354956], [115.7370850315496, 40.366432625980984], [115.73684952231108, 40.36643005362567], [115.7368512039643, 40.36633998325837], [115.73555590541844, 40.366325826778954], [115.73555422204186, 40.36641589710145], [115.73543646751749, 40.36641460942554], [115.73543478397664, 40.36650467974249], [115.73496376532843, 40.36649952782398], [115.73497218608998, 40.3660491763061], [115.73508993995729, 40.36605046444513], [115.73509499185305, 40.36578025350456], [115.73497723845571, 40.36577896537777], [115.73498229075307, 40.36550875443625], [115.7348645378333, 40.36550746620181], [115.73486622207389, 40.36541739588912], [115.7347484693184, 40.36541610753892], [115.73475183809009, 40.3652359669173], [115.7346340856555, 40.36523467845539], [115.73463577018659, 40.36514460814646], [115.73440026565353, 40.36514203087124], [115.73440195049035, 40.365051960569], [115.73428419839188, 40.365050671755675], [115.73428588337774, 40.364960601456055], [115.73416813144354, 40.36495931252696], [115.73416981657846, 40.364869242229965], [115.73405206480851, 40.36486795318509], [115.73405375009247, 40.36477788289069], [115.7335827437153, 40.364772725529065], [115.73358442961829, 40.364682655249524], [115.73334892678864, 40.36468007585775], [115.73334724057236, 40.36477014612914], [115.73311173745984, 40.3647675662498], [115.73310667782538, 40.365037777030665], [115.73298892581057, 40.365036486898966], [115.73298217889814, 40.36539676790326], [115.73274667363809, 40.365394187247645], [115.73275342180376, 40.36503390627602], [115.73263566981177, 40.36503261578476], [115.73262723380238, 40.36548296697521], [115.73239172827468, 40.365480385592285], [115.7323967908431, 40.36521017490694], [115.73251454313319, 40.36521146564606], [115.73252129249121, 40.3648511846954], [115.73228578917193, 40.36484860312996], [115.7322874768057, 40.36475853289679], [115.7320519738302, 40.36475595086013], [115.73205028588308, 40.36484602108512], [115.73193253425009, 40.36484472988292], [115.73192578175897, 40.36520501075188], [115.73169027726259, 40.365202427955225], [115.73168858880744, 40.365292498160635], [115.73109982691653, 40.36528603905113], [115.73110151615498, 40.365195968866175], [115.7309837639563, 40.3651946766888], [115.73098545334375, 40.36510460650647], [115.73074994928258, 40.36510202180035], [115.73075163897575, 40.36501195162471], [115.73051613525838, 40.36500936644736], [115.73051951524843, 40.364829226108085], [115.7304017637145, 40.36482793334782], [115.7304085242297, 40.364467652668026], [115.73029077333, 40.36446635980427], [115.73029584410627, 40.364196149291324], [115.73006034326964, 40.36419356322881], [115.73006203382644, 40.36410349306306], [115.72994428357623, 40.36410219985613], [115.72994597428205, 40.36401212969302], [115.72982822419608, 40.36401083637033], [115.72983160589816, 40.363830696047906], [115.72994935567083, 40.36383198936242], [115.72995104635375, 40.36374191919492], [115.73006879597742, 40.36374321238548], [115.73007217700712, 40.36356307203789], [115.72983667839404, 40.36356048555328], [115.72983329673774, 40.363740625884496], [115.7295977975286, 40.36373803890413], [115.72960456206383, 40.363377758268584], [115.72995780900926, 40.36338163851024], [115.72995949965407, 40.363291568335406], [115.7300772484945, 40.363292861505506], [115.73007893897504, 40.363202791325115], [115.73019668766645, 40.363204084371276], [115.73019837798272, 40.363114014185335], [115.73043387507512, 40.363116599909944], [115.7304355650705, 40.36302652971433], [115.73067106188012, 40.363029114951395], [115.73067275155461, 40.36293904474615], [115.73090824808143, 40.36294162949564], [115.73091162678097, 40.3627614890644], [115.73102937474255, 40.36276278125119], [115.73103613142355, 40.36240250035474], [115.73091838408851, 40.36240120818431], [115.73092007339636, 40.36231113796061], [115.73080232622557, 40.36230984567441], [115.73080401568242, 40.36221977545335], [115.7306862686759, 40.3622184830514], [115.73068795828176, 40.36212841283295], [115.73033471777781, 40.36212453492035], [115.73033640784594, 40.362034464712714], [115.72986542124063, 40.36202929250118], [115.72986711192765, 40.36193922230844], [115.729631618984, 40.361936635491816], [115.72963330997668, 40.361846565305804], [115.7293978173768, 40.36184397801801], [115.72939950867512, 40.36175390783871], [115.72928176254327, 40.36175261401915], [115.72928345399053, 40.36166254384249], [115.72916570802296, 40.36166124990719], [115.72916739961923, 40.36157117973316], [115.72904965381589, 40.36156988568212], [115.72905134556117, 40.36147981551072], [115.72893359992212, 40.361478521343926], [115.72893698370304, 40.36129838100492], [115.72881923838486, 40.36129708672649], [115.72882093042048, 40.36120701655889], [115.72834994985054, 40.36120183826316], [115.72835164250505, 40.36111176811049], [115.72811615257913, 40.361109178251816], [115.72811784553926, 40.361019108105864], [115.72800010074438, 40.361017813000856], [115.72800179385345, 40.360927742857534], [115.72776630459988, 40.36092515229625], [115.72776799801457, 40.36083508215965], [115.72741476466136, 40.36083119543125], [115.72741645853829, 40.360741125305516], [115.72753420282508, 40.360742420997376], [115.72753589653776, 40.36065235086605], [115.7276536406756, 40.36065364643398], [115.72765194711954, 40.3607437165694], [115.72800518004875, 40.36074760256651], [115.72800856621348, 40.36056746226961], [115.72812631022525, 40.36056875735411], [115.72812800313955, 40.36047868719936], [115.72824574700233, 40.36047998215992], [115.72824913249475, 40.36029984183783], [115.72836687605196, 40.360301136670365], [115.72837364631872, 40.359940855992214], [115.72825590338797, 40.35993956117606], [115.72825928878878, 40.35975942083637], [115.72837703140627, 40.35976071564432], [115.72838041646331, 40.35958057529058], [115.72826267415903, 40.35957928049083], [115.72826436683269, 40.35948921031585], [115.72838210898037, 40.3594905051115], [115.7283838014898, 40.35940043493097], [115.72850154348848, 40.359401729602695], [115.72850662050111, 40.35913151903999], [115.7286243620376, 40.359132813579606], [115.72862266986431, 40.35922288377273], [115.72874041156503, 40.35922417819661], [115.7287387195407, 40.35931424839237], [115.7289742032783, 40.35931683688884], [115.72897251155956, 40.35940690709133], [115.7292079956409, 40.35940949511669], [115.72920630422776, 40.3594995653259], [115.72944178865284, 40.35950215288012], [115.72944009754528, 40.35959222309605], [115.7293223551723, 40.35959092937476], [115.72932066390052, 40.359680999585144], [115.72920292137857, 40.35967970573992], [115.72920122994252, 40.35976977594473], [115.72943671530729, 40.35977236352352], [115.72943333303876, 40.35995250394514], [115.72931559003935, 40.35995121020747], [115.72931220742709, 40.36013135061501], [115.72919446412206, 40.360130056749334], [115.72919277264786, 40.36022012694682], [115.72907502919387, 40.3602188329572], [115.72907333755542, 40.360308903149125], [115.72919108116604, 40.36031019714283], [115.72918938967658, 40.360400267337376], [115.72966036482187, 40.36040544213028], [115.72965867395123, 40.36049551233975], [115.7298941618829, 40.3604980990254], [115.72989585244028, 40.36040802880773], [115.73024908392509, 40.36041190792516], [115.73025246407724, 40.360231767460924], [115.73037020760752, 40.360233060252206], [115.73037527730872, 40.359962849532565], [115.73025753424831, 40.35996155675354], [115.73026260435073, 40.359691346032974], [115.73014486176777, 40.3596900531464], [115.73014655194328, 40.35959998290737], [115.73002880952454, 40.35959868990505], [115.73003049984905, 40.35950861966865], [115.72991275759455, 40.3595073265506], [115.72991444806804, 40.359417256316824], [115.72979670597779, 40.35941596308304], [115.72979839660024, 40.35932589285189], [115.72968065467421, 40.359324599502365], [115.72968234544565, 40.35923452927384], [115.72944686192973, 40.3592319422235], [115.72944855300676, 40.359141872001715], [115.72933081141684, 40.35914057830089], [115.72933419386126, 40.35896043786107], [115.7292164525922, 40.35895914404862], [115.72921814395956, 40.35886907383062], [115.72910040285471, 40.358867779902425], [115.72910378587976, 40.358687639470205], [115.72898604509578, 40.358686345430385], [115.72898773675347, 40.35859627521617], [115.72886999613371, 40.35859498106063], [115.7288733797394, 40.35841484063597], [115.72875563944048, 40.35841354636879], [115.72875733138848, 40.358323476158375], [115.72863959125378, 40.358322181775456], [115.72864128335075, 40.358232111567666], [115.7285235433803, 40.35823081706902], [115.72852692786452, 40.35805067665724], [115.72840918821491, 40.35804938204696], [115.72841595771816, 40.35768910122219], [115.72829821870256, 40.3576878065085], [115.72829991121588, 40.35759773630273], [115.72818217236453, 40.3575964414733], [115.72818555768146, 40.3574163010656], [115.72795008062805, 40.357413711063664], [115.72795177358825, 40.3573236408658], [115.72783403522956, 40.357322345689205], [115.72783572833872, 40.35723227549397], [115.72748251377836, 40.35722838925759], [115.72748420734965, 40.357138319073194], [115.72724873132746, 40.35713572765803], [115.7272504252043, 40.35704565748038], [115.72713268736126, 40.357044361597175], [115.72713438138705, 40.356954291422134], [115.72689890603705, 40.35695169930449], [115.7268972116981, 40.357041769471316], [115.7265439982607, 40.35703788038388], [115.72654569306944, 40.35694781022935], [115.72642795542883, 40.35694651363135], [115.72642965038652, 40.356856443479465], [115.72631191291018, 40.35685514676576], [115.7263136080168, 40.356765076616504], [115.72619587070467, 40.35676377978707], [115.72619756596025, 40.35667370964047], [115.72607982881237, 40.356672412695325], [115.72608152421688, 40.356582342551356], [115.72584605025726, 40.35657974830982], [115.72584774596729, 40.3564896781726], [115.72561227235141, 40.35648708346001], [115.72561396836699, 40.356397013329534], [115.72514302185343, 40.35639182248298], [115.72514471848767, 40.35630175236748], [115.72420282708065, 40.356291364956114], [115.72420452495993, 40.35620129487202], [115.72396905249792, 40.35619869682925], [115.72397075068271, 40.35610862675188], [115.7236175425169, 40.35610472880147], [115.72361924116379, 40.356014658735], [115.72338376940475, 40.35601205951053], [115.72338546835711, 40.355921989450835], [115.72326773264565, 40.355920689663], [115.72326943174694, 40.355830619605925], [115.72315169619975, 40.35582931970238], [115.72315339544994, 40.35573924964797], [115.7229179246917, 40.35573664948969], [115.72291962424741, 40.35564657944204], [115.72280188903636, 40.3556452791873], [115.72280528843791, 40.35546513909581], [115.7226875535477, 40.35546383872949], [115.72268925339354, 40.355373768685666], [115.72257151866758, 40.35537246820365], [115.72257321866235, 40.35528239816247], [115.72245548410062, 40.35528109756476], [115.72245718424429, 40.35519102752624], [115.7223394498468, 40.355189726812824], [115.72234115013939, 40.35509965677695], [115.72222341590614, 40.355098355947845], [115.72222511634762, 40.355008285914636], [115.72198964821733, 40.35500568390524], [115.72199134896427, 40.354915613878774], [115.72163814729609, 40.35491170997848], [115.72163984850509, 40.35482163996291], [115.7214043810778, 40.35481903677191], [115.72140608259228, 40.35472896676311], [115.72105288197866, 40.3547250610904], [115.72105458395518, 40.3546349910925], [115.7204659172022, 40.35462847926242], [115.72046761995391, 40.354538409283684], [115.71987895417585, 40.35453189447904], [115.71987725064129, 40.35462196443718], [115.71869991809594, 40.35460892580114], [115.718698212988, 40.35469899571655], [115.71846274625808, 40.354696386543395], [115.71846104082928, 40.35478645644907], [115.71869650787238, 40.35478906563048], [115.71869480274906, 40.354879135542944], [115.7185770690671, 40.35487783100801], [115.71857536377952, 40.35496790091489], [115.71845762994869, 40.35496659625603], [115.71845592449684, 40.3550566661573], [115.71833819051713, 40.35505536137449], [115.71833648490102, 40.35514543127017], [115.71845421903731, 40.35514673605711], [115.71845251357009, 40.35523680595545], [115.71857024787062, 40.35523811062671], [115.71856683722625, 40.35541825042725], [115.71868457184765, 40.35541955498695], [115.71867945629309, 40.35568976468915], [115.71856172120195, 40.35568846011706], [115.71856001584513, 40.35577853001073], [115.71750039896197, 40.355766783433225], [115.717502105728, 40.355676713576734], [115.7170311657175, 40.355671489777045], [115.71703287310213, 40.35558141993562], [115.71644419904523, 40.35557488751093], [115.71644761535715, 40.355394747865034], [115.71621214641463, 40.35539213407302], [115.7162138548722, 40.35530206425616], [115.71609612056906, 40.35530075718457], [115.71609782917551, 40.35521068737036], [115.71598009503667, 40.35520938018311], [115.71598180379196, 40.35511931037156], [115.71586406981739, 40.35511800306863], [115.71586577872155, 40.35502793325978], [115.71574804491128, 40.35502662584118], [115.71574975396429, 40.35493655603498], [115.71563202031828, 40.354935248500716], [115.71563543871436, 40.35475510889219], [115.7155177053892, 40.354753801246396], [115.71552112406756, 40.354573661640266], [115.71540339106326, 40.35457235388295], [115.71539997207178, 40.3547524934808], [115.71516450546005, 40.35474987759017], [115.71516792507782, 40.354569738008884], [115.71505019209667, 40.35456842989215], [115.71504848213506, 40.354658499679374], [115.71493074900506, 40.35465719143869], [115.71493245912323, 40.35456712165559], [115.7146969931995, 40.354564504823074], [115.71469870362307, 40.3544744350468], [115.71446323804334, 40.35447181774334], [115.71446494877236, 40.35438174797388], [115.71422948353663, 40.35437913019948], [115.71423119457106, 40.354289060436834], [115.71399572967934, 40.3542864421915], [115.71399744101917, 40.35419637243568], [115.71387970874147, 40.35419506313745], [115.71388142023015, 40.35410499338431], [115.713645956011, 40.35410237443673], [115.7136476678051, 40.35401230469041], [115.71341220393, 40.35400968527188], [115.71341391602951, 40.35391961553239], [115.71317845249841, 40.35391699564296], [115.71318016490329, 40.353826925910276], [115.71306243330592, 40.35382561579], [115.71306414585966, 40.353735546059994], [115.71282868300116, 40.35373292546832], [115.71283039586031, 40.353642855745164], [115.71271266459921, 40.353641545273774], [115.71271437760718, 40.35355147555328], [115.71259664651038, 40.35355016496625], [115.71259835966717, 40.35346009524843], [115.71248062873465, 40.35345878454574], [115.7124823420403, 40.353368714830616], [115.71236461127206, 40.35336740401227], [115.71236803817328, 40.3531872645859], [115.71225030772588, 40.35318595365605], [115.71225202132145, 40.35309588394481], [115.71213429103835, 40.35309457289931], [115.71213771851941, 40.352914433480755], [115.71201998855716, 40.35291312232374], [115.71202341632039, 40.35273298290759], [115.71190568667899, 40.35273167163909], [115.71190740070558, 40.35264160193297], [115.71178967122843, 40.35264029054882], [115.71179138540386, 40.35255022084539], [115.71167365609101, 40.35254890934559], [115.71167537041522, 40.35245883964484], [115.71155764126667, 40.3524575280294], [115.71155935573971, 40.35236745833133], [115.71144162675543, 40.35236614660025], [115.71144334137729, 40.35227607690484], [115.7113256125573, 40.35227476505812], [115.71132732732796, 40.352184695365416], [115.71120959867227, 40.352183383403045], [115.71121131359173, 40.35209331371303], [115.71109358510033, 40.352092001635015], [115.71109530016862, 40.35200193194768], [115.7109775718415, 40.352000619754016], [115.7109792870586, 40.35191055006937], [115.71086155889574, 40.35190923776007], [115.71086498961982, 40.35172909839468], [115.71074726177783, 40.351727785973885], [115.7107489772848, 40.35163771629316], [115.71063124960706, 40.35163640375672], [115.7106346809109, 40.35145626439915], [115.71051695355402, 40.35145495175123], [115.71052038513999, 40.351274812396085], [115.7104026581039, 40.35127349963669], [115.7104043740418, 40.35118342996108], [115.71028664717002, 40.351182117086054], [115.71028836325675, 40.35109204741312], [115.71017063654924, 40.351090734422456], [115.71017235278472, 40.35100066475221], [115.71005462624152, 40.35099935164591], [115.7100563426258, 40.35090928197835], [115.70993861624686, 40.35090796875643], [115.70994033277998, 40.35081789909156], [115.7098226065653, 40.35081658575398], [115.70982775658779, 40.350546376763056], [115.70971003085046, 40.35054506331817], [115.70972376515527, 40.3498245059777], [115.70984148964033, 40.34982581938934], [115.70985178910449, 40.349285401297394], [115.70996951265812, 40.34928671456429], [115.70997809454936, 40.348836366093195], [115.71009581732808, 40.348837679219535], [115.71010268207563, 40.348477400399624], [115.71022040423601, 40.348478713389554], [115.71022383625031, 40.34829857396248], [115.7103415581054, 40.348299886824336], [115.71034498977568, 40.348119747383066], [115.71046271132548, 40.348121060116824], [115.7104678583033, 40.34785085093147], [115.71058557939129, 40.34785216353298], [115.71059072582993, 40.34758195432194], [115.7107084464561, 40.34758326679122], [115.71071187706346, 40.34740312730155], [115.71082959738438, 40.34740443964275], [115.71083302764777, 40.347224300138905], [115.7107153076399, 40.34722298780603], [115.71071873818536, 40.34704284830461], [115.71060101849825, 40.347041535860264], [115.71060273391589, 40.34695146611153], [115.71036729487788, 40.346948840871804], [115.7103690106008, 40.346858771129895], [115.7102512912499, 40.34685745833454], [115.71025300712161, 40.34676738859531], [115.71013528793496, 40.34676607568434], [115.71013871996813, 40.34658593620979], [115.70966784455103, 40.34658068340141], [115.70966612791233, 40.346670753122794], [115.70954840892091, 40.34666943961711], [115.70954669211793, 40.34675950933286], [115.70931125384531, 40.34675688195386], [115.70930953672158, 40.34684695165982], [115.70907409816694, 40.34684432379341], [115.70907238072242, 40.346934393489605], [115.70871922247903, 40.34693045077921], [115.70871750455728, 40.34702052046145], [115.70848206545409, 40.347017891380666], [115.70848034721156, 40.347107961053105], [115.70824490782634, 40.34710533148491], [115.70824318926303, 40.34719540114758], [115.70800774959584, 40.34719277109196], [115.70800603071174, 40.34728284074482], [115.70777059076252, 40.34728021020179], [115.70776887155769, 40.347370279844846], [115.70753343132647, 40.347367648814384], [115.70753171180083, 40.34745771844765], [115.70729627128762, 40.34745508692976], [115.70729455144121, 40.34754515655323], [115.7071768310397, 40.34754384061046], [115.70717511102904, 40.34763391022831], [115.70705739047881, 40.347632594161595], [115.70705395012112, 40.34781273338454], [115.70693622926562, 40.34781141718972], [115.70693450891864, 40.34790148679482], [115.70681678791439, 40.34790017047606], [115.70681334688409, 40.348080309673534], [115.70669562557458, 40.348078993226665], [115.70669390489127, 40.34816906281904], [115.706576183433, 40.348167746248215], [115.70657446258541, 40.34825781583495], [115.7063390193791, 40.34825518232563], [115.70633729821071, 40.34834525190258], [115.7062195764627, 40.348343934964085], [115.70621785513005, 40.34843400453537], [115.70610013323326, 40.348432687472936], [115.7060984117363, 40.348522757038594], [115.705862967653, 40.34852012254603], [115.70586124583525, 40.3486101921019], [115.70574352364875, 40.34860887467179], [115.7057418016667, 40.34869894422199], [115.70550635700393, 40.34869630899408], [115.70550463470107, 40.348786378534484], [115.70538691222481, 40.34878506073668], [115.70538518975769, 40.34887513027146], [115.70514974451544, 40.348872494308175], [115.7051480217275, 40.34896256383313], [115.70479485345285, 40.348958608977334], [115.70479313018755, 40.349048678488316], [115.70432223863745, 40.34904340365362], [115.70432396252882, 40.34895333415934], [115.70397079441744, 40.34894937678814], [115.70397251877061, 40.34885930730493], [115.70373707371498, 40.348856668466915], [115.70373879837342, 40.34876659899057], [115.7036210760138, 40.34876527939607], [115.70362280082097, 40.34867520992244], [115.70338735643809, 40.348672570382455], [115.70338908155054, 40.34858250091572], [115.7031536375118, 40.34857986090496], [115.70315536292952, 40.3484897914451], [115.70303764107835, 40.348488471264226], [115.70303936664479, 40.34839840180709], [115.70292164495793, 40.348397081510626], [115.70292337067308, 40.34830701205619], [115.70280564915052, 40.34830569164412], [115.70280737501443, 40.3482156221924], [115.70268965365615, 40.34821430166473], [115.70269137966878, 40.34812423221573], [115.70257365847485, 40.34812291157247], [115.70257538463619, 40.34803284212617], [115.70175133759217, 40.348023594298816], [115.70174961033521, 40.34811366371585], [115.70092556257737, 40.34810440999016], [115.70092729092995, 40.348014340602425], [115.70069184909659, 40.34801169561118], [115.7006935777544, 40.34792162623033], [115.70057585700594, 40.347920303559235], [115.70057758581244, 40.34783023418112], [115.70034214465194, 40.34782758848795], [115.70034387376367, 40.34773751911675], [115.7001084329474, 40.34773487295286], [115.70011016236437, 40.34764480358856], [115.69975700166802, 40.34764083345698], [115.69975527178153, 40.34773090280871], [115.69940211068585, 40.3477269315866], [115.69940038032202, 40.347817000924294], [115.6991649393176, 40.34781435283561], [115.69916320863291, 40.34790442216347], [115.69904548798591, 40.34790309793528], [115.69904375713693, 40.34799316725747], [115.6989260363412, 40.34799184290531], [115.69892430532788, 40.348081912221836], [115.69880658438345, 40.34808058774572], [115.69880485320584, 40.348170657056585], [115.69868713211268, 40.348169332456486], [115.69868366942097, 40.34834947106544], [115.69856594802262, 40.34834814633718], [115.69856421650853, 40.348438215635255], [115.69844649496147, 40.34843689078303], [115.69844476328306, 40.34852696007545], [115.69797387654683, 40.348521659451976], [115.69797560885134, 40.34843159017632], [115.69785788734333, 40.3484302647252], [115.6978596197965, 40.34834019545229], [115.69774189845283, 40.348338869885595], [115.69774536364882, 40.34815873134376], [115.69762764262597, 40.348157405665674], [115.69763457355018, 40.347797128581135], [115.6975168531612, 40.34779580280005], [115.69752378458638, 40.34743552570881], [115.69764150434929, 40.34743685147311], [115.69765190031352, 40.346896435767], [115.69753418148963, 40.346895110027894], [115.69753591427948, 40.34680504074259], [115.69741819561993, 40.346803714887905], [115.69741992855846, 40.346713645605334], [115.69694905462445, 40.34670834100565], [115.6969473210599, 40.346798410271425], [115.69671188382681, 40.34679575724455], [115.69671014994142, 40.34688582650047], [115.69647471242659, 40.34688317298612], [115.69647297822038, 40.34697324223216], [115.69588438378773, 40.346966606329296], [115.69588611877646, 40.34687653710426], [115.69565068137118, 40.34687388191312], [115.6956524166651, 40.346783812695016], [115.69541697960412, 40.3467811570332], [115.69542045079447, 40.346601018609384], [115.69530273258877, 40.34659969060722], [115.69530793978508, 40.3463294829731], [115.69519022205668, 40.346328154863784], [115.69519369379472, 40.34614801644209], [115.69507597638716, 40.34614668822142], [115.69507771240094, 40.346056619012565], [115.69495999515769, 40.34605529067632], [115.69496173132016, 40.34596522147022], [115.69472629717015, 40.34596256444684], [115.69472803363774, 40.345872495247676], [115.69449259983209, 40.34586983775364], [115.69449433660486, 40.34577976856142], [115.6942589031435, 40.34577711059673], [115.69425716605774, 40.34586717978054], [115.69413944918234, 40.34586585061433], [115.69413771193226, 40.34595591979248], [115.69401999490819, 40.345954590502295], [115.69401825749375, 40.346044659674746], [115.69390054032101, 40.346043330260606], [115.69389880274225, 40.34613339942738], [115.69378108542087, 40.34613206988926], [115.69377934767776, 40.34622213905037], [115.69366163020773, 40.346220809388264], [115.69365815438503, 40.346400947697646], [115.69354043660981, 40.34639961790735], [115.69353869853019, 40.34648968705564], [115.69342098060632, 40.34648835714137], [115.6934175041106, 40.3466684954251], [115.69329978588155, 40.34666716538265], [115.69329804746542, 40.34675723451811], [115.69318032908772, 40.346755904351674], [115.69317685191892, 40.34693604260974], [115.69305913323608, 40.34693471231512], [115.69305739448339, 40.34702478143775], [115.69293967565187, 40.34702345101915], [115.69293793673486, 40.347113520136084], [115.69282021775467, 40.3471121895935], [115.69281847867333, 40.34720225870476], [115.6927007595445, 40.347200928038184], [115.6926972810452, 40.347381066247884], [115.6925795616112, 40.34737973545311], [115.69257782219327, 40.34746980455155], [115.69222466346882, 40.34746581143597], [115.69223510267572, 40.34692539689916], [115.69235282130366, 40.34692672803219], [115.69235804033167, 40.34665652073131], [115.69247575849793, 40.346657851731926], [115.69247923749771, 40.34647771351557], [115.69259695535882, 40.34647904438798], [115.69260217333012, 40.346208837039796], [115.69271989072959, 40.3462101677798], [115.69272336902489, 40.3460300295319], [115.6928410861192, 40.346031360143726], [115.6928428250986, 40.34594129101336], [115.69296054204428, 40.3459426215012], [115.69296228085932, 40.34585255236517], [115.69307999765633, 40.34585388272904], [115.69308347494992, 40.34567374444412], [115.69320119144177, 40.3456750746798], [115.69321162219532, 40.345134659764526], [115.69297619109733, 40.34513199922392], [115.6929779298418, 40.34504193007466], [115.69274249908814, 40.34503926906343], [115.69274423813773, 40.34494919992111], [115.69192023184253, 40.34493988263878], [115.69191849169752, 40.34502995175161], [115.69180077638741, 40.34502862022801], [115.69179903607804, 40.34511868933514], [115.69168132061928, 40.34511735768757], [115.69167958014559, 40.345207426789024], [115.69156186453819, 40.345206095017474], [115.69156012390017, 40.34529616411325], [115.69132469239594, 40.34529350020242], [115.69132643334694, 40.34520343111508], [115.6912087177631, 40.34520209898423], [115.69121045886276, 40.34511202989963], [115.69109274344325, 40.345110697653254], [115.69109622593196, 40.3449305594881], [115.69097851083329, 40.34492922713038], [115.69098025222235, 40.34483915804981], [115.69062710744295, 40.34483516027074], [115.69062536558441, 40.34492522933864], [115.69038993545779, 40.34492256354535], [115.69038819327842, 40.34501263260337], [115.6902704780704, 40.34501129952285], [115.69026873572672, 40.345101368575165], [115.69003330502129, 40.34509870204642], [115.69003156235675, 40.34518877108883], [115.68991384685931, 40.34518743764059], [115.68991210403044, 40.345277506677306], [115.68979438838439, 40.345276173105084], [115.68979264539115, 40.34536624213611], [115.68932178225965, 40.3453609066327], [115.68932352587886, 40.34527083761857], [115.68920581027213, 40.34526950344753], [115.68921278529625, 40.34490922739316], [115.68933050027701, 40.34491056154731], [115.68933398742888, 40.34473042350287], [115.68945170210456, 40.34473175752882], [115.689455188912, 40.34455161947004], [115.68957290328258, 40.34455295336777], [115.68957638974561, 40.34437281529468], [115.68969410381105, 40.344374149064215], [115.6896958468743, 40.34428408002125], [115.68981356079112, 40.3442854136668], [115.68981704658106, 40.344105275568005], [115.6899347601928, 40.34410660908536], [115.6899399883493, 40.3438364019135], [115.69005770149943, 40.34383773529843], [115.69005944404607, 40.343747666233966], [115.69017715704759, 40.34374899949493], [115.6901788994299, 40.34365893042479], [115.69029661228281, 40.34366026356176], [115.69030009671087, 40.34348012540863], [115.6901823841709, 40.3434787922801], [115.69018412652962, 40.34338872320556], [115.69006641415397, 40.34338738996148], [115.69006815666131, 40.343297320889675], [115.68995044445, 40.34329598753007], [115.68995218710597, 40.34320591846103], [115.6897167630199, 40.343203251390975], [115.68971850598095, 40.343113182328906], [115.68960079410616, 40.34311184861847], [115.68960253721582, 40.34302177955916], [115.68948482550539, 40.343020445733195], [115.68948656876364, 40.34293037667662], [115.68936885721754, 40.342929042735115], [115.6893706006244, 40.34283897368131], [115.68913517786875, 40.342836305447506], [115.68913692158068, 40.342746236400664], [115.68890149916945, 40.34274356769629], [115.68890324318645, 40.342653498656425], [115.68866782111961, 40.34265082948148], [115.68866956544169, 40.3425607604486], [115.68843414371926, 40.34255809080312], [115.6884358883464, 40.34246802177721], [115.68820046696838, 40.34246535166117], [115.6882022119006, 40.34237528264224], [115.68808450137985, 40.34237394740881], [115.68808624646067, 40.34228387839264], [115.6877331154151, 40.342279871986534], [115.68773486095742, 40.34218980298159], [115.68761715078111, 40.342188467277616], [115.68761889647203, 40.34209839827543], [115.68738347645598, 40.34209572651668], [115.68738522245197, 40.34200565752147], [115.6872675126122, 40.34200432146671], [115.68726925875677, 40.34191425247426], [115.6870338394138, 40.341911580013935], [115.68703558586343, 40.34182151102847], [115.68668245737744, 40.341817501452574], [115.68668420428858, 40.34172743247833], [115.68656649496546, 40.34172609571776], [115.68656824202517, 40.34163602674628], [115.68633282371553, 40.341633352874375], [115.68633631843713, 40.341453214943925], [115.68621860960705, 40.34145187783682], [115.68622035711249, 40.341361808873614], [115.68610264844676, 40.34136047165099], [115.68610439610077, 40.341270402690554], [115.68586897910588, 40.34126772789453], [115.68587072706491, 40.34117765894109], [115.68563531041447, 40.34117498367455], [115.68563705867854, 40.3410849147281], [115.68457768555005, 40.34107287013937], [115.68457593587789, 40.34116293904769], [115.68434051940098, 40.34116026114673], [115.68433876940801, 40.341250330045106], [115.68386793592313, 40.341244972789326], [115.68386618529642, 40.341335041669254], [115.6837484767885, 40.3413337020517], [115.68375022757166, 40.34124363317601], [115.68292626933247, 40.34123425252995], [115.68292802120293, 40.34114418368247], [115.68269260494719, 40.34114150242866], [115.68269435712266, 40.3410514335882], [115.68234123326768, 40.341047410822135], [115.6823429859046, 40.34095734199294], [115.68198986259016, 40.34095331816191], [115.68199161568853, 40.34086324934397], [115.6816384929146, 40.34085922444798], [115.68164024647444, 40.34076915564132], [115.68140483164427, 40.3407664717871], [115.6814065855091, 40.34067640298746], [115.68117117102346, 40.34067371866278], [115.68117292519331, 40.34058364987016], [115.68081980399357, 40.3405796224978], [115.68082155862483, 40.340489553716466], [115.68046843796569, 40.340485525279185], [115.6804701930584, 40.34039545650913], [115.68011707293985, 40.34039142700692], [115.68011531737781, 40.34048149576421], [115.679997610531, 40.340480152353074], [115.6799993662495, 40.34039008360003], [115.67988165956709, 40.34038874007339], [115.67987990369213, 40.34047880882219], [115.67964449003813, 40.340476121401196], [115.67963395274472, 40.341016533812066], [115.67975166050647, 40.34101787760794], [115.67974990441961, 40.34110794634219], [115.67986761234575, 40.34110929002258], [115.67986585640743, 40.34119935875962], [115.67998356449793, 40.341200702324514], [115.67998180870815, 40.34129077106433], [115.68009951696303, 40.34129211451374], [115.6800977613218, 40.34138218325633], [115.68021546974104, 40.34138352659025], [115.6802102032392, 40.341653732821975], [115.68032791213574, 40.341655076048895], [115.68031913525657, 40.34210541976027], [115.68043684494333, 40.34210676288872], [115.68043508970021, 40.34219683163083], [115.68055279955138, 40.34219817464377], [115.68054753424389, 40.34246838087405], [115.68042982392335, 40.34246703784836], [115.68043157919021, 40.34237696911066], [115.68019615888582, 40.34237428270853], [115.68019791445771, 40.342284213977855], [115.68008020447385, 40.34228287060142], [115.68008196019429, 40.34219280187352], [115.67984654056326, 40.34219011476991], [115.6798482965887, 40.342100046049055], [115.67973058694153, 40.342098702321884], [115.6797323431155, 40.34200863360381], [115.67961463363272, 40.342007289761135], [115.67961638995526, 40.34191722104584], [115.67938097132638, 40.34191453300976], [115.67938624118517, 40.34164432688059], [115.679268532352, 40.34164298269569], [115.67927380260883, 40.341372776566054], [115.67903838590502, 40.34137008786254], [115.67904189999577, 40.341189950452446], [115.67892419196866, 40.34118860592959], [115.67892770634063, 40.341008468522126], [115.67880999863435, 40.341007123888026], [115.67881351328752, 40.34082698648319], [115.67798956175592, 40.340817570751334], [115.67798780333813, 40.340907639424685], [115.67787009585172, 40.34090629383691], [115.67786833726956, 40.34099636250453], [115.67775062963466, 40.34099501679274], [115.6777488708881, 40.34108508545463], [115.67763116310465, 40.34108373961884], [115.67762940419371, 40.341173808275], [115.67704086461329, 40.3411670772786], [115.67703910491213, 40.341257145911975], [115.67680368882262, 40.34125445266668], [115.67680192880061, 40.341344521290075], [115.6766842206113, 40.34134317448354], [115.67668070023058, 40.34152331171739], [115.67656299173629, 40.34152196478258], [115.67655947101088, 40.34170210200201], [115.67644176221161, 40.34170075493894], [115.67644000168053, 40.34179082354219], [115.67632229273275, 40.3417894763551], [115.67632053203727, 40.34187954495261], [115.676202822941, 40.34187819764152], [115.67621514873778, 40.34124771745791], [115.67633285673887, 40.34124906473915], [115.67633461737876, 40.34115899613135], [115.67645232523132, 40.341160343288585], [115.67645408570682, 40.34107027467503], [115.67668950112287, 40.34107296862176], [115.67669302142423, 40.34089283137321], [115.67645760663397, 40.34089013744356], [115.67645936708566, 40.340800068825594], [115.67610624542918, 40.34079602704583], [115.67611504991518, 40.34034568399798], [115.67623275634381, 40.34034703135632], [115.6762345170607, 40.34025696273807], [115.67611681078854, 40.340255615384], [115.67612385420259, 40.339895340913344], [115.67600614856413, 40.33989399345659], [115.67600790955423, 40.33980392483952], [115.67589020408015, 40.33980257726729], [115.67589196521875, 40.33971250865302], [115.67565655460734, 40.33970981315788], [115.67565831605087, 40.33961974455066], [115.67530520066266, 40.33961570042271], [115.6753034387498, 40.339705769017144], [115.67506802821785, 40.33970307232462], [115.67506626598416, 40.33979314090902], [115.67494856057363, 40.33979179237889], [115.67494679817555, 40.33988186095756], [115.67482909261655, 40.339880512303424], [115.67482733005409, 40.339970580876354], [115.67470962434658, 40.339969232098206], [115.6747043361421, 40.340239437795354], [115.6745866299732, 40.340238088884654], [115.67458486706605, 40.34032815744318], [115.67434945443925, 40.34032545925402], [115.67434769121121, 40.34041552780252], [115.67399457186136, 40.34041147960792], [115.67399280815603, 40.34050154814213], [115.67387510156553, 40.34050019850018], [115.67387686542732, 40.340410129970245], [115.67340603977071, 40.34040473022212], [115.67340780425032, 40.340314661707815], [115.6732900980125, 40.340313311475704], [115.67329362726075, 40.34013317445119], [115.67317592134378, 40.340131824107885], [115.67317768611241, 40.340041755597696], [115.67329539187291, 40.340043105936736], [115.67329715647712, 40.3399530374208], [115.67270862853641, 40.33994628454966], [115.67270686314997, 40.34003635304421], [115.67223604031494, 40.3400309485749], [115.67223780632715, 40.33994088009746], [115.67212010079474, 40.339939528685065], [115.67212186695544, 40.33984946021041], [115.67200416158747, 40.33984810868256], [115.67200946049107, 40.33957790326263], [115.67212716538972, 40.339579254777654], [115.67213246375232, 40.33930904933165], [115.67225016818963, 40.339310400714105], [115.67225193413812, 40.33922033222489], [115.67213422985726, 40.33921898084671], [115.6721377620432, 40.3390388438724], [115.67202005808316, 40.339037492383056], [115.67202182432065, 40.338947423897984], [115.67190412052501, 40.33894607229317], [115.67190588691096, 40.33885600381089], [115.67178818327972, 40.33885465209063], [115.67178994981414, 40.33876458361116], [115.67155454288846, 40.338761879819984], [115.67155630972776, 40.3386718113476], [115.6714386064333, 40.33867045927669], [115.67144037342106, 40.33858039080713], [115.67073415476038, 40.338572275892965], [115.67073238683399, 40.338662344336846], [115.67049698036469, 40.33865963839904], [115.67049521211749, 40.338749706832864], [115.6702598053672, 40.338747000407565], [115.67025803679915, 40.338837068831374], [115.67014033327953, 40.33883571543485], [115.67013679580664, 40.339015852269476], [115.67001909198213, 40.33901449874464], [115.67001201631484, 40.339374772379124], [115.67012972076509, 40.3393761259211], [115.67011910796342, 40.33991653635438], [115.67000140257451, 40.3399151827867], [115.66999786459725, 40.34009531957745], [115.66976245321763, 40.340092612065725], [115.66976068390412, 40.34018268045033], [115.66940756642522, 40.34017861827186], [115.6694057966344, 40.34026868664213], [115.6691703847088, 40.340265977915884], [115.66916861459713, 40.340356046276106], [115.66893320239059, 40.34035333706233], [115.66893143195803, 40.3404434054125], [115.66869601947053, 40.340440695711195], [115.66869779021597, 40.340350627369574], [115.66799155388394, 40.34034249541761], [115.66799332556006, 40.340252427100275], [115.66752250212427, 40.340247003421354], [115.66752427441821, 40.34015693511971], [115.66717115739465, 40.340152866116135], [115.66716938463138, 40.340242934404905], [115.66705167881639, 40.340241577826596], [115.6670499058887, 40.3403316461096], [115.66693219992528, 40.340330289407255], [115.66693042683313, 40.34042035768449], [115.66681272072127, 40.34041900085813], [115.66681094746465, 40.34050906912959], [115.66669324120434, 40.34050771217919], [115.6666861474722, 40.34086798523315], [115.66656844059409, 40.340866628145825], [115.6665666669846, 40.34095669640134], [115.66644895995805, 40.34095533918999], [115.6664471861841, 40.341045407439736], [115.66632947900908, 40.34104405010434], [115.66632770507069, 40.341134118348315], [115.66620999774723, 40.34113276088889], [115.66620822364439, 40.3412228291271], [115.66585510125267, 40.34121875601745], [115.66585332667248, 40.3413088242413], [115.66550020388343, 40.341304750041076], [115.66549842882586, 40.34139481825055], [115.66526301336029, 40.341392101509754], [115.66526123798182, 40.34148216970916], [115.66502582223536, 40.34147945248079], [115.66502404653599, 40.34156952067013], [115.66490633851834, 40.341568161872026], [115.66490456265446, 40.34165823005559], [115.66466914633027, 40.341655512091556], [115.66466737014548, 40.341745580265034], [115.66454966183893, 40.3417442210991], [115.66454788548968, 40.34183428926682], [115.6644301770347, 40.34183292997684], [115.66442840052098, 40.34192299813877], [115.66431069191756, 40.34192163872474], [115.66430891523936, 40.34201170688091], [115.6641912064875, 40.34201034734283], [115.66418942964482, 40.34210041549321], [115.66407172074453, 40.342099055831085], [115.66406994373737, 40.34218912397571], [115.66395223468864, 40.34218776418951], [115.66395045751702, 40.34227783232836], [115.66300878416395, 40.34226694969359], [115.66301056258722, 40.342176881589204], [115.6627751446421, 40.34217415974166], [115.66278225950668, 40.34181388734382], [115.66266455117199, 40.34181252625767], [115.66266988770556, 40.34154232195676], [115.66255217984822, 40.34154096076378], [115.6625592957398, 40.34118068835918], [115.66267700297131, 40.341182049534936], [115.66268056055607, 40.34100191331518], [115.66279826748269, 40.34100327436257], [115.66280182472245, 40.34082313812833], [115.6629195313442, 40.34082449904735], [115.66292308823895, 40.3406443627986], [115.66304079455583, 40.34064572358927], [115.66304257283474, 40.34055565545839], [115.66316027900321, 40.34055701612502], [115.66316205711763, 40.340466947988354], [115.66327976313765, 40.34046830853092], [115.66328154108764, 40.340378240388475], [115.66339924695924, 40.34037960080702], [115.66340102474473, 40.340289532658794], [115.66351873046794, 40.34029089295329], [115.66352050808896, 40.34020082479929], [115.66363821366373, 40.34020218496974], [115.66364176856888, 40.3400220486487], [115.66375947383877, 40.3400234086908], [115.66376480566703, 40.3397532041853], [115.6638825104756, 40.33975456409475], [115.6638860646748, 40.33957442774178], [115.66400376917854, 40.33957578752289], [115.6640126537541, 40.33912544659318], [115.66413035748363, 40.33912680623303], [115.6641356876635, 40.33885660164464], [115.66401798440326, 40.3388552420177], [115.66401976127028, 40.338765173822914], [115.6639020581745, 40.338763814080544], [115.66390383518994, 40.338673745888606], [115.66378613225858, 40.3386723860308], [115.66378790942242, 40.338582317841706], [115.66390561219737, 40.33858367769519], [115.66390738919678, 40.33849360950032], [115.66426049710032, 40.338497688329504], [115.6642587205702, 40.3385877565373], [115.66449412619217, 40.3385904751667], [115.66449590240941, 40.3385004069503], [115.664613605076, 40.33850176608111], [115.6646207092392, 40.33814149318358], [115.66473841128804, 40.33814285217744], [115.66474018715239, 40.33805278394509], [115.66462248525997, 40.33805142495552], [115.66462603727747, 40.33787128849498], [115.66439063414234, 40.337868570173875], [115.66439241045192, 40.33777850195], [115.66427470905279, 40.337777142614144], [115.6642764855108, 40.337687074393116], [115.66309947352461, 40.33767347449267], [115.66310125153885, 40.33758340631321], [115.66286584955067, 40.33758068490501], [115.66286762786973, 40.33749061673268], [115.66274992704409, 40.33748925585329], [115.66275170551155, 40.3373991876838], [115.66263400485036, 40.337397826689], [115.6626357834662, 40.33730775852234], [115.66251808296947, 40.337306397412135], [115.66252164048993, 40.337126261083014], [115.66240394031404, 40.33712489986169], [115.66240571921865, 40.337034831699235], [115.66228801920721, 40.33703347036249], [115.66229157730524, 40.336853334041784], [115.66217387761465, 40.336851972593934], [115.66217565680803, 40.33676190443568], [115.66205795728189, 40.336760542872426], [115.66207041250576, 40.33613006575362], [115.66195271408253, 40.3361287041008], [115.66195449352453, 40.336038635939396], [115.661719097015, 40.336035912283215], [115.66172087676179, 40.33594584412895], [115.66160317867548, 40.3359444821256], [115.66160495857068, 40.33585441397418], [115.66148726064878, 40.33585305185541], [115.66148904069236, 40.33576298370683], [115.66101824971078, 40.33575753405182], [115.66101468836436, 40.335937670313015], [115.66113238641053, 40.33593903291497], [115.66113060588167, 40.336029101047664], [115.66124830409228, 40.336030463534215], [115.66124652371181, 40.33612053166976], [115.66136422208687, 40.3361218940409], [115.66135888136652, 40.33639209845162], [115.66124118252225, 40.33639073606755], [115.66124296292678, 40.33630066793641], [115.66112526424695, 40.33629930543694], [115.66112348368598, 40.33638937356374], [115.66088808603757, 40.33638664819698], [115.66088986691136, 40.33629658007879], [115.66077216825562, 40.33629521722014], [115.66077573029193, 40.33611508098799], [115.66065803195706, 40.33611371801825], [115.66065981311957, 40.33602364990427], [115.6600713223477, 40.33601683328132], [115.66006954040313, 40.33610690137371], [115.65983414383783, 40.33610417387787], [115.65983236157241, 40.33619424196014], [115.6597146631454, 40.33619287802833], [115.6597110982776, 40.336373014179856], [115.65959339954578, 40.33637165011967], [115.659589834333, 40.336551786256685], [115.65947213529643, 40.336550422068136], [115.65947035252155, 40.33664049013012], [115.6587641575325, 40.33663230245882], [115.6587623738111, 40.3367223704934], [115.65852697523296, 40.33671964030322], [115.65852519119068, 40.33680970832769], [115.65828979233186, 40.336806977649964], [115.65828800796872, 40.33689704566433], [115.65758181064699, 40.336888850731874], [115.65758359594864, 40.33679878274345], [115.65734819721867, 40.336796050150156], [115.65735355401377, 40.33652584620202], [115.65723585513011, 40.33652447973877], [115.65723764086879, 40.33643441175742], [115.65711994214956, 40.33643304517879], [115.65712351391561, 40.33625290922034], [115.65677041874478, 40.33624880879203], [115.65677220508496, 40.33615874082359], [115.6572429980365, 40.3361642078046], [115.65724656944136, 40.33598407182868], [115.65736426738658, 40.33598543826597], [115.65736605292051, 40.33589537027147], [115.65701295957828, 40.335891270613395], [115.65701474557339, 40.33580120263041], [115.65677935036501, 40.335798468935074], [115.65678113666488, 40.335708400959255], [115.65642804438195, 40.33570429953136], [115.65643340464085, 40.33543409563404], [115.65631570769854, 40.33543272826494], [115.65631749459182, 40.335342660300554], [115.65619979781397, 40.33534129281608], [115.65620158485555, 40.33525122485455], [115.65608388824216, 40.33524985725469], [115.6560803138381, 40.33542999316762], [115.65596261691998, 40.33542862543938], [115.65595725478418, 40.33569882928477], [115.65619264956693, 40.33570156464749], [115.65619086248503, 40.33579163260167], [115.65642625761284, 40.33579436749418], [115.65642268405048, 40.33597450341542], [115.65630498616973, 40.335973136020364], [115.65629962529653, 40.336243339878195], [115.65618192695459, 40.336241972350436], [115.65618013982433, 40.336332040295765], [115.65629783832266, 40.336333407827865], [115.65629247735271, 40.336603611668025], [115.65641017632834, 40.33660497909337], [115.6564066026209, 40.3367851149881], [115.65652430191741, 40.33678648230238], [115.65651894176507, 40.337056686146425], [115.65640124199929, 40.337055318819154], [115.65639945510932, 40.337145386759886], [115.65592865550119, 40.337139916236254], [115.65593759299884, 40.336689576604414], [115.65581989389905, 40.33668820869585], [115.65582168153081, 40.33659814076939], [115.65558628366824, 40.33659540460175], [115.65558807160475, 40.33650533668248], [115.65547037284198, 40.3365039684234], [115.65547394900365, 40.3363238325891], [115.65559164745359, 40.336325200839525], [115.65559522327017, 40.336145064990674], [115.65535982700399, 40.33614232838745], [115.65535803878689, 40.33623239630395], [115.65524034050948, 40.33623102781842], [115.65523855212794, 40.33632109572912], [115.65512085370217, 40.336319727119545], [115.65511906515613, 40.33640979502444], [115.654883668016, 40.33640705743746], [115.65488187914907, 40.33649712533221], [115.65476418043468, 40.3364957563548], [115.6547623914033, 40.336585824243755], [115.65464469254057, 40.3365844551423], [115.65464290334467, 40.33667452302544], [115.65452520433361, 40.336673153799914], [115.65452341497323, 40.336763221677245], [115.65405261838406, 40.33675774356065], [115.65405440837007, 40.33666767570066], [115.65381901043675, 40.33666493593269], [115.65382259101024, 40.33648480022564], [115.65370489236851, 40.336483430170745], [115.65370668279955, 40.33639336231935], [115.65264739679523, 40.33638102647695], [115.6526491886259, 40.33629095866311], [115.65253149037778, 40.3362895874197], [115.65253328235677, 40.336199519608726], [115.65241558427316, 40.33619814824993], [115.65241737640045, 40.33610808044184], [115.65206428266733, 40.33610396566016], [115.65206249007078, 40.33619403345522], [115.65182709397628, 40.33619128966016], [115.65182530105884, 40.33628135744507], [115.65170760286733, 40.33627998536362], [115.65170580978538, 40.336370053142716], [115.65135271479011, 40.33636593616699], [115.65135092123084, 40.33645600393157], [115.65123322275888, 40.33645463136255], [115.65122963530324, 40.33663476687863], [115.65111193652652, 40.3366333941812], [115.6511083487257, 40.336813529682686], [115.65087295057087, 40.33681078391127], [115.6508711563455, 40.33690085165112], [115.65075345712383, 40.33689947858148], [115.65075166273394, 40.3369895463155], [115.65063396336393, 40.336988173121796], [115.65063216880952, 40.33707824084999], [115.65051446929121, 40.33707686753223], [115.65050729036703, 40.33743713841294], [115.65038959023113, 40.33743576495806], [115.65038779532344, 40.3375258326702], [115.6501523947631, 40.33752308539255], [115.6501577804004, 40.33725288227778], [115.65004008060166, 40.33725150847241], [115.65005085259615, 40.33671110222919], [115.65016855145643, 40.33671247600847], [115.65017393687516, 40.33644227285393], [115.65029163527429, 40.33644364650042], [115.65029702015089, 40.33617344331957], [115.65041471808891, 40.336174816833314], [115.65041651287518, 40.33608474909907], [115.65053421066489, 40.336086122488766], [115.65053600528663, 40.3359960547487], [115.65065370292803, 40.33599742801431], [115.6506554973853, 40.335907360268415], [115.65077319487837, 40.33590873340997], [115.65077498917113, 40.335818665658266], [115.65089268651587, 40.33582003867574], [115.65089448064415, 40.33572997091823], [115.6510121778406, 40.33573134381165], [115.65101397180436, 40.3356412760483], [115.65124936590873, 40.3356440214673], [115.65125115955158, 40.335553953693804], [115.6514865533755, 40.33555669862524], [115.65148834669748, 40.33546663084158], [115.65172374024093, 40.33546937528547], [115.65172553324199, 40.335379307491635], [115.65184322986944, 40.33538067952966], [115.65184502270603, 40.335290611730024], [115.65196271918518, 40.335291983644], [115.65196630452128, 40.3351118480316], [115.65208400069571, 40.335113219817174], [115.65208579319523, 40.335023152004425], [115.65232118525553, 40.335025895207735], [115.65232297743418, 40.33493582738483], [115.65255836921399, 40.334938570100604], [115.65256016107176, 40.334848502267555], [115.6527955525711, 40.33485124449578], [115.652797344108, 40.33476117665258], [115.6529150397134, 40.334762547582784], [115.65291862245012, 40.33458241188328], [115.65315401305959, 40.33458515336719], [115.65315580410304, 40.334495085506546], [115.65303810895065, 40.33449371482877], [115.65303990014243, 40.334403646971], [115.65327529014247, 40.33440638819813], [115.65327708101334, 40.33431632033021], [115.6531593861657, 40.33431494978085], [115.65316296819603, 40.334134814049236], [115.65269219013734, 40.33412933068933], [115.65269398176595, 40.33403926283868], [115.65245859309789, 40.334036520449146], [115.65246934457662, 40.33349611336637], [115.65258703796827, 40.333497484594965], [115.6525906214171, 40.333317348880236], [115.65270831450407, 40.33331871998043], [115.65271189760776, 40.33313858425114], [115.65294728318038, 40.333141326075044], [115.65294907440736, 40.33305125819951], [115.65318445969955, 40.33305399953591], [115.65318625060566, 40.33296393165023], [115.65330394310747, 40.332965302134525], [115.6533075245827, 40.33278516635007], [115.65342521677982, 40.33278653670599], [115.65343596007341, 40.33224612929123], [115.65331826881457, 40.33224475896133], [115.65332005949162, 40.33215469105805], [115.65296698623268, 40.33215057936316], [115.65296877737079, 40.33206051147142], [115.65273339555128, 40.33205776975167], [115.65274414408672, 40.33151736242238], [115.65286183405418, 40.33151873331609], [115.6528636252921, 40.33142866541837], [115.65274593548102, 40.331427294529014], [115.65274772686723, 40.33133722663418], [115.6526300372206, 40.33133585562946], [115.65263362028153, 40.33115571984404], [115.65275130961541, 40.33115709084007], [115.65275310097739, 40.33106702294082], [115.65263541179986, 40.33106565194912], [115.65263720331014, 40.33097558405273], [115.65251951429708, 40.33097421294567], [115.65251593095574, 40.331154348728305], [115.65239824163801, 40.33115297749287], [115.65240003346908, 40.33106290960663], [115.65228234431584, 40.33106153825584], [115.6522841362952, 40.330971470372475], [115.65204875832565, 40.33096872732048], [115.65205055060966, 40.33087865944432], [115.65181517298518, 40.33087591592222], [115.65182234329137, 40.33051564443757], [115.65170465511672, 40.33051427251436], [115.65170824053402, 40.33033413677188], [115.65159055268019, 40.33033276473765], [115.65159413837787, 40.33015262899797], [115.65147645084487, 40.33015125685272], [115.65148003682292, 40.32997112111584], [115.65100928802259, 40.32996563137269], [115.65100749441216, 40.33005569922449], [115.65041905781196, 40.33004883433074], [115.65041726341163, 40.33013890215933], [115.64994651365171, 40.33013340807245], [115.64994471861785, 40.33022347588218], [115.6493562808183, 40.330216605558725], [115.64935448499453, 40.330306673345255], [115.64923679730255, 40.33030529891713], [115.64923320531798, 40.33048543447703], [115.64911551732139, 40.33048405992051], [115.64911372116059, 40.33057412769391], [115.64899603301572, 40.33057275301334], [115.64899423669044, 40.33066282078091], [115.64887654839734, 40.33066144597629], [115.64887475190758, 40.33075151373804], [115.64875706346622, 40.33075013880938], [115.64875526681199, 40.330840206565306], [115.64851988964081, 40.33083745634019], [115.64852168660775, 40.330747388592975], [115.64840399819067, 40.33074601330522], [115.64840579530588, 40.33065594556089], [115.64828810705325, 40.330654570157805], [115.64828990431671, 40.33056450241635], [115.64793684007664, 40.33056037550198], [115.64793863780108, 40.3304703077721], [115.64782094989363, 40.330468931898956], [115.64782274776634, 40.33037886417197], [115.64770506002337, 40.33037748818347], [115.64771405004701, 40.32992714954824], [115.64783173700819, 40.329928525514966], [115.64784611937348, 40.32920798358714], [115.64772843366316, 40.32920660765526], [115.64773202948611, 40.329026472167286], [115.64761434409661, 40.329025096124425], [115.64761794019982, 40.32884496063925], [115.64773562527662, 40.32884633667341], [115.64773742315971, 40.32875626892426], [115.64761973823927, 40.32875489289447], [115.64762153627059, 40.32866482514821], [115.64773922103471, 40.32866620117365], [115.64774101890156, 40.32857613342156], [115.64785870351743, 40.32857750932294], [115.64785690580692, 40.32866757707939], [115.64820996017218, 40.328671704078516], [115.64820816292261, 40.32876177184655], [115.64844353285268, 40.328764522589566], [115.64844532978957, 40.32867445481283], [115.6489160691216, 40.32867995484521], [115.64892145800745, 40.328409751453904], [115.64880377363133, 40.3284083766384], [115.64880557006676, 40.3283183088427], [115.6486878858551, 40.32831693391186], [115.64868968243876, 40.32822686611904], [115.64845431435243, 40.32822411590699], [115.64845611124068, 40.32813404812142], [115.64857379512344, 40.32813542328292], [115.64857559184725, 40.32804535549151], [115.64834022440252, 40.32804260505752], [115.64834202143089, 40.32795253727334], [115.64822433787705, 40.32795116188116], [115.64822254069232, 40.328041229661], [115.64751643860127, 40.32803297476848], [115.64751823672407, 40.32794290701478], [115.64716518625707, 40.32793877796585], [115.6471669848408, 40.327848710223755], [115.64693161821603, 40.32784595693477], [115.64693341710432, 40.32775588919992], [115.64681573396045, 40.32775451238025], [115.6468355229159, 40.32676376724753], [115.64671784149986, 40.32676239035612], [115.64671964060346, 40.326672322612296], [115.64660195935188, 40.32667094560558], [115.6466037586037, 40.32658087786466], [115.64648607751654, 40.326579500742604], [115.646493275068, 40.326219229781564], [115.64684631647779, 40.32622336073635], [115.64684811537636, 40.326133292979335], [115.6469657957062, 40.32613466972054], [115.64696399696396, 40.32622473748192], [115.64790544114521, 40.32623574713814], [115.64790364364548, 40.3263258149329], [115.64825668581625, 40.326329941592384], [115.6482548887774, 40.32642000939873], [115.64884329333906, 40.32642688479275], [115.64884149707378, 40.32651695261938], [115.64919454037701, 40.326521076432705], [115.64919992774156, 40.326250872909235], [115.64908224710138, 40.32624949843751], [115.6490840430297, 40.32615943059776], [115.64896636255396, 40.32615805601072], [115.6489681586305, 40.32606798817383], [115.64885047831918, 40.32606661347147], [115.64885227454396, 40.32597654563747], [115.64873459439706, 40.32597517081978], [115.64873639077007, 40.325885102988664], [115.6486187107876, 40.32588372805565], [115.64862050730885, 40.32579366022741], [115.6485028274908, 40.32579228517907], [115.64850462416027, 40.32570221735371], [115.64826926486116, 40.32569946690673], [115.64827106183516, 40.32560939908858], [115.64803570288113, 40.32560664817161], [115.64803750015969, 40.325516580360706], [115.64780214155073, 40.32551382897375], [115.64780393913382, 40.32542376117008], [115.64745090175018, 40.32541963320516], [115.64744910369811, 40.32550970099573], [115.64686070743929, 40.32550281863892], [115.64686250627298, 40.32541275087012], [115.64662714813886, 40.3254099970984], [115.64662894727708, 40.32531992933683], [115.6463935894881, 40.32531717509513], [115.64639538893083, 40.325227107340815], [115.64627771020483, 40.325225730044814], [115.64627950979576, 40.325135662293384], [115.64616183123422, 40.32513428488207], [115.64616363097338, 40.32504421713352], [115.64592827418724, 40.3250414619606], [115.64592647413545, 40.32513152970043], [115.64580879559824, 40.325130151930104], [115.645806995382, 40.3252202196641], [115.64592467407553, 40.325221597438784], [115.64592287400751, 40.32531166517566], [115.64580519515765, 40.32531028739662], [115.64580159468458, 40.325490422857214], [115.64591927384708, 40.325491800645], [115.64591567365419, 40.32567193610844], [115.64579799417906, 40.32567055831195], [115.6457961939141, 40.325760626037095], [115.6454431550684, 40.32575649191648], [115.6454449558023, 40.32566642420442], [115.64509191749869, 40.325662289019824], [115.64509371869347, 40.32557222131937], [115.64485836017765, 40.32556946393999], [115.64486016167695, 40.325479396246806], [115.6446248035063, 40.32547663839747], [115.64462840710583, 40.32529650302412], [115.64451072834532, 40.325295123928676], [115.64451433222496, 40.32511498855817], [115.64439665378524, 40.32511360935178], [115.64440746616708, 40.324573203231076], [115.6445251436689, 40.32457458241128], [115.64453595482026, 40.324034176211335], [115.64441827825632, 40.324032797057335], [115.64442188222104, 40.32385266165429], [115.64430420597786, 40.32385128238936], [115.64430781022271, 40.323671146989156], [115.64419013430026, 40.3236697676133], [115.64419193656681, 40.32357969991534], [115.64395658505894, 40.32357694081335], [115.64395838762997, 40.32348687312266], [115.64384071204452, 40.32348549339653], [115.64384251476372, 40.32339542570875], [115.64348948852515, 40.32339128582547], [115.64348768533702, 40.32348135350016], [115.6431346587027, 40.32347721252681], [115.64313285503752, 40.32356728018691], [115.64207377416714, 40.32355485076562], [115.64207196908706, 40.32364491838491], [115.64195429331917, 40.323643536735396], [115.64195068282194, 40.323823671960795], [115.6418330067496, 40.32382229018287], [115.64182036865868, 40.324452763394724], [115.64170269150027, 40.324451381466524], [115.64169908023123, 40.3246315166479], [115.64158140276835, 40.324630134591274], [115.64157598533477, 40.32490033733916], [115.64145830741109, 40.32489895514974], [115.64144566535342, 40.32552942814591], [115.64132798634361, 40.325528045806195], [115.64132437394117, 40.32570818092595], [115.6412066946269, 40.3257067984578], [115.64120488825714, 40.325796866011075], [115.64108720879467, 40.32579548341889], [115.64108540226042, 40.32588555096632], [115.64096772264978, 40.32588416825007], [115.64096410924422, 40.326064303331776], [115.64084642932907, 40.326062920487104], [115.64084281557824, 40.326243055554144], [115.64072513535861, 40.32624167258104], [115.64071971420226, 40.32651187515742], [115.64083739489091, 40.326513258143656], [115.64083197413022, 40.32678346071991], [115.64071429297258, 40.326782077720544], [115.6407106787787, 40.32696221275525], [115.64059299731655, 40.32696082962744], [115.64059119005104, 40.32705089713821], [115.64035582683853, 40.32704813051479], [115.64035401925221, 40.32713819801532], [115.64023633750186, 40.32713681451972], [115.64023452975104, 40.3272268820144], [115.64011684785251, 40.32722549839474], [115.64011503993719, 40.32731556588356], [115.63999735789046, 40.32731418213984], [115.6400009740256, 40.32713404716948], [115.63988329229967, 40.32713266331484], [115.63988690871484, 40.32695252834734], [115.63976922730977, 40.32695114438179], [115.63977284400497, 40.32677100941716], [115.63965516292072, 40.32676962534067], [115.6396569714124, 40.32667955786053], [115.63953929049265, 40.326678173668746], [115.63954109913252, 40.326588106191515], [115.63930573763012, 40.32658533745771], [115.6393075465745, 40.32649526998775], [115.63895450485109, 40.32649111600262], [115.63895631425629, 40.32640104854434], [115.63883863385446, 40.32639966364765], [115.63884044340784, 40.326309596192296], [115.63872276317052, 40.32630821118032], [115.63873181159661, 40.325857873903296], [115.63861413214909, 40.32585648879356], [115.63861594196612, 40.32576642133814], [115.6384982626831, 40.325765036113104], [115.6385000726483, 40.325674968660586], [115.63814703531712, 40.32567081228065], [115.63814884574315, 40.325580744839804], [115.63779580895441, 40.32557658739597], [115.63778856532542, 40.32593685709788], [115.63767088578687, 40.32593547102637], [115.63766907470288, 40.32602553844377], [115.63755139501619, 40.32602415224821], [115.63754958376772, 40.32611421965974], [115.63743190393285, 40.32611283334011], [115.63742465823192, 40.326473102954], [115.63754233869209, 40.32647448929117], [115.63754052740276, 40.32656455669534], [115.63789356930124, 40.326568715002], [115.63789175847275, 40.32665878241784], [115.63812712009192, 40.32666155403267], [115.63812530956791, 40.32675162145584], [115.63836067153241, 40.326754392600726], [115.63836248174375, 40.3266643251688], [115.63871552428273, 40.32666848097539], [115.63871733401692, 40.32657841352884], [115.63883501472323, 40.326579798553965], [115.63883320514537, 40.326669866004906], [115.63895088601618, 40.32667125091474], [115.63894907658648, 40.3267613183686], [115.63906675762179, 40.32676270316313], [115.63905771113258, 40.3272130404322], [115.63917539295774, 40.32721442512898], [115.63916996543529, 40.32748462748588], [115.63881691857733, 40.32748047299705], [115.63881872822864, 40.32739040555938], [115.63858336401016, 40.32738763531053], [115.63858517396599, 40.327297567880144], [115.63846749202534, 40.32729618258058], [115.63847111222518, 40.327116047724175], [115.63823574899368, 40.32711327678355], [115.63823393858519, 40.32720334420372], [115.63788089333018, 40.327199186882034], [115.6378790824445, 40.327289254287585], [115.63717299121704, 40.32728093638654], [115.63717117938518, 40.327371003764284], [115.63622972362221, 40.32735990649238], [115.63623153670476, 40.32726983914977], [115.6361138549275, 40.32726845145662], [115.6361156681582, 40.32717838411693], [115.63599798654548, 40.32717699630849], [115.63600524001184, 40.326816726952565], [115.63565219709874, 40.32681256286189], [115.63565401091385, 40.3267224955324], [115.63553633011551, 40.32672110726722], [115.63553814407882, 40.32663103994066], [115.63542046344497, 40.32662965156018], [115.63542590575473, 40.326359449584814], [115.63601430666081, 40.32636639022447], [115.63601611996607, 40.32627632287443], [115.63648684021284, 40.32628187321443], [115.63648865288458, 40.32619180584535], [115.63660633281039, 40.32619319312677], [115.63660995781675, 40.326013058375395], [115.63672763743809, 40.32601444552835], [115.63673307441734, 40.32574424337705], [115.63685075357787, 40.32574563039717], [115.636865250579, 40.325025091227054], [115.63698292849712, 40.325026478092376], [115.63698836426876, 40.32475627586609], [115.63710604172611, 40.324757662598564], [115.63710966522036, 40.32457752776489], [115.63722734237327, 40.324578914368935], [115.63722915395182, 40.32448884694549], [115.63734683095657, 40.32449023342547], [115.63734864237065, 40.32440016599616], [115.63746631922724, 40.32440155235208], [115.63746813047686, 40.32431148491693], [115.63758580718532, 40.324312871148784], [115.63758942934737, 40.32413273626526], [115.63770710575137, 40.32413412236869], [115.63770891666383, 40.32404405492033], [115.63782659291971, 40.32404544089968], [115.6378302144075, 40.32386530598976], [115.63794789035892, 40.32386669184069], [115.63794970093427, 40.32377662437913], [115.63806737673754, 40.32377801010601], [115.63807099755111, 40.32359787516969], [115.63818867304994, 40.323599260768134], [115.63819229351823, 40.323419125817146], [115.63830996871259, 40.323420511287146], [115.6383117787782, 40.32333044380507], [115.63842945382441, 40.323331829151016], [115.63843126372555, 40.32324176166307], [115.63854893862366, 40.32324314688498], [115.6385525580888, 40.32306301189588], [115.63867023268244, 40.323064396989366], [115.63867385180237, 40.3228842619856], [115.63879152609157, 40.322885646950645], [115.63880238231764, 40.32234524187768], [115.63868470896624, 40.32234385693894], [115.63868832795558, 40.322163721911586], [115.6385706549249, 40.32216233686195], [115.6385760838166, 40.32189213432304], [115.63869375637834, 40.32189351935952], [115.63869737528609, 40.32171338431742], [115.63857970303692, 40.32171199928971], [115.63857789343085, 40.32180206680711], [115.63834254864437, 40.321799296383944], [115.63834073871755, 40.3218893638911], [115.63822306618027, 40.32188797849566], [115.638221256089, 40.32197804599694], [115.63810358340359, 40.32197666047745], [115.63810177314784, 40.32206672797288], [115.63786642748893, 40.322063956566154], [115.637853753282, 40.3226944289315], [115.6377360793707, 40.322693043017935], [115.63773245778263, 40.32287317795742], [115.6376147835669, 40.322871791915425], [115.63761297260432, 40.32296185937856], [115.63737762388477, 40.32295908692681], [115.6373758126014, 40.323049154379696], [115.63714046360192, 40.32304638144052], [115.6371386519978, 40.32313644888316], [115.63690330271841, 40.32313367545655], [115.63690149079348, 40.32322374288894], [115.63678381600974, 40.32322235599175], [115.63678200392036, 40.32331242341828], [115.63666432898849, 40.32331103639705], [115.63666070447256, 40.323491171236874], [115.63654302923625, 40.323489784087194], [115.63653940437503, 40.323669918912366], [115.63642172883429, 40.32366853163423], [115.63641810362776, 40.323848666444704], [115.63630042778256, 40.32384727903813], [115.6362949894425, 40.324117481229614], [115.63617731313659, 40.3241160936902], [115.6361755001839, 40.32420616108003], [115.63605782372981, 40.32420477341655], [115.63605601061266, 40.3242948408005], [115.6358206574164, 40.32429206510575], [115.63581884397844, 40.324382132479435], [115.63558349050228, 40.32437935629725], [115.6355816767435, 40.324469423660666], [115.63546399986139, 40.324468035385685], [115.63546581377648, 40.324377968026646], [115.63523046034939, 40.32437519112644], [115.63523408878027, 40.32419505642154], [115.6353517651771, 40.32419644492268], [115.63535539326263, 40.32401631020307], [115.63547306935499, 40.32401769857576], [115.63547488322916, 40.32392763120935], [115.63559255917343, 40.323929019457985], [115.63559618658462, 40.32374888471195], [115.63571386222446, 40.323750272832115], [115.63571748929031, 40.32357013807141], [115.63583516462569, 40.32357152606313], [115.6358442313657, 40.32312118911356], [115.63537353319934, 40.32311563651657], [115.63537171924247, 40.323205703891865], [115.63525404456503, 40.32320431543907], [115.63525041631418, 40.32338445017643], [115.63513274133231, 40.32338306159518], [115.6351291127361, 40.32356319631784], [115.6350114374498, 40.32356180760813], [115.63500962298312, 40.32365187496286], [115.6348919475487, 40.323650486129104], [115.63489013291752, 40.32374055347795], [115.63465478176062, 40.323737775442645], [115.63465296680866, 40.32382784278123], [115.63441761537189, 40.32382506425846], [115.6344158000991, 40.32391513158678], [115.63418044838247, 40.323912352576556], [115.63417863278887, 40.32400241989459], [115.63406095678653, 40.32400103020559], [115.63405914102847, 40.324091097517766], [115.63382378873571, 40.324088317771945], [115.63382197265683, 40.32417838507386], [115.63346894381021, 40.32417421454444], [115.63346712725419, 40.32426428183166], [115.63323177441814, 40.32426150087159], [115.6332299575413, 40.324351568148536], [115.6329946044254, 40.32434878670099], [115.63299278722775, 40.324438853967656], [115.63287511052577, 40.324437463059986], [115.63287329316363, 40.324527530320765], [115.63263793947164, 40.324524748137605], [115.63263612178868, 40.324614815388124], [115.63251844479865, 40.32461342411265], [115.63251662695117, 40.32470349135727], [115.63239894981304, 40.32470209995771], [115.63239713180106, 40.32479216719645], [115.63216177723679, 40.324789384029536], [115.63215995890396, 40.32487945125799], [115.63145389447007, 40.32487109885875], [115.63145571374078, 40.324781031656734], [115.63122035930778, 40.32477824657511], [115.63122399844984, 40.324598112184276], [115.63110632155825, 40.32459671947278], [115.6311172397254, 40.324056316291326], [115.63123491567913, 40.32405770897637], [115.6312385546899, 40.32387757456192], [115.6314739059967, 40.32388035955539], [115.63147572517717, 40.32379029233714], [115.63182875172998, 40.32379446891661], [115.63183057043334, 40.32370440168368], [115.63218359659106, 40.323708577172965], [115.63218177835664, 40.323798644419114], [115.63253480505709, 40.32380281884464], [115.6325329872834, 40.323892886102534], [115.63300369029066, 40.32389845034555], [115.63300550743914, 40.32380838307004], [115.63324085867936, 40.32381116446475], [115.63324267550699, 40.32372109717897], [115.63336035098308, 40.32372248769242], [115.63336216764624, 40.32363242040076], [115.63359751831037, 40.323635201059886], [115.63359933465274, 40.32354513375794], [115.6337170098408, 40.3235465239036], [115.63371882601862, 40.323456456595785], [115.6339541761067, 40.32345923651932], [115.63395599196376, 40.32336916920123], [115.63419134177197, 40.323371948637316], [115.63419315730822, 40.32328188130895], [115.63431083206832, 40.3232832708431], [115.63431264744008, 40.32319320350886], [115.63443032205204, 40.32319459291895], [115.63443395245842, 40.32301445823725], [115.63455162676597, 40.323015847518896], [115.63455344180056, 40.32292578017143], [115.63467111596003, 40.322927169329006], [115.63467293083012, 40.32283710197568], [115.63479060484144, 40.32283849100919], [115.63479423424452, 40.3226583562893], [115.63491190795143, 40.32265974519437], [115.63491372248438, 40.32256967782782], [115.63503139604317, 40.32257106660883], [115.63503321041166, 40.32248099923641], [115.63515088382235, 40.322482387893366], [115.63515269802636, 40.32239232051507], [115.63527037128893, 40.32239370904798], [115.63527218532845, 40.32230364166381], [115.63538985844289, 40.32230503007266], [115.63539167231794, 40.32221496268262], [115.63550934528426, 40.322216350967416], [115.63551115899483, 40.32212628357152], [115.63586417747402, 40.322130447694775], [115.63586599070753, 40.322040380284214], [115.63621900879143, 40.32204454331737], [115.63622082154788, 40.32195447589216], [115.63633849410259, 40.32195586332617], [115.63634211927835, 40.32177572846254], [115.63645979152864, 40.321777115768114], [115.63646160394798, 40.32168704832971], [115.636343931854, 40.321685661028525], [115.63634574442145, 40.32159559359303], [115.63646341635915, 40.32159698088981], [115.63647066592206, 40.32123671111551], [115.63658833724277, 40.32123809827507], [115.6365919616626, 40.3210579633703], [115.63670963267892, 40.321059350401434], [115.63672050480457, 40.320518945625366], [115.63683817489135, 40.320520332510505], [115.63684723398991, 40.320069995134624], [115.63672956468453, 40.320068608271434], [115.63674224817326, 40.319438135914005], [115.63662457997002, 40.3194367489619], [115.63662820406292, 40.31925661399815], [115.63651053618038, 40.31925522693519], [115.63651416055316, 40.31907509197432], [115.63639649299132, 40.31907370480049], [115.63640011764396, 40.3188935698425], [115.63628245040285, 40.31889218255781], [115.63628788778931, 40.318621980122956], [115.63617022102514, 40.31862059273179], [115.63618290906797, 40.31799012036292], [115.63606524340587, 40.31798873288287], [115.6360688687999, 40.31780859791585], [115.63595120345849, 40.317807210324936], [115.63595482913234, 40.31762707536081], [115.63583716411165, 40.31762568765904], [115.63584079006533, 40.317445552697805], [115.63572312536529, 40.317444164885174], [115.63572493848613, 40.31735409740674], [115.63560727395055, 40.31735270947888], [115.63561271373277, 40.31708250704789], [115.63549504967412, 40.31708111901357], [115.63549686307475, 40.31699105153802], [115.63526153529453, 40.316988275119265], [115.6352633489995, 40.316898207651036], [115.63502802156451, 40.31689543076252], [115.63502983557379, 40.31680536330161], [115.63455918142701, 40.316799808106545], [115.63456099605311, 40.31670974066173], [115.63338436282163, 40.31669584434362], [115.63338254663297, 40.31678591174444], [115.63302955635446, 40.31678174050293], [115.63302773968887, 40.31687180788907], [115.63255708547389, 40.316866244541224], [115.6325552681751, 40.316956311908264], [115.63231994080425, 40.31695352950773], [115.63231812318476, 40.3170435968645], [115.63196513172124, 40.31703942235322], [115.63196331362477, 40.31712948969529], [115.63149265782985, 40.31712392198771], [115.63148902036228, 40.317304056632196], [115.63101836344856, 40.31729848697518], [115.63101654407744, 40.31738855427758], [115.6307812153573, 40.31738576872243], [115.63077939566547, 40.31747583601453], [115.63054406666565, 40.317473049972016], [115.63054224665308, 40.31756311725384], [115.63042458200923, 40.317561724048716], [115.63042276183221, 40.31765179132464], [115.63030509704029, 40.317650397995465], [115.6303032766988, 40.3177404652655], [115.63018561175886, 40.31773907181229], [115.63018379125289, 40.31782913907644], [115.63006612616488, 40.317827745499166], [115.63006248481582, 40.318007880014235], [115.6299448194235, 40.3180064863085], [115.62994117772907, 40.318186620808845], [115.62982351203243, 40.31818522697465], [115.62982169101663, 40.31827529421818], [115.62970402517193, 40.31827390025993], [115.62970038280318, 40.318454034733776], [115.62946505051342, 40.3184512464407], [115.62946140748673, 40.318631380890984], [115.62934374104164, 40.318629986556154], [115.6293419193597, 40.318720053774676], [115.62922425276656, 40.3187186593158], [115.62922607460474, 40.31862859210169], [115.6291084081761, 40.31862719752758], [115.62911023016234, 40.318537130316415], [115.62899256389817, 40.31853573562708], [115.628999852386, 40.31817546678534], [115.62911751802514, 40.318176861457005], [115.62912844957282, 40.317636458123665], [115.62901078487127, 40.31763506347846], [115.62901260692338, 40.3175449962555], [115.62889494238628, 40.317543601495096], [115.62889676458643, 40.317453534275046], [115.62866143584942, 40.317450744404134], [115.62866325835388, 40.31736067719146], [115.62760428085056, 40.31734811689014], [115.6276024569398, 40.31743818406305], [115.62748479265764, 40.317436787871415], [115.62748296858241, 40.317526855038444], [115.62736530415219, 40.317525458722756], [115.62736347991249, 40.31761552588387], [115.62724581533426, 40.317614129444124], [115.62724399093005, 40.31770419659935], [115.62700866148576, 40.31770140335209], [115.62700683676081, 40.317791470497006], [115.62688917189476, 40.317790073689494], [115.62688734700532, 40.317880140828514], [115.62676968199123, 40.31787874389694], [115.6267678569373, 40.31796881103006], [115.62653252662129, 40.31796601679917], [115.62653070124661, 40.318056083921974], [115.6264130359447, 40.31805468662263], [115.62640938485812, 40.318234820854954], [115.62629171925194, 40.31823342342714], [115.62628259061009, 40.31868375896001], [115.6261649242308, 40.318682361390444], [115.62616309832146, 40.31877242848816], [115.62604543179415, 40.318771030794515], [115.62604360572031, 40.31886109788634], [115.62545527242594, 40.318854107601375], [115.62545344556253, 40.31894417466959], [115.62521811198991, 40.318941377709265], [115.62521445761328, 40.31912151182356], [115.62509679052683, 40.31912011315507], [115.62509313580472, 40.31930024725462], [115.62497546841394, 40.319298848457635], [115.62497364088424, 40.31938891550078], [115.62485597334542, 40.31938751657971], [115.62485414565123, 40.319477583616944], [115.6247364779644, 40.31947618457182], [115.62473465010568, 40.31956625160313], [115.62449931444421, 40.31956345314508], [115.62449565807697, 40.319743587185584], [115.62437798994603, 40.31974218776823], [115.62437616159376, 40.319832254781836], [115.62425849331483, 40.319830855240404], [115.62425666479803, 40.31992092224811], [115.62413899637106, 40.319919522582595], [115.62413716768974, 40.320009589584394], [115.62401949911475, 40.320008189794805], [115.62401767026891, 40.3200982567907], [115.62390000154589, 40.320096856877036], [115.62389817253553, 40.32018692386702], [115.62378050366446, 40.32018552382927], [115.62377684530645, 40.320365657795946], [115.6236591761311, 40.3203642576297], [115.62365551742752, 40.3205443915816], [115.62377318691547, 40.32054579175672], [115.62376769926708, 40.32081599268682], [115.6238853692321, 40.320817392755586], [115.62388171107115, 40.32099752671048], [115.62399938135697, 40.320998926668445], [115.62399023659168, 40.321449261552], [115.6241079076672, 40.32145066141248], [115.62410059233163, 40.32181092931048], [115.62398292063097, 40.32180952943227], [115.62397560453829, 40.322169797288936], [115.62385793222072, 40.322168397273344], [115.62385244459571, 40.32243859813704], [115.62373477181751, 40.3224371979885], [115.62372379540696, 40.32297759964946], [115.62360612169924, 40.32297619935467], [115.6236042921123, 40.32306626628858], [115.62348661825652, 40.32306486586969], [115.62348844799976, 40.32297479894021], [115.62337077430855, 40.3229733984061], [115.62337260419983, 40.3228833314796], [115.62325493067317, 40.322881930830256], [115.62325676071248, 40.32279186390671], [115.62313908735038, 40.322790463142134], [115.62314091753774, 40.322700396221535], [115.62302324434016, 40.32269899534175], [115.62303239593467, 40.32224866073883], [115.62315006835075, 40.32225006159645], [115.6231518984886, 40.322159994667004], [115.62326957075665, 40.32216139540053], [115.62327506065179, 40.32189119459004], [115.62303971706167, 40.32188839302992], [115.62303788679232, 40.32197845995937], [115.62233185528237, 40.321970052380706], [115.62233002406698, 40.322060119282064], [115.62221235202128, 40.32205871759574], [115.62220685785674, 40.32232891827761], [115.6220891853504, 40.3223275164583], [115.62208552222016, 40.32250765022998], [115.62196784940951, 40.32250624828214], [115.62195869065788, 40.32295658266328], [115.62172334349839, 40.32295377836426], [115.62172700764903, 40.322773644633976], [115.62160933439426, 40.322772242313846], [115.62161483102713, 40.322502041720675], [115.62149715824951, 40.32250063929421], [115.62150631992048, 40.322050304964954], [115.6213886479326, 40.32204890244102], [115.62139048039829, 40.32195883557518], [115.62127280857496, 40.32195743293604], [115.62127647379414, 40.321777299208804], [115.62115880229165, 40.32177589645889], [115.62116613325594, 40.321415629004484], [115.62104846238688, 40.321414226152676], [115.62105029526357, 40.32132415928983], [115.62081495386282, 40.321321353236144], [115.62081678704381, 40.32123128638071], [115.62046377547354, 40.321227076416115], [115.62046560911512, 40.32113700957252], [115.61999492776229, 40.32113139462906], [115.6199930934956, 40.321221461454876], [115.61952241165001, 40.32121584457922], [115.61952424654186, 40.32112577777118], [115.61940657625743, 40.32112437325758], [115.61940841129729, 40.32103430645251], [115.61952608142542, 40.32103571096166], [115.61952975116776, 40.3208555773382], [115.61976509082373, 40.32085838597977], [115.61976692536992, 40.320768319156926], [115.62023760415603, 40.32077393498649], [115.62023943806882, 40.3206838681444], [115.62047477719896, 40.320686675332404], [115.62047661079093, 40.32059660847995], [115.62071194964159, 40.32059941518046], [115.62071378291273, 40.32050934831765], [115.62083145219418, 40.320510751483994], [115.62083328530076, 40.32042068461526], [115.62000960159823, 40.32041085996934], [115.62000776739768, 40.320500926806986], [115.61965475975184, 40.32049671443639], [115.61965659442119, 40.320406647612096], [115.61930358731863, 40.32040243417801], [115.61930542244856, 40.320312367365574], [115.61918775358721, 40.32031096265269], [115.61918958886513, 40.32022089584323], [115.61907192016834, 40.32021949101515], [115.6190755910119, 40.320039357400695], [115.61931092778867, 40.320042166919414], [115.61931276288549, 40.319952100101084], [115.61943043113003, 40.319953504676526], [115.6194322660623, 40.31986343785227], [115.61954993415884, 40.319864842303616], [115.61955176892657, 40.319774775473434], [115.61966943687509, 40.319776179800705], [115.61967127147827, 40.3196861129646], [115.61978893927879, 40.319687517167765], [115.61979260814778, 40.31950738348225], [115.6196749406598, 40.31950597928797], [115.61967677523815, 40.319415912447425], [115.61979444256987, 40.31941731663727], [115.61979627698368, 40.31932724979081], [115.61991394416742, 40.31932865385656], [115.6199157784167, 40.319238587004186], [115.62003344545242, 40.319239990945846], [115.62003161135941, 40.319330057802674], [115.62038461298505, 40.31933426892313], [115.62038277935258, 40.3194243357918], [115.62108878376473, 40.31943275482899], [115.62109061645958, 40.319342687933656], [115.62120828373428, 40.31934409068333], [115.6212101162646, 40.319254023782094], [115.62144545052622, 40.319256828913616], [115.62144728273574, 40.319166762002034], [115.62168261671789, 40.31916956664611], [115.62168078482091, 40.319259633566574], [115.62179845198065, 40.319261035713595], [115.62179662023169, 40.31935110263703], [115.62191428755595, 40.31935250466883], [115.62191062434576, 40.31953263852015], [115.62202829199083, 40.3195340404412], [115.62202646052961, 40.31962410736907], [115.62214412833924, 40.3196255091749], [115.62214229702603, 40.31971557610576], [115.62261296897209, 40.31972118215038], [115.62261479966021, 40.31963111520178], [115.62285013537024, 40.319633917497356], [115.62285379609659, 40.319453783578005], [115.62297146365144, 40.319455184537446], [115.62297329384599, 40.319365117571124], [115.62309096125283, 40.31936651840649], [115.62309279128282, 40.31927645143426], [115.62321045854164, 40.31927785214555], [115.62321228840713, 40.31918778516741], [115.62332995551793, 40.31918918575462], [115.6233317852189, 40.31909911877055], [115.62344945218167, 40.31910051923369], [115.6234531112463, 40.31892038525231], [115.62357077790483, 40.31892178558694], [115.62357809531001, 40.318561517588684], [115.62346042927656, 40.31856011727178], [115.6234622587635, 40.31847005027298], [115.62334459289458, 40.318468649840874], [115.62334276325136, 40.31855871683525], [115.62287209923312, 40.31855311389269], [115.62287026895659, 40.31864318086787], [115.62251727056079, 40.31863897739142], [115.62251910130608, 40.318548910429556], [115.62240143534693, 40.31854750903589], [115.62241058973086, 40.31809717422661], [115.62229292456128, 40.31809577273549], [115.62231672702478, 40.31692490211637], [115.62219906389475, 40.31692350056329], [115.6222082190981, 40.316473165665556], [115.62209055675756, 40.31647176401503], [115.6220923879297, 40.31638169703549], [115.62197472575367, 40.31638029526977], [115.62197655707381, 40.3162902282932], [115.62185889506232, 40.31628882641228], [115.62186255799027, 40.31610869246358], [115.6217448962995, 40.31610729047191], [115.62174672790734, 40.316017223499784], [115.62104075887373, 40.31600880906416], [115.62103892632842, 40.316098876009654], [115.62080360307085, 40.316096070231865], [115.62080177020479, 40.316186137166994], [115.62068410843217, 40.31618473409421], [115.62068227540162, 40.316274801023425], [115.62056461348098, 40.31627339782656], [115.62056094708258, 40.31645353167168], [115.62044328485773, 40.316452128346306], [115.62044145148988, 40.316542195262215], [115.62032378911708, 40.31654079181278], [115.62032012204406, 40.316720925631266], [115.62020245936702, 40.3167195220533], [115.62020062566185, 40.31680958895589], [115.62008296283683, 40.31680818525384], [115.62007929508921, 40.31698831904572], [115.61996163195997, 40.31698691521516], [115.61995796386675, 40.31716704899223], [115.61984030043327, 40.31716564503314], [115.619838466218, 40.31725571191502], [115.61972080263654, 40.31725430783186], [115.61971896825676, 40.31734437470781], [115.61960130452731, 40.317342970500576], [115.61959946998299, 40.31743303737061], [115.61936414223644, 40.31743022858834], [115.61936230737133, 40.317520295448], [115.61912697934534, 40.317517486178296], [115.61912514415947, 40.317607553027585], [115.6187721517138, 40.31760333821241], [115.61877031605088, 40.317693405046896], [115.61853498748265, 40.31769059456303], [115.61853315149894, 40.31778066138714], [115.61829782265133, 40.31777785041583], [115.61829598634681, 40.31786791722956], [115.61758999906522, 40.31785948141768], [115.61758816181488, 40.31794954820323], [115.6173528324748, 40.317946735299934], [115.61735099490365, 40.3180368020751], [115.61711566528417, 40.31803398868434], [115.61711382739223, 40.31812405544913], [115.61687849749342, 40.31812124157092], [115.61687665928066, 40.318211308325324], [115.61664132910249, 40.31820849395966], [115.61663949056891, 40.318298560703674], [115.61640416011137, 40.31829574585053], [115.61640232125703, 40.31838581258417], [115.61604932516411, 40.318381589393816], [115.61604748583268, 40.31847165611259], [115.61569448934567, 40.31846743183212], [115.61569264953715, 40.31855749853606], [115.61428066246093, 40.31854059059309], [115.61427882076896, 40.31863065724203], [115.61392582371798, 40.31862642755102], [115.6139239815489, 40.31871649418509], [115.6138063157256, 40.31871508404435], [115.61380447339197, 40.31880515067249], [115.6136868074207, 40.31880374040763], [115.6136849649225, 40.31889380702983], [115.61356729880329, 40.31889239664088], [115.61356361346941, 40.319072529871896], [115.61344594704597, 40.31907111935436], [115.6134441042103, 40.3191611859632], [115.6133264376389, 40.319159775321566], [115.61332459463868, 40.31924984192446], [115.61320692791934, 40.31924843115872], [115.61320508475451, 40.31933849775567], [115.6130874178872, 40.31933708686582], [115.61308557455781, 40.31942715345682], [115.61296790754257, 40.319425742442874], [115.61296606404856, 40.319515809027926], [115.61284839688537, 40.31951439788986], [115.61284655322682, 40.31960446446899], [115.61261121861278, 40.31960164182499], [115.61260937463338, 40.31969170839369], [115.61249170718258, 40.31969029688776], [115.61248986303858, 40.31978036345051], [115.61225452784937, 40.31977754007078], [115.61225268338453, 40.319867606623134], [115.61178201248086, 40.319861958410044], [115.61178385757081, 40.31977189187559], [115.61154852248147, 40.31976906706011], [115.61155036787564, 40.319679000533114], [115.61143270049969, 40.31967758795038], [115.61143085494928, 40.31976765447291], [115.6113131874254, 40.319766241766075], [115.61129657569049, 40.32057684036216], [115.61117890676849, 40.32057542749542], [115.61117706082229, 40.320665493994234], [115.61105939175233, 40.32066408100337], [115.6110575456415, 40.32075414749624], [115.6109398764236, 40.32075273438128], [115.61093803014818, 40.320842800868185], [115.61070269142479, 40.320839974270335], [115.61070084482849, 40.32093004074683], [115.61046550582584, 40.32092721366144], [115.61046365890863, 40.32101728012751], [115.6099929803782, 40.32101162450304], [115.60999113282757, 40.32110169094973], [115.6096381235484, 40.321097447961634], [115.60963997156789, 40.321007381528375], [115.6095223019811, 40.321005966964194], [115.60952045380533, 40.321096033392976], [115.6091674446262, 40.321091788969085], [115.60916559597324, 40.321181855382946], [115.60904792610725, 40.32118044033121], [115.60904607728969, 40.32127050673912], [115.60892840727577, 40.32126909156325], [115.60892655829359, 40.32135915796522], [115.6088088881317, 40.32135774266521], [115.60880703898492, 40.3214478090612], [115.6086893686751, 40.32144639363707], [115.60868751936367, 40.32153646002712], [115.60856984890592, 40.321535044478864], [115.60856799942987, 40.32162511086293], [115.60833265822681, 40.3216222793985], [115.60833080842986, 40.321712345772134], [115.60821313768454, 40.321710929855946], [115.60821128772297, 40.32180099622364], [115.60809361682973, 40.32179958018332], [115.60809176670351, 40.321889646545046], [115.60797409566231, 40.32188823038061], [115.60797224537149, 40.32197829673636], [115.60773690300158, 40.321975464039554], [115.60773505238983, 40.32206553038486], [115.60749970974072, 40.32206269720047], [115.60750711338797, 40.32170243184621], [115.60762478408321, 40.3217038484803], [115.60762848554418, 40.32152371578533], [115.60774615593519, 40.32152513229081], [115.60774800649686, 40.32143506593662], [115.60786567673995, 40.32143648231795], [115.60786937752572, 40.32125634959618], [115.60798704746458, 40.32125776584891], [115.60799074790441, 40.321077633112274], [115.60810841753903, 40.321079049236374], [115.60811211763291, 40.32089891648486], [115.60822978696335, 40.320900332480356], [115.60823348671133, 40.32072019971397], [115.60835115573752, 40.32072161558085], [115.60835485513957, 40.32054148279959], [115.60847252386158, 40.32054289853786], [115.60847622291769, 40.32036276574172], [115.60835855450824, 40.320361350012426], [115.60835670482807, 40.32045141640675], [115.60800369918093, 40.32044716848751], [115.6080018490236, 40.32053723486691], [115.60764884298274, 40.32053298585742], [115.60764699234824, 40.320623052221876], [115.60729398591367, 40.32061880212212], [115.607292134802, 40.32070886847166], [115.60576243908908, 40.32069043887106], [115.60576058593747, 40.32078050516078], [115.60552524794825, 40.32077766803392], [115.60552339447571, 40.32086773431319], [115.6052880562074, 40.32086489669875], [115.60528620241395, 40.320954962967576], [115.60516853313604, 40.32095354397641], [115.60516667917797, 40.32104361023923], [115.60504900975214, 40.321042191123915], [115.60504715562945, 40.321132257380775], [115.60492948605571, 40.321130838141315], [115.60492763176833, 40.32122090439222], [115.60480996204669, 40.321219485028614], [115.60480810759469, 40.32130955127355], [115.60469043772511, 40.3213081317858], [115.60468858310847, 40.32139819802475], [115.60457091309098, 40.32139677841287], [115.60456905830968, 40.32148684464586], [115.60433371798726, 40.32148400505416], [115.60433186288503, 40.32157407127668], [115.60421419258007, 40.32157265129684], [115.60421233731321, 40.321662717513384], [115.60268262207887, 40.321644246829045], [115.60268076477195, 40.32173431298565], [115.60256309427163, 40.32173289132172], [115.60256123680007, 40.321822957472335], [115.60244356615183, 40.321821535684265], [115.60243985087098, 40.32200166797207], [115.60232217991859, 40.322000246055346], [115.6023166064656, 40.322270444462454], [115.60219893505273, 40.32226902241257], [115.60219336105546, 40.32253922079289], [115.6020756891821, 40.322537798609844], [115.60207011464055, 40.322807996963355], [115.60195244230668, 40.322806574647146], [115.60194872559116, 40.32298670686643], [115.6018310529531, 40.32298528442157], [115.60182919442649, 40.323075350524476], [115.60171152164051, 40.323073927955456], [115.60170780424953, 40.32325406014787], [115.60159013115934, 40.323252637450175], [115.60158827229498, 40.32334270353966], [115.60147059905688, 40.3233412807178], [115.60146688099042, 40.32352141288332], [115.60134920744812, 40.323519989932805], [115.60134548903554, 40.32370012208341], [115.60122781518902, 40.323698699004225], [115.60122595581385, 40.323788765072806], [115.60110828181942, 40.32378734186946], [115.60110642227959, 40.32387740793205], [115.60098874813724, 40.32387598460454], [115.6009868884327, 40.32396605066114], [115.60086921414243, 40.32396462720946], [115.6008673542732, 40.3240546932601], [115.60074967983506, 40.32405326968426], [115.60074781980114, 40.3241433357289], [115.60063014521505, 40.324141912028885], [115.60062828501646, 40.32423197806755], [115.60039293555685, 40.32422913029954], [115.60039107503725, 40.32431919632771], [115.60027340016377, 40.3243177722597], [115.60027153947946, 40.32440783828188], [115.60003618944504, 40.32440498977786], [115.60003432843972, 40.324495055789555], [115.59979897812626, 40.32449220679786], [115.59979711679993, 40.32458227279907], [115.59956176620743, 40.32457942331972], [115.59955990456012, 40.3246694893104], [115.5993245536886, 40.3246666393434], [115.59932269172029, 40.32475670532359], [115.59908734056977, 40.324753854868895], [115.59908547828041, 40.324843920838596], [115.59885012685086, 40.32484106989622], [115.59884826424052, 40.324931135855415], [115.59873058838204, 40.32492971020022], [115.59872872560697, 40.325019776153425], [115.59849337360261, 40.32501692447502], [115.59849151050655, 40.325106990417716], [115.59837383436064, 40.32510556439452], [115.59837197109987, 40.325195630331216], [115.59813661852068, 40.325192777916776], [115.59813475493888, 40.32528284384296], [115.59789940208069, 40.325279990940835], [115.59789753817786, 40.325370056856514], [115.59754450848469, 40.325365776592285], [115.59754264410452, 40.32545584249295], [115.59542446472177, 40.32543013820952], [115.59542259751959, 40.32552020402733], [115.59530492081088, 40.32551877487024], [115.59530678816934, 40.32542870905695], [115.5943653760533, 40.32541727152846], [115.59436724465384, 40.3253272057499], [115.59413189202171, 40.325324345180185], [115.59413376092643, 40.325234279409194], [115.5940160847793, 40.32523284894937], [115.59401982287606, 40.325052717412014], [115.59390214704999, 40.325051286841585], [115.59390401624205, 40.324961221075206], [115.5937863405807, 40.324959790389634], [115.59379194857519, 40.32468959309525], [115.59355659821564, 40.32468673139229], [115.59355846784288, 40.3245966656336], [115.59344079283206, 40.32459523460716], [115.59344266260716, 40.324505168851516], [115.59332498776108, 40.32450373770995], [115.59332872759859, 40.32432360620327], [115.59321105307355, 40.324322174951114], [115.59322040330125, 40.32387184618121], [115.59310272956613, 40.32387041483203], [115.5931195608513, 40.323059822993834], [115.59323723317976, 40.32306125430224], [115.59324284298748, 40.32279105698263], [115.59312517112787, 40.322789625687825], [115.59312704120318, 40.322699559916195], [115.59289169782186, 40.32269669697668], [115.59289356820133, 40.32260663121263], [115.59218753919755, 40.322598039549625], [115.59218941050632, 40.3225079738113], [115.5920717391915, 40.322506541453215], [115.59207548209626, 40.32232640998119], [115.59195781110245, 40.322324977512515], [115.59196342586515, 40.322054780307], [115.59208109639009, 40.32205621276206], [115.59208483921043, 40.32187608127524], [115.59220250943125, 40.32187751360159], [115.59220438067247, 40.321787447851435], [115.59326341163302, 40.321800333363555], [115.59326154179831, 40.32189039915448], [115.59408523411163, 40.32190041455078], [115.59408336536248, 40.321990480371966], [115.59420103588295, 40.32199191066879], [115.59419916728166, 40.322081976493], [115.59431683796683, 40.322083406674714], [115.59431496951339, 40.32217347250197], [115.59455031122161, 40.32217633251548], [115.59454844307228, 40.322266398350344], [115.59525446933685, 40.32227497554638], [115.59525633654845, 40.322184909684374], [115.59537400746572, 40.32218633879375], [115.59537587451261, 40.32209627292575], [115.59549354528203, 40.322097701910955], [115.59549541216423, 40.32200763603695], [115.59561308278579, 40.32200906489796], [115.59561494950327, 40.32191899901796], [115.59573261997696, 40.32192042775482], [115.59573448652974, 40.32183036186881], [115.59585215685556, 40.32183179048149], [115.59585402324365, 40.32174172458948], [115.59597169342162, 40.32174315307799], [115.595973559645, 40.32165308717998], [115.59609122967511, 40.32165451554431], [115.59609309573379, 40.32156444964031], [115.59632843550668, 40.32156730600098], [115.59633030124438, 40.32147724008646], [115.59656564073838, 40.321480095959494], [115.5965675061551, 40.32139003003446], [115.59668517575845, 40.32139145778698], [115.5966870410105, 40.32130139185593], [115.59680471046596, 40.32130281948429], [115.5968065755533, 40.321212753547265], [115.59692424486092, 40.32121418105145], [115.59692610978358, 40.32112411510842], [115.5970437789433, 40.321125542488446], [115.59704564370129, 40.32103547653941], [115.59716331271316, 40.32103690379527], [115.59716517730645, 40.32094683784024], [115.59728284617047, 40.320948264971946], [115.5972865750193, 40.32076813304842], [115.59740424357913, 40.320769560051424], [115.59740610783466, 40.32067949408294], [115.59752377624665, 40.32068092096179], [115.59752750441992, 40.32050078901132], [115.59764517252778, 40.32050221576149], [115.59764703644554, 40.32041214977954], [115.59776470440553, 40.32041357640556], [115.59776656815859, 40.32032351041759], [115.59788423597074, 40.32032493691944], [115.59788609955912, 40.32023487092549], [115.59800376722337, 40.320236297303175], [115.59800563064711, 40.320146231303234], [115.59812329816351, 40.32014765755677], [115.5981270246732, 40.31996752554342], [115.59824469188545, 40.31996895166827], [115.5982502811182, 40.31969875362361], [115.59836794787007, 40.3197001796153], [115.59838285087086, 40.31897965139503], [115.5982651853691, 40.31897822543948], [115.59827822614756, 40.31834776320075], [115.59839589055551, 40.31834918912473], [115.59839961610409, 40.31816905703419], [115.59851728020793, 40.318170482829494], [115.59852100541039, 40.31799035072402], [115.59863866921012, 40.31799177639065], [115.59864053164249, 40.31790171033119], [115.5987581952944, 40.317903135873685], [115.5987600575621, 40.31781306980823], [115.59887772106615, 40.31781449522658], [115.59887958316921, 40.317724429155135], [115.59899724652539, 40.31772585444934], [115.59899910846383, 40.317635788371895], [115.59923443488886, 40.3176386385924], [115.59923629650639, 40.31754857250444], [115.59947162265252, 40.317551422237386], [115.59947348394914, 40.31746135613894], [115.59982647276254, 40.31746562982758], [115.59982461193465, 40.31755569593955], [115.60170722271452, 40.31757847083353], [115.60170908104242, 40.317488404649474], [115.60206207033384, 40.31749267151905], [115.6020639281846, 40.31740260532], [115.6022992541083, 40.31740544929256], [115.60230111163818, 40.31731538308301], [115.60253643728288, 40.31731822656804], [115.60253829449188, 40.31722816034804], [115.60289128255299, 40.31723242466483], [115.60289313928489, 40.31714235842984], [115.60430509040776, 40.31715940487615], [115.60430323555084, 40.3172494711651], [115.60653883026053, 40.3172764262255], [115.60654068214872, 40.31718635985121], [115.60677600777062, 40.31718919470473], [115.60677785933798, 40.31709912832002], [115.6068955220052, 40.317100545562845], [115.60689737340793, 40.31701047917215], [115.60701503592728, 40.317011896290865], [115.60702058961671, 40.31674169709647], [115.60713825167565, 40.316743114082094], [115.60714195378105, 40.316562981269485], [115.60725961553584, 40.316564398126495], [115.60726146641976, 40.31647433171349], [115.60737912802666, 40.3164757484464], [115.607380978746, 40.31638568202743], [115.60761630167235, 40.31638851512539], [115.60761815207086, 40.31629844869596], [115.60797113605423, 40.316302697432214], [115.60797298597568, 40.316212630987884], [115.6083259695654, 40.31621687863404], [115.60832781900979, 40.31612681217477], [115.60879846328791, 40.316132474010246], [115.60880031209899, 40.31604240753159], [115.6090356339756, 40.316045237722605], [115.60903748246587, 40.315955171233504], [115.60927280406334, 40.31595800093705], [115.60927465223277, 40.31586793443751], [115.60939231288778, 40.31586934910536], [115.60939416089263, 40.31577928259986], [115.60951182139974, 40.315780697143616], [115.60951366924002, 40.31569063063217], [115.60963132959922, 40.31569204505181], [115.60963317727494, 40.31560197853441], [115.60975083748625, 40.315603392829956], [115.60975268499737, 40.3155133263066], [115.6099880051325, 40.31551615452984], [115.60998985232283, 40.31542608799605], [115.61022517217877, 40.31542891573184], [115.61022701904834, 40.31533884918763], [115.61152127713284, 40.31535439313207], [115.61151943198188, 40.31544445972549], [115.61210773222528, 40.3154515203921], [115.61210588784719, 40.3155415870064], [115.61328249052013, 40.315555699412386], [115.61328433333587, 40.31546563275341], [115.61340199349263, 40.315467043331594], [115.61340383614382, 40.31537697666669], [115.61352149615267, 40.315378387120795], [115.6135233386393, 40.31528832044993], [115.61364099850023, 40.315289730779945], [115.61364284082231, 40.315199664103154], [115.6137605005353, 40.315201074309066], [115.61376234269287, 40.315111007626335], [115.61388000225793, 40.31511241770816], [115.61388184425093, 40.315022351019486], [115.61399950366808, 40.31502376097722], [115.61400134549653, 40.3149336942826], [115.61411900476575, 40.31493510411625], [115.61412084642969, 40.31484503741571], [115.61423850555097, 40.31484644712528], [115.61424034705036, 40.31475638041877], [115.61435800602374, 40.31475779000425], [115.61435984735856, 40.31466772329183], [115.61459516501775, 40.314670542094994], [115.61459700603183, 40.31458047537216], [115.61471466471764, 40.31458188458985], [115.61471650556719, 40.314491817861075], [115.61506948120577, 40.31449604478302], [115.61507132157831, 40.31440597803939], [115.61530663839972, 40.314408795380324], [115.61530479833962, 40.314498862132865], [115.61565777410267, 40.31450308726049], [115.61565593450295, 40.314593154024934], [115.61589125203226, 40.314595970187476], [115.61588941273672, 40.31468603695935], [115.61612473061167, 40.31468885265232], [115.61612289162031, 40.31477891943164], [115.61624055072646, 40.31478032710314], [115.61623871188301, 40.31487039388544], [115.61659168971988, 40.314874616195574], [115.61658985133687, 40.31496468298977], [115.61706048919372, 40.31497031107968], [115.61706232695182, 40.31488024426769], [115.61717998628052, 40.31488165098665], [115.6171818238741, 40.3147915841687], [115.61729948305485, 40.31479299076359], [115.6173013204839, 40.31470292393974], [115.61741897951673, 40.31470433041055], [115.61742081678126, 40.314614263580765], [115.61753847566612, 40.3146156699275], [115.61754031276614, 40.31452560309178], [115.61765797150305, 40.314527009314446], [115.61765980843857, 40.31443694247279], [115.61777746702754, 40.31443834857137], [115.61777930379853, 40.3143482817238], [115.61789696223956, 40.31434968769832], [115.61790063544422, 40.314169553989835], [115.61801829358109, 40.314170959835835], [115.61802747566668, 40.31372062551654], [115.61790981831095, 40.31371921969279], [115.61791165485945, 40.31362915282896], [115.61779399766823, 40.31362774689005], [115.61779583436467, 40.313537680029185], [115.61756052031954, 40.31353486780142], [115.61756235732014, 40.313444800947984], [115.61732704362059, 40.31344198825064], [115.61732888092536, 40.31335192140463], [115.61721122424422, 40.31335051488099], [115.61721306169692, 40.31326044803795], [115.6170954051803, 40.31325904139915], [115.61709724278093, 40.31316897455908], [115.61697958642881, 40.31316756780511], [115.61698326191765, 40.31298743412948], [115.61686560588629, 40.31298602726479], [115.61687663309117, 40.31244562622919], [115.61675897800536, 40.31244421927162], [115.61676265398644, 40.31226408559018], [115.61664499922138, 40.3122626785219], [115.6166468373557, 40.31217261168341], [115.61652918275513, 40.31217120449997], [115.61654021232422, 40.31163080346483], [115.6164225586692, 40.31162939618851], [115.61642623543833, 40.31144926250723], [115.61630858210401, 40.3114478551202], [115.6163122591524, 40.31126772144192], [115.61619460613876, 40.3112663139442], [115.6161964448067, 40.311176247107305], [115.61607879195758, 40.311174839494434], [115.61608063077347, 40.311084772660514], [115.61596297808883, 40.31108336493248], [115.6159666560081, 40.310903231269144], [115.61584900364416, 40.31090182343042], [115.61585268184265, 40.31072168977008], [115.61561737776448, 40.31071887375164], [115.61561921716368, 40.310628806928165], [115.61514860973168, 40.31062317347385], [115.61514676970766, 40.31071324027949], [115.61502911771422, 40.31071183161243], [115.6150272775257, 40.31080189841212], [115.61490962538436, 40.310800489621016], [115.61490778503135, 40.310890556414776], [115.61431952366804, 40.31088351064277], [115.61432136480207, 40.31079344387131], [115.61420371271049, 40.31079203436255], [115.61420555399239, 40.31070196759407], [115.61408790206535, 40.310700557970165], [115.61408974349516, 40.31061049120468], [115.6139720917326, 40.310609081465635], [115.6139739333103, 40.31051901470314], [115.61385628171227, 40.310517604848954], [115.61386180686414, 40.31024740456596], [115.61374415574299, 40.31024599460556], [115.61374783944842, 40.31006586108513], [115.61363018864797, 40.31006445101404], [115.61363387263255, 40.30988431749661], [115.61351622215281, 40.30988290731486], [115.61351990641657, 40.309702773800474], [115.61328460610675, 40.30969995309601], [115.61328276366666, 40.30979001984501], [115.61269451225658, 40.30978296596849], [115.61269635547765, 40.30969289924182], [115.61257870537675, 40.30969148811217], [115.61258054874571, 40.309601421388486], [115.61246289880933, 40.309600010143704], [115.61246658583465, 40.309419876700844], [115.61234893621898, 40.309418465345395], [115.61235077987536, 40.309328398626214], [115.61223313042417, 40.309326987155636], [115.61223681802436, 40.30914685372179], [115.61211916889388, 40.30914544214056], [115.6121228567732, 40.30896530870974], [115.61200520796339, 40.308963897017826], [115.61200705204675, 40.30887383030468], [115.61188940340145, 40.30887241849764], [115.6118912476327, 40.308782351787485], [115.6117735991519, 40.30878093986533], [115.611775443531, 40.308690873158156], [115.61130485031569, 40.30868522429143], [115.61130669531121, 40.30859515760067], [115.61118904718437, 40.30859374508947], [115.61119089232776, 40.308503678401706], [115.6109555964114, 40.30850085302946], [115.61095744185882, 40.308410786349135], [115.6108397940693, 40.3084093734881], [115.61084348525156, 40.308229240132015], [115.61072583778271, 40.30822782716031], [115.61072399203958, 40.30831789383462], [115.61060634442289, 40.30831648073885], [115.61061003621322, 40.3081363473977], [115.61049238891721, 40.30813493419129], [115.61049423495605, 40.30804486752298], [115.61037658782456, 40.30804345420144], [115.61037843401127, 40.30795338753612], [115.61026078704425, 40.30795197409947], [115.61026263337882, 40.30786190743714], [115.61096851436861, 40.3078703862363], [115.61097220513861, 40.307690252853554], [115.61108985168704, 40.307691665559226], [115.6110916969034, 40.307601598861154], [115.61097405051115, 40.307600186159966], [115.61097589587536, 40.30751011946489], [115.6110935421114, 40.30751153216162], [115.61109723250252, 40.3073313987581], [115.61121487843455, 40.30733281132628], [115.61121672346144, 40.30724274461785], [115.61145201503813, 40.30724556938651], [115.61145385974434, 40.30715550266764], [115.61168915104197, 40.30715832694901], [115.61169099542754, 40.30706826021972], [115.61133805896209, 40.30706402363171], [115.61133990380786, 40.306973956914355], [115.61122225849219, 40.30697254448364], [115.6112241034858, 40.30688247776929], [115.61110645833463, 40.306881065223465], [115.61111199373406, 40.306610865084956], [115.6109943490597, 40.30660945243295], [115.61099619433236, 40.306519385721636], [115.61087854982249, 40.30651797295451], [115.61088224065519, 40.306337839536404], [115.61076459646596, 40.30633642665863], [115.6107756697013, 40.30579602639568], [115.6105403832218, 40.305793200335074], [115.61054222904423, 40.30570313362834], [115.60995401377194, 40.305696066406455], [115.60995586036682, 40.30560599972064], [115.61019114613845, 40.3056088269592], [115.61019299241268, 40.305518760262956], [115.60960477882688, 40.30551169129206], [115.6095992376368, 40.30578189130923], [115.60936395132381, 40.30577906285692], [115.60936210393147, 40.305869129517404], [115.60924446063132, 40.30586771510739], [115.60924261307447, 40.30595778176192], [115.6091249696265, 40.30595636722786], [115.60912312190517, 40.30604643387641], [115.60888783472188, 40.30604360444057], [115.60888413862959, 40.306223737715364], [115.60876649473812, 40.3062223228091], [115.60876279830015, 40.306402456069016], [115.60840986573876, 40.30639821060583], [115.60840616833046, 40.306578343832975], [115.60828852384768, 40.30657692843043], [115.60828297720418, 40.30684712824663], [115.60816533226124, 40.30684571271107], [115.6081597850742, 40.30711591250052], [115.60804213967108, 40.30711449683193], [115.6080291948496, 40.307744962924254], [115.60791154836161, 40.307743547104685], [115.60790045153806, 40.308283946527915], [115.60778280412134, 40.30828253056186], [115.60777910480107, 40.30846266368214], [115.60754380936795, 40.30845983137332], [115.60754010938959, 40.30863996446977], [115.60730481336515, 40.308637131664625], [115.60730111272865, 40.30881726473722], [115.6071834644166, 40.30881584814629], [115.60718161392965, 40.30890591467589], [115.60706396546973, 40.30890449796087], [115.60706211481828, 40.308994564484514], [115.6069444662105, 40.308993147645424], [115.60694261539452, 40.30908321416309], [115.60682496663891, 40.3090817971999], [115.6068231156584, 40.309171863711626], [115.60670546675496, 40.30917044662434], [115.6067036156099, 40.30926051313009], [115.60658596655863, 40.30925909591874], [115.60658411524903, 40.309349162418535], [115.60646646604991, 40.30934774508309], [115.6064627630933, 40.30952787806927], [115.60634511359017, 40.30952646060525], [115.60634326194315, 40.30961652709163], [115.60622561229219, 40.30961510950354], [115.6062237604806, 40.30970517598394], [115.60610611068181, 40.30970375827176], [115.6061042587057, 40.3097938247462], [115.60598660875905, 40.30979240690992], [115.6059847566184, 40.309882473378416], [115.60586710652393, 40.309881055418046], [115.60586525421873, 40.309971121880565], [115.60574760397641, 40.309969703796106], [115.60574575150666, 40.31005977025266], [115.6056281011165, 40.3100583520441], [115.60562624848222, 40.31014841849469], [115.60550859794421, 40.310147000162054], [115.60550674514539, 40.31023706660667], [115.60538909445954, 40.31023564814994], [115.60538724149617, 40.31032571458859], [115.60526959066247, 40.31032429600775], [115.60526773753455, 40.31041436244045], [115.60515008655304, 40.31041294373552], [115.60514823326054, 40.31050301016223], [115.6050305821312, 40.31050159133322], [115.60502687520876, 40.31068172417323], [115.60490922377537, 40.31068030521562], [115.6049055165071, 40.310860438040734], [115.60478786476968, 40.31085901895454], [115.60478415715558, 40.31103915176476], [115.60466650511411, 40.311037732549984], [115.60466465113832, 40.31112779894838], [115.60454699894902, 40.3111263796095], [115.60454514480867, 40.31121644600192], [115.60430984014273, 40.31121360695635], [115.60430798568163, 40.31130367333832], [115.604190333205, 40.311302253631624], [115.60418847857932, 40.31139232000762], [115.60407082595486, 40.31139090017682], [115.60406897116462, 40.31148096654684], [115.60383366562839, 40.31147812651743], [115.60383181051736, 40.311568192877], [115.60265528177625, 40.31155398550852], [115.60265342509484, 40.31164405182163], [115.60253577211054, 40.31164263042244], [115.60253391526456, 40.31173269672957], [115.60241626213246, 40.31173127520626], [115.60241440512186, 40.31182134150742], [115.60229675184193, 40.31181991986001], [115.60229489466677, 40.311909986155165], [115.602177241239, 40.31190856438365], [115.60217538389925, 40.31199863067284], [115.60205773032365, 40.31199720877721], [115.60205587281934, 40.31208727506043], [115.60193821909591, 40.31208585304069], [115.60193450374969, 40.312265985593676], [115.60181684972223, 40.31226456344532], [115.60181499188036, 40.312354629715095], [115.60169733770506, 40.31235320744263], [115.60169547969858, 40.31244327370642], [115.60157782537546, 40.31244185130984], [115.60157596720441, 40.31253191756764], [115.60145831273346, 40.31253049504695], [115.60145459605377, 40.312710627549144], [115.60133694127877, 40.31270920489983], [115.60133508277016, 40.31279927114421], [115.60121742784732, 40.31279784837077], [115.6012155691741, 40.312887914609156], [115.60109791410345, 40.31288649171161], [115.60109605526564, 40.31297655794403], [115.60097840004715, 40.312975134922354], [115.60097654104474, 40.31306520114879], [115.60074123032047, 40.313062354737596], [115.60073937099726, 40.31315242095353], [115.60062171549147, 40.313150997564016], [115.60061985600366, 40.31324106377397], [115.60050220035006, 40.31323964026033], [115.60050034069764, 40.313329706464295], [115.60038268489622, 40.31332828282654], [115.60038082507917, 40.313418349024516], [115.60026316912992, 40.313416925262636], [115.60026130914828, 40.313506991454645], [115.6000259969625, 40.313504143563016], [115.60002413666004, 40.31359420974452], [115.59978882419536, 40.31359136136541], [115.59978696357207, 40.313681427536416], [115.59931633811858, 40.31367572932477], [115.599314476862, 40.31376579547627], [115.59872619445292, 40.31375866999778], [115.59872433240685, 40.313848736125244], [115.59790073629327, 40.313838755399864], [115.59789887314528, 40.313928821494265], [115.59754590303967, 40.313924542232726], [115.5975440394146, 40.31401460831209], [115.59730872574045, 40.31401175486395], [115.59730686179454, 40.314101820932805], [115.59707154784157, 40.314098966997165], [115.59706968357482, 40.314189033055506], [115.5969520264547, 40.31418760590373], [115.59695016202332, 40.31427767195609], [115.5968325047554, 40.31427624468018], [115.5968306401594, 40.314366310726534], [115.59671298274367, 40.31436488332648], [115.59671111798302, 40.314454949366834], [115.59659346041946, 40.314453521842665], [115.59659159549417, 40.31454358787701], [115.59647393778282, 40.3145421602287], [115.59647020759458, 40.314722292283925], [115.59635254957918, 40.31472086450695], [115.5963394925617, 40.31535132662207], [115.5962218334611, 40.315349898693825], [115.59621810249652, 40.31553003070437], [115.59610044309188, 40.315528602647476], [115.59609857744073, 40.315618668646], [115.59598091788828, 40.31561724046496], [115.5959790520725, 40.3157073064575], [115.59586139237219, 40.31570587815231], [115.59585952639175, 40.31579594413884], [115.59574186654366, 40.31579451570951], [115.59574000039855, 40.31588458169003], [115.59562234040263, 40.31588315313655], [115.59562047409288, 40.315973219111086], [115.59550281394914, 40.31597179043346], [115.59549534800104, 40.31633205429872], [115.59537768724077, 40.316330625483374], [115.59536648712864, 40.31687102120977], [115.59524882543933, 40.316869592247656], [115.59524509168878, 40.31704972413557], [115.59512742969544, 40.31704829504477], [115.59512556265129, 40.31713836098201], [115.59500790051008, 40.31713693176707], [115.59500603330129, 40.31722699769828], [115.59477070873167, 40.31722413890044], [115.59477444376586, 40.317044007054626], [115.59465678180617, 40.31704257748531], [115.59466612002547, 40.31659224786753], [115.59454845885543, 40.31659081820121], [115.5945559299042, 40.316230554498475], [115.5946735904493, 40.31623198414668], [115.59467919317873, 40.31596178634053], [115.59479685326353, 40.31596321585553], [115.5948005880619, 40.31578308396833], [115.59491824784266, 40.315784513354664], [115.59492011507298, 40.31569444740431], [115.5950377747059, 40.31569587666649], [115.59504150882883, 40.31551574475232], [115.5951591681577, 40.31551717388582], [115.59516103505031, 40.31542710792199], [115.5952786942314, 40.315428536931364], [115.59528242767884, 40.3152484049902], [115.59540008655588, 40.3152498338709], [115.59540568619526, 40.31497963593451], [115.59552334461202, 40.31498106468202], [115.59552894370695, 40.31471086671876], [115.59564660166346, 40.31471229533308], [115.59565220021395, 40.314442097342955], [115.59576985771021, 40.31444352582408], [115.59577358972267, 40.31426339381424], [115.59589124691487, 40.31426482216669], [115.59589311275226, 40.31417475615502], [115.59601076979668, 40.31417618438336], [115.59601263546942, 40.314086118365694], [115.59613029236603, 40.31408754646987], [115.59613215787414, 40.313997480446226], [115.59624981462291, 40.31399890842627], [115.5962516799664, 40.3139088423966], [115.59636933656739, 40.313910270252514], [115.59637120174624, 40.313820204216846], [115.59648885819942, 40.313821631948635], [115.59649072321363, 40.31373156590697], [115.59660837951898, 40.31373299351461], [115.59661024436859, 40.31364292746695], [115.5968455566921, 40.313645782314346], [115.59684742122084, 40.31355571625618], [115.59708273326555, 40.31355857061608], [115.59708459747347, 40.313468504547394], [115.59743756513492, 40.31347278517657], [115.59743942886577, 40.31338271909286], [115.5976747403697, 40.31338557223853], [115.59767660377969, 40.31329550614432], [115.59802957062993, 40.313299784952164], [115.5980314335629, 40.31320971884293], [115.59838440002008, 40.31321399656071], [115.598386262476, 40.31312393043645], [115.59932750548165, 40.31313533238475], [115.59932936667946, 40.31304526622292], [115.59968233247643, 40.31304953996638], [115.5996841931972, 40.31295947378952], [115.59991950345807, 40.312962322344745], [115.599921363858, 40.31287225615739], [115.60003901884483, 40.31287368025108], [115.60004087908017, 40.31278361405774], [115.60015853391913, 40.3127850380273], [115.60016039398987, 40.31269497182798], [115.60027804868102, 40.312696395673434], [115.60027990858717, 40.31260632946813], [115.60039756313051, 40.31260775318946], [115.60039942287206, 40.31251768697816], [115.60051707726755, 40.31251911057536], [115.60051893684451, 40.31242904435809], [115.6006365910922, 40.31243046783118], [115.60063845050455, 40.312340401607926], [115.6007561046044, 40.31234182495689], [115.60075796385216, 40.31225175872765], [115.60087561780418, 40.3122531819525], [115.60087933596215, 40.31207304948058], [115.60099698961015, 40.3120744725768], [115.60099884852035, 40.31198440633412], [115.60111650202053, 40.31198582930623], [115.60112021950334, 40.31180569680743], [115.60123787269949, 40.31180711965093], [115.60123973127212, 40.3117170533948], [115.60135738432045, 40.31171847611418], [115.60136110112815, 40.311538343588495], [115.60147875387246, 40.311539766179266], [115.60148061210755, 40.311449699909694], [115.60159826470402, 40.31145112237635], [115.60160198083663, 40.31127098982378], [115.6017196331291, 40.311272412161834], [115.60172149102665, 40.311182345878834], [115.60183914317128, 40.31118376809276], [115.60184100090423, 40.31109370180378], [115.60195865290105, 40.31109512389361], [115.60196051046944, 40.31100505759864], [115.60207816231842, 40.31100647956436], [115.60208001972222, 40.310916413263406], [115.60219767142338, 40.31091783510503], [115.60219952866262, 40.31082776879811], [115.60231718021596, 40.31082919051562], [115.60231903729063, 40.31073912420272], [115.60243668869614, 40.310740545796136], [115.60243854560625, 40.310650479477246], [115.60279149940446, 40.31065474352632], [115.60279335583759, 40.31056467719247], [115.6032639603943, 40.310570360898794], [115.60326210458594, 40.310660427250646], [115.60361505855994, 40.310664688788044], [115.6036169138997, 40.3105746224227], [115.60385221627845, 40.31057746284061], [115.60385592630809, 40.310397330087525], [115.60397357719765, 40.31039875010809], [115.6039754320437, 40.31030868372483], [115.60409308278543, 40.31031010362129], [115.60409493746693, 40.31022003723206], [115.60421258806082, 40.310221457004424], [115.60421444257778, 40.31013139060922], [115.60433209302383, 40.310132810257485], [115.60433580172028, 40.309952677453666], [115.6044534518623, 40.30995409697334], [115.6044553060418, 40.309864030564725], [115.60457295603598, 40.309865449960306], [115.60457481005092, 40.309775383545706], [115.60481010975204, 40.30977822196908], [115.60481196344622, 40.30968815554403], [115.60492961315315, 40.309689574571834], [115.60493146668279, 40.309599508140806], [115.60504911624184, 40.309600927044514], [115.60505096960694, 40.30951086060751], [115.60516861901819, 40.30951227938712], [115.60517047221873, 40.309422212944156], [115.60528812148216, 40.30942363159969], [115.60528997451814, 40.30933356515074], [115.60540762363374, 40.30933498368217], [115.6054094765052, 40.309244917227275], [115.60552712547296, 40.30924633563461], [115.60552897817988, 40.30915626917375], [115.60564662699979, 40.309157687457], [115.60564847954218, 40.30906762099016], [115.60576612821427, 40.309069039149335], [115.60576798059212, 40.30897897267653], [115.60588562911636, 40.30898039071161], [115.60588748132969, 40.30889032423283], [115.60600512970612, 40.308891742143814], [115.60600698175486, 40.30880167565908], [115.60612462998346, 40.308803093446], [115.6061264818677, 40.308713026955296], [115.60624412994848, 40.30871444461812], [115.60624783337953, 40.30853431162331], [115.60636548115629, 40.308535729157555], [115.60636918424157, 40.30835559614786], [115.60648683171432, 40.30835701355354], [115.60649053445384, 40.30817688052897], [115.60660818162258, 40.30817829780608], [115.60661003282364, 40.30808823128709], [115.60672767984455, 40.30808964844012], [115.60673138190928, 40.30790951538874], [115.60684902862619, 40.307910932413186], [115.60685458119214, 40.30764073281157], [115.60697222744886, 40.30764214970299], [115.60698333141839, 40.307101750432956], [115.6068656860987, 40.30710033356846], [115.60687308920284, 40.30674006737684], [115.60699073389785, 40.306741484223394], [115.60699813624376, 40.30638121799019], [115.60711578032245, 40.306382634699226], [115.60712503228629, 40.30593230185206], [115.60700738898838, 40.30593088516545], [115.60700923951227, 40.305840818596074], [115.60712688265401, 40.3058422352782], [115.60712873301341, 40.30575216870286], [115.60736401900955, 40.305755001699374], [115.6073658690483, 40.3056649351136], [115.60748351190273, 40.305666351428], [115.60748721164283, 40.30548621824301], [115.60725192656693, 40.305483385512574], [115.60725377673678, 40.30539331892684], [115.60713613436751, 40.305391902386724], [115.60713428404149, 40.305481968967975], [115.60701664152438, 40.30548055230379], [115.60701109002784, 40.30575075202522], [115.60689344705061, 40.30574933522801], [115.60689899901564, 40.30547913552003], [115.60678135651524, 40.305477718616686], [115.60677950571241, 40.30556778518299], [115.60654422042433, 40.30556495100858], [115.60654236930084, 40.30565501756444], [115.60666001209688, 40.30565643471593], [115.60665631013718, 40.305836567832195], [115.60677395325386, 40.30583798487309], [115.60677025157308, 40.30601811799242], [115.60606439112425, 40.30600961389955], [115.60606253933437, 40.30609968043008], [115.60547432174249, 40.30609259037499], [115.60547617431318, 40.30600252386691], [115.60465267112859, 40.30599259279862], [115.60465081746479, 40.30608265927526], [115.60406260037432, 40.306075562045045], [115.60405889146001, 40.30625569494898], [115.60347067301699, 40.30624859468418], [115.60347252825915, 40.30615852825543], [115.60323724125281, 40.306155687321414], [115.60323538569837, 40.30624575374116], [115.6031177420516, 40.30624433309027], [115.60311403060521, 40.30642446591634], [115.60299638665448, 40.30642304513687], [115.60299081895367, 40.30669324435142], [115.60287317454284, 40.30669182343886], [115.60287131846967, 40.30678188983625], [115.60275367391102, 40.306780468799616], [115.60275181767331, 40.30687053519104], [115.60263417296684, 40.3068691140303], [115.60263231656461, 40.306959180415745], [115.60239702686451, 40.30695633772653], [115.60239517014155, 40.3070464041015], [115.60227752514788, 40.30704498257301], [115.60227566826039, 40.307135048941994], [115.60204037798586, 40.30713220551724], [115.60203852077764, 40.30722227187575], [115.60180323022426, 40.30721942796364], [115.60180137269535, 40.30730949431167], [115.60144843645959, 40.30730522753307], [115.60144657845379, 40.30739529386611], [115.60121128735952, 40.30739244874009], [115.60121314567768, 40.30730238241606], [115.60062491886949, 40.30729526753071], [115.60062863704235, 40.30711513492326], [115.60039334700245, 40.307112288150016], [115.60039520638863, 40.30702222185308], [115.60027756153742, 40.30702079829159], [115.60027942107139, 40.30693073199769], [115.60016177638474, 40.30692930832111], [115.60016549573983, 40.30674917573788], [115.60028314011416, 40.306750599405454], [115.60028685912341, 40.3065704668073], [115.60016921506141, 40.30656904314874], [115.60017293434942, 40.30638891055371], [115.59993764687525, 40.30638606289587], [115.599939506819, 40.30629599660514], [115.60005715039574, 40.306297420489344], [115.60005901017495, 40.30620735419264], [115.60029429704124, 40.306210201593274], [115.60029243757437, 40.306300267899], [115.60052772478655, 40.30630311483029], [115.60053144308726, 40.30612298219935], [115.60041379978932, 40.30612155880251], [115.60041565908327, 40.306031492489296], [115.60029801594986, 40.306030068977385], [115.6002998753916, 40.30594000266722], [115.60006458946224, 40.305937155293634], [115.6000627297082, 40.306027221594775], [115.59982744350008, 40.306024373733834], [115.59982930356644, 40.305934307441696], [115.59959401770419, 40.30593145911144], [115.5995921573255, 40.306021525394556], [115.5994745142508, 40.30602010104554], [115.59947265370758, 40.30611016732267], [115.59923736727103, 40.30610731825686], [115.59923922812659, 40.30601725198874], [115.5990039420359, 40.306014402453634], [115.5990058031954, 40.30592433619307], [115.59888816031882, 40.30592291125064], [115.59889002162606, 40.30583284499312], [115.59877237891402, 40.305831419935615], [115.59876865597882, 40.306011552440175], [115.59853336995532, 40.306008701948386], [115.5985315081628, 40.30609876818943], [115.59841386500749, 40.30609734275963], [115.59841572695616, 40.306007276523104], [115.59829808396539, 40.30600585097824], [115.59829622186058, 40.30609591721027], [115.59817857872203, 40.3060944915413], [115.5981841654798, 40.305824292854375], [115.59806652281814, 40.30582286707938], [115.59806838521008, 40.305732800851956], [115.5978331002243, 40.30572994895224], [115.59783496292015, 40.30563988273238], [115.597717320596, 40.30563845660767], [115.59771545774399, 40.30572852282301], [115.59712724546851, 40.305721390383106], [115.59712910910133, 40.30563132419033], [115.5970114668276, 40.305629897348126], [115.59701333060816, 40.30553983115839], [115.59689568849898, 40.30553840420111], [115.59689941634717, 40.30535827182625], [115.59654649100703, 40.30535399026404], [115.59654462661867, 40.30544405643865], [115.5963093427883, 40.30544120145691], [115.59630747807924, 40.30553126762101], [115.5960721939702, 40.3055284121519], [115.59607032894039, 40.30561847830548], [115.59595268674232, 40.305617050387035], [115.59595455192829, 40.30552698423797], [115.5958369098948, 40.30552555620446], [115.59583504455269, 40.305615622349], [115.59559976019864, 40.30561276591419], [115.59559789453579, 40.305702832048205], [115.59548025221524, 40.30570140364692], [115.59548211803421, 40.30561133751742], [115.5953644758782, 40.30560990900106], [115.59536634184494, 40.3055198428746], [115.59548398384479, 40.30552127138643], [115.59548584964693, 40.305431205253974], [115.59536820780323, 40.30542977674666], [115.59537940337637, 40.30488937994801], [115.59549704428316, 40.30489080842818], [115.59550264148768, 40.30462060999535], [115.59538500104937, 40.30461918152874], [115.59538686692352, 40.30452911538601], [115.59550450720569, 40.304530543848095], [115.59550637291531, 40.30444047769937], [115.59562401304974, 40.304441906037376], [115.59563147517946, 40.304081641409624], [115.59527855667507, 40.30407735609119], [115.59527482469016, 40.30425748838088], [115.59503954510474, 40.30425463088595], [115.59503767878739, 40.30434469701954], [115.59515531873205, 40.304346125831316], [115.59515345256243, 40.30443619196794], [115.59480053228528, 40.304431905160314], [115.59480239892335, 40.304341839037264], [115.59468475900394, 40.304340409866754], [115.59468662578972, 40.30425034374673], [115.59480426555298, 40.304251772912714], [115.59480799878703, 40.30407164065921], [115.59492563824641, 40.304073069696564], [115.59492750469467, 40.30398300356307], [115.59480986539141, 40.30398157453023], [115.59481173198738, 40.303891508399786], [115.59457645371843, 40.303888649984444], [115.59457832061828, 40.303798583861564], [115.5942254037464, 40.303794295355324], [115.59422727110626, 40.30370422924454], [115.59399199354607, 40.30370136965156], [115.59399572886505, 40.30352123744367], [115.59387809040986, 40.303519807476874], [115.59388556157128, 40.303159543061454], [115.59376792374907, 40.303158112993195], [115.5937735275001, 40.3028879146797], [115.59365589015472, 40.30288648450544], [115.59365775821102, 40.302796418402515], [115.5935401210302, 40.30279498811322], [115.59354385742978, 40.30261485591198], [115.59342622056963, 40.30261342551218], [115.59342808891292, 40.30252335941386], [115.59331045221734, 40.30252192889902], [115.59331232070834, 40.30243186280377], [115.5931946841773, 40.302430432173885], [115.593196552816, 40.30234036608167], [115.59307891644953, 40.302338935336756], [115.59308265401391, 40.30215880315695], [115.5929650179681, 40.30215737230152], [115.59296688689379, 40.302067306213935], [115.59284925101254, 40.30206587524348], [115.59285298915087, 40.30188574307293], [115.59273535359029, 40.301884311991955], [115.5927503070554, 40.30116378328688], [115.59263267275226, 40.30116235212259], [115.59263828063094, 40.300892153847386], [115.59275591446574, 40.30089358499808], [115.59276339089485, 40.30053332059231], [115.59252812448261, 40.30053045820759], [115.59253373265263, 40.300260259914936], [115.5924160999275, 40.30025882855682], [115.59241796945676, 40.30016876246085], [115.59230033689617, 40.300167330987726], [115.59230220657311, 40.3000772648948], [115.59206694178945, 40.30007440159894], [115.59206881177019, 40.29998433551359], [115.59183354733247, 40.299981471748566], [115.59183541761699, 40.299891405670806], [115.59148252149204, 40.29988710914019], [115.59148626297242, 40.29970697700745], [115.59136863125983, 40.299705544600535], [115.5913723730187, 40.29952541247095], [115.59125474162676, 40.29952397995354], [115.59125661264966, 40.299433913891065], [115.59113898142226, 40.29943248125864], [115.59114272375493, 40.29925234913833], [115.5910250928482, 40.299250916395415], [115.59102696415798, 40.29916085033758], [115.59090933341578, 40.29915941747966], [115.59091494776278, 40.29888921931087], [115.59079731749735, 40.298887786346995], [115.59079918908557, 40.298797720292306], [115.59103444931269, 40.29880058609143], [115.59103632058027, 40.2987105200262], [115.5909186906186, 40.29870908719095], [115.59092056203384, 40.298619021128786], [115.59080293223668, 40.29861758817852], [115.59080480379961, 40.2985275221194], [115.590687174167, 40.29852608905412], [115.59068904587755, 40.298436022998054], [115.59057141640949, 40.29843458981777], [115.59057328826773, 40.298344523764776], [115.59045565896419, 40.29834309046947], [115.59045753097008, 40.29825302441954], [115.59033990183109, 40.29825159100921], [115.5903417739846, 40.29816152496234], [115.58975362919679, 40.29815435614021], [115.58975550212237, 40.298064290114546], [115.58963787334625, 40.29806285599601], [115.58964161948421, 40.297882723949314], [115.58952399102871, 40.29788128972031], [115.58952024457854, 40.29806142175792], [115.58916735832618, 40.29805711832638], [115.58916548462014, 40.29814718432934], [115.58893022684862, 40.298144314768145], [115.58893210086686, 40.29805424877428], [115.58881447214983, 40.298052813818884], [115.58881634631572, 40.29796274782808], [115.58869871776326, 40.2979613127577], [115.58870434067845, 40.29769111479001], [115.58882196876262, 40.29769254984677], [115.5888200946221, 40.29778261584202], [115.58905535112798, 40.29778548560597], [115.5890572249563, 40.297695419601645], [115.58917485306583, 40.29769685429975], [115.58917672672963, 40.29760678828939], [115.5892943546915, 40.29760822286342], [115.58929997516391, 40.297338024809854], [115.5891823476703, 40.29733659024945], [115.58918422130029, 40.29724652423319], [115.58906659397121, 40.297245089557784], [115.58907221527878, 40.29697489151372], [115.5888369615825, 40.296972021831536], [115.5888350875096, 40.29706208783861], [115.58871746051805, 40.29706065281366], [115.58871933474705, 40.29697058681113], [115.58860170792002, 40.29696915167118], [115.58859983353496, 40.29705921766917], [115.5884822065603, 40.297057782405126], [115.58848408110147, 40.29696771641168], [115.58824882748972, 40.296964845534056], [115.5882507023346, 40.29687477954822], [115.58789782244864, 40.296870472348836], [115.58790157304952, 40.29669034039999], [115.58778394674997, 40.29668890443686], [115.58778769762921, 40.296508772491194], [115.58755244567975, 40.29650590022451], [115.58755432141885, 40.296415834258546], [115.58767194723326, 40.29641727044712], [115.58767382280784, 40.29632720447514], [115.5875561971495, 40.29632576829112], [115.58755994858542, 40.296145636351795], [115.58732469791845, 40.29614276364332], [115.58732657393587, 40.29605269768054], [115.58720894877113, 40.29605126115154], [115.5872108249362, 40.29596119519183], [115.58709319993599, 40.29595975854783], [115.58709882884862, 40.29568956067348], [115.5869812043251, 40.29568812392358], [115.58699058645728, 40.29523779412614], [115.58687296272261, 40.29523635727946], [115.58687483927972, 40.29514629132008], [115.58675721570961, 40.295144854358405], [115.58676096911059, 40.29496472244432], [115.58664334586106, 40.29496328537221], [115.5866527299958, 40.29451295558384], [115.58677035246498, 40.29451439263321], [115.58677785899619, 40.29415412875769], [115.58713072458177, 40.29415843913398], [115.5871326007252, 40.29406837314776], [115.58736784417908, 40.29407124612519], [115.58736972000197, 40.2939811801284], [115.58701685530201, 40.293976870496586], [115.58701873158459, 40.29388680451195], [115.58760683867986, 40.29389398661124], [115.58760871417367, 40.29380392060238], [115.58784395675887, 40.29380679259628], [115.5878458319321, 40.29371672657687], [115.58796345308133, 40.29371816238997], [115.58796532809008, 40.293628096364515], [115.58808294909167, 40.29362953205356], [115.58809044841784, 40.2932692679188], [115.5882080688037, 40.29327070347012], [115.58820994345804, 40.29318063742819], [115.58809232322827, 40.29317920188141], [115.58809419803022, 40.29308913584255], [115.5877413378598, 40.29308482849868], [115.58773946258967, 40.29317489452391], [115.58762184239372, 40.29317345849902], [115.5876199669591, 40.293263524518224], [115.58750234661554, 40.293262088369254], [115.58750047101638, 40.29335215438243], [115.58738285052522, 40.293350718109394], [115.58738660202718, 40.29317058609065], [115.5875042222062, 40.293172022354604], [115.58750609778843, 40.29308195633846], [115.5876237178199, 40.29308339247834], [115.5876255932376, 40.292993326456184], [115.58774321312146, 40.29299476247197], [115.58774508837466, 40.292904696443784], [115.58786270811092, 40.2929061323355], [115.58786458319962, 40.2928160663013], [115.58798220278827, 40.29281750206895], [115.58798407771245, 40.29272743602871], [115.58786645827986, 40.29272600026561], [115.58786833335165, 40.29263593422844], [115.58775071408355, 40.29263449835036], [115.58775633971636, 40.292364300243605], [115.58763872092486, 40.29236286425963], [115.58764247161656, 40.29218273219017], [115.58752485314562, 40.29218129609576], [115.58752110214184, 40.29236142815615], [115.58740348336728, 40.29235999193312], [115.58740723468317, 40.29217985988185], [115.58728961622914, 40.29217842354839], [115.58729524360767, 40.29190822547403], [115.58717762563026, 40.29190678903469], [115.58717950156223, 40.29181672301149], [115.58741473721344, 40.291819595761545], [115.58741286159355, 40.29190966179384], [115.58753047958787, 40.29191109799412], [115.5875323550517, 40.29182103195728], [115.58764997289845, 40.2918224680335], [115.58765372348866, 40.29164233594629], [115.58788895858333, 40.29164520772197], [115.58789458346897, 40.29137500955278], [115.58777696638553, 40.29137357373833], [115.58777884148653, 40.29128350768353], [115.5876612245676, 40.29128207175411], [115.5876630998162, 40.291192005702385], [115.58754548306175, 40.29119056965799], [115.58754735845794, 40.291100503609314], [115.587429741868, 40.29109906744995], [115.58743161741175, 40.29100900140434], [115.5873140009863, 40.29100756513001], [115.58731587667766, 40.29091749908747], [115.58708064416422, 40.290914626189334], [115.58708627212371, 40.29064442808014], [115.58696865634779, 40.290642991465454], [115.5869724085906, 40.290462859394346], [115.58650194681978, 40.290457111776774], [115.58649631657048, 40.2907273098266], [115.58637870068081, 40.29072587260977], [115.5863768237581, 40.29081593861886], [115.5861415916921, 40.29081306381754], [115.58613783719711, 40.290993195813094], [115.58602022086474, 40.29099175822405], [115.5860183434485, 40.29108182421507], [115.58590072696855, 40.29108038650195], [115.58589884938785, 40.29117045248694], [115.58625169932118, 40.29117476528138], [115.5862535764338, 40.29108469928274], [115.58648880945294, 40.29108757387233], [115.5864869326524, 40.29117763988008], [115.58660454933072, 40.291179077000145], [115.58660267267776, 40.29126914301096], [115.58719075697641, 40.291276326841235], [115.58719263284917, 40.29118626080769], [115.58731024957824, 40.29118769721065], [115.58730462240271, 40.291457895320505], [115.58718700520554, 40.29145645890391], [115.58718512930739, 40.291546524933025], [115.5865970426681, 40.2915393410345], [115.58659891934644, 40.291449275028135], [115.58612845081151, 40.29144352577613], [115.58612657350898, 40.2915335917643], [115.58565610448532, 40.29152784058176], [115.585657982412, 40.29143777461179], [115.5855403653333, 40.291436336521905], [115.58554412147335, 40.29125620458666], [115.58519127122428, 40.29125188962721], [115.58519314974971, 40.29116182367102], [115.5853107663349, 40.29116326210581], [115.58531452304831, 40.29098313017989], [115.58543213932987, 40.290984568486046], [115.58543401751783, 40.29089450251632], [115.5855516336518, 40.290895940698405], [115.58555538969026, 40.290715808745404], [115.58567300552066, 40.29071724679886], [115.58567488337113, 40.2906271808156], [115.58579249905395, 40.29062861874499], [115.58579625441743, 40.290448486764895], [115.58591386979666, 40.290449924565664], [115.58591574730966, 40.290359858568856], [115.58603336254133, 40.29036129624556], [115.58603711722986, 40.29018116423838], [115.58615473215794, 40.29018260178647], [115.58615848650055, 40.29000246976428], [115.58639371575795, 40.290005344483696], [115.58639559260449, 40.28991527846127], [115.58663082158368, 40.28991815269353], [115.58663269810972, 40.28982808666054], [115.58686792681067, 40.28983096040564], [115.58686980301619, 40.28974089436207], [115.58698741722334, 40.2897423310508], [115.58697616079952, 40.29028272731734], [115.58732900628026, 40.29028703674831], [115.58733088190394, 40.290196970693934], [115.58744849692508, 40.290198406927345], [115.58745224783502, 40.29001827480508], [115.58733463312595, 40.29001683858077], [115.5873383843141, 40.28983670646168], [115.58710315554546, 40.28983383367269], [115.58710878320048, 40.28956363551025], [115.58687355540182, 40.28956076227049], [115.58687543158197, 40.28947069622249], [115.58664020412922, 40.289467822513785], [115.58663645113641, 40.28964795459011], [115.58651883711065, 40.28964651754739], [115.58651696044554, 40.2897365835788], [115.58639934627223, 40.28973514641201], [115.5863974694426, 40.289825212437385], [115.58627985512172, 40.28982377514654], [115.58628548605331, 40.28955357707963], [115.586167872209, 40.28955213968292], [115.58616411795103, 40.289732271719906], [115.58604650380312, 40.28973083419458], [115.5860446265054, 40.289820900206294], [115.58592701220994, 40.289819462556906], [115.58592325727703, 40.28999959456681], [115.58580564267798, 40.2899981567888], [115.5858037650428, 40.29008822278697], [115.58568615029617, 40.2900867848849], [115.58568427249648, 40.290176850877046], [115.58556665760231, 40.2901754128509], [115.58556477963812, 40.290265478837014], [115.58544716459637, 40.29026404068681], [115.58544528646769, 40.29035410666689], [115.58532767127839, 40.290352668392615], [115.58532954956307, 40.29026260241708], [115.58509431952191, 40.29025972551908], [115.58508868370619, 40.29052992341391], [115.5849710682302, 40.29052848477196], [115.58496355306649, 40.2908887485928], [115.58484593697486, 40.29088730981313], [115.58484217903009, 40.29106744170556], [115.58472456263485, 40.291066002797244], [115.58472080434412, 40.29124613467466], [115.58460318764527, 40.29124469563772], [115.58459942900856, 40.29142482750009], [115.5847170460195, 40.29142626654615], [115.58471328766099, 40.29160639841171], [115.58447805302342, 40.29160352018186], [115.58447617351936, 40.291693586103314], [115.5842409386036, 40.29169070738629], [115.58423717894588, 40.29187083920651], [115.58411956118863, 40.29186939965959], [115.58411580118492, 40.292049531464805], [115.58399818312407, 40.29204809178925], [115.58399630295344, 40.29213815768507], [115.58387868474503, 40.29213671788544], [115.58387680440988, 40.292226783775234], [115.58364156770635, 40.29222390380827], [115.58363968705065, 40.292313969687456], [115.58352206855555, 40.29231252952013], [115.5835201877353, 40.29240259539328], [115.58328495045846, 40.292399714690944], [115.58328306931766, 40.292489780553495], [115.58281259424156, 40.29248401769627], [115.58280883068609, 40.292664149380435], [115.58304406883137, 40.292667031066344], [115.58303842437078, 40.29293722860889], [115.58292080482576, 40.29293578781201], [115.58291704149752, 40.293115919490525], [115.58279942164887, 40.293114478564995], [115.58279753981599, 40.293204544397454], [115.58267991981977, 40.29320310334784], [115.5826761558164, 40.293383234999226], [115.58244091522518, 40.293380352523165], [115.58243903289868, 40.29347041833752], [115.58232141245973, 40.29346897691562], [115.58231576496107, 40.29373917433609], [115.58255100678376, 40.29374205708773], [115.58254912457934, 40.29383212290072], [115.58243150350769, 40.2938306815801], [115.58242773876127, 40.294010813192514], [115.58254536014505, 40.29401225452225], [115.58254724236645, 40.29392218871222], [115.58266486360264, 40.29392362991787], [115.58266674565948, 40.2938335641018], [115.58278436674811, 40.29383500518335], [115.58278248484731, 40.293925071004], [115.58290010610048, 40.29392651197058], [115.58289634258557, 40.29410664361653], [115.5827787210203, 40.29410520264082], [115.58277495715932, 40.29428533427175], [115.58289257903674, 40.29428677525657], [115.58288693364985, 40.29455697270554], [115.58300455600391, 40.294558413584525], [115.58300079268236, 40.2947385452189], [115.5834712834321, 40.294744307576], [115.58346940238285, 40.29483437340921], [115.58335177952662, 40.29483293299468], [115.58334801709056, 40.295013064647534], [115.58299514763635, 40.295008742659356], [115.58299326593742, 40.29509880846989], [115.58240514956978, 40.295091602742744], [115.58240326708199, 40.295181668528976], [115.58205039689506, 40.295177343644575], [115.58204851393056, 40.29526740941563], [115.58193089039584, 40.29526596754386], [115.58192900726677, 40.29535603330888], [115.58181138358447, 40.29535459131301], [115.58180761698871, 40.295534722829466], [115.58168999300275, 40.295533280704916], [115.58168810953606, 40.295623346456395], [115.58145286127747, 40.295620461839555], [115.58145097749015, 40.29571052758039], [115.58109810469776, 40.29570619974492], [115.58109622043371, 40.295796265470564], [115.58097859603052, 40.2957948226151], [115.5809748271648, 40.29597495405284], [115.58062195306967, 40.29597062474179], [115.58061818323353, 40.296150756146204], [115.58050055823999, 40.296149312794306], [115.58049867315307, 40.29623937848971], [115.58038104801197, 40.2962379350137], [115.5803791627605, 40.296328000703056], [115.58026153747181, 40.296326557102944], [115.58025965205573, 40.29641662278626], [115.5801420266195, 40.29641517906202], [115.58014014103883, 40.29650524473929], [115.58002251545501, 40.29650380089095], [115.58001874395605, 40.296683932231886], [115.57990111806855, 40.296682488254866], [115.57989923215023, 40.29677255391856], [115.57978160611516, 40.29677110981741], [115.57977783394085, 40.2969512411312], [115.57966020760212, 40.29694979690136], [115.57965832134613, 40.297039862551465], [115.5795406948598, 40.29703841819753], [115.57953692201012, 40.29721854948413], [115.57941929522016, 40.2972171050015], [115.57941363541356, 40.29748730190659], [115.57929600816385, 40.297485857290695], [115.57929412138856, 40.297575922918206], [115.57894123922219, 40.29757158833952], [115.5789525625559, 40.29703119463467], [115.57907018899968, 40.29703263958632], [115.57907207603607, 40.296942573959086], [115.57871919719857, 40.29693823875921], [115.57872674713212, 40.2965779762904], [115.57884437277846, 40.29657942145826], [115.578848147382, 40.29639929020582], [115.5789657727247, 40.296400735245], [115.57896954698205, 40.296220603977496], [115.5790871720211, 40.296222048887984], [115.57908905898091, 40.29613198324743], [115.57920668387241, 40.296133428033805], [115.57920857066765, 40.296043362387195], [115.57932619541157, 40.29604480704945], [115.5793299686644, 40.29586467574266], [115.57944759310466, 40.29586612027624], [115.57945136601128, 40.29568598895439], [115.57933374188318, 40.29568454442995], [115.57933562847983, 40.295594478771385], [115.57945325245186, 40.29559592329124], [115.57945891172253, 40.29532572629291], [115.57957653523485, 40.2953271706795], [115.57957842148532, 40.29523710500585], [115.5796960448501, 40.295238549268355], [115.57969793093599, 40.295148483588655], [115.5798155541532, 40.295149927727046], [115.57981932598734, 40.29496979635407], [115.57970170308228, 40.29496835222483], [115.57970358914265, 40.294878286540694], [115.57982121189164, 40.294879730665365], [115.57982686955356, 40.29460953359037], [115.57970924727276, 40.29460808947942], [115.57971113329913, 40.294518023789365], [115.57947588907516, 40.294515135218006], [115.57948154803961, 40.294244938166415], [115.57936392640858, 40.29424349371516], [115.57936581286911, 40.29415342803291], [115.57924819140264, 40.29415198346669], [115.57925573778392, 40.293791720741176], [115.57878525450009, 40.293785941354194], [115.57878714169838, 40.2936958756874], [115.57855190041964, 40.2936929852859], [115.57855378792155, 40.293602919626785], [115.57820092653542, 40.29359858314177], [115.57820281449698, 40.293508517494914], [115.57808519420803, 40.293507071765426], [115.57808330609042, 40.293597137407716], [115.57749520399307, 40.29358990694448], [115.57749331508668, 40.29367997256239], [115.57725807399525, 40.29367707953125], [115.57725618476822, 40.29376714513852], [115.57702094339874, 40.2937642516201], [115.57701905385107, 40.293854317216734], [115.57678381220356, 40.293851423211024], [115.57678192233527, 40.29394148879702], [115.57642905945974, 40.29393714687824], [115.57642716911472, 40.294027212449], [115.57607430584777, 40.29402286944071], [115.57607241502605, 40.29411293499625], [115.57595479379805, 40.29411148708318], [115.57595290281175, 40.29420155263265], [115.57571766006922, 40.294198656438745], [115.57571576876227, 40.29428872197756], [115.57524528275529, 40.29428292813703], [115.57524339081557, 40.294372993656026], [115.57489052593172, 40.2943686470068], [115.57488863351527, 40.294458712510554], [115.57465338998993, 40.29445581413757], [115.57465149725283, 40.29454587963067], [115.57441625344948, 40.29454298077038], [115.57441436039174, 40.29463304625282], [115.57406149428256, 40.29462869705213], [115.57405960074806, 40.29471876251932], [115.57382435640585, 40.29471586244536], [115.5738224625507, 40.294805927901876], [115.57370484023632, 40.294804477681], [115.57370294621656, 40.294894543131456], [115.57358532375468, 40.29489309278647], [115.5735815353774, 40.295073223673754], [115.57346391261194, 40.29507177320003], [115.57346201825442, 40.29516183863686], [115.57263865804278, 40.29515168194174], [115.57264055349276, 40.29506161653706], [115.57252293079564, 40.29506016510709], [115.57252482639313, 40.29497009970551], [115.5726424489342, 40.29497155113091], [115.57264434436709, 40.294881485723266], [115.57229147723774, 40.29487713110227], [115.57228958133668, 40.29496719649613], [115.5720543363144, 40.2949642928086], [115.57205244009262, 40.29505435819179], [115.57134670429461, 40.29504564423284], [115.57134860145278, 40.29495557887725], [115.57123097900579, 40.294954126137], [115.57122908169154, 40.29504419148799], [115.57111145909704, 40.2950427386236], [115.57111335656734, 40.2949526732772], [115.57064286689914, 40.294946860642696], [115.57064476498512, 40.29485679531324], [115.57029189829204, 40.294852434596066], [115.57029379683767, 40.29476236927893], [115.56982330865765, 40.294756553334345], [115.56982140948779, 40.294846618633066], [115.5697037873081, 40.29484516434348], [115.56969998863053, 40.2950252949273], [115.5695823661473, 40.295023840508975], [115.5695804666396, 40.295113905794054], [115.56946284400888, 40.2951124512516], [115.56946094433654, 40.29520251653059], [115.5693433215583, 40.295201061864], [115.56934142172135, 40.2952911271369], [115.56922379879562, 40.29528967234615], [115.56921999878384, 40.29546980287832], [115.56910237555455, 40.295468347958845], [115.56909857519638, 40.29564847847586], [115.5689809516635, 40.29564702342763], [115.56897525059377, 40.295917219178236], [115.56885762660126, 40.295915763996646], [115.56885002443065, 40.2962760249583], [115.56873239982242, 40.29627456963875], [115.56872669763627, 40.29654476533062], [115.56860907256838, 40.296543309877705], [115.56860527075592, 40.29672344032233], [115.56848764538445, 40.29672198474066], [115.56848574430929, 40.29681204995614], [115.5682504932799, 40.29680913842495], [115.568248591884, 40.29689920362974], [115.56777808930383, 40.296893379114444], [115.56777618727503, 40.29698344429931], [115.56765856149534, 40.296981987867014], [115.56765665930189, 40.29707205304578], [115.5674214074561, 40.29706913981336], [115.56741950494192, 40.29715920498144], [115.56718425281827, 40.297156291261636], [115.56718044713983, 40.29733642157487], [115.56706282077872, 40.297334964526435], [115.56705520869455, 40.29769522511669], [115.56693758171768, 40.297693767930255], [115.56693567851912, 40.297783833069516], [115.5668180513947, 40.29778237575891], [115.56681614803148, 40.29787244089206], [115.56669852075959, 40.29787098345731], [115.56669471369517, 40.298051113709946], [115.5665770861197, 40.29804965614642], [115.56657518241853, 40.29813972126589], [115.56633992698114, 40.29813680577097], [115.56634373499926, 40.29795667554899], [115.56622610760564, 40.29795521763145], [115.56623182003668, 40.297685022301195], [115.56611419311989, 40.29768356427795], [115.5661160974025, 40.29759349916953], [115.56599847065038, 40.29759204103135], [115.56600227950196, 40.2974119108193], [115.56588465307061, 40.297410452570816], [115.56588846220002, 40.29723032236204], [115.56577083608941, 40.297228864003245], [115.565782264208, 40.29668847336913], [115.56566463904245, 40.2966870149185], [115.56566844865877, 40.296506884704506], [115.56578607351216, 40.29650834314591], [115.56579940580615, 40.29587788731794], [115.56591702957562, 40.295879345607496], [115.56592274281887, 40.29560915021659], [115.56604036612869, 40.29561060837274], [115.56604607882646, 40.29534041295466], [115.56616370167667, 40.295341870977424], [115.56616941382897, 40.29507167553217], [115.56628703621958, 40.29507313342155], [115.5662927478264, 40.29480293794912], [115.5664103697574, 40.29480439570513], [115.56641417714023, 40.294624265373535], [115.56653179876771, 40.29462572300079], [115.5665375093094, 40.294355527478444], [115.56665513047726, 40.29435698497231], [115.56665893715004, 40.29417685460744], [115.56677655801437, 40.294178311972566], [115.5667784611818, 40.2940882467833], [115.56689608189865, 40.294089704024266], [115.56689798490146, 40.29399963882891], [115.56701560547084, 40.294001095945745], [115.56701750830902, 40.293911030744276], [115.56713512873092, 40.29391248773697], [115.56713703140446, 40.29382242252943], [115.56725465167888, 40.293823879397976], [115.5672565541878, 40.293733814184336], [115.56749179445026, 40.29373672755363], [115.5674936966385, 40.29364666232927], [115.56772893662317, 40.29364957521125], [115.56773083849069, 40.29355950997619], [115.56784845833984, 40.29356096623327], [115.56785036004274, 40.29347090099213], [115.56796797974441, 40.293472357125076], [115.56796988128269, 40.29338229187784], [115.56808750083688, 40.29338374788665], [115.56808940221055, 40.293293682633326], [115.56832464103255, 40.29329659428315], [115.5683284431299, 40.29311646375362], [115.56844606224168, 40.29311791939002], [115.56844796312146, 40.29302785411842], [115.56856558208574, 40.2930293096307], [115.56856938350747, 40.29284917907385], [115.56868700216823, 40.29285063445737], [115.56869460428469, 40.29249037330747], [115.56857698624813, 40.292488917942386], [115.56857888691187, 40.29239885265581], [115.5684612690399, 40.29239739717579], [115.56846316985113, 40.29230733189236], [115.56811031675483, 40.292302964749], [115.5681122180256, 40.2922128994779], [115.56787698298301, 40.2922099874606], [115.56787508140015, 40.292300052722496], [115.56716937554197, 40.292291313774456], [115.56717127806108, 40.292201248540245], [115.56693604315574, 40.29219833461061], [115.56694175159785, 40.29192813892677], [115.56705936857811, 40.2919295959375], [115.56706317385121, 40.29174946546498], [115.56718079052797, 40.29175092234697], [115.5671826929956, 40.291660857103864], [115.56730030952491, 40.291662313861714], [115.56730221182795, 40.29157224861254], [115.56741982820978, 40.29157370524626], [115.5674217303482, 40.291483639990986], [115.56765696282554, 40.291486552890674], [115.56765886464329, 40.29139648762468], [115.56777648073877, 40.29139794389063], [115.56777838239194, 40.29130787861856], [115.56789599833996, 40.29130933476038], [115.56789789982851, 40.2912192694822], [115.56801551562909, 40.2912207254999], [115.56801741695301, 40.29113066021564], [115.56813503260612, 40.29113211610922], [115.56813693376546, 40.29104205081886], [115.56837216478532, 40.29104496223824], [115.568374065624, 40.29095489693719], [115.56849168099075, 40.290956352463], [115.56849358166484, 40.29086628715585], [115.56872881211201, 40.2908691978397], [115.56873261281034, 40.29068906720255], [115.56885022773469, 40.290690522356], [115.56885212791497, 40.29060045703059], [115.56896974269186, 40.29060191205991], [115.56897544271322, 40.29033171606099], [115.56909305703059, 40.29033317095698], [115.56910065631499, 40.289972909585934], [115.56921827001683, 40.28997436434398], [115.56922776814946, 40.289524037573834], [115.56911015522772, 40.28952258283882], [115.56911395473287, 40.2893424521296], [115.56923156734254, 40.2893439068554], [115.56923346692625, 40.28925384149397], [115.56911585447259, 40.28925238677277], [115.56912915241075, 40.288621929233514], [115.56901154105779, 40.28862047442505], [115.5690191403152, 40.288260212959884], [115.56913675104413, 40.28826166774992], [115.56914624914312, 40.287811340862135], [115.56926385910056, 40.28781279550963], [115.56927335620537, 40.28736246856179], [115.56939096539134, 40.28736392306677], [115.56939476386131, 40.28718379226805], [115.56951237274383, 40.28718524664433], [115.56951617086752, 40.28700511583048], [115.56963377944659, 40.28700657007804], [115.56963947609994, 40.28673637383236], [115.56975708421956, 40.2867378279466], [115.56977227367042, 40.28601730452278], [115.56965466679878, 40.28601585044536], [115.56965846438786, 40.285835719583815], [115.56954085783677, 40.285834265396105], [115.5695446557036, 40.28565413453783], [115.56942704947305, 40.28565268023983], [115.56942894854961, 40.285562614813095], [115.56931134248364, 40.2855611604002], [115.56931324170762, 40.28547109497657], [115.5691956358062, 40.285469640448795], [115.56919753517761, 40.28537957502831], [115.56907992944073, 40.285378120385644], [115.56908182895955, 40.28528805496827], [115.56884661782348, 40.28528514533369], [115.56884851764575, 40.28519507992404], [115.5686133068559, 40.285192169820704], [115.56861520698155, 40.28510210441879], [115.56849760175547, 40.285100649192486], [115.56850140229308, 40.28492051839344], [115.56838379738753, 40.28491906305686], [115.56838569779949, 40.28482899765972], [115.56826809305848, 40.28482754220827], [115.56826999361783, 40.28473747681425], [115.56815238904142, 40.28473602124792], [115.56815428974816, 40.28464595585703], [115.56803668533628, 40.284644500175816], [115.56803858619047, 40.28455443478805], [115.56792098194316, 40.28455297899195], [115.56792288294474, 40.284462913607335], [115.56768767478778, 40.28446000166589], [115.56768957609276, 40.284369936288996], [115.5675719721831, 40.284368480143655], [115.56757387363551, 40.28427841476988], [115.56733866615389, 40.28427550212996], [115.5673405679097, 40.284185436763934], [115.56722296433773, 40.284183980269354], [115.56722486624092, 40.28409391490646], [115.5671072628335, 40.284092458296996], [115.56711106692612, 40.283912327576], [115.56699346383925, 40.28391087085628], [115.56699536602865, 40.28382080549817], [115.56687776310635, 40.28381934866358], [115.56687966544314, 40.28372928330859], [115.56676206268538, 40.28372782635912], [115.5667601601926, 40.2838178917095], [115.56581933719154, 40.28380623177537], [115.56582124093215, 40.28371616646192], [115.56535083026154, 40.28371033364567], [115.56535273461745, 40.28362026834921], [115.56499992717256, 40.28361589249629], [115.5650018319878, 40.28352582721221], [115.56488422967934, 40.28352436836022], [115.56489375440668, 40.28307404194065], [115.5650113559353, 40.28307550076954], [115.56501326069902, 40.282985435476576], [115.56513086208025, 40.28298689418137], [115.56513276667943, 40.28289682888229], [115.56525036791326, 40.28289828746299], [115.5652541767739, 40.28271815685116], [115.56537177770443, 40.28271961530312], [115.56537558621876, 40.282539484676136], [115.56525798560021, 40.282538026233404], [115.56525989000049, 40.282447960922305], [115.56514228954647, 40.28244650236469], [115.5651441940941, 40.28235643705674], [115.56502659380463, 40.28235497838428], [115.56502849849969, 40.28226491307943], [115.56491089837476, 40.28226345429211], [115.56491280321717, 40.28217338899043], [115.56479520325679, 40.28217193008824], [115.5647971082466, 40.282081864789696], [115.5646795084508, 40.282080405772646], [115.56468522383646, 40.28181020988197], [115.56480282316436, 40.281811668885155], [115.56480472811978, 40.28172160358068], [115.56492232730034, 40.281723062459776], [115.5649242320912, 40.281632997149195], [115.56574742550376, 40.28164320592516], [115.5657455218046, 40.28173327126806], [115.56621591885302, 40.2817391022443], [115.56621401576915, 40.28182916760418], [115.56680201305255, 40.281836453659345], [115.56680011073988, 40.28192651904081], [115.56703531002522, 40.28192943263575], [115.56703340801589, 40.28201949802496], [115.56726860764746, 40.282022411151225], [115.5672667059415, 40.28211247654818], [115.5673843059261, 40.28211393293671], [115.56737860122466, 40.2823841291325], [115.56749620168576, 40.28238558541538], [115.56749430025742, 40.282475650815634], [115.56761190088304, 40.28247710698365], [115.56761380215539, 40.28238704157877], [115.56784900312039, 40.282389953547145], [115.56785090407224, 40.28229988813157], [115.56796850441164, 40.28230134393192], [115.56797040519898, 40.282211278510275], [115.56808800539098, 40.28221273418654], [115.56808990601377, 40.28212266875879], [115.56820750605836, 40.28212412431097], [115.56820940651662, 40.28203405887713], [115.56832700641382, 40.282035514305214], [115.56832890670756, 40.2819454488653], [115.56844650645735, 40.281946904169295], [115.56844840658654, 40.28185683872329], [115.56868360579996, 40.28185974896365], [115.56868550560866, 40.28176968350693], [115.5689207045444, 40.28177259326016], [115.56892260403262, 40.281682527792775], [115.56939300138306, 40.28168834584708], [115.56939490023886, 40.28159828035978], [115.5697476978737, 40.2816026426322], [115.56974959625305, 40.281512577129604], [115.57010239349704, 40.28151693831291], [115.57010429139997, 40.28142687279503], [115.57033948929349, 40.28142977964399], [115.57034138687594, 40.281339714115425], [115.57045898567958, 40.28134116735608], [115.57046088309752, 40.28125110182144], [115.57057848175374, 40.281252554938035], [115.57058037900717, 40.281162489397296], [115.5708155760334, 40.28116539526284], [115.57081747296633, 40.281075329711435], [115.57093507133632, 40.281076782460396], [115.57093696810476, 40.28098671690291], [115.57105456632733, 40.28098816952778], [115.57105646293128, 40.28089810396422], [115.57117406100645, 40.28089955646503], [115.57117595744589, 40.28080949089539], [115.57129355537366, 40.28081094327212], [115.57129545164858, 40.28072087769639], [115.57141304942893, 40.28072232994907], [115.57141494553935, 40.280632264367256], [115.57153254317232, 40.280633716495856], [115.57153443911824, 40.280543650907966], [115.5716520366038, 40.28054510291249], [115.57165393238522, 40.280455037318525], [115.57177152972336, 40.28045648919899], [115.57177342534028, 40.280366423598956], [115.5720086197303, 40.28036932699226], [115.57201051502678, 40.280279261381544], [115.57212811207869, 40.280280712894395], [115.57213000721063, 40.2801906472776], [115.57236520102815, 40.280193549935696], [115.57236709583967, 40.28010348430823], [115.57248469260529, 40.28010493545347], [115.57248658725231, 40.28001486981994], [115.57272178049729, 40.280017771742834], [115.57272367482388, 40.27992770609863], [115.57284127130322, 40.279929156876264], [115.57284316546534, 40.279839091226], [115.57296076179729, 40.27984054187959], [115.5729626557949, 40.27975047622322], [115.57308025197942, 40.279751926752745], [115.57308214581256, 40.27966186109032], [115.57319974184969, 40.279663311495774], [115.57320163551833, 40.27957324582729], [115.57331923140805, 40.27957469610868], [115.57332301840782, 40.27939456475805], [115.5734406139942, 40.2793960149108], [115.57344250732535, 40.279305949228686], [115.5735601027643, 40.27930739925737], [115.57356199593097, 40.279217333569164], [115.5737971865226, 40.27922023325895], [115.57379907936883, 40.2791301675601], [115.57403426968273, 40.27913306676283], [115.57403616220856, 40.279043001053324], [115.57438894727555, 40.279047348947664], [115.57439083932502, 40.2789572832229], [115.57462602910046, 40.278960181212625], [115.5746279208295, 40.278870115477204], [115.57521589463764, 40.2788773583379], [115.57521778557846, 40.27878729257806], [115.57557056949783, 40.27879163684714], [115.57557245996232, 40.27870157107207], [115.57580764897264, 40.278704466644946], [115.57580953911672, 40.27861440085923], [115.57592713347873, 40.27861584846189], [115.57592902345834, 40.278525782670116], [115.57604661767293, 40.27852723014872], [115.5760485074881, 40.27843716435088], [115.57616610155526, 40.27843861170545], [115.57616799120596, 40.27834854590154], [115.5762855851257, 40.27834999313205], [115.57628747461195, 40.27825992732209], [115.57640506838429, 40.27826137442857], [115.57640884701935, 40.27808124279503], [115.57652644048834, 40.27808268977288], [115.57652832963716, 40.27799262394932], [115.57664592295873, 40.27799407080311], [115.57665158988625, 40.277723873309775], [115.57676918274855, 40.27772532003037], [115.5767729603458, 40.27754518835159], [115.57689055290473, 40.277546634943555], [115.57689433015608, 40.2773665032497], [115.57701192241167, 40.27736794971305], [115.57701758775701, 40.27709775214743], [115.57713517955331, 40.27709919847757], [115.5771389560958, 40.27691906675059], [115.57725654758877, 40.27692051295213], [115.57726221187085, 40.27665031533682], [115.57737980290457, 40.27665176140517], [115.5774043452146, 40.27548090485875], [115.57728675620785, 40.27547945884993], [115.57729242008132, 40.275209261163596], [115.5771748315508, 40.27520781504907], [115.57720126413014, 40.273946892400815], [115.57708367779084, 40.27394544623093], [115.5770874540492, 40.27376531440952], [115.57696986803023, 40.273763868129365], [115.57697175630254, 40.27367380222101], [115.57685417044797, 40.27367235582598], [115.57685983568155, 40.27340215810581], [115.5767422503032, 40.27340071160507], [115.57674413885326, 40.27331064569996], [115.57650896843388, 40.27330775234933], [115.57651274613205, 40.273127620553], [115.57639516124692, 40.273126173707674], [115.57639705023914, 40.27303610781187], [115.57627946551843, 40.27303466085169], [115.57628324378908, 40.27285452906482], [115.5760480749968, 40.272851634804454], [115.57605185385695, 40.272671503029976], [115.57593426978538, 40.272670055729805], [115.57593804892325, 40.27248992395859], [115.57582046517197, 40.272488476548126], [115.57582235488401, 40.27239841066488], [115.57570477129715, 40.27239696313957], [115.57570855100745, 40.2722168313778], [115.5755909677409, 40.272215383742214], [115.57559285773915, 40.2721253178637], [115.57547527463701, 40.27212387011326], [115.57547905491973, 40.271943738360946], [115.57536147213789, 40.27194229050025], [115.57536336242235, 40.27185222462645], [115.5752457798049, 40.2718507766509], [115.57524767023673, 40.27176071078021], [115.5750125053392, 40.27175781447996], [115.57501439607427, 40.27166774861697], [115.5747792315226, 40.27166485184815], [115.57478490461199, 40.271394654277785], [115.57466732281657, 40.27139320572798], [115.5746692139852, 40.27130313987282], [115.57431646911783, 40.27129879352057], [115.57431268583676, 40.2714789252019], [115.57419510391956, 40.271477476169764], [115.57419699572026, 40.27138741033443], [115.5740794139675, 40.271385961187455], [115.57408130591554, 40.27129589535523], [115.57396372432719, 40.271294446093414], [115.57396561642256, 40.271204380264294], [115.57384803499863, 40.27120293088764], [115.57385181947556, 40.271022799234146], [115.57373423837193, 40.27102134974723], [115.57375316180348, 40.27012069143687], [115.57387074134836, 40.2701221408779], [115.57387452562057, 40.26994200918889], [115.57399210486224, 40.2699434585013], [115.57399399682967, 40.269853392649985], [115.57411157592401, 40.26985484183839], [115.57411346772705, 40.269764775981], [115.57423104667403, 40.26976622504539], [115.57423293831266, 40.269676159181934], [115.57435051711232, 40.2696776081223], [115.57435240858653, 40.26958754225277], [115.57446998723888, 40.269588991069135], [115.57447187854869, 40.26949892519354], [115.57458945705369, 40.269500373885876], [115.57459134819914, 40.269410308004225], [115.57470892655675, 40.269411756572545], [115.57471081753782, 40.269321690684826], [115.57482839574811, 40.269323139129135], [115.57483028656478, 40.269233073235355], [115.57494786462772, 40.269234521555646], [115.57494975528, 40.26914445565579], [115.57506733319559, 40.26914590385209], [115.57507111416284, 40.26896577203876], [115.57518869177524, 40.268967220106454], [115.57519058209023, 40.26887715419298], [115.57530815955528, 40.26887860213667], [115.57531193984795, 40.26869847029612], [115.57542951700981, 40.268699918111224], [115.57543329695666, 40.26851978625558], [115.57555087381532, 40.26852123394208], [115.57555465341638, 40.268341102071375], [115.57567222997183, 40.26834254962928], [115.57568167804605, 40.26789221990367], [115.57579925383075, 40.267893667319235], [115.57581436905971, 40.26717313964464], [115.57569679452183, 40.26717169226573], [115.5757100209909, 40.26654123050484], [115.57559244755245, 40.2665397830386], [115.57559811637894, 40.266269585132626], [115.57536297046269, 40.266266689869404], [115.57536486036618, 40.26617662390696], [115.57512971479571, 40.266173728175254], [115.57512782458053, 40.266263794128534], [115.57442238713861, 40.26625510404002], [115.57442049597988, 40.26634516996431], [115.5741853499224, 40.26634227230365], [115.57418345844346, 40.26643233821727], [115.57371316580749, 40.26642654144465], [115.57371127369663, 40.26651660733845], [115.57324098057379, 40.266510808636845], [115.57323908783104, 40.26660087451079], [115.57300394100912, 40.26659797443432], [115.57300204794612, 40.2666880402976], [115.57264932730975, 40.26668368927352], [115.57264743377068, 40.26677375512156], [115.57217713908496, 40.26676795206593], [115.57217524491399, 40.2668580178941], [115.57194009731067, 40.26685511564061], [115.57193820281945, 40.266945181458105], [115.57170305493861, 40.266942278717764], [115.57170116012718, 40.26703234452461], [115.57111328979533, 40.267025085560995], [115.57111708096815, 40.26684495399181], [115.57099950723911, 40.26684350185003], [115.57100519440175, 40.266573304498955], [115.5708876211488, 40.26657185225157], [115.57089520453604, 40.26621158911448], [115.570777631915, 40.26621013676607], [115.57079090360448, 40.265579676251335], [115.57090847513466, 40.26558112856756], [115.57091605814583, 40.265220865365336], [115.5710336290612, 40.265222317543746], [115.57103931576236, 40.264952120112746], [115.57115688621879, 40.26495357215796], [115.57115878161291, 40.264863506340056], [115.57127635192207, 40.26486495826126], [115.57127824715182, 40.26477489243731], [115.57151338748409, 40.26477779591231], [115.57151528239363, 40.26468773007765], [115.57280855311767, 40.26470369060211], [115.57281044630454, 40.26461362471543], [115.57304558623551, 40.26461652506751], [115.57304747910221, 40.264526459170185], [115.57316504892468, 40.2645279091625], [115.57316883432081, 40.26434777735422], [115.57328640384011, 40.26434922721797], [115.57328829636957, 40.26425916130702], [115.5734058657416, 40.26426061104677], [115.57340775810668, 40.264170545129744], [115.57352532733145, 40.264171994745496], [115.57352721953218, 40.2640819288224], [115.57364478860963, 40.26408337831417], [115.57364857267385, 40.26390324645435], [115.57376614144816, 40.26390469581752], [115.57376992516662, 40.263724563942624], [115.57388749363783, 40.26372601317723], [115.57388938532841, 40.263635947232956], [115.57400695365234, 40.26363739634357], [115.57401073669635, 40.26345726444142], [115.57412830471716, 40.26345871342345], [115.57413019607054, 40.263368647465576], [115.57424776394406, 40.26337009632361], [115.5742515463136, 40.26318996439423], [115.57436911388399, 40.2631914131237], [115.57437100490016, 40.26310134715221], [115.57448857232328, 40.26310279575769], [115.57449235401842, 40.26292266380106], [115.57460992113842, 40.26292411227797], [115.57461181181738, 40.26283404629286], [115.57472937879008, 40.262835494645785], [115.5747312693047, 40.2627454286546], [115.57484883613012, 40.26274687688353], [115.57485072648039, 40.2626568108863], [115.57496829315853, 40.262658258991245], [115.5749720735219, 40.26247812698314], [115.57508963989693, 40.26247957495952], [115.57509152991001, 40.26238950894867], [115.575326662374, 40.262392404534076], [115.57533044175138, 40.262212272489585], [115.57544800768453, 40.262213720094024], [115.57544989720463, 40.26212365406498], [115.57556746299048, 40.26212510154544], [115.57556935234625, 40.26203503551033], [115.57568691798483, 40.26203648286681], [115.57569069635919, 40.261856350782985], [115.57580826169465, 40.261857798010894], [115.57581015071324, 40.26176773196219], [115.57592771590143, 40.261769179066135], [115.57593149360146, 40.26158904695509], [115.57604905848655, 40.26159049393047], [115.57605283584091, 40.26141036180436], [115.57617040042288, 40.26141180865118], [115.5761722889315, 40.26132174258132], [115.57628985336618, 40.26132318930418], [115.57629363004624, 40.26114305715085], [115.57641119417784, 40.26114450374514], [115.57641308234929, 40.26105443766168], [115.57676577432774, 40.26105877671448], [115.57676766202327, 40.260968710615806], [115.57712035361091, 40.260973048580354], [115.57712412804166, 40.26079291635107], [115.5770065644822, 40.260791470491434], [115.57700845184063, 40.260701404379155], [115.57689088844549, 40.260699958404714], [115.5769022133521, 40.26015956172744], [115.57678465090022, 40.26015811566108], [115.57678842611261, 40.25997798343265], [115.57667086398087, 40.25997653725606], [115.57667275173009, 40.2598864711442], [115.57655518976263, 40.2598850248528], [115.57656651701397, 40.25934462817804], [115.57668407804667, 40.259346074441964], [115.57668785341747, 40.25916594219605], [115.5768054141471, 40.25916738833142], [115.57680730166393, 40.259077322201655], [115.57715998343652, 40.25908165987774], [115.57715620932906, 40.259261792163244], [115.57727377024851, 40.259263237825664], [115.57726622255467, 40.259623502397226], [115.57738378410578, 40.25962494795857], [115.5773800105194, 40.25980508024463], [115.57749757239063, 40.25980652569574], [115.57749568574044, 40.259896591841134], [115.57761324777596, 40.25989803717743], [115.57760947476173, 40.26007816947292], [115.57772703711733, 40.260079614698995], [115.57771760521186, 40.260529945434705], [115.57760004207728, 40.26052850018575], [115.57759626894396, 40.26070863246052], [115.57736114207712, 40.26070574158614], [115.57735925518608, 40.260795807712164], [115.57724169160963, 40.260794362091325], [115.57723414333728, 40.26115462656225], [115.57735170753695, 40.26115607220141], [115.57734982060343, 40.26124613832004], [115.57746738496739, 40.26124758384438], [115.57746549818113, 40.261337649966094], [115.57758306270944, 40.261339095375625], [115.57758117607048, 40.26142916150044], [115.57781630546418, 40.26143205197048], [115.57781441912834, 40.26152211810297], [115.5780495488677, 40.261525008104584], [115.57804766283495, 40.26161507424473], [115.5786354881111, 40.26162229718225], [115.5786336028489, 40.2617123633438], [115.58016195158663, 40.261731129071634], [115.58016006834146, 40.261821195291134], [115.58063033040348, 40.26182696532009], [115.58063221302545, 40.261736899082315], [115.58098490919367, 40.26174122533668], [115.58098679133973, 40.26165115908374], [115.58145705239292, 40.26165692573309], [115.58145893390726, 40.261566859460416], [115.58157649903596, 40.2615683008197], [115.58158026172757, 40.26138816826077], [115.58169782655311, 40.26138960949153], [115.58170911348955, 40.26084921175187], [115.58182667738879, 40.260850652835856], [115.58183232027511, 40.260580453932356], [115.5819498837154, 40.26058189488327], [115.58195552605802, 40.26031169595277], [115.58207308903938, 40.2603131367706], [115.58207496964751, 40.260223070452916], [115.58219253248157, 40.2602245111468], [115.58219629336077, 40.26004437849787], [115.58231385589174, 40.26004581906324], [115.58231573616283, 40.25995575273198], [115.58243329854645, 40.259957193173406], [115.58243517865328, 40.25986712683611], [115.58255274088958, 40.25986856715358], [115.58255650076619, 40.25968843446545], [115.5826740626994, 40.25968987465441], [115.58267782223055, 40.25950974195125], [115.58279538386063, 40.2595111820117], [115.58279726345769, 40.259421115653325], [115.58291482494047, 40.25942255558983], [115.58291670437326, 40.25933248922543], [115.58303426570873, 40.259333929038], [115.58303614497724, 40.25924386266755], [115.583271267362, 40.25924674192541], [115.58327314631047, 40.25915667554436], [115.58339070735977, 40.259158114989646], [115.583392586144, 40.25906804860258], [115.58351014704597, 40.25906948792393], [115.58351202566594, 40.25897942153081], [115.58374714718373, 40.25898229980624], [115.58374902548366, 40.258892233402534], [115.58386658609945, 40.25889367235661], [115.5838684642351, 40.258803605946866], [115.58398602470359, 40.25880504477701], [115.583987902675, 40.25871497836124], [115.58410546299618, 40.25871641706745], [115.58410734080333, 40.25862635064562], [115.58422490097718, 40.25862778922788], [115.58422677862009, 40.258537722800035], [115.58434433864662, 40.25853916125837], [115.58434621612527, 40.258449094824485], [115.58446377600448, 40.25845053315888], [115.58446565331889, 40.25836046671896], [115.58458321305076, 40.258361904929416], [115.58458509020093, 40.25827183848346], [115.58470264978551, 40.25827327656999], [115.58470452677145, 40.258183210118005], [115.58482208620867, 40.25818464808059], [115.58482396303036, 40.25809458162258], [115.58494152232029, 40.258096019461235], [115.58494527562671, 40.257915886531656], [115.58506283461352, 40.25791732424181], [115.58506471109827, 40.25782725777026], [115.58518226993776, 40.25782869535649], [115.58518602257031, 40.25764856239984], [115.58530358110671, 40.25764999985758], [115.58530733339386, 40.257469866885906], [115.58542489162717, 40.25747130421518], [115.58542676760229, 40.257381237722576], [115.58554432568826, 40.257382674927904], [115.58554620149917, 40.257292608429275], [115.58566375943782, 40.25729404551068], [115.58566563508448, 40.25720397900601], [115.58578319287584, 40.25720541596349], [115.58578506835825, 40.257115349452796], [115.58590262600228, 40.257116786286346], [115.58590450132047, 40.257026719769634], [115.58613961632236, 40.257029593069504], [115.58614149132053, 40.256939526542205], [115.58637660604468, 40.256942399355474], [115.58637848072287, 40.25685233281761], [115.58649603794186, 40.25685376904063], [115.58649791245583, 40.25676370249672], [115.58661546952746, 40.25676513859583], [115.58661734387721, 40.2566750720459], [115.58673490080156, 40.25667650802107], [115.58673864916418, 40.25649637490769], [115.58685620578542, 40.2564978107544], [115.58685807979826, 40.25640774419094], [115.58709319275455, 40.256410615517154], [115.58709694013187, 40.256230482367606], [115.58721449631116, 40.256231917842555], [115.58721636983138, 40.25614185126103], [115.58733392586333, 40.25614328661206], [115.5873376725669, 40.25596315343546], [115.58745522829577, 40.25596458865804], [115.58745897465403, 40.255784455466426], [115.58757653007982, 40.25578589056054], [115.58758027609277, 40.25560575735393], [115.58746272097852, 40.25560432226891], [115.58748519821604, 40.2545235229596], [115.58760275146123, 40.25452495799009], [115.58761024298052, 40.254164691488164], [115.5877277956111, 40.254166126381115], [115.58775214009117, 40.25299526002739], [115.58786969070549, 40.2529966947419], [115.58787905280847, 40.25254636143968], [115.58799660265254, 40.25254779601212], [115.58800221934581, 40.25227759599942], [115.58811976873112, 40.25227903043888], [115.5881216407896, 40.25218896376049], [115.58823919002758, 40.25219039807604], [115.58824293380776, 40.25201026470572], [115.58836048274271, 40.25201169889284], [115.5883623544644, 40.25192163220092], [115.58847990325206, 40.25192306626414], [115.5884817748096, 40.2518329995662], [115.58859932344996, 40.25183443350552], [115.58860306622822, 40.25165430009612], [115.58872061456556, 40.25165573390701], [115.58872248578632, 40.25156566719555], [115.58884003397634, 40.251567100882546], [115.58884190503292, 40.25147703416508], [115.58895945307567, 40.251478467728184], [115.58896319485206, 40.25129833427972], [115.58908074259179, 40.251299767714386], [115.58908635472592, 40.25102956751698], [115.5892039020069, 40.251031000818685], [115.58920764307605, 40.25085086733726], [115.58932519005401, 40.25085230051055], [115.5893308011273, 40.25058210026373], [115.58944834764652, 40.25058353330403], [115.58945208800844, 40.25040339978969], [115.58956963422463, 40.25040483270157], [115.58957524423714, 40.25013463240535], [115.58969278999459, 40.250136065184265], [115.58969465982616, 40.25004599841137], [115.58981220543636, 40.2500474310664], [115.58981594476279, 40.2498672975071], [115.58993349006994, 40.24986873003372], [115.58993535956482, 40.249778663247305], [115.59005290472467, 40.24978009565003], [115.5900566433777, 40.24959996206372], [115.59017418823456, 40.249601394338036], [115.59018166481657, 40.249241127129494], [115.5900641205826, 40.249239694873324], [115.59006598986275, 40.24914962807204], [115.58994844579288, 40.249148195701046], [115.58995031522034, 40.249058128902824], [115.58983277131462, 40.24905669641703], [115.58983464088934, 40.248966629621854], [115.58959955341462, 40.24896376430133], [115.58960142329232, 40.248873697513744], [115.58936633616274, 40.24887083172492], [115.58936820634345, 40.24878076494494], [115.58913311955901, 40.24877789868782], [115.5891349900427, 40.24868783191543], [115.58901744681884, 40.2486863986124], [115.58901931744981, 40.248596331843075], [115.58866668829596, 40.248592031231546], [115.58866481719785, 40.24868209798725], [115.58795955818358, 40.24867349351474], [115.58796143021597, 40.248583426786276], [115.58784388723214, 40.24858199229437], [115.58784575941176, 40.248491925568985], [115.58678787433881, 40.24847900981239], [115.58678974791137, 40.24838894312643], [115.58667220532341, 40.24838750745021], [115.58667970015192, 40.248027240709725], [115.58679724211707, 40.24802867636775], [115.58679911564738, 40.24793860967441], [115.58691665746527, 40.24794004520855], [115.58692040418916, 40.2477599118083], [115.58703794570407, 40.24776134721402], [115.58703981889765, 40.247671280507134], [115.58715736026531, 40.24767271578897], [115.58715923329473, 40.247582649076065], [115.587394315744, 40.24758551927265], [115.58739618845358, 40.24749545254915], [115.5877488117237, 40.247499756935355], [115.5877469394812, 40.24758982367247], [115.58786448074383, 40.247591258233754], [115.58786260864858, 40.247681324973925], [115.58809769151054, 40.24768419374754], [115.58809581971829, 40.247774260495326], [115.58856598616623, 40.24777999662867], [115.58856785733569, 40.24768992986273], [115.58868539881306, 40.24769136359319], [115.58868914081529, 40.24751123004777], [115.5888066819897, 40.247512663649815], [115.58881603606913, 40.247062329737695], [115.58858095528572, 40.247059462459696], [115.5885828263877, 40.24696939568191], [115.58823020574295, 40.2469650938835], [115.58823207730357, 40.24687502711788], [115.58811453726122, 40.246873592950955], [115.58811828066855, 40.24669345942434], [115.58800074094603, 40.24669202514716], [115.588004484631, 40.24651189162372], [115.5878869452283, 40.2465104572363], [115.58788881721381, 40.2464203904769], [115.58777127797524, 40.246418955974676], [115.58777502223235, 40.24623882246054], [115.58789256115956, 40.246240256953676], [115.58789443311974, 40.24615019018984], [115.58801197189969, 40.24615162455909], [115.58801571548341, 40.245971491017904], [115.58813325396041, 40.24597292525875], [115.58813512558393, 40.245882858481394], [115.58825266391369, 40.24588429259836], [115.58825827826655, 40.24561409224381], [115.58814074040386, 40.24561265814047], [115.58814448357495, 40.24543252457245], [115.58802694603206, 40.24543109035887], [115.58802881776063, 40.24534102357719], [115.58791128038187, 40.245339589248815], [115.58791315225768, 40.245249522470196], [115.58767807783681, 40.24524665346456], [115.58767995001557, 40.245156586693554], [115.58662211694066, 40.2451436703024], [115.5866239905121, 40.24505360357081], [115.58650645370169, 40.24505216782415], [115.58650832742033, 40.24496210109564], [115.58639079077405, 40.24496066523419], [115.5863945384974, 40.244780531781835], [115.58627700217089, 40.244779095810166], [115.58627887617557, 40.2446890290863], [115.5861613400132, 40.24468759299985], [115.58616321416513, 40.244597526279065], [115.58604567816687, 40.244596090077856], [115.58604755246601, 40.24450602336013], [115.58581248080623, 40.244503150608814], [115.58581435540829, 40.24441308389872], [115.58557928409364, 40.244410210679206], [115.58558115899856, 40.244320143976736], [115.58534608802911, 40.24431727028903], [115.58534796323693, 40.24422720359418], [115.58523042792056, 40.2442257665759], [115.58523230327559, 40.24413569988411], [115.58511476812335, 40.244134262751054], [115.58511851911945, 40.24395412937216], [115.58500098428698, 40.243952692128886], [115.58500473556057, 40.24377255875318], [115.58488720104792, 40.24377112139968], [115.58489095259904, 40.243590988027165], [115.58477341840617, 40.243589550563456], [115.58477529432473, 40.24349948387953], [115.58465776029598, 40.243498046301056], [115.58466151241903, 40.243317912937876], [115.58454397871007, 40.243316475249195], [115.5845458549146, 40.24322640856993], [115.58442832136974, 40.24322497076647], [115.58443019772147, 40.2431349040903], [115.58431266434076, 40.24313346617208], [115.58431454083969, 40.243043399498966], [115.58407947441498, 40.243040523313695], [115.58408135121677, 40.242950456648224], [115.58396381817276, 40.24294901838117], [115.58396757206229, 40.24276888505488], [115.58385003933806, 40.24276744667762], [115.58386505580303, 40.242046913349775], [115.58398258728197, 40.2420483516906], [115.58398821784975, 40.24177815165459], [115.58410574887021, 40.24177958986243], [115.58410950222846, 40.24159945648861], [115.58422703294605, 40.24160089456802], [115.58423078595918, 40.24142076117916], [115.58434831637392, 40.24142219913017], [115.5843520690419, 40.24124206572627], [115.5844695991538, 40.24124350354886], [115.58447147531945, 40.24115343684015], [115.58458900528416, 40.24115487453887], [115.5845927572788, 40.24097474110789], [115.58471028694068, 40.2409761786782], [115.58471216276966, 40.240886111955945], [115.58482969228434, 40.24088754940239], [115.58483344360566, 40.240707415944335], [115.5849509728175, 40.240708853262376], [115.58495284830984, 40.240618786526575], [115.58507037737448, 40.240620223720754], [115.58507412802248, 40.240440090235616], [115.58519165678432, 40.240441527301385], [115.5851954070872, 40.240261393801234], [115.58531293554618, 40.24026283073859], [115.585316685504, 40.240082697223436], [115.58543421366016, 40.24008413403238], [115.58543796327288, 40.23990400050219], [115.58555549112621, 40.23990543718275], [115.58555924039383, 40.23972530363754], [115.58567676794435, 40.23972674018969], [115.58567864240986, 40.239636673410324], [115.58591369722492, 40.23963954614761], [115.5859155713707, 40.23954947935766], [115.58603309863528, 40.23955091554279], [115.58603497261699, 40.239460848746816], [115.58627002686019, 40.2394637207501], [115.58627190052215, 40.239373653943545], [115.58650695448789, 40.23937652546052], [115.58650882783013, 40.2392864586434], [115.58674388151837, 40.239289329674065], [115.58674575454091, 40.23919926284638], [115.58686328124207, 40.2392006981782], [115.58686515410052, 40.2391106313445], [115.58698268065449, 40.23911206655249], [115.58698455334887, 40.23902199971274], [115.58710207975564, 40.239023434796884], [115.58710395228597, 40.23893336795113], [115.58722147854553, 40.238934802911416], [115.58722335091178, 40.23884473605965], [115.58734087702416, 40.23884617089609], [115.58734274922632, 40.238756104038295], [115.5874602751915, 40.2387575387509], [115.58746214722963, 40.23866747188706], [115.58757967304761, 40.23866890647584], [115.58758154492165, 40.238578839605985], [115.5878165962717, 40.23858170841652], [115.58781846782604, 40.2384916415361], [115.58817104444746, 40.23849594384355], [115.58817291552648, 40.238405876948036], [115.58840796633835, 40.23840874454743], [115.58840983709767, 40.23831867764135], [115.58864488763204, 40.23832154475446], [115.58864675807168, 40.238231477837836], [115.5888818083285, 40.23823434446468], [115.58888367844844, 40.23814427753748], [115.58911872842772, 40.23814714367805], [115.589120598228, 40.238057076740304], [115.58947317279323, 40.23806137504283], [115.5894750421182, 40.23797130808999], [115.58982761629242, 40.23797560530523], [115.58982948514209, 40.23788553833731], [115.59018205892524, 40.23788983446526], [115.59018392729959, 40.23779976748226], [115.59065402517257, 40.23780549396458], [115.590655892916, 40.237715426961934], [115.59089094159174, 40.237718289478266], [115.59089280901551, 40.23762822246509], [115.59101033321039, 40.23762965353977], [115.59101220047012, 40.2375395865206], [115.5912472485739, 40.23754244830302], [115.59124911551395, 40.2374523812733], [115.59136663942283, 40.23745381198103], [115.59136850619886, 40.2373637449453], [115.59148602996054, 40.2373651755292], [115.59148789657254, 40.23727510848746], [115.591605420187, 40.23727653894755], [115.59160728663498, 40.237186471899804], [115.59172481010222, 40.23718790223606], [115.59172854266168, 40.23700776812707], [115.59184606582612, 40.237009198334974], [115.5918535302216, 40.23664893008113], [115.5909133501215, 40.23663748522266], [115.59091521744426, 40.236547418191755], [115.59079769512522, 40.236545987052175], [115.59080143005674, 40.236365852994986], [115.59091895206454, 40.23636728412551], [115.59092268665114, 40.23618715005334], [115.59104020835613, 40.2361885810555], [115.59104207548121, 40.23609851401268], [115.59115959703901, 40.23609994489103], [115.59116146400005, 40.236009877842186], [115.59139650682967, 40.23601273923195], [115.59139837347105, 40.23592267217256], [115.59175093731176, 40.23592696334896], [115.59175280347793, 40.235836896274506], [115.59198784576921, 40.23583975645327], [115.59198971161577, 40.235749689368284], [115.59222475362948, 40.23575254906084], [115.59222661915638, 40.235662481965306], [115.59246166089254, 40.235665341171654], [115.5924635260998, 40.2355752740656], [115.5936387337288, 40.235589562894816], [115.59363687007762, 40.23567963004611], [115.59398943299698, 40.235683914382335], [115.59398756980421, 40.23577398154575], [115.59410509094975, 40.23577540942375], [115.59410322790417, 40.235865476590206], [115.59433827053167, 40.23586833199742], [115.59433640778892, 40.23595839917144], [115.59445392927087, 40.235959826700636], [115.59445206667534, 40.236049893877684], [115.59492215330951, 40.236055602819675], [115.59492029132805, 40.236145670013315], [115.59515533500672, 40.23614852377763], [115.5951534733281, 40.23623859097884], [115.59538851735157, 40.236241444275], [115.59538665597577, 40.23633151148378], [115.59562170034401, 40.23633436431182], [115.59561983927107, 40.236424431528164], [115.5958548839841, 40.23642728388807], [115.595853023214, 40.23651735111196], [115.59597054573871, 40.236518777117496], [115.59596868511582, 40.236608844344424], [115.59608620780455, 40.23661027023518], [115.59608434732891, 40.23670033746515], [115.59631939304273, 40.23670318889783], [115.59631753286993, 40.236793256135336], [115.59655257892855, 40.23679610709987], [115.59655071905858, 40.23688617434494], [115.59678576546197, 40.23688902484134], [115.59678762502068, 40.23679895758724], [115.59714019422177, 40.23680323242358], [115.59714205330523, 40.23671316515448], [115.59725957623341, 40.23671458985682], [115.5972614351529, 40.236624522581714], [115.59737895793383, 40.23662594716027], [115.5973808166893, 40.23653587987917], [115.59749833932301, 40.236537304333915], [115.59750019791448, 40.23644723704684], [115.59761772040096, 40.236448661377764], [115.59761957882844, 40.23635859408469], [115.59773710116767, 40.23636001829183], [115.59773895943115, 40.236269950992764], [115.59785648162313, 40.236271375076115], [115.59785833972265, 40.23618130777106], [115.59809338382051, 40.23618415557084], [115.59809524160042, 40.2360940882553], [115.59821276350628, 40.23609551197174], [115.59821462112222, 40.23600544465021], [115.59833214288085, 40.23600686824285], [115.59833400033277, 40.23591680091534], [115.59845152194418, 40.23591822438418], [115.5984552365117, 40.23573808971572], [115.59857275782026, 40.235739513056245], [115.59857832914196, 40.23546931102892], [115.59869584999203, 40.23547073423664], [115.5987032776813, 40.23511046482818], [115.59882079791733, 40.2351118878986], [115.5988282248503, 40.234751618448456], [115.59894574447227, 40.234753041381566], [115.59895317064888, 40.23439277188975], [115.59907068965684, 40.23439419468555], [115.59907625873463, 40.23412399253766], [115.59919377728416, 40.23412541520065], [115.59919934581986, 40.233855213025954], [115.59931686391094, 40.23385663555616], [115.59932057591506, 40.23367650075662], [115.59943809370331, 40.23367792315852], [115.59944180536277, 40.23349778834409], [115.59955932284824, 40.233499210617694], [115.5995611785098, 40.23340914320375], [115.59979621319458, 40.23341198738413], [115.59979806853663, 40.23332191995971], [115.59991558573597, 40.23332334186647], [115.59991744091406, 40.23323327443607], [115.60015247502666, 40.233236117882754], [115.6001710232358, 40.232335443407365], [115.60028853874877, 40.232336864906785], [115.60029224797911, 40.23215672998497], [115.60040976318926, 40.232158151356096], [115.6004116176363, 40.23206808388848], [115.60052913269922, 40.23206950513583], [115.60053284125708, 40.231889370187154], [115.60065035601721, 40.231890791306235], [115.60065406423047, 40.23171065634264], [115.60077157868778, 40.23171207733345], [115.60077714047823, 40.2314418748635], [115.60089465447717, 40.231443295721526], [115.60089650823505, 40.23135322822408], [115.60101402208676, 40.23135464895834], [115.6010158756807, 40.23126458145492], [115.6011333893852, 40.231266002065404], [115.60113524281519, 40.23117593455601], [115.60148778351206, 40.23118019565837], [115.60148963646698, 40.231090128134], [115.6019596902241, 40.23109580791602], [115.60196154254835, 40.231005740372204], [115.60243159581677, 40.231011418227915], [115.60243344751039, 40.23092135066462], [115.60290350029007, 40.230927026594046], [115.60290535135304, 40.23083695901129], [115.60325789055865, 40.23084121469257], [115.60325974114659, 40.23075114709487], [115.60349476701423, 40.230753983610384], [115.60349661728266, 40.230663916002214], [115.60361413007341, 40.23066533407657], [115.60361598017795, 40.23057526646246], [115.60373349282146, 40.230576684413066], [115.60373719269434, 40.230396549171374], [115.60385470503506, 40.23039796699374], [115.60385655480343, 40.2303078993662], [115.60397406699693, 40.230309317064794], [115.60397591660139, 40.230219249431286], [115.60444596483643, 40.23022491901505], [115.60444411585428, 40.23031498666652], [115.60456162808943, 40.230316403768775], [115.60455793041123, 40.23049653907625], [115.60467544296587, 40.23049795606822], [115.60467174556548, 40.23067809137876], [115.6047892584396, 40.230679508260444], [115.60478740988246, 40.23076957591799], [115.6049049229205, 40.23077099268489], [115.6049030745106, 40.23086106034545], [115.60525561414143, 40.23086530994397], [115.60525376618992, 40.2309553776165], [115.60537127957241, 40.2309567939153], [115.6053620404679, 40.23140713227827], [115.60524452630752, 40.23140571595705], [115.60523713425165, 40.231765986602916], [115.60535464903435, 40.23176740294206], [115.60535280115514, 40.231857470604325], [115.60547031610176, 40.23185888682871], [115.6054684683698, 40.23194895449397], [115.60558598348034, 40.23195037060356], [115.60558413589564, 40.23204043827183], [115.60570165117008, 40.232041854266626], [115.60569980373263, 40.23213192193791], [115.60581731917098, 40.23213333781792], [115.6058154718808, 40.23222340549222], [115.60593298748306, 40.23222482125744], [115.60593114034012, 40.23231488893473], [115.6060486561063, 40.232316304585154], [115.60604680911064, 40.232406372265466], [115.60616432504074, 40.2324077878011], [115.6061606313356, 40.23258792316625], [115.60627814758517, 40.23258933859157], [115.60627445415793, 40.23276947395978], [115.606391970727, 40.232770889274775], [115.60638827757762, 40.23295102464605], [115.60650579446623, 40.232952439850756], [115.60650210159473, 40.23313257522508], [115.60661961880284, 40.23313399031946], [115.60660300186952, 40.23394459947119], [115.60648548326104, 40.23394318433646], [115.60647809711857, 40.23430345501425], [115.60636057789601, 40.234302039742325], [115.60635503773497, 40.23457224272171], [115.60623751805393, 40.23457082731704], [115.60623197735114, 40.2348410302697], [115.60611445721162, 40.234839614732294], [115.60610891596707, 40.235109817658206], [115.60599139536906, 40.23510840198807], [115.60597476978532, 40.23591901064573], [115.60609229178384, 40.235920426356216], [115.60608490304145, 40.23628069685028], [115.60620242567073, 40.23628211245941], [115.6061913432411, 40.236822518183104], [115.6060738196781, 40.23682110254706], [115.60606643060265, 40.23718137298206], [115.60594890642548, 40.23717995720879], [115.60593227911795, 40.23799056556081], [115.60604980469576, 40.237991981374414], [115.60604426257692, 40.23826218414529], [115.60616178862995, 40.23826359985306], [115.60615994139599, 40.238353667444876], [115.60627746761298, 40.23835508303784], [115.6062756205263, 40.23844515063267], [115.60639314690727, 40.2384465661108], [115.6063912999679, 40.238536633708634], [115.60650882651282, 40.23853804907195], [115.6065051329204, 40.23871818427216], [115.60674018665775, 40.23872101465881], [115.6067383401603, 40.23881108226566], [115.60685586719711, 40.238812497284506], [115.606854020847, 40.238902564894374], [115.60697154804772, 40.23890397979841], [115.60696970184495, 40.23899404741127], [115.60743981135371, 40.23899970585228], [115.60743796576516, 40.23908977348158], [115.60755549331877, 40.23909118779805], [115.60755364787751, 40.23918125543035], [115.60767117559513, 40.23918266963201], [115.60766379436951, 40.23954294016439], [115.60695862445341, 40.23953445305743], [115.60696047070611, 40.23944438545343], [115.60649035821773, 40.239438725013926], [115.60648851134242, 40.2395287926], [115.60625345483687, 40.23952596165544], [115.60625160764197, 40.23961602923109], [115.60613407924606, 40.239614613575355], [115.60613223188717, 40.239704681145035], [115.60601470334394, 40.23970326536553], [115.60601285582108, 40.23979333292924], [115.60589532713053, 40.23979191702594], [115.60589347944371, 40.2398819845837], [115.60577595060583, 40.2398805685566], [115.60577410275503, 40.239970636108396], [115.60565657376986, 40.239969219957516], [115.60565472575507, 40.240059287503335], [115.60553719662258, 40.240057871228665], [115.60553534844382, 40.24014793876853], [115.60541781916403, 40.24014652237006], [115.60541597082128, 40.24023658990396], [115.60529844139417, 40.2402351733817], [115.60529474437242, 40.24041530843612], [115.60517721464232, 40.240413891785565], [115.60517536596329, 40.24050395930607], [115.60505783608588, 40.24050254253172], [115.60505413839155, 40.24068267755933], [115.60493660821118, 40.24068126065669], [115.60493291017218, 40.24086139566942], [115.60481537968883, 40.240859978638504], [115.60480613366724, 40.241310316122025], [115.60468860241394, 40.241308898949356], [115.604683054234, 40.24157910140828], [115.60456552252211, 40.24157768410283], [115.60456367295646, 40.24166775158171], [115.6044461410972, 40.241666334152455], [115.60442949323021, 40.24247694135539], [115.60454702649041, 40.242478358825046], [115.60454517684137, 40.24256842628915], [115.60466271026557, 40.24256984364396], [115.60466086076386, 40.24265991111108], [115.60477839435207, 40.24266132835107], [115.60477654499768, 40.242751395821195], [115.6048940787499, 40.24275281294636], [115.60489222954284, 40.24284288041948], [115.60500976345904, 40.24284429742981], [115.60500791439934, 40.24293436490595], [115.60524298256807, 40.24293719857763], [115.60524113381138, 40.243027266061276], [115.60547620232478, 40.24303009926464], [115.60547435387109, 40.24312016675577], [115.60594449162058, 40.243125831748586], [115.60594264378123, 40.24321589925621], [115.60711799029464, 40.2432300534306], [115.60711614400368, 40.24332012098156], [115.60723367885649, 40.243321535747214], [115.60722998656094, 40.24350167085364], [115.60699491624096, 40.243498841185094], [115.60699306976936, 40.24358890872714], [115.60687553446618, 40.24358749370939], [115.60687368783059, 40.243677561245484], [115.60663861693786, 40.243674730843075], [115.60663676998259, 40.24376479836871], [115.60651923439302, 40.24376338298403], [115.60651738727375, 40.243853450503714], [115.60639985153685, 40.24385203499525], [115.60639800425356, 40.24394210250896], [115.60616293249339, 40.24393927112506], [115.60616108489043, 40.24402933862834], [115.60592601285225, 40.244026506758175], [115.60592416492959, 40.244116574251024], [115.60568909261333, 40.24411374189457], [115.605687244371, 40.24420380937696], [115.60556970806971, 40.244202393015264], [115.60556785966335, 40.2442924604917], [115.60545032321471, 40.244291044006204], [115.60544477747864, 40.24456124641316], [115.60556231439433, 40.244562662912124], [115.60555492058563, 40.24492293278535], [115.60567245813239, 40.24492434918293], [115.60566691315542, 40.2451945515858], [115.60578445117754, 40.245195967877486], [115.60578075479594, 40.24537610281434], [115.6058982931378, 40.24537751899568], [115.60589090089738, 40.245737788869555], [115.60600843987031, 40.2457392049495], [115.60600104811937, 40.246099474817726], [115.60588350852366, 40.246098058719824], [115.60586133060274, 40.24717886812884], [115.60597887206681, 40.247180284280546], [115.60597517594141, 40.247360419170356], [115.60609271772522, 40.24736183521169], [115.60607793413605, 40.248082374747696], [115.60596039110662, 40.24808095867048], [115.60595669481461, 40.24826109353075], [115.60583915148206, 40.24825967732523], [115.60583730316783, 40.24834974474866], [115.60571975968793, 40.248348328419304], [115.60571606272308, 40.248528463252775], [115.60559851894007, 40.24852704679509], [115.60559297296317, 40.24879724902077], [115.60547542872135, 40.2487958324303], [115.6054717310503, 40.248975967231054], [115.6053541865054, 40.248974550512266], [115.60535048848958, 40.24915468529814], [115.60523294364158, 40.249153268451025], [115.60523109446545, 40.24924333583727], [115.60511354947008, 40.24924191886633], [115.6051117001299, 40.249331986246595], [115.60499415498712, 40.24933056915181], [115.6049923054829, 40.249420636526125], [115.60487476019274, 40.24941921930751], [115.60487106084781, 40.24959935404273], [115.60475351525457, 40.249597936695785], [115.60475166541389, 40.24968800405669], [115.60463411967325, 40.24968658658591], [115.60463041965541, 40.24986672129431], [115.60451287361167, 40.2498653036952], [115.60450732305519, 40.250135505733255], [115.60438977655261, 40.25013408800134], [115.6043860758285, 40.25031422267699], [115.60426852902282, 40.250312804816744], [115.60426482795386, 40.25049293947754], [115.60414728084505, 40.25049152148895], [115.60414543014235, 40.25058158881263], [115.60402788288619, 40.250580170700204], [115.60402603201938, 40.250670238017925], [115.60390848461584, 40.250668819781666], [115.60389922937807, 40.251119156325615], [115.60401677756026, 40.25112057458434], [115.60401492664342, 40.2512106418932], [115.60389737830548, 40.251209223629985], [115.60389552722457, 40.25129929093286], [115.60401307571821, 40.25130070920057], [115.60400937384279, 40.25148084381089], [115.6045971179936, 40.251487933404], [115.60459896815682, 40.25139786607713], [115.60518671173752, 40.25140495266388], [115.6051885611137, 40.251314885313086], [115.60577630412415, 40.25132196889352], [115.60577815271334, 40.25123190151882], [115.6061307981524, 40.251236150221374], [115.60612895003041, 40.25132621760952], [115.60624649868251, 40.251327633609485], [115.6062446507079, 40.25141770100064], [115.60636219952406, 40.25141911688573], [115.60636035169685, 40.251509184279904], [115.60647790067708, 40.25151060005012], [115.60647235761274, 40.25178080223721], [115.6063548081653, 40.25177938645355], [115.60635111243595, 40.251959521228606], [115.60623356268539, 40.251958105316625], [115.60622986661122, 40.2521382400768], [115.60611231655751, 40.25213682403649], [115.60610862013854, 40.252316958781776], [115.60599106978167, 40.25231554261313], [115.60597997939036, 40.25285594678671], [115.60609753068171, 40.25285736298226], [115.60609568240973, 40.25294743034384], [115.60621323386513, 40.25294884642451], [115.60620953760768, 40.25312898115219], [115.60632708938294, 40.25313039712246], [115.60632524139747, 40.253220464488585], [115.60656034528442, 40.25322329608002], [115.60655849760212, 40.253313363453636], [115.60667604971384, 40.253314779074785], [115.60667420217897, 40.2534048464514], [115.60679175445479, 40.25340626195767], [115.60678990706731, 40.25349632933728], [115.60690745950723, 40.253497744728676], [115.60690561226717, 40.2535878121113], [115.60702316487115, 40.25358922738781], [115.60702131777852, 40.25367929477344], [115.60713887054658, 40.25368070993506], [115.60713702360138, 40.253770777323695], [115.60725457653352, 40.253772192370434], [115.60725272973576, 40.25386225976208], [115.60737028283197, 40.25386367469393], [115.60736843618163, 40.253953742088584], [115.6074859894419, 40.25395515690555], [115.60748229642778, 40.254135291699356], [115.6075998500079, 40.25413670640592], [115.60758692528657, 40.25476717816912], [115.60746937061612, 40.254765763431195], [115.60746752403831, 40.25485583081554], [115.60734996922044, 40.25485441595378], [115.60734627572832, 40.25503455070909], [115.60722872060725, 40.25503313571899], [115.60722502677028, 40.25521327045944], [115.60710747134598, 40.255211855341], [115.60710377716418, 40.255391990066585], [115.6069862214367, 40.25539057481981], [115.60698067963426, 40.25566077688367], [115.60686312344781, 40.25565936150408], [115.60685942855964, 40.25583949619698], [115.60662431558868, 40.25583666506172], [115.60662246782054, 40.255926732396986], [115.60650491119179, 40.25592531664582], [115.60650121531904, 40.25610545130295], [115.60638365838706, 40.25610403542345], [115.60638181028241, 40.25619410274532], [115.60626425320301, 40.25619268674195], [115.60625131514678, 40.25682315792227], [115.60636887331663, 40.25682457395703], [115.60636702514533, 40.25691464126709], [115.6064845834793, 40.256916057186956], [115.60648273545543, 40.25700612450002], [115.60660029395348, 40.25700754030498], [115.60659844607709, 40.257097607621056], [115.60718623947122, 40.2571046848776], [115.60718808656873, 40.25701461753913], [115.60742320367312, 40.25701744759713], [115.60742505045076, 40.2569273802482], [115.60754260885965, 40.25692879509365], [115.60754445547319, 40.25683872773878], [115.60789713028251, 40.25684297154542], [115.60788605328052, 40.25738337573315], [115.60776849406776, 40.25738196122344], [115.60775741583147, 40.25792236533114], [115.6076398556923, 40.25792095067517], [115.60763431599442, 40.25819115269565], [115.60775187660091, 40.25819256736505], [115.60774818373895, 40.258372702046955], [115.60786574466538, 40.258374116605935], [115.6078638983777, 40.258464183949144], [115.6080990205671, 40.258467012717915], [115.60809717458267, 40.258557080068606], [115.60821473584562, 40.25855849427838], [115.60821289000867, 40.258648561632086], [115.60844801287118, 40.25865138970246], [115.60844616733748, 40.258741457063614], [115.60856372893699, 40.258742870924195], [115.60856188355076, 40.25883293828837], [115.6086794453144, 40.258834352034036], [115.60867575482858, 40.25901448676692], [115.60879331691211, 40.25901590040215], [115.60878409133099, 40.259466237230875], [115.60890165420184, 40.259467650769096], [115.60889611922074, 40.25973785286204], [115.6090136825673, 40.259739266294304], [115.60900999284989, 40.25991940102451], [115.60912755651638, 40.25992081434634], [115.60912571180103, 40.2600108817137], [115.6092432756316, 40.26001229492061], [115.60923958648752, 40.26019242965984], [115.60935715063805, 40.260193842756316], [115.60935530620932, 40.260283910128194], [115.60947287052396, 40.26028532310974], [115.60945442733764, 40.26118599679209], [115.60957199321867, 40.26118740969898], [115.60957014901012, 40.26127747706359], [115.60968771505527, 40.26127888985555], [115.60968587099423, 40.261368957223134], [115.6098034372035, 40.26137036990018], [115.60979974936808, 40.261550504639864], [115.6099173158973, 40.261551917206454], [115.60989334618218, 40.26272279292864], [115.6097757776273, 40.2627213803039], [115.60977393358905, 40.26281144765234], [115.60965636488666, 40.26281003490371], [115.60965452068427, 40.26290010224619], [115.60953695183437, 40.2628986893737], [115.60953326309298, 40.263078824045294], [115.60941569393974, 40.26307741104445], [115.60941016029784, 40.263347613027335], [115.60952772991854, 40.26334902604162], [115.60952404109402, 40.26352916069847], [115.60964161103472, 40.26353057360227], [115.60963976676581, 40.26362064093295], [115.60975733687066, 40.263622053721825], [115.60975549274924, 40.2637121210555], [115.60999063329552, 40.26371494628399], [115.60998878947747, 40.26380501362514], [115.61022393036868, 40.263807838384935], [115.610222086854, 40.26389790573355], [115.61033965746788, 40.26389931793881], [115.61033781410072, 40.26398938529042], [115.61057295566512, 40.263992209351656], [115.6105711126013, 40.26408227671074], [115.61080625451059, 40.26408510030328], [115.61080441175017, 40.264175167669805], [115.61103955400435, 40.26417799079365], [115.61103771154727, 40.26426805816764], [115.61115528284267, 40.264269469554925], [115.61115344053312, 40.264359536931906], [115.61138858346052, 40.26436235935717], [115.61138674145434, 40.264452426741634], [115.61150431308633, 40.26445383777961], [115.61150247122767, 40.26454390516706], [115.6116200430238, 40.26454531609009], [115.61161820131267, 40.264635383480524], [115.61173577327294, 40.26463679428861], [115.6117320901375, 40.264816929074], [115.61184966241773, 40.26481833977161], [115.61184782099339, 40.26490840716655], [115.61196539343779, 40.26490981774922], [115.61196171087589, 40.26508995254362], [115.61207928364027, 40.265091363015806], [115.61207560135684, 40.265271497813224], [115.61219317444122, 40.26527290817492], [115.61218949243626, 40.265453042975366], [115.61230706584064, 40.265454453226596], [115.61230522498157, 40.26554452062907], [115.61242279855007, 40.26554593076535], [115.61241911711872, 40.26572606557479], [115.61253669100722, 40.26572747560056], [115.61253485043493, 40.265817543007536], [115.61265242448758, 40.26581895291838], [115.61264874362983, 40.26599908773684], [115.61276631800247, 40.26600049753717], [115.61276447771702, 40.26609056494865], [115.6128820522538, 40.26609197463403], [115.6128802121159, 40.266182042048506], [115.61299778681683, 40.266183451618936], [115.61299594682647, 40.26627351903638], [115.61311352169156, 40.26627492849185], [115.61311168184876, 40.2663649959123], [115.61322925687799, 40.26636640525282], [115.61322741718274, 40.26645647267624], [115.61334499237614, 40.26645788190181], [115.61333763413563, 40.26681815159859], [115.61345520996073, 40.26681956072258], [115.6134460127528, 40.26726989783267], [115.61332843614841, 40.26726848868637], [115.61332475689548, 40.26744862351114], [115.61320717998764, 40.26744721423649], [115.6132035003898, 40.26762734904643], [115.61308592317853, 40.267625939643445], [115.61308408321132, 40.267716007041734], [115.6129665058525, 40.267714597514846], [115.61296282558143, 40.26789473229808], [115.61284524791917, 40.26789332264284], [115.61284156730316, 40.26807345741124], [115.6127239893375, 40.26807204762764], [115.61272030837658, 40.268252182381225], [115.61260273010744, 40.26825077246927], [115.61259720813624, 40.26852097457517], [115.61247962940779, 40.268519564530386], [115.61245937982638, 40.26951030542254], [115.61234179939163, 40.26950889520922], [115.6123362761366, 40.26977909722631], [115.61221869524253, 40.26977768688016], [115.61220948887204, 40.27022802352349], [115.61209190720685, 40.27022661303557], [115.61208822428877, 40.27040674767362], [115.61185306035979, 40.27040392632161], [115.61184937678493, 40.2705840609359], [115.61173179452115, 40.270582650071816], [115.6117299525654, 40.27067271737228], [115.61161237015399, 40.27067130638427], [115.61161052803405, 40.27076137367879], [115.61137536292439, 40.27075855133555], [115.61137352048438, 40.270848618619645], [115.61113835509619, 40.270845795789704], [115.61113651233609, 40.270935863063414], [115.61101892949854, 40.27093445146481], [115.61101708657425, 40.27102451873255], [115.61089950358915, 40.27102310701005], [115.61089766050064, 40.27111317427184], [115.61078007736798, 40.27111176242543], [115.61077639085424, 40.27129189693565], [115.61065880741809, 40.271290484960865], [115.6106532771175, 40.271560686701704], [115.61053569322198, 40.27155927459405], [115.61052647510864, 40.272009610776905], [115.61064405978362, 40.272011022906916], [115.61063484224195, 40.27246135907522], [115.61075242770474, 40.27246277110813], [115.6107468975477, 40.27273297280482], [115.61086448348651, 40.27273438473169], [115.6108626402401, 40.27282445196544], [115.61098022634312, 40.27282586377734], [115.61097469702179, 40.27309606548313], [115.61109228360083, 40.273097477189005], [115.61108491167964, 40.27345774612725], [115.61120249889062, 40.27345915773156], [115.61119328458173, 40.273909493893505], [115.61131087258055, 40.27391090540071], [115.61130534436325, 40.274181107093575], [115.61142293283812, 40.274182518494726], [115.61141740501378, 40.2744527201877], [115.61153499396472, 40.27445413148281], [115.61153130901879, 40.274634265946354], [115.61164889828987, 40.274635677130945], [115.61164705596036, 40.27472574436498], [115.61176464539565, 40.27472715543458], [115.61176280321378, 40.274817222671594], [115.6118803928133, 40.27481863362622], [115.611878550779, 40.27490870086623], [115.61199614054274, 40.27491011170586], [115.61199429865607, 40.27500017894885], [115.61234706846493, 40.275004410764424], [115.61234522703771, 40.27509447801934], [115.612697997389, 40.27509870877319], [115.61269615642126, 40.27518877604004], [115.6128137467109, 40.275190186056875], [115.61281190589078, 40.27528025332671], [115.61292949634463, 40.275281663228554], [115.61292765567212, 40.27537173050137], [115.61304524629018, 40.27537314028822], [115.61304340576532, 40.27546320756402], [115.6131609965476, 40.275464617235876], [115.61315915617035, 40.27555468451468], [115.61327674711686, 40.27555609407155], [115.61327490688726, 40.27564616135332], [115.61339249799798, 40.27564757079518], [115.61339065791599, 40.27573763807995], [115.61362584047421, 40.27574045661423], [115.61362400069576, 40.27583052390645], [115.61385918359902, 40.27583334197182], [115.61385734412416, 40.27592340927148], [115.61409252737243, 40.27592622686793], [115.61409068820112, 40.27601629417504], [115.61444346360352, 40.276020519687144], [115.61444530230705, 40.27593045236666], [115.61479807731628, 40.27593467679025], [115.61479623908053, 40.2760247441241], [115.61526660649928, 40.27603037503427], [115.61526476887896, 40.27612044238449], [115.61549995294988, 40.27612325713174], [115.61549811563316, 40.276213324489376], [115.61561570783697, 40.276214731688256], [115.61561387066787, 40.27630479904889], [115.61584905541224, 40.276307613097174], [115.61584721854672, 40.27639768046523], [115.61619999619317, 40.27640190065508], [115.61619815978719, 40.276491968035025], [115.6163157525085, 40.27649337453049], [115.61631207998353, 40.27667350929488], [115.61642967302497, 40.2766749156798], [115.61642783690603, 40.276764983064226], [115.61654543011169, 40.27676638933413], [115.61654359414037, 40.276856456721525], [115.61666118751027, 40.276857862876426], [115.61665935168661, 40.27694793026681], [115.6167769452207, 40.276949336306686], [115.61677510954472, 40.27703940370006], [115.61701029694963, 40.27704221543033], [115.61700846157721, 40.27713228283111], [115.61724364932711, 40.277135094092415], [115.61724181425832, 40.27722516150063], [115.6173594083016, 40.27722656695654], [115.61735757338046, 40.277316634367715], [115.61782795026012, 40.27732225501448], [115.61782611595449, 40.277412322442], [115.61806130475581, 40.277415132057456], [115.61805947075379, 40.277505199492396], [115.6181770653228, 40.27750660412538], [115.61817523146843, 40.2775966715633], [115.61841042094314, 40.27759948047975], [115.6184085873924, 40.27768954792507], [115.61864377721206, 40.277692356372555], [115.61864194396495, 40.27778242382529], [115.61875953904311, 40.27778382787427], [115.61875770594368, 40.277873895329975], [115.61887530118605, 40.27787529926395], [115.61887163527427, 40.27805543417983], [115.6189892308368, 40.2780568380032], [115.61898739802449, 40.27814690546337], [115.61910499375121, 40.27814830917174], [115.61910316108657, 40.27823837663487], [115.61922075697751, 40.278239780228205], [115.61921892446055, 40.2783298476943], [115.61933652051572, 40.2783312511726], [115.61933468814644, 40.27842131864168], [115.61956988059345, 40.278424125248776], [115.6195680485278, 40.27851419272526], [115.61980324131974, 40.278516998863346], [115.61980140955775, 40.278607066347234], [115.62003660269463, 40.27860987201631], [115.62003477123626, 40.278699939507625], [115.62026996471809, 40.278702744707694], [115.62026813356337, 40.278792812206405], [115.62038573047263, 40.278794214631674], [115.6203838994656, 40.27888428213335], [115.62061909362076, 40.278887086634334], [115.62061726291738, 40.27897715414342], [115.62073486016331, 40.27897855621915], [115.62073302960763, 40.2790686237312], [115.62085062701777, 40.27907002569189], [115.62084879660979, 40.2791600932069], [115.62096639418412, 40.27916149505254], [115.62096456392385, 40.279251562570515], [115.62108216166239, 40.279252964301136], [115.62108033154983, 40.27934303182208], [115.62119792945259, 40.27934443343766], [115.6211942695146, 40.27952456848397], [115.62131186773753, 40.27952596998896], [115.62131003791211, 40.27961603751433], [115.62142763629926, 40.27961743890429], [115.62142580662153, 40.27970750643262], [115.62154340517287, 40.27970890770752], [115.6215415756429, 40.279798975238826], [115.62165917435844, 40.27980037639869], [115.62165551558563, 40.27998051146575], [115.62177311462136, 40.279981912515005], [115.62177128537854, 40.28007198005075], [115.62188888457845, 40.280073380984966], [115.62188705548337, 40.28016344852369], [115.6220046548475, 40.28016484934286], [115.62200282590011, 40.28025491688453], [115.62212042542848, 40.28025631758865], [115.62211676782088, 40.280436452676454], [115.6222343676694, 40.280437853269966], [115.62223253900925, 40.28052792081607], [115.62235013902196, 40.28052932129455], [115.6223483105095, 40.280619388843625], [115.62246591068646, 40.28062078920704], [115.62246225394871, 40.28080092430963], [115.62257985444585, 40.28080232456245], [115.62257802622057, 40.28089239211596], [115.6226956268819, 40.28089379225372], [115.62269379880436, 40.2809838598102], [115.62281139962991, 40.28098525983291], [115.62280774376204, 40.2811653949503], [115.62292534490777, 40.28116679486238], [115.62292351711744, 40.2812568624233], [115.6230411184274, 40.28125826222035], [115.62303746313398, 40.281438397346605], [115.6231550647641, 40.28143979703303], [115.62315140974967, 40.28161993216226], [115.6232690117, 40.281621331738066], [115.62326535696454, 40.28180146687025], [115.62338295923503, 40.28180286633542], [115.6233793047786, 40.28198300147058], [115.62349690736929, 40.28198440082513], [115.62349325319185, 40.28216453596323], [115.62361085610274, 40.28216593520716], [115.6236072022043, 40.282346070348225], [115.6237248054354, 40.28234746948153], [115.62372115181596, 40.28252760462556], [115.62383875536726, 40.28252900364822], [115.62383144865349, 40.2828892739363], [115.62371384447827, 40.282887874895906], [115.62370471012079, 40.28333821270065], [115.62358710517387, 40.28333681351862], [115.62358162399256, 40.28360701617048], [115.6234640185859, 40.28360561685565], [115.62346036411186, 40.28378575194065], [115.62334275840145, 40.28378435249747], [115.62332996639083, 40.284414825217475], [115.62344757319318, 40.28441622469167], [115.6234347818708, 40.28504669737041], [115.62355238977337, 40.28504809675611], [115.6235487353477, 40.285228231802755], [115.62366634357052, 40.28522963107782], [115.62366268942388, 40.28540976612743], [115.62378029796697, 40.28541116529185], [115.62377847103728, 40.28550123281887], [115.62389607974461, 40.285502631868226], [115.6238942529627, 40.285592699398215], [115.62401186183428, 40.28559409833249], [115.62401003520016, 40.28568416586541], [115.62412764423597, 40.28568556468461], [115.624123991255, 40.285865699754915], [115.62435920997535, 40.285868497052526], [115.62435738378454, 40.285958564594324], [115.6244749933131, 40.28595996306831], [115.62447316727004, 40.28605003061305], [115.62470838666385, 40.28605282721135], [115.6247065609246, 40.28614289476347], [115.62482417078986, 40.2861442928878], [115.62482234519837, 40.28623436044287], [115.62493995522789, 40.286235758452115], [115.62493812978418, 40.286325826010135], [115.62505573997792, 40.28632722390431], [115.62505208937787, 40.28650735902479], [115.62516969989186, 40.2865087568083], [115.62516604957091, 40.28668889193172], [115.62528366040516, 40.28669028960458], [115.62528001036331, 40.286870424730964], [115.62539762151783, 40.28687182229316], [115.62539397175512, 40.28705195742248], [115.62551158322991, 40.287053354874026], [115.62550610899217, 40.28732355757021], [115.62562372094322, 40.287324954915526], [115.6256200717223, 40.28750509004779], [115.62573768399362, 40.287506487282435], [115.62573403505183, 40.28768662241765], [115.62585164764344, 40.287688019541626], [115.62584617463713, 40.28795822224667], [115.62596378770503, 40.287959619264406], [115.62595831509275, 40.28822982196943], [115.62607592863696, 40.28823121888092], [115.6260722804997, 40.28841135401907], [115.62618989436419, 40.28841275081991], [115.62618624650611, 40.288592885961], [115.6263038606909, 40.288594282651154], [115.62630021311196, 40.28877441779522], [115.626417827617, 40.28877581437469], [115.6264105329846, 40.28913608466276], [115.62652814812202, 40.28913748114041], [115.62651538329092, 40.28976795411869], [115.62663299952882, 40.28976935050778], [115.6266220588606, 40.290309755886746], [115.62673967604297, 40.290311152182824], [115.62673055937357, 40.29076148998018], [115.62684817734439, 40.29076288617884], [115.62682994494942, 40.29166356170709], [115.62694756448899, 40.29166495783043], [115.62694027192502, 40.29202522801812], [115.62705789209701, 40.292026624039615], [115.62705242305591, 40.292296826678154], [115.6271700437043, 40.29229822259337], [115.62716639794789, 40.292478357687195], [115.62728401891663, 40.292479753491726], [115.62728037343948, 40.29265988858848], [115.62739799472855, 40.29266128428231], [115.62739617213373, 40.292751351832905], [115.62751379358707, 40.292752747411626], [115.62751014868486, 40.29293288251721], [115.62762777045857, 40.29293427798524], [115.62762594815119, 40.29302434554024], [115.62774357008918, 40.29302574089314], [115.62774174792965, 40.293115808451084], [115.62785937003193, 40.29311720368889], [115.62785572600038, 40.293297338809154], [115.62797334842298, 40.293298733936254], [115.62796970467072, 40.29347886905949], [115.62808732741368, 40.293480264075875], [115.62808368394066, 40.29366039920203], [115.62820130700398, 40.29366179410772], [115.62819948541123, 40.293751861672995], [115.62831710863884, 40.29375325646356], [115.6283116442795, 40.29402345916382], [115.62842926798355, 40.2940248538481], [115.62842380401851, 40.29429505654831], [115.62854142819899, 40.29429645112629], [115.62853596462826, 40.29456665382648], [115.62865358928518, 40.29456804829817], [115.6286481261088, 40.29483825099834], [115.62876575124214, 40.29483964536373], [115.62875846751633, 40.29519991562762], [115.62887609328223, 40.29520130989113], [115.62886881004935, 40.295561580149084], [115.62898643644779, 40.29556297431069], [115.62897733300238, 40.29601331212202], [115.62909496018948, 40.29601470618616], [115.62908949849196, 40.2962849088685], [115.62920712615556, 40.29628630282633], [115.62919802394268, 40.296736640622804], [115.62931565239492, 40.29673803448315], [115.62930837110122, 40.29709830471142], [115.62942600018606, 40.297099698469864], [115.62939505587637, 40.29863084675179], [115.62927742413781, 40.29862945291832], [115.6292519366218, 40.299890398180416], [115.62913430270582, 40.29988900416561], [115.6291306611885, 40.30006913917062], [115.62924829541673, 40.30007053319426], [115.62924101290807, 40.30043080320424], [115.62935864776898, 40.30043219712598], [115.62933498073828, 40.30160307455284], [115.62945261763706, 40.301604468412364], [115.62943805386992, 40.302325008278764], [115.62932041572205, 40.30232361438394], [115.6293149537055, 40.302593816796254], [115.62919731509741, 40.30259242276862], [115.62919367339971, 40.30277255769398], [115.62907603448754, 40.302771163537926], [115.62907421347025, 40.302861230993976], [115.62895657441014, 40.302859836713935], [115.62895293203862, 40.30303997161278], [115.62883529267445, 40.30303857720435], [115.62883347132022, 40.30312864464714], [115.62871583180812, 40.303127250114706], [115.62871218876272, 40.30330738498705], [115.62859454894654, 40.303305990326216], [115.62859272725537, 40.303396057755755], [115.62847508729128, 40.303394662970916], [115.62847144357201, 40.303574797816744], [115.62835380330382, 40.30357340290351], [115.62835015923937, 40.3037535377346], [115.62823251866713, 40.30375214269294], [115.62822887425753, 40.303932277509304], [115.62811123338119, 40.30393088233924], [115.6281075886264, 40.30411101714086], [115.627989947446, 40.304109621842386], [115.62798630234603, 40.30428975662927], [115.62786866086152, 40.304288361202374], [115.62786319268149, 40.3045585633584], [115.62774555073673, 40.30455716779866], [115.6277346132178, 40.305097572044374], [115.62785225609947, 40.305098967630606], [115.62785043330705, 40.30518903500414], [115.62808571940742, 40.305191825826704], [115.62808389691911, 40.305281893207614], [115.62831918336468, 40.305284683560664], [115.62831736118042, 40.305374750948914], [115.6285526479712, 40.30537754083245], [115.62855082609109, 40.30546760822808], [115.62878611322705, 40.3054703976421], [115.62878429165102, 40.305560465045076], [115.62890193538749, 40.305561859577125], [115.62890011395943, 40.30565192698303], [115.62901775786027, 40.3056533213999], [115.62901593658016, 40.30574338880876], [115.62913358064539, 40.305744783110455], [115.62913175951321, 40.30583485052225], [115.6292494037428, 40.30583624470878], [115.62924576176619, 40.306016379536764], [115.62936340631633, 40.30601777361254], [115.62935976461918, 40.306197908443444], [115.62959505436876, 40.30620069625386], [115.62959323382022, 40.306290763675925], [115.62982852391501, 40.30629355101681], [115.62982670367059, 40.306383618446226], [115.62994434888643, 40.30638501194169], [115.62994252878997, 40.30647507937405], [115.63006017417023, 40.30647647275434], [115.63005653426502, 40.30665660762344], [115.63017417996582, 40.306658000892966], [115.63017236015708, 40.30674806832972], [115.63029000602228, 40.30674946148405], [115.6302881863615, 40.30683952892373], [115.63040583239103, 40.30684092196289], [115.63040401287824, 40.306930989405515], [115.63052165907219, 40.3069323823295], [115.63051983970735, 40.30702244977505], [115.63075513243218, 40.30702523527304], [115.63075331337149, 40.30711530272593], [115.63098860644149, 40.30711808775436], [115.63098678768496, 40.3072081552146], [115.63133972782, 40.30721233187352], [115.63133790952378, 40.30730239934551], [115.63180849711001, 40.30730796656736], [115.63180667943033, 40.3073980340555], [115.6321596206746, 40.30740220822937], [115.63215780345524, 40.30749227572925], [115.63239309797144, 40.30749505792266], [115.63239128105626, 40.30758512542987], [115.63262657591757, 40.307587907153696], [115.63262475930654, 40.30767797466824], [115.632860054513, 40.30768075592248], [115.63285823820615, 40.30777082344436], [115.63297588597784, 40.30777221389649], [115.63297406981899, 40.30786228142129], [115.63320936569932, 40.307865061975576], [115.63320754984461, 40.307955129507704], [115.63344284607007, 40.307957909592396], [115.63344103051956, 40.30804797713185], [115.63367632709014, 40.308050756746944], [115.6336745118438, 40.308140824293716], [115.63379216029756, 40.30814221392627], [115.63379034519922, 40.30823228147598], [115.63390799381735, 40.30823367099334], [115.63390617886702, 40.308323738545965], [115.6340238276495, 40.308325127948116], [115.63402019803668, 40.30850526305775], [115.63413784713973, 40.308506652349095], [115.63413603247723, 40.3085967199061], [115.63425368174465, 40.30859810908224], [115.63425186723013, 40.308688176642164], [115.63448716610192, 40.30869095464445], [115.63448535189161, 40.308781022211704], [115.63483830072919, 40.30878518833131], [115.63483648697928, 40.308875255910266], [115.63566003564651, 40.308884972700724], [115.63566184830309, 40.308794905091005], [115.63625009681543, 40.3088018420456], [115.6362519086829, 40.30871177441244], [115.63648720783264, 40.30871454834828], [115.63648901937952, 40.30862448070487], [115.63672431824959, 40.30862725415353], [115.63672612947595, 40.30853718649986], [115.63696142806627, 40.30853995946134], [115.63696323897209, 40.308449891797416], [115.63719853728273, 40.30845266427172], [115.63720034786799, 40.30836259659754], [115.63743564589892, 40.30836536858467], [115.63743745616362, 40.308275300900235], [115.63767275391483, 40.308278072400185], [115.63767456385904, 40.30818800470552], [115.6379098613305, 40.30819077571829], [115.63791167095415, 40.30810070801338], [115.63814696814592, 40.308103478538975], [115.63814877744902, 40.30801341082382], [115.63979585651822, 40.308032791046585], [115.6397940494017, 40.308122858823104], [115.64061759062871, 40.308132540174604], [115.64061578459734, 40.30822260798029], [115.64155697630923, 40.30823366524104], [115.64155517151922, 40.30832373308026], [115.64202576819528, 40.30832925885771], [115.64202396402189, 40.308419326712965], [115.64237691208295, 40.30842346980337], [115.64237510836998, 40.30851353767026], [115.6427280569728, 40.308517679697374], [115.6427262537203, 40.308607747575884], [115.64296155314187, 40.30861050833803], [115.64295975019363, 40.30870057622383], [115.64319504996013, 40.30870333651628], [115.6431932473161, 40.30879340440933], [115.64331089736774, 40.30879478438053], [115.64330909487178, 40.30888485227649], [115.64342674508775, 40.30888623213246], [115.64342494273986, 40.30897630003129], [115.64354259312013, 40.30897767977203], [115.64354079092033, 40.30906774767376], [115.64365844146491, 40.30906912729925], [115.64365483735328, 40.309249263107034], [115.64377248821842, 40.30925064262166], [115.6437670824586, 40.309520846335396], [115.64388473380042, 40.30952222574352], [115.64387752663174, 40.309882497358664], [115.64399517860649, 40.309883876664635], [115.64398797193257, 40.31024414827366], [115.64410562454029, 40.3102455274775], [115.64410021991814, 40.310515731181894], [115.64421787300259, 40.31051711027923], [115.64421427019296, 40.31069724608352], [115.64433192359792, 40.310698625069975], [115.64432832106822, 40.310878760877124], [115.64444597479373, 40.31088013975268], [115.64444417367291, 40.3109702076584], [115.64456182756275, 40.31097158641872], [115.64456002659, 40.31106165432733], [115.64467768064418, 40.3110630329724], [115.64467587981953, 40.31115310088391], [115.64479353403803, 40.31115447941374], [115.64479173336149, 40.31124454732812], [115.64490938774432, 40.3112459257427], [115.64490758721585, 40.31133599365999], [115.64514289631833, 40.31133875013903], [115.64514109609415, 40.31142881806355], [115.64537640554153, 40.311431574072856], [115.64537460562167, 40.31152164200465], [115.64596288016321, 40.31152852995646], [115.64596108101632, 40.31161859790858], [115.64631404630725, 40.311622729257365], [115.6463122476209, 40.3117127972211], [115.64654755816785, 40.31171555086428], [115.6465457597858, 40.311805618835244], [115.64666341522766, 40.31180699548176], [115.64666161699373, 40.31189706345562], [115.64689692821419, 40.311899816398515], [115.64689513028459, 40.31198988437961], [115.64701278606323, 40.311991260676], [115.6470109882817, 40.31208132865998], [115.64724630017572, 40.31208408090262], [115.64724450269856, 40.31217414889383], [115.64736215881393, 40.312175524840086], [115.64736036148487, 40.31226559283418], [115.64747801776458, 40.31226696866517], [115.64747622058363, 40.31235703666215], [115.64759387702767, 40.31235841237788], [115.64759207999485, 40.312448480377746], [115.64770973660322, 40.312449855978194], [115.64770793971852, 40.31253992398095], [115.64782559649119, 40.31254129946614], [115.64782379975459, 40.31263136747177], [115.64794145669163, 40.3126327428417], [115.64793966010316, 40.312722810850204], [115.64805731720449, 40.31272418610487], [115.64805552076415, 40.312814254116255], [115.64817317802982, 40.312815629255645], [115.64816958543729, 40.31299576528273], [115.64828724302349, 40.312997140311204], [115.64828544687131, 40.31308720832688], [115.64840310462185, 40.31308858324008], [115.64840130861779, 40.313178651258646], [115.64851896653265, 40.31318002605659], [115.64851717067673, 40.31327009407802], [115.64863482875592, 40.3132714687607], [115.64863303304813, 40.313361536785], [115.64875069129165, 40.313362911352414], [115.64874889573197, 40.3134529793796], [115.64898421255579, 40.31345572816423], [115.64898241730049, 40.31354579619867], [115.64921773446912, 40.3135485445135], [115.64921593951817, 40.31363861255515], [115.6501572097664, 40.313649601064355], [115.65016438452224, 40.31328932874978], [115.65028204271472, 40.31329070175774], [115.65028383622725, 40.313200633671066], [115.65040149427162, 40.313202006555045], [115.6504032876198, 40.31311193846255], [115.65075626133276, 40.31311605638374], [115.65075446845324, 40.31320612448928], [115.65087212652996, 40.31320749689477], [115.65086854105917, 40.31338763311008], [115.65098619945644, 40.31338900540465], [115.65097544378739, 40.313929414041354], [115.65085778445273, 40.31392804172072], [115.6508559916567, 40.31401810981733], [115.6507383321739, 40.31401673737274], [115.65073474624508, 40.314196873552866], [115.65085240604037, 40.314198246006164], [115.65084702755523, 40.314468450278326], [115.6509646878273, 40.31446982262503], [115.65095930973813, 40.31474002689698], [115.65107697048698, 40.31474139913708], [115.65107338536626, 40.314921535319705], [115.65119104643573, 40.31492290744886], [115.65118925401946, 40.3150129755423], [115.65130691525324, 40.31501434755617], [115.65130512298515, 40.31510441565249], [115.65154044578944, 40.315107159330026], [115.65153865382577, 40.31519722743356], [115.65271526989447, 40.315210938686796], [115.6527170602957, 40.31512087053986], [115.65307004480506, 40.315124981570015], [115.65307183472949, 40.3150349134086], [115.65330715746362, 40.31503765348853], [115.65330894706749, 40.314947585316965], [115.65342660829042, 40.31494895517315], [115.65342839772997, 40.31485888699577], [115.6535460588047, 40.31486025672799], [115.65354784807995, 40.314770188544806], [115.65366550900653, 40.314771558153055], [115.65366908722034, 40.3145914217736], [115.65378674784249, 40.31459279125356], [115.65379211463397, 40.3143225866603], [115.65390977479548, 40.31432395600763], [115.65391514104563, 40.314053751388116], [115.65403280074649, 40.31405512060281], [115.65403458932417, 40.31396505238903], [115.65415224887687, 40.31396642147976], [115.65415403729024, 40.31387635326018], [115.65450701552803, 40.3138804598016], [115.65450880346462, 40.31379039156754], [115.65462646273713, 40.3137917601711], [115.65463003827367, 40.3136116236899], [115.65474769724176, 40.31361299216517], [115.6547494848417, 40.31352292391802], [115.6548671436616, 40.31352429226933], [115.65487071852486, 40.313344155761975], [115.65498837704037, 40.313345523985], [115.65499016430368, 40.31325545572477], [115.655107822671, 40.31325682382384], [115.65510960977002, 40.3131667555578], [115.65522726798918, 40.313168123532925], [115.65522905492391, 40.3130780552611], [115.6553467129949, 40.31307942311226], [115.65534849976535, 40.312989354834635], [115.65546615768818, 40.312990722561835], [115.65546794429432, 40.31290065427841], [115.65570325985169, 40.3129033893653], [115.65570504613733, 40.31281332107173], [115.65594036141445, 40.31281605567148], [115.65593857544127, 40.31290612397371], [115.65605623324815, 40.31290749109847], [115.65605266159007, 40.31308762770716], [115.65593500347073, 40.31308626057373], [115.65592428736583, 40.31362667033848], [115.65580662831717, 40.31362530305947], [115.65578697965309, 40.31461605410955], [115.65590464042035, 40.31461742143618], [115.65589213731121, 40.31524789931468], [115.65577447545024, 40.31524653195774], [115.65577268910332, 40.31533660021589], [115.65565502709413, 40.31533523273499], [115.65565145406363, 40.315515369238184], [115.65553379175003, 40.315514001629005], [115.65552128479573, 40.31614447931353], [115.6556389482031, 40.31614584695301], [115.65563537502757, 40.316325983429714], [115.65575303875549, 40.31632735095822], [115.6557512523119, 40.31641741919869], [115.65586891620414, 40.31641878661189], [115.65586712990874, 40.31650885485523], [115.6559847939653, 40.31651022215311], [115.65598122166284, 40.316690358644], [115.65621655042517, 40.3166930928982], [115.65621476457437, 40.316783161150084], [115.65633242912385, 40.316784528102055], [115.65633064342127, 40.3168745963568], [115.65644830813507, 40.31687596319345], [115.65644652258071, 40.31696603145106], [115.65656418745883, 40.3169673981724], [115.65656240205264, 40.317057466432864], [115.65679773214556, 40.31706019952528], [115.65679594704385, 40.31715026779291], [115.65691361225865, 40.317151634163984], [115.65691182730515, 40.31724170243447], [115.6571471580714, 40.31724443482634], [115.65714537342238, 40.317334503104014], [115.65738070453337, 40.31733723502598], [115.65737892018883, 40.31742730331083], [115.65796724888841, 40.31743413104364], [115.65796368173784, 40.31761426765213], [115.65819901389904, 40.31761699792506], [115.65819723062421, 40.317707066235734], [115.6586678956682, 40.317712525363156], [115.65866611301037, 40.317802593689635], [115.65948977824071, 40.31781214258661], [115.65948799666876, 40.31790221094186], [115.66019399668856, 40.317910391070505], [115.66019221604617, 40.31800045945017], [115.66066288351176, 40.31800591049364], [115.66066110348642, 40.31809597888909], [115.66101410463872, 40.31810006592837], [115.66101232507415, 40.31819013433529], [115.6613653267675, 40.3181942203107], [115.66136354766371, 40.31828428872908], [115.66171654989809, 40.31828837364061], [115.66171477125509, 40.318378442070454], [115.66206777403046, 40.3183825259181], [115.6620659958483, 40.31847259435941], [115.66230133138451, 40.318475316334904], [115.66229955350686, 40.31856538478335], [115.66241722144326, 40.31856674559592], [115.66241544371385, 40.31865681404719], [115.66265077992328, 40.31865953532203], [115.66264900249841, 40.31874960378046], [115.6630020073415, 40.31875368480828], [115.66300023037743, 40.318843753278145], [115.6633532357615, 40.31884783324206], [115.66335145925825, 40.31893790172337], [115.66358679653358, 40.318940621109675], [115.66358502033485, 40.31903068959812], [115.66370268914079, 40.3190320491161], [115.66370091309037, 40.31912211760739], [115.66393625103886, 40.319124836293014], [115.66393447529298, 40.31921490479142], [115.6640521444355, 40.31921626395907], [115.6640503688379, 40.31930633246031], [115.66416803814472, 40.319307691512606], [115.66416626269536, 40.31939776001669], [115.66428393216648, 40.31939911895365], [115.66428215686541, 40.31948918746055], [115.66439982650081, 40.31949054628214], [115.66439805134802, 40.319580614791874], [115.6645157211477, 40.31958197349812], [115.66451394614317, 40.31967204201069], [115.66463161610716, 40.31967340060158], [115.66462984125093, 40.31976346911697], [115.66486518151545, 40.31976618594841], [115.66486340696378, 40.31985625447094], [115.6667461327326, 40.31987797196125], [115.6667479047837, 40.31978790336996], [115.66733625622479, 40.31979468378244], [115.66733448495508, 40.31988475239518], [115.66780516687686, 40.31989017458858], [115.66780339622431, 40.31998024321701], [115.6680387375457, 40.319982953604374], [115.66803696719772, 40.3200730222399], [115.66827230886364, 40.320075732157214], [115.66827053882027, 40.32016580079987], [115.66850588083065, 40.32016851024714], [115.66850411109188, 40.3202585788969], [115.66873945344678, 40.32026128787413], [115.66873768401261, 40.320351356531006], [115.66897302671202, 40.320354065038195], [115.66897125758244, 40.32044413370214], [115.66908892910038, 40.320445487780546], [115.66908716011913, 40.32053555644732], [115.66932250349157, 40.32053826425373], [115.66932073481492, 40.3206283329276], [115.66955607853183, 40.320631040263955], [115.66955431015978, 40.320721108944916], [115.66978965422118, 40.320723815811206], [115.66978788615373, 40.32081388449929], [115.67002323055965, 40.32081659089552], [115.6700214627968, 40.32090665959069], [115.67025680754719, 40.320909365516854], [115.67025504008897, 40.320999434219104], [115.67037271263241, 40.32100078700699], [115.67037094532252, 40.32109085571205], [115.6706062907459, 40.32109356093739], [115.67060452374062, 40.32118362964957], [115.67072219662057, 40.32118498208704], [115.67072042976362, 40.32127505080201], [115.67095577586002, 40.321277755326534], [115.67095400930769, 40.321367824048586], [115.67107168252413, 40.32136917613564], [115.67106991612016, 40.32145924486051], [115.6713052628895, 40.321461948684195], [115.67130349679016, 40.32155201741616], [115.67142117034311, 40.32155336915278], [115.67141940439208, 40.32164343788755], [115.67165475183445, 40.32164614101038], [115.67165122053373, 40.32182627849262], [115.67176889457944, 40.3218276298831], [115.67176712907344, 40.32191769862629], [115.67188480328343, 40.32191904990138], [115.67188303792577, 40.32200911864739], [115.67200071230003, 40.3220104698071], [115.6719989470907, 40.3221005385559], [115.67211662162924, 40.32210188960022], [115.67211309149931, 40.32228202710198], [115.67223076635841, 40.32228337803519], [115.6722290014378, 40.322373446788134], [115.67234667646115, 40.32237479760595], [115.67234314690872, 40.322554935115974], [115.67246082225263, 40.322556285822685], [115.67245905762077, 40.322646354579774], [115.67257673312899, 40.3226477051711], [115.67257496864546, 40.322737773930996], [115.67269264431793, 40.32273912440693], [115.67269087998277, 40.32282919316961], [115.6728085558195, 40.32283054353014], [115.6728067916327, 40.32292061229564], [115.67292446763369, 40.322921962540796], [115.67292270359525, 40.32301203130909], [115.67327573211492, 40.32301608133935], [115.67327396853744, 40.32310615011899], [115.67433305593269, 40.323118293786194], [115.67433481810336, 40.323028224968105], [115.67457017063268, 40.32303092223594], [115.67457193248278, 40.322940853407836], [115.67468960860306, 40.32294220185798], [115.67469137028888, 40.32285213302414], [115.6748090462608, 40.32285348135035], [115.67481961527113, 40.32231306829083], [115.67493729031312, 40.32231441647176], [115.67494081294039, 40.32213427876495], [115.67505848767772, 40.32213562681768], [115.67506024882313, 40.32204555795781], [115.67517792341211, 40.32204690588661], [115.67517968439329, 40.321956837020984], [115.67541503328243, 40.32195953251108], [115.67541679394306, 40.32186946363546], [115.67565214255136, 40.321872158638364], [115.67565390289143, 40.32178208975275], [115.67600692539453, 40.32178613134685], [115.67600868525778, 40.32169606244693], [115.67624403332024, 40.32169875623616], [115.67624579286294, 40.32160868732628], [115.67648114064457, 40.32161138062832], [115.67648289986671, 40.32152131170845], [115.67695359489997, 40.32152669685955], [115.67695535348899, 40.32143662792116], [115.6773083743783, 40.321440665515254], [115.67731013249049, 40.32135059656261], [115.67754547947709, 40.32135328768518], [115.67754723726874, 40.321263218722535], [115.67766491061765, 40.32126456410007], [115.67766666824507, 40.321174495131714], [115.67778434144559, 40.32117584038533], [115.6777860989088, 40.32108577141123], [115.67790377196093, 40.32108711654093], [115.67790728655098, 40.3209069785798], [115.67802495929845, 40.320908323581335], [115.6780284735442, 40.32072818560581], [115.678146145987, 40.32072953047916], [115.67814790294169, 40.320639461484944], [115.67826557523615, 40.32064080623438], [115.67826733202662, 40.32055073723443], [115.6783850041727, 40.320552081859944], [115.67838676079894, 40.32046201285427], [115.67850443279667, 40.320463357355884], [115.6785061892587, 40.32037328834448], [115.67885920483047, 40.320377321118585], [115.6788609608157, 40.32028725209294], [115.67933164773042, 40.32029262743288], [115.67933340308258, 40.32020255838875], [115.67980408949879, 40.32020793179717], [115.67980233477181, 40.3202980008583], [115.68003767833997, 40.32030068685308], [115.68003592391767, 40.320390755921245], [115.68015359586992, 40.3203920987434], [115.68015184159599, 40.32048216781434], [115.68026951371243, 40.320483510521086], [115.68026600545339, 40.320663648667086], [115.68038367789033, 40.32066499126267], [115.68038192390527, 40.320755060337696], [115.68097028699017, 40.32076177154201], [115.68097204019377, 40.32067170244572], [115.68132505767073, 40.32067572771967], [115.681323304936, 40.32076579682869], [115.68155865027276, 40.32076847975485], [115.6815568978427, 40.32085854887089], [115.68179224352366, 40.3208612313269], [115.68179049139833, 40.32095130044997], [115.68190816440696, 40.32095264150273], [115.68190290845239, 40.321222848875856], [115.68202058193782, 40.32122418982169], [115.6820170782412, 40.321404328071594], [115.6821347520471, 40.32140566890625], [115.68212774518429, 40.32176594540537], [115.68224541962333, 40.32176728613735], [115.68224366804415, 40.3218573552627], [115.68165529514646, 40.321850650384945], [115.68165354277787, 40.32194071948761], [115.68153586806572, 40.32193937814881], [115.68153411553295, 40.322029447245754], [115.68118109097506, 40.32202542249867], [115.68117933796545, 40.32211549158139], [115.68070863804037, 40.32211012355965], [115.68070688439762, 40.32220019262391], [115.68035385906795, 40.322196165338376], [115.68035210494835, 40.32228623438842], [115.68023442969799, 40.32228489171632], [115.6802326754142, 40.322374960760655], [115.68011500001542, 40.322373617964665], [115.6801062276962, 40.32282396314298], [115.67998855152379, 40.32282262020605], [115.67998679687992, 40.32291268923304], [115.6798691205591, 40.32291134617219], [115.67986736575098, 40.32300141519348], [115.67974968928175, 40.32300007200872], [115.6797479343094, 40.32309014102427], [115.67915955130057, 40.323083423284146], [115.67916130705449, 40.322993354289856], [115.67904363063276, 40.32299201038708], [115.67904538653507, 40.322901941395564], [115.67892771027762, 40.322900597377384], [115.67893122237108, 40.322720459398454], [115.67881354643414, 40.322719115269116], [115.67881530262532, 40.3226290462817], [115.67869762685264, 40.32262770203695], [115.67869938319218, 40.32253763305232], [115.67858170758372, 40.322536288692156], [115.67857995108784, 40.32262635767252], [115.67822692384105, 40.322622323861246], [115.67822516686834, 40.32271239282738], [115.67798981509746, 40.32270970301302], [115.6779880578042, 40.322799771969166], [115.67751735373234, 40.32279439088741], [115.6775155958059, 40.32288445982505], [115.67716256736632, 40.32288042274445], [115.67716080896304, 40.32297049166784], [115.67704313267605, 40.322969145730724], [115.6770413741085, 40.323059214648374], [115.67692369767315, 40.32305786858731], [115.67692193894136, 40.32314793749924], [115.6768042623576, 40.323146591314256], [115.67678667304027, 40.324047280310054], [115.67690435118718, 40.32404862653765], [115.67690259236815, 40.324138695433405], [115.67702027067931, 40.3241400415456], [115.67701675333007, 40.32432017934121], [115.67713443196179, 40.32432152534224], [115.6771326734316, 40.324411594242115], [115.67701499464354, 40.3244102482368], [115.6770097185364, 40.32468045491479], [115.67712739779341, 40.32468180093287], [115.67712388066163, 40.32486193871936], [115.67700620109194, 40.324860592692765], [115.67700268361578, 40.32504073046485], [115.67712036349813, 40.32504207649996], [115.67711684630291, 40.3252222142747], [115.67723452650583, 40.32522356019867], [115.67722397566776, 40.32576397351311], [115.67734165681661, 40.32576531934298], [115.67732934823901, 40.326395801506074], [115.67744703049016, 40.32639714724607], [115.6774329643192, 40.327117698235476], [115.67755064782901, 40.32711904388986], [115.67754713151965, 40.32729918163102], [115.67766481535008, 40.32730052717425], [115.67765602521966, 40.327750871522724], [115.67777370983976, 40.32775221696756], [115.67776316235972, 40.32829263016274], [115.67788084792585, 40.32829397551343], [115.6778790901411, 40.32838404437842], [115.67799677587152, 40.328385389613686], [115.67797919915165, 40.329286078225174], [115.67786151185766, 40.32928473294732], [115.6778544803223, 40.3296450083337], [115.67797216824172, 40.329646353628576], [115.67797041049444, 40.32973642247577], [115.67808809857816, 40.3297377676552], [115.67808634097932, 40.329827836505174], [115.67820402922735, 40.329829181569174], [115.67820227177691, 40.32991925042193], [115.67831996018926, 40.329920595370496], [115.67831820288727, 40.33001066422603], [115.67843589146388, 40.330012009059146], [115.67843413431034, 40.33010207791749], [115.67890488932156, 40.33010745607003], [115.67890664584962, 40.33001738719467], [115.67914202309004, 40.33002007554425], [115.67914377929745, 40.32993000665892], [115.6793791562568, 40.3299326945212], [115.67938091214356, 40.329842625625886], [115.67961628882186, 40.32984531300087], [115.67961804438796, 40.32975524409558], [115.67973573258263, 40.32975658759927], [115.67973748798445, 40.329666518688256], [115.6799728640848, 40.32966920532804], [115.67997461916599, 40.32957913640706], [115.68032768290676, 40.32958316545627], [115.68032943751095, 40.32949309652106], [115.68056481306499, 40.32949578194689], [115.68056656734849, 40.32940571300171], [115.68068425498103, 40.32940705553083], [115.68068600910027, 40.32931698657993], [115.68092138407634, 40.32931967127059], [115.68092313787496, 40.32922960230972], [115.68104082521849, 40.329230944471256], [115.68104257885281, 40.32914087550467], [115.68116026604791, 40.32914221754225], [115.68116201951797, 40.32905214856996], [115.6812797065646, 40.3290534904836], [115.6812814598704, 40.328963421505584], [115.6813991467686, 40.328964763295296], [115.6814008999101, 40.32887469431155], [115.68151858665983, 40.32887603597733], [115.68152033963712, 40.328785966987866], [115.68163802623837, 40.3287873085297], [115.68163977905137, 40.32869723953453], [115.6817574655042, 40.32869858095242], [115.68175921815293, 40.32860851195153], [115.68199459076959, 40.32861119441974], [115.6819963430977, 40.32852112540889], [115.6821140292615, 40.32852246645921], [115.68211578142537, 40.32843239744265], [115.68223346744074, 40.32843373836903], [115.68223521944034, 40.328343669346744], [115.68235290530725, 40.3283450101492], [115.682351153464, 40.32843507917573], [115.68246883949516, 40.32843641986273], [115.68246708780038, 40.32852648889204], [115.68258477399579, 40.32852782946359], [115.68258302244946, 40.32861789849566], [115.68281839517672, 40.32862057928819], [115.6828166439352, 40.32871064832728], [115.68422888283837, 40.32872672307914], [115.68422713346526, 40.32881679216765], [115.68563937538093, 40.328832849734574], [115.68563762787626, 40.328922918872436], [115.68622606312464, 40.3289296044595], [115.68622780984751, 40.328839535300474], [115.68646318368931, 40.32884220868899], [115.68646493009159, 40.328752139520034], [115.68658261686792, 40.32875347603051], [115.68658785555841, 40.32848326850214], [115.68647016925115, 40.32848193200435], [115.68647715468695, 40.328121655296194], [115.68635946901297, 40.328120318695625], [115.68636470847619, 40.32785011116177], [115.68624702327917, 40.32784877445422], [115.68625051652795, 40.327668636099425], [115.68613283165149, 40.32766729928064], [115.68613632518148, 40.327487160928435], [115.6860186406256, 40.32748582399843], [115.68602213443678, 40.3273056856488], [115.68590445020148, 40.32730434860758], [115.68590794429385, 40.32712421026055], [115.68579026037911, 40.32712287310809], [115.68579550192757, 40.326852665589215], [115.68567781848978, 40.326851328329774], [115.68568655502798, 40.32640098245675], [115.68580423768408, 40.32640231969503], [115.68580773193149, 40.32622218132706], [115.68592541428279, 40.32622351843718], [115.68592716123835, 40.32613344924677], [115.6861625256519, 40.3261361230995], [115.68616427228689, 40.32604605389914], [115.68663500058312, 40.326051400151506], [115.6866367465849, 40.32596133093276], [115.68687211046759, 40.32596400333239], [115.68687385614882, 40.325873934103726], [115.68722690156291, 40.32587794179286], [115.68722864676722, 40.32578787255004], [115.6874640101033, 40.325790543735934], [115.6874657549871, 40.32570047448318], [115.68781879958122, 40.32570448035175], [115.68782054398814, 40.32561441108483], [115.68840895102068, 40.3256210851177], [115.68840720739544, 40.325711154405745], [115.68852488898187, 40.3257124888575], [115.6885214020205, 40.325892627437604], [115.68840372012137, 40.3258912929774], [115.68840197647255, 40.32598136226102], [115.68828429442495, 40.325980027676906], [115.68828255061193, 40.32607009695483], [115.68816486841587, 40.32606876224682], [115.68816312443863, 40.326158831519066], [115.68804544209408, 40.326157496687145], [115.68804195380334, 40.326337635218756], [115.687924271154, 40.326336300258696], [115.6879207825191, 40.326516438775975], [115.68780309956492, 40.326515103687775], [115.68779786608452, 40.326785311440005], [115.6876801826692, 40.326783976219446], [115.68767669333023, 40.32696411470512], [115.68755900961011, 40.32696277935642], [115.68755726477247, 40.32705284859284], [115.68743958090384, 40.32705151312023], [115.687437835902, 40.32714158235094], [115.68732015188489, 40.327140246754425], [115.68731840671883, 40.32723031597942], [115.68743609089228, 40.32723165158018], [115.68743434587469, 40.32732172080795], [115.68755203021236, 40.32732305629325], [115.68755028534325, 40.327413125523776], [115.68766796984514, 40.3274144608936], [115.68766273565964, 40.32768466858907], [115.68778042063846, 40.32768600385191], [115.68777693145482, 40.32786614231665], [115.68801230206145, 40.327868812500135], [115.68801055777054, 40.327958881738766], [115.688128243242, 40.3279602166552], [115.68812649909957, 40.32805028589657], [115.68824418473527, 40.328051620697536], [115.68824244074132, 40.328141689941674], [115.68836012654123, 40.328143024627174], [115.68835140723532, 40.32859337084692], [115.68846909382489, 40.32859470543386], [115.68846386261603, 40.328864913160736], [115.68858154968257, 40.328866247640654], [115.68857980608689, 40.328956316884245], [115.68869749331763, 40.328957651248686], [115.68869574987048, 40.329047720495026], [115.68881343726545, 40.32904905474401], [115.68881169396678, 40.32913912399308], [115.68892938152598, 40.32914045812659], [115.6889276383758, 40.329230527378435], [115.68904532609923, 40.32923186139646], [115.68904358309756, 40.32932193065107], [115.68916127098521, 40.329323264553615], [115.68915952813205, 40.32941333381097], [115.68927721618392, 40.32941466759805], [115.68927547347928, 40.32950473685814], [115.68939316169538, 40.32950607052976], [115.68939141913924, 40.32959613979261], [115.68950910751957, 40.32959747334875], [115.68950736511192, 40.32968754261436], [115.68962505365647, 40.329688876055016], [115.68962331139736, 40.32977894532336], [115.68974100010612, 40.32978027864853], [115.68973925799551, 40.329870347919645], [115.68997463574935, 40.32987301421935], [115.68997289394365, 40.32996308349743], [115.69020827204166, 40.329965749326774], [115.6902065305408, 40.33005581861182], [115.69044190898298, 40.33005848397081], [115.69044016778702, 40.33014855326283], [115.69055785717627, 40.330149885766986], [115.69055611612883, 40.33023995506175], [115.69067380568228, 40.330241287450434], [115.69067206478336, 40.330331356747955], [115.6909074442266, 40.33033402117464], [115.69090570363258, 40.33042409047912], [115.69102339352236, 40.33042542251712], [115.69102165307685, 40.33051549182436], [115.69125703319267, 40.33051815554971], [115.69125529305207, 40.330608224863894], [115.69137298327813, 40.330609556551224], [115.69137124328606, 40.330699625868164], [115.69148893367634, 40.33070095744001], [115.6914871938328, 40.3307910267597], [115.69160488438732, 40.330792358216065], [115.6916031446923, 40.330882427538484], [115.69172083541105, 40.33088375887936], [115.69171909586454, 40.33097382820453], [115.69183678674752, 40.33097515942991], [115.69183330794377, 40.331155298084276], [115.69195099914731, 40.33115662919838], [115.69194925989007, 40.33124669852757], [115.69206695125786, 40.3312480295262], [115.69206347303258, 40.331428168188594], [115.69218116472095, 40.33142949907594], [115.69217942575291, 40.33151956840914], [115.69229711760555, 40.33152089918099], [115.69229537878604, 40.33161096851694], [115.69241307080289, 40.331612299173294], [115.69240959345315, 40.33179243784921], [115.69252728579062, 40.331793768394284], [115.69252554726037, 40.33188383773425], [115.69264323976203, 40.33188516816382], [115.69264150138034, 40.33197523750653], [115.69275919404625, 40.33197656782061], [115.6927574558131, 40.332066637166065], [115.69287514864322, 40.332067967364644], [115.6928734105586, 40.332158036712826], [115.69299110355298, 40.33215936679591], [115.69298936561691, 40.332249436146846], [115.69322475194195, 40.33225209596231], [115.69322301431082, 40.3323421653202], [115.69345840097998, 40.33234482466523], [115.69346013829832, 40.33225475529893], [115.69357783148827, 40.33225608478768], [115.69358130578867, 40.33207594604225], [115.69369899867368, 40.33207727540287], [115.69370073565574, 40.33198720602375], [115.69381842839218, 40.33198853526046], [115.69382016521001, 40.33189846587564], [115.6939378577979, 40.33189979498843], [115.69393959445155, 40.331809725597964], [115.69405728689088, 40.33181105458684], [115.69405902338028, 40.33172098519068], [115.69417671567109, 40.33172231405564], [115.69417845199627, 40.331632244653804], [115.6942961441385, 40.33163357339485], [115.69429788029947, 40.33154350398735], [115.69453326429466, 40.33154616110192], [115.69453500013506, 40.331456091684544], [115.69465269198801, 40.33145742005806], [115.69465442766416, 40.331367350635], [115.69477211936858, 40.33136867888461], [115.69477385488052, 40.33127860945587], [115.69489154643637, 40.33127993758157], [115.69489675245613, 40.33100972927395], [115.69501444355068, 40.33101105726733], [115.69501964903084, 40.330740848933885], [115.69490195840544, 40.3307395209531], [115.69490716428429, 40.33046931261906], [115.69478947413586, 40.33046798453118], [115.69479120956952, 40.33037791508776], [115.69467351958527, 40.33037658688441], [115.69467699074188, 40.33019644800156], [115.69455930107821, 40.33019511968691], [115.69456277251628, 40.3300149808066], [115.69444508317318, 40.330013652380664], [115.69444855489266, 40.329833513502884], [115.69456624392299, 40.329834841920416], [115.69456797961463, 40.329744772475124], [115.69515642410197, 40.32975141274629], [115.69515468919218, 40.3298414822126], [115.69609620202976, 40.32985210045571], [115.69609446836311, 40.32994216995419], [115.6965652255951, 40.32994747621974], [115.69656349254612, 40.33003754573353], [115.69679887152174, 40.33004019815652], [115.69679713877771, 40.33013026767722], [115.69691482843362, 40.33013159371337], [115.69691309583817, 40.330221663236806], [115.69703078565824, 40.330222989157434], [115.69702905321132, 40.3303130586836], [115.69714674319562, 40.33031438448873], [115.69714501089726, 40.33040445401763], [115.69726270104574, 40.33040577970725], [115.69726096889595, 40.33049584923888], [115.6973786592086, 40.330497174813], [115.69737692720737, 40.330587244347356], [115.69749461768421, 40.33058856980596], [115.69749115397109, 40.330768708878644], [115.69760884476851, 40.33077003422595], [115.69759845437989, 40.33131045143394], [115.69748076264418, 40.33130912606148], [115.69747729880606, 40.33148926511066], [115.6973596067654, 40.33148793961009], [115.69735787467825, 40.33157800912829], [115.69724018248901, 40.33157668350382], [115.69723845023763, 40.33166675301635], [115.69700306556987, 40.3316641013999], [115.69700133299791, 40.33175417090256], [115.69676594804864, 40.33175151879888], [115.69676421515608, 40.33184158829169], [115.69664652253678, 40.33184026205608], [115.69664478948005, 40.33193033154322], [115.69652709671216, 40.33192900518372], [115.69652363026245, 40.33210914414519], [115.69640593718964, 40.33210781765758], [115.69639380327467, 40.33273830394709], [115.69651149744223, 40.33273963046409], [115.69649416417742, 40.33364032508053], [115.69637646844586, 40.333638998521536], [115.69637126784474, 40.33390920686523], [115.69625357165182, 40.33390788017392], [115.69625183794608, 40.33399794961468], [115.69613414160456, 40.33399662279945], [115.69613067385681, 40.33417676166816], [115.6960129772103, 40.33417543472482], [115.6960112431683, 40.33426550415279], [115.69589354637321, 40.33426417708552], [115.69589181216696, 40.3343542465078], [115.69577411522332, 40.33435291931663], [115.69576891208841, 40.33462312756206], [115.69588660950131, 40.33462445476584], [115.69588314101843, 40.3348045935972], [115.69576544329271, 40.33480326638501], [115.69576024004049, 40.33507347460843], [115.69564254185339, 40.33507214726391], [115.69563733806149, 40.33534235546149], [115.69551963941298, 40.33534102798465], [115.69551790464362, 40.335431097376706], [115.69563560344857, 40.33543242485774], [115.69563213419922, 40.335612563645846], [115.69586753245824, 40.33561521826556], [115.69586579813465, 40.33570528766582], [115.6959834974323, 40.33570661480028], [115.6959800290745, 40.335886753604775], [115.69609772869283, 40.335888080627925], [115.69609599465862, 40.33597815003219], [115.69621369444116, 40.335979476939805], [115.69621196055553, 40.33606954634678], [115.69632966050233, 40.33607087313887], [115.69632792676532, 40.33616094254859], [115.69656332699519, 40.336163595782], [115.69656506041937, 40.336073526363904], [115.69680046036771, 40.33607617911002], [115.69680219347121, 40.33598610968205], [115.69691989330067, 40.33598743587132], [115.69692162623996, 40.33589736643767], [115.69703932592083, 40.335898692503015], [115.69704105869587, 40.33580862306371], [115.69715875822814, 40.335809949005146], [115.69716222344196, 40.33562981011373], [115.6972799226692, 40.335631135927045], [115.69728165510797, 40.33554106647494], [115.69739935418662, 40.33554239216432], [115.69740455098679, 40.33527218378661], [115.697522249604, 40.33527350934368], [115.69752571378557, 40.335093370409474], [115.69764341209778, 40.33509469583844], [115.69764514402041, 40.33500462636493], [115.69788054035541, 40.33500727685531], [115.69788227195745, 40.33491720737195], [115.6987061582811, 40.33492648028766], [115.69870442777396, 40.33501654980039], [115.69905752249899, 40.33502052212388], [115.6990592525369, 40.33493045259859], [115.69941234686294, 40.334934423832024], [115.69941407642379, 40.3348443542927], [115.7004733584154, 40.33485626149035], [115.70047163026224, 40.33494633106737], [115.70058932845669, 40.33494765349491], [115.70059105645345, 40.33485758391371], [115.7010618486836, 40.33486287240993], [115.7010635760469, 40.33477280281051], [115.7011812739675, 40.33477412463107], [115.70118300116663, 40.33468405502601], [115.70141839671838, 40.33468669829962], [115.70142012359689, 40.33459662868471], [115.70153782122804, 40.33459795013775], [115.70153954794236, 40.33450788051718], [115.70165724542487, 40.33450920184632], [115.701658971975, 40.33441913222012], [115.70177666930891, 40.33442045342535], [115.70178875384677, 40.333789965971555], [115.70190645009366, 40.3337912870278], [115.70190817626865, 40.33370121738148], [115.70202587236692, 40.33370253831384], [115.70202932438073, 40.33352239900843], [115.70191162859531, 40.33352107808445], [115.70191335474695, 40.333431008433735], [115.7017956591257, 40.33342968739423], [115.70179738542596, 40.33333961774622], [115.70167968996887, 40.33333829659117], [115.70168141641777, 40.333248226945884], [115.70179911171843, 40.33324954809675], [115.70180083800312, 40.33315947844581], [115.70215392348264, 40.33316344116757], [115.70215219766716, 40.33325351083106], [115.70226989299896, 40.333254831503076], [115.70226644165743, 40.33343497083399], [115.70261952863797, 40.3334389321568], [115.70262125384342, 40.33334886247954], [115.70309203596749, 40.33335414255055], [115.70309376053955, 40.33326407285511], [115.70332915133547, 40.333266712163976], [115.70333087558697, 40.333176642458696], [115.70368396136995, 40.33318060051161], [115.70368568514448, 40.33309053079233], [115.70392107539254, 40.333093168887345], [115.70392279884652, 40.33300309915827], [115.70415818881287, 40.333005736766076], [115.70415301936606, 40.33327594597399], [115.7040353239098, 40.33327462721741], [115.70403360058891, 40.333364696946255], [115.70391590498403, 40.3333633780658], [115.70391418149897, 40.33345344778902], [115.70379648574543, 40.333452128784664], [115.70379476209621, 40.333542198502236], [115.70367706619407, 40.33354087937399], [115.70367534238066, 40.33363094908592], [115.70343995028688, 40.33362831046194], [115.7034382261529, 40.33371838016404], [115.70332052996127, 40.333717060668306], [115.70331880566309, 40.333807130364775], [115.70320110932285, 40.33380581074513], [115.70319593591246, 40.334076019813175], [115.70331363272192, 40.33407733944534], [115.70331018405558, 40.33425747882506], [115.70342788118565, 40.334258798345864], [115.70342615699721, 40.3343488680377], [115.70354385429145, 40.33435018744295], [115.70354213025165, 40.33444025713748], [115.70377752517626, 40.3344428955972], [115.70377580144151, 40.33453296529862], [115.70389349907188, 40.33453428435307], [115.70389177548576, 40.33462435405721], [115.70459796236976, 40.33463226589484], [115.7045996850174, 40.33454219616566], [115.70495277809506, 40.33454615045572], [115.70495450026573, 40.33445608071256], [115.70554298810181, 40.33446266878075], [115.70554470948267, 40.33437259901527], [115.70578010435864, 40.33437523339617], [115.70578182541891, 40.334285163620876], [115.70589952271212, 40.334286480627576], [115.70590124360822, 40.33419641084666], [115.70601894075281, 40.33419772772947], [115.70602066148473, 40.334107657942916], [115.70625605548435, 40.334110291341034], [115.70625949629932, 40.33393015174684], [115.70637719299798, 40.333931468257994], [115.7063789132374, 40.33384139845453], [115.70649660978738, 40.333842714841786], [115.70650004993018, 40.33366257522212], [115.70661774617511, 40.33366389148133], [115.70661946607848, 40.33357382166513], [115.70673716217478, 40.33357513780047], [115.70673888191395, 40.333485067978636], [115.70685657786161, 40.33348638399008], [115.70686001700393, 40.333306244333684], [115.70697771264655, 40.33330756021708], [115.70697943204966, 40.3332174903825], [115.70709712754363, 40.333218806142035], [115.70709884678259, 40.33312873630182], [115.7072165421279, 40.33313005193747], [115.70721826120271, 40.333039982091634], [115.70733595639938, 40.3330412976034], [115.70733767531006, 40.33295122775193], [115.70745537035808, 40.33295254313982], [115.7074570891046, 40.33286247328271], [115.70769247891111, 40.332865103691006], [115.70769419733708, 40.33277503382412], [115.70792958686181, 40.332777663745226], [115.70793130496722, 40.332687593868556], [115.70828438884325, 40.3326915378399], [115.70828610647173, 40.33260146794926], [115.7088745789714, 40.332608038819764], [115.70887629581017, 40.33251796890686], [115.70922937893371, 40.33252190998014], [115.70923109529556, 40.3324318400533], [115.7095841780196, 40.33243578003668], [115.7095858939045, 40.332345710095886], [115.70970358800494, 40.332347023180105], [115.70970530372573, 40.332256953233696], [115.70982299767749, 40.33225826619404], [115.70982471323414, 40.332168196242016], [115.70994240703726, 40.3321695090785], [115.70994583781457, 40.33198936916172], [115.71006353131266, 40.331990681870174], [115.7100652465333, 40.33190061190542], [115.71018293988273, 40.33190192449001], [115.71018465493925, 40.33181185451965], [115.71030234814003, 40.331813166980375], [115.71030406303242, 40.331723097004385], [115.71042175608456, 40.33172440934124], [115.71042347081283, 40.33163433935963], [115.71065885662748, 40.33163696366593], [115.71066057103525, 40.33154689367454], [115.71101364934606, 40.33155082922371], [115.71101193540744, 40.33164089922756], [115.71124732129942, 40.33164352233675], [115.71124560766587, 40.331733592347426], [115.71148099390153, 40.33173621498609], [115.71147928057304, 40.331826285003615], [115.71171466715239, 40.33182890717174], [115.71171295412893, 40.33191897719609], [115.711948341052, 40.331921598893665], [115.71194662833358, 40.33201166892486], [115.7120643219631, 40.33201297959823], [115.71206260939336, 40.332103049632074], [115.71218030318698, 40.332104360189895], [115.71217859076592, 40.332194430226444], [115.71229628472366, 40.332195740668695], [115.71229457245126, 40.332285810707916], [115.7124122665731, 40.332287121034604], [115.71240541803188, 40.33264740119341], [115.71228772328443, 40.33264609085013], [115.7122842986547, 40.332826230912445], [115.71240199371493, 40.332827541264024], [115.71240370587725, 40.33273747122944], [115.71252140078882, 40.33273878145716], [115.71251455271872, 40.33309906160322], [115.71239685718159, 40.33309775135892], [115.71239000836233, 40.3334580314649], [115.7122723122073, 40.333456721084296], [115.71226888743851, 40.33363686112019], [115.7121511909784, 40.33363555061157], [115.71214776586594, 40.333815690633294], [115.71203006910072, 40.33381437999666], [115.71202493090486, 40.3340845900058], [115.71190723367816, 40.334083279237], [115.71189181726567, 40.334893909147844], [115.71200951590008, 40.334895219954], [115.71200609025847, 40.33507535992634], [115.71212378921342, 40.33507667062106], [115.71212207653745, 40.335166740609175], [115.71223977565653, 40.335168051188326], [115.71223635059424, 40.33534819116846], [115.7123540500339, 40.33534950163618], [115.71235233764757, 40.335439571628186], [115.71258773686287, 40.33544219221274], [115.71258431269277, 40.335622332208956], [115.71270201262485, 40.33562364232994], [115.71270030068462, 40.33571371233], [115.71281800078081, 40.3357150223354], [115.71281457719004, 40.3358951623394], [115.71293227760685, 40.335896472233365], [115.71293056595628, 40.33598654223731], [115.71304826653721, 40.3359878520157], [115.71304655503538, 40.33607792202233], [115.71316425578043, 40.336079231685126], [115.71316254442732, 40.33616930169444], [115.71339794625344, 40.33617192066915], [115.71339623520542, 40.336261990685266], [115.7135139362865, 40.33626329999718], [115.7135122253872, 40.336353370015985], [115.71362992663242, 40.33635467921231], [115.71362821588183, 40.336444749233785], [115.71374591729118, 40.33644605831452], [115.71374420668931, 40.33653612833868], [115.71386190826281, 40.33653743730383], [115.71386019780964, 40.33662750733067], [115.71397789954727, 40.33662881618023], [115.71397618924283, 40.33671888620974], [115.71409389114461, 40.33672019494371], [115.71409218098889, 40.3368102649759], [115.7142098830548, 40.33681157359429], [115.71420817304778, 40.33690164362914], [115.71432587527786, 40.33690295213193], [115.71432416541955, 40.336993022169466], [115.71444186781376, 40.336994330556685], [115.71444015810418, 40.337084400596886], [115.71455786066254, 40.33708570886851], [115.7145544415331, 40.337265848952796], [115.71467214441202, 40.33726715711296], [115.71467043499217, 40.33735722715704], [115.71478813803523, 40.337358535201616], [115.71478642876411, 40.33744860524838], [115.71490413197135, 40.33744991317736], [115.71490242284894, 40.3375399832268], [115.7150201262203, 40.337541291040175], [115.71501841724661, 40.337631361092285], [115.71525382432536, 40.337633976368124], [115.71525211565684, 40.33772404642704], [115.7153698193642, 40.337725353889496], [115.71536811084442, 40.33781542395109], [115.71548581471593, 40.33781673129795], [115.71548410634489, 40.337906801362216], [115.71560181038053, 40.33790810859346], [115.71559839392819, 40.33808824872586], [115.71571609828442, 40.33808955584566], [115.71571439020312, 40.3381796259138], [115.71583209472352, 40.338180932918], [115.71582867885068, 40.33836107305814], [115.71594638369166, 40.33836237995087], [115.71594296810093, 40.33854252009342], [115.71606067326248, 40.33854382687469], [115.716058965612, 40.3386338969479], [115.7161766709377, 40.33863520361356], [115.71617325592652, 40.33881534376387], [115.71629096157284, 40.33881665031806], [115.71628925421213, 40.33890672039513], [115.71676007750011, 40.33891194543106], [115.71675837075749, 40.33900201552323], [115.7168760767552, 40.339003321486985], [115.71687437016134, 40.3390933915818], [115.71699207632318, 40.33909469742996], [115.71699036987806, 40.33918476752744], [115.71710807620404, 40.33918607325998], [115.71710636990768, 40.33927614336014], [115.71722407639781, 40.33927744897708], [115.71722066409491, 40.33945758918125], [115.71733837090564, 40.339458894686715], [115.71733154683326, 40.33981917509398], [115.7174492542775, 40.339820480496215], [115.71744413661179, 40.340090690798654], [115.71756184453307, 40.340091996093555], [115.71755502149689, 40.34045227649282], [115.7176727300517, 40.340453581684486], [115.71766761316317, 40.340723791980906], [115.71778532219507, 40.34072509706523], [115.71778361670661, 40.34081516716524], [115.71790132590269, 40.340816472133945], [115.71789791521563, 40.340996612337804], [115.7180156247323, 40.34099791719502], [115.71801221432743, 40.34117805740129], [115.7181299241647, 40.341179362147], [115.71812480896911, 40.341449572457805], [115.71800709866243, 40.34144826769968], [115.71800027766805, 40.341808548077005], [115.71788256674319, 40.34180724318262], [115.7178808613189, 40.34189731326916], [115.71776315024526, 40.341896008250885], [115.71776144465682, 40.341986078331814], [115.7176437334344, 40.34198477318967], [115.71764032192145, 40.34216491333888], [115.71752261039379, 40.34216360806871], [115.71752090446931, 40.342253678136984], [115.71740319279287, 40.34225237274293], [115.7174014867042, 40.3423424428056], [115.717283774879, 40.342341137287654], [115.71728206862619, 40.342431207344724], [115.71704664468587, 40.342428595941314], [115.71704493811241, 40.34251866598865], [115.71692722599732, 40.34251736010318], [115.71692551925968, 40.342607430144916], [115.71669009473969, 40.34260481800642], [115.71668838768139, 40.34269488803843], [115.71657067527644, 40.34269358178541], [115.71656896805398, 40.34278365181183], [115.71645125550029, 40.34278234543492], [115.71644954811362, 40.34287241545573], [115.71633183541115, 40.342871108954924], [115.71633012786033, 40.342961178970114], [115.71621241500907, 40.34295987234543], [115.71621070729404, 40.34304994235503], [115.716092994294, 40.34304863560646], [115.71609128641484, 40.34313870561045], [115.71597357326604, 40.34313739873797], [115.71597186522266, 40.34322746873636], [115.71585415192507, 40.343226161739985], [115.7158524437175, 40.34331623173278], [115.71620558410282, 40.343320152375036], [115.71620729184095, 40.34323008236983], [115.71667814516995, 40.34323530819967], [115.71667131667498, 40.34359558827782], [115.71678903065241, 40.343596894452425], [115.71678732366588, 40.34368696447243], [115.71702275195682, 40.34368957647062], [115.71702104527559, 40.34377964649742], [115.71725647391027, 40.34378225802484], [115.71725476753431, 40.343872328058445], [115.71807876909358, 40.34388146466081], [115.71808047437413, 40.34379139459827], [115.71831590314734, 40.34379400396999], [115.71831419817973, 40.34388407404076], [115.7190204856228, 40.343891899306364], [115.7190221896515, 40.34380182921082], [115.71925761854773, 40.34380443666634], [115.71925932225574, 40.34371436656108], [115.71984789384834, 40.343720883083414], [115.71984959676627, 40.34363081295606], [115.72055588199197, 40.34363862880602], [115.72055758396328, 40.34354855865243], [115.72102844030805, 40.34355376680737], [115.72103014164576, 40.343463696635844], [115.7212655695512, 40.3434662999865], [115.72126727056829, 40.34337622980527], [115.72173812584535, 40.343381435053], [115.72173982622883, 40.343291364853826], [115.7223283947153, 40.34329786869828], [115.72233009430869, 40.34320779847706], [115.72315408941637, 40.34321689880057], [115.7231557879067, 40.343126828549075], [115.72445063639873, 40.343141117156016], [115.72444893962968, 40.34323118745274], [115.72480208075773, 40.34323508184293], [115.72480377705733, 40.34314501153387], [115.72503920420131, 40.34314760718697], [115.72504090018032, 40.34305753686823], [115.72527632704194, 40.34306013203409], [115.72527971835103, 40.34287999137581], [115.72539743148037, 40.34288128877088], [115.72539912696698, 40.34279121843544], [115.72551683994747, 40.342792515706634], [115.72552023058476, 40.342612375023144], [115.72563794325995, 40.34261367216638], [115.72564133355372, 40.34243353146879], [115.7257590459236, 40.34243482848405], [115.72576243587382, 40.342254687772396], [115.72588014793838, 40.34225598465971], [115.72588184274557, 40.342165914297574], [115.72599955466129, 40.34216721106101], [115.72600124930436, 40.34207714069331], [115.72611896107125, 40.34207843733289], [115.72612065555019, 40.34198836695962], [115.72623836716828, 40.34198966347535], [115.7262400614831, 40.3418995930965], [115.72635777295234, 40.341900889488365], [115.72635946710304, 40.34181081910394], [115.72659488975151, 40.34181341152021], [115.72659658358164, 40.34172334112612], [115.72671429476087, 40.34172463715052], [115.72671598842688, 40.34163456675086], [115.72683369945727, 40.34163586265141], [115.72683539295916, 40.341545792246194], [115.72695310384074, 40.34154708802288], [115.72695479717852, 40.341457017612086], [115.72719021865164, 40.341459608798], [115.72719191166884, 40.34136953837754], [115.72754504346639, 40.341373424245944], [115.72754673600656, 40.341283353811725], [115.72766444646454, 40.341284648857595], [115.72766613884059, 40.34119457841781], [115.72790155946652, 40.3411971681421], [115.7279049435699, 40.34101702724173], [115.72802265358136, 40.34101832191604], [115.72802434546513, 40.340928251459566], [115.72814205532777, 40.34092954601004], [115.72814374704745, 40.34083947554799], [115.72826145676126, 40.34084076997461], [115.72826314831683, 40.340750699507], [115.72849856745444, 40.34075328799279], [115.72850025868945, 40.340663217515534], [115.72861796811321, 40.3406645115747], [115.72861965918415, 40.34057444109189], [115.72873736845906, 40.34057573502721], [115.72873905936589, 40.340485664538825], [115.72885676849202, 40.340486958350304], [115.72886522212947, 40.3400366058659], [115.72874751378569, 40.34003531207489], [115.728766112838, 40.33904453652523], [115.72888381946082, 40.33904583027119], [115.72889058189797, 40.33868554819278], [115.72877287590094, 40.338684254463196], [115.72877456664763, 40.33859418394402], [115.72865686081471, 40.33859289009879], [115.7286585517102, 40.33850281958224], [115.72889396307079, 40.33850540714477], [115.7288922724882, 40.338595477669514], [115.72912768419215, 40.33859806476126], [115.72912599391485, 40.33868813529273], [115.73006764228728, 40.338698478902835], [115.73006595325393, 40.33878854946556], [115.73030136573612, 40.338791134178855], [115.73029967700805, 40.33888120474831], [115.730417383417, 40.33888249692943], [115.73041569483776, 40.33897256750149], [115.73053340141081, 40.33897385956697], [115.73053171298041, 40.339063930141656], [115.73064941971752, 40.339065222091484], [115.73064604314673, 40.33924536324466], [115.73076375020437, 40.33924665508291], [115.73076037391604, 40.3394267962384], [115.73087808129418, 40.33942808796507], [115.73087639329506, 40.339518158544706], [115.7309941008373, 40.33951945015574], [115.73099241298699, 40.339609520738], [115.73111012069326, 40.33961081223337], [115.73110336984178, 40.339971094564085], [115.73122107818152, 40.33997238595607], [115.73121770302302, 40.34015252712082], [115.73109999437037, 40.34015123572066], [115.7310898677734, 40.3406916591552], [115.7309721581896, 40.34069036761076], [115.73096709431893, 40.34096057929599], [115.73084938427334, 40.34095928761954], [115.73084600800856, 40.3411394287275], [115.73072829765766, 40.34113813692314], [115.73072492104947, 40.34131827801706], [115.73060721039325, 40.34131698608476], [115.73060552192126, 40.341407056625435], [115.73048781111616, 40.34140576456929], [115.73048443383642, 40.341585905638084], [115.73036672272602, 40.34158461345401], [115.73036503391825, 40.34167468398209], [115.73024732265898, 40.34167339167418], [115.73024394470764, 40.3418535327178], [115.73012623314304, 40.341852240281945], [115.73012454399948, 40.34194231079747], [115.73000683228602, 40.34194101823776], [115.73000514297837, 40.34203108874773], [115.72988743111605, 40.34202979606418], [115.72988574164431, 40.342119866568574], [115.72976802963315, 40.34211857376119], [115.7297663399973, 40.34220864426002], [115.72964862783728, 40.342207351328774], [115.72964693803733, 40.342297421822074], [115.72952922572847, 40.34229612876698], [115.72952753576442, 40.34238619925471], [115.72940982330671, 40.34238490607577], [115.72940813317855, 40.34247497655793], [115.72929042057199, 40.342473683255136], [115.72928873027975, 40.34256375373175], [115.72905330477653, 40.3425611667587], [115.72905161416368, 40.34265123722566], [115.72893390126701, 40.342649943555394], [115.72893221049007, 40.34274001401679], [115.7288144974446, 40.34273872022268], [115.72881280650354, 40.34282879067852], [115.72869509330918, 40.34282749676055], [115.72869340220402, 40.342917567210826], [115.72857568886081, 40.34291627316901], [115.72857399759154, 40.343006343613716], [115.7284562840995, 40.34300504944804], [115.72845459266611, 40.343095119887195], [115.7283368790252, 40.343093825597656], [115.7283351874277, 40.343183896031256], [115.72821747363795, 40.34318260161786], [115.72821578187633, 40.3432726720459], [115.72798035400676, 40.34327008285164], [115.72797866192454, 40.343360153270005], [115.72786094784469, 40.34335885848913], [115.72785925559839, 40.343448928901935], [115.7277415413697, 40.3434476339972], [115.72773984895925, 40.34353770440444], [115.72762213458172, 40.34353640937585], [115.72760859377142, 40.344256972548195], [115.7277263094009, 40.344258267609575], [115.72772292443494, 40.344438408396186], [115.727840640385, 40.344439703346], [115.72783387098748, 40.34479998491805], [115.72795158757116, 40.34480127976448], [115.7279498953592, 40.34489135015794], [115.728067612107, 40.3448926448887], [115.72806422797316, 40.34507278567939], [115.72818194504158, 40.345074080298595], [115.72818025311972, 40.345164150695844], [115.72829797035226, 40.34516544519938], [115.72829627857926, 40.34525551559925], [115.72853171338026, 40.345258104255194], [115.72853002191263, 40.345348174661794], [115.72876545705716, 40.345350762846856], [115.7287671482118, 40.34526069243206], [115.72912030051631, 40.345264573799106], [115.72912199119382, 40.34517450337056], [115.7292397084874, 40.34517579691593], [115.72924308950657, 40.34499565604626], [115.7293608064948, 40.344996949463685], [115.72936249683643, 40.34490687902255], [115.73053966557292, 40.344919806568626], [115.73053628801196, 40.345099947531246], [115.73041857079102, 40.34509865530742], [115.73041688184261, 40.34518872578246], [115.7301814471106, 40.34518614096731], [115.73017806856497, 40.345366281896595], [115.73006035089738, 40.345364989301174], [115.73005697200824, 40.345545130216436], [115.73064556198733, 40.3455515920367], [115.73064387331385, 40.34564166251258], [115.73087930967182, 40.34564424641047], [115.7308776213037, 40.34573431689307], [115.7312307763673, 40.34573819185389], [115.7312290884611, 40.34582826234727], [115.73158224406271, 40.3458321362424], [115.73158055661841, 40.345922206746586], [115.73216915022253, 40.345928660863464], [115.73217083688432, 40.34583859033885], [115.73264171127855, 40.34584375146012], [115.73264339730672, 40.345753680917696], [115.73299655271273, 40.3457575504888], [115.73299823826378, 40.345667479932665], [115.73323367492613, 40.3456700590397], [115.73323536015654, 40.34557998847395], [115.73311764197808, 40.3455786989844], [115.73311932735739, 40.34548862842125], [115.73441422601711, 40.34550280617403], [115.73441590966729, 40.34541273556455], [115.73418047379198, 40.345410158877414], [115.7341821577476, 40.34532008827462], [115.73406443997783, 40.34531879975547], [115.73406275586572, 40.34540887035419], [115.73370960213249, 40.34540500406589], [115.7337112867141, 40.34531493347941], [115.7332404158022, 40.34530977676788], [115.73323873059459, 40.34539984733803], [115.73300329487125, 40.34539726825548], [115.73300498039185, 40.34530719769349], [115.73276954501195, 40.34530461814002], [115.73277123083795, 40.345214547584746], [115.73265351331588, 40.34521325763243], [115.73265182733338, 40.34530332818364], [115.73253410966242, 40.345302038107484], [115.73253579580145, 40.345211967560346], [115.73241807829459, 40.34521067736851], [115.73242145086282, 40.345030536278024], [115.73253916805666, 40.3450318264617], [115.73253748193287, 40.34512189701175], [115.73289063402953, 40.34512576685642], [115.73289231968384, 40.345035696294126], [115.73301003690811, 40.34503698599872], [115.73301172239832, 40.34494691543086], [115.73336487364722, 40.344950783813815], [115.73336655866034, 40.344860713232244], [115.73348427560202, 40.34486200244962], [115.73348259074541, 40.344952073035266], [115.73383574208555, 40.34495593998099], [115.73383405769083, 40.3450460105774], [115.73395177497589, 40.34504729932385], [115.73395009073008, 40.34513736992288], [115.73406780817925, 40.345138658553644], [115.73406612408235, 40.345228729155295], [115.7344192769449, 40.3452325943412], [115.73442096057232, 40.345142523727304], [115.73453867805188, 40.345143811878984], [115.73454036151519, 40.345053741259576], [115.73477579618408, 40.34505631719547], [115.73477747932682, 40.344966246566436], [115.73501291371308, 40.344968822015105], [115.73501459653522, 40.34487875137644], [115.73548546477281, 40.34488390082027], [115.73548714696139, 40.344793830163844], [115.73619344860644, 40.34480155071209], [115.73619512984843, 40.344711480029765], [115.7363128466593, 40.344712766364545], [115.73631116557382, 40.34480283705094], [115.73642888254881, 40.34480412327004], [115.73643056347778, 40.344714052579555], [115.73654828030385, 40.3447153386748], [115.73654996106876, 40.3446252679788], [115.7366676777459, 40.3446265539502], [115.73667103894, 40.34444641254566], [115.73690647169104, 40.344448984112894], [115.73690479141078, 40.344539054824025], [115.73702250795418, 40.34454034043207], [115.73702082782283, 40.344630411145815], [115.73690311112296, 40.344629125533714], [115.73689975052453, 40.34480926694867], [115.73713518455787, 40.344811838069376], [115.73713350456028, 40.3449019087828], [115.73736893893692, 40.344904479432586], [115.73737061862151, 40.34481440871103], [115.73760605271548, 40.344816978873595], [115.7376077320795, 40.344726908142434], [115.73784316589075, 40.344729477817786], [115.73784148683973, 40.34481954855709], [115.73831235517912, 40.34482468648685], [115.73831403360417, 40.344734615731284], [115.73843175055144, 40.34473589991023], [115.73843678531162, 40.34446568762261], [115.73855450179698, 40.34446697166959], [115.73855785795291, 40.34428683012903], [115.73879329032039, 40.34428939784747], [115.73879496807399, 40.34419932706686], [115.73903040015875, 40.3442018942981], [115.73903375501732, 40.34402175271625], [115.73915147075805, 40.3440230361441], [115.73915482527337, 40.343842894548274], [115.7392725407087, 40.34384417784823], [115.73927589488078, 40.3436640362384], [115.73915817975845, 40.34366275294658], [115.73915985698963, 40.34357268214353], [115.73904214203134, 40.343571398736], [115.73904381941145, 40.34348132793554], [115.73869067505147, 40.343477477006566], [115.73869235289348, 40.343387406216834], [115.73822149447874, 40.34338226998444], [115.73822317293912, 40.34329219920949], [115.73798774409016, 40.34328963038285], [115.73798942285593, 40.34319955961458], [115.7378717085993, 40.34319827502568], [115.73787338751399, 40.34310820426001], [115.73775567342142, 40.34310691955542], [115.73776910571816, 40.3423863534099], [115.73788681855889, 40.34238763808198], [115.73789521271583, 40.34193728417308], [115.73777750065749, 40.341935999521354], [115.73777917962263, 40.34184592873924], [115.73766146772837, 40.341844643971825], [115.73766314684242, 40.3417545731923], [115.73754543511215, 40.3417532883092], [115.7375471143751, 40.34166321753229], [115.73742940280891, 40.34166193253348], [115.73743612041083, 40.34130164942749], [115.73790696421752, 40.34130678863911], [115.73790864297317, 40.34121671784268], [115.73861490797148, 40.341224423043094], [115.73861658578078, 40.341134352220806], [115.73885200719448, 40.341136919654794], [115.73885368468326, 40.34104684882292], [115.73897139524502, 40.34104813235622], [115.73897307256973, 40.340958061518826], [115.73909078298259, 40.3409593449283], [115.73909413729639, 40.34077920324098], [115.73921184740387, 40.34078048652258], [115.739221909225, 40.34024006140109], [115.73933961840123, 40.34024134453857], [115.73934800226185, 40.33979099021007], [115.73946571066334, 40.339792273207486], [115.73946738725633, 40.339702202333335], [115.73993822031213, 40.33970733310935], [115.73993654434499, 40.33979740399974], [115.7401719612312, 40.33979996867737], [115.74017028556939, 40.33989003957443], [115.74040570279874, 40.339892603781195], [115.74040737814761, 40.33980253287603], [115.74076050357891, 40.33980637827588], [115.74076217845084, 40.33971630735708], [115.74111530348075, 40.33972015166705], [115.74111697787575, 40.3396300807346], [115.7413523942872, 40.33963264300105], [115.74134569791362, 40.33999292675446], [115.74122798907828, 40.33999164566488], [115.74122464053323, 40.340171787524696], [115.74110693139251, 40.34017050630726], [115.7411052569522, 40.34026057723089], [115.74098754766257, 40.340259295889666], [115.7409774999233, 40.34079972137646], [115.74085978970243, 40.34079843989114], [115.74085644008264, 40.34097858170023], [115.74073872955641, 40.34097730008704], [115.74073705457872, 40.341067370985336], [115.74061934390353, 40.34106608924834], [115.74061431845573, 40.34133630192226], [115.7404966073187, 40.341335020053336], [115.74049325666941, 40.341515161820524], [115.740375545227, 40.341513879823715], [115.74035376323565, 40.34268480111484], [115.74047147671226, 40.342686083164395], [115.74045974851398, 40.34331657917009], [115.74057746309354, 40.343317861128284], [115.7405741124247, 40.34349800283913], [115.7406918273248, 40.343499284685684], [115.74068847693873, 40.34367942639878], [115.74080619215935, 40.34368070813368], [115.74080284205601, 40.34386084984904], [115.74092055759719, 40.343862131472285], [115.74091720777662, 40.3440422731899], [115.74103492363831, 40.34404355470149], [115.74102487493424, 40.3445839798435], [115.74114259174246, 40.344585261259674], [115.741139242427, 40.344765402970076], [115.74102152530577, 40.34476412154579], [115.74100645160371, 40.34557475913358], [115.74112417013346, 40.34557604059436], [115.74112249539638, 40.34566611143417], [115.7412402140902, 40.345667392779234], [115.74123853950208, 40.34575746362166], [115.74147397722537, 40.34576002596057], [115.74147230294271, 40.34585009680963], [115.74194317910595, 40.345855220066404], [115.74194485276254, 40.34576514920113], [115.74218029057644, 40.34576771010277], [115.74218196391249, 40.34567763922793], [115.74241740144357, 40.34568019964237], [115.74241907445908, 40.34559012875796], [115.74265451170731, 40.345592688685215], [115.74265618440225, 40.34550261779123], [115.74289162136768, 40.34550517723129], [115.74289329374206, 40.34541510632775], [115.74301101207956, 40.34541638586408], [115.74301268428991, 40.345326314955024], [115.74313040247847, 40.34532759436752], [115.74313207452477, 40.34523752345294], [115.74324979256438, 40.34523880274162], [115.74325146444662, 40.34514873182153], [115.74372233605442, 40.34515384776235], [115.7437240073031, 40.3450637768246], [115.74454803181148, 40.345072725081515], [115.7445463616583, 40.34516279604758], [115.74525266961258, 40.34517046133529], [115.74525100039091, 40.345260532324154], [115.74572187313704, 40.34526564013671], [115.74572020453384, 40.34535571114028], [115.74642651481788, 40.3453633692902], [115.74642484714617, 40.34545344031655], [115.74677800285924, 40.34545726778669], [115.74677967006146, 40.345367196748235], [115.74701510692812, 40.345369747788055], [115.7470167738098, 40.34527967674006], [115.7471344920979, 40.34528095207627], [115.74713615881555, 40.34519088102277], [115.74725387695466, 40.345192156235186], [115.74725554350829, 40.345102085176194], [115.74737326149844, 40.345103360264794], [115.74737492788802, 40.34501328920029], [115.74761036357785, 40.345015839010124], [115.74761202964694, 40.34492576793608], [115.7478474650538, 40.34492831725876], [115.74784579929772, 40.34501838834086], [115.74796351716894, 40.345019662826566], [115.74796185156184, 40.345109733911244], [115.74807956959708, 40.34511100828122], [115.74807790413898, 40.34520107936846], [115.7481956223382, 40.3452023536227], [115.74819229171248, 40.34538249580086], [115.74831001023223, 40.345383769943396], [115.74830834506461, 40.34547384103431], [115.7484260637484, 40.3454751150611], [115.74842439872975, 40.34556518615458], [115.74854211757756, 40.345566460065626], [115.74854045270791, 40.34565653116169], [115.74865817171974, 40.345657804957], [115.7486565069991, 40.34574787605561], [115.74877422617493, 40.345749149735184], [115.74877256160329, 40.34583922083637], [115.7490080002905, 40.34584176784424], [115.74900633602437, 40.34593183895203], [115.74912405553575, 40.34593311228034], [115.7491223914186, 40.3460231833907], [115.749240111094, 40.34602445660326], [115.74923844712588, 40.34611452771616], [115.74947388681218, 40.34611707379002], [115.74947222314957, 40.346207144909535], [115.74958994316052, 40.346208417770825], [115.74958827964691, 40.346298488892906], [115.74982372000431, 40.346301034264215], [115.74982039358063, 40.3464811765201], [115.75005583459411, 40.346483721428406], [115.75005417168404, 40.3465737925622], [115.75028961304054, 40.34657633699947], [115.75028795043602, 40.346666408139846], [115.75040567128202, 40.34666768018285], [115.75040400882652, 40.34675775132579], [115.75052172983654, 40.346759023253036], [115.75052006753005, 40.34684909439854], [115.75063778870408, 40.34685036621002], [115.75063612654661, 40.34694043735809], [115.75087156923021, 40.346942980629784], [115.75086990737829, 40.347033051784436], [115.75110535040494, 40.34703559458505], [115.75110368885854, 40.3471256657463], [115.75145685392425, 40.34712947906093], [115.7514535317481, 40.34730962140316], [115.75157125376471, 40.34731089227653], [115.75156793187162, 40.34749103462095], [115.75168565420874, 40.34749230538259], [115.75167901095877, 40.34785259006996], [115.75156128799553, 40.347851319292246], [115.75155796601254, 40.348031461619094], [115.75167568928883, 40.34803273240486], [115.75167402844261, 40.348122803570114], [115.7519094753307, 40.34812534479032], [115.75190781479009, 40.348215415962166], [115.75237870928228, 40.348220496981256], [115.7523803691968, 40.348130425793336], [115.75249809268206, 40.34813169574463], [115.7525014121756, 40.347951553356374], [115.75261913535527, 40.34795282317983], [115.75263075225122, 40.34732232474667], [115.75274847434271, 40.34732359442223], [115.75275013371282, 40.347233523207606], [115.75286785565528, 40.34723479275936], [115.75286951486137, 40.34714472153927], [115.75310495845568, 40.3471472602754], [115.75310661734126, 40.3470571890458], [115.75393066906148, 40.34706607082104], [115.75393232684392, 40.34697599956187], [115.75416776994683, 40.346978536125896], [115.75416942740877, 40.34688846485723], [115.75440487022856, 40.34689100093411], [115.75440321307967, 40.346981072210795], [115.75487409943499, 40.34698614294323], [115.75487575595781, 40.34689607165049], [115.75499347740882, 40.346897339030136], [115.75499513376765, 40.346807267731926], [115.75523057637902, 40.346809802123865], [115.75523223241733, 40.346719730816154], [115.7553499535777, 40.34672099782844], [115.75535326531892, 40.34654085520064], [115.75547098617373, 40.34654212208511], [115.75547264187661, 40.346452050765016], [115.7557080832956, 40.346454584166636], [115.75570973867801, 40.34636451283705], [115.75582745924218, 40.34636577935418], [115.75582911446058, 40.346275708019114], [115.7559468348757, 40.34627697441246], [115.75594848993013, 40.34618690307192], [115.75618393046979, 40.34618943549127], [115.75618723993017, 40.34600929278979], [115.75630495989816, 40.34601055881178], [115.75630661446067, 40.345920487454826], [115.75642433427961, 40.34592175335304], [115.75642764306917, 40.34574161062674], [115.75654536258254, 40.34574287639716], [115.7565503252414, 40.34547266228471], [115.75666804429274, 40.345473927923344], [115.75666969834091, 40.345383856545595], [115.7567874172432, 40.34538512206044], [115.75679072500417, 40.34520497929255], [115.7569084436009, 40.345206244679616], [115.75691836576576, 40.344665816316756], [115.75703608343089, 40.344667081560026], [115.75703773694245, 40.34457701015709], [115.75692001943378, 40.34457574491784], [115.75692663403129, 40.34421545930747], [115.75680891715609, 40.344214193964476], [115.75681387849541, 40.34394397975335], [115.75669616209716, 40.34394271430259], [115.75670112383882, 40.34367250009032], [115.75681883976759, 40.34367376552907], [115.75682049351005, 40.34358369411805], [115.75705592507698, 40.34358622462824], [115.75705427164752, 40.34367629604726], [115.75846686355337, 40.34369146909601], [115.7584685151049, 40.34360139762895], [115.75870394688056, 40.343603924785675], [115.7587055981117, 40.34351385330915], [115.75894102960416, 40.34351637997881], [115.75894268051483, 40.34342630849282], [115.75906039611574, 40.343427571644014], [115.7590620468625, 40.343337500152565], [115.75917976231436, 40.343338763179986], [115.75918306347255, 40.343158620184724], [115.75930077861888, 40.34315988308438], [115.7592991282, 40.34324995458674], [115.75941684351025, 40.34325121737064], [115.75941849377263, 40.34316114586427], [115.75977163927863, 40.34316493348537], [115.7597732890641, 40.343074861965555], [115.76012643416759, 40.34307864849678], [115.76012478485157, 40.34316872002857], [115.76047793049148, 40.343172505493904], [115.76047628163751, 40.34326257703623], [115.7605939970222, 40.343263838622455], [115.76058740215791, 40.343624124793074], [115.7608228342015, 40.34362664763819], [115.76081953735073, 40.34380679073069], [115.76117268641086, 40.34381057412408], [115.76117433437048, 40.34372050256659], [115.76129205058224, 40.343721763454184], [115.76129534616618, 40.34354162032682], [115.76153077798601, 40.34354414172677], [115.76153242545385, 40.34345407015291], [115.76165014121842, 40.34345533066924], [115.76165178852234, 40.34336525908993], [115.76176950413783, 40.34336651948251], [115.76177444553552, 40.34309630472385], [115.761892160689, 40.34309756498469], [115.761895454604, 40.342917421796955], [115.76213088430725, 40.342919941943386], [115.76213417756657, 40.342739798733845], [115.76236960667359, 40.34274231838527], [115.76237125297914, 40.342652246770335], [115.7624889673873, 40.34265350641241], [115.76249061352893, 40.34256343479201], [115.76260832778803, 40.34256469431034], [115.7626132656989, 40.34229447942844], [115.76249555190928, 40.34229321992207], [115.7625004902228, 40.34202300503895], [115.762618203543, 40.34202426453336], [115.76262149540193, 40.34184412126268], [115.76273920841658, 40.34184538062935], [115.76274249993284, 40.341665237344834], [115.76286021264195, 40.341666496583784], [115.76286514939125, 40.341396281634076], [115.76298286163835, 40.341397540741305], [115.76298450705012, 40.3413074690845], [115.76310221914818, 40.341308728067986], [115.76309892863014, 40.34148887138811], [115.76415834066306, 40.34150019692211], [115.76415998451748, 40.34141012522694], [115.7642776968462, 40.341411383016826], [115.7642793405367, 40.3413213113162], [115.76439705271635, 40.34132256898235], [115.76438883497195, 40.34177292749076], [115.76450654794144, 40.34177418505706], [115.76450326110474, 40.34195432845816], [115.7647386876918, 40.3419568432474], [115.7647370445753, 40.34204691495371], [115.76485475803644, 40.342048172172674], [115.76485311506902, 40.3421382438815], [115.7650885423265, 40.342140757968096], [115.76508525699533, 40.34232090139728], [115.76520297094817, 40.34232215826889], [115.76519475827304, 40.342772516836156], [115.76531247301571, 40.342773773607895], [115.76530754579119, 40.343043988742636], [115.76542526101075, 40.34304524540654], [115.76542361874424, 40.34313531711916], [115.76554133412768, 40.34313657366729], [115.76553804988546, 40.34331671709612], [115.76565576558927, 40.34331797353243], [115.76565083963987, 40.34358818867664], [115.76588627200871, 40.34359070121381], [115.76588463032374, 40.34368077293358], [115.76600234667578, 40.3436820290265], [115.7660007051399, 40.34377210074877], [115.76611842165582, 40.34377335672589], [115.76611678026906, 40.34386342845069], [115.76623449694888, 40.34386468431201], [115.7662328557112, 40.34395475603932], [115.76646828940605, 40.343957267410616], [115.76646664847398, 40.344047339144396], [115.766584365489, 40.34404859465437], [115.76658272470603, 40.344138666390684], [115.76670044188495, 40.34413992178485], [115.76669880125105, 40.34422999352366], [115.76658108391563, 40.344228738125516], [115.76657944311782, 40.34431880985888], [115.76646172563328, 40.344317554336996], [115.76646008467158, 40.344407626064935], [115.76634236703794, 40.3444063704193], [115.76634072591233, 40.3444964421418], [115.7657521370727, 40.344490162097166], [115.76575049515719, 40.34458023379833], [115.76563277725498, 40.34457897742612], [115.76563113517554, 40.34466904912185], [115.76551341712421, 40.344667792625884], [115.76551177488089, 40.34475786431616], [115.7648054657896, 40.34475032280129], [115.76480382259984, 40.34484039446624], [115.76468610428739, 40.344839137123905], [115.76468281757259, 40.345019280441456], [115.76456509895455, 40.3450180229714], [115.76456345542951, 40.345108094624], [115.76444573666238, 40.345106837030194], [115.76444409297343, 40.34519690867734], [115.7643263740572, 40.34519565095977], [115.76432473020431, 40.345285722601496], [115.764207011139, 40.34528446476017], [115.7642004350273, 40.34564475129647], [115.76431815471867, 40.345646009153725], [115.76429185158956, 40.34708715512862], [115.7644095737926, 40.347088412929786], [115.76440792994052, 40.34717848454476], [115.7645256523075, 40.34717974223013], [115.76452400860452, 40.34726981384764], [115.76464173113543, 40.347271071417204], [115.76464008758157, 40.34736114303722], [115.76487553297869, 40.34736365782497], [115.76487388973047, 40.34745372945149], [115.76510933547027, 40.34745624376806], [115.76510769252768, 40.34754631540107], [115.76522541556524, 40.347547572383654], [115.76521884434689, 40.347907858916976], [115.76510112068321, 40.347906601918474], [115.76509454872014, 40.34826688841246], [115.76521227300994, 40.348268145426886], [115.76521063015718, 40.348358217050716], [115.7653283546109, 40.34835947394933], [115.76532342647776, 40.34862968882394], [115.76544115140848, 40.3486309456147], [115.76543950883914, 40.348721017240635], [115.76579268414542, 40.348724786906104], [115.76579104203827, 40.34881485854251], [115.76614421788084, 40.3488186271418], [115.7661425762359, 40.34890869878866], [115.7662603016881, 40.34890995475282], [115.7662586601923, 40.3490000264022], [115.76684728834702, 40.349006304446036], [115.76684564762652, 40.34909637611382], [115.76766972844976, 40.349105160371785], [115.76766808881762, 40.34919523206591], [115.76790354086106, 40.349197740783715], [115.7679019015346, 40.34928781248433], [115.76813735392071, 40.34929032073093], [115.76813571489993, 40.349380392438], [115.76848889400415, 40.34938415392134], [115.7684872554456, 40.34947422563887], [115.7687227085318, 40.34947673270341], [115.76872107027894, 40.34956680442741], [115.76883879698968, 40.349568057783955], [115.76883715888596, 40.34965812951045], [115.76895488576062, 40.34965938275117], [115.76895324780608, 40.34974945448019], [115.76907097484468, 40.349750707605075], [115.76907261264269, 40.34966063587211], [115.76919033953213, 40.34966188887324], [115.7691870642418, 40.349842032345656], [115.76954024589371, 40.34984579065409], [115.76953860870711, 40.349935862399995], [115.76965633609572, 40.34993711493386], [115.7696546990583, 40.35002718668226], [115.77012560931279, 40.350032195635585], [115.77012397289415, 40.35012226739839], [115.77024170063278, 40.350123519341196], [115.77024006436332, 40.3502135911065], [115.7704755201758, 40.35021609464064], [115.77047388421205, 40.35030616641241], [115.77059161228591, 40.35030741800375], [115.77058997647131, 40.350397489778025], [115.77082543295431, 40.35039999260923], [115.77082379744543, 40.35049006438995], [115.77105925427101, 40.3504925667499], [115.77105761906788, 40.350582638537084], [115.77117534764828, 40.35058388954132], [115.77117371259433, 40.350673961331], [115.77129144133865, 40.3506752122194], [115.77128980643387, 40.35076528401158], [115.77152526425776, 40.35076778543691], [115.7715236296587, 40.35085785723553], [115.7718768169195, 40.3508616084869], [115.77187518278275, 40.35095168029594], [115.77246382914763, 40.35095793000536], [115.77246219578626, 40.35104800183272], [115.7730508431181, 40.351054248566925], [115.77305247569672, 40.350964176719785], [115.77481841644834, 40.35098289889314], [115.77481678621807, 40.351072970799535], [115.77587635287244, 40.351084191200684], [115.77587798169371, 40.350994119258765], [115.7763488997716, 40.35099910297314], [115.7763505279593, 40.350909031014005], [115.7764682573406, 40.35091027663915], [115.7764747693917, 40.3505499887722], [115.7762393118889, 40.35054749743364], [115.77623768357402, 40.35063756939469], [115.77600222578752, 40.350635077569045], [115.77600385441548, 40.350545005615885], [115.77588612568978, 40.35054375952732], [115.77588775446695, 40.350453687576646], [115.77577002590517, 40.35045244137222], [115.77577165483154, 40.350362369424026], [115.77565392643366, 40.350361123103745], [115.77565718457747, 40.35018097921086], [115.77553945650001, 40.35017973277868], [115.77554108571745, 40.35008966083399], [115.77518790199889, 40.35008592083048], [115.7751895316786, 40.34999584889617], [115.77495407621609, 40.34999335496943], [115.77495570620155, 40.34990328304155], [115.77519116135097, 40.349905776960405], [115.77519279101601, 40.34981570502317], [115.7753105184452, 40.34981695179896], [115.77530888893673, 40.34990702374015], [115.77566207173807, 40.34991076336058], [115.7756637007769, 40.34982069140756], [115.77578142823549, 40.349821937704164], [115.77577979935322, 40.349912009661146], [115.77613298224273, 40.34991574784403], [115.77613461065539, 40.34982567587523], [115.77660552065139, 40.34983065842618], [115.77660389286493, 40.34992073041075], [115.7768393482201, 40.349923220975334], [115.7768377207394, 40.350013292966324], [115.77707317643703, 40.350015783059604], [115.77707480360462, 40.349925711060735], [115.77742798673648, 40.349929445290364], [115.7774263600385, 40.35001951730106], [115.7788390951047, 40.35003444348522], [115.77883747027799, 40.35012451554169], [115.77907292653812, 40.350127001569774], [115.77907455105174, 40.35003692950543], [115.77919227903622, 40.35003817233584], [115.77919065467917, 40.35012824440412], [115.77930838282755, 40.35012948711866], [115.7793067586197, 40.35021955918942], [115.77954221525154, 40.350222044266985], [115.77954059134944, 40.350312116344135], [115.7796583198329, 40.350313358707155], [115.77965669608008, 40.35040343078677], [115.77989215338205, 40.35040591516129], [115.77989052993499, 40.350495987247314], [115.78000825875353, 40.350497229258806], [115.78000663545569, 40.35058730134728], [115.7801243644381, 40.35058854324293], [115.78012274128949, 40.35067861533388], [115.78024047043577, 40.35067985711363], [115.78023560141568, 40.350950073389534], [115.78035333103895, 40.35095131506128], [115.78035170817418, 40.35104138715426], [115.78023397839435, 40.35104014547859], [115.78023073232968, 40.35122028965229], [115.78034846242262, 40.35122153133583], [115.78035008530205, 40.351131459245785], [115.78046781524577, 40.35113270080558], [115.78046619252291, 40.35122277289956], [115.78058392263048, 40.3512240143435], [115.78058230005688, 40.35131408643995], [115.7808177606071, 40.35131656897626], [115.78081613833929, 40.351406641079116], [115.78105159923193, 40.35140912314407], [115.7810499772699, 40.351499195253325], [115.78116770788375, 40.35150043611003], [115.78116608607098, 40.35159050822174], [115.78128381684871, 40.35159174896257], [115.78128219518517, 40.35168182107675], [115.78139992612677, 40.3516830617017], [115.78139344002572, 40.35204335015949], [115.7815111716009, 40.35204459068035], [115.78150792881962, 40.35222473490833], [115.7812724650503, 40.352222253731114], [115.78127408675775, 40.35213218162569], [115.78115635504062, 40.3521309408613], [115.78115797689729, 40.352040868758365], [115.78092251379813, 40.352038386878014], [115.78092413596063, 40.351948314781474], [115.7808064045786, 40.35194707366553], [115.78080802689036, 40.35185700157143], [115.78045483325783, 40.35185327751653], [115.78045645603194, 40.35176320543279], [115.78080964919477, 40.3517669294759], [115.78081451606414, 40.351496713180495], [115.78069678547223, 40.35149547196439], [115.7806951630332, 40.351585544060384], [115.78045970155821, 40.35158306126088], [115.78045807879876, 40.35167313334756], [115.78034034791568, 40.351671891764184], [115.78033872499232, 40.351761963845476], [115.77986780090701, 40.351756996298185], [115.7798661773501, 40.35184706836228], [115.77974844619052, 40.35184582617202], [115.77974519874155, 40.35202597028797], [115.77950973581811, 40.35202348553229], [115.77949999141663, 40.352563917797916], [115.77961772381411, 40.35256516025924], [115.77961285198415, 40.352835376384114], [115.77973058485867, 40.352836618737435], [115.77972896105726, 40.352926690780066], [115.77996442714138, 40.35292917513515], [115.77996280364579, 40.353019247184186], [115.78008053685541, 40.353020489185944], [115.7800789135091, 40.35311056123745], [115.78031438026342, 40.353113044889405], [115.7803127572229, 40.353203116947306], [115.78054822431969, 40.35320560012787], [115.78054660158502, 40.353295672192175], [115.78066433530095, 40.353296913606684], [115.78066271271554, 40.353386985673446], [115.781015914377, 40.35339070920986], [115.78101429225399, 40.353480781286954], [115.78160296261899, 40.35348698480442], [115.78160134127155, 40.35357705689969], [115.7818368097819, 40.35357953747584], [115.7818384308162, 40.35348946537271], [115.78195616492577, 40.35349070547716], [115.78195778579617, 40.35340063336865], [115.78207551975649, 40.353401873349355], [115.78207389904266, 40.353491945461776], [115.78230936729837, 40.35349442507158], [115.78230774689038, 40.353584497190404], [115.78242548118575, 40.35358573681952], [115.78242386092705, 40.3536758089408], [115.78254159538632, 40.353677048454024], [115.78254321548846, 40.35358697632882], [115.7827786841158, 40.35358945498798], [115.78277706432681, 40.35367952712103], [115.78301253329653, 40.353682005308784], [115.78301415277235, 40.3535919331679], [115.7831318871116, 40.353593172078135], [115.78313026779236, 40.35368324422295], [115.78324800229547, 40.353684483017304], [115.78324476394822, 40.35386462731038], [115.7833624987718, 40.35386586599276], [115.7833592607085, 40.35404601028785], [115.78347699585254, 40.354047248858244], [115.78347375807317, 40.35422739315532], [115.78359149353768, 40.35422863161375], [115.78358825604228, 40.35440877591282], [115.78394146341914, 40.354412490592736], [115.78393984513025, 40.35450256275183], [115.7840575810937, 40.35450380074277], [115.7840559629541, 40.35459387290434], [115.78417369908145, 40.35459511077936], [115.78417208109113, 40.35468518294338], [115.78440755368091, 40.35468765834182], [115.78440431830471, 40.354867802681134], [115.78452205492371, 40.35486904020847], [115.78452043738123, 40.354959112379845], [115.78463817416416, 40.35496034979127], [115.78463655677096, 40.35505042196512], [115.78475429371775, 40.355051659260646], [115.78475267647389, 40.35514173143694], [115.78487041358457, 40.35514296861657], [115.78486879648996, 40.35523304079531], [115.7851042710464, 40.355235514802935], [115.78510265425767, 40.355325586988045], [115.78522039170343, 40.35532682381605], [115.78521877506402, 40.355416896003625], [115.78533651267364, 40.35541813271572], [115.78533327968614, 40.35559827709431], [115.78545101761625, 40.3555995136944], [115.78544940126817, 40.35568958588543], [115.78556713936216, 40.355690822369624], [115.78556552316336, 40.35578089456308], [115.7858009996864, 40.35578336717983], [115.78579938379352, 40.35587343937967], [115.78591712222257, 40.355874675512226], [115.78591550647899, 40.355964747714516], [115.78615098367214, 40.355967219627985], [115.78614936823448, 40.356057291836635], [115.78638484576997, 40.35605976327862], [115.7863832306382, 40.35614983549363], [115.7865009695735, 40.356151071038816], [115.78649773960129, 40.35633121547228], [115.78661547885706, 40.356332450905455], [115.78661224916894, 40.35651259534089], [115.78672998874518, 40.35651383066205], [115.78672837404677, 40.356603902881496], [115.78696385353435, 40.35660637317218], [115.78696223914189, 40.356696445397965], [115.78719771897177, 40.35669891521717], [115.78719610488524, 40.35678898744931], [115.78743158505745, 40.356791456797026], [115.78742997127684, 40.35688152903554], [115.78778319205959, 40.35688523217013], [115.78778157874149, 40.35697530441889], [115.78813480005957, 40.35697900648675], [115.78813318720404, 40.35706907874577], [115.78836866843235, 40.35707154619969], [115.78836705588273, 40.35716161846507], [115.78919124150718, 40.35717025080655], [115.78918963004656, 40.357260323097776], [115.78966059404691, 40.357265253243725], [115.78965898320544, 40.3573553255491], [115.78977672438032, 40.35735655778991], [115.78977350298877, 40.35753670240409], [115.79000898598674, 40.357539166541834], [115.7900073755933, 40.35762923885453], [115.79012511725978, 40.35763047074755], [115.7901235070157, 40.35772054306269], [115.79118318375046, 40.35773162474264], [115.7911815749086, 40.35782169709138], [115.79141705902055, 40.35782415837659], [115.79141545048465, 40.35791423073166], [115.7915331927081, 40.35791546119842], [115.79153480108738, 40.35782538883944], [115.79188802733142, 40.35782907950901], [115.79188641942201, 40.35791915187966], [115.79212190393422, 40.35792161173468], [115.79212029633076, 40.35801168411165], [115.79223803875436, 40.358012913863305], [115.79223643130027, 40.35810298624272], [115.79235417388773, 40.358104215878434], [115.792352566583, 40.358194288260265], [115.79258805209291, 40.358196747179974], [115.79258644509414, 40.35828681956813], [115.79270418801661, 40.35828804885213], [115.79270258116723, 40.35837812124273], [115.79317355355595, 40.35838303719595], [115.79317515977888, 40.35829296478978], [115.79341064570349, 40.35829542203961], [115.79341225160593, 40.35820534962422], [115.79364773724629, 40.358207806386936], [115.79364934282825, 40.358117733962324], [115.79482676989839, 40.358130010547086], [115.79482516588261, 40.35822008301056], [115.79553162341178, 40.35822744323274], [115.79553322648788, 40.35813737074597], [115.79588645488025, 40.35814104922767], [115.79588805747926, 40.35805097672779], [115.7961235427971, 40.35805342844199], [115.79612514507568, 40.357963355932895], [115.79624288758882, 40.357964581606375], [115.79624448970353, 40.35787450909194], [115.79647997443828, 40.357876960071636], [115.79648157623254, 40.35778688754798], [115.79683480291902, 40.35779056310716], [115.7968332015946, 40.357880635642445], [115.7973041712375, 40.35788553472587], [115.79730257053232, 40.35797560727521], [115.7974203131177, 40.35797683175037], [115.79741871256192, 40.35806690430211], [115.79753645531113, 40.3580681286613], [115.79753485490474, 40.35815820121548], [115.79765259781782, 40.3581594254587], [115.79764139586723, 40.358789933324104], [115.79740590785566, 40.358787484663544], [115.7974043072349, 40.358877557202156], [115.79728656308332, 40.35887633268825], [115.79728976463088, 40.358696187617326], [115.79681878934974, 40.35869128839435], [115.79681718795308, 40.358781360915025], [115.79669944399424, 40.358780135805816], [115.79669784243374, 40.358870208321164], [115.79658009832549, 40.358868983088236], [115.79657369138471, 40.35922927311953], [115.7969269256106, 40.35923294850534], [115.79692852688676, 40.35914287598807], [115.79739950532924, 40.35914777480923], [115.79740110597169, 40.359057702274995], [115.79775433940948, 40.35906137512095], [115.79775273923693, 40.359151447666804], [115.79787048388725, 40.359152671713], [115.79786728383371, 40.359332816808084], [115.79798502880452, 40.359334040742176], [115.79798342892353, 40.35942411329139], [115.79810117405819, 40.35942533710953], [115.79809477508866, 40.35978562730732], [115.79821252085702, 40.35978685102109], [115.7982093216422, 40.35996699611897], [115.79832706773105, 40.359968219720656], [115.79832386880065, 40.36014836482045], [115.79844161520998, 40.360149588310044], [115.79844001589058, 40.36023966086162], [115.79867550904416, 40.36024210748903], [115.7986739100308, 40.36033218004689], [115.79879165677505, 40.36033340318469], [115.79879005791113, 40.36042347574497], [115.79890780481921, 40.360424698766806], [115.79890620610472, 40.360514771329484], [115.79902395317664, 40.36051599423536], [115.79902235461157, 40.36060606680044], [115.79914010184734, 40.36060728959033], [115.7991385034317, 40.36069736215784], [115.79972724050198, 40.360703474329], [115.79972564286228, 40.36079354691438], [115.80007888566087, 40.360797212790544], [115.80007728848392, 40.36088728538607], [115.8001950362545, 40.36088850710897], [115.80019343922694, 40.36097857970691], [115.80042893510299, 40.3609810228009], [115.80042733838151, 40.361071095405116], [115.80066283459965, 40.36107353802745], [115.80066123818428, 40.361163610637924], [115.8008967347445, 40.36116605278861], [115.80089513863518, 40.361256125405376], [115.80101288708276, 40.36125734630481], [115.80101129112289, 40.361347418923955], [115.80124678835288, 40.361349860371035], [115.8012451926991, 40.36143993299645], [115.80136294148156, 40.36144115354408], [115.80135336834758, 40.361981589289144], [115.80123561862526, 40.36198036871834], [115.80123242720973, 40.3621605139473], [115.80135017724534, 40.362161734525834], [115.80134858168341, 40.36225180714197], [115.80146633188288, 40.36225302760452], [115.80146314105073, 40.36243317284016], [115.80158089157071, 40.36243439319057], [115.80157610573848, 40.362704611044684], [115.80169385673558, 40.362705831286824], [115.8016906664581, 40.36288597652332], [115.8018084177757, 40.36288719665335], [115.80180682278282, 40.362977269273266], [115.80192457426429, 40.36297848928729], [115.80192297942087, 40.363068561909614], [115.80204073106619, 40.363069781807646], [115.8020391363722, 40.36315985443237], [115.80227463999776, 40.36316229387659], [115.8022730456099, 40.36325236650758], [115.80250854957752, 40.363254805480096], [115.80250695549582, 40.363344878117346], [115.80344897290716, 40.36335462924407], [115.80344738007155, 40.363444701910716], [115.80356513243697, 40.36344592026607], [115.80356353975081, 40.363535992935105], [115.80368129228007, 40.36353721117446], [115.80367969974337, 40.3636272838459], [115.8039152051368, 40.36362971997273], [115.80391361290624, 40.36371979265042], [115.80403136577038, 40.3637210105379], [115.80402977368932, 40.363811083217996], [115.80426527975247, 40.36381351864108], [115.80426209619543, 40.3639936640123], [115.80449760291398, 40.363996098971384], [115.80449441995488, 40.36417624435217], [115.80461217363822, 40.36417746165964], [115.80460739961572, 40.36444767973142], [115.80472515377629, 40.364448896930575], [115.80472197137202, 40.364629042312174], [115.80483972585311, 40.36463025939918], [115.80483654373349, 40.36481040478265], [115.80495429853508, 40.36481162175749], [115.80495270762117, 40.364901694450886], [115.80507046258661, 40.36490291130972], [115.80506887182219, 40.364992984005504], [115.80530438208795, 40.364995417371276], [115.805305972539, 40.36490534466778], [115.80554148252011, 40.3649077775464], [115.80554307265065, 40.36481770483376], [115.8056608274953, 40.36481892108942], [115.80565764754037, 40.364999066520966], [115.80577540270554, 40.36500028266447], [115.80577381287398, 40.3650903553819], [115.80565605755216, 40.36508913923455], [115.80565446755674, 40.36517921194666], [115.80577222303525, 40.365180428097865], [115.80577063318937, 40.36527050081237], [115.80565287755418, 40.36526928465732], [115.80565128754444, 40.365359357366536], [115.80541577598225, 40.36535692468914], [115.80541418565198, 40.365446997389185], [115.80553194158618, 40.365448213791666], [115.8055303514054, 40.3655382864941], [115.80541259531455, 40.36553707008777], [115.80541100496993, 40.365627142784895], [115.80599978627933, 40.36563322363712], [115.80599819671092, 40.36572329635203], [115.806586978983, 40.365729374226845], [115.806588567768, 40.365639301492706], [115.80694183674726, 40.36564294676766], [115.80694342505507, 40.365552874020516], [115.80741444983433, 40.36555773269362], [115.80741603750826, 40.36546765992964], [115.80988891618836, 40.365493136418024], [115.80988733180463, 40.36558320926263], [115.81177143446968, 40.365602584501495], [115.81177301634654, 40.36551251159556], [115.81189077266713, 40.3655137215253], [115.81189235438018, 40.36542364861408], [115.81201011055123, 40.36542485842013], [115.81201169210047, 40.36533478550362], [115.81212944812195, 40.36533599518595], [115.81213102950741, 40.365245922264165], [115.81224878537937, 40.365247131822805], [115.812250366601, 40.36515705889573], [115.81236812232339, 40.365158268330696], [115.81236970338122, 40.36506819539834], [115.8124874589541, 40.365069404709594], [115.81248903984812, 40.36497933177193], [115.8127245507019, 40.36498175002722], [115.81272613127543, 40.36489167708045], [115.81319715244189, 40.36489651213735], [115.8131987323816, 40.36480643917384], [115.81355199786127, 40.36481006419647], [115.81354252093621, 40.36535050202459], [115.8136602770504, 40.36535171014867], [115.81365711833175, 40.365531856087365], [115.81377487476641, 40.36553306409924], [115.81376539937948, 40.36607350190322], [115.81388315676135, 40.36607470981817], [115.81387841944175, 40.36634492871194], [115.81399617730081, 40.36634613651849], [115.81399459833669, 40.36643620948398], [115.81411235635957, 40.366437417174474], [115.81410761989459, 40.366707636073684], [115.81422537839465, 40.366708843655765], [115.81422379971542, 40.366798916623075], [115.81434155837928, 40.36680012408911], [115.81433997984962, 40.366890197058794], [115.81469325635399, 40.36689381874914], [115.8146916782873, 40.36698389172881], [115.8150449553258, 40.36698751235177], [115.81504337772205, 40.367077585341434], [115.8153966552947, 40.36708120489699], [115.8153950781539, 40.36717127789667], [115.81574835626066, 40.36717489638481], [115.81574677958282, 40.367264969394476], [115.81586453912264, 40.36726617532126], [115.81586296259438, 40.36735624833328], [115.8160984820088, 40.36735865983485], [115.81609690578681, 40.36744873285306], [115.81645018543183, 40.36745234921783], [115.81644860967282, 40.367542422246004], [115.81680188985189, 40.36754603754333], [115.81680031455585, 40.36763611058149], [115.81703583502417, 40.36763852018795], [115.81703426003445, 40.36772859323229], [115.81762306211304, 40.367734615169695], [115.81762148789966, 40.36782468823162], [115.81785700909424, 40.36782709617506], [115.81785543518714, 40.36791716924317], [115.81797319595178, 40.36791837303888], [115.8179700484297, 40.368098519178325], [115.81844109281282, 40.368103333192884], [115.81843951966793, 40.36819340627565], [115.81855728093815, 40.36819460948341], [115.81854941589079, 40.368644974894416], [115.81878494001955, 40.368647380988364], [115.81878336730217, 40.36873745407381], [115.81890112953391, 40.368738656944764], [115.81889955696616, 40.36882873003256], [115.81901731936169, 40.36882993278745], [115.81901574694355, 40.368920005877584], [115.81913350950288, 40.3689212085164], [115.81913193723435, 40.36901128160888], [115.81948522542501, 40.36901488881744], [115.81948994079895, 40.36874466950135], [115.81937217853176, 40.3687434672298], [115.81937532239233, 40.36856332101941], [115.81996413223217, 40.368569331140336], [115.81996256108896, 40.368659404265294], [115.82008032323489, 40.36866060593364], [115.82007718124058, 40.368840752186784], [115.82019494370701, 40.36884195374286], [115.82019023113253, 40.36911217312302], [115.82030799407617, 40.369113374570624], [115.82030171117113, 40.36947366707232], [115.81983065693173, 40.36946886050178], [115.81983222829545, 40.36937878739375], [115.81971446491004, 40.369377585455204], [115.8197160364234, 40.36928751234954], [115.81948050998724, 40.3692851081204], [115.81947893816047, 40.369375181218466], [115.81924341143929, 40.3693727765022], [115.81924183929199, 40.36946284959121], [115.81912407578534, 40.36946164704944], [115.81912250347423, 40.369551720133174], [115.81900473981796, 40.36955051746772], [115.81900631228575, 40.36946044438779], [115.81865302182959, 40.36945683568355], [115.81865459476043, 40.36936676261357], [115.81841906813855, 40.36936435621894], [115.81842064137571, 40.369274283155136], [115.81830287823213, 40.36927307978179], [115.8183044516189, 40.36918300672033], [115.81818668863912, 40.369181803230916], [115.8181882621755, 40.36909173017181], [115.81618629527019, 40.36907125257466], [115.8161847190698, 40.369161325568975], [115.81536037925605, 40.369152883520414], [115.8153619565534, 40.369062810552826], [115.81477314339774, 40.36905677694078], [115.8147747214715, 40.36896670399084], [115.81430367170195, 40.368961874958615], [115.81430209300136, 40.36905194789327], [115.81406656784593, 40.36904953265022], [115.81406340979655, 40.3692296784999], [115.81418117268413, 40.369230886189], [115.81417959380548, 40.36932095911546], [115.81429735685688, 40.36932216668852], [115.8142957781278, 40.369412239617354], [115.81441354134304, 40.36941344707433], [115.81441196276356, 40.36950352000552], [115.81476525292214, 40.36950714166864], [115.81476367480565, 40.36959721460983], [115.81499920192708, 40.36959962846012], [115.81499762411687, 40.36968970140752], [115.81511538784497, 40.36969090815666], [115.81511381018439, 40.3697809811064], [115.81523157407632, 40.369782187739474], [115.81522999656532, 40.36987226069156], [115.81534776062107, 40.369873467208585], [115.81534618325968, 40.36996354016304], [115.81546394747927, 40.36996474656399], [115.81546079304854, 40.37014489247616], [115.81557855758868, 40.370146098764856], [115.81557698051937, 40.37023617172258], [115.81569474522331, 40.3702373778952], [115.81569159137678, 40.370417523813884], [115.81580935640129, 40.370418729874274], [115.81579831881129, 40.371049240570464], [115.81591608493996, 40.37105044653767], [115.81591450826966, 40.371140519492265], [115.81603227456215, 40.3711417253434], [115.81603069804144, 40.37123179830033], [115.81638399743179, 40.371235415145826], [115.81638242137414, 40.37132548811275], [115.81685348795436, 40.37133030891018], [115.81685191251653, 40.371420381890914], [115.81802958103178, 40.371432425530216], [115.81803115490237, 40.37134235251138], [115.81838445512528, 40.37134596325385], [115.81838288172486, 40.371436036284116], [115.818853949415, 40.37144084894416], [115.8188523766344, 40.3715309219882], [115.81908791083549, 40.371533327606485], [115.81908633836125, 40.37162340065669], [115.81920410562918, 40.371624603289796], [115.81920253330453, 40.37171467634235], [115.81955583562107, 40.37171828353373], [115.81955426375951, 40.37180835659623], [115.81978979898612, 40.37181076079863], [115.81978822743095, 40.37190083386729], [115.81990599521161, 40.371902035792445], [115.81990442380608, 40.37199210886345], [115.82061103157932, 40.37199931791946], [115.82060946110708, 40.37208939101183], [115.82108053372455, 40.372094194666474], [115.82107896387217, 40.372184267772575], [115.82119673220096, 40.3721854683903], [115.82119516249824, 40.372275541498745], [115.82131293099084, 40.37227674200037], [115.8213097918776, 40.372456888220476], [115.82142756069076, 40.37245808860982], [115.82142599128025, 40.372548161721475], [115.82154376025724, 40.372549361994714], [115.82154219099637, 40.37263943510872], [115.82177772928506, 40.37264183530309], [115.82177616033059, 40.37273190842325], [115.82201169896108, 40.37273430814562], [115.82201013031298, 40.37282438127188], [115.82212789979557, 40.37282558095703], [115.82212633129717, 40.37291565408565], [115.82224410094356, 40.37291685365469], [115.82224253259483, 40.373006926785656], [115.82236030240504, 40.37300812623859], [115.82235873420595, 40.37309819937189], [115.82247650417999, 40.37309939870871], [115.82247336807407, 40.37327954497852], [115.82259113836865, 40.37328074420304], [115.8225880025479, 40.373460890474625], [115.82270577316305, 40.37346208958683], [115.82270106984912, 40.37373230899464], [115.82258329876376, 40.37373110987105], [115.82258486669888, 40.373641036740366], [115.82246709577733, 40.37363983750066], [115.82246552768544, 40.37372991062756], [115.8223477566142, 40.373728711264164], [115.822339915265, 40.374179076857764], [115.82245768711995, 40.37418027624013], [115.82245298269575, 40.37445049559019], [115.82257075502804, 40.37445169486406], [115.82256918702923, 40.37454176798161], [115.82268695952534, 40.374542967139355], [115.82268539167623, 40.37463304025927], [115.82280316433616, 40.374634239300896], [115.82280159663672, 40.37472431242314], [115.82303714229133, 40.37472671015428], [115.82303400749824, 40.37490685640957], [115.82315178064962, 40.37490805510287], [115.82314864614175, 40.375088201359894], [115.82326641961374, 40.37508939994087], [115.8232523153891, 40.37590005805951], [115.82337009027901, 40.37590125655471], [115.8233653892138, 40.37617147591273], [115.82348316458106, 40.376172674299404], [115.82348003081577, 40.37635282053838], [115.82359780650363, 40.37635401881272], [115.82359623976713, 40.376444091933806], [115.82371401561882, 40.37644529009203], [115.82371244903203, 40.376535363215446], [115.82383022504756, 40.376536561257545], [115.82382552571508, 40.37680678063045], [115.82394330220798, 40.37680797856402], [115.82394173590647, 40.37689805168918], [115.8240595125632, 40.37689924950663], [115.82405638025249, 40.377079395760184], [115.82417415722985, 40.37708059346528], [115.82417259122064, 40.37717066659367], [115.82429036836183, 40.37717186418264], [115.82428880250235, 40.37726193731336], [115.82440657980737, 40.3772631347862], [115.82440501409761, 40.37735320791925], [115.82452279156647, 40.377354405275966], [115.82451809486511, 40.37762462467773], [115.82463587281133, 40.37762582192589], [115.82463430738687, 40.3777158950607], [115.82475208549695, 40.37771709219273], [115.82475052022218, 40.377807165329855], [115.82510385506512, 40.37781075601781], [115.82510229025365, 40.37790082916484], [115.8252200687055, 40.37790202582476], [115.82521537469904, 40.37817224526848], [115.82509759577682, 40.37817104859719], [115.82509133637554, 40.37853134115324], [115.82497355683326, 40.378530144346875], [115.82496886173783, 40.37880036373726], [115.82508664175045, 40.37880156055498], [115.82508507686131, 40.37889163368599], [115.82543841741192, 40.37889522343098], [115.82543685298606, 40.37898529657188], [115.82555463334052, 40.37898649291747], [115.8255530690644, 40.379076566060704], [115.82578863010802, 40.37907895839971], [115.82578550216175, 40.379259104696935], [115.82590328300772, 40.37926030069411], [115.82590171918079, 40.37935037384432], [115.8260195001906, 40.379351569725365], [115.82601793651341, 40.37944164287789], [115.82613571768708, 40.3794428386428], [115.8261341541596, 40.37953291179767], [115.82625193549714, 40.37953410744643], [115.82624880873462, 40.379714253759346], [115.82636659039278, 40.379715449295745], [115.82636346391564, 40.37989559561039], [115.82648124589443, 40.379896791034426], [115.82646248832069, 40.380977668845354], [115.82658027218811, 40.380978864194844], [115.8265755831064, 40.38124908362612], [115.82669336745126, 40.38125027886704], [115.82668555295805, 40.381700644575595], [115.82656776782913, 40.38169944931577], [115.82655995237555, 40.38214981496898], [115.82667773828854, 40.38215101024773], [115.82667461237135, 40.38233115650636], [115.82655682614477, 40.382329961220066], [115.82654901044434, 40.38278032682226], [115.82643122344072, 40.3827791313971], [115.82642809679756, 40.382959277620216], [115.82631030948734, 40.38295808206754], [115.8263009284476, 40.38349852067918], [115.82641871669871, 40.38349971625454], [115.82641558994268, 40.38367986245432], [115.8262978013779, 40.38367866687138], [115.8262962378325, 40.38376873996532], [115.82617844911796, 40.38376754425866], [115.82617375796887, 40.384037763520325], [115.82640933634595, 40.3840401548364], [115.82641089975571, 40.383950081743066], [115.826528688798, 40.38395127721739], [115.82653025204388, 40.38386120411884], [115.8266480409364, 40.38386239946945], [115.82664960401843, 40.38377232636562], [115.82653181528272, 40.38377113101881], [115.82653650495689, 40.38350091170996], [115.82665429322212, 40.383502107045445], [115.8266558562759, 40.38341203393579], [115.82689143251388, 40.38341442423935], [115.82688674427226, 40.383684643586605], [115.8267689556793, 40.383683448483445], [115.82676114101812, 40.38413381401414], [115.82687893039524, 40.384135009136195], [115.82687736759868, 40.38422508224175], [115.82699515713965, 40.384226277247656], [115.82699203183901, 40.38440642346193], [115.82710982170072, 40.384407618355446], [115.82710669668555, 40.384587764571464], [115.82769564766805, 40.38459373727762], [115.82769408593404, 40.384683810402336], [115.82792966669007, 40.38468619865272], [115.82791873655042, 40.38531671053787], [115.82803652803682, 40.38531790450959], [115.82803184405608, 40.385588123878414], [115.82862080394635, 40.38559409199436], [115.82861924338957, 40.38568416513326], [115.82873703554559, 40.38568535840038], [115.82873547513857, 40.38577543154162], [115.82897105978542, 40.385777817723515], [115.82896949968506, 40.38586789087084], [115.82920508467375, 40.38587027658048], [115.82920196507926, 40.38605042288586], [115.82873079387531, 40.38604565095657], [115.82873235430343, 40.38595557781969], [115.82814339124113, 40.38594961022798], [115.82814495244642, 40.38585953710855], [115.82790936758451, 40.38585714923973], [115.82791092909643, 40.38576707612641], [115.82779313683288, 40.385765882015846], [115.82779001348828, 40.38594602823349], [115.82790780606553, 40.38594722235162], [115.82789999836496, 40.38639758788913], [115.8287245520924, 40.38640594348942], [115.82872299162906, 40.38649601661899], [115.8288407852037, 40.38649720980012], [115.82883922489019, 40.38658728293203], [115.82895701862873, 40.38658847599698], [115.828955458465, 40.386678549131176], [115.82907325236742, 40.386679742079956], [115.82907169235351, 40.386769815216475], [115.82942507457356, 40.38677339335437], [115.82942039590124, 40.38704361278917], [115.8293026013503, 40.38704242018518], [115.82929324287453, 40.387582858992786], [115.82941103836659, 40.38758405161943], [115.82940947875284, 40.3876741247527], [115.8295272744088, 40.387675317263145], [115.8295210365109, 40.388035609796766], [115.82987442540325, 40.38803918665363], [115.82987910242552, 40.38776896722164], [115.82999689826646, 40.387770159256], [115.83000001593241, 40.3875900129532], [115.830235607008, 40.38759239664697], [115.83023404849224, 40.38768246980664], [115.83035184419744, 40.387683661477354], [115.83035340255634, 40.38759358831392], [115.8304711981117, 40.3875947798609], [115.83046963990965, 40.38768485302811], [115.83058743562893, 40.38768604445891], [115.83058431951744, 40.38786619079653], [115.83081991160448, 40.3878685733133], [115.83081835385192, 40.38795864648746], [115.83128953873775, 40.38796341009653], [115.83128331016698, 40.38832370283891], [115.83116551330755, 40.388322512101524], [115.8311608413351, 40.38859273163169], [115.8310430440121, 40.388591540763024], [115.83103992901493, 40.38877168710163], [115.83115772665168, 40.38877287797784], [115.8311561692994, 40.38886295114874], [115.83127396710003, 40.38886414190874], [115.8312692954717, 40.389134361423984], [115.83091590067914, 40.38913078875016], [115.83091434298504, 40.38922086190769], [115.83114993982012, 40.38922324381774], [115.83114838243273, 40.38931331698136], [115.83185517404785, 40.38932045985489], [115.83185361759463, 40.389410533039644], [115.83197141637861, 40.389411723102434], [115.83197297267495, 40.38932164991392], [115.83209077130908, 40.38932283985297], [115.8320892151696, 40.389412913045255], [115.83220701396762, 40.389414102868116], [115.832205457978, 40.38950417606272], [115.83232325693993, 40.38950536576936], [115.83232170110017, 40.38959543896627], [115.83243950022596, 40.38959662855671], [115.8324363888391, 40.389776774953674], [115.83255418828567, 40.38977796443168], [115.83254952162338, 40.39004818402748], [115.8326673215476, 40.3900493733968], [115.83266109986042, 40.39040966618585], [115.83277890041917, 40.39041085545026], [115.83277423455071, 40.390681075038046], [115.83289203558711, 40.390682264193764], [115.83288425978378, 40.39113263016307], [115.83300206161161, 40.39113381921762], [115.83299739651602, 40.39140403879301], [115.83311519882153, 40.39140522773888], [115.83311053413348, 40.39167544731245], [115.83322833691663, 40.391676636149626], [115.83322367263611, 40.39194685572135], [115.83310586938227, 40.391945666872886], [115.83310120456792, 40.39221588642021], [115.83298340085045, 40.392214697440494], [115.83297718037217, 40.392574990134804], [115.83309498471725, 40.392576179129584], [115.8330918747498, 40.39275632547554], [115.83320967941567, 40.39275751435786], [115.83320656973396, 40.3929376607055], [115.83332437472062, 40.39293884947536], [115.83332282002615, 40.39302892265075], [115.83344062517673, 40.393030111304384], [115.83344217971434, 40.39294003812524], [115.83391339975925, 40.39294479152488], [115.83391184584927, 40.393034864719084], [115.8341474562276, 40.39303724070651], [115.8341459026244, 40.39312731390678], [115.83426370798097, 40.39312850172428], [115.8342590476, 40.39339872132759], [115.83437685343429, 40.39339990903638], [115.8343737467924, 40.39358005543883], [115.83449155294751, 40.393581243035136], [115.83448844659138, 40.39376138943927], [115.8346062530673, 40.393762576923116], [115.83460159395125, 40.394032796529665], [115.83471940090493, 40.394033983904784], [115.83471784800913, 40.3941240571078], [115.83483565512668, 40.3941252443667], [115.83482944410112, 40.39448553717925], [115.83494725185331, 40.39448672433317], [115.8349441466123, 40.39466687073823], [115.83482633854628, 40.394665683576775], [115.83482478575834, 40.39475575677336], [115.83494259398128, 40.39475694393856], [115.83493638338716, 40.39511723672534], [115.83481857453656, 40.3951160495451], [115.83481702171358, 40.39520612273441], [115.8349348307211, 40.39520730991839], [115.83493017268094, 40.3954775294888], [115.83481236320267, 40.395476342293556], [115.83479838729144, 40.39628700089228], [115.83491619818201, 40.396288188121346], [115.83491464542489, 40.39637826129547], [115.8347968343774, 40.39637707406264], [115.83479528145634, 40.39646714723154], [115.83491309266074, 40.39646833446811], [115.83490998711144, 40.39664848080905], [115.83502779863672, 40.39664966793314], [115.83502469337326, 40.39682981427576], [115.83514250521938, 40.39683100128737], [115.83513940024174, 40.397011147631666], [115.83502158808174, 40.39700996061256], [115.83501848276221, 40.397190106943505], [115.83513629523608, 40.397191293970145], [115.8351331902024, 40.39737144030279], [115.83525100299713, 40.397372627216924], [115.83524634586485, 40.39764284671623], [115.83548197241693, 40.39764522020703], [115.83548042033937, 40.39773529337807], [115.83536260690289, 40.39773410668892], [115.83536105466139, 40.39782417985473], [115.8354788682548, 40.39782536654765], [115.83547731616324, 40.39791543971576], [115.83559512992058, 40.39791662629242], [115.83559202603031, 40.39809677263179], [115.83570984010854, 40.39809795909595], [115.83570828830985, 40.398188032267214], [115.83582610255203, 40.398189218615116], [115.83582455090327, 40.39827929178867], [115.83594236530938, 40.39828047802032], [115.83594081381054, 40.39837055119617], [115.83605862838061, 40.39837173731156], [115.83605707703171, 40.39846181048971], [115.83617489176574, 40.39846299648885], [115.83617334056677, 40.3985530696693], [115.83629115546474, 40.39855425555218], [115.83628805335974, 40.39873440191621], [115.83640586857855, 40.39873558768658], [115.8364043176725, 40.398825660870166], [115.83652213305528, 40.39882684652429], [115.83652058229919, 40.39891691971016], [115.8366383978459, 40.398918105248015], [115.83663684723972, 40.39900817843618], [115.8367546629504, 40.39900936385779], [115.8367531124942, 40.39909943704824], [115.83392553360424, 40.39907095371664], [115.83392708782718, 40.398980880616314], [115.83380927228464, 40.39897969231444], [115.83380771790476, 40.39906976541102], [115.830391065674, 40.39903525234355], [115.83039262460528, 40.39894517935619], [115.8301569939487, 40.39894279543187], [115.83015855318686, 40.398852722450606], [115.83004073802609, 40.39885153031221], [115.83004229741414, 40.398761457333244], [115.83016011241797, 40.398762649467876], [115.83016167164203, 40.39867257648369], [115.83004385679513, 40.398671384352824], [115.83004541616911, 40.398581311370954], [115.83016323085907, 40.39858250349805], [115.83016634927205, 40.39840235752237], [115.83028416365514, 40.3984035495219], [115.83028572269414, 40.398313476528116], [115.83040353692734, 40.39831466840388], [115.83040509580235, 40.39822459540485], [115.83052290988566, 40.39822578715683], [115.83052602730068, 40.39804564114687], [115.83064384107715, 40.3980468327713], [115.83064228253006, 40.39813690578079], [115.8307600964705, 40.398138097288985], [115.8307554212579, 40.39840831631997], [115.83051979244246, 40.398405933160944], [115.83051511622494, 40.398676152156206], [115.83063293109998, 40.39867734380704], [115.83063448968923, 40.3985872708063], [115.83087011914652, 40.39858965374039], [115.8308732356762, 40.398409507719464], [115.83099105010149, 40.39841069899895], [115.83099260819884, 40.39832062598255], [115.83087479393048, 40.39831943470683], [115.83087635217773, 40.39822936169272], [115.83111198040763, 40.39823174411661], [115.83111509625328, 40.39805159806896], [115.83099728244869, 40.398050406924554], [115.83100039858012, 40.39787026087862], [115.83088258509645, 40.39786906962175], [115.83088570151358, 40.39768892357752], [115.83076788835083, 40.39768773220817], [115.83076944670579, 40.39759765918763], [115.8305338207152, 40.39759527609648], [115.83052758599766, 40.39795556813971], [115.83029195877971, 40.39795318453837], [115.83029039976887, 40.39804325753799], [115.83017258601353, 40.39804206555355], [115.8301710268387, 40.39813213854795], [115.82993539903524, 40.3981297542115], [115.8299338395395, 40.39821982719688], [115.82969821145032, 40.39821744237285], [115.82969509180998, 40.39839758832416], [115.82957727746205, 40.39839639572459], [115.8295757174744, 40.39848646869429], [115.82945790297659, 40.398485275970934], [115.82945634282493, 40.3985753489354], [115.8293385281772, 40.398574156088266], [115.8293354075389, 40.39875430200527], [115.82957103746915, 40.398756687594634], [115.82956635740057, 40.39902690648184], [115.75039600503965, 40.39819832530825]], [[115.83369145674911, 40.39897850389258], [115.83380927228464, 40.39897969231444], [115.83381082665748, 40.398889619216426], [115.83369301127892, 40.398888430798316], [115.83369145674911, 40.39897850389258]], [[115.83171039384986, 40.39769725980276], [115.83182820706887, 40.397698450212054], [115.83182976401142, 40.39760837715759], [115.83194757708051, 40.39760956744313], [115.8319600311126, 40.39688898292495], [115.83184221929895, 40.396887792669546], [115.83184377617827, 40.396797719601985], [115.83172596452857, 40.39679652923034], [115.83172440749233, 40.396886602294146], [115.83160659569273, 40.39688541179875], [115.8316034812853, 40.39706555791442], [115.83148566917887, 40.39706436729149], [115.8314809970442, 40.3973345864428], [115.83159880962143, 40.39733577707704], [115.8315956951437, 40.397515923178155], [115.8317135080418, 40.39751711369992], [115.83171039384986, 40.39769725980276]], [[115.83029819475274, 40.397592892525324], [115.8305338207152, 40.39759527609648], [115.83053537937703, 40.397505203082034], [115.83041756654919, 40.39750401136023], [115.8304191253609, 40.397413938348095], [115.83030131269706, 40.39741274651005], [115.83030287165866, 40.39732267350023], [115.8301850591588, 40.39732148154595], [115.83018194091468, 40.3975016275566], [115.83029975372841, 40.397502819518415], [115.83029819475274, 40.397592892525324]], [[115.74878167785461, 40.39628901071623], [115.74889948501034, 40.396290285579234], [115.74890115238077, 40.396200215261764], [115.74878334538192, 40.3961989404028], [115.74878167785461, 40.39628901071623]], [[115.83161282442332, 40.39652511954988], [115.83196625796005, 40.39652869063088], [115.83196937134161, 40.3963485444751], [115.83185156046952, 40.396347354242295], [115.8318531173067, 40.39625728116598], [115.83173530659856, 40.39625609081695], [115.83173686358562, 40.39616601774294], [115.83150124250429, 40.396163636692414], [115.83150279979819, 40.3960735636245], [115.83138498942496, 40.39607237292301], [115.83138654686876, 40.395982299857394], [115.83103311626206, 40.39597872704424], [115.83103467416957, 40.395888653988465], [115.83091686413835, 40.39588746281452], [115.83091842219575, 40.39579738976107], [115.83080061232843, 40.3957961984709], [115.83080528692923, 40.395525979313106], [115.8309230963258, 40.39552717059197], [115.83092465435507, 40.39543709753269], [115.83127808211613, 40.395440670638], [115.83127963966766, 40.395350597565965], [115.83139744877847, 40.39535178835731], [115.83139589138388, 40.39544186143311], [115.83151370065866, 40.39544305210824], [115.83151525789633, 40.39535297902866], [115.8316330670212, 40.39535416958001], [115.83163462409495, 40.395264096495204], [115.83175243306992, 40.39526528692281], [115.83175398997972, 40.39517521383278], [115.83187179880483, 40.395176404136606], [115.8318764690213, 40.39490618484648], [115.83128742731975, 40.39490023218388], [115.8312858698034, 40.39499030526321], [115.83116806132726, 40.394989114366936], [115.83116650364694, 40.39507918744104], [115.83081307778995, 40.395075614020975], [115.83081463594102, 40.39498554095818], [115.83093244439607, 40.39498673221442], [115.83093400238317, 40.394896659146404], [115.83105181068834, 40.39489785027888], [115.83105492632764, 40.39471770413092], [115.831172734326, 40.39471889513587], [115.83118052251666, 40.394268529721614], [115.83106271530285, 40.39426733873551], [115.8310642730768, 40.394177265652054], [115.83094646602693, 40.394176074549726], [115.83094958186756, 40.39399592838599], [115.83106738860363, 40.39399711948078], [115.83106894635651, 40.39390704639294], [115.83095113977733, 40.39390585530192], [115.83095425557579, 40.39372570912945], [115.83083644931746, 40.39372451792596], [115.83083800736304, 40.393634444841304], [115.83072020126865, 40.39363325352161], [115.83072175946411, 40.39354318043926], [115.83036834169384, 40.39353960577158], [115.83036678302767, 40.393629678842615], [115.83048458910096, 40.393630870522266], [115.83047835499357, 40.39399116280693], [115.83036054829266, 40.393989971112184], [115.83036210698697, 40.393899898046975], [115.83024430044998, 40.39389870623602], [115.8302474181313, 40.39371856010879], [115.83012961191515, 40.393717368185385], [115.83013117090218, 40.39362729512335], [115.83001336484998, 40.39362610308373], [115.83001804223949, 40.3933558839002], [115.82990023666503, 40.39335469175192], [115.8299049144619, 40.39308447256658], [115.82931588904867, 40.39307851008198], [115.82930964883408, 40.3934388022507], [115.82942745453026, 40.39343999500269], [115.82942433469454, 40.393620141085854], [115.82954214071155, 40.393621333725406], [115.82954370047602, 40.39353126068079], [115.82966150634316, 40.39353245319657], [115.8296599467356, 40.393622526244975], [115.82977775276669, 40.39362371864455], [115.82977619330897, 40.39371379169527], [115.829893999504, 40.393714983978626], [115.82989244019615, 40.393805057031656], [115.82953902116145, 40.3938014798103], [115.82953746137586, 40.39389155285055], [115.82965526787062, 40.39389274538143], [115.8296537082349, 40.393982818424], [115.8297715148936, 40.39398401083867], [115.82976995540774, 40.39407408388357], [115.8298877622304, 40.394075276182015], [115.82988620289439, 40.39416534922922], [115.8301218168746, 40.394167733473694], [115.8301202578454, 40.394257806526994], [115.83023806500294, 40.39425899847302], [115.83023494723723, 40.394439144582776], [115.83011713976586, 40.394437952629204], [115.83011558071554, 40.39452802567811], [115.82976215787286, 40.394524449086134], [115.82976059834479, 40.39461452212228], [115.82987840610886, 40.39461571444337], [115.82987684673067, 40.394705787481826], [115.82940561508886, 40.39470101746242], [115.82940405507597, 40.39479109048434], [115.8292862470262, 40.39478989767572], [115.82927688585953, 40.39533033575391], [115.82939469485076, 40.395331528585174], [115.82939313478859, 40.39542160159687], [115.82927532564044, 40.39542040876185], [115.82926440390966, 40.39605091977654], [115.82961783467059, 40.39605449800089], [115.82961627486593, 40.396144571008485], [115.82973408529055, 40.39614576351371], [115.8297325256358, 40.39623583652362], [115.82996814682002, 40.39623822118163], [115.82996658747207, 40.39632829419764], [115.83008439823168, 40.39632948635041], [115.8300828390336, 40.39641955936873], [115.831025326619, 40.3964290923012], [115.83102688456168, 40.396339019252714], [115.83114469538455, 40.39634021032551], [115.83114781093498, 40.396160064216645], [115.83126562145105, 40.3961612551619], [115.83126406383629, 40.39625132822083], [115.83161749589746, 40.39625490034792], [115.83161282442332, 40.39652511954988]], [[115.74680066930198, 40.39509640639078], [115.74703627928558, 40.39509895997129], [115.74703961884393, 40.394918819426], [115.74692181416214, 40.394917542703816], [115.7469234840869, 40.394827472433015], [115.74668787505973, 40.394824918636786], [115.74668954529075, 40.39473484837259], [115.74692515400412, 40.39473740216076], [115.74692682391382, 40.39464733188702], [115.7466912155142, 40.394644778106944], [115.74669288573016, 40.39455470783984], [115.74657508169855, 40.394553430773875], [115.74657675206383, 40.394463360509334], [115.74645894819665, 40.39446208332743], [115.7464606187113, 40.39437201306547], [115.74634281500853, 40.39437073576763], [115.74634615632897, 40.39419059524739], [115.74599274620729, 40.39418676265826], [115.74599441732688, 40.39409669240807], [115.74575881093055, 40.39409413675685], [115.74575546805632, 40.394274277239575], [115.74587327156445, 40.39427555513326], [115.74587160027292, 40.39436562537647], [115.74575379660786, 40.39436434747874], [115.7457487822173, 40.394634558187455], [115.74586658635303, 40.39463583609732], [115.74586491503132, 40.39472590633467], [115.74598271933147, 40.39472718412861], [115.74598104815911, 40.39481725436854], [115.74621665709583, 40.39481980960454], [115.74621832795441, 40.39472973935653], [115.7464539366075, 40.39473229410452], [115.7464522660627, 40.39482236436062], [115.74657007055745, 40.3948236415587], [115.74656840016202, 40.39491371181737], [115.74668620482119, 40.3949149888995], [115.74668453457511, 40.39500505916075], [115.7468023393987, 40.39500633612695], [115.74680066930198, 40.39509640639078]], [[115.74528090993955, 40.39444930490954], [115.74551651753063, 40.39445186155296], [115.7455198610626, 40.39427172109227], [115.74563766455569, 40.3942729992259], [115.74563933615347, 40.394182928989316], [115.74552153281728, 40.39418165085971], [115.7455232045644, 40.394091580625705], [115.74540540139265, 40.39409030238017], [115.74540874517803, 40.393910161915834], [115.7452909423276, 40.3939088835584], [115.74528927028177, 40.39399895378727], [115.74517146728199, 40.393997675305826], [115.74516979507176, 40.394087745529156], [115.74505199192262, 40.394086466923696], [115.74504864716572, 40.394266607357885], [115.74516645062864, 40.394267885971445], [115.74516477839576, 40.39435795619038], [115.74528258202308, 40.39435923468802], [115.74528090993955, 40.39444930490954]], [[115.74494255132565, 40.393634837107356], [115.7451781560475, 40.39363739439782], [115.74518150038499, 40.39345725393502], [115.74494589629066, 40.39345469666075], [115.74494255132565, 40.393634837107356]], [[115.74413467054165, 40.392725180803254], [115.74425247127718, 40.392726460307806], [115.74425414462924, 40.39263639009488], [115.74413634405059, 40.39263511059437], [115.74413467054165, 40.392725180803254]], [[115.74425414462924, 40.39263639009488], [115.74448974580918, 40.39263894873597], [115.74449141883994, 40.392548878513466], [115.74425581797377, 40.392546319880466], [115.74425414462924, 40.39263639009488]], [[115.83025209460051, 40.39344834090699], [115.83036990035295, 40.39344953269909], [115.83037145900506, 40.39335945962513], [115.8302536534095, 40.39335826783681], [115.83025209460051, 40.39344834090699]], [[115.83319879540687, 40.39338802654909], [115.83331660117804, 40.393389215337756], [115.8333181559006, 40.39329914216819], [115.83320035028632, 40.39329795338329], [115.83319879540687, 40.39338802654909]], [[115.82884466884481, 40.39307373793457], [115.82908027893266, 40.39307612424824], [115.82908183928251, 40.39298605120995], [115.82884622950846, 40.392983664903845], [115.82884466884481, 40.39307373793457]], [[115.7439141332256, 40.391911989574396], [115.74403193253417, 40.39191326928243], [115.74403360613202, 40.39182319906442], [115.74391580698033, 40.39182191936042], [115.7439141332256, 40.391911989574396]], [[115.8286137416963, 40.39280113206707], [115.82873154625193, 40.392802325512534], [115.82873310705133, 40.39271225248121], [115.8286153026526, 40.39271105903953], [115.8286137416963, 40.39280113206707]], [[115.82795064498141, 40.39027192418707], [115.82806844510195, 40.39027311824663], [115.82807000664542, 40.39018304519715], [115.82795220668174, 40.390181851141364], [115.82795064498141, 40.39027192418707]], [[115.82818624522955, 40.39027431218623], [115.82853964565463, 40.39027789328517], [115.82854120657062, 40.39018782022058], [115.82865900656951, 40.39018901367651], [115.82866056732156, 40.390098940606705], [115.82877836717064, 40.39010013393888], [115.82877992775877, 40.39001006086384], [115.828897727458, 40.39001125407226], [115.8289008482994, 40.38983110791025], [115.82901864769195, 40.38983230099114], [115.82902176819142, 40.38965215481574], [115.82890396911263, 40.38965096174239], [115.82890552950869, 40.38956088865629], [115.82878773059383, 40.38955969546673], [115.8287892911397, 40.38946962238294], [115.82867149238872, 40.389468429077205], [115.82867305308444, 40.38937835599574], [115.82855525449739, 40.38937716257379], [115.82855681534294, 40.38928708949462], [115.82820342009462, 40.38928350852034], [115.82819717478777, 40.38964380078288], [115.82807937575829, 40.389642606869735], [115.82807625274886, 40.38982275298471], [115.8281940520921, 40.38982394690542], [115.82819092936822, 40.390004093022114], [115.82807312971123, 40.39000289909385], [115.82807000664542, 40.39018304519715], [115.82818780661616, 40.39018423913297], [115.82818624522955, 40.39027431218623]], [[115.83160245199198, 40.39030888424621], [115.83172025233063, 40.39031007458661], [115.83172180901096, 40.39022000142019], [115.83160400882917, 40.39021881108355], [115.83160245199198, 40.39030888424621]], [[115.8278359685753, 40.390090583922245], [115.82795376837504, 40.39009177809423], [115.8279553300613, 40.39000170504563], [115.82783753041842, 40.39000051087743], [115.8278359685753, 40.390090583922245]], [[115.82666266117987, 40.38980841657856], [115.8267804604385, 40.38980961193891], [115.82678202367232, 40.389719538923735], [115.82666422457058, 40.389718343567175], [115.82666266117987, 40.38980841657856]], [[115.82654642547585, 40.38971714809063], [115.82666422457058, 40.389718343567175], [115.82666578795423, 40.38962827055431], [115.82690138585106, 40.389630661139925], [115.8269029489139, 40.38954058811806], [115.82702074771603, 40.389541783227116], [115.82702231061495, 40.38945171020001], [115.82714010926728, 40.389452905185316], [115.82714167200228, 40.38936283215296], [115.82655267959561, 40.38935685604562], [115.82654955254984, 40.389537002071044], [115.82643175377595, 40.38953580648211], [115.8264301900856, 40.389625879488825], [115.82654798901639, 40.38962707508156], [115.82654642547585, 40.38971714809063]], [[115.82855837618142, 40.389197016414016], [115.82867617445476, 40.3891982098284], [115.82867773512932, 40.38910813674255], [115.82855993701288, 40.389106943331946], [115.82855837618142, 40.389197016414016]], [[115.8273835186289, 40.389004929581915], [115.82773691231743, 40.38900851304152], [115.82773847423285, 40.38891843998298], [115.8276206764865, 40.38891724562019], [115.82762223855174, 40.38882717256398], [115.82774003614122, 40.38882836692299], [115.82774159804256, 40.388738293861536], [115.82762380060993, 40.3887370995063], [115.82762848674223, 40.388466880324536], [115.82774628370427, 40.388468074668424], [115.8277478455774, 40.38837800160114], [115.82751225197411, 40.38837561280096], [115.82751381415392, 40.388285539739776], [115.82727822089252, 40.38828315046728], [115.82727978337898, 40.3881930774122], [115.82716198691575, 40.388191882599784], [115.82716354955204, 40.38810180954704], [115.82692795696039, 40.38809941956988], [115.82692639401037, 40.388189492615076], [115.82610181906377, 40.38818112388972], [115.8261002550087, 40.388271196906985], [115.82598245845914, 40.388270000891154], [115.82597933001408, 40.38845014691372], [115.82621492374771, 40.38845253884055], [115.82621179590188, 40.38863268487243], [115.82668298470877, 40.38863746731678], [115.82668142140271, 40.38872754034568], [115.82703481355253, 40.38873112593065], [115.82703325071002, 40.38882119896943], [115.82726884582554, 40.388823588767146], [115.82726728328971, 40.38891366181202], [115.82738508101492, 40.38891485653471], [115.8273835186289, 40.389004929581915]], [[115.7435182757865, 40.387853709192385], [115.74363606800647, 40.38785498919802], [115.74363774189186, 40.38776491893028], [115.74351994982877, 40.38776363892868], [115.7435182757865, 40.387853709192385]], [[115.82858022718086, 40.38793599313241], [115.82869802325811, 40.38793718649392], [115.82869958383408, 40.387847113387664], [115.82881737976152, 40.38784830662544], [115.8288220609767, 40.38757808728662], [115.8289398564406, 40.387579280393105], [115.82894297690181, 40.38739913415237], [115.82906077205904, 40.387400327131346], [115.82906545222747, 40.38713010774801], [115.82871206818857, 40.38712652848519], [115.8287105076689, 40.38721660160311], [115.82847491803115, 40.38721421482054], [115.82847179634327, 40.387394361036876], [115.82858959147235, 40.38739555449569], [115.82858022718086, 40.38793599313241]], [[115.8258740480235, 40.387728366675404], [115.82599184362488, 40.38772956278848], [115.82599340779447, 40.387639489766265], [115.82587561234995, 40.38763829365697], [115.8258740480235, 40.387728366675404]], [[115.82787813586617, 40.38765861120031], [115.82799593143058, 40.38765980527025], [115.82799749292657, 40.38756973218231], [115.82811528834117, 40.387570926128525], [115.82811997231634, 40.387300706844556], [115.82800217737231, 40.387299512909685], [115.82800373884014, 40.38720943981589], [115.82788594405999, 40.38720824576483], [115.82788125916484, 40.38747846503048], [115.82776346392119, 40.38747727084814], [115.82776190211854, 40.387567343929994], [115.82787969751904, 40.387568538116135], [115.82787813586617, 40.38765861120031]], [[115.82729384544008, 40.38738241985088], [115.8274116404987, 40.387383614509304], [115.82741320275781, 40.38729354143588], [115.82729540785607, 40.38729234678124], [115.82729384544008, 40.38738241985088]], [[115.82835712322282, 40.38721302124932], [115.82847491803115, 40.38721421482054], [115.82847647886452, 40.387124141710174], [115.82835868421306, 40.38712294814273], [115.82835712322282, 40.38721302124932]], [[115.82871831019682, 40.38676623599897], [115.82883610424201, 40.38676742919142], [115.82883766456963, 40.38667735606246], [115.82871987068127, 40.38667616287376], [115.82871831019682, 40.38676623599897]], [[115.82860207679995, 40.38667496956513], [115.82871987068127, 40.38667616287376], [115.8287214311587, 40.386586089747105], [115.82860363743421, 40.38658489644225], [115.82860207679995, 40.38667496956513]], [[115.8247164484819, 40.3865454500857], [115.8248342419736, 40.38654664734915], [115.8248358076199, 40.386456574345836], [115.82495360096182, 40.386457771485546], [115.82495673191953, 40.386277625467], [115.82507452495483, 40.38627882247917], [115.82507609026625, 40.38618874946392], [115.82519388315174, 40.386189946352346], [115.8251985785731, 40.38591972728649], [115.82472740895552, 40.385914939058516], [115.82472584319477, 40.386005012066775], [115.8244902581147, 40.386002617225486], [115.82448399374631, 40.38636290921362], [115.8246017869102, 40.386364106709394], [115.82460022095725, 40.38645417970657], [115.82471801428504, 40.38645537708618], [115.8247164484819, 40.3865454500857]], [[115.74273895658827, 40.38541284892606], [115.74285674452098, 40.38541412966192], [115.74285841930022, 40.38532405938298], [115.7427406315243, 40.385322778651165], [115.74273895658827, 40.38541284892606]], [[115.82260557849213, 40.38598344122176], [115.82272337091547, 40.38598464062165], [115.82272493934254, 40.38589456767785], [115.82260714707603, 40.38589336828176], [115.82260557849213, 40.38598344122176]], [[115.82873235430343, 40.38595557781969], [115.82885014693703, 40.38595677097818], [115.82885170720128, 40.385866697836086], [115.82873391472452, 40.38586550468139], [115.82873235430343, 40.38595557781969]], [[115.7428796248742, 40.37784694072839], [115.74299739963672, 40.377848221123855], [115.74300074791836, 40.37766808031839], [115.74288297346934, 40.37766679993103], [115.7428796248742, 40.37784694072839]], [[115.74277524557257, 40.37712509702084], [115.74301079258196, 40.37712765786684], [115.74301246666613, 40.377037587453124], [115.74277691997024, 40.377035026615225], [115.74277524557257, 40.37712509702084]], [[115.81866403219641, 40.368826324163145], [115.81878179457773, 40.36882752715779], [115.81878336730217, 40.36873745407381], [115.81866560507756, 40.36873625108296], [115.81866403219641, 40.368826324163145]], [[115.74107193269415, 40.36737698772274], [115.74118968914902, 40.367378269685936], [115.74119304100573, 40.367198128678474], [115.74107528486425, 40.367196846723374], [115.74108031306261, 40.36692663521333], [115.74060929045234, 40.366921506243024], [115.74061096713004, 40.36683143575298], [115.73943341270068, 40.36681860497749], [115.73943173445628, 40.366908675426934], [115.73919622334792, 40.366906107825365], [115.73919286620968, 40.36708624870359], [115.73931062207343, 40.36708753257243], [115.73930894364965, 40.36717760301341], [115.73977996780704, 40.36718273730639], [115.73978164560413, 40.36709266684917], [115.74072369302883, 40.36710292964921], [115.74072201648512, 40.367193000138926], [115.74095752873029, 40.36719556464842], [115.74095585249238, 40.367285635144775], [115.741073608783, 40.36728691722379], [115.74107193269415, 40.36737698772274]], [[115.75572183066394, 40.364922977500285], [115.75642834783754, 40.364930577604035], [115.75643000334162, 40.36484050653838], [115.75678326155928, 40.36484430496019], [115.75678491658589, 40.36475423388106], [115.75843345362996, 40.36477194553056], [115.75843510645588, 40.36468187439392], [115.75855285900118, 40.36468313860883], [115.758554511663, 40.36459306746672], [115.75867226405909, 40.36459433155777], [115.75867556904701, 40.36441418926115], [115.75855781696424, 40.364412925178094], [115.75855946960365, 40.36432285403159], [115.75808846197376, 40.36431779651688], [115.75808680870769, 40.36440786764737], [115.75773355259358, 40.36440407324085], [115.75773189885011, 40.364494144357884], [115.75726089017581, 40.36448908345522], [115.75725923579823, 40.36457915455477], [115.75667047434, 40.364572825709686], [115.75666881917167, 40.36466289678773], [115.7559623047283, 40.36465529819441], [115.75596064861253, 40.36474536924694], [115.7558428960748, 40.36474410239121], [115.7558412397949, 40.36483417343827], [115.75572348710796, 40.36483290645869], [115.75572183066394, 40.364922977500285]], [[115.73019161667186, 40.363474294920344], [115.73030936584084, 40.36347558785893], [115.73031105602334, 40.363385517673294], [115.730193307011, 40.36338422473879], [115.73019161667186, 40.363474294920344]], [[115.7287251830713, 40.3600348099057], [115.72884292618917, 40.36003610424661], [115.72884461811796, 40.35994603405849], [115.7287268751567, 40.35994473972166], [115.7287251830713, 40.3600348099057]], [[115.79187033992872, 40.35881987550586], [115.79234131524683, 40.358824794892264], [115.79234613729156, 40.35855457777302], [115.79222839392101, 40.358553348117844], [115.79223160889447, 40.35837320337218], [115.7921138658444, 40.35837197360496], [115.79211547347687, 40.35828190123381], [115.79187998771174, 40.358279441347655], [115.7918815956502, 40.358189368982856], [115.79152836752674, 40.358185678266565], [115.7915299759278, 40.35809560591198], [115.7914122333911, 40.35809437543744], [115.79141384194152, 40.35800430308527], [115.7903541608475, 40.35799322345707], [115.79035577080015, 40.35790315113852], [115.7901202865057, 40.35790068768857], [115.79012189676433, 40.35781061537635], [115.78965092888905, 40.35780568705407], [115.78964931800398, 40.35789575935069], [115.7897670601185, 40.3578969916149], [115.7897654493828, 40.357987063913946], [115.78988319166119, 40.35798829606224], [115.78988158107481, 40.35807836836373], [115.79011706596667, 40.358080832308616], [115.79011545568623, 40.358170904616436], [115.78999771308007, 40.358169672700015], [115.78999449218419, 40.358349817303505], [115.79022997803027, 40.3583522810321], [115.79022836788467, 40.358442353339456], [115.79034611097522, 40.3584435850279], [115.790344500979, 40.35853365733768], [115.79069773076407, 40.35853735169573], [115.79070094980959, 40.35835720705131], [115.79081869277258, 40.35835843825654], [115.79081708341005, 40.35844851058337], [115.79105256967104, 40.3584509726421], [115.79105096061451, 40.35854104497526], [115.79140419053027, 40.3585447371763], [115.79140258193631, 40.3586348095197], [115.79163806889635, 40.35863727039567], [115.79163646060839, 40.35872734274539], [115.7918719479107, 40.358729803149814], [115.79187033992872, 40.35881987550586]], [[115.79035577080015, 40.35790315113852], [115.79047351295829, 40.35790438268375], [115.79047512274707, 40.35781431035985], [115.79035738074556, 40.35781307881851], [115.79035577080015, 40.35790315113852]], [[115.7891815726343, 40.35771068453204], [115.78929931440656, 40.35771191726777], [115.78930092574693, 40.35762184497994], [115.78918318413129, 40.3576206122481], [115.7891815726343, 40.35771068453204]], [[115.78894770092187, 40.35761814642494], [115.78906544252295, 40.35761937939644], [115.78906705416927, 40.357529307114945], [115.7889493127248, 40.35752807414736], [115.78894770092187, 40.35761814642494]], [[115.78824286421069, 40.35752067382539], [115.78871382985768, 40.35752560785268], [115.78871544196654, 40.35743553558144], [115.788244476946, 40.35743060156976], [115.78824286421069, 40.35752067382539]], [[115.78391718831901, 40.35576357282586], [115.78403492647473, 40.35576481087164], [115.78403654470925, 40.35567473872907], [115.7841542827157, 40.35567597665113], [115.78415590078633, 40.35558590450317], [115.7840381629365, 40.355584666585045], [115.78404139936902, 40.355404522292616], [115.78380592431759, 40.35540204611258], [115.7838026872587, 40.355582190389335], [115.78392042509394, 40.3555834285471], [115.78391718831901, 40.35576357282586]], [[115.73371297128811, 40.34522486289147], [115.73383068887858, 40.34522615176585], [115.73383237328851, 40.345136081172356], [115.73371465585453, 40.34513479230205], [115.73371297128811, 40.34522486289147]], [[115.65628711631022, 40.33687381549492], [115.65640481575508, 40.33687518293327], [115.6564066026209, 40.3367851149881], [115.65628890333245, 40.33678374755409], [115.65628711631022, 40.33687381549492]], [[115.6555898595332, 40.33641526876174], [115.65570755814763, 40.33641663689676], [115.65570934591162, 40.33632656897021], [115.65559164745359, 40.336325200839525], [115.6555898595332, 40.33641526876174]], [[115.65571113366754, 40.3362365010422], [115.6558288319772, 40.33623786904882], [115.65583061956865, 40.33614780111501], [115.65571292141539, 40.3361464331127], [115.65571113366754, 40.3362365010422]], [[115.65559522327017, 40.336145064990674], [115.65571292141539, 40.3361464331127], [115.65571470915518, 40.33605636518175], [115.65559701116636, 40.336054997064046], [115.65559522327017, 40.336145064990674]], [[115.65842176512146, 40.33608779884626], [115.65853946330357, 40.33608916409067], [115.65854124728148, 40.33599909605442], [115.65842354925577, 40.33599773081432], [115.65842176512146, 40.33608779884626]], [[115.65948104905014, 40.33610008173618], [115.65959874730467, 40.33610144590314], [115.6596005298749, 40.336011377828], [115.65948283177677, 40.33601001366537], [115.65948104905014, 40.33610008173618]], [[115.65936513368672, 40.33600864938302], [115.65948283177677, 40.33601001366537], [115.65948461449536, 40.33591994559308], [115.65936691656171, 40.33591858131505], [115.65936513368672, 40.33600864938302]], [[115.65948461449536, 40.33591994559308], [115.65960231243707, 40.33592130975139], [115.6596040949912, 40.335831241673326], [115.6594863972059, 40.33582987751933], [115.65948461449536, 40.33591994559308]], [[115.65960944260534, 40.335561037430274], [115.65972713992947, 40.335562401451604], [115.65973248700205, 40.33529219718235], [115.65996788073592, 40.33529492483993], [115.65996966276458, 40.3352048567386], [115.66008735948718, 40.3352062203835], [115.66008557761495, 40.33529628848915], [115.660203274502, 40.33529765201865], [115.66020149277811, 40.33538772012714], [115.66067228103228, 40.33539317306524], [115.66067406213051, 40.33530310493949], [115.66090945599298, 40.335305830681605], [115.66091301753977, 40.33512569440844], [115.66079532091733, 40.335124331605876], [115.66079710183507, 40.335034263471385], [115.66056170892708, 40.33503153751572], [115.6605634901496, 40.334941469388376], [115.66068118644317, 40.33494283242177], [115.66068474855132, 40.33476269615408], [115.66056705257053, 40.33476133312933], [115.66056883376896, 40.334671264997596], [115.66045113795262, 40.334669901857445], [115.6604529192994, 40.33457983372853], [115.66057061495933, 40.33458119686436], [115.66057239614167, 40.33449112872969], [115.66069009165324, 40.334492491741486], [115.66069365368105, 40.33431235545908], [115.66057595848228, 40.334310992455904], [115.6605777396405, 40.334220924316796], [115.66046004460618, 40.334219561198225], [115.66046182591278, 40.33412949306197], [115.66034413104286, 40.334128129827995], [115.66035125681452, 40.333767857285494], [115.6602335625782, 40.33376649394907], [115.66023890729176, 40.33349628953968], [115.66012121353265, 40.3334949260965], [115.66011586834993, 40.33376513049294], [115.6599981741297, 40.333763766917095], [115.65999639222966, 40.333853835041985], [115.65976100350052, 40.333851107522534], [115.65976456791813, 40.333670971288555], [115.6596468738784, 40.3336696073579], [115.65964865623152, 40.333579539243026], [115.65976635011486, 40.333580903169356], [115.65976813230357, 40.33349083504869], [115.65988582603856, 40.333492198851], [115.65988760806283, 40.333402130724544], [115.66000530164948, 40.33340349440283], [115.66000708350934, 40.333313426270585], [115.6598893900791, 40.333312062596626], [115.6598911720873, 40.33322199446721], [115.65965578556369, 40.33321926676877], [115.65965756787664, 40.33312919864653], [115.65895140943711, 40.333121012704154], [115.65894962618584, 40.33321108080049], [115.65883193298436, 40.33320971605347], [115.65883014956864, 40.333299784144], [115.65871245621882, 40.33329841927294], [115.65870888905052, 40.333478555440955], [115.65859119539593, 40.33347719044155], [115.65858941164332, 40.33356725851903], [115.65870710545427, 40.33356862352276], [115.6587035382377, 40.33374875968194], [115.65882123236949, 40.33375012457459], [115.65881766543352, 40.33393026073654], [115.65893535988614, 40.333931625518126], [115.65893179323078, 40.33411176168281], [115.65904948800421, 40.33411312635332], [115.65903522231223, 40.33483367098773], [115.6591529183449, 40.33483503557308], [115.65914756904687, 40.335105239799645], [115.6592652655568, 40.33510660427825], [115.65926348259777, 40.33519667235514], [115.65938117927215, 40.33519803671833], [115.65937939646147, 40.33528810479808], [115.65961479014715, 40.33529083317398], [115.65960944260534, 40.335561037430274]], [[115.65327708101334, 40.33431632033021], [115.65339477586907, 40.334317690759875], [115.65339835727386, 40.334137555010926], [115.65328066273091, 40.33413618458994], [115.65327708101334, 40.33431632033021]], [[115.65398504019338, 40.33423447321709], [115.65410273494118, 40.334235842924144], [115.65410452470114, 40.334145775022925], [115.65398683010976, 40.33414440532019], [115.65398504019338, 40.33423447321709]], [[115.65410452470114, 40.334145775022925], [115.65422221930064, 40.33414714460593], [115.65422400889614, 40.33405707669889], [115.65410631445306, 40.33405570712022], [115.65410452470114, 40.334145775022925]], [[115.65600372421724, 40.33335706218453], [115.65612141753827, 40.333358429813195], [115.65612320455895, 40.333268361823606], [115.65635859091239, 40.33327109671315], [115.65636037761222, 40.33318102871341], [115.65647807064465, 40.333182395974305], [115.65648164370735, 40.333002259961766], [115.65659933643508, 40.333003627094286], [115.65660469549957, 40.33273342305145], [115.65672238776618, 40.3327347900513], [115.65672417394853, 40.33264472202974], [115.65648878973612, 40.33264198791901], [115.65648700324103, 40.33273205593191], [115.65636931099051, 40.332730688692656], [115.65636752433097, 40.33282075669975], [115.6561321395414, 40.33281802185349], [115.65613035256102, 40.33290808985046], [115.65601266002193, 40.33290672224343], [115.65600372421724, 40.33335706218453]], [[115.70214702017397, 40.3335237198127], [115.70226471597499, 40.33352504049725], [115.70226644165743, 40.33343497083399], [115.70214874601281, 40.33343365015362], [115.70214702017397, 40.3335237198127]], [[115.65355365134033, 40.33224749950143], [115.65367134261533, 40.332248869591915], [115.65367313282322, 40.33215880167562], [115.65402620622751, 40.33216291121587], [115.65402441648874, 40.33225297914517], [115.65437749043483, 40.33225708762109], [115.65437927970446, 40.332167019678785], [115.6546146620628, 40.33216975805554], [115.6546164510116, 40.3320796901031], [115.65473414204646, 40.3320810591076], [115.65473593083082, 40.331990991149354], [115.65497131261206, 40.331993728790565], [115.65497310107558, 40.331903660822185], [115.65520848257631, 40.33190639797593], [115.65521027071904, 40.33181632999741], [115.65544565193929, 40.33181906666369], [115.65544743976119, 40.33172899867502], [115.65556513022702, 40.33173036682426], [115.6555669178845, 40.331640298829804], [115.65544922757505, 40.33163893068489], [115.65545637874976, 40.33127865870963], [115.65533868907386, 40.331277290462324], [115.65534047700376, 40.331187222469175], [115.65522278749228, 40.3311858541065], [115.65522457557049, 40.33109578611619], [115.65510688622344, 40.331094417638155], [115.65510867444995, 40.33100434965071], [115.65475560692634, 40.331000243511426], [115.65475381823074, 40.331090311485866], [115.65463612891597, 40.33108894252904], [115.65463255118779, 40.33126907846484], [115.65451486156834, 40.33126770937966], [115.65451307253576, 40.33135777734102], [115.65439538276803, 40.331356408131796], [115.65439359357102, 40.33144647608736], [115.65404052384707, 40.331442367728464], [115.6540387341729, 40.33153243566955], [115.65368566405249, 40.33152832622036], [115.6536838739011, 40.33161839414695], [115.65380156408953, 40.331619764087385], [115.65379977408644, 40.33170983201685], [115.6540351548003, 40.33171257154729], [115.65403157539541, 40.33189270741913], [115.6539138847217, 40.3318913377051], [115.65391209485077, 40.33198140563448], [115.65355902240896, 40.331977295761135], [115.65355365134033, 40.33224749950143]], [[115.65321848553452, 40.331342709456045], [115.65333617522154, 40.331344079862276], [115.65334691867807, 40.33080367233214], [115.65346460743494, 40.33080504259264], [115.65346818820976, 40.3306249067288], [115.65358587666196, 40.330626276860926], [115.65359124729457, 40.33035607304112], [115.6533558713364, 40.330353332683195], [115.65335766184384, 40.330263264748986], [115.65300459843625, 40.3302591533274], [115.6530028074597, 40.33034922124859], [115.65288511951697, 40.330347850531005], [115.65287795490461, 40.330708122183694], [115.65299564347282, 40.330709492918636], [115.65298668830744, 40.33115983247306], [115.65310437766554, 40.33116120311], [115.65310258676462, 40.3312512710208], [115.65322027628717, 40.331252641542385], [115.65321848553452, 40.331342709456045]], [[115.65241436782681, 40.33034236646369], [115.65253205573723, 40.33034373766006], [115.65253563893312, 40.33016360185092], [115.65277101415275, 40.33016634386721], [115.65277280542585, 40.330076275951754], [115.6528904928914, 40.33007764677602], [115.65289228400009, 40.32998757885474], [115.65277459669088, 40.32998620803482], [115.65277817919667, 40.329806072196526], [115.65301355319772, 40.32980881369933], [115.65301534412578, 40.329718745769306], [115.65289765727759, 40.32971737508208], [115.65289944835393, 40.329627307154915], [115.65254638832684, 40.329623194388134], [115.65254459678144, 40.32971326230227], [115.65242690996553, 40.329711891136284], [115.65242511825568, 40.32980195904462], [115.6523074312915, 40.329800587754605], [115.65229847183919, 40.33025092725247], [115.65241615958516, 40.33025229856418], [115.65241436782681, 40.33034236646369]], [[115.65276922287158, 40.3302564117812], [115.65300459843625, 40.3302591533274], [115.65300638940471, 40.33016908540473], [115.65277101415275, 40.33016634386721], [115.65276922287158, 40.3302564117812]], [[115.64902836548515, 40.32895153294519], [115.64914605081556, 40.32895290754744], [115.64914784683056, 40.32886283974752], [115.64903016165648, 40.32886146514962], [115.64902836548515, 40.32895153294519]], [[115.63839325408756, 40.325133178600446], [115.63898164507236, 40.3251401039737], [115.63898345435517, 40.32505003649332], [115.6391011324203, 40.32505142120458], [115.63910475064877, 40.324871286230604], [115.63922242840943, 40.324872670813434], [115.63922423735512, 40.32478260331986], [115.63934191496759, 40.32478398777862], [115.63934734128676, 40.324513785275904], [115.63946501843847, 40.32451516960185], [115.63946863563118, 40.3243350345839], [115.6395863124784, 40.32433641878142], [115.6395881209062, 40.32424635126586], [115.63970579760526, 40.324247735339334], [115.6397076058686, 40.32415766781791], [115.63982528241952, 40.32415905176733], [115.63982709051837, 40.32406898424005], [115.63994476692113, 40.32407036806543], [115.63995380651157, 40.32362003038504], [115.63983613089036, 40.32361864658155], [115.63983432283227, 40.3237087141162], [115.63971664706291, 40.32370733018869], [115.63971303060966, 40.32388746524479], [115.63959535453583, 40.323886081188846], [115.63959354614066, 40.32397614871031], [115.63935819370482, 40.323973380230655], [115.6393563849889, 40.32406344774187], [115.63923870862692, 40.32406206331817], [115.63923689974649, 40.32415213082355], [115.63900154673438, 40.32414936160835], [115.63899973753317, 40.32423942910349], [115.63888206088306, 40.32423804431201], [115.63888025151738, 40.324328111801286], [115.63876257471911, 40.32432672688575], [115.63876076518895, 40.324416794369164], [115.63864308824252, 40.32441540932959], [115.6386412785479, 40.324505476807154], [115.63852360145331, 40.32450409164352], [115.63851998172696, 40.32468422658544], [115.63840230432791, 40.32468284129337], [115.63839868425627, 40.324862976220615], [115.63828100655273, 40.32486159080011], [115.63827919634836, 40.32495165825714], [115.6383968742082, 40.32495304368203], [115.63839325408756, 40.325133178600446]], [[115.59463622506121, 40.32370888141098], [115.59487157213385, 40.32371174086044], [115.5948734399491, 40.323621675035675], [115.59499111334176, 40.32362310457639], [115.59499298099227, 40.32353303874562], [115.59511065423706, 40.323534468162165], [115.59511252172284, 40.3234444023254], [115.59523019481976, 40.32344583161776], [115.59523392945349, 40.32326569993073], [115.59511625666917, 40.32326427064742], [115.59511999158178, 40.32308413896354], [115.59500231911845, 40.32308270956962], [115.59500418671843, 40.322992643729975], [115.59488651441983, 40.32299121422093], [115.59488838216767, 40.32290114838433], [115.59441769368263, 40.322895429169705], [115.5944139569282, 40.3230755608052], [115.59429628451542, 40.32307413069335], [115.59428881028029, 40.3234343939285], [115.59440648331824, 40.32343582405845], [115.59440461489467, 40.323525889868066], [115.59452228809734, 40.32352731988289], [115.59452041982166, 40.32361738569557], [115.59463809318903, 40.32361881559527], [115.59463622506121, 40.32370888141098]], [[115.60871155976162, 40.32036559684139], [115.60929990201741, 40.32037267249675], [115.60930175043902, 40.320282606065106], [115.60953708708716, 40.32028543548078], [115.6095389351879, 40.32019536903871], [115.6096566033682, 40.3201967835626], [115.60965845130433, 40.32010671711457], [115.60977611933669, 40.32010813151433], [115.6097872058409, 40.31956773276828], [115.60990487294396, 40.31956914702154], [115.60990672050924, 40.31947908055421], [115.61002438746436, 40.319480494683354], [115.61002623486502, 40.319390428210085], [115.60979090127563, 40.3193875998411], [115.60978905356244, 40.31947766630543], [115.60967138662396, 40.31947625193701], [115.60966953874616, 40.319566318395374], [115.60955187165978, 40.31956490390284], [115.60955002361736, 40.31965497035524], [115.60931468915703, 40.31965214100227], [115.60931284079376, 40.31974220744426], [115.60919517341983, 40.31974079258382], [115.60919332489196, 40.31983085901985], [115.60907565737008, 40.31982944403531], [115.60907380867759, 40.31991951046537], [115.60895614100781, 40.31991809535669], [115.60895429215071, 40.3200081617808], [115.60883662433298, 40.320006746548], [115.60883292628121, 40.32018687938284], [115.60871525815928, 40.320185464021435], [115.60871155976162, 40.32036559684139]], [[115.62288491093751, 40.317922645025185], [115.62300257583588, 40.31792404590924], [115.62300623593605, 40.317743911924936], [115.62288857135022, 40.317742511049744], [115.62288491093751, 40.317922645025185]], [[115.60701849200657, 40.30539048572703], [115.60713613436751, 40.305391902386724], [115.60713798468517, 40.305301835804], [115.60737326911976, 40.30530466875568], [115.60737696910543, 40.305124535567856], [115.60749461102293, 40.30512595185536], [115.60749646084709, 40.30503588525474], [115.60690825212379, 40.30502880264387], [115.60690455090557, 40.30520893579876], [115.60702219294585, 40.30521035256907], [115.60701849200657, 40.30539048572703]], [[115.59669209525293, 40.30400442470656], [115.59680973469077, 40.3040058518262], [115.59681159863231, 40.303915785618884], [115.5969292379224, 40.30391721261442], [115.5969348292282, 40.30364701397008], [115.5970524680583, 40.3036484408325], [115.5970561952412, 40.30346830838651], [115.59693855672342, 40.30346688153313], [115.59694042045838, 40.30337681531243], [115.59682278210515, 40.303375388344016], [115.59682091821401, 40.30346545456018], [115.59670327971304, 40.303464027467655], [115.59670700779914, 40.30328389504287], [115.59647173144697, 40.30328104051716], [115.59646986709583, 40.30337110672127], [115.5963522287762, 40.303369679274546], [115.59634663520393, 40.30363987786441], [115.59646427399198, 40.303641305324696], [115.59646240960721, 40.303731371522886], [115.59658004855982, 40.30373279886812], [115.59657818432278, 40.30382286506934], [115.59669582343993, 40.30382429229951], [115.59669209525293, 40.30400442470656]], [[115.59517771211115, 40.30326533207645], [115.59529535019053, 40.30326676071438], [115.59529721609461, 40.303176694554004], [115.59541485402627, 40.30317812306784], [115.59541671976581, 40.30308805690146], [115.59553435754975, 40.3030894852912], [115.59553622312474, 40.302999419118834], [115.59565386076095, 40.303000847384475], [115.59565759157344, 40.30282071502625], [115.5961281409533, 40.30282642685696], [115.59613187048306, 40.30264629445666], [115.59601423343776, 40.30264486668737], [115.59601609834617, 40.30255480048953], [115.59578082459302, 40.30255194460129], [115.59577895937234, 40.30264201079011], [115.59566132235224, 40.30264058266212], [115.59565945696706, 40.30273064884492], [115.59542418263985, 40.30272779222119], [115.59542231693395, 40.30281785839348], [115.59530467962685, 40.30281642989774], [115.5953028137564, 40.302906496064026], [115.59518517630156, 40.302905067444186], [115.59518331026659, 40.30299513360446], [115.59506567266405, 40.30299370486054], [115.59506194025657, 40.30317383716762], [115.59517957817138, 40.3031752659206], [115.59517771211115, 40.30326533207645]], [[115.60905906337355, 40.30343308593992], [115.60952961969315, 40.30343874333554], [115.60953331370736, 40.303258609924384], [115.60941567492725, 40.3032571957638], [115.60941752207802, 40.30316712906049], [115.60918224485506, 40.30316430038955], [115.60917854992064, 40.303344433776786], [115.6090609110094, 40.303343019253], [115.60905906337355, 40.30343308593992]], [[115.60894881543241, 40.30307140455344], [115.60930173076096, 40.3030756480845], [115.60930357805121, 40.3029855813827], [115.60942121635458, 40.30298699564944], [115.60942306348035, 40.302896928941685], [115.60954070163591, 40.30289834308436], [115.60954254859722, 40.30280827637067], [115.60966018660497, 40.302809690389296], [115.6096620334018, 40.30271962366966], [115.60977967126173, 40.302721037564226], [115.60978151789413, 40.30263097083862], [115.60989915560626, 40.30263238460916], [115.60990100207418, 40.3025423178776], [115.61001863963851, 40.302543731524096], [115.61002048594194, 40.30245366478658], [115.61013812335847, 40.302455078309016], [115.61013996949747, 40.30236501156556], [115.61025760676618, 40.30236642496396], [115.6102594527407, 40.30227635821454], [115.61049472699084, 40.30227918464367], [115.61049657264479, 40.302189117883835], [115.61026129870693, 40.30218629146365], [115.61026314466481, 40.30209622471129], [115.6101455078645, 40.30209481132632], [115.61014920006757, 40.30191467782612], [115.60979629065338, 40.30191043698064], [115.6097944440876, 40.302000503718055], [115.60967680747673, 40.30199908985929], [115.60967496074653, 40.302089156590746], [115.60955732398786, 40.30208774260793], [115.60955547709315, 40.30217780933344], [115.60920256639871, 40.30217356665413], [115.60920995580102, 40.30181329979696], [115.60909231954405, 40.3018118853493], [115.60909416702992, 40.30172181863579], [115.60897653093743, 40.301720404073045], [115.60897837857111, 40.301630337362546], [115.60886074264306, 40.30162892268469], [115.60886259042452, 40.30153885597719], [115.60862731890568, 40.30153602627177], [115.60862916699107, 40.30144595957174], [115.60839389581783, 40.301443129397015], [115.60839204742017, 40.30153319608808], [115.6082744116899, 40.30153178081689], [115.60826516879602, 40.30198211422766], [115.6083828053069, 40.30198352952125], [115.60838095685925, 40.30207359620345], [115.6084985935346, 40.302075011381966], [115.60849304861003, 40.30234521143315], [115.60861068576213, 40.30234662650553], [115.60860329303718, 40.3027068932377], [115.60872093082213, 40.302708308208416], [115.60871723472194, 40.30288844157458], [115.60883487282752, 40.3028898564347], [115.60883302492104, 40.30297992312006], [115.60895066319108, 40.302981337865084], [115.60894881543241, 40.30307140455344]], [[115.61013073871923, 40.302815345268094], [115.61036601482633, 40.30281817199006], [115.61036786068635, 40.30272810524356], [115.61013258489153, 40.30272527853054], [115.61013073871923, 40.302815345268094]], [[115.61448335208516, 40.30286756220104], [115.61471862880732, 40.30287038007461], [115.61472046889027, 40.30278031316282], [115.61483810710766, 40.30278172191578], [115.61483994702614, 40.302691654998064], [115.61495758509567, 40.302693063627], [115.61496126459552, 40.302512929778196], [115.61484362683825, 40.30251152115819], [115.61484730661714, 40.302331387312414], [115.61425911951663, 40.30232434246339], [115.61425359749377, 40.30259454316293], [115.6143712353657, 40.30259595238525], [115.61436755428788, 40.30277608618649], [115.61448519248039, 40.30277749529817], [115.61448335208516, 40.30286756220104]], [[115.61036786068635, 40.30272810524356], [115.61060313651447, 40.302730931478266], [115.6106049820539, 40.30264086472135], [115.61084025760302, 40.30264369046884], [115.61084210282185, 40.302553623701506], [115.61107737809199, 40.30255644896176], [115.61108291276177, 40.30228624862402], [115.61084763842841, 40.30228342339059], [115.61084579323456, 40.30237349016237], [115.61061051862224, 40.30237066444171], [115.61060867310778, 40.30246073120306], [115.61037339821647, 40.30245790499518], [115.61036786068635, 40.30272810524356]], [[115.59331792613075, 40.302161664509114], [115.59343556220182, 40.302163095005845], [115.593437430503, 40.30207302890014], [115.59331979458806, 40.30207159840793], [115.59331792613075, 40.302161664509114]], [[115.59355319828134, 40.302164525383], [115.59367083436925, 40.3021659556406], [115.59367270235815, 40.30207588952584], [115.59355506642636, 40.302074459272774], [115.59355319828134, 40.302164525383]], [[115.61061236412836, 40.30228059767887], [115.61073000127423, 40.30228201059452], [115.61073184661592, 40.30219194382573], [115.61061420962618, 40.302190530914565], [115.61061236412836, 40.30228059767887]], [[115.5929911821606, 40.30089644694078], [115.59357935154524, 40.30090359970523], [115.59359429552617, 40.3001830706164], [115.59347666288133, 40.30018164033884], [115.59347853099713, 40.30009157420063], [115.59300800112639, 40.30008585191299], [115.59300986985825, 40.299995785791396], [115.59289223756774, 40.29999435492512], [115.59289036867979, 40.30008442104219], [115.5927727362416, 40.30008299005183], [115.59276525998106, 40.30044325448716], [115.59288289304368, 40.300444685495656], [115.59287541727275, 40.30080494992545], [115.59299305096827, 40.3008063808325], [115.5929911821606, 40.30089644694078]], [[115.58975550212237, 40.298064290114546], [115.59010838850142, 40.298068591752845], [115.59011026095028, 40.29797852571208], [115.59034551826635, 40.29798139286413], [115.5903492625143, 40.29780126076002], [115.59046689087283, 40.29780269414764], [115.59046876282805, 40.29771262808883], [115.59070401925823, 40.29771549449636], [115.59070776251899, 40.297535362356136], [115.59059013461187, 40.297533929221224], [115.59058826282961, 40.29762399528753], [115.59023537869064, 40.29761969515189], [115.59023350643164, 40.29770976120311], [115.59011587824611, 40.29770832758093], [115.59011400582261, 40.29779839362613], [115.58987874916468, 40.29779552601404], [115.58987687642055, 40.29788559204868], [115.58975924794815, 40.29788415805877], [115.58975550212237, 40.298064290114546]], [[115.60399050019322, 40.29814686948361], [115.60410812983845, 40.29814828901246], [115.6041099837034, 40.298058222432765], [115.6039923542143, 40.29805680290841], [115.60399050019322, 40.29814686948361]], [[115.58905347729119, 40.297875551608826], [115.5891711057129, 40.29787698631602], [115.5891729793936, 40.297786920308624], [115.58905535112798, 40.29778548560597], [115.58905347729119, 40.297875551608826]], [[115.59070776251899, 40.297535362356136], [115.59082539043456, 40.29753679537151], [115.59082726189618, 40.29744672929465], [115.59070963413672, 40.29744529628382], [115.59070776251899, 40.297535362356136]], [[115.57883871080931, 40.29684961832583], [115.5789563369324, 40.29685106338788], [115.57895822410788, 40.29676099776227], [115.57884059814087, 40.296759552704785], [115.57883871080931, 40.29684961832583]], [[115.6081297248856, 40.297115680975345], [115.6083649810224, 40.29711851143731], [115.60836867730478, 40.29693837791792], [115.60860393285054, 40.296941207883776], [115.60860578066703, 40.29685114111291], [115.60872340829633, 40.296852555912025], [115.60872525594843, 40.296762489135205], [115.60860762847521, 40.29676107434055], [115.60860947627506, 40.29667100756673], [115.6084918489663, 40.29666959265702], [115.60849369691388, 40.2965795258862], [115.60825844263351, 40.29657669571709], [115.60825474610564, 40.29675682923933], [115.60813711866578, 40.296755413966494], [115.60813342179237, 40.29693554747388], [115.60801579404865, 40.296934132072536], [115.60801394544336, 40.297024198819514], [115.60813157334314, 40.29702561422534], [115.6081297248856, 40.297115680975345]], [[115.58264416041723, 40.29491435379705], [115.58287940634848, 40.294917235950116], [115.58288128818656, 40.29482717014119], [115.58276366537275, 40.29482572912899], [115.58276742933556, 40.294645597515824], [115.58253218435767, 40.29464271515105], [115.58253030206836, 40.29473278094925], [115.58264792470915, 40.29473422219596], [115.58264416041723, 40.29491435379705]], [[115.581593088315, 40.29454111514748], [115.58171071057572, 40.29454255734134], [115.58171447729676, 40.294362425801445], [115.58159685534817, 40.29436098361673], [115.581593088315, 40.29454111514748]], [[115.57936581286911, 40.29415342803291], [115.57948343434408, 40.29415487247958], [115.57948532064005, 40.294064806791276], [115.57936769932112, 40.29406336234917], [115.57936581286911, 40.29415342803291]], [[115.5813766817664, 40.293637572779545], [115.58161192314112, 40.29364045743452], [115.58161380657704, 40.29355039165509], [115.58173142712107, 40.29355183379871], [115.5817351936553, 40.293371702226274], [115.58161757342337, 40.29337026009178], [115.58161569000445, 40.29346032587417], [115.58149806962494, 40.293458883615585], [115.58149618604148, 40.293548949391926], [115.58137856551441, 40.29354750700924], [115.5813766817664, 40.293637572779545]], [[115.5817351936553, 40.293371702226274], [115.58185281389574, 40.29337314424125], [115.58185469699404, 40.293283078448226], [115.58173707690966, 40.29328163643784], [115.5817351936553, 40.293371702226274]], [[115.5824597380236, 40.292479694298336], [115.58269497549375, 40.29248257668315], [115.58269873932741, 40.29230244500217], [115.58258112090017, 40.29230100387865], [115.58257923883154, 40.292391069715315], [115.58246162025678, 40.2923896284677], [115.5824597380236, 40.292479694298336]], [[115.59034208349756, 40.29248592778814], [115.59045970263941, 40.29248736102758], [115.59046157425271, 40.29239729488605], [115.59034395526695, 40.29239586165115], [115.59034208349756, 40.29248592778814]], [[115.59046157425271, 40.29239729488605], [115.59057919324692, 40.29239872800142], [115.59058293613617, 40.29221859570486], [115.59046531745403, 40.292217162598575], [115.59046157425271, 40.29239729488605]], [[115.59022820820658, 40.292304362162824], [115.59034582702786, 40.2923057955127], [115.59035144226002, 40.292035597088436], [115.59011620556217, 40.292032730296384], [115.59011433351446, 40.2921227964302], [115.59023195201522, 40.292124229890526], [115.59022820820658, 40.292304362162824]], [[115.58246726690533, 40.29211943096697], [115.58258488501198, 40.29212087220089], [115.58258864908983, 40.291940740517205], [115.58270626689286, 40.29194218162248], [115.58270438501422, 40.29203224746961], [115.58293962095786, 40.292035129330706], [115.58294150252439, 40.291945063474444], [115.5828238847044, 40.29194362260823], [115.58282764812411, 40.291763490900365], [115.58271003062468, 40.29176204992374], [115.58271191247785, 40.29167198407216], [115.58259429514294, 40.29167054298059], [115.58259241313372, 40.2917606088276], [115.58247479565127, 40.291759167611936], [115.58247667781652, 40.29166910176948], [115.58235906049858, 40.29166766043886], [115.58236470741159, 40.291397462916294], [115.58212947373742, 40.291394579923875], [115.58212759112949, 40.29148464575708], [115.5820099741491, 40.29148320407702], [115.58200244300836, 40.291843467376786], [115.5824729134775, 40.29184923345292], [115.58247103129527, 40.291939299292416], [115.58235341350921, 40.2919378579481], [115.58235153116242, 40.292027923781546], [115.58246914910454, 40.29202936513043], [115.58246726690533, 40.29211943096697]], [[115.58799532708007, 40.292187039756236], [115.58811294558481, 40.29218847537255], [115.58811482029378, 40.29209840931742], [115.58799720194507, 40.29209697370566], [115.58799532708007, 40.292187039756236]], [[115.58305723894239, 40.29203657008197], [115.58329247493694, 40.29203945122593], [115.58329435603534, 40.291949385355984], [115.5830591203529, 40.29194650422115], [115.58305723894239, 40.29203657008197]], [[115.58800095164973, 40.29191684160004], [115.58811856968634, 40.291918277202704], [115.58812231904511, 40.2917381450821], [115.58800470132061, 40.29173670948851], [115.58800657614334, 40.29164664343054], [115.58788895858333, 40.29164520772197], [115.58788520861728, 40.29182533982737], [115.5880028264894, 40.29182677554501], [115.58800095164973, 40.29191684160004]], [[115.58566173823998, 40.29125764266744], [115.58577935501505, 40.29125908062869], [115.58578123276031, 40.291169014649746], [115.58566361614126, 40.29116757669305], [115.58566173823998, 40.29125764266744]], [[115.58155457317972, 40.29075690963714], [115.58167218887783, 40.290758351758754], [115.58167407204199, 40.29066828593196], [115.58155645649991, 40.29066684381491], [115.58155457317972, 40.29075690963714]], [[115.58273073054295, 40.29077132547497], [115.58284834632595, 40.29077276640142], [115.58285022792975, 40.290682700529], [115.5829678435652, 40.290684141331354], [115.58296972500449, 40.290594075452894], [115.58273449405414, 40.290591193737775], [115.58273073054295, 40.29077132547497]], [[115.58167407204199, 40.29066828593196], [115.58179168759256, 40.29066972792949], [115.5817935705922, 40.290579662096675], [115.58167595519767, 40.2905782201037], [115.58167407204199, 40.29066828593196]], [[115.5817935705922, 40.290579662096675], [115.58214641682675, 40.29058398735846], [115.5821482993498, 40.29049392151045], [115.58226591462227, 40.29049536302079], [115.58226779698079, 40.29040529716674], [115.58238541210572, 40.290406738552996], [115.58239105866225, 40.29013654096831], [115.58250867332755, 40.29013798222135], [115.58251055534005, 40.290047916352265], [115.58227532632998, 40.29004503373578], [115.58227344400542, 40.290135099595744], [115.58215582935708, 40.290133658103656], [115.582153946868, 40.29022372395758], [115.58203633207212, 40.290222282341425], [115.5820344494185, 40.290312348189296], [115.5819168344751, 40.290310906449065], [115.58191495165694, 40.29040097229089], [115.58179733656598, 40.290399530426576], [115.5817935705922, 40.290579662096675]], [[115.58322940987071, 40.289426100016755], [115.58334702334719, 40.28942754039672], [115.58334890419962, 40.289337474483865], [115.5832312908792, 40.28933603410846], [115.58322940987071, 40.289426100016755]], [[115.58334890419962, 40.289337474483865], [115.58346651752856, 40.289338914739744], [115.5834683982165, 40.28924884882086], [115.58335078504359, 40.28924740856953], [115.58334890419962, 40.289337474483865]], [[115.58758776801736, 40.255245490922974], [115.5878228770251, 40.25524836069855], [115.58783224018329, 40.25479802758116], [115.58771468645395, 40.25479659277577], [115.58771655921603, 40.2547065261524], [115.58759900565092, 40.25470509123219], [115.58758776801736, 40.255245490922974]], [[115.59045039065525, 40.247622788389464], [115.59092055653197, 40.24762851493951], [115.59092242457054, 40.247538448079865], [115.59115750724803, 40.24754131062979], [115.59115937496678, 40.24745124375962], [115.59139445736653, 40.24745410582313], [115.5914000595381, 40.24718390517651], [115.59116497807253, 40.24718104314018], [115.5911668457576, 40.24709097626408], [115.59057914301955, 40.24708381910755], [115.59057727455597, 40.24717388596099], [115.5902246525471, 40.24716959022144], [115.59022278360804, 40.247259657059786], [115.59010524279957, 40.247258224903405], [115.59010337369635, 40.24734829173574], [115.59022091466052, 40.24734972389667], [115.59021717674023, 40.24752985756597], [115.59045225931665, 40.247532721547955], [115.59045039065525, 40.247622788389464]]]}}, {"type": "Feature", "properties": {"year": 2023, "water_area_km2": 0.0256}, "geometry": {"type": "Polygon", "coordinates": [[[115.48204478440894, 40.200486077047216], [115.48204880238947, 40.20030595062021], [115.4819313483836, 40.20030441008275], [115.48192933924255, 40.20039447329212], [115.48181188509044, 40.200392932630656], [115.48181389438678, 40.200302869426174], [115.4815789864203, 40.20029978775564], [115.48157697681337, 40.20038985095037], [115.48145952268843, 40.20038830993155], [115.48146354220387, 40.20020818355037], [115.48181590367408, 40.20021280622019], [115.4818279592077, 40.19967242695305], [115.48159305341544, 40.199669345350856], [115.48159707247537, 40.19948921893609], [115.48136216734055, 40.199486136876956], [115.48136819679434, 40.19921594727292], [115.48125074470637, 40.19921440607932], [115.48125476460753, 40.19903427967895], [115.48195947540759, 40.19904352499523], [115.48196148441282, 40.198953461763516], [115.48219638777468, 40.19895654257292], [115.48219839646029, 40.19886647932998], [115.48360781552815, 40.19888495412224], [115.48360580870605, 40.198975017423706], [115.48442797151746, 40.198985786498824], [115.48442396002025, 40.19916591316553], [115.48430650785234, 40.199164375073835], [115.4843045019349, 40.199254438400075], [115.48418704962073, 40.1992529001844], [115.48418504353891, 40.19934296350429], [115.4840675910785, 40.19934142516461], [115.48406558483236, 40.19943148847813], [115.48371322703946, 40.199426872729774], [115.48371122031841, 40.199516936027194], [115.48359376758354, 40.199515397201296], [115.48359176069815, 40.19960546049235], [115.48347430781705, 40.19960392154246], [115.4834723007673, 40.19969398482715], [115.48335484773996, 40.199692445753264], [115.48335284052587, 40.1997825090316], [115.48323538735225, 40.19978096983373], [115.48323337997383, 40.19987103310568], [115.48311592665397, 40.199869493783815], [115.48311391911118, 40.19995955704941], [115.48299646564507, 40.19995801760355], [115.48299445793793, 40.200048080862764], [115.48275955072224, 40.200045001603925], [115.48275754269548, 40.20013506485191], [115.48252263520538, 40.20013198510683], [115.48252062685894, 40.20022204834358], [115.48228571909445, 40.200218968112274], [115.48228371042838, 40.20030903133777], [115.4821662564044, 40.20030749103854], [115.48216223873446, 40.20048761747531], [115.48204478440894, 40.200486077047216]], [[115.48136819679434, 40.19921594727292], [115.48148564889134, 40.1992174883474], [115.48148765853585, 40.1991274251382], [115.48137020659414, 40.19912588406859], [115.48136819679434, 40.19921594727292]]]}}, {"type": "Feature", "properties": {"year": 2023, "water_area_km2": 0.0077}, "geometry": {"type": "Polygon", "coordinates": [[[115.477801720951, 40.19583578093665], [115.47780977800863, 40.195475528496026], [115.47757488713684, 40.19547243900581], [115.4775769016891, 40.19538237590173], [115.47745945642208, 40.19538083098287], [115.4774614711205, 40.19529076788219], [115.47734402601785, 40.19528922284912], [115.47734604086246, 40.19519915975183], [115.47722859592412, 40.19519761460457], [115.47722658092425, 40.19528767769696], [115.47675680064069, 40.19528149589731], [115.47676083187345, 40.19510136975021], [115.47687827662021, 40.19510291536898], [115.47688029206769, 40.1950128522883], [115.47711518127791, 40.195015943158744], [115.47711719640581, 40.19492588006678], [115.47723464086927, 40.19492742531847], [115.47723665583283, 40.19483736222013], [115.47747154447647, 40.1948404523564], [115.47747355912044, 40.19475038924679], [115.47794333589563, 40.19475656807061], [115.4779413218727, 40.1948466311998], [115.47817621062529, 40.194849719906934], [115.47817218317327, 40.195029846180425], [115.4782896278737, 40.195031390365116], [115.47828358709337, 40.195301579778864], [115.47816614192716, 40.19530003557949], [115.47816010059938, 40.19557022496516], [115.47804265497648, 40.19556868063202], [115.47803862706871, 40.19574880687189], [115.47792118114434, 40.19574726240985], [115.47791916702157, 40.19583732552267], [115.477801720951, 40.19583578093665]]]}}]}