{"type": "FeatureCollection", "features": [{"type": "Feature", "properties": {"year": 2017, "water_area_km2": 0.0206}, "geometry": {"type": "Polygon", "coordinates": [[[115.86455785136705, 40.399375841156576], [115.86456239159388, 40.39910561895696], [115.86468020862903, 40.39910677592812], [115.86468323509885, 40.39892662778045], [115.86480105182693, 40.39892778462428], [115.86480407795553, 40.398747636463455], [115.86492189437654, 40.39874879317994], [115.86492340727366, 40.398658719093696], [115.86504122354452, 40.39865987568651], [115.86504273627786, 40.398569801595144], [115.86516055239862, 40.3985709580643], [115.86516206496817, 40.398480883967814], [115.86657585706601, 40.39849475219269], [115.86657736774536, 40.39840467805089], [115.8670486313684, 40.3984092969375], [115.86705014141315, 40.398319222779605], [115.86740358873114, 40.39832268567348], [115.8674050982982, 40.39823261150319], [115.86752291392754, 40.398233765557464], [115.86752442333089, 40.39814369138206], [115.8678778697889, 40.39814715281389], [115.8678793787146, 40.398057078626074], [115.86799719405728, 40.398058232193016], [115.86799870281922, 40.397968158000076], [115.86835214841727, 40.39797161796988], [115.86835365670156, 40.39788154376456], [115.86870710189005, 40.39788500264331], [115.86870860969668, 40.397794928425604], [115.87024020418059, 40.397809904371734], [115.87023869841423, 40.39789997863685], [115.86964962269202, 40.39789422103955], [115.86964811613414, 40.39798429528498], [115.86929467031155, 40.397980839275526], [115.86929316327604, 40.39807091350859], [115.86905753244775, 40.398068608894945], [115.86905602509152, 40.398158683119235], [115.86870257842929, 40.39815522528775], [115.86870107059543, 40.39824529949966], [115.86858325489801, 40.39824414664549], [115.8685817469004, 40.398334220852284], [115.86822829937815, 40.398330761558775], [115.86822679090287, 40.398420835753186], [115.86810897491878, 40.398419682411664], [115.86810746627977, 40.39850975660096], [115.8678718340181, 40.3985074495506], [115.86787032505838, 40.39859752373114], [115.86763469251007, 40.39859521619343], [115.86763318322961, 40.39868529036522], [115.86739755039464, 40.39868298234014], [115.8673960407935, 40.398773056503174], [115.86704259112128, 40.39876959355451], [115.86704108104246, 40.39885966770512], [115.8658629143419, 40.398848116705466], [115.86586442599024, 40.39875804259139], [115.86562879304587, 40.39875573095862], [115.86562728108363, 40.39884580506536], [115.86539164785266, 40.39884349294522], [115.86538559867986, 40.39920378932841], [115.86526778144679, 40.39920263307367], [115.86526626897958, 40.399292707162175], [115.8651484515964, 40.399291550783765], [115.8651469389654, 40.399381624867154], [115.86455785136705, 40.399375841156576]]]}}, {"type": "Feature", "properties": {"year": 2017, "water_area_km2": 0.0188}, "geometry": {"type": "Polygon", "coordinates": [[[115.88170257209752, 40.39584929112817], [115.88170406247865, 40.39575921647661], [115.88135062682775, 40.39575579747207], [115.88135211767296, 40.39566572282988], [115.880763059174, 40.39566002210696], [115.8807749919705, 40.3949394250614], [115.88101061283906, 40.39494170565285], [115.8810121040945, 40.394851631008386], [115.88089429381378, 40.39485049077628], [115.88089727661828, 40.39467034149022], [115.88113289655877, 40.39467262182002], [115.8811343876371, 40.39458254716761], [115.88137000729066, 40.394584827010185], [115.88136702575497, 40.394764976328005], [115.88148483590568, 40.39476611607652], [115.88148334528468, 40.39485619073685], [115.88136553497705, 40.39485505098473], [115.8813640441924, 40.39494512564001], [115.88159966512823, 40.39494740503145], [115.88160264606314, 40.39476725570501], [115.88172045622728, 40.39476839521353], [115.88172343682143, 40.39458824587408], [115.88195905654226, 40.39459052451669], [115.88196203648182, 40.394410375157], [115.88207984603848, 40.3944115142911], [115.88208133584126, 40.39432143960547], [115.88243476408078, 40.39432485627697], [115.88243625340607, 40.39423478157907], [115.88255406267577, 40.394235920225974], [115.8825510843323, 40.39441606962751], [115.88243327474878, 40.3944149309734], [115.88243178541003, 40.39450500566839], [115.88207835622899, 40.394501588975274], [115.88207686641275, 40.39459166365799], [115.88219467628998, 40.3945928026793], [115.88219169695121, 40.39477295204759], [115.882309507149, 40.3947740909561], [115.88231099666481, 40.39468401626908], [115.8824288067124, 40.39468515505399], [115.88242582798789, 40.3948653044338], [115.88230801762647, 40.39486416564168], [115.8823050385612, 40.39504431500846], [115.88254065991849, 40.39504659248712], [115.88253917068964, 40.395136667175535], [115.88265698153526, 40.395137805738464], [115.88264655784361, 40.39576832854191], [115.88252874589948, 40.39576718995376], [115.88252725661685, 40.39585726463056], [115.88170257209752, 40.39584929112817]]]}}, {"type": "Feature", "properties": {"year": 2017, "water_area_km2": 0.0315}, "geometry": {"type": "Polygon", "coordinates": [[[115.85180913361376, 40.39375451445833], [115.8518106637162, 40.39366444070578], [115.85169285669532, 40.393663270751546], [115.85169438694773, 40.393573197001245], [115.85157658009068, 40.393572026930734], [115.85157964088864, 40.393391879433175], [115.8514618343523, 40.393390709250085], [115.85146336489784, 40.39330063550281], [115.8513455585253, 40.39329946520343], [115.85134861990946, 40.393119317711935], [115.85123081385763, 40.39311814729997], [115.85123234469626, 40.39302807355574], [115.85111453880825, 40.393026903027504], [115.85111760077855, 40.392846755542095], [115.85135321193387, 40.39284909646378], [115.85135474259485, 40.39275902271147], [115.85159035346399, 40.392761363145816], [115.8515888231168, 40.392851436905524], [115.85170662871863, 40.39285260694642], [115.85170356831735, 40.393032754468855], [115.85193918016931, 40.39303509420549], [115.8519376502721, 40.39312516797193], [115.85264448693513, 40.39313218432432], [115.85264295797246, 40.3932222581115], [115.85276076426402, 40.3932234270873], [115.85276229306979, 40.39313335329642], [115.85288009921136, 40.39313452214854], [115.85287857056248, 40.39322459594312], [115.85299637686782, 40.39322576467895], [115.85299790535979, 40.393135690880676], [115.85311571151514, 40.39313685949281], [115.85311876816458, 40.39295671188448], [115.85335437986835, 40.392959048734006], [115.8533559078689, 40.392868974920276], [115.85359151928647, 40.392871311282455], [115.85359304696634, 40.39278123745986], [115.85382865809764, 40.392783573334704], [115.85383018545681, 40.39269349950327], [115.85394799087591, 40.39269466725702], [115.85395104525978, 40.39251451958238], [115.85406885037197, 40.39251568720876], [115.85407037739667, 40.39242561336556], [115.85418818235885, 40.39242678086824], [115.85418970921974, 40.3923367070199], [115.85430751403193, 40.39233787439891], [115.85430904072905, 40.39224780054541], [115.85442684539122, 40.392248967800754], [115.854429898451, 40.392068820081995], [115.85454770280626, 40.392069987209965], [115.85454922916891, 40.39197991334471], [115.85466703337417, 40.391981080349005], [115.85467008576505, 40.39180093260674], [115.8547878896634, 40.39180209948366], [115.8547894156916, 40.391712025606665], [115.85526063072629, 40.39171669189974], [115.85525910532564, 40.3918067657915], [115.85537690925842, 40.39180793206851], [115.85537233348587, 40.39207815374615], [115.85525452908243, 40.392076987458076], [115.85524385094068, 40.392707504629136], [115.85512604544581, 40.39270633819525], [115.8551229941724, 40.392886485937936], [115.85500518837063, 40.39288531937666], [115.85500366256669, 40.392975393242125], [115.8548858566149, 40.39297422655718], [115.85488433064718, 40.39306430041749], [115.85476652454535, 40.39306313360887], [115.85476499841386, 40.393153207464046], [115.85464719216202, 40.39315204053174], [115.85464566586673, 40.393242114381756], [115.85452785946487, 40.39324094732577], [115.85452633300575, 40.393331021170646], [115.85429071990892, 40.39332868669132], [115.85428919312912, 40.393418760527354], [115.8541713864341, 40.393417593104004], [115.85416985949053, 40.393507666934894], [115.85381643897615, 40.39350416393384], [115.85381491155495, 40.393594237752176], [115.8534614906319, 40.39359073366013], [115.85345996273307, 40.393680807465934], [115.85310654140133, 40.39367730228289], [115.85310501302492, 40.39376737607613], [115.85180913361376, 40.39375451445833]]]}}, {"type": "Feature", "properties": {"year": 2017, "water_area_km2": 0.0204}, "geometry": {"type": "Polygon", "coordinates": [[[115.4930680130101, 40.37089720191873], [115.49307001946185, 40.370807140907615], [115.49295226937811, 40.37080560621897], [115.49295427597744, 40.37071554521121], [115.49283652605938, 40.370714010407575], [115.4928385328063, 40.370623949403196], [115.49295628256773, 40.370625484201966], [115.49296029572118, 40.37044536217901], [115.49319579464468, 40.37044843139762], [115.49319780089455, 40.37035837037419], [115.49343329954098, 40.37036143910374], [115.49343530546852, 40.37027137806913], [115.49390630224345, 40.37027751407075], [115.49390429694242, 40.370367575124796], [115.49413979569742, 40.3703706424163], [115.49414180068518, 40.37028058135255], [115.49437729916309, 40.370283648154995], [115.49438130848493, 40.37010352600361], [115.49449905742419, 40.370105059215376], [115.49450106191492, 40.3700149981326], [115.49461881070658, 40.37001653121968], [115.49462482365462, 40.36974634794787], [115.49450707533283, 40.36974481487535], [115.49450907978738, 40.36965475378663], [115.49462682795252, 40.3696562868543], [115.49463284079206, 40.3693861035646], [115.49475058849634, 40.36938763649788], [115.49475259260149, 40.369297575393496], [115.4948703401582, 40.3692991082021], [115.49487234409767, 40.36920904709136], [115.4949900915068, 40.369210579775284], [115.4949920952806, 40.36912051865821], [115.49522758981274, 40.36912358365685], [115.49522959326427, 40.369033522528575], [115.49558283466037, 40.36903811911325], [115.49558083167874, 40.36912818025607], [115.49569857898548, 40.36912971221613], [115.49569056759506, 40.36948995679186], [115.49580831553735, 40.36949148865149], [115.49579830187919, 40.36994179436187], [115.49568055315376, 40.369940262478], [115.49567855023841, 40.370030323610756], [115.49556080136537, 40.370028791602195], [115.49555679519426, 40.370208913853574], [115.49543904601703, 40.37020738171548], [115.49543704276128, 40.37029744283407], [115.49520154412062, 40.3702943781887], [115.49519954054259, 40.370384439296096], [115.49508179107917, 40.3703829067888], [115.49507978733547, 40.37047296788988], [115.49496203772445, 40.3704714352579], [115.49496003381506, 40.370561496352614], [115.49484228405646, 40.370559963595944], [115.4948402799814, 40.37065002468433], [115.49448703028995, 40.37064542568074], [115.49448502573594, 40.37073548675309], [115.49389627564788, 40.370727819326056], [115.49389828098509, 40.37063775827799], [115.49378053115126, 40.37063622443791], [115.49377852565742, 40.370726285481155], [115.49366077567598, 40.37072475151638], [115.49365877001647, 40.37081481255327], [115.49330551965656, 40.3708102099254], [115.49330351351806, 40.37090027094622], [115.4930680130101, 40.37089720191873]]]}}, {"type": "Feature", "properties": {"year": 2017, "water_area_km2": 0.187}, "geometry": {"type": "Polygon", "coordinates": [[[115.48765956590495, 40.370466238825834], [115.48766157952564, 40.37037617803254], [115.4873083324326, 40.37037155712787], [115.48731034651412, 40.370281496347694], [115.48719259765791, 40.370279955811334], [115.48719461188696, 40.370189895034564], [115.48707686319646, 40.370188354383245], [115.4870788775731, 40.37009829360985], [115.4869611290483, 40.37009675284358], [115.48696314357244, 40.37000669207356], [115.48672764686343, 40.37000361019125], [115.48673167651097, 40.36982348866628], [115.4864961804648, 40.36982040632413], [115.4864981955882, 40.36973034556916], [115.48638044773539, 40.369728804223215], [115.48638246300634, 40.36963874347163], [115.48626471531922, 40.369637202010736], [115.4862667307377, 40.369547141262544], [115.4861489832163, 40.36954559968669], [115.48615099878232, 40.36945553894186], [115.48603325142665, 40.36945399725105], [115.48603526714017, 40.369363936509636], [115.48579977276937, 40.369360852778286], [115.48580178878706, 40.369270792045135], [115.48509530683268, 40.369261538004416], [115.48511144216455, 40.36854105231974], [115.48499369645697, 40.36853950959927], [115.48500176453099, 40.368179266740704], [115.48488401945896, 40.368177723919935], [115.48489208801388, 40.36781748105704], [115.4847743435774, 40.367815938135955], [115.48478241261316, 40.36745569526874], [115.4849001564232, 40.36745723817028], [115.48490217350277, 40.367367177444876], [115.4850199171653, 40.3673687202217], [115.48502193407919, 40.367278659489926], [115.48525742111833, 40.36728174467436], [115.4852594377099, 40.3671916839313], [115.48667235882945, 40.36721018491425], [115.48667437353264, 40.36712012411118], [115.48773406382176, 40.367133988481264], [115.48773607710642, 40.367043927632835], [115.48879576672172, 40.36705778225343], [115.48879777858782, 40.366967721359664], [115.48926875135976, 40.36697387583396], [115.48927076259035, 40.366883814919234], [115.48938850564943, 40.366885353233386], [115.48939051671437, 40.36679529231228], [115.48950825962588, 40.36679683050175], [115.48951228141532, 40.366616708645346], [115.4896300240227, 40.366618246705265], [115.48963203474722, 40.366528185769965], [115.489985262154, 40.36653279921616], [115.48998325189929, 40.366622860166046], [115.49021873719572, 40.36662593520748], [115.49021672724515, 40.366715996165624], [115.49045221289104, 40.366719070737496], [115.49044819358915, 40.36689919266876], [115.49056593673889, 40.366900729784696], [115.49056392723095, 40.36699079075295], [115.49079941387085, 40.36699386463507], [115.49079740466708, 40.367083925611574], [115.49115063516471, 40.36708853555068], [115.49114862642169, 40.367178596540285], [115.49138411377866, 40.36718166924362], [115.49138210533978, 40.367271730241455], [115.49149984918847, 40.367273266418245], [115.49149784089714, 40.36736332741946], [115.4917333289349, 40.367366399423304], [115.49173132094774, 40.367456460432734], [115.49184906513679, 40.36745799625978], [115.4918470572972, 40.367548057272586], [115.49196480165193, 40.367549592984666], [115.49196279395987, 40.36763965400085], [115.4923160275483, 40.36764426043272], [115.49231402031701, 40.367734321461974], [115.4924317650212, 40.36773585670447], [115.49242975793749, 40.36782591773711], [115.49254750280734, 40.36782745286464], [115.49254348892597, 40.36800757493514], [115.49242574374288, 40.36800603979789], [115.49242373663199, 40.36809610082605], [115.4925414819717, 40.368097635968155], [115.49253746803602, 40.36827775802973], [115.49265521369801, 40.36827929306172], [115.49264517948343, 40.36872959821386], [115.49252743303833, 40.368728063157576], [115.49252542601164, 40.36881812417868], [115.49228993283538, 40.36881505369692], [115.49229194017532, 40.368724992685536], [115.49217419375739, 40.36872345726976], [115.49217218626085, 40.36881351827628], [115.49205443969535, 40.368811982735835], [115.49204640899205, 40.3691722267276], [115.49192866180914, 40.369170691047884], [115.49192665395405, 40.36926075203724], [115.49180890662355, 40.36925921623281], [115.49180689860279, 40.36934927721582], [115.4914536561958, 40.369344669069], [115.49145164769607, 40.36943473003593], [115.49098065732042, 40.36942858414305], [115.49097864818515, 40.369518645089045], [115.49062540502872, 40.36951403439655], [115.4906233954145, 40.36960409532649], [115.49038789970895, 40.369601020922595], [115.4903858897724, 40.36969108184129], [115.49015039378988, 40.36968800694834], [115.490148383531, 40.36977806785581], [115.48991288727147, 40.36977499247379], [115.4899108766903, 40.36986505337005], [115.48955763189915, 40.36986043938367], [115.489555620839, 40.369950500263826], [115.48932012404367, 40.369947423663994], [115.4893181126612, 40.37003748453294], [115.4890826155889, 40.370034407444024], [115.48908060388408, 40.37012446830175], [115.48884510653482, 40.37012139072376], [115.48884309450769, 40.37021145157024], [115.48860759688147, 40.370208373503175], [115.48860558453198, 40.37029843433843], [115.48837008662883, 40.37029535578227], [115.48836807395698, 40.3703854166063], [115.4878970776331, 40.370379258036465], [115.48789506432567, 40.37046931883952], [115.48765956590495, 40.370466238825834]]]}}, {"type": "Feature", "properties": {"year": 2017, "water_area_km2": 0.0088}, "geometry": {"type": "Polygon", "coordinates": [[[115.4525353747409, 40.366398010379484], [115.45253743482095, 40.36630795100054], [115.45241969479275, 40.366306375188465], [115.45242175502007, 40.36621631581303], [115.45230401515774, 40.36621473988612], [115.45230607553238, 40.36612468051416], [115.45218833583591, 40.366123104472436], [115.45219039635785, 40.36603304510398], [115.45207265682726, 40.366031468947426], [115.4520747174965, 40.365941409582476], [115.45195697813178, 40.36593983331109], [115.45195903894832, 40.36584977394961], [115.45184129974949, 40.36584819756342], [115.4518433607133, 40.36575813820544], [115.45160788265673, 40.36575498508358], [115.45161200518278, 40.36557486638311], [115.45149426648163, 40.365573289652446], [115.45150045067072, 40.365303111605485], [115.45161818890216, 40.36530468832118], [115.45162025012334, 40.36521462896423], [115.45209120251566, 40.365220934608985], [115.4520891419208, 40.365310993985894], [115.4522068801987, 40.365312570102546], [115.45220481975113, 40.365402629482965], [115.4523225581949, 40.3654042054848], [115.45232049789462, 40.365494264868694], [115.45243823650428, 40.36549584075572], [115.45243411618897, 40.365675959529], [115.45255185512111, 40.365677535306176], [115.4525497951061, 40.365767594695576], [115.45266753420408, 40.365769170357915], [115.4526654743364, 40.36585922975081], [115.45278321360026, 40.365860805298325], [115.45278115387987, 40.36595086469472], [115.45301663274864, 40.365954015440295], [115.45301457333214, 40.36604407484515], [115.45313231293706, 40.36604565004321], [115.45312407580441, 40.366405887667604], [115.4525353747409, 40.366398010379484]]]}}, {"type": "Feature", "properties": {"year": 2017, "water_area_km2": 2.2526}, "geometry": {"type": "Polygon", "coordinates": [[[115.45938032610623, 40.37612871700034], [115.45938237778083, 40.376038657482724], [115.459146863102, 40.37603551905395], [115.4591489150807, 40.37594545954476], [115.45903115791185, 40.375943890155554], [115.45903321003794, 40.37585383064983], [115.458915453035, 40.375852261145745], [115.45891750530852, 40.3757622016435], [115.45856423482525, 40.37575749242701], [115.45856628755952, 40.37566743293816], [115.45844853090695, 40.37566586296459], [115.45845058378862, 40.37557580347922], [115.45833282730196, 40.37557423339077], [115.45833488033102, 40.37548417390889], [115.4582171240103, 40.37548260370554], [115.45821917718676, 40.375392544227125], [115.45798366488647, 40.37538940347083], [115.45798777183826, 40.37520928452939], [115.45775226020164, 40.37520614331356], [115.45775431397698, 40.375116083850536], [115.45763655832921, 40.37511451306782], [115.4576406661654, 40.374934394147225], [115.45752291084023, 40.3749328232546], [115.45752496490108, 40.37484276379704], [115.45740720974183, 40.374841192789525], [115.45741131814904, 40.37466107387986], [115.457175808485, 40.37465793152518], [115.45717786298802, 40.37456787207805], [115.45694235367436, 40.374564729253926], [115.45694440848143, 40.37447466981524], [115.45682665399515, 40.37447309822837], [115.45683076389479, 40.37429297935649], [115.45659525557667, 40.37428983584311], [115.45659731082588, 40.374199776414855], [115.45647955683738, 40.37419820448337], [115.45648161223397, 40.374108145058614], [115.45636385841142, 40.374106573012256], [115.45636796949009, 40.3739264541682], [115.45613246249938, 40.373923309735844], [115.45613451833813, 40.373833250321525], [115.45601676501333, 40.37383167793057], [115.45601882099943, 40.37374161851971], [115.45590106784056, 40.37374004601387], [115.45590312397405, 40.373649986606516], [115.45578537098112, 40.37364841398581], [115.45578742726195, 40.373558354581945], [115.4555519216172, 40.37355520899094], [115.45555397820208, 40.373465149595525], [115.45543622555024, 40.37346357662524], [115.45543828228249, 40.37337351723331], [115.45532052979661, 40.37337194414816], [115.4553225866762, 40.373281884759706], [115.45520483435624, 40.37328031155969], [115.45520689138321, 40.37319025217473], [115.45508913922917, 40.37318867885984], [115.45509119640353, 40.37309861947836], [115.45497344441542, 40.373097046048635], [115.45497550173711, 40.37300698667063], [115.45485774991491, 40.37300541312602], [115.45485980738398, 40.37291535375151], [115.4547420557277, 40.37291378009204], [115.45474411334415, 40.372823720721016], [115.45462636185381, 40.37282214694669], [115.4546284196176, 40.372732087579145], [115.45451066829318, 40.37273051368995], [115.45451478410617, 40.372550394960356], [115.45427928211176, 40.37254724684238], [115.45428134031762, 40.3724571874853], [115.45404583867361, 40.372454038897914], [115.45404789718346, 40.37236397954931], [115.453930146532, 40.37236240508084], [115.45393220518923, 40.37227234573573], [115.45369670422748, 40.372269196449245], [115.45369876318865, 40.37217913711259], [115.45346326257736, 40.37217598735673], [115.45346532184253, 40.372085928028554], [115.45322982158166, 40.3720827778033], [115.45323188115081, 40.3719927184836], [115.45311413119096, 40.371991143196205], [115.45311619090745, 40.37190108387999], [115.45288069132886, 40.37189793295565], [115.45288275134932, 40.37180787364791], [115.45276500173058, 40.37180629801098], [115.45276706189843, 40.37171623870673], [115.45264931244562, 40.37171466295494], [115.45265137276077, 40.3716246036542], [115.45253362347388, 40.371623027787564], [115.45253568393639, 40.37153296849031], [115.45241793481543, 40.37153139250882], [115.45242205602581, 40.3713512739198], [115.45230430722741, 40.37134969782845], [115.45230636797527, 40.37125963853668], [115.45218861934282, 40.37125806233049], [115.452190680238, 40.371168003042214], [115.45207293177148, 40.37116642672118], [115.45207499281399, 40.3710763674364], [115.45195724451338, 40.371074791000524], [115.45195930570324, 40.37098473171923], [115.45184155756856, 40.3709831551685], [115.45184361890574, 40.37089309589071], [115.45172587093698, 40.37089151922514], [115.45172793242149, 40.370801459950854], [115.45149243682513, 40.37079830627019], [115.45149449861357, 40.37070824700437], [115.45137675098597, 40.370706669989296], [115.45137881292176, 40.370616610726984], [115.45126106546009, 40.37061503359705], [115.45126312754317, 40.37052497433824], [115.45114538024741, 40.370523397093464], [115.45114744247785, 40.37043333783813], [115.45102969534803, 40.37043176047853], [115.45103175772576, 40.37034170122671], [115.45079626380725, 40.37033854615799], [115.45079832648892, 40.37024848691466], [115.45068057970025, 40.37024690920554], [115.45068264252924, 40.3701568499657], [115.45044714929305, 40.37015369419798], [115.45044921242598, 40.370063634966634], [115.45033146597846, 40.37006205690802], [115.45033352925871, 40.369971997680175], [115.45021578297712, 40.36997041950673], [115.45021784640467, 40.36988036028238], [115.450100100289, 40.3698787819941], [115.45010216386387, 40.36978872277325], [115.44998441791412, 40.36978714437014], [115.4499864816363, 40.36969708515279], [115.44986873585248, 40.36969550663485], [115.44987079972194, 40.369605447421], [115.44975305410406, 40.369603868788225], [115.44975511812083, 40.36951380957787], [115.44963737266889, 40.36951223083026], [115.44964150098774, 40.36933211241508], [115.4494060107382, 40.36932895458037], [115.44940807519689, 40.369238895380526], [115.4492903302427, 40.369237316288434], [115.44929858861074, 40.368877079494105], [115.44941633293848, 40.36887865856622], [115.4494183973506, 40.3687885993589], [115.44953614153106, 40.3687901783062], [115.44954233424171, 40.36852000066029], [115.44966007796165, 40.36852157947276], [115.4496621420233, 40.36843152024948], [115.44977988559594, 40.36843309893714], [115.44977782169089, 40.368523158165424], [115.45001330917731, 40.36852631519127], [115.45001537276916, 40.368436255953], [115.45025085997959, 40.36843941248957], [115.45024879670096, 40.36852947173783], [115.45048428426188, 40.368532627805095], [115.45048222128713, 40.36862268706185], [115.45071770919846, 40.36862584265983], [115.45071564652766, 40.368715901925064], [115.45201083242777, 40.36873324920147], [115.45201289337591, 40.36864318988134], [115.45530973090153, 40.36868728102192], [115.45531178745529, 40.36859722156077], [115.45578276421234, 40.36860351260654], [115.45578482013042, 40.368513453123995], [115.45590256418625, 40.36851502558089], [115.45590667568135, 40.36833490660137], [115.45578893193871, 40.36833333415441], [115.45579304370993, 40.368153215178836], [115.45591078713933, 40.36815478761586], [115.45591489856025, 40.36797466862437], [115.45603264168571, 40.3679762409316], [115.45603880827773, 40.367706062418236], [115.45592106562204, 40.36770449012593], [115.45592312129077, 40.36761443062347], [115.45580537880097, 40.36761285821631], [115.4558094904238, 40.36743273921686], [115.45557400609844, 40.36742959406301], [115.45557606220916, 40.36733953457099], [115.45545832021699, 40.3673379618193], [115.45546037647502, 40.36724790233077], [115.45534263464872, 40.36724632946425], [115.45534469105408, 40.367156269979205], [115.45522694939366, 40.36715469699784], [115.45522900594632, 40.36706463751627], [115.45511126445177, 40.36706306442008], [115.45511537784249, 40.36688294546242], [115.45499763667041, 40.366881372256366], [115.45499969350844, 40.366791312780265], [115.45488195250225, 40.366789739459364], [115.45488400948759, 40.36669967998676], [115.45476626864726, 40.36669810655103], [115.45476832577991, 40.366608047081904], [115.45465058510545, 40.36660647353134], [115.45465264238543, 40.3665164140657], [115.45453490187684, 40.3665148404003], [115.45453695930414, 40.366424780938154], [115.45465469965613, 40.36642635459857], [115.45465675691754, 40.36633629512995], [115.45583415938181, 40.36635202509462], [115.455836215068, 40.36626196557473], [115.45607169535897, 40.366265110119954], [115.45607375072275, 40.3661750505886], [115.45619149072556, 40.36617662267652], [115.45619765629148, 40.365906444058616], [115.45607991675844, 40.36590487198563], [115.45608402740253, 40.3657247529095], [115.45596628819195, 40.36572318072665], [115.45596834365665, 40.36563312119132], [115.45585060461191, 40.365631548893624], [115.45585266022397, 40.36554148936178], [115.45573492134508, 40.36553991694926], [115.45574108859532, 40.365269738359686], [115.45632978073364, 40.36527759914958], [115.45633183568226, 40.365187539591865], [115.45644957398116, 40.36518911138543], [115.45644751918913, 40.36527917094813], [115.45668299612787, 40.3652823141858], [115.45668505060674, 40.36519225461316], [115.45680278893346, 40.36519382604731], [115.45680484324647, 40.36510376646821], [115.45668710507634, 40.36510219503902], [115.45669737728535, 40.36465189714595], [115.45657963990737, 40.36465032562183], [115.45658374903927, 40.364470206464084], [115.45646601198374, 40.364468634830104], [115.45646806669237, 40.364378575253966], [115.45635032980267, 40.36437700350516], [115.45635443950526, 40.36419688435835], [115.45647217608177, 40.36419845609721], [115.4564742307626, 40.3641083965166], [115.45659196719181, 40.3641099681307], [115.45659402170679, 40.364019908543604], [115.45671175798869, 40.3640214800329], [115.45671381233781, 40.36393142043935], [115.45706702076946, 40.36393613417354], [115.45706907463959, 40.36384607456359], [115.45954153270664, 40.36387904040798], [115.4595435832795, 40.36378898069221], [115.45977905537606, 40.36379211753102], [115.45977700511635, 40.36388217725672], [115.46118984035131, 40.363900988285614], [115.46119188873213, 40.3638109285004], [115.46154509727911, 40.363815628547144], [115.461547145181, 40.36372556874555], [115.46190035334138, 40.3637302676992], [115.4619024007643, 40.36364020788125], [115.462608816395, 40.3636496025241], [115.46261086286925, 40.363559542674935], [115.46484784491666, 40.363589263829915], [115.46484988840685, 40.363499203885176], [115.46638045495305, 40.36351951442884], [115.46638249639857, 40.36342945441836], [115.4676775906618, 40.36344662439457], [115.46767555093857, 40.36353668445939], [115.46802875912788, 40.363541364679115], [115.4680267198652, 40.363631424757266], [115.46826219235052, 40.363634544314586], [115.46826015339177, 40.363724604401106], [115.46849562622707, 40.36372772348909], [115.46849358757228, 40.363817783584004], [115.46861132416029, 40.363819342953214], [115.46860928565289, 40.363909403051565], [115.46872702240665, 40.363910962305916], [115.46872498404663, 40.36400102240769], [115.46884272096617, 40.36400258154717], [115.46883864453167, 40.36418270175612], [115.4689563817736, 40.36418426078566], [115.46895434369911, 40.36427432089284], [115.4690720811068, 40.3642758798075], [115.46907004317973, 40.36436593991812], [115.46918778075319, 40.3643674987179], [115.46918574297348, 40.364457558831965], [115.46930348071271, 40.36445911751688], [115.4693014430804, 40.36454917763436], [115.4694191809854, 40.36455073620441], [115.46941510600638, 40.36473085644479], [115.46953284423374, 40.36473241490488], [115.46952469479176, 40.36509265538746], [115.46964243365461, 40.36509421374746], [115.46964447087232, 40.36500415362411], [115.46987994831248, 40.36500726997484], [115.46987791140796, 40.36509733010805], [115.4699956502984, 40.36509888810862], [115.46999157677494, 40.36527900838041], [115.47010931598774, 40.365280566271025], [115.47010727936883, 40.36537062640961], [115.47034275813517, 40.36537374184128], [115.47034072182026, 40.36546380198823], [115.47057620093653, 40.36546691695051], [115.4705741649256, 40.365556977105825], [115.4706919046541, 40.36555853441217], [115.47068986879057, 40.365648594570935], [115.47080760868484, 40.36565015176239], [115.4708055729687, 40.36574021192458], [115.47092331302878, 40.365741769001154], [115.47091924188214, 40.365921889330906], [115.47103698226456, 40.36592344629752], [115.4710349468341, 40.36601350646508], [115.47115268738226, 40.366015063316816], [115.47115065209918, 40.366105123487806], [115.47185709652065, 40.366114462111625], [115.47185506216799, 40.36620452231068], [115.47209054402842, 40.36620763423662], [115.47208850997974, 40.36629769444402], [115.472441733309, 40.366302361449065], [115.47243969972092, 40.36639242166975], [115.47255744100563, 40.366393977103385], [115.472555407565, 40.36648403732751], [115.4727908904751, 40.36648714784518], [115.4727868241927, 40.366667268308625], [115.47302230776587, 40.36667037836669], [115.47302027492412, 40.36676043860602], [115.47313801688107, 40.36676199346026], [115.47313598418674, 40.36685205370302], [115.47325372630947, 40.36685360844235], [115.47325169376256, 40.36694366868853], [115.47336943605104, 40.36694522331297], [115.47336740365157, 40.36703528356258], [115.47348514610583, 40.3670368380721], [115.4734831138538, 40.36712689832517], [115.47360085647384, 40.3671284527198], [115.47359882436923, 40.36721851297625], [115.47383430995, 40.3672216214159], [115.47383227814943, 40.36731168168071], [115.47395002111017, 40.367313235725724], [115.47394798945706, 40.367403295993945], [115.47406573258355, 40.36740484992405], [115.4740637010779, 40.36749491019571], [115.47418144437015, 40.36749646401092], [115.47417941301192, 40.36758652428601], [115.47429715646994, 40.367588077986305], [115.47429512525918, 40.367678138264814], [115.47441286888296, 40.3676796918502], [115.47441083781963, 40.36776975213213], [115.47452858160922, 40.367771305602616], [115.4745265506933, 40.36786136588798], [115.47476203861318, 40.367864472479305], [115.47475797738034, 40.36804459306521], [115.47499346596327, 40.36804769919691], [115.47499143564633, 40.368137759497436], [115.47510918010813, 40.36813931238847], [115.47510714993867, 40.36822937269244], [115.47534263920299, 40.368232478124845], [115.47534060933758, 40.368322538437134], [115.47545835414007, 40.36832409097851], [115.47545632442211, 40.36841415129423], [115.47557406939042, 40.368415703720686], [115.4755720398199, 40.36850576403984], [115.47580753009717, 40.368508868543096], [115.47580550083072, 40.36859892887059], [115.4759232461397, 40.36860048094739], [115.47592121702074, 40.36869054127829], [115.4760389624955, 40.36869209324018], [115.47603693352396, 40.36878215357449], [115.47615467916448, 40.368783705421464], [115.47615265034042, 40.368873765759204], [115.47627039614672, 40.368875317491266], [115.47626836747014, 40.368965377832424], [115.47650385942339, 40.368968480946855], [115.4765018310509, 40.36905854129634], [115.47661957719788, 40.36906009267873], [115.47661754897284, 40.36915015303163], [115.47673529528558, 40.36915170429911], [115.47673326720802, 40.36924176465542], [115.47696876017422, 40.36924486684069], [115.47696673240074, 40.36933492720533], [115.47708447905417, 40.369336478123124], [115.47708245142817, 40.36942653849119], [115.47720019824737, 40.36942808929407], [115.47719817076884, 40.36951814966554], [115.47743366474793, 40.369521250921615], [115.47743163757349, 40.36961131130141], [115.47754938473338, 40.369612861754604], [115.47754735770644, 40.36970292213782], [115.47778285236687, 40.36970602269453], [115.47778082564405, 40.36979608308606], [115.4778985731446, 40.36979763318957], [115.47789654656926, 40.36988769358451], [115.47801429423558, 40.36988924357309], [115.47801226780771, 40.36997930397147], [115.4781300156398, 40.36998085384512], [115.47812798935941, 40.370070914246895], [115.47824573735728, 40.37007246400562], [115.47824371122438, 40.3701625244108], [115.47847920756077, 40.370165623578565], [115.478477181732, 40.37025568399207], [115.47883042677502, 40.37026033185967], [115.47882840140699, 40.37035039228637], [115.47906389846128, 40.37035349027541], [115.4790537730504, 40.37080379243563], [115.47917152237437, 40.3708053412749], [115.47916747245934, 40.370985462138364], [115.47928522210576, 40.370987010867594], [115.47928117246747, 40.371167131734886], [115.47939892243625, 40.371168680354074], [115.47939284838021, 40.37143886165854], [115.4792750979415, 40.371437313024636], [115.47927307308123, 40.37152737345157], [115.479155322495, 40.37152582469293], [115.47915329746895, 40.37161588511347], [115.47891779601063, 40.37161278722687], [115.4789157706622, 40.37170284763612], [115.47879801979009, 40.371701298508164], [115.47879599427588, 40.37179135891102], [115.47867824325628, 40.37178980965832], [115.47867621757628, 40.37187987005478], [115.47855846640917, 40.371878320677325], [115.4785564405634, 40.3719683810674], [115.47843868924876, 40.37196683156521], [115.47843666323722, 40.37205689194888], [115.47820116032212, 40.372053792575166], [115.47819913398814, 40.37214385294753], [115.47796363079634, 40.37214075308465], [115.47796160413992, 40.372230813445725], [115.47784385240108, 40.37222926332961], [115.47784182557889, 40.37231932368429], [115.47772407369256, 40.37231777344343], [115.47772204670456, 40.372407833791705], [115.47760429467074, 40.37240628342609], [115.47760226751694, 40.37249634376797], [115.47736676316342, 40.37249324266742], [115.47736270820184, 40.37267336332708], [115.4772449557255, 40.37267181258722], [115.47724292807433, 40.372761872909905], [115.47806719669727, 40.37277272560654], [115.47806922325191, 40.372682665249506], [115.47830472834174, 40.37268576493157], [115.47830675457391, 40.37259570456324], [115.47866001180728, 40.372600353172786], [115.47866203756038, 40.37251029278825], [115.47877978983313, 40.372511842080165], [115.47878181542046, 40.37242178168925], [115.4788995675457, 40.37242333085643], [115.47890159296725, 40.372333270459116], [115.47901934494497, 40.37233481950154], [115.47902137020073, 40.372244759097825], [115.47937462571883, 40.37224940549136], [115.47937260093299, 40.37233946590978], [115.47972585700323, 40.372344111239435], [115.47972788131912, 40.37225405080632], [115.480198888914, 40.37226024288178], [115.48020091259419, 40.37217018242759], [115.48090742332052, 40.372179466916116], [115.48090540058021, 40.3722695273997], [115.48114090454196, 40.37227262128026], [115.48113888210581, 40.372362681772145], [115.48125663425702, 40.37236422853755], [115.48124450038846, 40.37290459148687], [115.48112674729734, 40.37290304469209], [115.48112472479735, 40.37299310517353], [115.48100697155873, 40.37299155825401], [115.48100494889293, 40.37308161872906], [115.4808871955068, 40.373080071684804], [115.48088314983453, 40.373260192620656], [115.48123641096025, 40.37326483342326], [115.48123438858042, 40.373354893903624], [115.48135214246388, 40.37335644060303], [115.4813400089331, 40.3738968034833], [115.4812222541097, 40.37389525675454], [115.48122023166599, 40.37398531722446], [115.48110247669501, 40.373983770370955], [115.48110045408552, 40.3740738308345], [115.48074718875746, 40.374069189540165], [115.48074516566885, 40.374159249987535], [115.48050965518246, 40.37415615518228], [115.48050156148348, 40.37451639691767], [115.48038380562731, 40.374514849315666], [115.48037975840974, 40.374694970164626], [115.48026200224938, 40.37469342243298], [115.48025997847022, 40.374783482850326], [115.48014222216234, 40.37478193499393], [115.4801401982174, 40.37487199540489], [115.48002244176197, 40.37487044742375], [115.48002041765122, 40.374960507828305], [115.47978490445446, 40.37495741149665], [115.47978692887854, 40.374867351101884], [115.47955141603161, 40.37486425430061], [115.47955344075987, 40.37477419391415], [115.47943568450678, 40.37477264533863], [115.4794377093826, 40.374682584955586], [115.47931995329532, 40.374681036265116], [115.47932197831862, 40.37459097588549], [115.47896871058154, 40.37458632910966], [115.47896668508825, 40.374676389474594], [115.47873117299588, 40.37467329101497], [115.47872914718009, 40.37476335136861], [115.47814036632582, 40.37475560309763], [115.47814239292494, 40.37466554276851], [115.47790688096055, 40.37466244263096], [115.47790890786383, 40.37457238231016], [115.47779115205202, 40.37457083206652], [115.47779317910283, 40.37448077174911], [115.47767542345682, 40.374479221390516], [115.47767745065515, 40.374389161076536], [115.47732418424197, 40.37438450929636], [115.47732215657366, 40.37447456959561], [115.47661562305437, 40.37446526276982], [115.47661359443696, 40.374555323038145], [115.47649583872575, 40.374553771476116], [115.47649786749983, 40.374463711212705], [115.47626235641825, 40.374460607738925], [115.4762643854965, 40.37437054748384], [115.4761466301261, 40.3743689955721], [115.4761547469742, 40.3740087545565], [115.47627250171799, 40.37401030644861], [115.47628467577559, 40.373469944851024], [115.47640242958857, 40.37347149659382], [115.47640648722127, 40.373291376039546], [115.47664199424808, 40.37329447914596], [115.47664402273739, 40.37320441885677], [115.47676177610786, 40.37320597022531], [115.47676380443137, 40.37311590992971], [115.47688155765437, 40.373117461173486], [115.47688358581208, 40.37302740087148], [115.47700133888756, 40.373028951990506], [115.4770074228358, 40.37275877106084], [115.47677191763388, 40.372755668732395], [115.476769889347, 40.37284572903396], [115.47653438386834, 40.37284262621631], [115.47653235525902, 40.37293268650657], [115.47641460237676, 40.372931134913074], [115.47641257360162, 40.37302119519693], [115.4761770675513, 40.37301809164058], [115.4761750384537, 40.37310815191313], [115.47593953212672, 40.37310504786756], [115.47593750270664, 40.3731951081288], [115.47570199610297, 40.373192003594035], [115.47569996636045, 40.37328206384394], [115.47511119922827, 40.37327430038517], [115.47510916869332, 40.373364360609024], [115.47475590805398, 40.37335970108086], [115.47475387703992, 40.37344976128848], [115.47451836967953, 40.3734466543273], [115.47451633834302, 40.373536714523595], [115.47428083070596, 40.3735336070732], [115.47427879904697, 40.37362366725817], [115.4735722754159, 40.373614342001154], [115.47357430801482, 40.37352428184568], [115.47333880052443, 40.37352117247772], [115.47333270176027, 40.37379135291013], [115.47321494755887, 40.37378979803163], [115.4732129144625, 40.373879858167854], [115.47297740577393, 40.373876748041454], [115.47297537235504, 40.37396680816635], [115.47285761786785, 40.37396525291846], [115.47285558428317, 40.37405531303694], [115.47273782964851, 40.374053757664285], [115.47273579589798, 40.37414381777635], [115.47250028634285, 40.37414070666162], [115.47249825226982, 40.37423076676236], [115.472144987536, 40.37422609917664], [115.47214295298382, 40.374316159261106], [115.47190744289382, 40.374313046928194], [115.47190540801915, 40.37440310700133], [115.47108112189682, 40.374392210026386], [115.47107908591633, 40.37448227006355], [115.4696660231596, 40.374463575812996], [115.46966398529003, 40.374553635789496], [115.46942847464592, 40.374550518393306], [115.46942643645384, 40.37464057835846], [115.46883765922121, 40.37463278274591], [115.46883562023663, 40.37472284268491], [115.46801133140063, 40.37471192375906], [115.46800929131024, 40.374801983662], [115.46694949063101, 40.37478793636933], [115.46695153213135, 40.37469787651084], [115.466598265874, 40.374693191937446], [115.46659622390366, 40.37478325178111], [115.46647846834631, 40.37478169001201], [115.4664743840647, 40.37496180968501], [115.46635662820323, 40.37496024778616], [115.46635458589193, 40.375050307615474], [115.46600131789283, 40.375045621185], [115.46599927510233, 40.375135680998], [115.46517498233038, 40.37512474176413], [115.46517293843402, 40.37521480154102], [115.46470191356907, 40.37520854789369], [115.46469986903685, 40.37529860764931], [115.46446435634638, 40.37529548009663], [115.4644602666276, 40.37547559958358], [115.46434250998287, 40.375474035617565], [115.46434046495298, 40.37556409535384], [115.46410495137786, 40.375560967052344], [115.4641029060254, 40.37565102677723], [115.46398514909504, 40.375649462441764], [115.46398719460416, 40.37555940272182], [115.46386943783969, 40.37555783827144], [115.46386739217388, 40.375647897986426], [115.46363187835928, 40.3756447687162], [115.46362983237093, 40.3757348284198], [115.4633943182799, 40.37573169866025], [115.46339227196897, 40.37582175835247], [115.46327451478065, 40.375820193287964], [115.46327246830383, 40.37591025297371], [115.46315471096806, 40.3759086877844], [115.46315266432532, 40.3759987474637], [115.46291714936817, 40.3759956167156], [115.46291510240286, 40.37608567638352], [115.46267958716928, 40.37608254514609], [115.46268163444792, 40.375992485488084], [115.46244611956463, 40.375989353781144], [115.46244816714736, 40.375899294131564], [115.46209489536169, 40.37589459568711], [115.4620969434052, 40.37580453605089], [115.46197918631847, 40.37580296966799], [115.46198123450941, 40.375712910035226], [115.46174572067697, 40.37570977691978], [115.46174776917199, 40.37561971729544], [115.46151225568987, 40.37561658371048], [115.46151430448897, 40.37552652409458], [115.46139654791844, 40.37552495712727], [115.46139449896268, 40.375615016738216], [115.46092347214632, 40.37560874765063], [115.46092142255462, 40.37569880724024], [115.46080366571698, 40.375697239663744], [115.46080161595938, 40.375787299246916], [115.46044834503195, 40.37578259578343], [115.4604462947951, 40.375872655350214], [115.46021078057638, 40.375869519098686], [115.46020873001694, 40.375959578654054], [115.4599732155219, 40.37595644191319], [115.45997116463987, 40.37604650145715], [115.4597356498685, 40.376043364226945], [115.45973359866387, 40.37613342375947], [115.45938032610623, 40.37612871700034]], [[115.47862759851465, 40.37404131912246], [115.47886310839547, 40.374044417753126], [115.47886513398149, 40.373954357382665], [115.47898288877894, 40.37395590651333], [115.47898086334959, 40.374045966888715], [115.48015841339321, 40.3740614516526], [115.48016043725598, 40.37397139122823], [115.48027819215392, 40.37397293904054], [115.48028426321748, 40.373702757743786], [115.48016650878952, 40.37370120994618], [115.48016853261578, 40.37361114951581], [115.47993302410057, 40.37360805357083], [115.479930999961, 40.373698113991374], [115.479695491169, 40.37369501755718], [115.47969346670699, 40.373785077966446], [115.4794579576382, 40.37378198104306], [115.47945998241353, 40.37369192064361], [115.47910671934882, 40.37368727437437], [115.47910874458498, 40.37359721398812], [115.47840221964222, 40.37358791824314], [115.47839816728091, 40.37376803895531], [115.47851592172849, 40.37376958855556], [115.47851186964394, 40.37394970927157], [115.47862962441397, 40.37395125876178], [115.47862759851465, 40.37404131912246]], [[115.46304088746858, 40.36536700045045], [115.46362958247431, 40.36537482409921], [115.46363162771468, 40.365284764233834], [115.46374936658692, 40.365286328599204], [115.46375550178298, 40.36501614897924], [115.46352002498725, 40.36501302015839], [115.46352411569815, 40.36483290042409], [115.46340637762728, 40.36483133584387], [115.46340842312549, 40.364741275979426], [115.4631729473246, 40.36473814646943], [115.46317499312673, 40.36464808661341], [115.4630572553967, 40.364646521683646], [115.46305930134619, 40.364556461831064], [115.462823826227, 40.364553331622034], [115.46282587248042, 40.3644632717779], [115.46247266034058, 40.36445857558064], [115.46247470705448, 40.36436851574987], [115.46223923265393, 40.36436538436257], [115.46224127967177, 40.36427532454021], [115.46165259461483, 40.36426749400016], [115.46165054681411, 40.36435755379774], [115.4620037582903, 40.364362252496065], [115.46200171095006, 40.36445231230702], [115.46176623631023, 40.36444917995138], [115.46176009329463, 40.364719359345585], [115.46187783107969, 40.364720925598185], [115.46187578354593, 40.36481098539822], [115.46199352149678, 40.36481255153598], [115.46199147411038, 40.364902611339474], [115.46210921222705, 40.36490417736236], [115.462107164988, 40.364994237169334], [115.46234264156222, 40.36499736886561], [115.4623405946271, 40.365087428680994], [115.46257607155141, 40.365090559907934], [115.46257402492023, 40.365180619731724], [115.46280950219466, 40.36518375048934], [115.46280745586738, 40.365273810321554], [115.46304293349189, 40.36527694060983], [115.46304088746858, 40.36536700045045]]]}}, {"type": "Feature", "properties": {"year": 2017, "water_area_km2": 0.0342}, "geometry": {"type": "Polygon", "coordinates": [[[115.4257432461796, 40.363784167359086], [115.42577048752884, 40.36261340973713], [115.42600595175333, 40.3626166152598], [115.42600804686246, 40.362526556960574], [115.42694990288598, 40.36253937421897], [115.42695199673324, 40.36244931587769], [115.42742292434548, 40.362455721611596], [115.42742501755708, 40.362365663248546], [115.4280136765021, 40.36237366769528], [115.4280157689215, 40.3622836093054], [115.42860442731968, 40.362291610732015], [115.42860651894692, 40.36220155231531], [115.42907744520909, 40.3622079512801], [115.42907953620067, 40.36211789284165], [115.42990365642673, 40.36212908638265], [115.42990156653102, 40.362219144856525], [115.4302547615247, 40.362223940306684], [115.4302526720892, 40.362313998794235], [115.43013494025867, 40.36231240042559], [115.43013285065719, 40.36240245890658], [115.43001511867952, 40.362400860413075], [115.43001302891207, 40.36249091888751], [115.4298952967873, 40.36248932026915], [115.42989320685385, 40.362579378737045], [115.42977547458193, 40.36257777999383], [115.42977338448252, 40.36266783845515], [115.42953791965387, 40.36266464059924], [115.42953582923191, 40.36275469904894], [115.42930036412787, 40.36275150070374], [115.42929618262944, 40.36293161757845], [115.42917844977848, 40.36293001821602], [115.42918054068893, 40.362839959784495], [115.42906280800393, 40.362838360307336], [115.42905653477452, 40.36310853558228], [115.42893880162929, 40.363106935970144], [115.42893671037741, 40.36319699438706], [115.42881897708503, 40.36319539465006], [115.42882106849349, 40.36310533623822], [115.4287033353671, 40.363103736386506], [115.42870542692269, 40.363013677978195], [115.4285876939623, 40.36301207801175], [115.42858560225017, 40.36310213641498], [115.4283501360446, 40.363098936112564], [115.42834595196581, 40.36327905289429], [115.42811048517174, 40.36327585209243], [115.42810630042895, 40.36345596884791], [115.42763536570163, 40.363449565766125], [115.42763327268982, 40.363539624121344], [115.42751553887504, 40.36353802304635], [115.42751763204339, 40.3634479646962], [115.42704669750489, 40.36344155921848], [115.42704879129005, 40.36335150088709], [115.42693105783559, 40.363349899223245], [115.42693524569069, 40.363169782566096], [115.4263465801257, 40.36316177250062], [115.42634448542009, 40.36325183080458], [115.42622675217888, 40.36325022842702], [115.42622046753567, 40.36352040331474], [115.42610273383421, 40.36351880080217], [115.42609854371172, 40.363698917376354], [115.42586307571094, 40.36369571197155], [115.42586098032238, 40.363785770246245], [115.4257432461796, 40.363784167359086]], [[115.42882315989252, 40.36301527782486], [115.42894089287175, 40.36301687755172], [115.42894298410478, 40.362926819131815], [115.42882525128209, 40.36292521941001], [115.42882315989252, 40.36301527782486]]]}}, {"type": "Feature", "properties": {"year": 2017, "water_area_km2": 0.0145}, "geometry": {"type": "Polygon", "coordinates": [[[115.43283443068482, 40.362709366977086], [115.43283651671379, 40.362619308384346], [115.43271878420641, 40.36261771263598], [115.43272504270656, 40.36234753686392], [115.43284277474427, 40.362349132597146], [115.43284694671755, 40.36216901539818], [115.43296467845158, 40.36217061100152], [115.43296676426756, 40.36208055239475], [115.43308449585443, 40.36208214787323], [115.43308658150445, 40.36199208925993], [115.43320431294421, 40.361993684613566], [115.43320639842824, 40.361903625993705], [115.43332412972084, 40.36190522122251], [115.43332621503895, 40.3618151625961], [115.43356167733927, 40.36181835268426], [115.43356376233486, 40.36172829404626], [115.43379922435972, 40.361731483645165], [115.4338013090328, 40.361641424995575], [115.43403677078216, 40.36164461410521], [115.43403885513274, 40.361554555444044], [115.4342743166066, 40.36155774406443], [115.43427640063472, 40.36146768539167], [115.4343941312292, 40.36146927951713], [115.43439204735765, 40.36155933819494], [115.43474523966717, 40.361564119867715], [115.43474315625586, 40.36165417855916], [115.43486088720105, 40.361655772215556], [115.43485672066335, 40.36183588960404], [115.43497445193101, 40.36183748315072], [115.43496820252362, 40.36210765923733], [115.4348504707863, 40.36210606567552], [115.43484838747516, 40.362196124363024], [115.43461292371558, 40.36219293686994], [115.43461084008194, 40.36228299554586], [115.43425764404343, 40.362278213392635], [115.43425555993072, 40.362368272051924], [115.43402009563894, 40.36236508334073], [115.43401801120372, 40.36245514198843], [115.43378254663645, 40.36245195278797], [115.43378046187871, 40.36254201142408], [115.43354499703594, 40.36253882173435], [115.4335429119557, 40.36262888035888], [115.43318971429241, 40.362624094910686], [115.4331876287331, 40.362714153518574], [115.43283443068482, 40.362709366977086]]]}}, {"type": "Feature", "properties": {"year": 2017, "water_area_km2": 0.0564}, "geometry": {"type": "Polygon", "coordinates": [[[115.43615800975081, 40.36158323577779], [115.43616009127416, 40.36149317702437], [115.43557143769098, 40.36148521418336], [115.43557351998766, 40.36139515545363], [115.43533805893324, 40.36139196948878], [115.43534014153363, 40.361301910767644], [115.43522241117705, 40.36130031761058], [115.43522449392458, 40.36121025889299], [115.43510676373396, 40.361208665621184], [115.43511092951393, 40.36102854819159], [115.43487546978699, 40.36102536130877], [115.43487755297599, 40.3609353026018], [115.43464209359976, 40.36093211524992], [115.43464417709241, 40.360842056551554], [115.43405552959902, 40.36083408610079], [115.43405344532366, 40.36092414477394], [115.43381798607899, 40.36092095574502], [115.43381590148114, 40.361011014406586], [115.43287406362644, 40.360998253459115], [115.43287614947666, 40.36090819483794], [115.43264069042013, 40.36090500341329], [115.43264277657401, 40.36081494480073], [115.4325250472164, 40.360813348913766], [115.43253130609119, 40.36054317308225], [115.43264903497919, 40.36054476895405], [115.43265112109542, 40.36045471033549], [115.43288657858655, 40.36045790170963], [115.43288866438029, 40.36036784307949], [115.4332418502179, 40.36037262922717], [115.43324393553264, 40.36028257058038], [115.43347939249168, 40.36028576073648], [115.43348147748392, 40.3601957020781], [115.43371693416752, 40.36019889174497], [115.4337190188373, 40.360108833075], [115.43395447524541, 40.36011202225266], [115.4339565595927, 40.36002196357109], [115.43407428765435, 40.3600235579752], [115.4340763718357, 40.35993349928709], [115.4341940997502, 40.35993509356636], [115.43419618376562, 40.35984503487172], [115.43431391153301, 40.359846629026165], [115.43431599538249, 40.359756570324976], [115.43466917827138, 40.35976135205449], [115.43467126164185, 40.35967129333669], [115.43502444414572, 40.35967607397303], [115.43502652703722, 40.359586015238584], [115.43632152855282, 40.359603534959874], [115.43631944738318, 40.359693593749746], [115.43726126863304, 40.3597063263021], [115.43725918870628, 40.359796385130785], [115.43737691656128, 40.359797976165844], [115.43737483678167, 40.35988803499805], [115.43725710877015, 40.359886443957954], [115.43725502882464, 40.359976502783645], [115.43713730066595, 40.359974911618735], [115.43713522055451, 40.36006497043789], [115.43701749224869, 40.36006337914816], [115.4370133316846, 40.36024349677191], [115.4371310603035, 40.36024508807171], [115.43712481985659, 40.36051526451121], [115.4372425489545, 40.36051685570633], [115.43723838892272, 40.36069697333527], [115.43712065951173, 40.36069538213008], [115.43710401775701, 40.36141585254568], [115.43698628710304, 40.361414261180414], [115.43698420668491, 40.36150431997061], [115.43674874509205, 40.36150113687063], [115.43674666435146, 40.36159119564925], [115.43615800975081, 40.36158323577779]]]}}, {"type": "Feature", "properties": {"year": 2017, "water_area_km2": 0.0071}, "geometry": {"type": "Polygon", "coordinates": [[[115.49508070445205, 40.35984268344262], [115.49508270744256, 40.3597526221755], [115.49496497648423, 40.35975108988096], [115.49496697962225, 40.3596610286172], [115.4947315180458, 40.35965796367848], [115.49473352148787, 40.35956790242292], [115.49449806026067, 40.359564837014716], [115.4945000640068, 40.359474775767374], [115.49391141187971, 40.35946711017478], [115.49390940735081, 40.35955717139786], [115.4935562157134, 40.35955257059024], [115.4935542107058, 40.359642631797286], [115.49308328802302, 40.35963649569063], [115.49308128238019, 40.35972655687676], [115.49272808999343, 40.359721953524385], [115.4927300961059, 40.35963189235283], [115.49296555737494, 40.35963496136449], [115.49296756316527, 40.359544900181724], [115.4930852936568, 40.359546434503], [115.49308729928153, 40.359456373313904], [115.49320502962556, 40.35945790751054], [115.49320703508472, 40.35936784631509], [115.49344249548682, 40.35937091433929], [115.49344450062384, 40.35928085313264], [115.49367996074902, 40.35928392066797], [115.49368196556388, 40.35919385945012], [115.49485926516684, 40.359209189890805], [115.49485726191745, 40.359299251157175], [115.49509272225959, 40.35930231581752], [115.49509071931426, 40.3593923770921], [115.49520844965542, 40.35939390924743], [115.49520644685762, 40.35948397052537], [115.49532417736437, 40.35948550256576], [115.4953201720547, 40.359665625126866], [115.49520244123487, 40.359664093076766], [115.49519843557599, 40.359844215622196], [115.49508070445205, 40.35984268344262]]]}}, {"type": "Feature", "properties": {"year": 2017, "water_area_km2": 0.0081}, "geometry": {"type": "Polygon", "coordinates": [[[115.46693363471445, 40.35469830902766], [115.46693567478822, 40.354608248856074], [115.46670023384972, 40.35460512717187], [115.46670227422727, 40.354515067008684], [115.46646683363859, 40.35451194485529], [115.46646887431997, 40.35442188470048], [115.4661157139755, 40.354417200586965], [115.46611775511715, 40.354327140445506], [115.46576459532504, 40.354322455268935], [115.46576663692699, 40.354232395140805], [115.4656489171712, 40.35423083318069], [115.46565095892043, 40.354140773055995], [115.46553323933037, 40.354139210981074], [115.46553936499235, 40.35386903061289], [115.46577480324272, 40.353872154613335], [115.46577684479864, 40.35378209447774], [115.46624772078393, 40.35378834102169], [115.466245679854, 40.35387840117705], [115.46659883740911, 40.353883084842344], [115.46659679693947, 40.35397314501104], [115.46683223566855, 40.353976266865615], [115.46683019550272, 40.35406632704271], [115.46694791503758, 40.354067887795296], [115.46694587501901, 40.35415794797582], [115.46706359471956, 40.35415950861358], [115.4670615548483, 40.35424956879756], [115.46717927471454, 40.354251129320495], [115.46716907600276, 40.35470143024268], [115.46693363471445, 40.35469830902766]]]}}, {"type": "Feature", "properties": {"year": 2017, "water_area_km2": 0.0308}, "geometry": {"type": "Polygon", "coordinates": [[[115.5394548547535, 40.34455624228873], [115.53945679764752, 40.34446617897332], [115.53933909090426, 40.344464692311476], [115.53934103394596, 40.3443746289993], [115.53922332736792, 40.34437314222242], [115.53922915690976, 40.34410295229106], [115.53911145080983, 40.34410146540857], [115.53912894036998, 40.34329089557669], [115.53901123568673, 40.34328940861682], [115.53901706585162, 40.34301921866026], [115.53913477006557, 40.34302070560601], [115.53913865648548, 40.34284057895147], [115.53972717612233, 40.34284801183721], [115.5397252336989, 40.34293807518876], [115.54007834605547, 40.34294253349757], [115.54008028800958, 40.342852470131916], [115.54055110398188, 40.342858412848635], [115.54054916265346, 40.342948476233104], [115.54078457100502, 40.342951446882495], [115.54078262998074, 40.34304151027486], [115.54090033432608, 40.34304299542467], [115.54088092516604, 40.34394362931379], [115.5413517488924, 40.34394956890366], [115.54135368922205, 40.34385950550263], [115.54147139501909, 40.343860990096076], [115.54147333518353, 40.343770926688855], [115.54159104083287, 40.34377241115786], [115.54159492082265, 40.34359228432958], [115.54171262616785, 40.34359376866945], [115.54171456599319, 40.34350370524839], [115.54183227119071, 40.34350518946383], [115.5418283918442, 40.34368531631387], [115.54171068633379, 40.34368383208903], [115.5417068066394, 40.343863958923734], [115.54182451246267, 40.34386544315797], [115.5418225727588, 40.34395550657779], [115.54194027874728, 40.34395699069699], [115.54193833919109, 40.344047054120026], [115.54182063304619, 40.344045569996126], [115.54181869332479, 40.34413563341298], [115.54170098703219, 40.34413414916466], [115.54169710725031, 40.34431427598453], [115.54099086780113, 40.344305367923745], [115.54098892695842, 40.344395431303255], [115.5407535135658, 40.34439246098238], [115.54075157240146, 40.344482524351], [115.54028074509557, 40.34447658225361], [115.54027880329666, 40.34456664560194], [115.5394548547535, 40.34455624228873]], [[115.53971357897441, 40.343478455266826], [115.53983128402311, 40.34347994151772], [115.53983322634267, 40.34338987817036], [115.53971552145039, 40.343388391924194], [115.53971357897441, 40.343478455266826]]]}}, {"type": "Feature", "properties": {"year": 2017, "water_area_km2": 0.0055}, "geometry": {"type": "Polygon", "coordinates": [[[115.53608419967372, 40.34253169006927], [115.53608614691139, 40.342441626857806], [115.53585074082571, 40.34243864667723], [115.5358526883674, 40.3423485834737], [115.53573498549417, 40.34234709320854], [115.53573693318351, 40.34225703000825], [115.5356192304755, 40.34225553962809], [115.53562117831251, 40.34216547643102], [115.53550347576967, 40.34216398593585], [115.5355054237543, 40.34207392274201], [115.53538772137671, 40.34207243213183], [115.53539161763248, 40.34189230574916], [115.53527391557651, 40.34189081502869], [115.53527781210995, 40.34171068864951], [115.53516011037561, 40.34170919781875], [115.53516400718675, 40.34152907144306], [115.53563481292548, 40.34153503401002], [115.53563286514998, 40.34162509721748], [115.53575056676304, 40.34162658756463], [115.53574861913519, 40.34171665077532], [115.53586632091344, 40.34171814100746], [115.53586437343323, 40.34180820422138], [115.53598207537671, 40.341809694338515], [115.53597818070274, 40.34198982077134], [115.53609588296784, 40.34199131077818], [115.53609393577413, 40.34208137399706], [115.53621163820442, 40.342082863888905], [115.53620969115833, 40.34217292711103], [115.53632739375387, 40.34217441688785], [115.53632544685543, 40.34226448011321], [115.53644314961613, 40.34226596977502], [115.53643925610575, 40.3424460962307], [115.53620384996738, 40.34244311676849], [115.53620190288618, 40.34253317998468], [115.53608419967372, 40.34253169006927]]]}}, {"type": "Feature", "properties": {"year": 2017, "water_area_km2": 0.0739}, "geometry": {"type": "Polygon", "coordinates": [[[115.53506384239694, 40.34071701178042], [115.53506579086667, 40.34062694858171], [115.53459499156035, 40.340620983809075], [115.53459694064694, 40.34053092062776], [115.53412614210693, 40.340524953958486], [115.53412809181035, 40.340434890794576], [115.53401039235375, 40.34043339883268], [115.53401234220479, 40.340343335671996], [115.5338946429134, 40.34034184359513], [115.53389659291206, 40.34025178043768], [115.53377889378585, 40.340250288245805], [115.53378279406961, 40.34007016193589], [115.53366509526502, 40.34006866963375], [115.53366899582639, 40.339888543327355], [115.53378669431817, 40.33989003562006], [115.53379254462504, 40.33961984613516], [115.53391024265638, 40.33962133829397], [115.53391804231681, 40.33926108560777], [115.53403573973134, 40.339262577627984], [115.53403768946805, 40.339172514448], [115.5342730840107, 40.33917549811985], [115.53427698283215, 40.33899537173653], [115.53439467980385, 40.338996863383436], [115.534396629045, 40.33890680018484], [115.534632022702, 40.338909783110076], [115.53463397162153, 40.338819719900556], [115.53475166830682, 40.33882121117888], [115.53475751454354, 40.33855102152722], [115.53487521076842, 40.33855251267168], [115.53487715934003, 40.33846244944676], [115.5349948554173, 40.3384639404668], [115.53499680382369, 40.338373877235696], [115.53523219569183, 40.338376858907196], [115.53523414377666, 40.338286795665155], [115.53546953536713, 40.338289776848384], [115.5354714831304, 40.33819971359543], [115.53558917878242, 40.33820120400276], [115.5355911263805, 40.3381111407436], [115.53570882188491, 40.338112631026505], [115.53571076931783, 40.33802256776115], [115.53594616004021, 40.3380255479584], [115.53595005425412, 40.33784542140436], [115.53606774931569, 40.337846911313996], [115.53606969625308, 40.33775684803003], [115.53618739116706, 40.33775833781524], [115.53619128470268, 40.33757821123342], [115.53630897931268, 40.33757970088949], [115.53631481908111, 40.337309510991496], [115.53643251323072, 40.33731100051373], [115.53643640605301, 40.33713087389818], [115.53655409989861, 40.33713236329128], [115.53655604614019, 40.33704229997658], [115.53761528973807, 40.3370556990853], [115.53761334490395, 40.33714576244239], [115.53784873277942, 40.337148738714774], [115.53783512088438, 40.33777918223894], [115.53771742584755, 40.337777694129635], [115.53770186761868, 40.338498200887614], [115.53758417133946, 40.338496712620916], [115.53757639138892, 40.33885696594544], [115.53745869449288, 40.338855477540186], [115.5374567493269, 40.338945540862895], [115.53686826419633, 40.3389380970174], [115.53686631823957, 40.33902816031504], [115.53674862108338, 40.3390266711821], [115.53674472883075, 40.33920679776356], [115.53662703137056, 40.33920530850147], [115.53662508507468, 40.33929537178524], [115.53638968986779, 40.33929239289249], [115.53638579662409, 40.33947251943674], [115.536268098721, 40.339471029801366], [115.53626615192955, 40.33956109306655], [115.53614845387887, 40.33955960330674], [115.53614650692224, 40.33964966656573], [115.53626420512937, 40.339651156330255], [115.53625836467604, 40.33992134611243], [115.53637606336116, 40.33992283577139], [115.5363682765928, 40.34028308881239], [115.53625057728205, 40.34028159913457], [115.53624863041158, 40.3403716623864], [115.53601323150359, 40.340368682662195], [115.53601128431156, 40.3404587459031], [115.53577588512587, 40.3404557656906], [115.53577393761222, 40.34054582892059], [115.53542083843037, 40.34054135768979], [115.53541889043869, 40.34063142090413], [115.53518349071521, 40.34062843947557], [115.53518154240192, 40.340718502679], [115.53506384239694, 40.34071701178042]]]}}, {"type": "Feature", "properties": {"year": 2017, "water_area_km2": 0.0201}, "geometry": {"type": "Polygon", "coordinates": [[[115.53830006919532, 40.338055323595114], [115.5383117329647, 40.33751494334971], [115.53819403836196, 40.337513455733365], [115.53820959081457, 40.33679294869402], [115.53832728416624, 40.33679443627271], [115.53833117187894, 40.33661430948861], [115.53844886492661, 40.33661579693818], [115.53845080861342, 40.3365257335392], [115.53856850151348, 40.33652722086435], [115.53858016251205, 40.33598684041103], [115.53881554646188, 40.33598981464575], [115.5388174896182, 40.33589975122226], [115.53893518144989, 40.33590123815536], [115.53893712444106, 40.33581117472567], [115.53905481612516, 40.33581266153437], [115.5390567589512, 40.33572259809849], [115.53917445048766, 40.33572408478278], [115.539172507818, 40.33581414822337], [115.53929019951958, 40.33581563479267], [115.53929214203288, 40.335725571347375], [115.53964521672113, 40.335730030322964], [115.53964327467695, 40.33582009378237], [115.53976096641361, 40.335821579872864], [115.53975514069768, 40.336091770256274], [115.5396374484919, 40.336090284151666], [115.5396355064127, 40.33618034760513], [115.53975319877485, 40.33618183371444], [115.53973572107526, 40.33699240477113], [115.53961802730568, 40.3369909186195], [115.53961608513889, 40.337080982058104], [115.53949839122164, 40.33707949578204], [115.53950033354484, 40.33698943234813], [115.53938263979279, 40.33698794595708], [115.5393806973132, 40.33707800938629], [115.53914530952257, 40.337075036235646], [115.5391414239116, 40.33725516307079], [115.53902372971666, 40.33725367630651], [115.53901984375786, 40.337433803126316], [115.5389021492589, 40.3374323162329], [115.53890020610996, 40.33752237963587], [115.53878251146338, 40.33752089261805], [115.5387805681493, 40.337610956014835], [115.5386628733551, 40.33760946887259], [115.53865898638784, 40.337789595652275], [115.53854129128959, 40.337788108380934], [115.53853740397449, 40.337968235145254], [115.53841970857226, 40.337966747744765], [115.53841776474518, 40.338056811120005], [115.53830006919532, 40.338055323595114]]]}}, {"type": "Feature", "properties": {"year": 2017, "water_area_km2": 0.0073}, "geometry": {"type": "Polygon", "coordinates": [[[115.63169470609819, 40.324603681833565], [115.63169652503169, 40.324513614618304], [115.63157884826359, 40.32451222238989], [115.63158066734518, 40.32442215517756], [115.6314629907416, 40.324420762833896], [115.6314666291928, 40.32424062841362], [115.63134895291006, 40.3242392359591], [115.63135259164105, 40.32405910154174], [115.63147026761115, 40.32406049398745], [115.6314739059967, 40.32388035955539], [115.63170925733634, 40.32388314407019], [115.63171107620418, 40.32379307684312], [115.63229945391527, 40.32380003601396], [115.63229763582895, 40.32389010326305], [115.6325329872834, 40.323892886102534], [115.63253116950149, 40.32398295335896], [115.63264884539733, 40.323984344603616], [115.6326433924714, 40.324254546377254], [115.63252571610661, 40.324253155119386], [115.63252389829194, 40.32434322236991], [115.63240622177906, 40.324341830987976], [115.63240440379987, 40.32443189823262], [115.63228672713886, 40.32443050672661], [115.63228490899516, 40.32452057396538], [115.63216723218606, 40.3245191823353], [115.63216541387784, 40.32460924956819], [115.63169470609819, 40.324603681833565]]]}}, {"type": "Feature", "properties": {"year": 2017, "water_area_km2": 0.0242}, "geometry": {"type": "Polygon", "coordinates": [[[115.77484945264035, 40.32323569708603], [115.77485108122528, 40.32314562474377], [115.77426267598037, 40.32313939071884], [115.77426430533966, 40.32304931839485], [115.77402894360579, 40.323046823954996], [115.77403057327041, 40.32295675163744], [115.77391289257083, 40.322955504241946], [115.77391126274989, 40.32304557655555], [115.77379358190134, 40.323044329036414], [115.77379521187862, 40.32295425672677], [115.77355985051625, 40.32295176133735], [115.7735582202263, 40.32304183363911], [115.7734405393998, 40.323040585760936], [115.77344216984609, 40.32295051346313], [115.77320680852785, 40.322948017355635], [115.77321007002367, 40.32276787277143], [115.77250398812147, 40.32276038162399], [115.77250725146388, 40.3225802370814], [115.77215421155013, 40.32257648991571], [115.7721558436793, 40.322486417654076], [115.77297960248677, 40.322495159337464], [115.77297797145192, 40.32258523162678], [115.77309565146732, 40.322586479963924], [115.77309891321698, 40.32240633537594], [115.77274587413083, 40.32240259002917], [115.77274750546361, 40.322312517744834], [115.77262982593928, 40.32231126906051], [115.77263308889543, 40.32213112449538], [115.77286844732615, 40.32213362172854], [115.77287007848054, 40.322043549435875], [115.7729877575506, 40.32204479786899], [115.77298612655257, 40.32213487016561], [115.7732214850274, 40.3221373666807], [115.7732231157128, 40.32204729437619], [115.77357615301126, 40.32205103823939], [115.77357778322033, 40.32196096592155], [115.7738131411434, 40.321963461224065], [115.77381477103245, 40.32187338889686], [115.7740501286723, 40.32187588371278], [115.7740484990959, 40.321965956047876], [115.77451921508906, 40.321970944259355], [115.77451758613063, 40.32206101660877], [115.77463526530362, 40.3220622633664], [115.77463363649416, 40.32215233571831], [115.77486899517483, 40.32215482888241], [115.77486736667069, 40.322244901240744], [115.77498504617839, 40.32224614764722], [115.77498178946072, 40.32242629236742], [115.77474642982737, 40.322423799419], [115.77474480114486, 40.322513871769], [115.77462712118287, 40.32251262511133], [115.77462549233668, 40.32260269745593], [115.77474317245502, 40.32260394411755], [115.7747415437578, 40.32269401646464], [115.77497690432915, 40.32269650943674], [115.77497527593727, 40.32278658179025], [115.77556367827582, 40.3227928121458], [115.77556530588602, 40.322702739772566], [115.77591834690826, 40.32270647653789], [115.77591671976707, 40.32279654892295], [115.7760344002788, 40.32279779427597], [115.77603114628705, 40.32297793904962], [115.77591346546262, 40.32297669368871], [115.7759118382994, 40.323066766069395], [115.77567647635989, 40.32306427498066], [115.77567484887665, 40.32315434735199], [115.77555716776158, 40.32315310162415], [115.77555554011468, 40.323243173990086], [115.77484945264035, 40.32323569708603]]]}}, {"type": "Feature", "properties": {"year": 2017, "water_area_km2": 0.0178}, "geometry": {"type": "Polygon", "coordinates": [[[115.58168762906513, 40.318145510258475], [115.58168951403142, 40.31805544485869], [115.58121886187598, 40.31804967251114], [115.58122074745877, 40.31795960712815], [115.58098542174457, 40.31795672024573], [115.58098730763133, 40.317866654870386], [115.58086964494325, 40.3178652112543], [115.58087153097775, 40.31777514588206], [115.58063620593957, 40.31777225830013], [115.58063809227808, 40.31768219293554], [115.580520429928, 40.317680748969714], [115.58052231641422, 40.31759068360822], [115.58028699205208, 40.317587795326794], [115.580290765624, 40.317407664617654], [115.58005544192085, 40.31740477587599], [115.58005921608373, 40.31722464517923], [115.58029453916188, 40.31722753390261], [115.58029265239718, 40.31731759926087], [115.58041031410528, 40.317319043447675], [115.58040842748832, 40.317409108809045], [115.58064375124252, 40.317411996832924], [115.58064186492953, 40.31750206220195], [115.58087718903026, 40.31750494975647], [115.58087530302124, 40.31759501513315], [115.58122828970485, 40.3175993455814], [115.58122640415608, 40.3176894109703], [115.58146172896681, 40.3176922973468], [115.58145984372203, 40.31778236274336], [115.58181283147063, 40.317786691424566], [115.58181094668609, 40.317876756833364], [115.58275224897295, 40.317888294756024], [115.58275413250752, 40.317798229310704], [115.58298945785171, 40.31780111258593], [115.58299134106527, 40.31771104713001], [115.58322666613094, 40.31771392991759], [115.5832285490235, 40.31762386445107], [115.58334621141283, 40.31762530566085], [115.58334997686003, 40.31744517471424], [115.58358530103916, 40.31744805675666], [115.58358718343754, 40.317357991272004], [115.58394016930117, 40.31736231342474], [115.58394205122235, 40.31727224792493], [115.58476568410747, 40.31728232872901], [115.58476756492644, 40.31719226319581], [115.58535587360338, 40.3171994601585], [115.58535399356562, 40.31728952571449], [115.58570697934225, 40.31729384247022], [115.58570509976477, 40.31738390803839], [115.58582276186351, 40.31738534672226], [115.58582088243378, 40.317475412293504], [115.58523257124358, 40.31746821765506], [115.58523069102417, 40.31755828320206], [115.58464237926475, 40.31755108555009], [115.58464049825561, 40.3176411510728], [115.584287510833, 40.31763683103238], [115.58428562934664, 40.31772689653995], [115.58405030412817, 40.31772401590573], [115.58404842232083, 40.3178140814027], [115.58381309682382, 40.317811200280836], [115.5838112146955, 40.31790126576721], [115.58357588891995, 40.31789838415771], [115.58357400647061, 40.31798844963347], [115.58333868041653, 40.31798556753631], [115.58333679764624, 40.31807563300148], [115.58298380816004, 40.31807130894481], [115.58298192491249, 40.31816137439481], [115.58168762906513, 40.318145510258475]]]}}, {"type": "Feature", "properties": {"year": 2017, "water_area_km2": 0.0071}, "geometry": {"type": "Polygon", "coordinates": [[[115.57757698354195, 40.31773467618953], [115.57758076433517, 40.31755454569684], [115.5776984263161, 40.31755599264884], [115.57770031654366, 40.31746592739569], [115.5778179783769, 40.31746737422349], [115.577821758494, 40.317287243703575], [115.57793942002324, 40.31728869040259], [115.57794130991275, 40.31719862513583], [115.5780589712943, 40.317200071710644], [115.57806086101905, 40.317110006437815], [115.57853150600545, 40.31711579152245], [115.57853339509671, 40.31702572622984], [115.57865105620836, 40.31702717219735], [115.57865294513488, 40.316937106898685], [115.57888826707126, 40.31693999846568], [115.5788901556768, 40.31684993315636], [115.57924313817655, 40.31685426959592], [115.57924502630485, 40.31676420427141], [115.57936268699888, 40.31676564950743], [115.57936079902683, 40.316855714836514], [115.57971378162874, 40.31686004984055], [115.57971189411691, 40.31695011518188], [115.57982955515747, 40.316951559948535], [115.57982578042072, 40.31713169063588], [115.57959045772313, 40.31712880096464], [115.57959234540824, 40.317038735630845], [115.57935702305718, 40.317035845490246], [115.57935513505959, 40.31712591081488], [115.57900215112814, 40.317121574693026], [115.57900026265331, 40.31721164000246], [115.5788826012036, 40.317210194384685], [115.57888071256403, 40.31730025968806], [115.57876305096661, 40.317298813946074], [115.57876116216225, 40.317388879243396], [115.5784081769524, 40.31738454128593], [115.57840628767079, 40.31747460656805], [115.57817096392766, 40.317471713989114], [115.57816907432506, 40.31756177926058], [115.57828673634862, 40.31756322561444], [115.57828484689372, 40.317653290889005], [115.57816718471393, 40.31765184453057], [115.5781652950943, 40.31774190979908], [115.57757698354195, 40.31773467618953]]]}}, {"type": "Feature", "properties": {"year": 2017, "water_area_km2": 0.0147}, "geometry": {"type": "Polygon", "coordinates": [[[115.61631777466278, 40.31099752091344], [115.61631961314966, 40.31090745406767], [115.61620196076083, 40.31090604658777], [115.61620379939563, 40.31081597974496], [115.61608614717132, 40.31081457214991], [115.61608798595402, 40.31072450531009], [115.61597033389417, 40.310723097599876], [115.6159740117471, 40.310542963924725], [115.61573870827714, 40.310540148163334], [115.61574054750356, 40.31045008133245], [115.61562289593722, 40.310448673276795], [115.61562473531153, 40.310358606448894], [115.61538943251612, 40.310355789987696], [115.61539127219454, 40.31026572316724], [115.61515596974472, 40.31026290623654], [115.61515780972724, 40.310172839423515], [115.61492250762299, 40.310170022023314], [115.61492434790962, 40.310079955217745], [115.61480669702613, 40.310078546342694], [115.61481221830475, 40.309808345930485], [115.61469456789816, 40.309806936949215], [115.61469824902146, 40.309626803342624], [115.61481589911567, 40.30962821231497], [115.6148232606379, 40.309267945066225], [115.61494091011565, 40.309269353901115], [115.6149445905146, 40.30908922025897], [115.61565048568106, 40.30909767070329], [115.61564128930715, 40.30954800493137], [115.61575893931156, 40.30954941294244], [115.6157552610163, 40.30972954663225], [115.61587291134138, 40.30973095453264], [115.61587107233751, 40.30982102137978], [115.61598872282708, 40.30982242916502], [115.61598688397109, 40.30991249601516], [115.61610453462517, 40.30991390368524], [115.61610085720072, 40.310094037389995], [115.61621850817545, 40.3100954449494], [115.61621299244521, 40.310365645508796], [115.6163306438968, 40.310367052961965], [115.61632696701426, 40.31054718666977], [115.61644461878655, 40.310548594012246], [115.61644278048905, 40.310638660868385], [115.61656043242581, 40.310640068095715], [115.61655307977767, 40.311000335523325], [115.61631777466278, 40.31099752091344]], [[115.61493354921818, 40.309629621167716], [115.61505119932899, 40.30963102990086], [115.6150530394096, 40.309540963081965], [115.61493538945498, 40.30953955435328], [115.61493354921818, 40.309629621167716]]]}}, {"type": "Feature", "properties": {"year": 2017, "water_area_km2": 0.0088}, "geometry": {"type": "Polygon", "coordinates": [[[115.61271110094695, 40.30897236537525], [115.6127129440932, 40.30888229863529], [115.61259529539802, 40.30888088754585], [115.61259898197797, 40.308700754070415], [115.61248133360344, 40.30869934287031], [115.61248317703713, 40.30860927613485], [115.61260082525548, 40.30861068733049], [115.61260451178555, 40.30843055384619], [115.61272215969983, 40.3084319649133], [115.61272400279621, 40.30834189816448], [115.61295929833733, 40.308344719930965], [115.61296114111306, 40.30825465317173], [115.61366702699874, 40.30826311557407], [115.61366886882908, 40.30817304878658], [115.61413945896095, 40.308178687978376], [115.61413761775535, 40.30826875478374], [115.61425526546526, 40.30827016428716], [115.61425158334151, 40.308450297902354], [115.61413393531924, 40.308448888390004], [115.61413209408873, 40.30853895519095], [115.61401444591858, 40.30853754555453], [115.61401260452357, 40.30862761234952], [115.61389495620553, 40.30862620258905], [115.61389311464606, 40.30871626937808], [115.61377546618016, 40.30871485949356], [115.61377362445619, 40.30880492627667], [115.6135383272369, 40.30880210613989], [115.61353648519224, 40.30889217291259], [115.61330118769382, 40.308889352288496], [115.6132993453285, 40.308979419050786], [115.61271110094695, 40.30897236537525]]]}}, {"type": "Feature", "properties": {"year": 2017, "water_area_km2": 70.6278}, "geometry": {"type": "Polygon", "coordinates": [[[115.75110286848944, 40.39820596311501], [115.7511045330364, 40.398115892751726], [115.75098672259956, 40.39811462008795], [115.75098838729593, 40.39802454972724], [115.75087057702353, 40.398023276947484], [115.75087390670755, 40.39784313622972], [115.7507560967565, 40.39784186333803], [115.75075942672433, 40.39766172262245], [115.75064161709462, 40.39766044961883], [115.75064328222417, 40.39757037926288], [115.75052547275891, 40.3975691061433], [115.75052713803785, 40.39747903578991], [115.750409328737, 40.39747776255436], [115.75041099416536, 40.39738769220352], [115.75017537590004, 40.3973851453805], [115.75017704163473, 40.397295075036276], [115.75005923267025, 40.39729380144881], [115.75006089855431, 40.39720373110713], [115.74994308975427, 40.39720245740371], [115.74994808783208, 40.396932246382015], [115.74983027951029, 40.39693097257068], [115.7498402764044, 40.396390550511924], [115.74972246903158, 40.39638927660479], [115.74972580158327, 40.39620913591488], [115.74960799453179, 40.396207861895824], [115.7496113273672, 40.396027721208135], [115.74949352063703, 40.39602644707715], [115.74949685375621, 40.39584630639165], [115.74937904734735, 40.39584503214875], [115.74938071405256, 40.39575496180783], [115.74914510157124, 40.39575241297014], [115.74914676858273, 40.39566234263583], [115.74902896251025, 40.39566106804104], [115.74903062967111, 40.3955709977093], [115.74891282376305, 40.39556972299855], [115.7489144910733, 40.39547965266938], [115.74867887959356, 40.39547710289601], [115.74868054721006, 40.39538703257343], [115.74856274163837, 40.395385757510816], [115.74856607716261, 40.39520561686935], [115.74844827191224, 40.395204341694814], [115.74844993981996, 40.39511427137592], [115.74833213473401, 40.39511299608543], [115.74833380279111, 40.395022925769105], [115.74821599786958, 40.395021650362686], [115.74821766607606, 40.394931580048926], [115.74809986131896, 40.39493030452655], [115.74810152967477, 40.39484023421537], [115.74798372508211, 40.39483895857705], [115.74798706208495, 40.39465881795835], [115.74786925781359, 40.39465754220813], [115.74787092646062, 40.394567471900636], [115.74775312235367, 40.39456619603446], [115.74775479115006, 40.39447612572953], [115.74763698720753, 40.39447484974742], [115.74763865615328, 40.394384779445055], [115.74752085237519, 40.39438350334701], [115.74752252147029, 40.39429343304722], [115.7474047178566, 40.394292156833224], [115.74740638710107, 40.394202086536005], [115.7472885836518, 40.39420081020607], [115.74729025304562, 40.39411073991145], [115.74693684321372, 40.394106910213885], [115.74693851307065, 40.39401683992991], [115.74682070996529, 40.39401556312814], [115.74682237997159, 40.393925492846726], [115.74658677409728, 40.39392293889134], [115.74658844440982, 40.39383286861656], [115.74635283887942, 40.39383031418936], [115.74635618010939, 40.393650173651544], [115.74623837766927, 40.393648896266065], [115.74624004842984, 40.39355882599901], [115.74612224615413, 40.39355754849758], [115.74612725886125, 40.39328733769974], [115.74600945706375, 40.39328606009048], [115.74601614119517, 40.39292577902236], [115.74589834003274, 40.39292450130929], [115.74590168236696, 40.39274436077453], [115.74578388152578, 40.39274308294958], [115.74578722414363, 40.392562942417044], [115.74566942362375, 40.392561664480205], [115.74567443796454, 40.392291453682546], [115.74555663792285, 40.392290175637875], [115.74556165266637, 40.39201996483916], [115.74544385310283, 40.39201868668664], [115.74544719654122, 40.391838546154936], [115.74532939729895, 40.39183726789056], [115.74533274102089, 40.39165712736107], [115.7454505399494, 40.39165840561737], [115.74545722667534, 40.39129812452465], [115.74557502498394, 40.39129940264481], [115.74558171096172, 40.39093912151248], [115.7456995086504, 40.39094039949649], [115.7457028512803, 40.39076025891345], [115.74558505390534, 40.39075898093753], [115.74558839681879, 40.39057884035672], [115.74570619388004, 40.39058011832455], [115.7457078651686, 40.3904900480279], [115.7455900682642, 40.39048877006412], [115.7455950825552, 40.390218559177505], [115.74547728612893, 40.39021728110588], [115.7454839723721, 40.38985699991943], [115.74536617658079, 40.38985572174403], [115.74536784827956, 40.38976565144779], [115.74548564391404, 40.38976692961915], [115.74550235891857, 40.388866226535804], [115.74538456485261, 40.388864948404894], [115.74539626600495, 40.3882344561877], [115.74527847304441, 40.38823317796515], [115.74528348818139, 40.38796296700509], [115.7451656956989, 40.38796168867472], [115.74516736755297, 40.38787161835581], [115.74504957523489, 40.38787033990953], [115.74505291923407, 40.387690199275426], [115.7449351272372, 40.387688920717295], [115.7449367993823, 40.38759885040208], [115.74481900754982, 40.38759757172803], [115.74481733524786, 40.3876876420392], [115.74458175129185, 40.387685084323174], [115.74458676911608, 40.38741487340959], [115.74470456061978, 40.38741615231542], [115.74470790548455, 40.387236011690945], [115.74459011429448, 40.38723473279319], [115.74459513200549, 40.38696452185762], [115.74447734129346, 40.386963242852055], [115.74448068671008, 40.3867831022291], [115.74459847710843, 40.386784381226576], [115.74460014964858, 40.38669431090887], [115.74448235940704, 40.38669303191544], [115.74448570477837, 40.38651289128371], [115.74401454514233, 40.38650777414297], [115.74401621844399, 40.38641770384109], [115.74366284926673, 40.386413864738266], [115.74366452303128, 40.38632379444707], [115.74354673347746, 40.3863225145103], [115.7435484073913, 40.38623244422168], [115.74343061800185, 40.38623116416901], [115.74342392167385, 40.38659144529843], [115.74330613166465, 40.38659016510961], [115.74330780591482, 40.3865000948335], [115.74307222623274, 40.386497534104116], [115.743073900789, 40.38640746383465], [115.74283832145078, 40.38640490263359], [115.74283999631314, 40.38631483237077], [115.74295778582164, 40.38631611302721], [115.74295946051961, 40.38622604275887], [115.74284167116791, 40.386224762106465], [115.74284334601516, 40.38613469184072], [115.74272555682786, 40.38613341107244], [115.74272723182436, 40.38604334080926], [115.74260944280147, 40.38604205992508], [115.74261111794722, 40.3859519896645], [115.74284669568696, 40.38595455130481], [115.74284837051154, 40.38586448103466], [115.74296615923592, 40.38586576167083], [115.74296950854873, 40.38568562111804], [115.74285172013799, 40.38568434048997], [115.74285339493987, 40.38559427021541], [115.74297118319379, 40.38559555083943], [115.74297788169852, 40.38523526971039], [115.74286009407189, 40.385233989102574], [115.74286176883598, 40.3851439188207], [115.74274398137372, 40.385142638097], [115.74274733119289, 40.384962497536954], [115.74286511834153, 40.384963778252555], [115.74287014254317, 40.38469356738936], [115.74298792922896, 40.38469484797287], [115.74299797648737, 40.3841544261826], [115.74311576223982, 40.384155706621854], [115.74311743659963, 40.384065636314304], [115.74323522220286, 40.38406691662957], [115.7432385705862, 40.38388677600196], [115.74335635588335, 40.38388805618919], [115.74336305193219, 40.383527774900195], [115.74348083660969, 40.38352905495128], [115.74348251044621, 40.38343898462132], [115.74360029497443, 40.383440264548426], [115.7436019686466, 40.38335019421295], [115.7433663999113, 40.383347634246896], [115.74336807388951, 40.38325756391805], [115.74348585809659, 40.38325884395698], [115.74348920571678, 40.3830787032868], [115.74360698961782, 40.38307998319771], [115.74360866325976, 40.382989912856374], [115.74372644701154, 40.38299119264331], [115.74373816119629, 40.38236070018456], [115.74385594385805, 40.382361979823216], [115.74385761712601, 40.38227190946206], [115.74397539963852, 40.38227318897675], [115.74398711120536, 40.381642696379274], [115.7438693297904, 40.38164141689294], [115.74388271523958, 40.38092085386891], [115.74400049540026, 40.38092213332286], [115.74400216839065, 40.3808320629342], [115.7441199484021, 40.380833342264175], [115.74412329404667, 40.3806532014744], [115.74424107375211, 40.38065448067636], [115.74424776432357, 40.38029419906302], [115.74436554340946, 40.38029547812887], [115.74437223323307, 40.379935196475905], [115.7442544547743, 40.37993391742625], [115.74425612736812, 40.3798438470134], [115.74460946229671, 40.37984768379047], [115.74461113441265, 40.37975761336401], [115.7447289125805, 40.37975889204582], [115.7447322564762, 40.37957875118041], [115.74485003433803, 40.379580029734214], [115.7448550496547, 40.37930981841296], [115.74473727226317, 40.37930853987131], [115.74474061608346, 40.37912839899124], [115.74497617024696, 40.379130955938464], [115.74497784183225, 40.37904088548815], [115.7452133957124, 40.37904344194763], [115.74521840948239, 40.37877323056363], [115.74533618596348, 40.37877450860136], [115.74533952812557, 40.378594367663275], [115.74545730430067, 40.37859564557301], [115.74546064611908, 40.37841550462098], [115.74557842198818, 40.37841678240272], [115.74559512906028, 40.37751607751423], [115.74571290336932, 40.37751735513562], [115.74571457387832, 40.37742728463467], [115.74583234803816, 40.37742856213212], [115.74583902937175, 40.377068280097504], [115.74595680291209, 40.37706955745887], [115.7459618133629, 40.3767993459054], [115.74607958644052, 40.37680062313474], [115.74608125641896, 40.37671055260996], [115.74619902934737, 40.37671182971533], [115.74620236896816, 40.37653168865328], [115.74643791422055, 40.376534242488184], [115.74643958370618, 40.37644417194687], [115.74620403876725, 40.376441618120054], [115.74620570855882, 40.376351547585365], [115.74632348086777, 40.37635282455468], [115.74632682011477, 40.37617268347282], [115.7465623641283, 40.37617523703559], [115.74657071054658, 40.37572488426489], [115.74668848178092, 40.375726160846234], [115.74669515815302, 40.37536587858716], [115.74681292876791, 40.37536715503243], [115.74681960439258, 40.375006872733785], [115.74705514439104, 40.37500942523232], [115.7470568129649, 40.37491935464591], [115.74717458281867, 40.37492063071131], [115.74717625122828, 40.3748305601194], [115.74729402093287, 40.374831836060835], [115.7472956891782, 40.37474176546343], [115.74741345873356, 40.37474304128095], [115.74741512681466, 40.37465297067804], [115.7475328962208, 40.37465424637163], [115.74753456413762, 40.37456417576321], [115.74765233339457, 40.37456545133285], [115.74765566889216, 40.37438531010356], [115.74777343784316, 40.37438658554525], [115.74777510542394, 40.37429651492437], [115.74789287422574, 40.37429779024212], [115.74789620905128, 40.374117648987905], [115.74801397754713, 40.374118924177694], [115.74802898247908, 40.37330828842488], [115.74814674957193, 40.37330956345845], [115.74815341760811, 40.37294928084743], [115.74827118408159, 40.37295055574497], [115.7482728509151, 40.37286048508452], [115.74839061723935, 40.37286175985815], [115.74838728387823, 40.37304190118566], [115.74874058383647, 40.3730457248114], [115.74874558245638, 40.37277551278165], [115.74862781626628, 40.372774238371726], [115.74862948261459, 40.37268416769624], [115.7483939505704, 40.372681618524794], [115.74839561722465, 40.372591547855905], [115.74827785137056, 40.37259027309438], [115.74827618455957, 40.37268034375923], [115.74815841855629, 40.372679068873786], [115.74816175248414, 40.3724989275507], [115.74804398680178, 40.37249765255344], [115.74804732101296, 40.372317511232566], [115.7478117902977, 40.37231496089451], [115.74781345770546, 40.37222489023997], [115.74757792733374, 40.37222233943045], [115.74757959504737, 40.3721322687825], [115.74769736007276, 40.37213354424316], [115.74770069516408, 40.37195340293479], [115.74781845988355, 40.37195467826749], [115.74782179463135, 40.37177453694518], [115.74793955904492, 40.37177581214994], [115.74794122625082, 40.37168574148255], [115.74805899051522, 40.371687016563385], [115.74806065755688, 40.37159694589051], [115.74817842167208, 40.37159822084742], [115.74818175541942, 40.37141807948919], [115.74829951922872, 40.37141935431815], [115.74830118593441, 40.371329283632804], [115.74853671326215, 40.37133183292301], [115.74854004602413, 40.37115169153178], [115.74865780938586, 40.371152965989], [115.74865947559887, 40.37106289528716], [115.74877723881141, 40.37106416962047], [115.7487789048602, 40.37097409891314], [115.74889666792355, 40.37097537312252], [115.74889833380811, 40.37088530240968], [115.74901609672227, 40.37088657649515], [115.74901942815545, 40.37070643505702], [115.74913719076372, 40.37070770901457], [115.74913885631231, 40.37061763828927], [115.7492566187714, 40.37061891212289], [115.74925828415579, 40.370528841392115], [115.74937604646567, 40.370530115101815], [115.74937771168584, 40.37044004436554], [115.74949547384655, 40.37044131795135], [115.7494971389025, 40.370351247209555], [115.74961490091403, 40.37035252067145], [115.74961656580575, 40.37026244992418], [115.7497343276681, 40.37026372326217], [115.74973599239563, 40.37017365250941], [115.74985375410876, 40.37017492572349], [115.74985541867207, 40.37008485496523], [115.75009094180746, 40.370087401025685], [115.75009260604988, 40.36999733025792], [115.75056365178399, 40.37000242092423], [115.7505653153921, 40.36991235013887], [115.75091859930137, 40.36991616686782], [115.75092026243189, 40.36982609606892], [115.75103802359331, 40.36982736806812], [115.75103968655961, 40.36973729726373], [115.75127520859154, 40.369739840894475], [115.75127853387487, 40.3695596992652], [115.7513962945887, 40.369560970892714], [115.75139795706242, 40.369470900071846], [115.75151571762704, 40.36947217157545], [115.75152070453312, 40.369201959092024], [115.75163846463516, 40.36920323046369], [115.75164178888832, 40.36902308879271], [115.75175954868449, 40.369024360036455], [115.75176287259428, 40.36884421835156], [115.75188063208456, 40.36884548946739], [115.7518822938715, 40.368755418618726], [115.75200005321261, 40.36875668961066], [115.75200337645063, 40.3685765479009], [115.75212113548585, 40.36857781876491], [115.75212611981665, 40.36830760617722], [115.75224387838927, 40.3683088769093], [115.75224720092562, 40.36812873516882], [115.75236495919238, 40.36813000577298], [115.75236662029263, 40.36803993489652], [115.75248437841022, 40.3680412053768], [115.75248770027486, 40.36786106361145], [115.75260545808656, 40.367862333963814], [115.75261044035727, 40.367592121292745], [115.7527281977064, 40.367593391513175], [115.75273151886941, 40.367413249717096], [115.75284927591268, 40.367414519809635], [115.75285259673237, 40.367234377999665], [115.75297035346976, 40.36723564796429], [115.75297367394613, 40.367055506140446], [115.75309143037768, 40.36705677597716], [115.7530947505107, 40.366876634139395], [115.75321250663642, 40.36687790384823], [115.753214166535, 40.36678783292313], [115.75333192251153, 40.36678910250808], [115.75334022110889, 40.36633874784057], [115.7534579763095, 40.36634001728556], [115.75346129538269, 40.36615987540028], [115.75357905027748, 40.36616114471736], [115.75358236900736, 40.365981002818195], [115.7537001235963, 40.365982272007386], [115.75370178279337, 40.365892201051594], [115.7538195372331, 40.365893470116916], [115.75382119626599, 40.36580339915564], [115.75393895055657, 40.365804668097084], [115.75394226828656, 40.3656245261621], [115.75406002227129, 40.365625794975664], [115.75406333965803, 40.36544565302678], [115.75418109333691, 40.36544692171246], [115.75418275186242, 40.36535685073182], [115.75430050539211, 40.36535811929362], [115.75430216375344, 40.36526804830747], [115.75441991713396, 40.365269316745405], [115.75442157533115, 40.36517924575381], [115.75453932856247, 40.365180514067866], [115.75454098659553, 40.36509044307078], [115.75465873967768, 40.365091711260966], [115.75466039754659, 40.3650016402584], [115.75477815047957, 40.365002908324726], [115.75478146588162, 40.36482276630717], [115.7545459606498, 40.364820230070755], [115.75454761865294, 40.36473015906782], [115.75407660890573, 40.36472508517275], [115.754078267528, 40.36463501418441], [115.75372501076612, 40.36463120751668], [115.75372666985089, 40.36454113653893], [115.75349116569373, 40.36453859816921], [115.75349282508432, 40.36444852719802], [115.7532573212704, 40.36444598835692], [115.75325898096683, 40.36435591739229], [115.75314122922777, 40.36435464779598], [115.75314454891146, 40.364174505870395], [115.75302679749318, 40.364173236162266], [115.75303011746023, 40.363993094238865], [115.75291236636274, 40.36399182441891], [115.7529140264917, 40.36390175345903], [115.75279627555837, 40.36390048352326], [115.75279959610707, 40.36372034160714], [115.75268184549452, 40.36371907155956], [115.75268350591429, 40.36362900060332], [115.7525657554659, 40.3636277304399], [115.75256741603482, 40.36353765948622], [115.75244966575055, 40.36353638920697], [115.75245298717924, 40.363356247303265], [115.75233523721576, 40.363354976912206], [115.75234021977253, 40.36308476405774], [115.75222247028647, 40.36308349355889], [115.752235758028, 40.362362925914695], [115.75235350626092, 40.36236419638138], [115.75235682780809, 40.362184054447646], [115.75247457573522, 40.36218532478644], [115.75247789693914, 40.362005182838814], [115.75259564456049, 40.36200645304972], [115.75259730499458, 40.3619163820697], [115.75271505246678, 40.361917652156734], [115.75271837299923, 40.36173751018425], [115.75283612016565, 40.36173878014341], [115.75283778026397, 40.361648709150955], [115.75295552728127, 40.36164997898626], [115.7529571872155, 40.3615599079883], [115.75307493408361, 40.36156117769974], [115.75307825361635, 40.36138103569144], [115.75319600017872, 40.361382305274994], [115.75320429809632, 40.36093195020852], [115.75308655231713, 40.36093068064504], [115.75308821203481, 40.360840609631374], [115.75297046641971, 40.360839339952086], [115.75297212628654, 40.360749268940964], [115.75238339910656, 40.36074291876702], [115.7523817384566, 40.360832989758045], [115.75226399288644, 40.36083171935972], [115.75226233207236, 40.36092179034526], [115.75202684064129, 40.36091924918106], [115.75202517950645, 40.36100932015708], [115.75167194194617, 40.36100550749993], [115.75167028033395, 40.36109557846242], [115.75131704237124, 40.36109176471464], [115.75131538028165, 40.36118183566361], [115.75107988803073, 40.36117929255785], [115.75107822562038, 40.36126936349731], [115.75084273308623, 40.36126681990413], [115.75084107035508, 40.361356890834074], [115.75060557753767, 40.361354346753494], [115.7506039144858, 40.36144441767391], [115.7504861679317, 40.36144314544983], [115.75048450471569, 40.36153321636476], [115.75036675801246, 40.36153194401682], [115.75036509463231, 40.36162201492626], [115.75024734777995, 40.36162074245444], [115.75024402068388, 40.36180088426087], [115.75012627352577, 40.36179961166117], [115.75012460980982, 40.36188968255815], [115.75000686250259, 40.361888409834584], [115.7500051986225, 40.36197848072607], [115.74988745116615, 40.361977207878624], [115.74988245901098, 40.362247420532256], [115.7497647110922, 40.36224614755288], [115.74976138263796, 40.36242628930659], [115.7496436344134, 40.36242501619931], [115.74964197001837, 40.36251508706994], [115.74952422164469, 40.36251381383878], [115.74952255708553, 40.362603884703915], [115.7494048085627, 40.36260261134888], [115.74940314383937, 40.36269268220853], [115.74916764650303, 40.362690135130876], [115.74916431640726, 40.36287027682963], [115.74904656743708, 40.36286900310298], [115.74904490222129, 40.36295907394612], [115.74892715310196, 40.3629578000956], [115.748925487722, 40.36304787093326], [115.74868998919261, 40.36304532286458], [115.74868832349188, 40.36313539369271], [115.74833507528422, 40.363131570678746], [115.74833674145492, 40.36304149986272], [115.74751249699666, 40.3630325753304], [115.74751082972949, 40.363122646118185], [115.7473930803946, 40.36312137070157], [115.74739141296327, 40.363211441483855], [115.74727366347923, 40.36321016594334], [115.74727199588374, 40.36330023672014], [115.7471542462506, 40.36329896105576], [115.74715091072369, 40.363479102596855], [115.7470331607848, 40.363477826804555], [115.7470314928534, 40.363567897568885], [115.7469137427654, 40.36356662165268], [115.74691207466984, 40.363656692411496], [115.7467943244327, 40.36365541637141], [115.74679265617297, 40.36374548712471], [115.74655715540798, 40.363742934676935], [115.74655548682742, 40.36383300542071], [115.74643773629957, 40.36383172901301], [115.74643106127546, 40.364192011957265], [115.74654881242991, 40.364193288381124], [115.74654714381171, 40.36428335911757], [115.74666489513037, 40.364284635425626], [115.74666322666127, 40.36437470616466], [115.74689872963444, 40.36437725842928], [115.74689706147116, 40.3644673291749], [115.74701481312567, 40.36446860513148], [115.74701314511151, 40.36455867587968], [115.74713089693022, 40.36455995172043], [115.74712255752983, 40.3650103054597], [115.74724031013933, 40.3650115812008], [115.74723697463983, 40.36519172269432], [115.74735472757017, 40.36519299832362], [115.74735305996579, 40.365283069072234], [115.74723530687878, 40.36528179343889], [115.7472336391102, 40.36537186418199], [115.74699813264543, 40.36536931254764], [115.74699646455602, 40.365459383281205], [115.74640769774244, 40.365453002077665], [115.7464060288622, 40.36554307278958], [115.7462882753654, 40.365541796185255], [115.746284937269, 40.36572193759659], [115.74616718346641, 40.365720660864326], [115.74616384502653, 40.36590080226173], [115.74604609091816, 40.36589952540153], [115.74603941332137, 40.36625980816257], [115.74592165859384, 40.36625853116635], [115.74591498024988, 40.36661881388779], [115.74603273560409, 40.366620090900184], [115.74602772723702, 40.36689030293801], [115.7459099714128, 40.3668890259135], [115.74590329285795, 40.36724930859395], [115.74578553641457, 40.3672480314334], [115.74578052694928, 40.36751824341623], [115.74566277004341, 40.367516966123695], [115.74565943004885, 40.367697107430175], [115.74554167283716, 40.367695830009694], [115.74553499213093, 40.3680561125889], [115.74565274996935, 40.368057390025555], [115.74565107993062, 40.368147460670734], [115.74553332193551, 40.36814618323004], [115.74553165173259, 40.36823625386972], [115.74541389358835, 40.36823497630511], [115.74541222322118, 40.36832504693927], [115.74494119009279, 40.368319935465976], [115.74493951909137, 40.368410006082506], [115.74446848545685, 40.36840489267514], [115.74447015708502, 40.36831482207479], [115.74435239885192, 40.36831354342732], [115.74435407062921, 40.368223472829555], [115.74423631256037, 40.36822219406628], [115.7442379844868, 40.36813212347109], [115.74412022658217, 40.36813084459198], [115.74412189865775, 40.3680407739994], [115.74376862545914, 40.368036936654995], [115.7437669529135, 40.36812700723545], [115.74364919503904, 40.36812572787688], [115.74364752232918, 40.3682157984518], [115.74352976430559, 40.36821451896931], [115.74352474566068, 40.36848473067318], [115.7434069871746, 40.36848345105867], [115.7434019679917, 40.36875366273723], [115.74328420904308, 40.368752382990685], [115.74327918932221, 40.36902259464391], [115.74316142991105, 40.36902131476534], [115.74315975649897, 40.36911138530943], [115.74280647784084, 40.36910754494239], [115.74280982559759, 40.36892740387705], [115.74269206637335, 40.368926123523075], [115.74269876242299, 40.368565841391], [115.74281652102047, 40.36856712172879], [115.74281819485732, 40.368477051188066], [115.74270043641651, 40.36847577085434], [115.74270545835178, 40.36820555923551], [115.74258770038857, 40.36820427879408], [115.74259272272593, 40.36793406717424], [115.74247496524032, 40.36793278662509], [115.74248166221109, 40.367572504461], [115.74236390535978, 40.367571223808206], [115.74236557974025, 40.36748115326757], [115.74213006637362, 40.36747859161047], [115.74213174105991, 40.36738852107647], [115.74201398454458, 40.36738724007218], [115.74202570823375, 40.366756746321634], [115.74155468663493, 40.366751621219365], [115.74155636204414, 40.36666155069394], [115.74132085160342, 40.366658987431734], [115.7413225273184, 40.36656891691295], [115.74108701722125, 40.36656635317942], [115.74108869324202, 40.366476282667286], [115.74085318348845, 40.36647371846244], [115.74085485981499, 40.36638364795696], [115.73967731306777, 40.36637081978169], [115.73967899095344, 40.36628074931534], [115.73956123647699, 40.36627946584264], [115.73956291451174, 40.36618939537888], [115.73932740589493, 40.36618682808204], [115.73932908423544, 40.36609675762495], [115.73921133009502, 40.36609547380081], [115.73921300858464, 40.36600540334631], [115.73909525460847, 40.36600411940637], [115.73909693324717, 40.365914048954465], [115.73897917943525, 40.36591276489873], [115.73898085822303, 40.36582269444943], [115.73874535093528, 40.36582012598653], [115.73874703002879, 40.365730055543885], [115.73862927655294, 40.36572877113671], [115.73863095579557, 40.365638700696664], [115.73757117626376, 40.36562713567513], [115.73756949561118, 40.36571720607857], [115.736156455311, 40.36570177089913], [115.73615477277089, 40.365791841252246], [115.73591926584709, 40.36578926703621], [115.73591758298609, 40.36587933737971], [115.73544656860298, 40.36587418749304], [115.73545161904319, 40.36560397650702], [115.73556937215761, 40.36560526414624], [115.73558283841072, 40.36488470141974], [115.7354650865496, 40.36488341381312], [115.7354667699537, 40.36479334346977], [115.73534901825683, 40.36479205574738], [115.73535070181, 40.364701985406654], [115.73511519875233, 40.364699409610445], [115.73511688261121, 40.364609339276406], [115.73382161806045, 40.3645951638727], [115.73382330363492, 40.36450509358206], [115.73311679702579, 40.36449735545575], [115.7331151105114, 40.3645874257219], [115.7326441056309, 40.364582264557676], [115.73264579277188, 40.36449219430786], [115.73193928661938, 40.364484448990495], [115.73193759853848, 40.36457451921581], [115.73158434509507, 40.364570644926886], [115.73158603364593, 40.36448057471384], [115.73123278074102, 40.36447669935852], [115.73123446975421, 40.36438662915628], [115.73111671895781, 40.36438533713557], [115.73112009727463, 40.364205196734865], [115.73100234679913, 40.36420390460248], [115.73100572539876, 40.36402376420409], [115.73088797524417, 40.364022471960034], [115.73088966468919, 40.36393240176273], [115.7307719146989, 40.36393110940292], [115.73077529387938, 40.36375096901209], [115.73089304355639, 40.36375226136373], [115.73089473297854, 40.36366219116202], [115.73113023204215, 40.36366477549758], [115.73113192114339, 40.363574705286226], [115.7313674199242, 40.36357728913421], [115.73136910870454, 40.36348721891323], [115.7316046072025, 40.363489802273655], [115.73160629566193, 40.36339973204302], [115.73184179387711, 40.36340231491589], [115.73184517014657, 40.36322217443387], [115.73196291895229, 40.36322346568235], [115.73196460691898, 40.36313339543508], [115.73208235557564, 40.36313468655963], [115.73208573117286, 40.36295454605249], [115.73220347952389, 40.36295583704903], [115.73220685477737, 40.36277569652785], [115.73232460282274, 40.362776987396366], [115.7323262902814, 40.362686917129494], [115.73244403817777, 40.362688207874086], [115.73244572547219, 40.36259813760167], [115.7325634732195, 40.362599428222346], [115.7325651603497, 40.36250935794436], [115.73244741275902, 40.36250806732778], [115.73245247457378, 40.362237856497316], [115.73233472746061, 40.36223656577314], [115.73233641487361, 40.36214649549746], [115.7322186679247, 40.36214520465754], [115.73222204304113, 40.36196506410998], [115.73210429641307, 40.36196377315837], [115.7321059841165, 40.36187370288648], [115.7319882376527, 40.361872411819114], [115.73198992550513, 40.36178234154984], [115.73187217920558, 40.36178105036673], [115.73187555520089, 40.36160090983196], [115.73175780922219, 40.36159961853719], [115.73175949736505, 40.36150954827169], [115.73164175155063, 40.36150825686117], [115.73164343984249, 40.36141818659829], [115.7315256941923, 40.36141689507202], [115.73152738263316, 40.36132682481176], [115.73140963714721, 40.36132553316973], [115.7314113257371, 40.3612354629121], [115.73117583510128, 40.36123287927672], [115.73117752399682, 40.361142809025814], [115.73094203370476, 40.36114022491927], [115.73094372290589, 40.36105015467505], [115.73059048799482, 40.361046277628716], [115.73059217765821, 40.36095620739532], [115.72906149587263, 40.36093939445155], [115.72906318756449, 40.36084932426988], [115.72870995395927, 40.36084544149602], [115.72871164611337, 40.36075537132518], [115.72847615739461, 40.36075278221829], [115.72848123475082, 40.360482571721576], [115.72871672252985, 40.360485160803876], [115.72871841465341, 40.360395090627165], [115.72895390214974, 40.36039767922194], [115.72895559395242, 40.36030760903557], [115.73001528665404, 40.360319251743505], [115.73001697703954, 40.36022918151883], [115.73025246407724, 40.360231767460924], [115.73025415414189, 40.36014169722659], [115.73048964089683, 40.36014428268116], [115.73049639982627, 40.35978400169646], [115.73037865707143, 40.359782709045454], [115.7303820368036, 40.3596025685525], [115.73026429436963, 40.35960127578984], [115.73026767438455, 40.35942113529921], [115.73014993227142, 40.359419842424906], [115.73015331256906, 40.35923970193659], [115.73003557077678, 40.359238408950645], [115.73003726107076, 40.35914833870838], [115.7299195194427, 40.359147045606704], [115.72992120988569, 40.359056975367054], [115.7296857269657, 40.35905438881241], [115.7296891084552, 40.35887424834509], [115.72957136731983, 40.35887295489622], [115.72957474909205, 40.358692814431244], [115.72945700827752, 40.358691520870714], [115.72945869930881, 40.35860145064012], [115.72934095865853, 40.358600156963874], [115.72934603217637, 40.35832994627557], [115.72922829200353, 40.35832865249178], [115.72922998331747, 40.35823858226351], [115.72911224330888, 40.358237288363995], [115.72911393477179, 40.35814721813835], [115.72899619492742, 40.3581459241231], [115.72899957814359, 40.35796578367561], [115.72888183862004, 40.35796448954872], [115.72888353037325, 40.35787441932688], [115.72876579101396, 40.357873125084275], [115.72876917481071, 40.35769298464437], [115.72865143577224, 40.35769169029013], [115.72865481985166, 40.35751154985256], [115.72853708113398, 40.35751025538669], [115.72853877331885, 40.35742018516981], [115.72842103476542, 40.357418890588214], [115.72842272709923, 40.357328820373965], [115.72830498871004, 40.357327525676645], [115.7283066811928, 40.357237455465025], [115.72818894296783, 40.35723616065199], [115.72819063559957, 40.357146090442996], [115.72807289753882, 40.35714479551425], [115.72807459031952, 40.35705472530788], [115.72795685242299, 40.357053430263406], [115.72795854535264, 40.35696336005967], [115.7277230698957, 40.35696076961948], [115.72772476313091, 40.35687069942249], [115.72760702557046, 40.35686940402675], [115.72760871895463, 40.35677933383239], [115.72749098155842, 40.35677803832095], [115.72749267509151, 40.35668796812921], [115.72725720063521, 40.356685376755074], [115.72725889447385, 40.356595306570064], [115.72714115741377, 40.356594010707376], [115.72714285140134, 40.35650394052502], [115.72702511450547, 40.35650264454661], [115.72702680864198, 40.356412574366885], [115.72690907191036, 40.35641127827276], [115.72691076619583, 40.35632120809567], [115.72667529306865, 40.356318615556184], [115.72667698765964, 40.35622854538584], [115.7265592512641, 40.35622724894047], [115.72656094600404, 40.35613717877275], [115.72644320977273, 40.35613588221167], [115.72644490466162, 40.3560458120466], [115.72632716859455, 40.35604451536981], [115.72632886363233, 40.35595444520738], [115.7262111277295, 40.35595314841488], [115.72621282291625, 40.35586307825509], [115.72574188000767, 40.35585788990337], [115.7257435758131, 40.35576781975853], [115.72503716261926, 40.355760033661205], [115.72503546587436, 40.35585010378141], [115.7245645232719, 40.35584491063717], [115.724562825893, 40.35593498073947], [115.72409188278671, 40.35592978566177], [115.72409358079193, 40.35583971557591], [115.7237403740124, 40.35583581802194], [115.7237420724797, 40.355745747946955], [115.72350660164481, 40.355743148986804], [115.72350830041759, 40.35565307891857], [115.72339056516823, 40.355651779262885], [115.723393963004, 40.355471639130265], [115.72315849315457, 40.35546903947593], [115.7231601923741, 40.35537896941563], [115.72304245761747, 40.35537766941286], [115.72304415698592, 40.35528759935522], [115.72292642239353, 40.35528629923675], [115.7229281219109, 40.35519622918175], [115.72281038748275, 40.35519492894759], [115.72281208714901, 40.35510485889525], [115.72257661862886, 40.35510225807572], [115.72257831860061, 40.35501218803015], [115.72246058450861, 40.35501088744479], [115.72246228462926, 40.354920817401855], [115.72222681678143, 40.35491821587994], [115.72222851720757, 40.35482814584378], [115.72211078345174, 40.35482684490723], [115.72211248402677, 40.354736774873714], [115.72187701685124, 40.35473417264942], [115.72187871773176, 40.35464410262267], [115.72176098431207, 40.35464280133493], [115.72176268534147, 40.35455273131085], [115.7212917523658, 40.354547524978265], [115.7212934540138, 40.35445745496919], [115.72094025483236, 40.35445354897415], [115.7209419569424, 40.35436347897597], [115.72058875829974, 40.35435957191502], [115.72059046087183, 40.35426950192775], [115.71894220364574, 40.3542512547775], [115.71894049888172, 40.35434132470702], [115.71835183516903, 40.354334802156245], [115.71835012961449, 40.35442487206366], [115.71811466387013, 40.354422262196444], [115.71811295799475, 40.35451233209414], [115.71799522497754, 40.35451102697669], [115.71799351893789, 40.35460109686877], [115.71787578577181, 40.354599791627386], [115.71787237335627, 40.35477993139891], [115.71775463988473, 40.35477862602945], [115.717747814335, 40.35513890553836], [115.7178655484328, 40.35514021092433], [115.71786213592489, 40.355320350678255], [115.71774440151393, 40.355319045284006], [115.71774269509186, 40.355409115154636], [115.71727175689868, 40.35540389236303], [115.71727346394707, 40.35531382250893], [115.71656705782782, 40.355305984752036], [115.71656876580795, 40.355215914921274], [115.71645103163827, 40.35521460821327], [115.71645273976726, 40.35512453838516], [115.71633500576188, 40.35512323156148], [115.71633671403976, 40.35503316173607], [115.71621898019865, 40.3550318547967], [115.71622068862537, 40.35494178497395], [115.71610295494852, 40.35494047791892], [115.71610637209203, 40.354760338277295], [115.71598863873605, 40.35475903111074], [115.7159903474528, 40.35466896129186], [115.7158726142611, 40.35466765400962], [115.71588115851208, 40.35421730491392], [115.71576342611091, 40.35421599753256], [115.71576513509457, 40.35412592771316], [115.71564740285767, 40.35412462021615], [115.71564911199017, 40.354034550399405], [115.71553137991758, 40.35403324278672], [115.71553308919891, 40.35394317297266], [115.71541535729061, 40.35394186524431], [115.71541706672079, 40.353851795432924], [115.71412201796053, 40.35383740255957], [115.71412372910521, 40.35374733279226], [115.71377053462054, 40.35374340495973], [115.71377224622718, 40.3536533352034], [115.71353678358912, 40.35365071605764], [115.71353849550115, 40.35356064630813], [115.71342076435027, 40.35355933655971], [115.71342247641117, 40.353469266812866], [115.71318701444568, 40.35346664696488], [115.71318872681198, 40.353376577224886], [115.71307099599737, 40.35337526712534], [115.71307270851248, 40.35328519738801], [115.71295497786218, 40.35328388717281], [115.71295669052611, 40.353193817438154], [115.7128389600401, 40.3531925071073], [115.71284067285289, 40.35310243737532], [115.71272294253114, 40.35310112692882], [115.71272465549276, 40.353011057199524], [115.7126069253353, 40.353009746637376], [115.71261035154846, 40.35282960718267], [115.71249262171183, 40.35282829650902], [115.71249604820719, 40.35264815705674], [115.71237831869139, 40.352646846271575], [115.71238174546895, 40.35246670682175], [115.71226401627398, 40.35246539592509], [115.71226572980771, 40.352375326202115], [115.71214800077705, 40.35237401518981], [115.7121497144596, 40.35228394546951], [115.7120319855932, 40.35228263434155], [115.71203369942458, 40.35219256462395], [115.71191597072249, 40.35219125338035], [115.71191768470267, 40.35210118366542], [115.71179995616485, 40.35209987230618], [115.71180167029385, 40.35200980259393], [115.7116839419203, 40.352008491119044], [115.71168565619813, 40.35191842140948], [115.71156792798885, 40.351917109818956], [115.71156964241551, 40.35182704011208], [115.7114519143705, 40.3518257284059], [115.71145362894596, 40.351735658701706], [115.71133590106525, 40.35173434687988], [115.71133761578953, 40.35164427717838], [115.71121988807309, 40.35164296524092], [115.71122160294617, 40.351552895542106], [115.71110387539403, 40.35155158348899], [115.71110730543005, 40.35137144409525], [115.71098957819873, 40.35137013193066], [115.71099300851688, 40.351189992539354], [115.71087528160639, 40.351188680263284], [115.71087871220666, 40.35100854087441], [115.71076098561701, 40.35100722848685], [115.71076270106208, 40.35091715879437], [115.7106449746367, 40.350915846291166], [115.71064840581668, 40.35073570691011], [115.71053067971211, 40.350734394295436], [115.71053239544703, 40.35064432460686], [115.71041466950675, 40.35064301187655], [115.71041810126647, 40.35046287250329], [115.71030037564698, 40.35046155966151], [115.71030380768882, 40.3502814202907], [115.71018608239014, 40.35028010733744], [115.71018951471406, 40.35009996796907], [115.7100717897362, 40.35009865490433], [115.71008037119321, 40.34964830647849], [115.70996264700574, 40.34964699331475], [115.70996607984742, 40.34946685394245], [115.71008380372182, 40.349468167097896], [115.71009753352658, 40.348747609516764], [115.71021525615654, 40.34874892251917], [115.71022212024704, 40.348388643676756], [115.71033984225863, 40.348389956542746], [115.71034498977568, 40.348119747383066], [115.71046271132548, 40.348121060116824], [115.7104678583033, 40.34785085093147], [115.71058557939129, 40.34785216353298], [115.71058901035812, 40.34767202406042], [115.71070673114082, 40.34767333653385], [115.71071187706346, 40.34740312730155], [115.71082959738438, 40.34740443964275], [115.71083302764777, 40.347224300138905], [115.71095074766336, 40.34722561235203], [115.71095417758279, 40.34704547283399], [115.7108364578802, 40.34704416062918], [115.71083988808172, 40.3468640211136], [115.71072216869989, 40.34686270879734], [115.71072388394555, 40.346772639041504], [115.71060616472793, 40.34677132660962], [115.71060959550907, 40.34659118710183], [115.71049187661221, 40.34658987455848], [115.71049359214767, 40.346499804806555], [115.71037587341506, 40.34649849214759], [115.71037758909928, 40.34640842239835], [115.71025987053093, 40.34640710962376], [115.71026158636393, 40.34631703987719], [115.7101438679598, 40.346315726986994], [115.71014558394157, 40.34622565724311], [115.70955699281964, 40.346219091016344], [115.70955527605538, 40.34630916073943], [115.70943755769774, 40.3463078471306], [115.7094358407692, 40.34639791684807], [115.70920040376413, 40.34639528926279], [115.70919868651488, 40.34648535897047], [115.70908096786745, 40.346484044994014], [115.70907925045395, 40.34657411469606], [115.70896153165775, 40.34657280059568], [115.70895981408, 40.34666287029211], [115.70884209513505, 40.34666155606779], [115.70884037739303, 40.34675162575859], [115.7086049392134, 40.346748996942324], [115.70860322115061, 40.34683906662332], [115.70836778268894, 40.34683643731965], [115.7083660643054, 40.34692650699087], [115.70801290620153, 40.34692256212457], [115.70801118734073, 40.34701263178183], [115.7076580288371, 40.347008685825074], [115.70765630949901, 40.34709875546838], [115.70753858985681, 40.34709743990575], [115.70753687035445, 40.34718750954344], [115.7074191505635, 40.34718619385688], [115.70741743089685, 40.347276263488915], [115.70729971095716, 40.34727494767841], [115.70729799112625, 40.34736501730482], [115.70718027103781, 40.34736370137038], [115.7071768310397, 40.34754384061046], [115.707059110646, 40.34754252454791], [115.70705395012112, 40.34781273338454], [115.70693622926562, 40.34781141718972], [115.70693450891864, 40.34790148679482], [115.70681678791439, 40.34790017047606], [115.70681334688409, 40.348080309673534], [115.70657790427282, 40.348077676660004], [115.706576183433, 40.348167746248215], [115.70645846198248, 40.348166429557615], [115.70645674097837, 40.34825649914018], [115.7063390193791, 40.34825518232563], [115.70633729821071, 40.34834525190258], [115.70610185472245, 40.34834261790581], [115.70610013323326, 40.348432687472936], [115.70598241134424, 40.34843137029071], [115.70598068969078, 40.3485214398522], [115.70574524562302, 40.348518805120094], [115.70574352364875, 40.34860887467179], [115.70562580146999, 40.34860755712188], [115.70562407933143, 40.34869762666793], [115.7053886346842, 40.34869499120045], [115.70538691222481, 40.34878506073668], [115.70526918975635, 40.34878374281911], [115.70526746713269, 40.3488738123497], [115.70491429930429, 40.34886985786577], [115.7049125762033, 40.348959927382374], [115.70432396252882, 40.34895333415934], [115.70432568641243, 40.348863264663606], [115.70409024131013, 40.348860626544266], [115.704091965499, 40.348770557055396], [115.70385652074083, 40.34876791846529], [115.70385824523498, 40.34867784898332], [115.70362280082097, 40.34867520992244], [115.70362452562036, 40.34858514044736], [115.70350680358156, 40.34858382074142], [115.7035085285297, 40.34849375126903], [115.70327308478846, 40.34849111150619], [115.70327481004186, 40.34840104204069], [115.70315708833941, 40.34839972198379], [115.70315881374155, 40.34830965252099], [115.70304109220343, 40.34830833234849], [115.7030428177543, 40.3482182628884], [115.70292509638047, 40.348216942600295], [115.70292682208004, 40.34812687314293], [115.70280910087052, 40.34812555273921], [115.70281082671885, 40.34803548328456], [115.70269310567362, 40.348034162765245], [115.70269483167067, 40.3479440933133], [115.70245938991663, 40.34794145192372], [115.70246111621891, 40.34785138247866], [115.70187251275262, 40.34784477692952], [115.70187078566774, 40.34793484635366], [115.70092901927471, 40.347924271213216], [115.70093074761168, 40.347834201822536], [115.70069530640438, 40.347831556848035], [115.7006970350466, 40.34774148746426], [115.70057931461116, 40.34774016480153], [115.70058104340207, 40.34765009542048], [115.70034560286761, 40.347647449744066], [115.70034733196375, 40.347557380369906], [115.6995232914345, 40.34754811675888], [115.69952156124279, 40.34763818610371], [115.6992861208488, 40.347635538271355], [115.69928439033625, 40.34772560760633], [115.69904894966045, 40.34772295928649], [115.69904721882708, 40.34781302861162], [115.69892949834438, 40.34781170426783], [115.69892776734669, 40.34790177358731], [115.69881004671528, 40.347900449119564], [115.69880831555328, 40.34799051843336], [115.69857287400086, 40.34798786913018], [115.698571142518, 40.348077938434145], [115.69845342159702, 40.348076613598685], [115.69845515323638, 40.34798654429891], [115.69810199098977, 40.34798256908647], [115.69810372309087, 40.347892499797815], [115.69798600251414, 40.347891174491636], [115.69798773476391, 40.34780110520572], [115.69787001435154, 40.34779977978397], [115.69787347914068, 40.34761964121613], [115.6977557590491, 40.347618315682986], [115.69777135162204, 40.346807692092675], [115.69765363294685, 40.346806366477516], [115.69765709819009, 40.34662622789412], [115.69730394315046, 40.34662225035524], [115.69730567622987, 40.34653218107391], [115.69718795805547, 40.346530854992274], [115.69718622481955, 40.34662092426939], [115.6967153515741, 40.34661561872832], [115.69671361770436, 40.346705687987175], [115.69636046238287, 40.3467017075612], [115.69635872803582, 40.346791776805986], [115.69624100945447, 40.346790449753584], [115.69624274395802, 40.34670038051299], [115.69588958873045, 40.346696398649776], [115.6958913236957, 40.346606329420325], [115.69577360545864, 40.34660500189723], [115.6957753405726, 40.34651493267053], [115.69565762249988, 40.34651360503187], [115.69565935776247, 40.346423535807894], [115.69554163985407, 40.34642220805368], [115.69554684606442, 40.34615200038552], [115.69542912863335, 40.346150672524146], [115.6954325997141, 40.345970534079775], [115.69531488260387, 40.345969206107036], [115.695316618289, 40.34587913688685], [115.69519890134309, 40.345877808798555], [115.69520063717688, 40.3457877395811], [115.69496520362155, 40.345785083053606], [115.6949669397605, 40.345695013843084], [115.69426064022144, 40.34568704141145], [115.6942589031435, 40.34577711059673], [115.69414118642459, 40.34577578143474], [115.69413944918234, 40.34586585061433], [115.69390401545502, 40.34586319192263], [115.69390054032101, 40.346043330260606], [115.69378282315613, 40.34604200072669], [115.69378108542087, 40.34613206988926], [115.69366336810731, 40.34613074023137], [115.69366163020773, 40.346220809388264], [115.6935439127455, 40.3462194796064], [115.69354043660981, 40.34639961790735], [115.69342271884243, 40.3463982879973], [115.69342098060632, 40.34648835714137], [115.69330326269029, 40.34648702710734], [115.69329978588155, 40.34666716538265], [115.69318206766036, 40.34666583522042], [115.69318032908772, 40.346755904351674], [115.69306261071787, 40.34675457406547], [115.69306087198089, 40.34684464319103], [115.69294315346238, 40.34684331278085], [115.69294141456106, 40.34693338190072], [115.69247053993946, 40.34692805904544], [115.69247749800174, 40.34656778262449], [115.69259521601937, 40.34656911350111], [115.6926004340142, 40.34629890615733], [115.69271815157016, 40.346300236901556], [115.69272336902489, 40.3460300295319], [115.6928410861192, 40.346031360143726], [115.6928428250986, 40.34594129101336], [115.69296054204428, 40.3459426215012], [115.6929640196665, 40.34576248322766], [115.69308173630704, 40.345763813587304], [115.69308347494992, 40.34567374444412], [115.69320119144177, 40.3456750746798], [115.693204668391, 40.34549493638058], [115.69332238457773, 40.34549626648807], [115.69333107603107, 40.34504592069327], [115.69309564523037, 40.34504326040063], [115.69309738381052, 40.34495319124568], [115.69286195335417, 40.3449505304824], [115.69286369223941, 40.344860461334406], [115.6919219719797, 40.3448498135245], [115.69192023184253, 40.34493988263878], [115.6918025166889, 40.3449385511194], [115.69180077638741, 40.34502862022801], [115.69168306108512, 40.345027288584646], [115.69168132061928, 40.34511735768757], [115.6914458897253, 40.345114694033136], [115.69144763050413, 40.345024624938645], [115.69121219995453, 40.34502196081359], [115.6912139410385, 40.344931891726056], [115.69109622593196, 40.3449305594881], [115.69109796716454, 40.34484049040331], [115.69098025222235, 40.34483915804981], [115.69098199360354, 40.34474908896778], [115.6905111345393, 40.34474375837304], [115.69050939253218, 40.344833827438194], [115.69027396273422, 40.34483116141381], [115.69027222040624, 40.34492123046905], [115.69015450536259, 40.34491989727301], [115.69015276287026, 40.34500996632257], [115.69003504767795, 40.345008633002536], [115.69003330502129, 40.34509870204642], [115.68991558968035, 40.3450973686024], [115.68991384685931, 40.34518743764059], [115.68979613136977, 40.34518610407258], [115.68979438838439, 40.345276173105084], [115.68932352587886, 40.34527083761857], [115.68932526949018, 40.345180768602944], [115.68920755403995, 40.34517943443613], [115.68921278529625, 40.34490922739316], [115.68933050027701, 40.34491056154731], [115.68933398742888, 40.34473042350287], [115.68945170210456, 40.34473175752882], [115.689455188912, 40.34455161947004], [115.68957290328258, 40.34455295336777], [115.68957638974561, 40.34437281529468], [115.68969410381105, 40.344374149064215], [115.6896958468743, 40.34428408002125], [115.68981356079112, 40.3442854136668], [115.68981704658106, 40.344105275568005], [115.6899347601928, 40.34410660908536], [115.6899365029195, 40.344016540029536], [115.69005421638259, 40.34401787342291], [115.69005770149943, 40.34383773529843], [115.69017541465745, 40.3438390685636], [115.69017715704759, 40.34374899949493], [115.69029487005699, 40.34375033263613], [115.69029835450077, 40.34357019448593], [115.69041606720506, 40.34357152749893], [115.69041955130446, 40.343391389334435], [115.6903018389131, 40.343390056329866], [115.69030358110747, 40.34329998724964], [115.69018586888046, 40.34329865412955], [115.69018761122346, 40.34320858505205], [115.69006989916078, 40.3432072518164], [115.69007164165238, 40.34311718274168], [115.68983621786356, 40.34311451591959], [115.68983796066026, 40.34302444685182], [115.6897202489341, 40.34302311326537], [115.68972199187941, 40.34293304420035], [115.6896042803176, 40.34293171049836], [115.6896060234115, 40.3428416414361], [115.689488312014, 40.34284030761859], [115.68949005525654, 40.34275023855908], [115.6892546327981, 40.34274757057321], [115.68925637634571, 40.34265750152069], [115.68913866528474, 40.34265616735235], [115.68914040898095, 40.34256609830256], [115.68902269808433, 40.342564764018704], [115.68902444192913, 40.342474694971685], [115.68878902047244, 40.342472026053144], [115.68879076462233, 40.342381957013096], [115.68867305406222, 40.34238062237843], [115.68867479836071, 40.34229055334113], [115.68843937757707, 40.342287883720985], [115.68844112218062, 40.34219781469067], [115.68820570174141, 40.34219514459998], [115.68820744664998, 40.34210507557666], [115.68808973659866, 40.3421037403559], [115.68809148165586, 40.34201367133533], [115.68797377176885, 40.34201233599906], [115.68797551697465, 40.341922266981236], [115.68774009753717, 40.34191959595791], [115.68774184304803, 40.34182952694707], [115.68750642395497, 40.3418268554532], [115.68750816977085, 40.34173678644935], [115.68739046039263, 40.34173545052702], [115.6873922063571, 40.341645381525936], [115.68727449714318, 40.34164404548809], [115.68727624325625, 40.341553976489756], [115.68715853420669, 40.341552640336396], [115.68716028046833, 40.34146257134082], [115.68704257158309, 40.341461235071925], [115.6870443179933, 40.34137116607912], [115.6869266092724, 40.34136982969472], [115.68692835583121, 40.341279760704666], [115.68681064727467, 40.34127842420475], [115.68681239398205, 40.34118835521745], [115.68669468558981, 40.34118701860202], [115.68669817929387, 40.341006880631504], [115.68646276315889, 40.34100420705832], [115.686464510312, 40.34091413807929], [115.68587597089473, 40.34090745207197], [115.68587771882224, 40.34081738311266], [115.68505376506442, 40.34080801770278], [115.68505201604175, 40.34089808663244], [115.68493430823717, 40.34089674823354], [115.6849360574163, 40.3408066793081], [115.68481834977605, 40.340805340793686], [115.68481660044047, 40.34089540971488], [115.6844634770977, 40.34089139344045], [115.68446172728486, 40.34098146234747], [115.68410860354378, 40.34097744498264], [115.68410685325367, 40.34106751387546], [115.68363602108363, 40.341062155695624], [115.68363777199953, 40.34097208681976], [115.68316694058167, 40.340966726740966], [115.68316869211553, 40.34087665788058], [115.68293327676687, 40.34087397713122], [115.68293502860574, 40.340783908277864], [115.68269961360163, 40.340781227057995], [115.68270136574549, 40.34069115821166], [115.6824659510859, 40.340688476521315], [115.68246770353474, 40.34059840768198], [115.6822322892197, 40.340595725521155], [115.68223404197353, 40.340505656688855], [115.68176321406408, 40.34050029094727], [115.68176496743584, 40.34041022213047], [115.68129414027871, 40.340404854490004], [115.68129589426836, 40.34031478568874], [115.68094277445294, 40.340310758713834], [115.680944528904, 40.34022068992385], [115.68070911604619, 40.3402180046837], [115.68071087080224, 40.340127935900746], [115.68059316454165, 40.34012659310531], [115.68059491944624, 40.34003652432513], [115.6803595072617, 40.340033838383555], [115.68036126247127, 40.339943769610386], [115.6801258506313, 40.339941083198354], [115.68012409510885, 40.34003115196301], [115.67977097693895, 40.340027121434154], [115.67976922093922, 40.34011719018457], [115.67953380855269, 40.34011450255814], [115.67953205223215, 40.34020457129858], [115.6794143458943, 40.340203227301494], [115.67941083291657, 40.34038336476947], [115.67929312627378, 40.34038202064413], [115.67928961295145, 40.34056215809771], [115.67940731990716, 40.34056350223156], [115.67940556339057, 40.3406535709604], [115.67917014917418, 40.34065088256446], [115.67917190600366, 40.340560813844135], [115.67893649213185, 40.340558124977726], [115.67893824926631, 40.340468056264434], [115.6787028357391, 40.340465366927596], [115.67870459317855, 40.34037529822134], [115.67835147341653, 40.34037126333077], [115.67834971550775, 40.340461332024255], [115.67811430205983, 40.34045864148999], [115.67811254383021, 40.34054871017346], [115.67787713010111, 40.34054601915172], [115.67787537155067, 40.340636087825224], [115.67775766454157, 40.34063474213047], [115.67775590582674, 40.34072481079825], [115.6776381986691, 40.34072346497949], [115.6776364397899, 40.34081353364153], [115.67751873248376, 40.34081218769878], [115.67751697344016, 40.34090225635509], [115.67728155853878, 40.34089956410185], [115.67728683658449, 40.340629358154075], [115.67716912961507, 40.34062801186061], [115.6771708891042, 40.34053794321267], [115.67705318229918, 40.34053659680373], [115.67705670156654, 40.34035645951196], [115.67693899508234, 40.34035511299181], [115.67694075486058, 40.34026504434798], [115.67682304854075, 40.340263697712345], [115.67682656838629, 40.3400835604288], [115.67670886238729, 40.34008221368195], [115.67671590260892, 40.33972193911426], [115.67659819724364, 40.339720592264726], [115.67659995743566, 40.3396305236234], [115.6763645470418, 40.33962782957364], [115.67636630753873, 40.33953776093936], [115.67624860251019, 40.33953641373913], [115.67625036315562, 40.33944634510765], [115.67601495343517, 40.33944365035652], [115.67601671438555, 40.33935358173209], [115.67495737244488, 40.33934144946347], [115.67495561008653, 40.33943151804951], [115.67472020054092, 40.33942882066417], [115.67471667517461, 40.339608957814725], [115.67459897010085, 40.33960760893392], [115.67459191864705, 40.339967883200316], [115.67447421295547, 40.33996653418269], [115.67447068686798, 40.34014667129852], [115.67423527488288, 40.34014397288697], [115.67423351151432, 40.34023404143414], [115.6737626870138, 40.340228643157076], [115.67376445100815, 40.34013857462699], [115.67364674505936, 40.34013722476266], [115.6736485092022, 40.34004715623537], [115.67353080341783, 40.34004580625557], [115.67353609626792, 40.33977560067772], [115.67341839096083, 40.339774250590985], [115.67342015538472, 40.33968418206638], [115.67271392464795, 40.339676079057156], [115.6727121592854, 40.339766147556126], [115.6722413383277, 40.33976074313814], [115.67225016818963, 40.339310400714105], [115.6723678726349, 40.33931175197682], [115.67237316998717, 40.33904154649192], [115.6722554660112, 40.33904019524203], [115.67225899785242, 40.338860058253296], [115.67214129419732, 40.338858706892225], [115.67214482631954, 40.33867856990617], [115.67202712298524, 40.33867721843392], [115.67202888919084, 40.33858714994295], [115.67191118602095, 40.33858579835527], [115.67191471872113, 40.338405661377465], [115.67179701587207, 40.33840430967859], [115.67179878236662, 40.338314241191775], [115.67168107968196, 40.33831288937745], [115.67168284632498, 40.338222820893435], [115.67097663132297, 40.33821470751879], [115.67097486374136, 40.338304775977115], [115.67073945849161, 40.33830207055248], [115.67073769058918, 40.33839213900078], [115.67050228505846, 40.338389433088665], [115.67050051683518, 40.338479501526926], [115.67026511102351, 40.33847679512732], [115.67026334247939, 40.33856686355554], [115.67014563942907, 40.338565510171854], [115.67014387072054, 40.33865557859432], [115.67002616752178, 40.33865422508662], [115.67002262976791, 40.338834361918565], [115.66990492626427, 40.33883300828256], [115.66989431187257, 40.33937341871741], [115.67001201631484, 40.339374772379124], [115.67000317155117, 40.339825114389114], [115.6698854663267, 40.339823760705976], [115.6698836971936, 40.339913829099274], [115.66976599182068, 40.33991247529212], [115.66976422252314, 40.34000254367965], [115.66941110598289, 40.339998481526905], [115.66940933620805, 40.340088549900116], [115.66917392490825, 40.340085841191005], [115.66917215481251, 40.34017590955419], [115.66893674323175, 40.340173200357555], [115.66893497281515, 40.340263268710686], [115.66869956095347, 40.340260559026504], [115.66870133168294, 40.34017049068196], [115.66858362592052, 40.34016913566457], [115.66858539679845, 40.34007906732283], [115.66846769120046, 40.34007771218998], [115.66846946222687, 40.33998764385108], [115.66764552435971, 40.339978154598484], [115.66764729647323, 40.339888086288134], [115.66717647563647, 40.33988266124102], [115.6671747028972, 40.33997272953421], [115.66705699755153, 40.33997137296878], [115.66705522464784, 40.34006144125619], [115.66693751915373, 40.340060084566744], [115.66693574608558, 40.34015015284839], [115.66681804044303, 40.34014879603491], [115.66681626721045, 40.3402388643108], [115.66669856141948, 40.34023750737328], [115.66669501461739, 40.34041764391202], [115.66657730852152, 40.34041628684618], [115.66657376137454, 40.34059642337045], [115.66645605497379, 40.34059506617628], [115.66645250748189, 40.34077520268609], [115.66633480077626, 40.34077384536358], [115.66633302686185, 40.34086391361197], [115.66621532000775, 40.34086255616542], [115.66621354592893, 40.34095262440805], [115.66597813193181, 40.34094990914714], [115.66597635753207, 40.34103997737971], [115.66562323612708, 40.3410359035774], [115.66562146124998, 40.34112597179559], [115.66538604670711, 40.34112325532007], [115.66538427150911, 40.341213323528194], [115.66526656409324, 40.341211965106524], [115.66526478873078, 40.34130203330888], [115.66502937361015, 40.34129931609771], [115.66502759792677, 40.34138938428999], [115.66490989022202, 40.341388025500486], [115.66490811437417, 40.341478093686995], [115.66467269867579, 40.34147537574015], [115.66467092250703, 40.34156544391659], [115.6644355065278, 40.34156272548218], [115.66443373003811, 40.341652793648535], [115.66419831377802, 40.341650074726545], [115.66419653696741, 40.34174014288283], [115.66407882869291, 40.3417387832379], [115.66407705171785, 40.341828851388414], [115.66325309292576, 40.34181933049101], [115.66325487099601, 40.341729262370635], [115.66301945458336, 40.341726541045155], [115.66302123295853, 40.341636472931924], [115.66290352492067, 40.34163511209387], [115.66290530344428, 40.34154504398348], [115.6627875955709, 40.34154368303], [115.66279293156289, 40.3412734787029], [115.66267522416692, 40.341272117642596], [115.66267878176771, 40.341091981425784], [115.66279648885079, 40.34109334247749], [115.66280182472245, 40.34082313812833], [115.6629195313442, 40.34082449904735], [115.66292308823895, 40.3406443627986], [115.66304079455583, 40.34064572358927], [115.66304435110561, 40.34046558732603], [115.66316205711763, 40.340466947988354], [115.66316383522404, 40.340376879850204], [115.66328154108764, 40.340378240388475], [115.66328331902959, 40.34028817224456], [115.66340102474473, 40.340289532658794], [115.66340280252224, 40.3401994645091], [115.66352050808896, 40.34020082479929], [115.66352228570199, 40.34011075664381], [115.66363999112029, 40.340112116809955], [115.66364176856888, 40.3400220486487], [115.66375947383877, 40.3400234086908], [115.66376302839895, 40.339843272355274], [115.66388073336395, 40.33984463226902], [115.6638860646748, 40.33957442774178], [115.66400376917854, 40.33957578752289], [115.66400554610968, 40.33948571933988], [115.66412325046497, 40.339487078996946], [115.66412502723166, 40.33939701080818], [115.66424273143853, 40.339398370341215], [115.66424450804075, 40.33930830214668], [115.6643622120992, 40.33930966155566], [115.664363988537, 40.339219593355324], [115.66448169244703, 40.339220952640275], [115.66448346872038, 40.339130884434184], [115.66460117248197, 40.3391322435951], [115.66460294859088, 40.33904217538324], [115.66472065220405, 40.33904353442013], [115.66472242814848, 40.338953466202476], [115.66484013161325, 40.338954825115316], [115.66484368316523, 40.338774688667016], [115.66496138632513, 40.33877604745153], [115.66496316193269, 40.33868597922087], [115.66508086494416, 40.33868733788135], [115.66508619124947, 40.33841713316764], [115.6649684887073, 40.33841577452006], [115.66497203985031, 40.33823563804548], [115.664854337629, 40.33823427928677], [115.66486144044465, 40.33787400633718], [115.66474373885706, 40.33787264747595], [115.66474729052968, 40.33769251100092], [115.66462958926293, 40.33769115202854], [115.66463136524365, 40.33760108379314], [115.66451366414135, 40.337599724705356], [115.66451544027049, 40.33750965647276], [115.66345613211818, 40.337497419333694], [115.6634579096471, 40.33740735113837], [115.6632225082365, 40.33740463046575], [115.66322428607025, 40.33731456227756], [115.66298888500457, 40.33731184113466], [115.66299244127367, 40.33713170477109], [115.6628747410657, 40.33713034402866], [115.66287651934464, 40.33704027584897], [115.66275881930112, 40.337038914991126], [115.66276059772846, 40.336948846814266], [115.66264289784937, 40.33694748584101], [115.6626446764251, 40.336857417667], [115.66252697671045, 40.33685605657832], [115.6625287554346, 40.336765988407144], [115.66241105588438, 40.336764627203046], [115.6624146136214, 40.336584490864894], [115.66229691439204, 40.336583129549695], [115.66230225140664, 40.336312925044346], [115.66218455265455, 40.33631156362236], [115.662188110937, 40.33613142728672], [115.66230580937625, 40.3361327887001], [115.66230936731377, 40.33595265234994], [115.66242706544824, 40.33595401363498], [115.66242884424857, 40.335863945453404], [115.66266424022872, 40.3358666676557], [115.66266601870821, 40.33577659946402], [115.66290141440767, 40.33577932117882], [115.66290674885951, 40.33550911656911], [115.66278905147497, 40.33550775578449], [115.66279082976598, 40.33541768758261], [115.66267313254586, 40.33541632668259], [115.66267491098523, 40.335326258483555], [115.66255721392957, 40.335324897468105], [115.66255899251732, 40.3352348292719], [115.66244129562608, 40.33523346814106], [115.6624430743622, 40.33514339994769], [115.66232537763541, 40.335142038701434], [115.66232715651991, 40.335051970510904], [115.66220945995754, 40.33505060914924], [115.66221123899041, 40.334960540961546], [115.66209354259246, 40.33495917948447], [115.66209532177373, 40.33486911129962], [115.6619776255402, 40.33486774970714], [115.66198118419145, 40.33468761334164], [115.66186348827875, 40.33468625163806], [115.66186526774874, 40.33459618345741], [115.66174757200046, 40.33459482163843], [115.66174935161882, 40.334504753460614], [115.66151396045916, 40.33450202947215], [115.66151574038228, 40.33441196130148], [115.66128034956755, 40.33440923684278], [115.6612785693316, 40.33449930500481], [115.66116087377988, 40.334497942591575], [115.6611626541722, 40.33440787443385], [115.66092726340561, 40.334405149256874], [115.66093082479176, 40.33422501295424], [115.66081312973331, 40.334223650194815], [115.66081491057074, 40.33413358204562], [115.66093260547278, 40.334134944800745], [115.66094150875745, 40.333684604011076], [115.66082381463735, 40.33368324127751], [115.66082737620778, 40.333503104959966], [115.6607096824085, 40.333501742115324], [115.66071146333806, 40.33341167395867], [115.6605937697032, 40.33341031099863], [115.66059555078112, 40.33332024284481], [115.66047785731068, 40.33331887976938], [115.66047963853696, 40.333228811618405], [115.660244251933, 40.33322608511705], [115.660246033464, 40.33313601697322], [115.66012834033044, 40.333134653547305], [115.6601301220098, 40.33304458540632], [115.66001242904068, 40.333043221865005], [115.6600142108684, 40.33295315372688], [115.65919036140433, 40.332943605616094], [115.6591885784819, 40.333033673724], [115.65895319268033, 40.33303094460635], [115.65895140943711, 40.333121012704154], [115.65871602335493, 40.33311828309903], [115.65871423979091, 40.333208351186734], [115.6585965466055, 40.33320698620028], [115.65859476287703, 40.333297054282184], [115.65847706954328, 40.33329568917171], [115.65847171784041, 40.33356589339561], [115.65858941164332, 40.33356725851903], [115.65858762788265, 40.33365732659504], [115.6588230158254, 40.333660056491425], [115.65882123236949, 40.33375012457459], [115.65893892650932, 40.333751489347534], [115.65893714320175, 40.33384155743357], [115.65905483750603, 40.33384292209113], [115.65904770482086, 40.33420319443778], [115.65916539975876, 40.33420455899289], [115.65916183368073, 40.33438469516602], [115.65927952893945, 40.334386059610075], [115.65927239731245, 40.33474633195594], [115.65915470142815, 40.334744967494615], [115.65914756904687, 40.335105239799645], [115.6592652655568, 40.33510660427825], [115.65925456768205, 40.33564701271754], [115.65913687023371, 40.335645648213024], [115.6591333038983, 40.33582578433904], [115.6588979084001, 40.33582305495358], [115.6588961249075, 40.33591312300573], [115.65877842701408, 40.335911758129114], [115.65878021066307, 40.335821690081275], [115.6583094197954, 40.33581622939485], [115.65830763552076, 40.3359062974254], [115.65818993766757, 40.335904931950175], [115.65818815322848, 40.33599499997494], [115.6579527572334, 40.33599226865669], [115.6579545419853, 40.335902200640575], [115.65760144852227, 40.33589810277827], [115.65760323373534, 40.335808034773656], [115.6573678384464, 40.335805302275524], [115.65736962396423, 40.33571523427808], [115.65701653156044, 40.33571113464593], [115.65701831753945, 40.33562106666001], [115.65642983114296, 40.33561423156706], [115.65643161789595, 40.33552416360129], [115.65619622370659, 40.335521428734744], [115.65619443664079, 40.335611496691854], [115.65537055613707, 40.335601920857535], [115.6553687679684, 40.33569198878286], [115.65513337329854, 40.33568925174409], [115.65512979631134, 40.33586938757301], [115.6550120986757, 40.33586801886537], [115.6550085213434, 40.33604815467975], [115.65489082340302, 40.336046785843735], [115.65488903456836, 40.33613685374438], [115.65477133647963, 40.3361354847843], [115.65476775847331, 40.3363156205725], [115.6546500600798, 40.33631425148404], [115.65464827090814, 40.33640431937161], [115.65453057236631, 40.336402950159105], [115.65452878303014, 40.336493018040834], [115.65405798831792, 40.336487539976254], [115.65405977827972, 40.33639747211184], [115.65394207977826, 40.33639610230074], [115.65395103024825, 40.33594576297827], [115.65383333253692, 40.335944393069106], [115.65383512276311, 40.33585432520454], [115.65359972767746, 40.33585158503575], [115.65359793713846, 40.335941652891655], [115.65348023945134, 40.33594028262334], [115.6534766580363, 40.33612041832206], [115.65335896004446, 40.33611904792535], [115.65335716916842, 40.336209115768156], [115.65265098044847, 40.336200890847806], [115.65265277226295, 40.336110823031035], [115.65241737640045, 40.33610808044184], [115.65241916851971, 40.33601801263228], [115.6520660752558, 40.33601389786361], [115.65206428266733, 40.33610396566016], [115.65171118900696, 40.336099849801], [115.6517093959412, 40.33618991758304], [115.65123860388162, 40.336184428077395], [115.65123501647454, 40.33636456360232], [115.65111731816707, 40.336363190917915], [115.65111552429497, 40.336453258673814], [115.65099782583917, 40.33645188586535], [115.65099603180258, 40.33654195361543], [115.65087833319843, 40.33654058068289], [115.65087653899734, 40.33663064842716], [115.65064114150056, 40.336627902194245], [115.65063934697854, 40.33671796992834], [115.65052164808588, 40.33671659662796], [115.65051805870473, 40.33689673208304], [115.65040035950734, 40.33689535865423], [115.65040215435837, 40.33680529093178], [115.65028445532548, 40.336803917387606], [115.65028984029924, 40.33653371422444], [115.6504075388629, 40.336535087755564], [115.65041651287518, 40.33608474909907], [115.65053421066489, 40.336086122488766], [115.65053600528663, 40.3359960547487], [115.65065370292803, 40.33599742801431], [115.65065729183445, 40.335817292521064], [115.65077498917113, 40.335818665658266], [115.6507767834558, 40.33572859790509], [115.65089448064415, 40.33572997091823], [115.65089627476432, 40.33563990315923], [115.65101397180436, 40.3356412760483], [115.65101576576004, 40.33555120828349], [115.65125115955158, 40.335553953693804], [115.65125295318636, 40.33546388591883], [115.65148834669748, 40.33546663084158], [115.65149014001135, 40.335376563056435], [115.65172553324199, 40.335379307491635], [115.65172732623498, 40.33528923969634], [115.65184502270603, 40.335290611730024], [115.65184681553453, 40.33520054392892], [115.65196451185726, 40.33520191583854], [115.65196630452128, 40.3351118480316], [115.65208400069571, 40.335113219817174], [115.65208579319523, 40.335023152004425], [115.65232118525553, 40.335025895207735], [115.65232297743418, 40.33493582738483], [115.65267606511604, 40.334939941278925], [115.65267785681739, 40.334849873441534], [115.65303094410282, 40.33485398624516], [115.6530327353269, 40.33476391839328], [115.65326812657811, 40.33476665965512], [115.65326991748131, 40.334676591793084], [115.65338761296265, 40.3346779622401], [115.65338940370137, 40.334587894372255], [115.65350709903436, 40.33458926469522], [115.65351068017479, 40.33440912894644], [115.65362837520308, 40.33441049914099], [115.65363553676148, 40.334050227608415], [115.65351784235875, 40.33404885743118], [115.65351963288455, 40.33395878954868], [115.65304885598006, 40.33395330766], [115.65304706482868, 40.334043375525155], [115.65292937046637, 40.33404200474938], [115.65293116177412, 40.333951936888575], [115.6526957733865, 40.33394919498655], [115.65269756499896, 40.33385912713295], [115.65257987097368, 40.33385775600672], [115.65258703796827, 40.333497484594965], [115.652704731368, 40.33349885570383], [115.65271189760776, 40.33313858425114], [115.65282959039003, 40.33313995522295], [115.65283138177338, 40.33304988735175], [115.65306676704941, 40.33305262892756], [115.65306855811191, 40.33296256104622], [115.65342163561736, 40.33296667249913], [115.65343058846295, 40.33251633300524], [115.65354828019902, 40.33251770322844], [115.65355365134033, 40.33224749950143], [115.65367134261533, 40.332248869591915], [115.65367313282322, 40.33215880167562], [115.65402620622751, 40.33216291121587], [115.65402799595823, 40.332072843285104], [115.65414568695275, 40.332074212888095], [115.65414747651901, 40.33198414495153], [115.65426516736524, 40.3319855144305], [115.65426695676703, 40.33189544648811], [115.65450233817094, 40.33189818507829], [115.65450949444643, 40.33153791325932], [115.65486256473633, 40.331542020194824], [115.65485898755297, 40.33172215613322], [115.65497667797847, 40.331723524880985], [115.65497488953108, 40.33181359285232], [115.65509258012102, 40.331814961484724], [115.65509436841207, 40.33172489350905], [115.65532974930343, 40.331727630406064], [115.65533511318986, 40.33145742644424], [115.6552174232093, 40.33145605806858], [115.65521921131169, 40.331365990082695], [115.65545459096818, 40.331368726705655], [115.65545637874976, 40.33127865870963], [115.65522099940601, 40.33127592209533], [115.65522278749228, 40.3311858541065], [115.65510509798888, 40.331184485624135], [115.65510688622344, 40.331094417638155], [115.65475381823074, 40.331090311485866], [115.6547502408153, 40.33127044743034], [115.65463255118779, 40.33126907846484], [115.6546343400559, 40.33117901049768], [115.65381051398388, 40.331169424417986], [115.65381230393851, 40.331079356479684], [115.65357692544617, 40.33107661653115], [115.65358050595673, 40.33089648066749], [115.65346281703539, 40.33089511052235], [115.65346818820976, 40.3306249067288], [115.65358587666196, 40.330626276860926], [115.65359124729457, 40.33035607304112], [115.65370893528575, 40.33035744304055], [115.65371072532412, 40.33026737509332], [115.653828413167, 40.330268744968706], [115.65383020304093, 40.33017867701568], [115.65394789073555, 40.33018004676704], [115.65394968044502, 40.33008997880821], [115.65406736799136, 40.33009134843553], [115.6540691575364, 40.33000128047088], [115.65395147014644, 40.329999910847896], [115.65395325983975, 40.32990984288612], [115.65383557261424, 40.32990847314777], [115.65383915228941, 40.32972833722844], [115.65372146538468, 40.329726967379074], [115.65372862526355, 40.329366695540116], [115.65361093899234, 40.329365325588405], [115.65361272909823, 40.32927525762933], [115.65337735689269, 40.329272517375486], [115.65337914730323, 40.32918244942361], [115.65290840361448, 40.329176967497006], [115.65290482153449, 40.329357103364586], [115.65278713531978, 40.329355732575024], [115.65278355289477, 40.329535868428046], [115.65266586637544, 40.32953449751013], [115.65266407499446, 40.32962456543007], [115.6524287016673, 40.329621823226475], [115.65242690996553, 40.329711891136284], [115.65230922315772, 40.3297105198506], [115.6523074312915, 40.329800587754605], [115.65171899659188, 40.329793729509106], [115.6517207892399, 40.32970366162682], [115.65125004225119, 40.32969817289334], [115.65124824897775, 40.32978824075825], [115.65089518835205, 40.329784122938335], [115.65089339460143, 40.32987419078875], [115.6503049596053, 40.329867325339976], [115.6503031650648, 40.32995739316718], [115.64983241658814, 40.32995189863631], [115.6498306214141, 40.33004196644463], [115.64947755967253, 40.330037844276674], [115.64947576402133, 40.330127912070466], [115.64935807663397, 40.330126537770745], [115.6493562808183, 40.330216605558725], [115.6492385932827, 40.33021523113496], [115.64923679730255, 40.33030529891713], [115.6491191096187, 40.33030392436931], [115.6491173134741, 40.33039399214565], [115.64899962564195, 40.330392617473784], [115.6489978293329, 40.3304826852443], [115.64840938951195, 40.33047581006781], [115.64841118660281, 40.33038574231905], [115.6481758110439, 40.330382991419306], [115.6481776084394, 40.330292923677796], [115.64794223322563, 40.33029017230797], [115.64795122164514, 40.32983983362182], [115.64806890846619, 40.3298412093448], [115.6480743009515, 40.32957100610237], [115.64819198731158, 40.3295723816926], [115.64820456839912, 40.328941907378216], [115.64855762424452, 40.328946033339335], [115.64855582743967, 40.329036101116], [115.648673512894, 40.329037476201364], [115.64867171623742, 40.32912754398092], [115.64890708748315, 40.32913029380125], [115.64890529113116, 40.329220361588035], [115.64925834852959, 40.32922448543392], [115.64926014441251, 40.32913441763409], [115.64937783007183, 40.32913579200565], [115.64937962579032, 40.329045724199986], [115.6494973113014, 40.32904709844752], [115.64949910685543, 40.328957030636026], [115.64961679221823, 40.32895840475951], [115.6496203829893, 40.328778269123404], [115.64985575311381, 40.32878101699393], [115.64985754817451, 40.328690949164965], [115.64997523309256, 40.32869232291634], [115.64997702798877, 40.32860225508157], [115.64962397372796, 40.32859813348142], [115.64962217836268, 40.32868820130315], [115.64950449346891, 40.32868682719271], [115.6495080845041, 40.32850669155648], [115.64939039993112, 40.32850531733505], [115.64939399124661, 40.32832518170162], [115.64951167550687, 40.32832655591435], [115.64951526647725, 40.32814642026632], [115.64939758252967, 40.328145046062296], [115.64939937815907, 40.328054978240424], [115.64928169437594, 40.32805360392107], [115.64928349015358, 40.327963536102054], [115.6491658065349, 40.32796216166737], [115.64916760246076, 40.327872093851255], [115.64904991900653, 40.327870719301224], [115.64905171508065, 40.327780651487984], [115.64881634850916, 40.32777790203757], [115.64881814488787, 40.32768783423156], [115.6482297293826, 40.32768095853285], [115.6482279322222, 40.3277710263171], [115.6471687834164, 40.327758642480184], [115.64717058198389, 40.32766857473514], [115.64705289898015, 40.327667198159205], [115.64705649640347, 40.32748706267341], [115.64693881372052, 40.32748568598651], [115.6469586006885, 40.326494940757215], [115.64684091973335, 40.32649356399856], [115.6468445175711, 40.326313428491886], [115.64696219821357, 40.32631480524183], [115.64696399696396, 40.32622473748192], [115.64708167745822, 40.32622611410781], [115.64708347604416, 40.326136046342086], [115.64790723863682, 40.32614567934192], [115.64790544114521, 40.32623574713814], [115.64849384402201, 40.326242624283786], [115.64849204730393, 40.326332692100316], [115.64931581276609, 40.32634231510825], [115.64931940400551, 40.326162179412805], [115.64920172351354, 40.32616080506512], [115.64920531503323, 40.32598066937248], [115.64896995469896, 40.32597792033548], [115.6489717507593, 40.325887852495654], [115.64885407076063, 40.325886477801994], [115.64885586696921, 40.32579640996505], [115.64873818713497, 40.32579503515606], [115.64873998349177, 40.325704967322004], [115.64862230382195, 40.32570359239769], [115.648624100327, 40.3256135245665], [115.6485064208216, 40.32561214952686], [115.64850821747484, 40.32552208169856], [115.64827285880105, 40.32551933126898], [115.64827465575885, 40.3254292634479], [115.64792161827793, 40.32542513691905], [115.64792341569658, 40.325335069109556], [115.64698198402144, 40.32532405980183], [115.64698378268255, 40.32523399202572], [115.64674842515751, 40.32523123851077], [115.64675022412318, 40.3251411707419], [115.64663254552917, 40.32513979380928], [115.64663434464303, 40.32504972604329], [115.64651666621343, 40.32504834899535], [115.64651846547551, 40.32495828123227], [115.64640078721035, 40.324956904069005], [115.64640258662064, 40.3248668363088], [115.64628490851992, 40.32486545903024], [115.64628670807839, 40.32477539127291], [115.64605135221396, 40.32477263636551], [115.64605315207695, 40.324682568615415], [115.64593547431323, 40.32468119098657], [115.64593367429391, 40.32477125873229], [115.64581599638198, 40.32476988097941], [115.64581059580634, 40.32504008419464], [115.64569291743359, 40.325038706309], [115.64568931669659, 40.32521884176974], [115.64557163801929, 40.325217463755706], [115.64556803693719, 40.325397599201814], [115.64545035795538, 40.325396221059385], [115.6454485572458, 40.32548628877586], [115.64509551988014, 40.32548215361745], [115.64509732105866, 40.32539208591406], [115.64486196316813, 40.32538932855214], [115.64486376465119, 40.325299260856006], [115.64474608587443, 40.3252978819999], [115.64474788750569, 40.32520781430665], [115.64463020889337, 40.32520643533525], [115.64463201067282, 40.32511636764488], [115.64451433222496, 40.32511498855817], [115.6445233417819, 40.32466465010611], [115.64464101944816, 40.324666029171], [115.64464822632216, 40.32430575836537], [115.64476590337127, 40.324307137293125], [115.64477130797249, 40.32403693416034], [115.64465363139233, 40.324035555245665], [115.64466263968008, 40.323585216683355], [115.64454496388957, 40.32358383767085], [115.64454676567907, 40.32349376995835], [115.644429090053, 40.32349239083054], [115.64443089199065, 40.32340232312091], [115.644313216529, 40.323400943877814], [115.64431501861485, 40.32331087617108], [115.64419734331763, 40.323309496812676], [115.64419914555167, 40.32321942910883], [115.64396379529427, 40.32321667004177], [115.64396559783277, 40.323126602345184], [115.64337722311303, 40.323119702605254], [115.643375419793, 40.32320977028], [115.64314006964942, 40.323207009537654], [115.64313826600863, 40.32329707720218], [115.64207918935855, 40.32328464789891], [115.64207557923908, 40.323464783144864], [115.64195790378383, 40.3234634015041], [115.64195429331917, 40.323643536735396], [115.64183661755943, 40.32364215496623], [115.6418293959072, 40.32400242539363], [115.64171171953038, 40.3240010434873], [115.64170269150027, 40.324451381466524], [115.64158501435001, 40.324449999418654], [115.6415795969653, 40.32472020217537], [115.64146191935426, 40.32471881999471], [115.64145288943521, 40.32516915787122], [115.64133521105074, 40.32516777554901], [115.64132979253262, 40.32543797824412], [115.64121211368729, 40.32543659578909], [115.64121030734196, 40.3255266633468], [115.64109262834847, 40.325525280767735], [115.64108901532074, 40.325705415869976], [115.64097133602276, 40.32570403316248], [115.64096772264978, 40.32588416825007], [115.6408500430473, 40.32588278541416], [115.64084642932907, 40.326062920487104], [115.64072874942208, 40.32606153752275], [115.64071429297258, 40.326782077720544], [115.64012588730668, 40.32677516092851], [115.64012769517305, 40.32668509343083], [115.63989233327642, 40.32668232588504], [115.6398941414473, 40.326592258394655], [115.63977646066756, 40.326590874446616], [115.6397782689866, 40.326500806959146], [115.63966058837136, 40.326499422895814], [115.63966239683859, 40.326409355411236], [115.63954471638782, 40.326407971232605], [115.63954833361045, 40.32622783626782], [115.6394306534805, 40.32622645197827], [115.63943246223592, 40.32613638449804], [115.63931478227045, 40.32613500009322], [115.63931659117402, 40.32604493261591], [115.63919891137303, 40.32604354809577], [115.6392007204248, 40.32595348062136], [115.63908304078826, 40.32595209598594], [115.63909027753898, 40.32559182609109], [115.63920795655022, 40.32559321070897], [115.63920976556118, 40.32550314322719], [115.63932744442421, 40.32550452772101], [115.6393292532707, 40.32541446023338], [115.63944693198557, 40.32541584460314], [115.6394505493414, 40.32523570961469], [115.63933287093916, 40.325234325253675], [115.63933467976116, 40.325144257761615], [115.6392170015234, 40.32514287328532], [115.63922242840943, 40.324872670813434], [115.63910475064877, 40.324871286230604], [115.63911560513841, 40.32433088127333], [115.63923328196117, 40.32433226582987], [115.6392350908579, 40.32424219832745], [115.63911741419147, 40.324240813775305], [115.63911922323635, 40.324150746275784], [115.63900154673438, 40.32414936160835], [115.63899973753317, 40.32423942910349], [115.63876438424109, 40.324236659400874], [115.63876257471911, 40.32432672688575], [115.638644897929, 40.32432534185057], [115.63864308824252, 40.32441540932959], [115.63852541130424, 40.324414024170345], [115.63852360145331, 40.32450409164352], [115.63840592436691, 40.32450270636022], [115.63840411435149, 40.324592773827526], [115.63828643711692, 40.32459138842018], [115.63828462693701, 40.32468145588163], [115.6381669495543, 40.324680070350226], [115.63816513920993, 40.32477013780582], [115.63804746167907, 40.32476875215036], [115.63804565117022, 40.32485881960008], [115.63792797349117, 40.32485743382056], [115.63792616281783, 40.32494750126444], [115.63780848499066, 40.32494611536086], [115.63780486330687, 40.32512625023541], [115.63768718517522, 40.32512486420339], [115.63767450793036, 40.32575533618714], [115.63755682871265, 40.32575395000474], [115.6375532062565, 40.32593408483519], [115.6374355267343, 40.32593269852433], [115.63743371533768, 40.32602276593297], [115.63731603566731, 40.32602137949805], [115.63731422410618, 40.32611144690081], [115.63696118467514, 40.32610728686484], [115.63696480872721, 40.32592715208418], [115.63684712924584, 40.325925765174965], [115.63685256573163, 40.32565556300607], [115.636970244744, 40.32565694990212], [115.63698655235306, 40.324846343276334], [115.63710422996672, 40.324847730013204], [115.63710966522036, 40.32457752776489], [115.63722734237327, 40.324578914368935], [115.6372309655222, 40.32439877952057], [115.63734864237065, 40.32440016599616], [115.63735226517429, 40.324220031133144], [115.63746994171828, 40.32422141748029], [115.6374735641766, 40.32404128260257], [115.63759124041614, 40.324042668821285], [115.63759305147676, 40.32395260137584], [115.63771072756813, 40.32395398747049], [115.63771253846426, 40.323863920019164], [115.6378302144075, 40.32386530598976], [115.63783383586264, 40.323685171073954], [115.63795151150143, 40.323686556916094], [115.63795332206045, 40.32359648945159], [115.63807099755111, 40.32359787516969], [115.63807461833201, 40.32341774022748], [115.63819229351823, 40.323419125817146], [115.63819591395388, 40.32323899086026], [115.63831358883563, 40.32324037632149], [115.6383153988849, 40.32315030883645], [115.63843307361854, 40.32315169417364], [115.63843669337999, 40.32297155919037], [115.63855436780915, 40.32297294439912], [115.63855798722534, 40.322792809401186], [115.63867566135008, 40.32279419448152], [115.63867928042103, 40.322614059468904], [115.63879695424131, 40.32261544442079], [115.63879876360826, 40.3225253769079], [115.63891643728041, 40.32252676173574], [115.63891824648289, 40.32243669421699], [115.63903592000692, 40.322438078920804], [115.63903772904493, 40.32234801139619], [115.6389200556772, 40.32234662669676], [115.63892186486336, 40.32225655917505], [115.63880419166009, 40.32225517436036], [115.63882047537494, 40.32144456663814], [115.63846746003401, 40.32144041159446], [115.63846565029613, 40.32153047911191], [115.63834797837586, 40.32152909385364], [115.63834435856303, 40.32170922887532], [115.63822668633834, 40.32170784348864], [115.63822487626338, 40.321797910992885], [115.63810720389058, 40.32179652548217], [115.63810539365117, 40.321886592980555], [115.6379877211302, 40.32188520734578], [115.63798591072634, 40.3219752748383], [115.63786823805727, 40.321973889079494], [115.63786099573495, 40.32233415901729], [115.63797866902922, 40.32233554479365], [115.63797323767065, 40.32260574724467], [115.63785556390748, 40.32260436145516], [115.63785194264835, 40.32278449640636], [115.63773426858074, 40.32278311048842], [115.63773245778263, 40.32287317795742], [115.6376147835669, 40.322871791915425], [115.63761297260432, 40.32296185937856], [115.6371422751979, 40.32295631399641], [115.63714046360192, 40.32304638144052], [115.63690511463514, 40.323043608022694], [115.63690330271841, 40.32313367545655], [115.63678562809098, 40.32313228856376], [115.63678381600974, 40.32322235599175], [115.63666614123416, 40.323220968974915], [115.6366625167346, 40.32340110381771], [115.6365448416546, 40.323399716672405], [115.63654302923625, 40.323489784087194], [115.6364253540081, 40.323488396817844], [115.63642354142527, 40.32357846422678], [115.63618819068091, 40.32357568932031], [115.63619000357635, 40.323485621920156], [115.63607232837275, 40.323484234291826], [115.63607414141632, 40.32339416689461], [115.6359564663772, 40.323392779151], [115.63596371909492, 40.32303250956493], [115.63584604468917, 40.323031121719225], [115.63584785800444, 40.322941054323415], [115.6356125095301, 40.322938278281825], [115.63561069590224, 40.32302834566885], [115.63549302152103, 40.32302695746415], [115.63549120772866, 40.32311702484532], [115.63525585867819, 40.32311424806818], [115.6352522304437, 40.323294382808484], [115.63513455561812, 40.32329299423163], [115.63513274133231, 40.32338306159518], [115.6350150663586, 40.323381672894264], [115.63501325190829, 40.32347174025193], [115.63477790167286, 40.32346896248232], [115.63477608690175, 40.32355902982973], [115.63465841164002, 40.32355764076104], [115.63465659670439, 40.32364770810258], [115.63442124589287, 40.32364492959741], [115.63441943063647, 40.32373499692867], [115.63406640401162, 40.32373082826023], [115.63406458827811, 40.323820895576816], [115.63371156125805, 40.32381672581821], [115.63371337746051, 40.32372665851482], [115.63359570195985, 40.32372526836035], [115.63359933465274, 40.32354513375794], [115.6337170098408, 40.3235465239036], [115.63371882601862, 40.323456456595785], [115.63383650105857, 40.32345784661737], [115.63383831707193, 40.32336777930368], [115.63407366686377, 40.32337055897911], [115.63407548255634, 40.32328049165514], [115.63419315730822, 40.32328188130895], [115.63419497283631, 40.323191813979115], [115.63431264744008, 40.32319320350886], [115.63431446280367, 40.323103136173145], [115.63443213725934, 40.323104525578835], [115.63443576764932, 40.322924390894194], [115.63455344180056, 40.32292578017143], [115.634555256827, 40.322835712822496], [115.63467293083012, 40.32283710197568], [115.63467474569205, 40.32274703462087], [115.6347924195471, 40.32274842364999], [115.6347960489338, 40.32256828892715], [115.63491372248438, 40.32256967782782], [115.63491553700918, 40.32247961045981], [115.63503321041166, 40.32248099923641], [115.63503502477198, 40.322390931862515], [115.63515269802636, 40.32239232051507], [115.63515451222219, 40.32230225313532], [115.63527218532845, 40.32230364166381], [115.6352739993598, 40.32221357427818], [115.63539167231794, 40.32221496268262], [115.6353934861848, 40.32212489529112], [115.63562883181307, 40.322127671732254], [115.63563064535916, 40.3220376043305], [115.63574831802924, 40.32203899236718], [115.63575013141087, 40.32194892495955], [115.63622082154788, 40.32195447589216], [115.63622263429617, 40.32186440846549], [115.63645797910114, 40.321867183205065], [115.63646885354359, 40.3213267785613], [115.63658652502059, 40.32132816572526], [115.63659014945677, 40.32114803082342], [115.63670782062938, 40.32114941785895], [115.6367114447203, 40.320969282942436], [115.6368291155885, 40.32097066984952], [115.63683455119471, 40.320700467450536], [115.63695222160224, 40.320701854224794], [115.63696671494237, 40.31998131439416], [115.63684904578511, 40.31997992765502], [115.63685991638471, 40.31943952274646], [115.63674224817326, 40.319438135914005], [115.63674768383159, 40.319167933452995], [115.63663001609713, 40.319166546514055], [115.63663364014103, 40.31898641154145], [115.6365159727273, 40.31898502449166], [115.63651959705103, 40.31880488952195], [115.63640192995801, 40.31880350236129], [115.63640736685113, 40.31853329990883], [115.63628970023508, 40.31853191264171], [115.63630057473824, 40.31799150772334], [115.63618290906797, 40.31799012036292], [115.636188346678, 40.31771991789701], [115.63607068148467, 40.317718530430135], [115.63607430682964, 40.31753839545426], [115.63595664195702, 40.31753700787653], [115.63596026758184, 40.31735687290356], [115.63584260302989, 40.317355485214975], [115.63584441598628, 40.317265417730646], [115.6357267515988, 40.31726402992682], [115.63573037779956, 40.31708389496258], [115.63561271373277, 40.31708250704789], [115.63561452697714, 40.31699243956794], [115.63549686307475, 40.31699105153802], [115.63549867646721, 40.31690098406099], [115.6352633489995, 40.316898207651036], [115.63526516269627, 40.31680814018132], [115.63502983557379, 40.31680536330161], [115.63503164957491, 40.31671529583921], [115.63467865942128, 40.31671112963555], [115.63468047388297, 40.31662106218487], [115.63338617900209, 40.31660577694133], [115.63338436282163, 40.31669584434362], [115.63314903627361, 40.31669306364438], [115.63314721977244, 40.3167831310364], [115.63279422954308, 40.316778959077084], [115.632792412565, 40.31686902645441], [115.63255708547389, 40.316866244541224], [115.6325552681751, 40.316956311908264], [115.63208461346623, 40.31695074662865], [115.6320827955342, 40.31704081397662], [115.63172980411987, 40.317036638747496], [115.63172798571091, 40.31712670608078], [115.6312573299816, 40.31712113741611], [115.6312555109394, 40.31721120473026], [115.63090251875981, 40.317207026962365], [115.63090069924066, 40.31729709426184], [115.63066537084941, 40.317294308476235], [115.63066355100953, 40.3173843757654], [115.63042822233864, 40.31738158949243], [115.63042640217802, 40.3174716567713], [115.63030873769864, 40.31747026345096], [115.63030691737357, 40.31756033072396], [115.63018925274613, 40.31755893727955], [115.6301874322566, 40.31764900454666], [115.6300697674811, 40.317647610978206], [115.6300679468271, 40.317737678239425], [115.62995028190356, 40.317736284546925], [115.62994664025841, 40.31791641905611], [115.62982897503055, 40.31791502523515], [115.62982533304, 40.31809515972962], [115.62970766750787, 40.318093765780205], [115.62970584634401, 40.31818383302081], [115.6295881806638, 40.31818243894733], [115.62958635933548, 40.31827250618204], [115.62946869350722, 40.31827111198452], [115.62946505051342, 40.3184512464407], [115.62934738438085, 40.318449852114696], [115.62934556271536, 40.31853991933617], [115.62922789643474, 40.318538524886115], [115.62922971825648, 40.31844845766906], [115.62911205214037, 40.318447063103775], [115.62912298383597, 40.31790665979697], [115.62924064901453, 40.317908054335774], [115.62924793602221, 40.3175477854174], [115.6291302714687, 40.317546390896275], [115.62913209335632, 40.31745632366741], [115.62901442896727, 40.31745492903104], [115.62901625100295, 40.31736486180512], [115.62889858677838, 40.31736346705354], [115.6289004089621, 40.31727339983056], [115.6286650808501, 40.317270609977314], [115.62866690333811, 40.31718054276169], [115.62784325629887, 40.31717077453773], [115.62784143271708, 40.31726084172244], [115.62760610475308, 40.31725804971575], [115.62760428085056, 40.31734811689014], [115.62736895260694, 40.31734532439607], [115.62736712838368, 40.317435391560146], [115.62724946411798, 40.317433995129235], [115.62724763973021, 40.31752406228741], [115.62712997531649, 40.31752266573245], [115.62712815076425, 40.31761273288473], [115.62701048620248, 40.3176113362057], [115.62700866148576, 40.31770140335209], [115.62677333207438, 40.31769860962628], [115.62677150703692, 40.31778867676235], [115.62665384218732, 40.31778727971557], [115.62665201698536, 40.31787734684574], [115.62653435198773, 40.317875949674885], [115.62653252662129, 40.31796601679917], [115.62641486147562, 40.31796461950427], [115.62641121040554, 40.31814475373954], [115.62629354495559, 40.318143356316135], [115.62628259061009, 40.31868375896001], [115.62592959149693, 40.31867956589236], [115.62592776527505, 40.31876963298123], [115.62533943280319, 40.318762642120184], [115.62533760579177, 40.31885270918545], [115.62521993916585, 40.31885131064989], [115.62521628480572, 40.31903144476715], [115.62509861787551, 40.31903004610308], [115.62509496316989, 40.31921018020558], [115.62497729593537, 40.319208781413025], [115.62497546841394, 40.319298848457635], [115.62485780103138, 40.319297449541004], [115.62485597334542, 40.31938751657971], [115.62462063829255, 40.31938471837866], [115.6246188102858, 40.31947478540704], [115.62450114261546, 40.31947338612261], [115.6244974862647, 40.319653520166064], [115.62437981829005, 40.31965212075313], [115.62437798994603, 40.31974218776823], [115.62426032182337, 40.31974078823122], [115.62425849331483, 40.319830855240404], [115.62414082504412, 40.319829455579324], [115.62413899637106, 40.319919522582595], [115.62390365954185, 40.319916722892636], [115.62390183054798, 40.32000678988558], [115.62378416198948, 40.32000538985669], [115.62377135770758, 40.3206358587349], [115.62388902736004, 40.32063725879479], [115.6238871983002, 40.32072732577594], [115.62400486811717, 40.32072872572062], [115.62399938135697, 40.320998926668445], [115.62411705165104, 40.32100032650678], [115.6241024211779, 40.321720862338196], [115.62398474963352, 40.321719462464415], [115.62397743357383, 40.32207973032697], [115.62385976141255, 40.32207833031582], [115.62385793222072, 40.322168397273344], [115.6237402599114, 40.32216699713808], [115.62373294243638, 40.32252726493568], [115.62361526951013, 40.32252586466304], [115.62360978084834, 40.32279606548245], [115.62349210746147, 40.322794665076856], [115.62349027773476, 40.32288473200928], [115.62337260419983, 40.3228833314796], [115.62337077430855, 40.3229733984061], [115.62325310062558, 40.322971997752326], [115.62325676071248, 40.32279186390671], [115.62302141399651, 40.32278906225792], [115.6230250746756, 40.322608928424124], [115.62290740164256, 40.322607527429106], [115.62291289306815, 40.32233732668066], [115.62279522051227, 40.322335925579296], [115.62279705112724, 40.32224585866462], [115.62291472352683, 40.32224725976155], [115.62291655397725, 40.32215719284098], [115.62279888173396, 40.322155791748486], [115.62280071233243, 40.322065724830864], [115.62268304025369, 40.32206432362315], [115.62267937873591, 40.32224445744803], [115.62256170635285, 40.322243056111795], [115.62255987542528, 40.32233312301759], [115.62244220289416, 40.32233172155726], [115.62243854070171, 40.322511855355536], [115.62232086786628, 40.322510453766675], [115.62231903660134, 40.32260052065918], [115.62220136361786, 40.32259911894623], [115.62219586930466, 40.32286931960154], [115.62207819586058, 40.322867917755595], [115.6220727010041, 40.32313811838432], [115.62195502709938, 40.32313671640542], [115.62195319530775, 40.323226783274265], [115.621835521255, 40.32322538117128], [115.62183368929877, 40.32331544803421], [115.62171601509796, 40.323314045807095], [115.62172151141067, 40.32304384522718], [115.62160383768702, 40.323042442893744], [115.62160933439426, 40.322772242313846], [115.62149166114779, 40.322770839874075], [115.62149715824951, 40.32250063929421], [115.62137948548019, 40.3224992367481], [115.62138315048594, 40.32231910302969], [115.62114780559722, 40.32231629759624], [115.6211496384003, 40.3222262307437], [115.62056127710464, 40.322219215088296], [115.6205649442489, 40.32203908142322], [115.6206826161789, 40.322040484784715], [115.62068628297749, 40.32186035110486], [115.62080395460322, 40.321861754337824], [115.62080762105614, 40.32168162064317], [115.62092529237754, 40.32168302374761], [115.62093262455906, 40.32132275632281], [115.62081495386282, 40.321321353236144], [115.62081678704381, 40.32123128638071], [115.62046377547354, 40.321227076416115], [115.62046560911512, 40.32113700957252], [115.61999492776229, 40.32113139462906], [115.6199930934956, 40.321221461454876], [115.61964008209901, 40.32121724897761], [115.61964191683457, 40.321127182165135], [115.61952424654186, 40.32112577777118], [115.61952608142542, 40.32103571096166], [115.61940841129729, 40.32103430645251], [115.6194139163672, 40.320764106028435], [115.61964925569407, 40.32076691490042], [115.61965109038826, 40.32067684808055], [115.61988642943568, 40.32067965646504], [115.61988826380905, 40.320589589634814], [115.620358941378, 40.32059520495023], [115.62036077511797, 40.32050513810073], [115.62059611363954, 40.32050794503166], [115.62059794705868, 40.32041787817181], [115.62083328530076, 40.32042068461526], [115.62083511839907, 40.32033061774506], [115.62024677363729, 40.320323600761284], [115.62024493975758, 40.32041366760927], [115.61953892537873, 40.32040524325372], [115.6195407601961, 40.32031517643239], [115.6194230913182, 40.320313771958794], [115.61942492628357, 40.32022370514044], [115.61918958886513, 40.32022089584323], [115.61919692989404, 40.31986062859062], [115.61931459797404, 40.31986203328126], [115.61931643305431, 40.319771966459975], [115.61955176892657, 40.319774775473434], [115.61955360368599, 40.31968470864177], [115.61967127147827, 40.3196861129646], [115.61968044437005, 40.319235778761936], [115.6197981113892, 40.31923718294288], [115.61979994578648, 40.31914711609348], [115.62015294642488, 40.31915132790513], [115.62015111249642, 40.31924139476787], [115.62038644660925, 40.31924420205297], [115.62038461298505, 40.31933426892313], [115.62073761468511, 40.31933847896678], [115.62073578152146, 40.319428545848794], [115.62097111634205, 40.31943135195523], [115.62097294919317, 40.319341285064354], [115.62120828373428, 40.31934409068333], [115.6212101162646, 40.319254023782094], [115.62132778339127, 40.31925542640767], [115.62132961575706, 40.31916535950053], [115.62144728273574, 40.319166762002034], [115.621449114937, 40.31907669508896], [115.62180211545379, 40.31908090186229], [115.62180028372136, 40.319170968788676], [115.62191795073309, 40.31917237081161], [115.62191428755595, 40.31935250466883], [115.62203195488847, 40.319353906581], [115.62203012344378, 40.319443973511824], [115.62214779094084, 40.31944537530879], [115.62214595964416, 40.31953544224259], [115.62226362730576, 40.31953684392433], [115.62226179615708, 40.319626910861096], [115.62261479966021, 40.31963111520178], [115.62261663034006, 40.31954104825173], [115.62273429803467, 40.319542449454886], [115.62273612854999, 40.31945238249892], [115.62285379609659, 40.319453783578005], [115.62285562644739, 40.31936371661612], [115.62297329384599, 40.319365117571124], [115.62297512403227, 40.31927505060333], [115.62309279128282, 40.31927645143426], [115.62309645131808, 40.31909631748536], [115.62321411826437, 40.31909771818778], [115.62321594811333, 40.31900765120669], [115.6233336149116, 40.31900905178503], [115.62333544459607, 40.31891898479803], [115.6234531112463, 40.31892038525231], [115.62345677027794, 40.318740251264984], [115.62357443662393, 40.318741651590756], [115.6235799246407, 40.31847145058544], [115.62263859785429, 40.31846024473579], [115.6226404284268, 40.318370177766546], [115.62252276277191, 40.318368776501394], [115.62252459349243, 40.31827870953509], [115.62264225899106, 40.31828011079582], [115.62264592009484, 40.318099976849936], [115.6227635852892, 40.31810137798213], [115.62276541567245, 40.31801131100255], [115.6228830807188, 40.318012712010685], [115.62288491093751, 40.317922645025185], [115.62300257583588, 40.31792404590924], [115.6230044058901, 40.31783397891782], [115.62312207064043, 40.31783537967781], [115.62312390053016, 40.31774531268049], [115.6232415651325, 40.317746713316396], [115.62324339485768, 40.31765664631317], [115.62336105931202, 40.31765804682501], [115.62336288887272, 40.31756797981587], [115.62289223172989, 40.31756237706842], [115.62289040154417, 40.31765244405982], [115.62277273712284, 40.317651043069425], [115.62277090677263, 40.31774111005492], [115.6226532422033, 40.31773970894047], [115.62265141168857, 40.317829775920046], [115.62253374697123, 40.317828374681504], [115.62253191629199, 40.31791844165518], [115.62229658656958, 40.31791563881032], [115.62229841756132, 40.31782557184552], [115.62241608226213, 40.31782697332333], [115.62243255941014, 40.317016370533814], [115.62231489611561, 40.31701496909593], [115.62232405057895, 40.316564634183386], [115.62220638807393, 40.31656323264806], [115.62221005011398, 40.316383098681584], [115.6220923879297, 40.31638169703549], [115.6220960502492, 40.316201563071985], [115.62197838838567, 40.31620016131515], [115.62198021968928, 40.31611009433562], [115.62186255799027, 40.31610869246358], [115.62186438944185, 40.31601862548702], [115.62174672790734, 40.316017223499784], [115.62174855950693, 40.31592715652618], [115.62116025273946, 40.31592014481777], [115.62115842035868, 40.316010211769175], [115.62104075887373, 40.31600880906416], [115.62103892632842, 40.316098876009654], [115.62092126469551, 40.31609747318058], [115.62091943198571, 40.31618754012015], [115.62080177020479, 40.316186137166994], [115.62079993733049, 40.316276204100646], [115.62068227540162, 40.316274801023425], [115.6206804423628, 40.31636486795116], [115.62056278028594, 40.31636346474986], [115.62056094708258, 40.31645353167168], [115.62044328485773, 40.316452128346306], [115.62044145148988, 40.316542195262215], [115.62032378911708, 40.31654079181278], [115.62032012204406, 40.316720925631266], [115.62020245936702, 40.3167195220533], [115.62020062566185, 40.31680958895589], [115.62008296283683, 40.31680818525384], [115.62007929508921, 40.31698831904572], [115.61996163195997, 40.31698691521516], [115.61995979791749, 40.31707698210444], [115.61984213464025, 40.31707557814979], [115.61984030043327, 40.31716564503314], [115.61972263700807, 40.317164240954426], [115.61972080263654, 40.31725430783186], [115.61948547549842, 40.31725149930663], [115.61948364080615, 40.3173415661737], [115.61936597709324, 40.31734016172718], [115.61936414223644, 40.31743022858834], [115.61912881452295, 40.317427419327515], [115.61912697934534, 40.317517486178296], [115.61877398736846, 40.31751327137647], [115.6187721517138, 40.31760333821241], [115.6185368234581, 40.31760052773745], [115.61853498748265, 40.31769059456303], [115.61829965894755, 40.31768778360063], [115.61829782265133, 40.31777785041583], [115.61759183630726, 40.31776941463064], [115.61758999906522, 40.31785948141768], [115.61735467003764, 40.31785666852327], [115.6173528324748, 40.317946735299934], [115.61711750316783, 40.31794392191808], [115.61711566528417, 40.31803398868434], [115.61688033569787, 40.31803117481504], [115.61687849749342, 40.31812124157092], [115.61664316762774, 40.31811842721416], [115.61664132910249, 40.31820849395966], [115.61628833389739, 40.318204271513856], [115.61628649489505, 40.31829433824451], [115.61593349929582, 40.31829011470861], [115.61593165981643, 40.31838018142442], [115.61557866382309, 40.318375956798384], [115.61557682386658, 40.31846602349935], [115.61475316574544, 40.31845616182005], [115.61475500679576, 40.31836609515031], [115.61428434581993, 40.318360457290794], [115.61428250414458, 40.31845052394268], [115.61416483876513, 40.318449114174236], [115.61416299692523, 40.318539180820196], [115.6139276658787, 40.31853636091547], [115.6139239815489, 40.31871649418509], [115.6138063157256, 40.31871508404435], [115.61380447339197, 40.31880515067249], [115.6136868074207, 40.31880374040763], [115.6136849649225, 40.31889380702983], [115.61356729880329, 40.31889239664088], [115.6135654561405, 40.31898246325712], [115.61344778987332, 40.31898105274406], [115.61344594704597, 40.31907111935436], [115.61332828063084, 40.3190697087172], [115.6133264376389, 40.319159775321566], [115.61320877107583, 40.31915836456029], [115.61320692791934, 40.31924843115872], [115.6130892612083, 40.31924702027334], [115.6130874178872, 40.31933708686582], [115.61296975102822, 40.31933567585633], [115.61296790754257, 40.319425742442874], [115.61285024053561, 40.31942433130927], [115.61284839688537, 40.31951439788986], [115.61261306258389, 40.31951157525479], [115.61261121861278, 40.31960164182499], [115.61249355131825, 40.31960023032351], [115.61249170718258, 40.31969029688776], [115.61190337005331, 40.319683237563424], [115.61190521497036, 40.31959317102154], [115.61166988048943, 40.31959034646324], [115.61166803525987, 40.3196804129962], [115.61155036787564, 40.319679000533114], [115.61154852248147, 40.31976906706011], [115.61143085494928, 40.31976765447291], [115.6114197814719, 40.320308053577094], [115.6113021130104, 40.32030664084342], [115.61129842147213, 40.32048677385739], [115.6111807527064, 40.32048536099512], [115.61117890676849, 40.32057542749542], [115.61106123785481, 40.32057401450904], [115.61105939175233, 40.32066408100337], [115.61082405363739, 40.32066125466272], [115.610822207214, 40.320751321146645], [115.61058686881984, 40.32074849431845], [115.61058502207558, 40.32083856079195], [115.61034968340216, 40.32083573347621], [115.61034783633701, 40.32092579993927], [115.60999482792053, 40.32092155805487], [115.6099966754545, 40.32083149160523], [115.60964366758184, 40.32082724865743], [115.60964181957904, 40.32091731509364], [115.60940648072636, 40.32091448585457], [115.60940463240266, 40.321004552280364], [115.60928696283256, 40.32100313747688], [115.60928511434423, 40.3210932038967], [115.60904977491649, 40.32109037392183], [115.60904792610725, 40.32118044033121], [115.60893025624961, 40.32117902515982], [115.60892840727577, 40.32126909156325], [115.60881073727018, 40.32126767626774], [115.6088088881317, 40.32135774266521], [115.60869121797816, 40.32135632724556], [115.6086893686751, 40.32144639363707], [115.60845402808049, 40.32144356242986], [115.60845217845649, 40.32153362881095], [115.60833450801543, 40.32153221302338], [115.60833265822681, 40.3216222793985], [115.60809731705712, 40.321619447455454], [115.6080954669476, 40.321709513820124], [115.60774245478679, 40.321705264994726], [115.60774615593519, 40.32152513229081], [115.60786382633455, 40.32152654867662], [115.60786752713702, 40.32134641595781], [115.60798519723213, 40.32134783221502], [115.60798889768866, 40.32116769948133], [115.60810656747958, 40.321169115609905], [115.60811026759016, 40.32098898286136], [115.60822793707685, 40.32099039886133], [115.60823163684151, 40.320810266097894], [115.60834930602398, 40.32081168196925], [115.60835115573752, 40.32072161558085], [115.60846882477209, 40.32072303132807], [115.60847622291769, 40.32036276574172], [115.60800554932992, 40.32035710210664], [115.60800369918093, 40.32044716848751], [115.60776836212456, 40.32044433594314], [115.60776651165466, 40.320534402313555], [115.60729583701698, 40.3205287357711], [115.60729398591367, 40.32061880212212], [115.60599962962988, 40.32060320921017], [115.60599777679917, 40.32069327551035], [115.60564477024657, 40.32068902037195], [115.60564291693868, 40.320779086657176], [115.60552524794825, 40.32077766803392], [115.60552339447571, 40.32086773431319], [115.60540572533739, 40.3208663155658], [115.60540387170022, 40.3209563818391], [115.60528620241395, 40.320954962967576], [115.60528434861214, 40.32104502923489], [115.60504900975214, 40.321042191123915], [115.60504715562945, 40.321132257380775], [115.60492948605571, 40.321130838141315], [115.60492763176833, 40.32122090439222], [115.60480996204669, 40.321219485028614], [115.60480810759469, 40.32130955127355], [115.60457276786391, 40.321306712178405], [115.60457091309098, 40.32139677841287], [115.60445324308186, 40.32139535868134], [115.60445138814428, 40.32148542490983], [115.60421604783859, 40.321482585078826], [115.60421419258007, 40.32157265129684], [115.60362584118086, 40.32156554960297], [115.60362769722077, 40.32147548340743], [115.60292167675563, 40.32146695745333], [115.60291981977802, 40.32155702362188], [115.60280214957355, 40.32155560220625], [115.60280029243128, 40.321645668368824], [115.60268262207887, 40.321644246829045], [115.60268076477195, 40.32173431298565], [115.60256309427163, 40.32173289132172], [115.60255752183177, 40.32200308976915], [115.60243985087098, 40.32200166797207], [115.60243613555662, 40.32218180025396], [115.60231846429164, 40.32218037832823], [115.6023110329372, 40.32254064285628], [115.60219336105546, 40.32253922079289], [115.60218964501539, 40.32271935303904], [115.60207197282945, 40.32271793084699], [115.60206825644326, 40.32289806307824], [115.60195058395311, 40.32289664075753], [115.60194686722082, 40.32307677297385], [115.60182919442649, 40.323075350524476], [115.60182547734807, 40.32325548272589], [115.60170780424953, 40.32325406014787], [115.60170594554147, 40.32334412624184], [115.60158827229498, 40.32334270353966], [115.60158455454112, 40.32352283571418], [115.60146688099042, 40.32352141288332], [115.6014650219446, 40.32361147896386], [115.60134734824602, 40.323610056008846], [115.60134548903554, 40.32370012208341], [115.60122781518902, 40.323698699004225], [115.60122409643029, 40.3238788311399], [115.60110642227959, 40.32387740793205], [115.60110456273131, 40.323967473993164], [115.60086921414243, 40.32396462720946], [115.6008673542732, 40.3240546932601], [115.60074967983506, 40.32405326968426], [115.60074781980114, 40.3241433357289], [115.60051247063738, 40.324140488209224], [115.60051061028246, 40.32423055424337], [115.60039293555685, 40.32422913029954], [115.60039107503725, 40.32431919632771], [115.60015572529863, 40.32431634807203], [115.60015386445805, 40.32440641408971], [115.59980083944416, 40.32440214079521], [115.59979897812626, 40.32449220679786], [115.5996813029821, 40.32449078212254], [115.5996794414995, 40.32458084811922], [115.59944409092378, 40.32457799840056], [115.59944222912019, 40.32466806438673], [115.59920687826545, 40.32466521418039], [115.59920501614083, 40.324755280156076], [115.59896966500708, 40.324752429462066], [115.59896780256145, 40.32484249542724], [115.59885012685086, 40.32484106989622], [115.59884826424052, 40.324931135855415], [115.59861291253195, 40.32492828442536], [115.5986110496006, 40.325018350374044], [115.59849337360261, 40.32501692447502], [115.59849151050655, 40.325106990417716], [115.59825615822317, 40.32510413825164], [115.59825429480607, 40.32519420418382], [115.59790126597508, 40.32518992502367], [115.59789940208069, 40.325279990940835], [115.5961342567164, 40.32525857891761], [115.59613612295546, 40.32516851306822], [115.59519471411917, 40.32515708234954], [115.59519658160028, 40.32506701653486], [115.59484355389453, 40.325062728054476], [115.59484542183614, 40.32497266225189], [115.59461007038705, 40.32496980267568], [115.59461193863282, 40.324879736880675], [115.59449426307724, 40.324878306917626], [115.5944961314709, 40.32478824112565], [115.59437845608004, 40.32478681104746], [115.59438032462155, 40.324696745258535], [115.59426264939542, 40.324695315065206], [115.59426451808486, 40.32460524927934], [115.59414684302344, 40.324603818970864], [115.59415992470747, 40.32397335846009], [115.59404225074859, 40.32397192806365], [115.59406280856547, 40.32298120430726], [115.5941804808051, 40.32298263465389], [115.59418234949068, 40.32289256884446], [115.59430002158244, 40.32289399906691], [115.59430375861572, 40.322713867434544], [115.59442143040336, 40.32271529752828], [115.59442329875107, 40.32262523170536], [115.59454097039082, 40.32262666167492], [115.59454283857383, 40.32253659584599], [115.59466051006572, 40.32253802569137], [115.59466237808401, 40.32244795985644], [115.59478004942804, 40.322449389577635], [115.59478191728162, 40.322359323736706], [115.5948995884778, 40.32236075333374], [115.59490145616668, 40.32227068748679], [115.59513679827171, 40.32227354631283], [115.59513866563958, 40.32218348045536], [115.59549167839144, 40.32218776778346], [115.59549541216423, 40.32200763603695], [115.59561308278579, 40.32200906489796], [115.59561494950327, 40.32191899901796], [115.59573261997696, 40.32192042775482], [115.59573448652974, 40.32183036186881], [115.59585215685556, 40.32183179048149], [115.59585402324365, 40.32174172458948], [115.59597169342162, 40.32174315307799], [115.59597542585996, 40.321563021280504], [115.59621076561604, 40.321565877880474], [115.59621263151001, 40.32147581197047], [115.59633030124438, 40.32147724008646], [115.59633216697368, 40.32138717417046], [115.5964498365602, 40.32138860216229], [115.5964517021248, 40.32129853624028], [115.5966870410105, 40.32130139185593], [115.59668890625412, 40.32121132592342], [115.59692424486092, 40.32121418105145], [115.59692610978358, 40.32112411510842], [115.5970437789433, 40.321125542488446], [115.59704564370129, 40.32103547653941], [115.59716331271316, 40.32103690379527], [115.59716704189134, 40.32085677188375], [115.59728471059908, 40.32085819901092], [115.5972865750193, 40.32076813304842], [115.59740424357913, 40.320769560051424], [115.59740610783466, 40.32067949408294], [115.59752377624665, 40.32068092096179], [115.59752750441992, 40.32050078901132], [115.59764517252778, 40.32050221576149], [115.59764703644554, 40.32041214977954], [115.59776470440553, 40.32041357640556], [115.59776656815859, 40.32032351041759], [115.59788423597074, 40.32032493691944], [115.59788609955912, 40.32023487092549], [115.59800376722337, 40.320236297303175], [115.59800563064711, 40.320146231303234], [115.59812329816351, 40.32014765755677], [115.5981270246732, 40.31996752554342], [115.59824469188545, 40.31996895166827], [115.59824841804904, 40.31978881963998], [115.59836608495716, 40.31979024563617], [115.59836981077456, 40.31961011359294], [115.59848747737857, 40.31961153946046], [115.59851728020793, 40.318170482829494], [115.59863494432017, 40.318171908505164], [115.59864053164249, 40.31790171033119], [115.5987581952944, 40.317903135873685], [115.5987600575621, 40.31781306980823], [115.59887772106615, 40.31781449522658], [115.59887958316921, 40.317724429155135], [115.59899724652539, 40.31772585444934], [115.59899910846383, 40.317635788371895], [115.59911677167213, 40.317637213541964], [115.59911863344593, 40.31754714745853], [115.59923629650639, 40.31754857250444], [115.59923815811553, 40.31745850641503], [115.59959114687855, 40.31746278082145], [115.59959300801054, 40.317372714717024], [115.60018132200221, 40.31737983631254], [115.60017946165146, 40.31746990243952], [115.60170908104242, 40.317488404649474], [115.60171093936195, 40.31739833846393], [115.60194626523536, 40.31740118315428], [115.60194812323398, 40.31731111695825], [115.6021834488284, 40.31731396116106], [115.60218530650616, 40.317223894954566], [115.6024206318216, 40.31722673866985], [115.6024224891785, 40.317136672452854], [115.60277547674572, 40.317140937115035], [115.6027773336255, 40.31705087088307], [115.60407162029799, 40.31706649871665], [115.60406976513696, 40.31715656499807], [115.60489340373124, 40.317166502477754], [115.60489525779853, 40.31707643616487], [115.60513058287397, 40.31707927435911], [115.60512872911914, 40.31716934068098], [115.60665834495548, 40.31718777733779], [115.6066601966791, 40.317097710957555], [115.6068955220052, 40.317100545562845], [115.60689737340793, 40.31701047917215], [115.60701503592728, 40.317011896290865], [115.60701688716544, 40.31692182989421], [115.60713454953685, 40.316923246888805], [115.60713640061044, 40.31683318048619], [115.60725406283396, 40.31683459735666], [115.60725776464356, 40.31665446453803], [115.60737542656292, 40.31665588127991], [115.60737727729897, 40.31656581486389], [115.60749493907045, 40.31656723148165], [115.60749678964191, 40.31647716505967], [115.60761445126549, 40.31647858155332], [115.60761630167235, 40.31638851512539], [115.60785162463208, 40.316391347744826], [115.60785347471811, 40.31630128130644], [115.60808879739872, 40.31630411343839], [115.60809064716392, 40.316214046989565], [115.60844363077868, 40.31621829427683], [115.6084454800668, 40.31612822781309], [115.60879846328791, 40.316132474010246], [115.60880031209899, 40.31604240753159], [115.6090356339756, 40.316045237722605], [115.60903748246587, 40.315955171233504], [115.60927280406334, 40.31595800093705], [115.60927465223277, 40.31586793443751], [115.60939231288778, 40.31586934910536], [115.60939416089263, 40.31577928259986], [115.60962948191516, 40.315782111567735], [115.60963132959922, 40.31569204505181], [115.60974898996673, 40.315693459351834], [115.60975083748625, 40.315603392829956], [115.60986849770583, 40.31560480700587], [115.60987034506077, 40.31551474047803], [115.6099880051325, 40.31551615452984], [115.60998985232283, 40.31542608799605], [115.61022517217877, 40.31542891573184], [115.61022701904834, 40.31533884918763], [115.61069765823522, 40.315344503205814], [115.61069950447151, 40.31525443664222], [115.6112878028613, 40.31526150145102], [115.6112859574062, 40.315351568036974], [115.61199191668598, 40.315360041886734], [115.61199007215998, 40.31545010849803], [115.61246071247116, 40.315455755356574], [115.61245886856179, 40.31554582198429], [115.61304716991904, 40.3155528778882], [115.61304901304725, 40.31546281123817], [115.61340199349263, 40.315467043331594], [115.61340383614382, 40.31537697666669], [115.61363915616984, 40.315379797455265], [115.61364099850023, 40.315289730779945], [115.61375865836946, 40.315291140990325], [115.6137605005353, 40.315201074309066], [115.61387816025662, 40.31520248439536], [115.61388000225793, 40.31511241770816], [115.6139976618313, 40.31511382767037], [115.61399950366808, 40.31502376097722], [115.61411716309352, 40.31502517081534], [115.61411900476575, 40.31493510411625], [115.61423666404328, 40.31493651383029], [115.61423850555097, 40.31484644712528], [115.61435616468059, 40.31484785671522], [115.61435800602374, 40.31475779000425], [115.61459332399538, 40.31476060881634], [115.61459516501775, 40.314670542094994], [115.61471282385978, 40.31467195131713], [115.61471466471764, 40.31458188458985], [115.61483232341176, 40.31458329368791], [115.61483416410509, 40.31449322695468], [115.61506948120577, 40.31449604478302], [115.61507132157831, 40.31440597803939], [115.61554195525434, 40.314411612242765], [115.61554011550669, 40.31450167900424], [115.6158930913195, 40.31450590341411], [115.61589125203226, 40.314595970187476], [115.61600891080937, 40.31459737808931], [115.61600707167005, 40.31468744486564], [115.61624238956158, 40.31469026031937], [115.61624055072646, 40.31478032710314], [115.61635820984087, 40.314781734655014], [115.61635637115369, 40.314871801441775], [115.61670934901544, 40.314876023393026], [115.61670751078864, 40.31496609019168], [115.6172958081719, 40.3149731244069], [115.61729764561753, 40.314883057585995], [115.61741530496279, 40.314884464065706], [115.6174171422439, 40.31479439723887], [115.61753480144124, 40.31479580359451], [115.61753663855781, 40.314705736761745], [115.61765429760719, 40.314707142993306], [115.61765613455927, 40.314617076154605], [115.61777379346071, 40.3146184822621], [115.61777563024827, 40.31452841541748], [115.61789328900176, 40.314529821400896], [115.6178951256248, 40.31443975455034], [115.61801278423034, 40.314441160409686], [115.61801829358109, 40.314170959835835], [115.61813595172622, 40.31417236556219], [115.61814696926672, 40.31363196434791], [115.61802931205895, 40.31363055864825], [115.61803114844294, 40.31354049177849], [115.61791349139966, 40.31353908596364], [115.61791532793161, 40.313449019096865], [115.61779767105284, 40.31344761316685], [115.61779950773271, 40.31335754630304], [115.61744653761477, 40.313353327808656], [115.61744837475501, 40.31326326095672], [115.61721306169692, 40.31326044803795], [115.61721673657745, 40.31308031434746], [115.61709908037326, 40.31307890771755], [115.61710826821069, 40.31262857348776], [115.61722592363377, 40.312629980095394], [115.61723511048292, 40.312179645806424], [115.61735276513323, 40.31218105227219], [115.61735827667466, 40.31191085166774], [115.61724062249299, 40.311909445215335], [115.61724613442847, 40.31163924461096], [115.61689317333905, 40.311635024576134], [115.61689501110293, 40.31154495771841], [115.61665970406385, 40.31154214377273], [115.61666705628613, 40.31118187636272], [115.61690236207559, 40.311184690272775], [115.61690052434486, 40.3112747571364], [115.61701817740821, 40.31127616391646], [115.61701633982541, 40.31136623078308], [115.61713399305326, 40.31136763744799], [115.61713215561838, 40.31145770431757], [115.61736746241134, 40.31146051729747], [115.61738215915922, 40.310739982228256], [115.6172645070082, 40.31073857583373], [115.61727001862057, 40.31046837517179], [115.61715236694644, 40.31046696867101], [115.61715787895281, 40.310196768009114], [115.61704022775558, 40.310195361402094], [115.61704390269747, 40.31001522762904], [115.61692625182091, 40.310013820911315], [115.61692808943562, 40.30992375402702], [115.61681043872355, 40.30992234719414], [115.61681227648616, 40.30983228031283], [115.61669462593855, 40.309830873364824], [115.61669646384907, 40.30974080648648], [115.61657881346596, 40.30973939942331], [115.61658432761635, 40.309469198792804], [115.61646667771011, 40.30946779162339], [115.61647035408133, 40.30928765787125], [115.61635270449575, 40.30928625059115], [115.61635454282508, 40.30919618371732], [115.61623689340401, 40.30919477632208], [115.61624057035023, 40.30901464257889], [115.61612292124977, 40.30901323507297], [115.61612843707547, 40.30874303446049], [115.6160107884519, 40.30874162684834], [115.61601630467152, 40.30847142623593], [115.61613395282656, 40.30847283383472], [115.6161431455792, 40.30802249942895], [115.6163784403523, 40.308025314223194], [115.61638027856561, 40.307935247328686], [115.61649792580843, 40.30793665454196], [115.61650527795399, 40.3075763869314], [115.6163876313359, 40.30757497973594], [115.61638946950777, 40.307484912834056], [115.61627182305412, 40.30748350552346], [115.61627366137384, 40.307393438624565], [115.61615601508466, 40.30739203119884], [115.61616336890539, 40.30703176360628], [115.6160457232492, 40.30703035607879], [115.61605123899618, 40.30676015538225], [115.61593359381679, 40.306758747748525], [115.61594646469612, 40.30612827943612], [115.61606410878234, 40.30612968703865], [115.61606778578947, 40.30594955321291], [115.61595014201558, 40.305948145619304], [115.61595198066287, 40.30585807870867], [115.61606962428061, 40.30585948629782], [115.61607697816223, 40.30549921862272], [115.6161946211636, 40.30550062607447], [115.61619829774234, 40.305320492219145], [115.6163159404397, 40.30532189954241], [115.61631961667297, 40.305141765672275], [115.6164372590663, 40.30514317286704], [115.6164409349541, 40.30496303898208], [115.61655857704342, 40.30496444604836], [115.61656225258574, 40.304784312148584], [115.61667989437102, 40.30478571908637], [115.61669091986224, 40.304245317324906], [115.61657327901388, 40.30424391041386], [115.6165751167229, 40.30415384345291], [115.61622219469598, 40.304149622015636], [115.61622403286515, 40.304059555066566], [115.61587111138128, 40.304055332566456], [115.61587295001061, 40.303965265629266], [115.61540238877278, 40.303959633972845], [115.61540422801842, 40.30386956705202], [115.61469838734743, 40.30386111600678], [115.61470022752164, 40.30377104911124], [115.61411202797139, 40.30376400330748], [115.61411386891801, 40.30367393643275], [115.61317275131852, 40.30366265696443], [115.61317090912273, 40.30375272380342], [115.61281798969152, 40.303748492016396], [115.612816147019, 40.30383855884052], [115.61258086712745, 40.303835737042355], [115.6125790241343, 40.303925803856075], [115.61234374396373, 40.30392298157066], [115.61234190064997, 40.304013048373974], [115.61210662020034, 40.30401022560131], [115.612104776566, 40.30410029239421], [115.61186949583733, 40.304097469134284], [115.61186765188235, 40.304187535916775], [115.61163237087466, 40.30418471216961], [115.61163052659906, 40.30427477894169], [115.61139524531234, 40.30427195470727], [115.61139340071615, 40.30436202146891], [115.61115811915037, 40.30435919674724], [115.61115627423358, 40.30444926349847], [115.61103863330703, 40.30444785095378], [115.61103678822573, 40.304537917699065], [115.61091914715136, 40.30453650503034], [115.6109173019056, 40.304626571769674], [115.61079966068341, 40.30462515897689], [115.61079781527316, 40.30471522571026], [115.61056253254141, 40.304712399757015], [115.61056068681057, 40.304802466479984], [115.610443045301, 40.304801053319515], [115.61044119940568, 40.30489112003652], [115.61032355774832, 40.30488970675199], [115.6103217116885, 40.30497977346305], [115.61008642808642, 40.30497694652631], [115.61008458170598, 40.30506701322694], [115.6098492978249, 40.30506418580293], [115.60984745112381, 40.30515425249312], [115.6097298090396, 40.305152838597266], [115.60972796217405, 40.30524290528152], [115.60949267771831, 40.3052400771221], [115.60949083053211, 40.30533014379592], [115.60937318816057, 40.30532872953237], [115.60937134080989, 40.30541879620022], [115.60925369829053, 40.30541738181261], [115.60925185077535, 40.305507448474515], [115.60913420810816, 40.30550603396283], [115.6091323604285, 40.30559610061879], [115.60901471761349, 40.305594685983046], [115.60901286976934, 40.30568475263304], [115.6088952268065, 40.30568333787324], [115.60889337879783, 40.30577340451728], [115.60877573568719, 40.30577198963341], [115.60877203933256, 40.305952122908124], [115.60865439591792, 40.30595070789571], [115.60865069921763, 40.306130841155536], [115.60853305549898, 40.306129426014586], [115.60852935845304, 40.306309559259546], [115.6084117144304, 40.306308143990044], [115.60840616833046, 40.306578343832975], [115.60828852384768, 40.30657692843043], [115.60828297720418, 40.30684712824663], [115.60816533226124, 40.30684571271107], [115.60815608690781, 40.30729604568611], [115.60803844119236, 40.30729463000855], [115.60802734555604, 40.30783502950297], [115.6079096989119, 40.30783361367891], [115.60790415051262, 40.30810381339274], [115.60778650340825, 40.30810239743565], [115.60778095446538, 40.30837259712272], [115.60766330690083, 40.30837118103259], [115.60766145708034, 40.30846124758752], [115.60754380936795, 40.30845983137332], [115.60754010938959, 40.30863996446977], [115.60742246137319, 40.30863854812699], [115.60742061121532, 40.308728614668524], [115.60730296305107, 40.30872719820166], [115.60730111272865, 40.30881726473722], [115.6071834644166, 40.30881584814629], [115.60718161392965, 40.30890591467589], [115.60706396546973, 40.30890449796087], [115.60706026415846, 40.30908463100668], [115.60694261539452, 40.30908321416309], [115.60694076457018, 40.30917328067929], [115.6068231156584, 40.309171863711626], [115.6068212646695, 40.30926193022185], [115.6067036156099, 40.30926051313009], [115.60670176445649, 40.30935057963437], [115.60658411524903, 40.309349162418535], [115.60658226393109, 40.30943922891685], [115.60646461457578, 40.30943781157691], [115.6064627630933, 40.30952787806927], [115.60634511359017, 40.30952646060525], [115.60634326194315, 40.30961652709163], [115.60622561229219, 40.30961510950354], [115.6062237604806, 40.30970517598394], [115.60610611068181, 40.30970375827176], [115.6061042587057, 40.3097938247462], [115.60598660875905, 40.30979240690992], [115.6059847566184, 40.309882473378416], [115.60586710652393, 40.309881055418046], [115.60586525421873, 40.309971121880565], [115.60574760397641, 40.309969703796106], [115.60574575150666, 40.31005977025266], [115.6056281011165, 40.3100583520441], [115.60562624848222, 40.31014841849469], [115.60539094741458, 40.31014558170981], [115.60538909445954, 40.31023564814994], [115.60527144378204, 40.310234229573595], [115.60526773753455, 40.31041436244045], [115.60515008655304, 40.31041294373552], [115.60514823326054, 40.31050301016223], [115.6050305821312, 40.31050159133322], [115.60502687520876, 40.31068172417323], [115.60490922377537, 40.31068030521562], [115.6049055165071, 40.310860438040734], [115.60478786476968, 40.31085901895454], [115.6047860109668, 40.310949085360384], [115.60466835908154, 40.3109476661501], [115.60466650511411, 40.311037732549984], [115.604548853081, 40.31103631321559], [115.60454699894902, 40.3111263796095], [115.60442934676809, 40.31112496015099], [115.60442749247153, 40.311215026538946], [115.60430984014273, 40.31121360695635], [115.60430798568163, 40.31130367333832], [115.604190333205, 40.311302253631624], [115.60418847857932, 40.31139232000762], [115.60395317333877, 40.31138948022641], [115.6039513183923, 40.31147954659195], [115.6034807073868, 40.31147386557627], [115.60348256295804, 40.311383799228736], [115.60277664763802, 40.31137527414398], [115.60277479112956, 40.31146534046453], [115.60253948577744, 40.31146249780375], [115.60253762894818, 40.31155256411383], [115.6024199761285, 40.31155114259955], [115.60241811913465, 40.31164120890364], [115.60230046616712, 40.31163978726523], [115.6022986090087, 40.31172985356336], [115.60218095589337, 40.31172843180085], [115.602177241239, 40.31190856438365], [115.60205958781961, 40.31190714249252], [115.60205773032365, 40.31199720877721], [115.60194007675642, 40.311995786761976], [115.601936361427, 40.312175919317916], [115.60181870755574, 40.31217449717407], [115.60181684972223, 40.31226456344532], [115.60169919570315, 40.312263141177354], [115.60169547969858, 40.31244327370642], [115.60157782537546, 40.31244185130984], [115.60157596720441, 40.31253191756764], [115.60145831273346, 40.31253049504695], [115.6014564543978, 40.3126205612988], [115.601338799779, 40.31261913865398], [115.60133694127877, 40.31270920489983], [115.60121928651215, 40.31270778213091], [115.60121742784732, 40.31279784837077], [115.60109977293288, 40.31279642547772], [115.60109791410345, 40.31288649171161], [115.60098025904117, 40.31288506869445], [115.60097840004715, 40.312975134922354], [115.60086074483704, 40.312973711781076], [115.60085888567842, 40.313063778003006], [115.60074123032047, 40.313062354737596], [115.60073937099726, 40.31315242095353], [115.60062171549147, 40.313150997564016], [115.60061985600366, 40.31324106377397], [115.60038454470485, 40.31323821662707], [115.60038268489622, 40.31332828282654], [115.60026502910316, 40.31332685906916], [115.60026316912992, 40.313416925262636], [115.60014551318903, 40.31341550138114], [115.60014365305119, 40.31350556756864], [115.59979068481026, 40.31350129519292], [115.59978882419536, 40.31359136136541], [115.59908288700278, 40.3135828133573], [115.59908102544219, 40.31367287950125], [115.5982574313393, 40.313662901351], [115.59825556867678, 40.313752967461895], [115.59790259943287, 40.313748689304006], [115.59790073629327, 40.313838755399864], [115.59754776665632, 40.31383447615188], [115.59754590303967, 40.313924542232726], [115.59731058967795, 40.313921688793634], [115.59730872574045, 40.31401175486395], [115.59719106891598, 40.31401032796047], [115.59718920481384, 40.31410039402479], [115.59707154784157, 40.314098966997165], [115.59706968357482, 40.314189033055506], [115.59683436934301, 40.31418617863235], [115.5968325047554, 40.31427624468018], [115.59671484749592, 40.314274817284655], [115.59671298274367, 40.31436488332648], [115.59659532533635, 40.31436345580683], [115.59659159549417, 40.31454358787701], [115.59647393778282, 40.3145421602287], [115.5964720726929, 40.31463222625706], [115.59635441483374, 40.3146307984846], [115.59633762723983, 40.3154413926326], [115.59621996798303, 40.31543996469985], [115.59621437149828, 40.315710162708996], [115.59609671178116, 40.31570873464305], [115.5960929804368, 40.31588886663273], [115.59597532041565, 40.315887438438125], [115.59597158872513, 40.31606757041284], [115.59585392839992, 40.316066142089575], [115.59585206238582, 40.31615620807019], [115.59573440191276, 40.31615477962277], [115.59573066954682, 40.31633491157053], [115.59561300876972, 40.316333482994445], [115.5956111424179, 40.31642354896158], [115.59549348149298, 40.31642212026134], [115.59548974845157, 40.316602252182136], [115.5953720872226, 40.31660082335322], [115.59535902021884, 40.3172312849978], [115.59524135790456, 40.31722985601758], [115.59522455545877, 40.318040449413445], [115.59510689174667, 40.31803902027289], [115.59509942314905, 40.318399283947855], [115.59498175882037, 40.31839785466956], [115.59497802415852, 40.31857798648913], [115.59486035952574, 40.31857655708216], [115.59485475700104, 40.31884675478683], [115.59473709190792, 40.31884532524665], [115.5947352242266, 40.31893539114073], [115.59461755898562, 40.318933961476375], [115.59461569113961, 40.319024027364456], [115.5944980257508, 40.31902259757593], [115.5944961577401, 40.31911266345801], [115.59437849220345, 40.319111233545335], [115.59437662402807, 40.319201299421394], [115.5942589583436, 40.319199869384555], [115.59425522165503, 40.319380001123186], [115.59413755566645, 40.31937857095765], [115.59413568715327, 40.31946863682023], [115.59401802101686, 40.31946720653053], [115.594016152339, 40.319557272387094], [115.59366315351154, 40.319552980786575], [115.59366128435646, 40.31964304662807], [115.59354361794124, 40.319641615850756], [115.59354174862145, 40.31973168168625], [115.59330641550378, 40.31972881976363], [115.59330454586299, 40.31981888558859], [115.59306921246653, 40.31981602317835], [115.59306734250482, 40.31990608899276], [115.59283200882953, 40.3199032260949], [115.59283013854684, 40.319993291898776], [115.5924771376284, 40.31998899664107], [115.59247526686849, 40.32007906242987], [115.59200459847028, 40.32007333372646], [115.59200646985528, 40.3199832679558], [115.59188880293308, 40.31998183548537], [115.59188693139184, 40.3200719012515], [115.59165159726025, 40.32006903594267], [115.59165346911404, 40.31997897018561], [115.59153580221718, 40.31997753735626], [115.59153393020712, 40.32006760310879], [115.59059259408608, 40.320056136130624], [115.59059072081743, 40.32014620184536], [115.59023771944263, 40.320141899740854], [115.59023584569674, 40.320231965440506], [115.58988284392917, 40.32022766224559], [115.58988096970603, 40.32031772793014], [115.58964563492404, 40.32031485852624], [115.58964376037991, 40.320404924200226], [115.5894084253192, 40.32040205430866], [115.58940655045407, 40.32049211997209], [115.58917121511467, 40.32048924959287], [115.58916933992853, 40.320579315245716], [115.58881633651401, 40.32057500876594], [115.58881446085063, 40.32066507440367], [115.5885791249707, 40.32066220280984], [115.58857724898633, 40.32075226843703], [115.58822424476108, 40.320747960135314], [115.58822236829941, 40.32083802574737], [115.5869280184063, 40.32082221937843], [115.58692989658697, 40.3207321538164], [115.58669456066539, 40.32072927838486], [115.58669643915013, 40.32063921283044], [115.586461103575, 40.32063633692944], [115.58646486114414, 40.3204562058344], [115.5863471936818, 40.320454767713535], [115.58634907260993, 40.32036470216834], [115.58623140531235, 40.320363263932386], [115.58623328438826, 40.320273198390275], [115.58611561725543, 40.32027176003922], [115.58611749647915, 40.320181694500185], [115.58599982951104, 40.32018025603404], [115.58600358824556, 40.320000124960636], [115.58588592159846, 40.319998686383954], [115.58588968061161, 40.31981855531373], [115.58577201428554, 40.31981711662653], [115.58577577357731, 40.3196369855595], [115.58565810757223, 40.319635546761766], [115.58565998736167, 40.31954548123059], [115.58589531906776, 40.319548358697304], [115.58589343959085, 40.319638424237596], [115.5860111056129, 40.31963986279605], [115.58600922628378, 40.31972992833941], [115.5862445586658, 40.319732805106504], [115.58624267964073, 40.319822870657504], [115.5863603460007, 40.31982430886614], [115.58635846712342, 40.319914374420215], [115.58647613364815, 40.31991581251376], [115.58647425491864, 40.320005878070894], [115.58670958830605, 40.320008753908176], [115.58670770988061, 40.32009881947294], [115.58682537674329, 40.32010025721668], [115.58682349846566, 40.320190322784505], [115.58694116549306, 40.32019176041315], [115.58693928736321, 40.320281825984054], [115.58717462175598, 40.32028470089152], [115.58717274393018, 40.320374766470046], [115.58740807866936, 40.32037764090804], [115.58740620114764, 40.320467706494185], [115.58775920378872, 40.3204720172675], [115.58776108084162, 40.32038195166769], [115.58834941796468, 40.32038913387429], [115.58835129422775, 40.3202990682503], [115.58858662882369, 40.320301940286335], [115.58858850476578, 40.32021187465176], [115.588823839083, 40.32021474620014], [115.58882571470411, 40.32012468055499], [115.58894338171913, 40.32012611614519], [115.58894525717551, 40.32003605049401], [115.58918059091843, 40.32003892130637], [115.58918246605381, 40.31994885564464], [115.589417799518, 40.31995172596934], [115.5894196743324, 40.31986166029704], [115.58953734092094, 40.31986309527538], [115.58953921557061, 40.319773029597066], [115.58977454846048, 40.31977589918576], [115.58977642278919, 40.31968583349687], [115.59001175540034, 40.319688702597915], [115.59001362940806, 40.319598636898476], [115.5902489617405, 40.31960150551189], [115.59025083542724, 40.319511439801886], [115.59060383352049, 40.319515741811074], [115.59060570673, 40.31942567608598], [115.59284136011644, 40.31945289705334], [115.59284323034852, 40.31936283124058], [115.59331389398245, 40.319368556449014], [115.59331576358107, 40.31927849061666], [115.59355109513609, 40.31928135249398], [115.59355296441376, 40.31919128665109], [115.59378829568999, 40.3191941480408], [115.59379016464666, 40.31910408218738], [115.59390783014118, 40.31910551269826], [115.59390969893317, 40.31901544683881], [115.59414502963494, 40.31901830749258], [115.59414876656864, 40.31883817575117], [115.59426643161964, 40.31883960588954], [115.59427016820709, 40.31865947413316], [115.59438783295401, 40.31866090414284], [115.59439156919527, 40.31848077237149], [115.5945092336381, 40.318482202252476], [115.59451110158983, 40.31839213636007], [115.59462876588483, 40.31839356611689], [115.5946399724808, 40.31785317070417], [115.59475763584672, 40.31785460031423], [115.59478191373317, 40.31668374334525], [115.59466425239847, 40.31668231379404], [115.5946754580342, 40.316141918212786], [115.59479311843147, 40.31614334773683], [115.59479872066693, 40.31587314991267], [115.5949163806039, 40.31587457930353], [115.59491824784266, 40.315784513354664], [115.59503590763184, 40.31578594262137], [115.59503964177158, 40.31560581071013], [115.59515730125669, 40.31560723984818], [115.5951591681577, 40.31551717388582], [115.59527682749503, 40.31551860289971], [115.5952786942314, 40.315428536931364], [115.59539635342087, 40.315429965821096], [115.59540008655588, 40.3152498338709], [115.59551774544133, 40.315251262631975], [115.59552334461202, 40.31498106468202], [115.5956410030372, 40.31498249330991], [115.59564660166346, 40.31471229533308], [115.59576425962838, 40.31471372382777], [115.59576799169135, 40.314533591826795], [115.59588564935223, 40.31453502019283], [115.59588938106907, 40.31435488817688], [115.59600703842591, 40.31435631641426], [115.5960089041155, 40.314266250399555], [115.59612656132452, 40.31426767851278], [115.59613029236603, 40.31408754646987], [115.59624794927103, 40.31408897445446], [115.59624981462291, 40.31399890842627], [115.59648512814573, 40.31400176402752], [115.59648885819942, 40.313821631948635], [115.59672417113097, 40.313824487053346], [115.59672603583276, 40.313734421002636], [115.59684369215495, 40.31373584837105], [115.5968455566921, 40.313645782314346], [115.59696321286647, 40.31364720955863], [115.596965077239, 40.313557143495935], [115.59720038930054, 40.31355999761661], [115.59720225335221, 40.31346993154341], [115.59755522103889, 40.31347421181375], [115.59755708461354, 40.31338414572551], [115.5979100519072, 40.31338842490575], [115.59791191500479, 40.3132983588025], [115.59826488190541, 40.313302636892665], [115.59826674452594, 40.3132125707744], [115.59861971103355, 40.31321684777449], [115.59862157317703, 40.313126781641195], [115.59956281631703, 40.3131381816757], [115.5995646772024, 40.313048115504834], [115.5997999877589, 40.3130509643083], [115.59980184832344, 40.31296089812693], [115.60003715860108, 40.312963746442925], [115.60003901884483, 40.31287368025108], [115.60015667384002, 40.31287510422514], [115.60015853391913, 40.3127850380273], [115.60027618876651, 40.312786461877245], [115.60027804868102, 40.312696395673434], [115.60039570338058, 40.312697819399254], [115.60039756313051, 40.31260775318946], [115.60051521768222, 40.31260917679116], [115.60051707726755, 40.31251911057536], [115.60063473167146, 40.31252053405295], [115.6006365910922, 40.31243046783118], [115.60087189961271, 40.31243331441851], [115.60087375871264, 40.312343248186245], [115.60099141282926, 40.31234467129599], [115.6009932717646, 40.312254605057745], [115.60111092573341, 40.312256028043365], [115.60111464326654, 40.31207589555342], [115.60123229693129, 40.31207731841044], [115.60123415552907, 40.31198725215874], [115.60135180904602, 40.31198867489164], [115.60135552590403, 40.31180854237482], [115.60147317911694, 40.3118099649791], [115.60147503737716, 40.31171989871397], [115.60159269044223, 40.31172132119413], [115.60159640662515, 40.31154118865042], [115.6017140593862, 40.31154261100198], [115.6017159173089, 40.3114525447234], [115.60183356992212, 40.31145396695085], [115.60183542768021, 40.3113639006663], [115.60195308014562, 40.311365322769625], [115.60195679532427, 40.31118519018709], [115.60207444748566, 40.31118661216181], [115.60207630490625, 40.31109654586382], [115.6021939569198, 40.31109796771444], [115.60219581417577, 40.31100790141048], [115.60231346604151, 40.311009323136986], [115.60231532313294, 40.31091925682705], [115.60243297485086, 40.31092067842945], [115.60243483177769, 40.31083061211352], [115.60267013492624, 40.31083345495052], [115.6026719915323, 40.31074338862411], [115.60278964296296, 40.31074480985871], [115.60279149940446, 40.31065474352632], [115.6038503612511, 40.31066752921495], [115.60385221627845, 40.31057746284061], [115.60408751869069, 40.31058030278012], [115.60408937339731, 40.310490236395324], [115.60420702445977, 40.31049165618118], [115.60421073353551, 40.310311523398155], [115.60432838429395, 40.31031294305541], [115.60433023866308, 40.310222876657186], [115.60444788927369, 40.31022429619034], [115.60444974347827, 40.31013422978616], [115.60456739394104, 40.310135649195225], [115.60456924798105, 40.31004558278506], [115.60468689829601, 40.310047002070036], [115.60468875217146, 40.30995693565391], [115.60480640233857, 40.309958354814775], [115.60480825604948, 40.30986828839268], [115.60492590606877, 40.30986970742945], [115.60492775961514, 40.309779641001384], [115.60504540948658, 40.30978105991406], [115.60504726286838, 40.30969099348002], [115.60516491259202, 40.30969241226862], [115.60516676580927, 40.30960234582861], [115.60528441538506, 40.30960376449312], [115.6052862684378, 40.30951369804713], [115.60540391786574, 40.30951511658754], [115.60540577075392, 40.3094250501356], [115.60552342003405, 40.309426468551926], [115.60552527275767, 40.309336402094004], [115.60564292188998, 40.30933782038624], [115.60564477444908, 40.30924775392236], [115.60576242343352, 40.3092491720905], [115.60576427582808, 40.30915910562066], [115.6058819246647, 40.30916052366471], [115.60588377689471, 40.309070457188895], [115.6060014255835, 40.30907187510887], [115.606003277649, 40.30898180862709], [115.60612092618994, 40.308983226422974], [115.60612277809089, 40.308893159935224], [115.60624042648402, 40.30889457760701], [115.60624227822044, 40.30880451111331], [115.60635992646573, 40.308805928661016], [115.6063617780376, 40.30871586216134], [115.60647942613505, 40.30871727958497], [115.60648127754239, 40.308627213079326], [115.60659892549202, 40.30862863037887], [115.60660077673484, 40.30853856386728], [115.60671842453664, 40.30853998104274], [115.6067202756149, 40.30844991452518], [115.60683792326888, 40.308451331576556], [115.60683977418263, 40.30836126505301], [115.60695742168876, 40.3083626819803], [115.60696112317886, 40.308182548919845], [115.60707877038098, 40.308183965718584], [115.60708062095733, 40.30809389918164], [115.60719826801163, 40.30809531585629], [115.6072056696089, 40.30773504967585], [115.60732331604682, 40.307736466212965], [115.60733256707478, 40.30728613343175], [115.60745021274018, 40.30728754982686], [115.60745946277868, 40.306837216986295], [115.60757710767159, 40.306838633239394], [115.6075882065055, 40.30629823375507], [115.60770585046976, 40.30629964986168], [115.607709549702, 40.30611951667946], [115.60782719336227, 40.30612093265752], [115.60783089224881, 40.30594079946042], [115.60794853560512, 40.30594221530993], [115.60795223414597, 40.305762082097964], [115.60806987719829, 40.305763497818916], [115.60807357539349, 40.305583364592074], [115.60819121814181, 40.30558478018449], [115.60819491599132, 40.305404646942776], [115.60831255843568, 40.30540606240665], [115.60831625593953, 40.30522592915006], [115.60843389807991, 40.30522734448539], [115.60843759523813, 40.305047211213925], [115.60855523707453, 40.305048626420714], [115.60855708548496, 40.30495855977829], [115.60867472717356, 40.30495997486101], [115.60867657541951, 40.30486990821263], [115.60879421696026, 40.304871323171284], [115.60879606504174, 40.304781256516954], [115.60891370643466, 40.30478267135155], [115.60891555435167, 40.304692604691255], [115.60915083685025, 40.30469543399276], [115.6091526844466, 40.304605367322026], [115.60938796666619, 40.30460819613624], [115.60938981394192, 40.304518129455104], [115.60950745490807, 40.30451954367837], [115.60950930201929, 40.304429476991245], [115.6097445836643, 40.30443230507008], [115.60974643045489, 40.304342238372556], [115.6099817118209, 40.304345065964114], [115.60998355829088, 40.30425499925614], [115.61010119883022, 40.304256412868085], [115.61010304513572, 40.304166346154155], [115.61033832592709, 40.30416917301036], [115.61034017191196, 40.30407910628601], [115.61045781216399, 40.30408051953027], [115.61045965798442, 40.30399045279997], [115.61057729808861, 40.303991865920175], [115.61057914374457, 40.303901799183926], [115.61081442366563, 40.30390462505666], [115.61081626900096, 40.30381455830999], [115.61093390881784, 40.30381597106251], [115.6109357539887, 40.303725904309886], [115.61105339365776, 40.303727316938364], [115.61105523866415, 40.30363725017981], [115.61129051771493, 40.303640075069104], [115.61129236240072, 40.30355000830011], [115.61152764117249, 40.30355283270214], [115.61152948553767, 40.30346276592274], [115.61164712477988, 40.303464177939915], [115.6116489689806, 40.30337411115456], [115.6118842471777, 40.303376934821266], [115.61188609105784, 40.303286868025495], [115.61212136897589, 40.30328969120497], [115.61212321253544, 40.30319962439878], [115.61235849017446, 40.30320244709102], [115.6123603334134, 40.30311238027442], [115.61247797208927, 40.3031137914367], [115.61247981516374, 40.30302372461416], [115.61283273077272, 40.30302795737018], [115.61283457337049, 40.30293789053276], [115.61318748858587, 40.30294212219923], [115.6131893307069, 40.30285205534693], [115.61401279874045, 40.30286192501902], [115.61401095771241, 40.30295199190256], [115.6143638731769, 40.302956219981816], [115.61436203260897, 40.30304628687726], [115.61459730993907, 40.30304910500783], [115.6145954696751, 40.30313917191072], [115.61530130280143, 40.303147623459374], [115.61530314212854, 40.303057556529716], [115.61553841959139, 40.303060372747076], [115.61554025859796, 40.302970305807044], [115.61577553578171, 40.30297312153721], [115.61577921314537, 40.30279298763486], [115.61589685143738, 40.302794395311665], [115.61589868995065, 40.30270432835382], [115.61601632809483, 40.3027057359066], [115.61601816644365, 40.30261566894283], [115.61613580444, 40.302617076371575], [115.61613764262438, 40.302527009401864], [115.61625528047287, 40.30252841670658], [115.61625711849285, 40.30243834973094], [115.61637475619351, 40.30243975691164], [115.61637659404904, 40.302349689930075], [115.61649423160185, 40.30235109698673], [115.61649606929298, 40.30226102999923], [115.61661370669793, 40.302262436931876], [115.61661554422462, 40.30217236993845], [115.61673318148173, 40.30217377674707], [115.61673501884403, 40.302083709747706], [115.61685265595328, 40.302085116432295], [115.61685449315115, 40.301995049427], [115.61708976708223, 40.30199786242856], [115.61709160395955, 40.3019077954129], [115.61720924078139, 40.30190920172987], [115.61721291419892, 40.301729067685194], [115.61744818724291, 40.30173187994263], [115.617450023627, 40.30164181290919], [115.61756766000528, 40.301643218854096], [115.61756949622496, 40.3015531518147], [115.61768713245539, 40.301554557635605], [115.61768896851066, 40.3014644905903], [115.61792424068412, 40.30146730186447], [115.61792607641885, 40.30137723480879], [115.61804371236187, 40.30137864026208], [115.61804921904799, 40.30110843907282], [115.61757867719909, 40.301102816595645], [115.61757684102083, 40.30119288364242], [115.61745920542316, 40.301191477719776], [115.6174573690805, 40.301281544760606], [115.61733973333499, 40.30128013871391], [115.61733789682792, 40.301370205748825], [115.6171026250495, 40.301367393287876], [115.6171007882219, 40.3014574603124], [115.61686551616437, 40.30145464736427], [115.61686735330424, 40.30136458034864], [115.61674971744404, 40.30136317369967], [115.61675890379976, 40.3009128386217], [115.61664126872846, 40.30091143187543], [115.61664861828842, 40.30055116380427], [115.61653098384988, 40.30054975695626], [115.61653282137529, 40.300459689939245], [115.61617991857781, 40.30045546869118], [115.61617808058405, 40.300545535694845], [115.61594281178162, 40.30054272092274], [115.61594097346732, 40.30063278791601], [115.61558806985744, 40.30062856484777], [115.61558623106649, 40.30071863182619], [115.61546859639034, 40.30071722389318], [115.615466757435, 40.30080729086568], [115.61523148779528, 40.30080447463205], [115.6152296485194, 40.30089454159416], [115.61511201355587, 40.300893133293556], [115.61511017411556, 40.30098320024972], [115.6149925390042, 40.30098179182507], [115.61499069939947, 40.301071858775295], [115.6145201584125, 40.30106622386326], [115.61452199864175, 40.300976156930865], [115.61440436357186, 40.300974747908406], [115.61440620394892, 40.300884680978996], [115.6142885690435, 40.30088327184144], [115.61429225008494, 40.30070313798712], [115.61417461550002, 40.300701728738915], [115.61417645616444, 40.300611661813996], [115.61405882174395, 40.300610252450674], [115.61406066255618, 40.30052018552875], [115.61394302830013, 40.30051877605034], [115.61394486926015, 40.300428709131396], [115.61382723516851, 40.30042729953788], [115.61382907627637, 40.30033723262193], [115.61359380843025, 40.30033441308514], [115.61359564984203, 40.30024434617663], [115.61324274860347, 40.30024011598811], [115.6132445904753, 40.30015004909152], [115.61312695690187, 40.30014863879403], [115.61312879892151, 40.30005857190043], [115.61301116551246, 40.300057161487835], [115.6130203762667, 40.29960682702001], [115.61313800889518, 40.299608237410276], [115.61314906058946, 40.299067835973375], [115.61303142889766, 40.29906642560989], [115.61303511304152, 40.298886291794716], [115.61291748167024, 40.29888488132062], [115.61291932388583, 40.29879481441527], [115.61280169267894, 40.29879340382606], [115.6128053773974, 40.298613270019885], [115.61257011563303, 40.298610448500696], [115.612571958292, 40.29852038160433], [115.61245432757838, 40.29851897066985], [115.61245617038514, 40.298428903776475], [115.61233853983592, 40.29842749272693], [115.61234038279049, 40.29833742583655], [115.61210512202922, 40.29833460338772], [115.61210696528768, 40.29824453650478], [115.61198933507559, 40.298243125105515], [115.61199117848183, 40.29815305822556], [115.6118735484342, 40.298151646711204], [115.61187539198822, 40.29806157983426], [115.61175776210499, 40.29806016820482], [115.61175960580678, 40.29797010133086], [115.61152434637745, 40.297967277722265], [115.61152619038316, 40.29787721085576], [115.61140856083706, 40.297875798876596], [115.61141040499055, 40.297785732013104], [115.61129277560887, 40.297784319918854], [115.61129461991011, 40.29769425305835], [115.61117699069287, 40.29769284084903], [115.61117883514191, 40.29760277399152], [115.61106120608906, 40.29760136166712], [115.6110630506859, 40.2975112948126], [115.61094542179744, 40.29750988237313], [115.61094726654204, 40.2974198155216], [115.61082963781801, 40.29741840296705], [115.61083148271041, 40.297328336118504], [115.61071385415079, 40.29732692344887], [115.61071754422277, 40.297146789756354], [115.61059991598368, 40.2971453769761], [115.6106017611633, 40.297055310132095], [115.61048413308859, 40.29705389723678], [115.61048597841597, 40.29696383039576], [115.6103683505057, 40.29696241738537], [115.61037019598083, 40.29687235054735], [115.61013494049743, 40.29686952417686], [115.61013678627644, 40.29677945734632], [115.6100191587033, 40.29677804398623], [115.61002100463008, 40.2966879771587], [115.60966812242891, 40.29668373637459], [115.60966996881564, 40.29659366955899], [115.60908183276065, 40.29658659921692], [115.60908367991946, 40.296496532422225], [115.60814266391338, 40.29648521369436], [115.60814081550583, 40.29657528045321], [115.60778793417279, 40.29657103394432], [115.60778608528867, 40.296661100688254], [115.60755083079614, 40.296658269075635], [115.60754898159149, 40.29674833580912], [115.60731372682015, 40.29674550370934], [115.6073100277615, 40.296925637153976], [115.60695714473049, 40.296921388080804], [115.60695529472038, 40.29701145478745], [115.60683766690397, 40.29701003818615], [115.60683581672943, 40.29710010488683], [115.60660056080945, 40.29709727131662], [115.60659871031439, 40.29718733800685], [115.60636345411561, 40.29718450394947], [115.6063616033, 40.29727457062926], [115.60612634682245, 40.2972717360847], [115.60612449568629, 40.29736180275405], [115.60600686730395, 40.297360385297964], [115.60600501600337, 40.29745045196134], [115.60588738747327, 40.297449034381216], [115.60588368453487, 40.297629167694545], [115.60564842687532, 40.29762633215769], [115.60564657508142, 40.297716398803175], [115.6054113171431, 40.297713562779144], [115.60540946502864, 40.29780362941417], [115.60493894862783, 40.297797955913566], [115.60493709588063, 40.29788802252914], [115.60387843306275, 40.29787525011865], [115.60387657890232, 40.297965316692306], [115.60375894958604, 40.29796389693334], [115.60375709526116, 40.298053963501026], [115.60363946579712, 40.298052543618006], [115.603633902304, 40.29832274329874], [115.60339864246446, 40.29831990314707], [115.60339678763783, 40.29840996969537], [115.60327915757448, 40.298408549435706], [115.60327730258338, 40.298498615978026], [115.60292441197528, 40.29849435446826], [115.60292255650752, 40.29858442099561], [115.6022167745806, 40.29857589472112], [115.60221491816786, 40.29866596122001], [115.60174439642626, 40.29866027462795], [115.60174253938072, 40.298750341107365], [115.60150727824796, 40.298747497085], [115.60150542088186, 40.2988375635539], [115.60127015947039, 40.298834719044336], [115.60126644408861, 40.299014851959726], [115.60114881308326, 40.299013429516606], [115.60115067093443, 40.29892336306415], [115.60103304009354, 40.29892194050598], [115.60103118208623, 40.29901200695392], [115.60056065818203, 40.299006315507654], [115.60055879954196, 40.29909638193611], [115.60032353732794, 40.299093535486634], [115.60032167836727, 40.2991836019046], [115.60020404711672, 40.29918217849601], [115.60019289223997, 40.29972257694574], [115.60031052442717, 40.299724000381346], [115.60030866540782, 40.299814066788976], [115.60019103306452, 40.29981264334886], [115.60018917388066, 40.29990270975048], [115.60007154138962, 40.2999012861863], [115.60006968204128, 40.29999135258194], [115.59995204940252, 40.29998992889369], [115.59995018988967, 40.300079995283355], [115.5998325571032, 40.30007857147104], [115.59983069742584, 40.30016863785473], [115.59959543156582, 40.3001657898624], [115.59959729155536, 40.300075723487716], [115.59912676056038, 40.30007002608638], [115.59912489994637, 40.30016009244301], [115.5987720013199, 40.30015581812309], [115.59877014022913, 40.30024588446471], [115.59865250721433, 40.300244459447775], [115.59865064595907, 40.300334525783406], [115.59853301279652, 40.3003331006424], [115.59853115137675, 40.30042316697204], [115.59841351806648, 40.30042174170696], [115.5984116564822, 40.300511808030606], [115.59829402302422, 40.300510382641455], [115.59829216127544, 40.300600448959116], [115.59817452766974, 40.30059902344588], [115.59817266575644, 40.300689089757554], [115.598055032003, 40.30068766412026], [115.59805689407243, 40.3005975978131], [115.59746872621183, 40.300590467855756], [115.59746686336184, 40.30068053414034], [115.59711396227793, 40.30067625471765], [115.59711209895117, 40.3007663209872], [115.59699446511722, 40.30076489426933], [115.59699260162596, 40.30085496053289], [115.59687496764428, 40.30085353369095], [115.59687683129168, 40.300763467431906], [115.59675919747455, 40.30076204047491], [115.59676106126965, 40.30067197421891], [115.59664342761702, 40.30067054714687], [115.59664529155985, 40.3005804808939], [115.59652765807175, 40.30057905370682], [115.59653138624441, 40.30039892120551], [115.59641375307693, 40.300397493907894], [115.59642120994583, 40.30003722890559], [115.59630357741123, 40.3000358015065], [115.59630544176353, 40.299945735256735], [115.59618780939346, 40.29994430774262], [115.59618967389346, 40.29985424149591], [115.59607204168792, 40.299852813866735], [115.59607763560584, 40.29958261513129], [115.59596000387701, 40.299581187396136], [115.5959637334258, 40.29940105490748], [115.59584610201762, 40.299399627061796], [115.5958479669355, 40.29930956081977], [115.59573033569181, 40.29930813285906], [115.59573220075741, 40.299218066620085], [115.59561456967823, 40.29921663854433], [115.59561830009636, 40.29903650607099], [115.59550066933781, 40.29903507788474], [115.59550440003454, 40.2988549454145], [115.59538676959662, 40.298853517117735], [115.59538863508844, 40.29876345088493], [115.59527100481502, 40.29876202247313], [115.59527287045455, 40.29867195624337], [115.59503761024514, 40.29866909907015], [115.59503947618846, 40.29857903284796], [115.59480421632492, 40.29857617520558], [115.59480608257203, 40.29848610899096], [115.59468845280898, 40.29848467999495], [115.59469031920378, 40.29839461378337], [115.59457268960524, 40.298393184672356], [115.59457642268175, 40.298213052253814], [115.59445879340385, 40.298211623032294], [115.59446066008556, 40.298121556825315], [115.59422540186718, 40.29811869803269], [115.59423100279842, 40.297848499430046], [115.59411337417013, 40.29784706986798], [115.59411524128649, 40.297757003668686], [115.59399761282272, 40.297755573991594], [115.59399948008674, 40.29766550779533], [115.59388185178747, 40.29766407800321], [115.59388371919916, 40.297574011810006], [115.59364846293809, 40.29757115187617], [115.59365033065353, 40.297481085690556], [115.59353270269173, 40.297479655548855], [115.59353457055487, 40.29738958936627], [115.59341694275756, 40.297388159109545], [115.59341881076834, 40.297298092930006], [115.59330118313557, 40.29729666255828], [115.59330305129401, 40.29720659638179], [115.59318542382574, 40.29720516589503], [115.59318729213186, 40.29711509972159], [115.59306966482809, 40.29711366911982], [115.59307153328189, 40.29702360294944], [115.59283627901182, 40.2970207413963], [115.59284001651845, 40.29684060906922], [115.59272238970824, 40.2968391781224], [115.59272425860499, 40.29674911196117], [115.59260663195928, 40.29674768089934], [115.59261223906724, 40.29647748242037], [115.59249461289824, 40.29647605125259], [115.59249648207344, 40.2963859850945], [115.5923788560689, 40.296384553811706], [115.59238072539179, 40.29629448765668], [115.59214547372021, 40.29629162474152], [115.59214734334681, 40.29620155859408], [115.59202971767974, 40.296200126961715], [115.592031587454, 40.29611006081733], [115.59179633645734, 40.296107197203035], [115.59179820653532, 40.29601713106624], [115.59156295588451, 40.296014266982866], [115.59156482626624, 40.29592420085365], [115.59132957596135, 40.295921336301184], [115.59133144664678, 40.29583127017956], [115.59121382166308, 40.29582983772855], [115.59121569249612, 40.29573977160999], [115.59109806767694, 40.295738339043965], [115.59109993865765, 40.29564827292845], [115.59098231400296, 40.29564684024743], [115.59099166956031, 40.29519650967039], [115.59087404569442, 40.295195076892504], [115.59087778817045, 40.295014944660416], [115.59064254108831, 40.295012078764195], [115.59064628415487, 40.29483194654433], [115.59052866093859, 40.294830513425985], [115.59053240428351, 40.29465038120928], [115.59065002718768, 40.29465181431855], [115.59065189869142, 40.294561748203435], [115.59076952144792, 40.294563181188636], [115.59077139278716, 40.29447311506752], [115.59088901539603, 40.29447454792864], [115.59089088657076, 40.29438448180151], [115.59100850903202, 40.29438591453856], [115.59101038004225, 40.29429584840542], [115.59112800235587, 40.294297281018395], [115.59113361486774, 40.294027082596465], [115.59101599302231, 40.29402564999708], [115.59102347687762, 40.29366538543193], [115.5911410980988, 40.293666818013165], [115.59114296888548, 40.293576751863654], [115.59102534782036, 40.29357531928696], [115.5910290896805, 40.293395186992555], [115.59114671043352, 40.29339661956019], [115.59114858119489, 40.293306553406225], [115.59103096059793, 40.29330512084314], [115.59103470240748, 40.293124988539866], [115.59091708213109, 40.29312355586631], [115.59092082421897, 40.2929434235662], [115.59103844418328, 40.29294485623068], [115.59104031505852, 40.29285479007386], [115.59092269525028, 40.292853357413925], [115.59092456627316, 40.29276329126017], [115.59104218592533, 40.29276472391558], [115.59105154013284, 40.29231439310195], [115.59116915901318, 40.29231582561516], [115.59117102967332, 40.29222575944346], [115.59105341094902, 40.29222432693479], [115.59105715255609, 40.29204419459604], [115.59093953415231, 40.292042761976916], [115.59094327603775, 40.29186262964131], [115.59082565795453, 40.291861196911725], [115.59082752904061, 40.291771130746255], [115.59070991112186, 40.291769697901685], [115.59071178235556, 40.291679631739264], [115.59059416460128, 40.291678198779714], [115.59060352142352, 40.2912278679681], [115.59048590445789, 40.291226434911714], [115.59048777595306, 40.29113636874949], [115.59037015915193, 40.291134935578114], [115.5903720307947, 40.291044869418954], [115.59025441415801, 40.291043436132604], [115.59025628594839, 40.2909533699765], [115.59002105301246, 40.29095050305432], [115.59002292510648, 40.29086043690581], [115.58990530880722, 40.29085900326998], [115.58990718104883, 40.29076893712453], [115.58978956491403, 40.290767503373715], [115.58979143730323, 40.29067743723134], [115.58967382133295, 40.29067600336555], [115.58967569386974, 40.29058593722622], [115.5895580780639, 40.29058450324546], [115.58956182342423, 40.290404370971444], [115.58944420793891, 40.29040293688025], [115.58944608076246, 40.29031287074556], [115.58921085012926, 40.29031000221369], [115.58921272325641, 40.29021993608661], [115.5890951081085, 40.29021850164594], [115.58909698138325, 40.29012843552192], [115.58886175142483, 40.29012556629111], [115.58886362500319, 40.290035500174696], [115.5887460101927, 40.290034065384575], [115.58874788391863, 40.289943999271216], [115.58863026927261, 40.28994256436611], [115.58863214314616, 40.28985249825583], [115.58851452866462, 40.28985106323576], [115.58852389868562, 40.289400732684875], [115.58875912609687, 40.289403602560085], [115.58876287342203, 40.289223470311214], [115.58888048682826, 40.28922490506047], [115.58888423380756, 40.28904477279658], [115.58900184691022, 40.28904620741724], [115.58900372023118, 40.28895614127854], [115.58912133318623, 40.28895757577515], [115.58912320634273, 40.28886750963043], [115.5892408191502, 40.28886894400299], [115.58924269214225, 40.288778877852245], [115.58936030480214, 40.28878031210074], [115.58936405044881, 40.28860017978575], [115.58948166280513, 40.288601613905655], [115.58948915337304, 40.288241349239755], [115.58937154164082, 40.288239915138], [115.58937715994614, 40.28796971663668], [115.58925954869039, 40.28796828242905], [115.58926142159795, 40.28787821626353], [115.58914381050668, 40.28787678194092], [115.58914942964677, 40.2876065834491], [115.58903181903199, 40.287605149020614], [115.58903556539515, 40.28742501669443], [115.58915317569793, 40.28742645111382], [115.58915504871084, 40.287336384943956], [115.58903743856409, 40.2873349505291], [115.58904305802018, 40.287064752024285], [115.58892544834988, 40.28706331750355], [115.58892732164104, 40.28697325133687], [115.58869210263782, 40.28697038194598], [115.58869397623255, 40.28688031578688], [115.58810592965239, 40.2868731402411], [115.58810405527763, 40.286963206377465], [115.58775122696294, 40.28695889960233], [115.58774747725204, 40.28713903184336], [115.5876298675187, 40.287137596003554], [115.58762236737141, 40.287497860449655], [115.58750475702249, 40.28749642447216], [115.5875010065861, 40.28767655667724], [115.58738339593359, 40.287675120571144], [115.58737964515134, 40.28785525276124], [115.58726203419526, 40.28785381652654], [115.58725265631159, 40.288304146953124], [115.5871350445839, 40.28830271057619], [115.58713316882577, 40.288392776652515], [115.58701555695053, 40.28839134015153], [115.58700805320937, 40.28875160442387], [115.5868904407185, 40.288750167785174], [115.58688668848514, 40.28893029990338], [115.58700430128803, 40.28893173655118], [115.58700242531468, 40.2890218026126], [115.58688481235576, 40.28902036596025], [115.58688106007162, 40.28920049806959], [115.58676344680909, 40.28919906128864], [115.58675969417908, 40.28937919338295], [115.58664208061296, 40.289377756473385], [115.58663832763705, 40.289557888552686], [115.58652071376736, 40.28955645151451], [115.58651883711065, 40.28964651754739], [115.58640122309339, 40.289645080385164], [115.58639934627223, 40.28973514641201], [115.5862817321074, 40.28973370912571], [115.58627797812761, 40.28991384116588], [115.58616036365918, 40.28991240375096], [115.58615848650055, 40.29000246976428], [115.58604087188456, 40.2900010322253], [115.58603711722986, 40.29018116423838], [115.58591950231028, 40.29017972657079], [115.58591762481421, 40.29026979257057], [115.58580000974705, 40.2902683547789], [115.58579625441743, 40.290448486764895], [115.58567863904666, 40.290447048844605], [115.58567676121314, 40.29053711483085], [115.5855591456948, 40.29053567678649], [115.58555726769676, 40.290625742766686], [115.58543965203087, 40.29062430459827], [115.58543777386832, 40.29071437057243], [115.58484969488573, 40.29070717791477], [115.58485157382846, 40.29061711196338], [115.58473395821336, 40.29061567307785], [115.58473583730367, 40.29052560712953], [115.5846182218531, 40.29052416812904], [115.58462010109093, 40.2904341021838], [115.58450248580489, 40.29043266306835], [115.5845043651903, 40.29034259712619], [115.58462198032032, 40.29034403623707], [115.58462761795761, 40.29007383838805], [115.58474523262801, 40.290075277365744], [115.58474899069844, 40.2898951454499], [115.58486660506526, 40.28989658429897], [115.58487036278972, 40.28971645236809], [115.58498797685296, 40.28971789108855], [115.58499361290806, 40.289447693167446], [115.5848759993129, 40.28944625446065], [115.58487975695267, 40.28926612251497], [115.58476214367803, 40.289264683697766], [115.58476402264124, 40.289174617727255], [115.58452879642944, 40.289171739743445], [115.58453255495452, 40.28899160781621], [115.58441494217338, 40.28899016865415], [115.58442245974591, 40.288629904800175], [115.58430484759735, 40.28862846553683], [115.5843029680609, 40.288718531498], [115.58418535576477, 40.28871709211058], [115.58418347606383, 40.2888071580657], [115.58406586362018, 40.28880571855423], [115.58406398375475, 40.28889578450332], [115.58394637116352, 40.288894344867764], [115.58394449113361, 40.288984410810805], [115.58382687839486, 40.2889829710512], [115.5838231179975, 40.28916310292374], [115.58370550495518, 40.28916166303551], [115.58370174421188, 40.28934179489299], [115.58358413086599, 40.28934035487613], [115.58358225032558, 40.289430420798105], [115.58346463683215, 40.28942898065718], [115.58346275612725, 40.289519046573105], [115.58334514248627, 40.28951760630808], [115.58334138073897, 40.28969773812641], [115.58310615285835, 40.2896948572196], [115.58310427165992, 40.28978492311742], [115.58298665757631, 40.28978348248018], [115.58298477621335, 40.28987354837195], [115.5828671619822, 40.28987210761064], [115.58286528045477, 40.28996217349638], [115.58263005170582, 40.28995929160611], [115.58262816985783, 40.29004935748123], [115.58251055534005, 40.290047916352265], [115.58250867332755, 40.29013798222135], [115.58239105866225, 40.29013654096831], [115.58238917648521, 40.290226606831354], [115.58227156167236, 40.29022516545423], [115.5822696793308, 40.29031523131122], [115.5821520643704, 40.290313789810014], [115.58215018186436, 40.29040385566097], [115.5820325667564, 40.29040241403569], [115.58202880140675, 40.29058254572404], [115.58191118599524, 40.29058110397011], [115.58190742029956, 40.29076123564342], [115.58178980458445, 40.290759793760834], [115.58178792156784, 40.29084985959069], [115.5816703057052, 40.290848417584044], [115.58166842252403, 40.290938483407864], [115.58155080651385, 40.29093704127712], [115.58154892316819, 40.291027107094905], [115.58143130701045, 40.29102566484007], [115.58142942350025, 40.2911157306518], [115.58131180719496, 40.291114288272894], [115.58130992352025, 40.29120435407857], [115.58119230706741, 40.29120291157558], [115.58119042322815, 40.291292977375214], [115.5809551900359, 40.291290092001525], [115.58095330587606, 40.29138015779055], [115.58071807240573, 40.29137727192965], [115.58071618792533, 40.29146733770806], [115.58048095417689, 40.29146445135994], [115.58047906937591, 40.29155451712773], [115.5803614523584, 40.291553073769826], [115.58035956739288, 40.291643139531566], [115.5800067159232, 40.29163880872701], [115.58000483048104, 40.29172887447355], [115.5796519786198, 40.29172454257959], [115.57965386453007, 40.29163447684677], [115.5794186303105, 40.291631588329], [115.57942051652435, 40.29154152260382], [115.5785971981161, 40.291531409058784], [115.57859531080994, 40.291621474751935], [115.57824245972306, 40.29161713856895], [115.57824057194027, 40.29170720424689], [115.57777010331942, 40.291701420978], [115.57776821490397, 40.291791486636136], [115.57741536305963, 40.29178714791576], [115.57741347416751, 40.291877213558706], [115.57564921375534, 40.29185550375282], [115.5756511049881, 40.29176543817862], [115.57447493400623, 40.29175095008045], [115.57447682679084, 40.29166088455064], [115.5737711255476, 40.291652185982315], [115.57377301925993, 40.29156212047857], [115.57294970262363, 40.29155196674286], [115.57294780781902, 40.291642032214455], [115.5724773407335, 40.29163622743197], [115.57247544529618, 40.29172629288371], [115.57106404298779, 40.29170886700723], [115.57106594029759, 40.29161880161065], [115.57094832365019, 40.291617348682], [115.57095022110744, 40.29152728328855], [115.57071498815039, 40.2915243770819], [115.57071688591115, 40.29143431169615], [115.57059926960152, 40.29143285841815], [115.57060116750979, 40.29134279303554], [115.57048355136472, 40.291341339642614], [115.57048544942046, 40.29125127426311], [115.5702502174681, 40.29124836712792], [115.57025211582737, 40.29115830175615], [115.56978165264948, 40.29115248606996], [115.56978355162433, 40.29106242071512], [115.56966593600731, 40.291060966499394], [115.56967543153323, 40.290610639726], [115.56955781670491, 40.29060918541377], [115.56958250609878, 40.289438335689525], [115.56946489330738, 40.28943688131765], [115.56948008730934, 40.28871635832288], [115.56959769885262, 40.288717812657936], [115.56959959790831, 40.288627747272315], [115.56948198652107, 40.28862629294188], [115.56949148245117, 40.28817596601461], [115.56960909305835, 40.28817742032203], [115.5696128910584, 40.287997289531546], [115.56973050136212, 40.28799874371025], [115.56974189422077, 40.28745835127565], [115.56985950359699, 40.28745980530723], [115.56986330083605, 40.28727967447466], [115.56998090990882, 40.28728112837753], [115.56998660523516, 40.287010932103726], [115.57010421384848, 40.2870123858733], [115.5701250943367, 40.28602166603807], [115.57000748743938, 40.28602021231913], [115.57001128409252, 40.28584008142997], [115.56989367751572, 40.28583862760073], [115.56989557598546, 40.28574856215853], [115.56977796957324, 40.285747108214416], [115.56977986819037, 40.28565704277533], [115.5696622619427, 40.285655588716324], [115.56966416070728, 40.28556552328037], [115.56954655462418, 40.28556406910647], [115.56955035243965, 40.28538393823932], [115.56931514092305, 40.285381029551466], [115.5693170401299, 40.28529096412488], [115.56919943454047, 40.285289509606315], [115.56920133389477, 40.28519944418286], [115.56908372846983, 40.28519798954941], [115.56908562797157, 40.28510792412906], [115.56885041745943, 40.28510501451291], [115.56885231726456, 40.28501494910031], [115.56873471217733, 40.28501349411759], [115.56873661212985, 40.284923428708105], [115.56861900720719, 40.28492197361052], [115.56862090730716, 40.284831908204154], [115.56850330254903, 40.28483045299168], [115.56850520279642, 40.28474038758845], [115.56838759820285, 40.28473893226109], [115.56838949859765, 40.284648866861], [115.56827189416862, 40.28464741141876], [115.56827379471082, 40.284557346021785], [115.56815619044637, 40.28455589046465], [115.568158091136, 40.28446582507081], [115.56792288294474, 40.284462913607335], [115.56792478393777, 40.284372848221224], [115.56780718001096, 40.28437139231485], [115.5678090811514, 40.28428132693186], [115.56769147738916, 40.28427987091062], [115.56769337867702, 40.284189805530765], [115.56757577507933, 40.28418834939464], [115.56757767651456, 40.28409828401792], [115.56746007308146, 40.28409682776692], [115.56746197466411, 40.284006762393325], [115.56734437139552, 40.284005306027446], [115.56734627312558, 40.283915240656995], [115.56722867002155, 40.283913784176235], [115.56723057189902, 40.2838237188089], [115.56593694003665, 40.283807689685325], [115.56593884362127, 40.28371762436727], [115.56535083026154, 40.28371033364567], [115.56535273461745, 40.28362026834921], [115.5651175296456, 40.283617351233424], [115.56511943430486, 40.283527285944714], [115.5650018319878, 40.28352582721221], [115.56500564159256, 40.283345696639586], [115.56488803959603, 40.283344237796825], [115.56489184947839, 40.283164107227535], [115.56500945116298, 40.28316556606105], [115.56501326069902, 40.282985435476576], [115.56513086208025, 40.28298689418137], [115.56513276667943, 40.28289682888229], [115.56525036791326, 40.28289828746299], [115.5652541767739, 40.28271815685116], [115.56537177770443, 40.28271961530312], [115.56537558621876, 40.282539484676136], [115.56525798560021, 40.282538026233404], [115.56525989000049, 40.282447960922305], [115.56514228954647, 40.28244650236469], [115.5651441940941, 40.28235643705674], [115.56490899352376, 40.28235351959233], [115.56491089837476, 40.28226345429211], [115.56479329825844, 40.282261995385305], [115.5647971082466, 40.282081864789696], [115.5646795084508, 40.282080405772646], [115.56468903405062, 40.28163007928078], [115.56504183112438, 40.28163445590419], [115.56504373575069, 40.28154439058751], [115.56586692813163, 40.28155459849483], [115.565865024597, 40.28164466384382], [115.56680581765214, 40.28165632289196], [115.56680391535663, 40.281746388276396], [115.56703911401812, 40.28174930185288], [115.56703721202595, 40.28183936724506], [115.56727241103366, 40.281842280352876], [115.56727050934485, 40.28193234575278], [115.56750570869877, 40.28193525839191], [115.56750380731332, 40.282025323799566], [115.56762140715911, 40.28202677994453], [115.56761950592103, 40.28211684535532], [115.56773710593134, 40.2821183013854], [115.56773520484069, 40.28220836679932], [115.56820560559154, 40.28221418974332], [115.56820750605836, 40.28212412431097], [115.56832510611156, 40.28212557974367], [115.56832700641382, 40.282035514305214], [115.56856220623396, 40.28203842480296], [115.56856410621575, 40.28194835935382], [115.5686817059827, 40.28194981441887], [115.56868360579996, 40.28185974896365], [115.56903640468433, 40.28186411342809], [115.56903830402516, 40.28177404795757], [115.5693911025187, 40.2817784113329], [115.56939300138306, 40.28168834584708], [115.56974579948577, 40.28169270813331], [115.5697476978737, 40.2816026426322], [115.57010049558556, 40.28160700382932], [115.57010239349704, 40.28151693831291], [115.57033759170248, 40.28151984517108], [115.57033948929349, 40.28142977964399], [115.57057468722125, 40.281432686015044], [115.57057658449177, 40.281342620477275], [115.57069418331253, 40.281344073479], [115.57069608041853, 40.281254007935146], [115.57081367909188, 40.28125546081278], [115.5708155760334, 40.28116539526284], [115.57093317455933, 40.281166848016404], [115.57093507133632, 40.281076782460396], [115.57117026810194, 40.28107968759989], [115.57117216455848, 40.280989622033196], [115.57128976279814, 40.28099107441915], [115.57129165909016, 40.28090100884637], [115.57140925718247, 40.280902461108234], [115.57141115330995, 40.280812395529395], [115.57152875125483, 40.28081384766719], [115.57153064721784, 40.28072378208226], [115.57164824501531, 40.28072523409598], [115.57165014081382, 40.28063516850497], [115.57176773846389, 40.28063662039463], [115.57176963409789, 40.280546554797546], [115.57188723160056, 40.28054800656313], [115.57188912707005, 40.28045794095997], [115.57200672442531, 40.28045939260149], [115.5720086197303, 40.28036932699226], [115.57224381415455, 40.28037222990767], [115.5722457091391, 40.28028216428777], [115.57236330620808, 40.28028361556167], [115.57236520102815, 40.280193549935696], [115.57260039487981, 40.2801964521159], [115.57260228937946, 40.28010638647925], [115.57283748295339, 40.2801092881724], [115.57283937713258, 40.28001922252508], [115.5730745704288, 40.280022123731136], [115.57307646428754, 40.27993205807316], [115.5731940607925, 40.2799335084924], [115.57319595448678, 40.27984344282833], [115.57331355084432, 40.27984489312352], [115.57331544437412, 40.27975482745338], [115.57343304058426, 40.279756277624486], [115.57343493394953, 40.27966621194829], [115.57355253001228, 40.27966766199534], [115.5735544232131, 40.27957759631306], [115.57367201912842, 40.27957904623606], [115.57367580519252, 40.27939891485789], [115.57379340080449, 40.279400364652226], [115.57379529366781, 40.27931029895633], [115.57403048460546, 40.279313198177434], [115.57403237714837, 40.279223132470875], [115.57426756780826, 40.27922603120492], [115.57426946003075, 40.27913596548771], [115.57462224561675, 40.279140312679004], [115.57462413736286, 40.279050246946554], [115.5748593274843, 40.27905314446758], [115.57486121890999, 40.278963078724466], [115.57509640875365, 40.27896597575845], [115.57509829985895, 40.2788759100047], [115.57545108422057, 40.27888025464591], [115.57545297484951, 40.27879018887691], [115.57580575882004, 40.27879453242918], [115.57580764897264, 40.278704466644946], [115.57604283801706, 40.27870736173996], [115.57604472784925, 40.2786172959451], [115.5761623222283, 40.27861874330882], [115.57616421189604, 40.278528677507886], [115.57628180612768, 40.27853012474756], [115.57628369563095, 40.27844005894055], [115.57640128971515, 40.278441506056176], [115.576403179054, 40.278351440243114], [115.57652077299078, 40.278352887234696], [115.57652266216515, 40.27826282141557], [115.57664025595452, 40.278264268283124], [115.57664403396583, 40.27808413663126], [115.57676162745187, 40.27808558337018], [115.57676540511724, 40.27790545170324], [115.57688299829991, 40.27790689831352], [115.57688677561937, 40.27772676663151], [115.57700436849868, 40.27772821311318], [115.57701003394618, 40.2774580155653], [115.57712762636622, 40.277459461913764], [115.57713329126932, 40.277189264338844], [115.57725088323009, 40.277190710554116], [115.57725654758877, 40.27692051295213], [115.57737413909027, 40.276921959034205], [115.57737791497497, 40.27674182728299], [115.57749550617315, 40.276743273236455], [115.57750116946858, 40.27647307558479], [115.57761876020749, 40.27647452140507], [115.57763197317422, 40.275844060134034], [115.57751438352676, 40.275842614345805], [115.5775275971679, 40.27521215303431], [115.57741000862035, 40.27521070715868], [115.57743643683425, 40.27394978438223], [115.57731885047795, 40.273948338451255], [115.57732640171342, 40.27358807476587], [115.57720881598921, 40.27358662873375], [115.57721825562155, 40.273136299116636], [115.57710067068534, 40.273134852987965], [115.57710444679047, 40.27295472113992], [115.57698686217459, 40.27295327490096], [115.57698875037029, 40.2728632089793], [115.57687116591877, 40.27286176262549], [115.57687305426185, 40.272771696706926], [115.5767554699748, 40.27277025023826], [115.57675735846524, 40.27268018432278], [115.57652219022842, 40.272677291036274], [115.57652407902214, 40.272587225128504], [115.57617132719845, 40.27258288431668], [115.57617321645132, 40.27249281842116], [115.57605563268302, 40.27249137124959], [115.57605752208329, 40.27240130535717], [115.57593993847938, 40.27239985807074], [115.57594182802703, 40.272309792181424], [115.57582424458754, 40.27230834478015], [115.57582613428254, 40.27221827889393], [115.57570855100745, 40.2722168313778], [115.57571233068367, 40.2720366996101], [115.57559474772889, 40.27203525198369], [115.57559663771009, 40.27194518610221], [115.57547905491973, 40.271943738360946], [115.57548283516837, 40.27176360660272], [115.5753652526983, 40.27176215875117], [115.57536714296572, 40.27167209287441], [115.57513197836289, 40.27166919682222], [115.57513386893358, 40.27157913095315], [115.57501628680082, 40.271577682752486], [115.57501817751886, 40.27148761688653], [115.57490059555052, 40.271486168571016], [115.5749024864159, 40.27139610270815], [115.57466732281657, 40.27139320572798], [115.5746692139852, 40.27130313987282], [115.57455163235421, 40.27130169120817], [115.57455352367019, 40.271211625356116], [115.57443594220362, 40.271210176576616], [115.57444729085569, 40.27066978146074], [115.574564871387, 40.27067123021272], [115.57457432758316, 40.270220900885846], [115.57445674783125, 40.27021945215681], [115.57445863920076, 40.27012938629158], [115.57457621879684, 40.270130835016026], [115.5745837835662, 40.26977057152197], [115.5747013625473, 40.26977202010864], [115.57470325356245, 40.26968195422683], [115.57482083239621, 40.269683402689495], [115.57482461408921, 40.269503270912274], [115.57494219261977, 40.26950471924633], [115.57494786462772, 40.269234521555646], [115.57506544269921, 40.269235969756515], [115.57506733319559, 40.26914590385209], [115.57518491111973, 40.26914735192896], [115.57518680145175, 40.26905728601844], [115.57530437922854, 40.2690587339713], [115.57530815955528, 40.26887860213667], [115.57542573702888, 40.268880049960934], [115.57542951700981, 40.268699918111224], [115.57554709418021, 40.268701365806876], [115.57554898400201, 40.26861129987522], [115.57566656102506, 40.26861274744688], [115.57567034033143, 40.26843261556996], [115.57578791705126, 40.26843406301302], [115.57579358547935, 40.26816386517278], [115.57591116174014, 40.26816531248268], [115.57591871890155, 40.26780504865666], [115.57603629454744, 40.26780649582881], [115.57604762909891, 40.26726610001786], [115.5761652038182, 40.2672675470431], [115.5761708705114, 40.26699734910391], [115.57628844477166, 40.266998795995974], [115.5762978883108, 40.26654846604482], [115.5761803148298, 40.266547019175654], [115.57618598131863, 40.26627682120093], [115.57606840831367, 40.2662753742261], [115.57607218624199, 40.266095242244724], [115.57595461355723, 40.26609379515964], [115.57595650266445, 40.2660037291713], [115.57583893014404, 40.2660022819714], [115.57584081939859, 40.26591221598617], [115.5752529577035, 40.265904978218344], [115.57525106766975, 40.26599504418065], [115.5750159227397, 40.26599214822847], [115.57501403238572, 40.266082214180116], [115.57477888717807, 40.26607931774112], [115.5747769965039, 40.26616938368212], [115.57465942375701, 40.2661679352789], [115.57465753291848, 40.266258001213835], [115.57442238713861, 40.26625510404002], [115.57442049597988, 40.26634516996431], [115.5741853499224, 40.26634227230365], [115.57418345844346, 40.26643233821727], [115.57383073895367, 40.26642799081693], [115.5738288469987, 40.26651805671531], [115.5731234073144, 40.26650935866291], [115.5731215144158, 40.26659942453226], [115.57288636761095, 40.266596524216965], [115.57288447439214, 40.266686590075665], [115.57253175378135, 40.26668223869333], [115.57252986008645, 40.26677230453677], [115.57217713908496, 40.26676795206593], [115.57217524491399, 40.2668580178941], [115.57135222845186, 40.266847857917114], [115.57135412371375, 40.26675779212111], [115.57111897654174, 40.26675488820501], [115.5711246632112, 40.26648469083569], [115.57100709010554, 40.26648323871231], [115.57101467283522, 40.2661229755509], [115.57089710036148, 40.266121523326504], [115.57090657936048, 40.26567119436442], [115.57102415105504, 40.26567264656583], [115.5710298378844, 40.26540244915704], [115.57114740911999, 40.265403901225234], [115.5711530954049, 40.26513370378931], [115.57127066618155, 40.26513515572432], [115.57127635192207, 40.26486495826126], [115.57139392223976, 40.26486641006307], [115.57139581731369, 40.26477634423451], [115.57151338748409, 40.26477779591231], [115.57151528239363, 40.26468773007765], [115.57186799248862, 40.26469208438083], [115.57186988692213, 40.26460201853093], [115.57304558623551, 40.26461652506751], [115.57304747910221, 40.264526459170185], [115.57328261875566, 40.26452935903545], [115.57328451130215, 40.264439293127445], [115.57340208098586, 40.26444074287638], [115.573403973368, 40.264350676962316], [115.57352154290439, 40.26435212658725], [115.57352532733145, 40.264171994745496], [115.5736428965647, 40.26417344424185], [115.57364478860963, 40.26408337831417], [115.57376235769559, 40.26408482768653], [115.57376424957616, 40.26399476175278], [115.57388181851482, 40.26399621100115], [115.57388371023102, 40.26390614506131], [115.57400127902241, 40.263907594185675], [115.57400317057426, 40.2638175282398], [115.57412073921836, 40.26381897724018], [115.5741245219848, 40.263638845334775], [115.57424209032578, 40.26364029420658], [115.57424398154039, 40.26355022824707], [115.57436154973408, 40.26355167699489], [115.5743653318261, 40.26337154506225], [115.57448289971666, 40.263372993681486], [115.57448479059407, 40.26328292770836], [115.57460235833733, 40.263284376203615], [115.57460613975493, 40.26310424424376], [115.57472370719508, 40.26310569261043], [115.57472559773527, 40.263015626623684], [115.57484316502814, 40.26301707486638], [115.574845055404, 40.262927008873575], [115.57496262254955, 40.26292845699229], [115.57496640296407, 40.26274832499307], [115.57508396980653, 40.2627497729832], [115.57508585984519, 40.26265970697679], [115.57520342654034, 40.26266115484295], [115.57520720628047, 40.262481022816516], [115.5754423390731, 40.262483918172286], [115.57544422861876, 40.262393852147675], [115.57556179487206, 40.26239529964188], [115.57556368425338, 40.26230523361123], [115.57568125035938, 40.262306680981446], [115.57568313957637, 40.26221661494472], [115.57580070553509, 40.262218062190954], [115.57580259458773, 40.26212799614817], [115.57592016039915, 40.262129443270446], [115.57592393816732, 40.26194931117124], [115.57604150367563, 40.26195075816496], [115.57604339239113, 40.261860692108556], [115.57627852312166, 40.261863585728626], [115.57628041151702, 40.26177351966159], [115.576750672457, 40.26177930545067], [115.57675256022063, 40.26168923936383], [115.57687012532111, 40.26169068550804], [115.57687201292042, 40.26160061941513], [115.57793009780524, 40.26161362929904], [115.57792821160817, 40.26170369543315], [115.58027951693362, 40.261732571753406], [115.58027763384423, 40.26182263797746], [115.58098302703915, 40.261831291588145], [115.58098114487612, 40.26192135783812], [115.58192167085765, 40.26193288933606], [115.58192355177418, 40.26184282304957], [115.58204111740424, 40.261844263944965], [115.5820429981565, 40.26175419765242], [115.5821605636392, 40.26175563842386], [115.5821680859402, 40.26139537322066], [115.5820505210807, 40.26139393246747], [115.58206368587166, 40.260763468336854], [115.58218124964053, 40.2607649090581], [115.58218689109918, 40.260494710109114], [115.58230445440914, 40.260496150697286], [115.58231009532413, 40.26022595172128], [115.58242765817515, 40.26022739217639], [115.58243141843116, 40.26004725950922], [115.58254898097906, 40.260048699835814], [115.58255086093857, 40.25995863349544], [115.58266842333913, 40.25996007369809], [115.58267030313438, 40.259870007351665], [115.58278786538762, 40.25987144743037], [115.58279162464108, 40.25969131472399], [115.58290918659122, 40.25969275467418], [115.58291106604945, 40.25960268831421], [115.58302862785229, 40.259604128140445], [115.58303050714622, 40.25951406177445], [115.58314806880172, 40.25951550147674], [115.58314994793142, 40.259425435104696], [115.58326750943962, 40.259426874683044], [115.58326938840504, 40.25933680830496], [115.58338694976591, 40.259338247759366], [115.58338882856708, 40.259248181375256], [115.58362395100265, 40.25925105991679], [115.58362582948376, 40.25916099352209], [115.58386095164164, 40.25916387157697], [115.58386282980268, 40.259073805171674], [115.58398039073855, 40.25907524401548], [115.58398226873535, 40.25898517760414], [115.58421739032087, 40.258988054924494], [115.58421926799764, 40.25889798850256], [115.5843368286473, 40.258899426979106], [115.58433870615981, 40.258809360551155], [115.58445626666219, 40.25881079890376], [115.58445814401043, 40.25872073246975], [115.58469326472893, 40.25872360880771], [115.58469514175717, 40.25863354236312], [115.58481270197333, 40.25863498034847], [115.58481457883732, 40.25854491389785], [115.58493213890617, 40.258546351759264], [115.58493401560592, 40.258456285302614], [115.58505157552742, 40.2584577230401], [115.58505532858995, 40.25827759011326], [115.58517288820838, 40.25827902772225], [115.58517476457116, 40.25818896125206], [115.58529232404223, 40.25819039873712], [115.58529607643091, 40.258010265783184], [115.58541363559888, 40.25801170313976], [115.58541738764214, 40.25783157017082], [115.585534946507, 40.257833007398915], [115.58553682236017, 40.25774294090766], [115.58565438107773, 40.257744378011836], [115.58565625676667, 40.257654311514564], [115.58589137391557, 40.25765718535565], [115.5858932492845, 40.25756711884779], [115.58601080771587, 40.25756855558472], [115.58601268292055, 40.257478489070834], [115.58613024120459, 40.25747992568383], [115.58613211624504, 40.25738985916393], [115.58624967438175, 40.257391295652994], [115.58625154925798, 40.25730122912706], [115.58636910724736, 40.257302665492205], [115.58637098195938, 40.257212598960244], [115.58660609765197, 40.25721547132329], [115.58660797204398, 40.25712540478076], [115.58672552974717, 40.25712684077868], [115.58672740397495, 40.25703677423013], [115.58696251909514, 40.25703964585874], [115.58696439300292, 40.256949579299594], [115.58708195041991, 40.25695101493029], [115.58708382416347, 40.25686094836514], [115.58720138143312, 40.256862383871905], [115.58720325501247, 40.25677231730072], [115.58732081213482, 40.25677375268358], [115.58732268554995, 40.25668368610636], [115.58744024252496, 40.2566851213653], [115.58744211577587, 40.25659505478206], [115.58755967260356, 40.25659648991707], [115.58757091099706, 40.25605609035936], [115.58745335510399, 40.25605465525161], [115.58747395974929, 40.25506392264087], [115.5877090681171, 40.25506679263701], [115.58770719532127, 40.25515685925447], [115.58758964097738, 40.25515542431153], [115.58758776801736, 40.255245490922974], [115.58770532251702, 40.255246925870445], [115.58770157688313, 40.255427059097975], [115.58781913170276, 40.25542849393517], [115.58781725902891, 40.25551856055125], [115.58793481401273, 40.25551999527362], [115.58793294148622, 40.255610061892774], [115.58805049663424, 40.255611496500315], [115.58804862425505, 40.255701563122535], [115.58816617956728, 40.25570299761524], [115.58816805179072, 40.255612930988484], [115.58828560695562, 40.25561436535728], [115.58829309514195, 40.25525409881728], [115.58817554060008, 40.25525266446666], [115.58818115711848, 40.25498246455978], [115.58806360305232, 40.2549810301034], [115.58806921996204, 40.254710830196835], [115.58795166637158, 40.25470939563472], [115.58795353881371, 40.254619329000775], [115.58771843196965, 40.25461645952754], [115.58772966831407, 40.25407605974738], [115.58784722079736, 40.25407749451643], [115.5878565834068, 40.253627161302916], [115.5879741351198, 40.25362859592988], [115.58798724132826, 40.25299812933706], [115.58810479195948, 40.252999563812864], [115.58811228041282, 40.252639297137705], [115.5882298304295, 40.252640731475964], [115.58823544621366, 40.25237053144044], [115.58835299577159, 40.25237196564573], [115.588356739274, 40.252191832272246], [115.58847428852889, 40.25219326634909], [115.58847616011174, 40.252103199655565], [115.58859370921928, 40.252104633608525], [115.58859558063794, 40.252014566909004], [115.58871312959822, 40.25201600073805], [115.58871687209876, 40.2518358673255], [115.58883442075602, 40.2518373010261], [115.5888362918379, 40.25174723431307], [115.58895384034783, 40.25174866788979], [115.58895758217481, 40.25156853445019], [115.58907513038174, 40.251569967898476], [115.58907700112685, 40.251479901171926], [115.58919454918649, 40.251481334496326], [115.58920016090404, 40.251211134294174], [115.5893177085049, 40.251212567485595], [115.58932144929632, 40.251032434001026], [115.58943899659414, 40.25103386706403], [115.58944460725087, 40.250763666812475], [115.58956215408995, 40.250765099742516], [115.58956402413625, 40.25067503298448], [115.58968157082806, 40.25067646579062], [115.58968531058395, 40.25049633226109], [115.58980285697271, 40.250497764938814], [115.58980659638345, 40.25031763139429], [115.58992414246923, 40.250319063943586], [115.58992975105494, 40.250048863602096], [115.59004729668196, 40.250050296018436], [115.59004916603796, 40.249960229230446], [115.5901667115177, 40.24996166152292], [115.59017044989297, 40.249781527933415], [115.59028799506969, 40.24978296009745], [115.59029173309983, 40.249602826492996], [115.59040927797354, 40.24960425852862], [115.59041301565854, 40.249424124909176], [115.59053056022925, 40.24942555681638], [115.59053616622644, 40.24915535636251], [115.59041862212287, 40.249153924468914], [115.59042235972363, 40.24897379083468], [115.59018727216463, 40.24897092670757], [115.59018914126379, 40.24888085989732], [115.59007159765265, 40.24887942765928], [115.59007346689911, 40.24878936085207], [115.58995592345211, 40.24878792849925], [115.58995779284584, 40.248697861695085], [115.58960516302248, 40.24869356393415], [115.58960703287491, 40.248603497142135], [115.58925440359457, 40.248599198320726], [115.5892562739057, 40.24850913154084], [115.58878610227276, 40.248503398126346], [115.5887842313388, 40.24859346488807], [115.58796143021597, 40.248583426786276], [115.58796330223987, 40.248493360056344], [115.58761067378092, 40.24848905623624], [115.58760880128987, 40.248579122952535], [115.58737371538136, 40.248576253133336], [115.58737184257046, 40.248666319839074], [115.58725429947316, 40.24866488474592], [115.58725617243978, 40.24857481804472], [115.58702108658191, 40.24857194750948], [115.58702295985147, 40.24848188081591], [115.58690541709093, 40.24848044537382], [115.58690729050777, 40.2483903786833], [115.58678974791137, 40.24838894312643], [115.58679536857831, 40.24811874305964], [115.5869129107076, 40.24812017860289], [115.58691665746527, 40.24794004520855], [115.58703419929158, 40.24794148062337], [115.58703607250206, 40.247851413919435], [115.58715361418112, 40.247852849210354], [115.58715548722745, 40.247762782500395], [115.58727302875926, 40.24776421766745], [115.58727677451515, 40.24758408423401], [115.5875118569813, 40.247586954191924], [115.58751372953517, 40.24749688746389], [115.58810143506976, 40.24750406024753], [115.58809956329438, 40.24759412699827], [115.5882171045823, 40.24759556120155], [115.58821523295418, 40.247685627955335], [115.58868539881306, 40.24769136359319], [115.5886872698184, 40.24760129682122], [115.5888048111485, 40.2476027304278], [115.58880855282244, 40.247422596870344], [115.58892609384958, 40.2474240303485], [115.5889279645182, 40.24733396356302], [115.58904550539808, 40.2473353969173], [115.58904924639863, 40.24715526333282], [115.58893170583015, 40.24715382998762], [115.5889335764735, 40.24706376319771], [115.58846341490668, 40.24705802864168], [115.58846528616435, 40.246967961868435], [115.58823020574295, 40.2469650938835], [115.58823207730357, 40.24687502711788], [115.58811453726122, 40.246873592950955], [115.58811828066855, 40.24669345942434], [115.58800074094603, 40.24669202514716], [115.588004484631, 40.24651189162372], [115.5878869452283, 40.2465104572363], [115.5878906891909, 40.246330323716016], [115.58777315010802, 40.246328889218354], [115.58777502223235, 40.24623882246054], [115.58789256115956, 40.246240256953676], [115.58789630507151, 40.24606012342453], [115.58801384369578, 40.24606155778924], [115.58801571548341, 40.245971491017904], [115.58813325396041, 40.24597292525875], [115.58813512558393, 40.245882858481394], [115.58825266391369, 40.24588429259836], [115.58826014970062, 40.24552402545599], [115.58814261199362, 40.2455225913572], [115.58814635514784, 40.24534245778623], [115.58802881776063, 40.24534102357719], [115.58803068948077, 40.24525095679403], [115.58779561504304, 40.24524808802705], [115.5877974870661, 40.24515802125149], [115.58744487593982, 40.24515371721969], [115.5874467484215, 40.24506365045629], [115.58674152733096, 40.24505503919815], [115.58674340073827, 40.24496497246053], [115.58662586407507, 40.244963536837744], [115.58662773762961, 40.24487347010321], [115.58651020113055, 40.244872034365635], [115.58651394852566, 40.24469190090121], [115.5863964123464, 40.244690465053424], [115.58639828618693, 40.24460039832355], [115.58616321416513, 40.244597526279065], [115.58616508830858, 40.24450745955681], [115.58604755246601, 40.24450602336013], [115.58604942675672, 40.244415956640935], [115.58593189107827, 40.24441452032949], [115.58593376551619, 40.244324453613366], [115.58558115899856, 40.244320143976736], [115.58558303389508, 40.24423007727279], [115.58546549856176, 40.24422864049314], [115.58546737360548, 40.244138573792256], [115.58534983843631, 40.24413713689785], [115.58535171362723, 40.244047070200025], [115.58523417862222, 40.24404563319085], [115.58523792929005, 40.2438654997999], [115.5851203946048, 40.24386406268049], [115.58512414555017, 40.243683929292715], [115.58500661118471, 40.2436824920631], [115.58501036240759, 40.24350235867851], [115.58489282836192, 40.24350092133868], [115.58489470411637, 40.24341085464872], [115.5847771702348, 40.24340941719412], [115.58478092202962, 40.24322928381888], [115.58466338846789, 40.24322784625405], [115.58466526450827, 40.24313777956877], [115.58454773111065, 40.24313634188919], [115.58454960729824, 40.243046275206986], [115.58443207406474, 40.24304483741263], [115.58443395039954, 40.24295477073349], [115.58431641733016, 40.24295333282438], [115.58431829381217, 40.242863266148326], [115.5842007609069, 40.24286182812445], [115.58420451415687, 40.24268169477699], [115.5840869815714, 40.24268025664291], [115.58409448859243, 40.24231998994847], [115.58397695663805, 40.242318551713296], [115.58397883352782, 40.24222848504054], [115.58409636532654, 40.24222992327116], [115.58410574887021, 40.24177958986243], [115.5842232798991, 40.24178102795097], [115.58422703294605, 40.24160089456802], [115.5843445636721, 40.24160233252814], [115.58434831637392, 40.24142219913017], [115.58446584679714, 40.24142363696186], [115.5844695991538, 40.24124350354886], [115.58458712927415, 40.241244941252134], [115.58458900528416, 40.24115487453887], [115.58470653525735, 40.24115631211829], [115.58470841110324, 40.24106624539898], [115.58482594092922, 40.24106768285454], [115.58482969228434, 40.24088754940239], [115.58494722180748, 40.24088898672954], [115.58494909731672, 40.240798919996706], [115.58506662669267, 40.24080035719997], [115.58507037737448, 40.240620223720754], [115.58518790644759, 40.240621660795625], [115.58518978162019, 40.240531594049244], [115.5853073105461, 40.24053303100026], [115.58531106055463, 40.24035289749396], [115.58542858917771, 40.240354334316564], [115.58543046401365, 40.24026426755665], [115.58554799248952, 40.2402657042554], [115.58555174182476, 40.24008557072203], [115.58566926999784, 40.24008700729238], [115.58567301898799, 40.23990687374399], [115.58579054685822, 40.23990831018593], [115.58579242118499, 40.23981824340496], [115.58590994890803, 40.239819679723055], [115.58591369722492, 40.23963954614761], [115.58603122464514, 40.2396409823373], [115.58603309863528, 40.23955091554279], [115.58626815318978, 40.23955378755515], [115.58627002686019, 40.2394637207501], [115.58638755399446, 40.23946515657278], [115.5863894275008, 40.23937508976169], [115.58662448148341, 40.23937796104005], [115.58662635467005, 40.239287894218386], [115.58686140837517, 40.239290765010445], [115.58686328124207, 40.2392006981782], [115.58698080795165, 40.23920213339074], [115.58698268065449, 40.23911206655249], [115.58710020721689, 40.23911350164118], [115.58710207975564, 40.239023434796884], [115.58721960617086, 40.23902486976172], [115.58722147854553, 40.238934802911416], [115.58733900481356, 40.23893623775241], [115.58734087702416, 40.23884617089609], [115.58745840314498, 40.23884760561324], [115.5874602751915, 40.2387575387509], [115.58757780116512, 40.238758973344204], [115.58757967304761, 40.23866890647584], [115.58781472470892, 40.238671775295465], [115.5878165962717, 40.23858170841652], [115.58793412195936, 40.238583142642845], [115.58793599335807, 40.23849307575789], [115.58817104444746, 40.23849594384355], [115.58817291552648, 40.238405876948036], [115.58852549175694, 40.23841017816818], [115.58852736236064, 40.23832011125756], [115.58876241291185, 40.23832297813209], [115.58876428319586, 40.238232911210915], [115.58899933346956, 40.23823577759915], [115.58900120343385, 40.23814571066741], [115.58923625343, 40.238148576569394], [115.58923812307464, 40.2380585096271], [115.5895906976652, 40.238062807571744], [115.58959256683451, 40.23797274061437], [115.58994514103401, 40.23797703747171], [115.58994700972805, 40.23788697049924], [115.59053463278418, 40.237894129519546], [115.59053650069168, 40.23780406252294], [115.59088907415956, 40.237808356489964], [115.59089094159174, 40.237718289478266], [115.59112599030115, 40.2377211515174], [115.5911278574137, 40.23763108449517], [115.59136290584551, 40.23763394604805], [115.5913647726384, 40.23754387901528], [115.59159982079261, 40.237546740081925], [115.59160168726584, 40.237456673038615], [115.59171921119996, 40.23745810338847], [115.59172107750912, 40.23736803633914], [115.59183860129603, 40.23736946656516], [115.59184046744117, 40.23727939950983], [115.59195799108087, 40.23728082961204], [115.59195985706198, 40.2371907625507], [115.59207738055447, 40.23719219252908], [115.5920811121802, 40.23701205839291], [115.59219863536987, 40.237013488242944], [115.59220236665072, 40.23683335409179], [115.59231988953755, 40.236834783813485], [115.59232362047356, 40.23665464964737], [115.59220609789794, 40.23665321993476], [115.59220796350895, 40.23656315285402], [115.59209044109737, 40.236561723026625], [115.59209230685558, 40.23647165594893], [115.59162221791581, 40.2364659354646], [115.59162408428807, 40.23637586840355], [115.5913890401799, 40.236373007454695], [115.59139090685495, 40.236282940401225], [115.59150842874922, 40.23628437093076], [115.59151029526025, 40.23619430387128], [115.59162781700734, 40.236195734277004], [115.59162968335433, 40.236105667211525], [115.59186472656248, 40.236108527656036], [115.59186659258987, 40.23601846058001], [115.59210163552042, 40.23602132053832], [115.59210350122817, 40.23593125345176], [115.59222102255045, 40.23593268324744], [115.59222288809417, 40.235842616154876], [115.59245793045275, 40.23584547537933], [115.59245979567683, 40.235755408276226], [115.59281235881096, 40.235759696204674], [115.59281422355981, 40.23566962908651], [115.59363687007762, 40.23567963004611], [115.59363500641801, 40.23576969719594], [115.59387004866709, 40.23577255354842], [115.5938681853103, 40.235862620705824], [115.59410322790417, 40.235865476590206], [115.59410136485022, 40.23595554375517], [115.59421888631537, 40.235956971522945], [115.59421702340865, 40.23604703869096], [115.59433454503778, 40.23604846634397], [115.59433268227828, 40.236138533515025], [115.594567725873, 40.23614138847221], [115.59456586341629, 40.23623145565083], [115.5951534733281, 40.23623859097884], [115.59515161164107, 40.23632865817857], [115.59550417815571, 40.23633293795745], [115.59550231692712, 40.236423005169264], [115.59573736162339, 40.23642585776777], [115.59573550069767, 40.236515924987124], [115.59597054573871, 40.236518777117496], [115.59596868511582, 40.236608844344424], [115.59608620780455, 40.23661027023518], [115.59608434732891, 40.23670033746515], [115.59620187018162, 40.23670176324113], [115.5962000098532, 40.23679183047413], [115.59631753286993, 40.236793256135336], [115.59631567268873, 40.23688332337139], [115.5971383351299, 40.236893299691225], [115.59714019422177, 40.23680323242358], [115.59737524039774, 40.23680608171801], [115.59737709916998, 40.236716014439885], [115.5974946221149, 40.23671743890365], [115.59749648072314, 40.23662737161952], [115.59761400352082, 40.23662879595948], [115.59761586196507, 40.23653872866936], [115.59773338461552, 40.23654015288552], [115.59773524289577, 40.23645008558941], [115.597852765399, 40.23645150968177], [115.59785462351525, 40.236361442379675], [115.59797214587121, 40.23636286634824], [115.5979740038235, 40.23627279904015], [115.5980915260322, 40.2362742228849], [115.59809338382051, 40.23618415557084], [115.598210905882, 40.2361855792918], [115.59821276350628, 40.23609551197174], [115.59833028542053, 40.236096935568895], [115.59833214288085, 40.23600686824285], [115.59844966464784, 40.23600829171622], [115.59845337923214, 40.23582815705068], [115.5985709006963, 40.23582958039574], [115.59857461493587, 40.235649445715296], [115.59869213609716, 40.235650868932034], [115.59869584999203, 40.23547073423664], [115.5988133708505, 40.23547215732509], [115.59881894116317, 40.23520195525744], [115.59893646156318, 40.23520337821308], [115.59894574447227, 40.234753041381566], [115.59906326410263, 40.23475446419537], [115.59907068965684, 40.23439419468555], [115.59918820867314, 40.234395617362054], [115.59919377728416, 40.23412541520065], [115.59931129584203, 40.234126837744355], [115.59931686391094, 40.23385663555616], [115.5994343820104, 40.23385805796707], [115.59943809370331, 40.23367792315852], [115.59955561149994, 40.233679345441146], [115.59955932284824, 40.233499210617694], [115.59967684034201, 40.23350063277203], [115.59967869584803, 40.23341056535358], [115.59979621319458, 40.23341198738413], [115.59979806853663, 40.23332191995971], [115.59991558573597, 40.23332334186647], [115.59991744091406, 40.23323327443607], [115.60003495796617, 40.23323469621905], [115.6000368129803, 40.23314462878266], [115.60015432988519, 40.23314605044185], [115.6001580395772, 40.23296591555565], [115.60027555617926, 40.23296733708658], [115.60028853874877, 40.232336864906785], [115.6004060542701, 40.232338286286904], [115.60040976318926, 40.232158151356096], [115.60052727840778, 40.232159572607955], [115.60052913269922, 40.23206950513583], [115.60064664777052, 40.23207092626391], [115.60064850189805, 40.23198085878581], [115.60076601682209, 40.23198227979011], [115.6007697247409, 40.23180214482048], [115.60088723936217, 40.23180356569651], [115.60089280071095, 40.231533363217494], [115.60101031487383, 40.231534783960754], [115.60101402208676, 40.23135464895834], [115.60113153594682, 40.23135606957332], [115.6011333893852, 40.231266002065404], [115.60125090309803, 40.231267422556634], [115.60125275637246, 40.231177355042746], [115.60148778351206, 40.23118019565837], [115.60148963646698, 40.231090128134], [115.6019596902241, 40.23109580791602], [115.60196154254835, 40.231005740372204], [115.60254910915474, 40.23101283739366], [115.6025509606928, 40.23092276982588], [115.6032560399624, 40.23093128228879], [115.60325789055865, 40.23084121469257], [115.60361042983938, 40.230845469300405], [115.60361227996056, 40.230755401689244], [115.60372979291526, 40.230756819648825], [115.60373164287252, 40.23066675203168], [115.60384915567997, 40.2306681698675], [115.60385285525838, 40.2304880346198], [115.60397036776301, 40.23048945232738], [115.60397221738414, 40.23039938469682], [115.60408972974153, 40.23040080228065], [115.60409157919875, 40.230310734644135], [115.60432660362741, 40.23031356944499], [115.60432845276516, 40.23022350179801], [115.60468098900398, 40.23022775309133], [115.60467914033293, 40.23031782075177], [115.60479665258478, 40.2303192376155], [115.60479295552885, 40.23049937294092], [115.60491046810016, 40.230500789694354], [115.60490677132206, 40.23068092502285], [115.60514179711194, 40.23068375818987], [115.60513994902153, 40.23077382586087], [115.60537497515591, 40.23077665855978], [115.60537312736835, 40.23086672623828], [115.60560815384717, 40.230869558469074], [115.60560076385813, 40.231229829204196], [115.60548324999225, 40.23122841313049], [115.60547955463662, 40.231408548480225], [115.6053620404679, 40.23140713227827], [115.60535464903435, 40.23176740294206], [115.6054721638254, 40.23176881916196], [115.6054684683698, 40.23194895449397], [115.60558598348034, 40.23195037060356], [115.60558413589564, 40.23204043827183], [115.60570165117008, 40.232041854266626], [115.60569980373263, 40.23213192193791], [115.60581731917098, 40.23213333781792], [115.6058154718808, 40.23222340549222], [115.60593298748306, 40.23222482125744], [115.60593114034012, 40.23231488893473], [115.6060486561063, 40.232316304585154], [115.60604496210664, 40.23249643994429], [115.60616247819233, 40.23249785548441], [115.60615878447054, 40.232677990846604], [115.6062763008757, 40.23267940627641], [115.6062726074318, 40.23285954164167], [115.60639012415648, 40.23286095696117], [115.60638643099044, 40.23304109232947], [115.60650394803466, 40.233042507538656], [115.6065002551465, 40.23322264291003], [115.60661777251019, 40.23322405800889], [115.60659746274195, 40.23421480249519], [115.60647994366666, 40.23421338734702], [115.60647440399738, 40.23448359034429], [115.60635688446364, 40.23448217506339], [115.60635319099795, 40.234662310378546], [115.60623567116131, 40.2346608949694], [115.60623197735114, 40.2348410302697], [115.60611445721162, 40.234839614732294], [115.60609413894859, 40.23583035872901], [115.60621166079981, 40.23583177431572], [115.60620611974734, 40.23610197720636], [115.60632364207373, 40.236103392687234], [115.60630886681244, 40.236823933699824], [115.6061913432411, 40.236822518183104], [115.60618580191388, 40.23709272102501], [115.606068277884, 40.23709130537553], [115.60604610995821, 40.23817211655648], [115.60616363585561, 40.238173532259765], [115.60615994139599, 40.238353667444876], [115.60627746761298, 40.23835508303784], [115.6062756205263, 40.23844515063267], [115.60639314690727, 40.2384465661108], [115.60638945302023, 40.238626701304995], [115.60650697972078, 40.238628116672785], [115.6065051329204, 40.23871818427216], [115.60674018665775, 40.23872101465881], [115.6067383401603, 40.23881108226566], [115.60709092129565, 40.2388153269643], [115.60708907525681, 40.23890539458313], [115.60767671142699, 40.23891246671722], [115.607674866158, 40.239002534356956], [115.60790992099557, 40.239005362384425], [115.60790807602956, 40.23909543003164], [115.60802560361647, 40.2390968438709], [115.60801822429184, 40.23945711446293], [115.60790069608238, 40.23945570060577], [115.60789885107478, 40.239545768245605], [115.60766379436951, 40.23954294016439], [115.60766194904232, 40.239633007793806], [115.60742689205907, 40.23963017922641], [115.60742873769755, 40.23954011160596], [115.60707615275194, 40.239535867873535], [115.60707799884902, 40.23944580026503], [115.60672541444526, 40.23944155547229], [115.60672356788125, 40.239531623067336], [115.60625345483687, 40.23952596165544], [115.60625160764197, 40.23961602923109], [115.60613407924606, 40.239614613575355], [115.60613223188717, 40.239704681145035], [115.60601470334394, 40.23970326536553], [115.60601285582108, 40.23979333292924], [115.60589532713053, 40.23979191702594], [115.60589347944371, 40.2398819845837], [115.60577595060583, 40.2398805685566], [115.60577225489592, 40.240060703658706], [115.60565472575507, 40.240059287503335], [115.60565287773197, 40.24014935504769], [115.60553534844382, 40.24014793876853], [115.60553350025675, 40.240238006306924], [115.60541597082128, 40.24023658990396], [115.60541227411085, 40.24041672496735], [115.60529474437242, 40.24041530843612], [115.60529289584905, 40.2405053759611], [115.60517536596329, 40.24050395930607], [115.60517166858025, 40.24068409434265], [115.60505413839155, 40.24068267755933], [115.60505044066387, 40.24086281258102], [115.60493291017218, 40.24086139566942], [115.60492366492886, 40.24131173317538], [115.60480613366724, 40.241310316122025], [115.60480428443792, 40.2414003836143], [115.60468675302899, 40.24139896643713], [115.604683054234, 40.24157910140828], [115.60456552252211, 40.24157768410283], [115.60456367295646, 40.24166775158171], [115.6044461410972, 40.241666334152455], [115.60443319281457, 40.242296806431746], [115.60455072576343, 40.24229822389241], [115.60454702649041, 40.242478358825046], [115.60466455975893, 40.24247977617539], [115.60466271026557, 40.24256984364396], [115.6047802436981, 40.24257126087947], [115.60477839435207, 40.24266132835107], [115.60489592794859, 40.24266274547173], [115.6048940787499, 40.24275281294636], [115.60501161251041, 40.24275422995218], [115.60500976345904, 40.24284429742981], [115.60524483131644, 40.24284713109251], [115.60524298256807, 40.24293719857763], [115.60536051666496, 40.242938615234486], [115.60535866806391, 40.24302868272262], [115.60571127087152, 40.243032931990705], [115.60570942272916, 40.243122999490836], [115.6061795605453, 40.24312866352908], [115.60617771301729, 40.24321873104566], [115.60676538625319, 40.24322580843116], [115.60676353949523, 40.24331587596867], [115.60699860915922, 40.24331870609658], [115.60699491624096, 40.243498841185094], [115.60687738109345, 40.243497426171835], [115.60687553446618, 40.24358749370939], [115.60675799917134, 40.243586078572335], [115.60675615238006, 40.24367614610395], [115.60663861693786, 40.243674730843075], [115.60663676998259, 40.24376479836871], [115.60651923439302, 40.24376338298403], [115.60651738727375, 40.243853450503714], [115.60616478008804, 40.24384920362031], [115.60616293249339, 40.24393927112506], [115.60592786076656, 40.24393643926386], [115.60592601285225, 40.244026506758175], [115.60580847684562, 40.24402509064411], [115.60580662876731, 40.244115158132466], [115.60568909261333, 40.24411374189457], [115.60568539612035, 40.244293876857874], [115.60556785966335, 40.2442924604917], [115.60556416282567, 40.24447259544013], [115.60568169959403, 40.24447401181528], [115.60567615474204, 40.2447442142403], [115.60579369198574, 40.24474563050957], [115.60578814752583, 40.24501583293476], [115.6059056852449, 40.24501724909817], [115.60590014117707, 40.24528745152352], [115.60601767937156, 40.24528886758104], [115.6060121356958, 40.24555907000656], [115.60612967436568, 40.245560485958215], [115.60612413108203, 40.2458306883839], [115.6062416702273, 40.24583210422967], [115.60623982260512, 40.24592217170642], [115.60612228330413, 40.24592075585615], [115.60610750078125, 40.24664129558117], [115.60598996024305, 40.24663987957571], [115.60598256815886, 40.247000149384846], [115.60610010931987, 40.24700156540825], [115.6060945656364, 40.24727176776306], [115.6062121072728, 40.24727318368056], [115.60620841175357, 40.247453318585336], [115.60632595370973, 40.247454734392484], [115.6063167155444, 40.24790507165102], [115.60619917280971, 40.24790365582145], [115.60619547717384, 40.248083790705564], [115.60607793413605, 40.248082374747696], [115.60607423815546, 40.24826250961693], [115.60595669481461, 40.24826109353075], [115.60595115031408, 40.248531295810075], [115.60583360651442, 40.248529879591096], [115.60582990982768, 40.24871001442763], [115.60571236572488, 40.248708598080334], [115.6057086686934, 40.248888732901975], [115.60559112428753, 40.24888731642637], [115.60558742691124, 40.24906745123314], [115.60546988220229, 40.249066034629216], [115.60546803334593, 40.2491561020259], [115.60535048848958, 40.24915468529814], [115.60534679044044, 40.249334820078104], [115.605229245281, 40.24933340322202], [115.60522739608821, 40.24942347060531], [115.60510985078136, 40.249422053625395], [115.60510800142451, 40.24951212100272], [115.60499045597032, 40.249510703898956], [115.60498675692017, 40.24969083864019], [115.60486921116285, 40.24968942140811], [115.60486736146954, 40.24977948877202], [115.60474981556484, 40.24977807141612], [115.60474611584178, 40.249958206130515], [115.60462856963397, 40.24995678864628], [115.60462116946485, 40.250317058039435], [115.60450362264251, 40.25031564041789], [115.60449992219645, 40.25049577509663], [115.60426482795386, 40.25049293947754], [115.60426297740686, 40.2505830068057], [115.60414543014235, 40.25058158881263], [115.60412877344243, 40.25139219465932], [115.60424632210852, 40.251393612692794], [115.6042444714781, 40.2514836800062], [115.60483221571235, 40.25149076840576], [115.60483406556409, 40.2514007010699], [115.60530426047866, 40.25140636962317], [115.60530610969914, 40.25131630226788], [115.60612895003041, 40.25132621760952], [115.60612710190007, 40.2514162849962], [115.6062446507079, 40.25141770100064], [115.60624280272496, 40.25150776839033], [115.60636035169685, 40.251509184279904], [115.60635111243595, 40.251959521228606], [115.60623356268539, 40.251958105316625], [115.60622986661122, 40.2521382400768], [115.60611231655751, 40.25213682403649], [115.60610862013854, 40.252316958781776], [115.60599106978167, 40.25231554261313], [115.60597997939036, 40.25285594678671], [115.60609753068171, 40.25285736298226], [115.60609383412942, 40.25303749770393], [115.6062113857406, 40.25303891378909], [115.60620953760768, 40.25312898115219], [115.60632708938294, 40.25313039712246], [115.60632524139747, 40.253220464488585], [115.60644279333678, 40.253221880343986], [115.60644094549873, 40.25331194771312], [115.60655849760212, 40.253313363453636], [115.6065566499115, 40.25340343082576], [115.60667420217897, 40.2534048464514], [115.60667235463578, 40.25349491382653], [115.60678990706731, 40.25349632933728], [115.60678805967154, 40.25358639671543], [115.60690561226717, 40.2535878121113], [115.6069037650188, 40.253677879492436], [115.60702131777852, 40.25367929477344], [115.60701762356832, 40.25385942954026], [115.60713517664789, 40.25386084471086], [115.60713332968604, 40.253950912096535], [115.60725088292966, 40.25395232715224], [115.60724718929254, 40.25413246192813], [115.60736474285599, 40.25413387687342], [115.60736104949704, 40.25431401165237], [115.60747860338037, 40.25431542648727], [115.60746937061612, 40.254765763431195], [115.60735181595402, 40.254764348573914], [115.60734627572832, 40.25503455070909], [115.60722872060725, 40.25503313571899], [115.60722502677028, 40.25521327045944], [115.60710747134598, 40.255211855341], [115.6071019300608, 40.25548205742715], [115.60698437417754, 40.2554806421759], [115.60698252691006, 40.255570709530524], [115.60686497087939, 40.255569294155414], [115.60686127600789, 40.25574942885126], [115.60674371967401, 40.2557480133478], [115.60674187207, 40.25583808068903], [115.60662431558868, 40.25583666506172], [115.60662062004413, 40.25601679973076], [115.60650306325958, 40.256015383975125], [115.60650121531904, 40.25610545130295], [115.60638365838706, 40.25610403542345], [115.6063762659185, 40.25646430470205], [115.60625870837175, 40.256462888685235], [115.60625686007803, 40.2565529559967], [115.60637441778054, 40.256554372018016], [115.60636887331663, 40.25682457395703], [115.60648643149479, 40.25682598987241], [115.60648273545543, 40.25700612450002], [115.60660029395348, 40.25700754030498], [115.60659844607709, 40.257097607621056], [115.60683356340975, 40.25710043888181], [115.60683171583658, 40.25719050620536], [115.6077721867466, 40.25720182650905], [115.60775003017409, 40.25828263470674], [115.60786759094474, 40.25828404926124], [115.60786574466538, 40.258374116605935], [115.60798330560013, 40.25837553104553], [115.60798145946823, 40.258465598393215], [115.6080990205671, 40.258467012717915], [115.60809717458267, 40.258557080068606], [115.60821473584562, 40.25855849427838], [115.60821289000867, 40.258648561632086], [115.60833045143576, 40.258649975726954], [115.60832860574627, 40.25874004308364], [115.60844616733748, 40.258741457063614], [115.60844432179546, 40.25883152442331], [115.60856188355076, 40.25883293828837], [115.60856003815624, 40.25892300565106], [115.60867760007565, 40.25892441940122], [115.60867206430949, 40.259194621493876], [115.60878962670462, 40.25919603513807], [115.60878040104033, 40.259646371952016], [115.60889796422276, 40.259647785499205], [115.60889427421041, 40.259827920223415], [115.60901183771276, 40.25982933366016], [115.60900999284989, 40.25991940102451], [115.60912755651638, 40.25992081434634], [115.60912386707733, 40.260100949079586], [115.60924143106372, 40.260102362290965], [115.60923774190303, 40.26028249702726], [115.60935530620932, 40.260283910128194], [115.60935346177232, 40.260373977498595], [115.60947102624276, 40.26037539048462], [115.60946733765539, 40.260555525229954], [115.60958490244575, 40.260556938105516], [115.60957568161083, 40.26100727496538], [115.60969324718856, 40.26100868774392], [115.60969140315244, 40.26109875511595], [115.6098089688943, 40.26110016777956], [115.60980528110875, 40.261280302528114], [115.60992284717051, 40.26128171508129], [115.6099173158973, 40.261551917206454], [115.61003488243483, 40.26155332965365], [115.61002750791079, 40.26191359915111], [115.61014507507988, 40.261915011496775], [115.61013401397936, 40.2624554157255], [115.61001644587532, 40.26245400335298], [115.61001091474536, 40.26272420543399], [115.60989334618218, 40.26272279292864], [115.60989150229975, 40.262812860281564], [115.60977393358905, 40.26281144765234], [115.60977208954249, 40.26290151499929], [115.60965452068427, 40.26290010224619], [115.6096452995476, 40.26335043893648], [115.60976286918495, 40.26335185171195], [115.60975918098372, 40.26353198638668], [115.60999432090668, 40.26353481159728], [115.60999247710527, 40.26362487894138], [115.61011004723504, 40.263626291372034], [115.61010820358112, 40.26371635871914], [115.61034334417731, 40.26371918323117], [115.61034150082673, 40.26380925058572], [115.61057664176782, 40.26381207462908], [115.61057479872062, 40.26390214199111], [115.61069236935944, 40.26390355383814], [115.61069052645978, 40.263993621203156], [115.61092566807403, 40.26399644454795], [115.61092382547773, 40.26408651192043], [115.61115896743685, 40.264089334796516], [115.61115712514392, 40.26417940217646], [115.6112746962918, 40.26418081343985], [115.61127285414638, 40.26427088082279], [115.61139042545838, 40.26427229197124], [115.61138858346052, 40.26436235935717], [115.61150615493666, 40.26436377039068], [115.61150431308633, 40.26445383777961], [115.6116218847266, 40.26445524869818], [115.6116200430238, 40.26454531609009], [115.61173761482823, 40.26454672689371], [115.61173393170937, 40.26472686168206], [115.61185150383378, 40.2647282723752], [115.61184966241773, 40.26481833977161], [115.61196723470628, 40.26481975034981], [115.611963552161, 40.26499988514716], [115.61208112476955, 40.26500129561488], [115.61207560135684, 40.265271497813224], [115.61219317444122, 40.26527290817492], [115.61218765142134, 40.265543110373386], [115.61230522498157, 40.26554452062907], [115.61230154323852, 40.26572465542959], [115.61253669100722, 40.26572747560056], [115.61253485043493, 40.265817543007536], [115.61265242448758, 40.26581895291838], [115.61265058406286, 40.265909020328344], [115.61276815827965, 40.26591043012423], [115.61276631800247, 40.26600049753717], [115.61288389238342, 40.26600190721809], [115.6128820522538, 40.26609197463403], [115.6129996267989, 40.266093384200005], [115.61299778681683, 40.266183451618936], [115.61311536152608, 40.266184861069945], [115.61311352169156, 40.26627492849185], [115.61323109656493, 40.26627633782792], [115.61322741718274, 40.26645647267624], [115.61334499237614, 40.26645788190181], [115.61333027576246, 40.26717842127175], [115.61344785221098, 40.267179830413596], [115.61344233381159, 40.26745003266636], [115.61332475689548, 40.26744862351114], [115.61332107760934, 40.267628758330005], [115.6132035003898, 40.26762734904643], [115.61320166057843, 40.267717416449194], [115.61308408321132, 40.267716007041734], [115.61308040325197, 40.2678961418339], [115.61296282558143, 40.26789473229808], [115.61296098543343, 40.26798479968748], [115.61284340761532, 40.26798339002778], [115.61283972698273, 40.26816352479323], [115.6127221488612, 40.26816211500517], [115.61271846788365, 40.26834224975579], [115.61260088945866, 40.268340839839375], [115.61257880102607, 40.269421648165505], [115.61246122073891, 40.26942023807609], [115.61245937982638, 40.26951030542254], [115.61234179939163, 40.26950889520922], [115.61233811722992, 40.26968902988876], [115.61222053649172, 40.26968761954708], [115.61220948887204, 40.27022802352349], [115.61209190720685, 40.27022661303557], [115.61209006575197, 40.27031668035533], [115.61185490213472, 40.270313859012255], [115.61185306035979, 40.27040392632161], [115.61173547840774, 40.27040251546646], [115.61173179452115, 40.270582650071816], [115.61161421226565, 40.27058123908829], [115.61161237015399, 40.27067130638427], [115.61149478775091, 40.27066989527684], [115.61149294547508, 40.270759962566885], [115.61137536292439, 40.27075855133555], [115.61137352048438, 40.270848618619645], [115.61125593778613, 40.2708472072644], [115.61125409518189, 40.27093727454256], [115.61113651233609, 40.270935863063414], [115.61113466956766, 40.27102593033561], [115.61101708657425, 40.27102451873255], [115.6110134007007, 40.27120465326361], [115.61089581740384, 40.27120324153216], [115.6108939742987, 40.27129330879101], [115.61077639085424, 40.27129189693565], [115.61076717442451, 40.271742233185364], [115.61064959020887, 40.27174082118821], [115.6106477467421, 40.271830888429264], [115.61076533111361, 40.27183230043088], [115.61075242770474, 40.27246277110813], [115.61087001317583, 40.27246418302161], [115.61086632672459, 40.27264431749648], [115.61098391251582, 40.27264572929945], [115.61098206943362, 40.27273579653913], [115.61109965538904, 40.27273720822713], [115.61109044063296, 40.27318754442579], [115.61120802737624, 40.273188956016675], [115.61120249889062, 40.27345915773156], [115.6113200861099, 40.27346056921641], [115.61131271530304, 40.273820838166806], [115.61143030315428, 40.273822249550086], [115.61142661801281, 40.27400238402536], [115.61154420618418, 40.27400379529812], [115.61153683642523, 40.27436406424883], [115.61165442522856, 40.27436547542002], [115.61164889828987, 40.274635677130945], [115.61176648756926, 40.27463708819609], [115.61176464539565, 40.27472715543458], [115.61188223483929, 40.27472856638474], [115.6118803928133, 40.27481863362622], [115.61199798242112, 40.27482004446138], [115.61199614054274, 40.27491011170586], [115.61211373031482, 40.27491152242604], [115.61211188858407, 40.2750015896735], [115.61222947852032, 40.27500300027868], [115.6122276369372, 40.27509306752914], [115.61246281714651, 40.27509588839008], [115.61246097586691, 40.27518595564799], [115.61257856613996, 40.27518736590374], [115.61257672500797, 40.27527743316464], [115.61269431544522, 40.2752788433054], [115.61269247446087, 40.27536891056929], [115.61281006506235, 40.27537032059505], [115.61280822422562, 40.27546038786193], [115.61304340576532, 40.27546320756402], [115.61304156523215, 40.27555327483835], [115.61315915617035, 40.27555468451468], [115.6131573157848, 40.275644751792], [115.61339249799798, 40.27564757079518], [115.61339065791599, 40.27573763807995], [115.61362584047421, 40.27574045661423], [115.61362400069576, 40.27583052390645], [115.61374159214324, 40.27583193299887], [115.61373975251246, 40.27592200029406], [115.61397493574415, 40.27592481812943], [115.61397309641691, 40.27601488543207], [115.61420827999362, 40.276017702798526], [115.61420644096997, 40.27610777010863], [115.61455921686502, 40.276111995275734], [115.61456105542092, 40.27602192795225], [115.61514901463217, 40.276028967485914], [115.61514717685591, 40.27611903483169], [115.61538236091027, 40.27612184981784], [115.61538052343761, 40.27621191717103], [115.61549811563316, 40.276213324489376], [115.61549627830811, 40.27630339184556], [115.61573146303591, 40.27630620613276], [115.61572778898474, 40.276486340858504], [115.61596297436941, 40.27648915468569], [115.61596113764325, 40.27657922205526], [115.61607873050394, 40.27658062879411], [115.61607689392544, 40.27667069616666], [115.61619448695035, 40.276672102790506], [115.6161926505195, 40.27676217016602], [115.61631024370863, 40.27676357667485], [115.61630840742544, 40.27685364405335], [115.61642600077877, 40.276855050447175], [115.61642416464323, 40.27694511782865], [115.61654175816079, 40.276946524107466], [115.61653992217292, 40.27703659149193], [115.6166575158547, 40.277037997655725], [115.61665568001449, 40.27712806504315], [115.61677327386046, 40.27712947109194], [115.6167714381679, 40.27721953848234], [115.61700662619657, 40.27722235023042], [115.61700479080761, 40.27731241762825], [115.6171223849903, 40.277313823327546], [115.61712054974902, 40.27740389072836], [115.61735573845107, 40.27740670177743], [115.6173539035134, 40.27749676918566], [115.61758909256045, 40.27749957976578], [115.61758725792637, 40.27758964718145], [115.61770485261826, 40.27759105229675], [115.61770301813186, 40.27768111971538], [115.6179382078523, 40.27768392959647], [115.61793637366952, 40.27777399702253], [115.61805396869808, 40.277775401788325], [115.61805213466297, 40.27786546921736], [115.61828732505681, 40.27786827839944], [115.61828549132534, 40.277958345835884], [115.61852068206412, 40.27796115454899], [115.61851884863626, 40.27805122199285], [115.61863644417399, 40.27805262617464], [115.61863461089382, 40.27814269362148], [115.61886980230598, 40.27814550163555], [115.61886796932944, 40.278235569089794], [115.61910316108657, 40.27823837663487], [115.61910132841363, 40.27832844409652], [115.61921892446055, 40.2783298476943], [115.6192170919353, 40.278419915158935], [115.61945228436579, 40.27842272200497], [115.61945045214419, 40.27851278947701], [115.6195680485278, 40.27851419272526], [115.61956621645386, 40.27860426020027], [115.61968381300169, 40.27860566333349], [115.61968198107547, 40.27869573081147], [115.61979957778746, 40.27869713382967], [115.61979774600894, 40.2787872013106], [115.61991534288515, 40.278788604213766], [115.61991351125431, 40.27887867169767], [115.62014870534345, 40.27888147715445], [115.62014687401624, 40.27897154464578], [115.62026447122916, 40.2789729471994], [115.62026264004966, 40.279063014693676], [115.62038023742676, 40.279064417132275], [115.62037840639496, 40.27915448462952], [115.62061360148589, 40.279157289157155], [115.62061177075775, 40.2792473566618], [115.62072936847153, 40.279248758750846], [115.62072570730238, 40.27942889376461], [115.62084330533634, 40.27943029574306], [115.62084147489536, 40.27952036325216], [115.6209590730935, 40.279521765115575], [115.6209554124987, 40.279701900138235], [115.62107301101703, 40.279703301891054], [115.62106935070112, 40.279883436916684], [115.62118694953963, 40.2798848385589], [115.62118511952525, 40.27997490607394], [115.62130271852799, 40.2799763076011], [115.62130088866131, 40.280066375119105], [115.62141848782825, 40.28006777653123], [115.6214166581093, 40.280157844052205], [115.62165185677983, 40.28016064652691], [115.62165002736457, 40.28025071405526], [115.62176762686816, 40.28025211511783], [115.62176579760062, 40.28034218264915], [115.62188339726843, 40.28034358359668], [115.62188156814858, 40.28043365113098], [115.62199916798062, 40.28043505196345], [115.6219973390085, 40.28052511950069], [115.62211493900475, 40.280526520218125], [115.62211311018034, 40.28061658775833], [115.6222307103408, 40.28061798836072], [115.62222888166413, 40.28070805590387], [115.62234648198879, 40.280709456391214], [115.62234282492264, 40.280889591481994], [115.62246042556747, 40.28089099185872], [115.62245859717801, 40.28098105940632], [115.62257619798706, 40.28098245966799], [115.62257254149532, 40.28116259476766], [115.62269014262455, 40.281163994918714], [115.6226864864118, 40.28134413002133], [115.62280408786123, 40.281345530061785], [115.62280043192743, 40.281525665167365], [115.62291803369703, 40.28152706509719], [115.62291437804221, 40.28170720020573], [115.62303198013203, 40.28170860002494], [115.6230283247562, 40.28188873513645], [115.62314592716622, 40.28189013484504], [115.62314227206937, 40.2820702699595], [115.62325987479957, 40.28207166955746], [115.62325621998173, 40.28225180467491], [115.62337382303213, 40.282253204162224], [115.623361032002, 40.2828836770578], [115.62347863615251, 40.28288507645666], [115.62346950023519, 40.2833354142171], [115.62335189530472, 40.283334014796075], [115.62332265648917, 40.28477509531074], [115.62344026391553, 40.28477649480266], [115.62343295450606, 40.28513676489003], [115.62355056256466, 40.28513816428016], [115.62354690812246, 40.28531829932386], [115.62366451650131, 40.28531969860335], [115.62366268942388, 40.28540976612743], [115.62378029796697, 40.28541116529185], [115.62377847103728, 40.28550123281887], [115.62389607974461, 40.285502631868226], [115.6238942529627, 40.285592699398215], [115.62401186183428, 40.28559409833249], [115.62401003520016, 40.28568416586541], [115.62412764423597, 40.28568556468461], [115.6241258177496, 40.2857756322205], [115.62424342694966, 40.28577703092463], [115.62424160061107, 40.28586709846347], [115.62435920997535, 40.285868497052526], [115.62435738378454, 40.285958564594324], [115.6244749933131, 40.28595996306831], [115.62447316727004, 40.28605003061305], [115.62459077696283, 40.28605142897195], [115.62458895106757, 40.28614149651964], [115.6247065609246, 40.28614289476347], [115.6247047351771, 40.286232962314116], [115.62482234519837, 40.28623436044287], [115.62481869399072, 40.28641449554859], [115.62493630433225, 40.2864158935667], [115.6249326534037, 40.28659602867537], [115.62505026406548, 40.2865974265828], [115.62504661341603, 40.286777561694436], [115.62516422439808, 40.28677895949122], [115.62515874883023, 40.287049162160876], [115.62527636028855, 40.28705055985143], [115.62527271018088, 40.287230694966], [115.62539032195949, 40.28723209254589], [115.6253848472043, 40.28750229521997], [115.62550245945917, 40.28750369269364], [115.62549698509802, 40.28777389536771], [115.62561459782918, 40.28777529273513], [115.62561094852599, 40.28795542785266], [115.62572856157745, 40.28795682510942], [115.62572491255337, 40.288136960229885], [115.62584252592511, 40.28813835737597], [115.6258388771802, 40.28831849249939], [115.6259564908722, 40.288319889534826], [115.62595101816123, 40.28859009222215], [115.62606863232955, 40.28859148915133], [115.62606498412649, 40.288771624277686], [115.6261825986151, 40.288773021096205], [115.62617712671691, 40.289043223787935], [115.62629474168185, 40.2890446205002], [115.62628927017775, 40.28931482319193], [115.62640688561903, 40.28931621979794], [115.62639776706125, 40.2897665576101], [115.62651538329092, 40.28976795411869], [115.62650626530775, 40.290218291916084], [115.62662388232586, 40.29021968832728], [115.62661111789636, 40.290850161212596], [115.62672873601501, 40.29085155753522], [115.62671597227498, 40.29148203037921], [115.62683359149419, 40.29148342661323], [115.62682447507062, 40.291933764336804], [115.62694209507833, 40.29193516047341], [115.62693662559371, 40.29220536310311], [115.62705424607782, 40.29220675913344], [115.62705060002575, 40.29238689422137], [115.62716822083021, 40.29238829014101], [115.62716639794789, 40.292478357687195], [115.62728401891663, 40.292479753491726], [115.62728219618216, 40.29256982104084], [115.62739981731518, 40.29257121673026], [115.62739434953065, 40.292841419382015], [115.62751197114007, 40.292842814965155], [115.62750832622143, 40.29302295006779], [115.62762594815119, 40.29302434554024], [115.6276223035118, 40.2932044806458], [115.62773992576194, 40.29320587600754], [115.62773628140181, 40.29338601111605], [115.62785390397228, 40.2933874063671], [115.62785025989142, 40.29356754147854], [115.62796788278224, 40.293568936618875], [115.62796606088557, 40.29365900417682], [115.62808368394066, 40.29366039920203], [115.6280800404348, 40.29384053432229], [115.62819766381027, 40.293841929236805], [115.62819219895808, 40.29411213191939], [115.62830982280997, 40.29411352672761], [115.62830253684967, 40.29447379696806], [115.62842016133409, 40.294475191674415], [115.62841287586672, 40.29483546190893], [115.62853050098364, 40.2948368565134], [115.62852321600917, 40.29519712674197], [115.62864084175862, 40.295198521244565], [115.62863537840981, 40.29546872391376], [115.62875300463574, 40.29547011831005], [115.62874572067999, 40.29583038853265], [115.62886334753847, 40.29583178282705], [115.62885606407569, 40.296192053043704], [115.62897369156676, 40.29619344723622], [115.62896458783399, 40.296643784995915], [115.62908221611372, 40.29664517909096], [115.62907675424383, 40.29691538174232], [115.62919438300005, 40.29691677573105], [115.62912701963833, 40.30024927416974], [115.62924465417882, 40.3002506682022], [115.62922826820181, 40.30106127566494], [115.62934590415563, 40.301062669617565], [115.62932405702537, 40.30214347943501], [115.62920641919797, 40.30214208542944], [115.62920095676228, 40.30241228783738], [115.62908331847466, 40.302410893698976], [115.62907967649753, 40.30259102862139], [115.62896203790588, 40.302589634354604], [115.62895839558361, 40.302769769262305], [115.62884075668788, 40.30276837486712], [115.62883893535827, 40.30285844231433], [115.62872129631461, 40.30285704779516], [115.62871947482067, 40.30294711523647], [115.62860183562907, 40.3029457205933], [115.62859819230424, 40.303125855462696], [115.62848055280857, 40.30312446069112], [115.6284769091386, 40.303304595545804], [115.62835926933884, 40.30330320064581], [115.62835380330382, 40.30357340290351], [115.62823616304387, 40.30357200787069], [115.62823069646645, 40.30384221010186], [115.62811305574624, 40.3038408149362], [115.6281094110079, 40.30402094974079], [115.62799176998364, 40.304019554446725], [115.62798812490011, 40.304199689236576], [115.62787048357177, 40.30419829381409], [115.62786501541639, 40.30446849597453], [115.62774737362778, 40.30446710041922], [115.6277346132178, 40.305097572044374], [115.62785225609947, 40.305098967630606], [115.62785043330705, 40.30518903500414], [115.62808571940742, 40.305191825826704], [115.62808389691911, 40.305281893207614], [115.62831918336468, 40.305284683560664], [115.62831736118042, 40.305374750948914], [115.6285526479712, 40.30537754083245], [115.62855082609109, 40.30546760822808], [115.62878611322705, 40.3054703976421], [115.62878429165102, 40.305560465045076], [115.62901957913216, 40.30556325398958], [115.62901775786027, 40.3056533213999], [115.62913540176932, 40.305654715697194], [115.62913358064539, 40.305744783110455], [115.6292512247188, 40.30574617729258], [115.6292475827586, 40.3059263121235], [115.62936522715259, 40.305927706194865], [115.62936158547186, 40.30610784102873], [115.62947923018638, 40.306109234989314], [115.62947558878514, 40.306289369826096], [115.62959323382022, 40.306290763675925], [115.62959141326346, 40.30638083109651], [115.62970905846292, 40.30638222483116], [115.62970723805411, 40.3064722922547], [115.62982488341794, 40.306473685874174], [115.6298230631571, 40.30656375330064], [115.62994070868531, 40.30656514680493], [115.62993888857244, 40.30665521423434], [115.63005653426502, 40.30665660762344], [115.6300547143001, 40.306746675055784], [115.63017236015708, 40.30674806832972], [115.63017054034016, 40.30683813576499], [115.6302881863615, 40.30683952892373], [115.6302863666925, 40.30692959636195], [115.63040401287824, 40.306930989405515], [115.63040219335724, 40.30702105684667], [115.63051983970735, 40.30702244977505], [115.63051802033432, 40.307112517219124], [115.63075331337149, 40.30711530272593], [115.6307514943026, 40.30720537017735], [115.63098678768496, 40.3072081552146], [115.63098496892022, 40.30729822267337], [115.63145555640806, 40.30730379133036], [115.63145373825982, 40.307393858805284], [115.63180667943033, 40.3073980340555], [115.63180486174242, 40.30748810154216], [115.63215780345524, 40.30749227572925], [115.6321559862277, 40.30758234322766], [115.63227363363788, 40.30758373438856], [115.63227181655832, 40.307673801889884], [115.63250711171561, 40.30767658386172], [115.63250529494023, 40.30776665137038], [115.63274059044265, 40.307769432872625], [115.63273877397144, 40.30785950038863], [115.63297406981899, 40.30786228142129], [115.63297225365194, 40.30795234894462], [115.63308990174419, 40.30795373928596], [115.63308808572513, 40.308043806812215], [115.63344103051956, 40.30804797713185], [115.63343921496089, 40.308138044669825], [115.6336745118438, 40.308140824293716], [115.63367269658931, 40.30823089183903], [115.63379034519922, 40.30823228147598], [115.63378853009272, 40.30832234902422], [115.63390617886702, 40.308323738545965], [115.63390436390851, 40.308413806097114], [115.63402201284718, 40.30841519550366], [115.63402019803668, 40.30850526305775], [115.63413784713973, 40.308506652349095], [115.63413603247723, 40.3085967199061], [115.63437133102023, 40.30859949813878], [115.63436951666193, 40.3086895657031], [115.63460481555006, 40.308692343466184], [115.63460300149595, 40.30878241103784], [115.63530889929378, 40.30879074148304], [115.63530708616864, 40.30888080907957], [115.63554238581239, 40.30888358494661], [115.63554419862515, 40.30879351734127], [115.63625009681543, 40.3088018420456], [115.6362519086829, 40.30871177441244], [115.63660485741977, 40.308715935136796], [115.63660666881047, 40.30862586748899], [115.63684196769685, 40.30862864069845], [115.63684377876703, 40.308538573040394], [115.63719672668931, 40.308542731944414], [115.63719853728273, 40.30845266427172], [115.63743383562603, 40.308455436267614], [115.63743564589892, 40.30836536858467], [115.63767094396248, 40.30836814009338], [115.63767275391483, 40.308278072400185], [115.6379080516987, 40.308280843421734], [115.6379098613305, 40.30819077571829], [115.63814515883462, 40.30819354625266], [115.63814696814592, 40.308103478538975], [115.63849991399472, 40.30810763343039], [115.63850172282928, 40.30801756570208], [115.63967820796027, 40.30803140752236], [115.63967640068758, 40.30812147529448], [115.640735239408, 40.30813392274642], [115.64073343353284, 40.308223990556485], [115.64155697630923, 40.30823366524104], [115.64155517151922, 40.30832373308026], [115.64179046984098, 40.30832649620819], [115.64178866535522, 40.30841656405469], [115.64214161336746, 40.30842070786271], [115.6421398093421, 40.30851077572083], [115.64237510836998, 40.30851353767026], [115.6423733046489, 40.30860360553566], [115.6426086040217, 40.308606367015415], [115.64260680060485, 40.30869643488809], [115.64284210032255, 40.30869919589818], [115.64284029720997, 40.30878926377812], [115.6430755972726, 40.30879202431853], [115.64307379446426, 40.30888209220575], [115.64319144466397, 40.30888347230092], [115.64318964200369, 40.30897354019102], [115.64330729236771, 40.30897492017096], [115.64330368733516, 40.309155055955486], [115.6434213380197, 40.309156435824555], [115.64341953564744, 40.30924650371897], [115.6435371864963, 40.309247883472814], [115.64353358203977, 40.30942801926597], [115.64365123320916, 40.30942939890893], [115.643645826932, 40.30969960260071], [115.6437634785781, 40.30970098213717], [115.64375627071958, 40.31006125372306], [115.64387392299862, 40.310062633157386], [115.643870319333, 40.31024276895021], [115.64398797193257, 40.31024414827366], [115.64398436854688, 40.31042428406934], [115.64410202146698, 40.310425663281904], [115.6440966167961, 40.31069586697747], [115.64421427019296, 40.31069724608352], [115.64421246877595, 40.31078731398347], [115.64433012233714, 40.310788692974285], [115.64432651979116, 40.31096882877846], [115.64444417367291, 40.3109702076584], [115.64444237254396, 40.311060275562646], [115.64456002659, 40.31106165432733], [115.64455822560915, 40.31115172223448], [115.64467587981953, 40.31115310088391], [115.64467407898675, 40.31124316879394], [115.64479173336149, 40.31124454732812], [115.64478993267679, 40.311334615241044], [115.64502524176302, 40.311337371959304], [115.64502344138265, 40.31142743987948], [115.64525875081378, 40.311430196128015], [115.64525695073772, 40.311520264055446], [115.64549226051376, 40.31152301983423], [115.64549046074198, 40.31161308776891], [115.64572577086292, 40.31161584307799], [115.64572397139548, 40.31170591101991], [115.64607693710639, 40.31171004309947], [115.64607513809949, 40.31180011105302], [115.64631044892641, 40.31180286518336], [115.64630865022383, 40.31189293314414], [115.64654396139565, 40.311895686804746], [115.64654216299739, 40.31198575477276], [115.64665981875167, 40.311987131428], [115.64665802050152, 40.31207719939891], [115.64689333234688, 40.312079952359234], [115.64689153440105, 40.3121700203374], [115.64700919049211, 40.3121713966425], [115.64700739269439, 40.312261464623525], [115.64712504894976, 40.312262840813354], [115.64712325130019, 40.31235290879729], [115.64724090771989, 40.312354284871866], [115.64723911021841, 40.312444352858655], [115.6474744233946, 40.312447104657664], [115.64747262619744, 40.3125371726517], [115.64759028295391, 40.31253854837613], [115.6475884859049, 40.312628616373054], [115.6477061428257, 40.31262999198222], [115.64770254901578, 40.31281012798035], [115.6479378635066, 40.312812878857244], [115.64793427028914, 40.31299301486689], [115.64816958543729, 40.31299576528273], [115.64816778912886, 40.313085833294046], [115.64828544687131, 40.31308720832688], [115.64828365071102, 40.313177276341094], [115.64840130861779, 40.313178651258646], [115.64839951260564, 40.31326871927574], [115.64851717067673, 40.31327009407802], [115.64851537481269, 40.313360162097986], [115.64863303304813, 40.313361536785], [115.64863123733221, 40.313451604807845], [115.64874889573197, 40.3134529793796], [115.6487471001642, 40.313543047405325], [115.64886475872828, 40.3135444218618], [115.64886296330866, 40.31363448989041], [115.64909828077357, 40.31363723845319], [115.6490964856583, 40.313727306489014], [115.64921414455914, 40.313728680595325], [115.649212349592, 40.313818748634034], [115.64944766773044, 40.31382149649647], [115.64944587306768, 40.3139115645424], [115.64968119155095, 40.313914311935044], [115.64968298590124, 40.31382424388042], [115.65015362233996, 40.313829737212814], [115.65015541605722, 40.313739669139316], [115.65027307503088, 40.313741042169], [115.65027666212869, 40.31356090600891], [115.65039432079799, 40.31356227891029], [115.65039611417852, 40.31347221082367], [115.65051377269968, 40.31347358360107], [115.6505155659159, 40.31338351550866], [115.65063322428891, 40.313384888162105], [115.65063143122893, 40.31347495625886], [115.65074908976624, 40.31347632879701], [115.65074729685438, 40.313566396896654], [115.65086495555605, 40.31356776931953], [115.65086137002056, 40.31374790552308], [115.65074371100646, 40.3137465330915], [115.65074012512616, 40.31392666928046], [115.65062246580767, 40.31392529672058], [115.65061529332513, 40.31428556906346], [115.65073295326854, 40.31428694164072], [115.65072757429043, 40.31455714589545], [115.65084523471067, 40.314558518366105], [115.65084164899733, 40.31473865453726], [115.65095930973813, 40.31474002689698], [115.65095572430488, 40.314920163070916], [115.65107338536626, 40.314921535319705], [115.65107159279376, 40.315011603408806], [115.65118925401946, 40.3150129755423], [115.65118746159514, 40.31510304363428], [115.65130512298515, 40.31510441565249], [115.65130333070898, 40.315194483747334], [115.65153865382577, 40.31519722743356], [115.65153686185398, 40.31528729553561], [115.65294880310829, 40.31530374765601], [115.65295059320512, 40.31521367950187], [115.65318591654805, 40.315216419838414], [115.65318770632432, 40.31512635167414], [115.65330536785166, 40.31512772165862], [115.65330715746362, 40.31503765348853], [115.65342481884277, 40.315039023349065], [115.65342660829042, 40.31494895517315], [115.6535442695214, 40.31495032490971], [115.6535460588047, 40.31486025672799], [115.65366371988752, 40.31486162634058], [115.65366729811747, 40.31468148996407], [115.65378495889587, 40.314682859448354], [115.65379032571155, 40.314412654859524], [115.65390798602928, 40.31441402421119], [115.6539115635536, 40.314233887802594], [115.65402922356695, 40.314235257025956], [115.65403280074649, 40.31405512060281], [115.65426812017242, 40.31405785867331], [115.65426990843763, 40.31396779045086], [115.65450522758336, 40.31397052803419], [115.65450701552803, 40.3138804598016], [115.65462467495672, 40.3138818284095], [115.65462825050943, 40.313701691931236], [115.65474590963375, 40.31370306041084], [115.6547494848417, 40.31352292391802], [115.6548671436616, 40.31352429226933], [115.65486893109727, 40.31343422401639], [115.65498658976901, 40.31343559224374], [115.65499016430368, 40.31325545572477], [115.655107822671, 40.31325682382384], [115.65510960977002, 40.3131667555578], [115.65522726798918, 40.313168123532925], [115.65522905492391, 40.3130780552611], [115.6553467129949, 40.31307942311226], [115.65534849976535, 40.312989354834635], [115.65546615768818, 40.312990722561835], [115.65546794429432, 40.31290065427841], [115.65570325985169, 40.3129033893653], [115.65570504613733, 40.31281332107173], [115.6560580190651, 40.31281742279194], [115.65605087574895, 40.3131776960093], [115.65593321747339, 40.313176328871535], [115.65592607340344, 40.31353660204803], [115.655808414511, 40.31353523477335], [115.65579055220996, 40.31443591756823], [115.65590821266474, 40.31443728488621], [115.65589392349382, 40.31515783105074], [115.65577626178909, 40.315156463698145], [115.65577447545024, 40.31524653195774], [115.65565681359729, 40.315245164481176], [115.65565502709413, 40.31533523273499], [115.65553736509301, 40.31533386513446], [115.65553557842556, 40.31542393338247], [115.65541791627625, 40.31542256565798], [115.65541434260463, 40.31560270214092], [115.65529668015088, 40.31560133428815], [115.65528417095265, 40.31623181190173], [115.65540183450017, 40.316233179784824], [115.65540004759586, 40.316323248013774], [115.65551771130768, 40.31632461578156], [115.65551592455158, 40.31641468401337], [115.65563358842772, 40.31641605166585], [115.65563180181981, 40.31650611990052], [115.65574946586024, 40.31650748743769], [115.65574767940053, 40.316597555675216], [115.65586534360529, 40.316598923097075], [115.65586355729377, 40.31668899133746], [115.65598122166284, 40.316690358644], [115.65597943549955, 40.31678042688724], [115.65621476457437, 40.316783161150084], [115.65621119284862, 40.31696329764946], [115.65632885771063, 40.316964664610076], [115.65632707199194, 40.31705473286188], [115.65644473701828, 40.31705609970719], [115.65644295144777, 40.317146167961845], [115.65656061663843, 40.31714753469184], [115.65655883121615, 40.31723760294934], [115.6566764965711, 40.31723896956402], [115.65667471129701, 40.31732903782439], [115.65679237681628, 40.31733040432376], [115.65679059169042, 40.31742047258698], [115.65702592306565, 40.31742320523544], [115.65702413824425, 40.31751327350584], [115.65725946996419, 40.31751600568438], [115.65725768544729, 40.31760607396196], [115.65784601566928, 40.317612902336215], [115.65784423192567, 40.317702970633924], [115.65819723062421, 40.317707066235734], [115.65819544734134, 40.31779713454494], [115.65878377944775, 40.317803958176704], [115.65878199693817, 40.31789402650605], [115.65984099664252, 40.31790630154458], [115.6598392155313, 40.3179963699113], [115.66042754976291, 40.31800318521119], [115.66042576942503, 40.318093253598015], [115.66077877052918, 40.31809734135516], [115.66077699065204, 40.318187409753456], [115.66112999229725, 40.31819149644674], [115.66112821288093, 40.31828156485649], [115.66148121506713, 40.3182856504859], [115.6614794361116, 40.31837571890713], [115.66195010643065, 40.3183811647552], [115.66194832809221, 40.3184712331922], [115.6621836636124, 40.318473955406986], [115.66218188557846, 40.31856402385112], [115.66229955350686, 40.31856538478335], [115.66229777562117, 40.318655453230306], [115.66253311181455, 40.318658174744435], [115.6625313342334, 40.318748243198556], [115.66276667077143, 40.3187509642427], [115.66276489349482, 40.318841032703965], [115.66288256193214, 40.31884239305088], [115.66288078480378, 40.31893246151498], [115.6632337906326, 40.318936541850746], [115.66323201396507, 40.31902661032628], [115.66346735153691, 40.31902932996049], [115.66346557517392, 40.31911939844316], [115.66358324412813, 40.319120758085106], [115.66358146791343, 40.31921082657061], [115.66381680615844, 40.31921354550414], [115.66381503024827, 40.31930361399677], [115.66393269953906, 40.31930497328837], [115.66393092377717, 40.31939504178385], [115.66404859323225, 40.319396400960095], [115.66404681761863, 40.31948646945839], [115.66416448723801, 40.3194878285193], [115.66416271177265, 40.31957789702043], [115.66428038155632, 40.31957925596596], [115.66427860623925, 40.31966932446994], [115.66439627618722, 40.319670683300146], [115.6643945010184, 40.31976075180693], [115.66451217113064, 40.31976211052177], [115.66451039611013, 40.31985217903141], [115.66462806638665, 40.319853537630905], [115.66462629151442, 40.319943606143354], [115.66603833733254, 40.319959900056], [115.66604011032936, 40.319869831491964], [115.66698147359762, 40.319880684493775], [115.66698324533617, 40.319790615893915], [115.66721858592058, 40.31979332793926], [115.6672168144946, 40.3198833965477], [115.66756982589999, 40.31988746373118], [115.66756805493488, 40.31997753235104], [115.6676857255756, 40.31997888784385], [115.66768395475879, 40.320068956466514], [115.66780162556377, 40.32007031184396], [115.66779985489526, 40.320160380469446], [115.6680351968418, 40.32016309087396], [115.66803342647786, 40.320253159506564], [115.6683864399264, 40.32025722422879], [115.66838467002336, 40.320347292872796], [115.66873768401261, 40.320351356531006], [115.66873591457045, 40.32044142518638], [115.66897125758244, 40.32044413370214], [115.66896948844489, 40.32053420236463], [115.66908716011913, 40.32053555644732], [115.66908539112988, 40.32062562511261], [115.66932073481492, 40.3206283329276], [115.66931896613026, 40.3207184016], [115.66943663814104, 40.32071975533229], [115.6694348696047, 40.320809824007505], [115.66955254177975, 40.32081117762442], [115.66955077339175, 40.320901246302455], [115.66978611807832, 40.32090395318588], [115.66978434999494, 40.32099402187101], [115.67001969502601, 40.32099672828438], [115.67001792724723, 40.321086796976594], [115.67037094532252, 40.32109085571205], [115.67036917800466, 40.32118092441566], [115.67060452374062, 40.32118362964957], [115.67060275672739, 40.32127369836027], [115.67083810280783, 40.3212764031241], [115.67083633609921, 40.321366471841884], [115.67107168252413, 40.32136917613564], [115.67106991612016, 40.32145924486051], [115.6713052628895, 40.321461948684195], [115.67130349679016, 40.32155201741616], [115.67142117034311, 40.32155336915278], [115.67141940439208, 40.32164343788755], [115.67165475183445, 40.32164614101038], [115.67165298618808, 40.32173620975225], [115.67177066007748, 40.321737561138455], [115.67176712907344, 40.32191769862629], [115.67188480328343, 40.32191904990138], [115.67188127256014, 40.32209918739191], [115.6719989470907, 40.3221005385559], [115.67199541664817, 40.322280676049104], [115.67211309149931, 40.32228202710198], [115.6721113264224, 40.32237209585063], [115.6722290014378, 40.322373446788134], [115.67222370662826, 40.32264365303813], [115.67245905762077, 40.322646354579774], [115.67245552833317, 40.32282649208953], [115.67269087998277, 40.32282919316961], [115.67268911563966, 40.32291926193083], [115.67292446763369, 40.322921962540796], [115.67292270359525, 40.32301203130909], [115.67304037976051, 40.32301338143884], [115.6730386158704, 40.32310345020994], [115.67339164488288, 40.32310749989403], [115.67338988145376, 40.323197568676484], [115.6740959406313, 40.32320566483925], [115.67409770312256, 40.32311559603115], [115.67433305593269, 40.323118293786194], [115.67433481810336, 40.323028224968105], [115.67457017063268, 40.32303092223594], [115.67457193248278, 40.322940853407836], [115.67468960860306, 40.32294220185798], [115.67469137028888, 40.32285213302414], [115.6748090462608, 40.32285348135035], [115.674823138211, 40.322132930592545], [115.67494081294039, 40.32213427876495], [115.67494257424211, 40.32204420990934], [115.67506024882313, 40.32204555795781], [115.6750620099606, 40.321955489096446], [115.67517968439329, 40.321956837020984], [115.67518144536649, 40.32186676815391], [115.6752991196508, 40.321868115954516], [115.67530088045979, 40.3217780470817], [115.6755362287396, 40.32178074231539], [115.67553798922805, 40.321690673432556], [115.67589101123842, 40.321694715372836], [115.67589277125003, 40.321604646475755], [115.67624579286294, 40.32160868732628], [115.6762475523977, 40.32151861841493], [115.67671824736746, 40.321524004523326], [115.6767200062691, 40.32143393559345], [115.67719070074061, 40.32143931977021], [115.67719245900908, 40.321349250821825], [115.67742780597982, 40.32135194218372], [115.67742956392779, 40.32126187322534], [115.67766491061765, 40.32126456410007], [115.67766666824507, 40.321174495131714], [115.67790201465404, 40.32117718551928], [115.67790377196093, 40.32108711654093], [115.67802144502102, 40.321088461550964], [115.6780267164253, 40.3208182545943], [115.6781443890244, 40.32081959947191], [115.67814790294169, 40.320639461484944], [115.67826557523615, 40.32064080623438], [115.67826733202662, 40.32055073723443], [115.6783850041727, 40.320552081859944], [115.67838676079894, 40.32046201285427], [115.67850443279667, 40.320463357355884], [115.6785061892587, 40.32037328834448], [115.67885920483047, 40.320377321118585], [115.6788609608157, 40.32028725209294], [115.67933164773042, 40.32029262743288], [115.67933340308258, 40.32020255838875], [115.67968641788286, 40.32020658862455], [115.67968466299958, 40.32029665768143], [115.67992000655194, 40.32029934391552], [115.67991825197332, 40.32038941297944], [115.68003592391767, 40.320390755921245], [115.68002715168736, 40.32084110124003], [115.68014482442109, 40.32084244408343], [115.68013780711958, 40.321202720329005], [115.68025548048642, 40.32120406306975], [115.68025021789612, 40.32147427025125], [115.68013254406038, 40.32147292749775], [115.68012903531469, 40.32165306560289], [115.68001136117427, 40.32165172272123], [115.68000785208432, 40.321831860812], [115.67989017763922, 40.32183051780216], [115.67988666820501, 40.32201065587853], [115.68000434296272, 40.32201199889686], [115.67999907922098, 40.32228220601315], [115.67988140399433, 40.32228086298207], [115.67987789448098, 40.322461001043756], [115.67976021894964, 40.32245965788449], [115.67975846402477, 40.32254972690886], [115.67964078834504, 40.322548383625694], [115.67963903325595, 40.32263845264435], [115.67940368160761, 40.32263576571049], [115.67940543700932, 40.322545696700345], [115.67928776135332, 40.32254435305817], [115.67928951690344, 40.322454284050814], [115.67917184141167, 40.32245294029323], [115.67917359711015, 40.32236287128864], [115.67893824646302, 40.32236018342298], [115.67894000246619, 40.32227011442542], [115.67882232731081, 40.322268770317365], [115.6788205711513, 40.32235883931065], [115.67870289584754, 40.32235749507866], [115.67870113952382, 40.32244756406622], [115.67846578862743, 40.32244487523474], [115.67846403198317, 40.322534944212315], [115.67811100522908, 40.322530910054816], [115.67810924810799, 40.32262097901816], [115.67728551819832, 40.322611561765875], [115.67728375997513, 40.32270163069794], [115.6770484083311, 40.322698938968905], [115.67704664978736, 40.32278900789098], [115.67692897382094, 40.32278766184271], [115.67692721511294, 40.32287773075905], [115.67680953899813, 40.32287638458684], [115.67680602124572, 40.32305652240659], [115.67668834482623, 40.323055176106195], [115.67668306766919, 40.323325382811994], [115.67656539078868, 40.323324036379155], [115.67654955748226, 40.3241346563788], [115.67643187920284, 40.32413330978792], [115.6764213223702, 40.324673723029264], [115.67653900158757, 40.324675069645714], [115.67653724224402, 40.32476513851838], [115.67665492162564, 40.324766485019424], [115.67664612557049, 40.32521682938205], [115.67652844540723, 40.3252154828597], [115.67652492661698, 40.325395620585915], [115.67640724614897, 40.325394273935366], [115.67640020784789, 40.32575454935312], [115.6762825267625, 40.32575320256583], [115.67627724748436, 40.32602340910093], [115.67639492903878, 40.326024755900995], [115.6763896501582, 40.32629496243564], [115.67650733218953, 40.326296309128814], [115.67649853467822, 40.326746653345126], [115.67661621749919, 40.326747999939954], [115.6766109393662, 40.32701820646487], [115.67672862266413, 40.32701955295279], [115.67672510418183, 40.32719969063725], [115.67684278780038, 40.327201037014014], [115.67683751048642, 40.32747124354245], [115.67695519458196, 40.32747258981232], [115.67695343561779, 40.32756265865645], [115.6770711198776, 40.32756400481088], [115.67706760223817, 40.327744142503256], [115.6771852868186, 40.327745488546526], [115.67718352814333, 40.32783555739478], [115.67730121288805, 40.32783690332261], [115.67729769582641, 40.3280170410232], [115.67741538089177, 40.32801838683987], [115.67741362250541, 40.32810845569223], [115.67753130773504, 40.32810980139348], [115.67752603299743, 40.328380007954486], [115.67764371870406, 40.32838135354883], [115.67763668623498, 40.32874162895995], [115.67751899990292, 40.32874028334858], [115.67751548330808, 40.32892042103682], [115.67763316995284, 40.328921766656705], [115.67762613729346, 40.32928204203256], [115.67774382457159, 40.329283387549786], [115.67774030850704, 40.329463525237394], [115.67785799610584, 40.329464870643456], [115.6778544803223, 40.3296450083337], [115.67797216824172, 40.329646353628576], [115.6779686527392, 40.32982649132148], [115.67808634097932, 40.329827836505174], [115.67808458337252, 40.32991790535367], [115.67820227177691, 40.32991925042193], [115.67820051431858, 40.3300093192732], [115.67831820288727, 40.33001066422603], [115.67831644557735, 40.33010073308011], [115.67843413431034, 40.33010207791749], [115.6784323771489, 40.330192146774344], [115.67878544386451, 40.33019618058106], [115.67878720055687, 40.33010611171143], [115.67902257809416, 40.33010880030892], [115.67902433446586, 40.33001873142931], [115.67925971172211, 40.33002141953948], [115.67926146777317, 40.3299313506499], [115.6793791562568, 40.3299326945212], [115.67938091214356, 40.329842625625886], [115.67961628882186, 40.32984531300087], [115.67961804438796, 40.32975524409558], [115.67973573258263, 40.32975658759927], [115.67973748798445, 40.329666518688256], [115.6799728640848, 40.32966920532804], [115.67997461916599, 40.32957913640706], [115.68009230707165, 40.329580479543154], [115.68009406198854, 40.32949041061646], [115.68032943751095, 40.32949309652106], [115.6803311921072, 40.329403027584384], [115.68056656734849, 40.32940571300171], [115.68056832162411, 40.32931564405506], [115.68080369658435, 40.3293183289851], [115.68080545053932, 40.329228260028486], [115.68092313787496, 40.32922960230972], [115.68092489166565, 40.32913953334738], [115.68104257885281, 40.32914087550467], [115.68104433247927, 40.32905080653661], [115.68116201951797, 40.32905214856996], [115.68116377298016, 40.32896207959618], [115.6812814598704, 40.328963421505584], [115.6812832131683, 40.32887335252609], [115.68151858665983, 40.32887603597733], [115.68152209260647, 40.32869589799694], [115.68163977905137, 40.32869723953453], [115.68164153185649, 40.32860717053787], [115.68175921815293, 40.32860851195153], [115.68176097079377, 40.32851844294918], [115.68187865694179, 40.32851978423888], [115.68188040941835, 40.32842971523081], [115.68199809541791, 40.328431056396575], [115.68199984773024, 40.32834098738277], [115.68247059118207, 40.328346350831964], [115.68246883949516, 40.32843641986273], [115.68258652553422, 40.328437760430056], [115.68258477399579, 40.32852782946359], [115.68282014641034, 40.32853051024764], [115.68281839517672, 40.32862057928819], [115.68352451354805, 40.328628618793154], [115.6835227632447, 40.32871868785769], [115.68646493009159, 40.328752139520034], [115.68647715468695, 40.328121655296194], [115.68635946901297, 40.328120318695625], [115.68636470847619, 40.32785011116177], [115.68624702327917, 40.32784877445422], [115.68625051652795, 40.327668636099425], [115.68613283165149, 40.32766729928064], [115.68613632518148, 40.327487160928435], [115.6860186406256, 40.32748582399843], [115.68602213443678, 40.3273056856488], [115.68590445020148, 40.32730434860758], [115.68590969132818, 40.32703414108483], [115.6857920075698, 40.3270328039366], [115.6857989962538, 40.32667252723594], [115.68568131312868, 40.326671189984964], [115.68568655502798, 40.32640098245675], [115.68580423768408, 40.32640231969503], [115.68580773193149, 40.32622218132706], [115.68592541428279, 40.32622351843718], [115.68592716123835, 40.32613344924677], [115.68604484344118, 40.32613478623298], [115.68604659023252, 40.32604471703685], [115.68616427228689, 40.32604605389914], [115.68616601891401, 40.32595598469733], [115.6866367465849, 40.32596133093276], [115.68663849257881, 40.32587126171255], [115.68699153794564, 40.32587527011978], [115.68699328346266, 40.32578520088541], [115.68722864676722, 40.32578787255004], [115.6872303919637, 40.325697803305744], [115.6874657549871, 40.32570047448318], [115.68746749986303, 40.32561040522896], [115.68782054398814, 40.32561441108483], [115.6878222883872, 40.32552434181647], [115.68829301337215, 40.3255296812652], [115.68829126959844, 40.32561975055049], [115.68840895102068, 40.3256210851177], [115.68840372012137, 40.3258912929774], [115.68828603823013, 40.32588995839752], [115.68828429442495, 40.325980027676906], [115.68816661238523, 40.32597869297312], [115.68816486841587, 40.32606876224682], [115.68804718622768, 40.32606742741911], [115.68804544209408, 40.326157496687145], [115.68792775975741, 40.32615616173552], [115.68792601545965, 40.32624623099784], [115.6878083329745, 40.32624489592232], [115.68780484404265, 40.32642503443409], [115.6876871612527, 40.32642369923044], [115.6876801826692, 40.326783976219446], [115.68744481586218, 40.32678130541927], [115.68744307088393, 40.32687137465438], [115.68732538733585, 40.32687003907055], [115.6873236421934, 40.326960108299964], [115.68720595849686, 40.32695877259222], [115.6872042131902, 40.32704884181595], [115.68732189704308, 40.32705017752793], [115.68732015188489, 40.327140246754425], [115.687437835902, 40.32714158235094], [115.68743434587469, 40.32732172080795], [115.68755203021236, 40.32732305629325], [115.68754854046627, 40.32750319475285], [115.6876662251245, 40.32750453012691], [115.68766448039602, 40.32759459935874], [115.68778216521848, 40.327595934617335], [115.68778042063846, 40.32768600385191], [115.68801579061969, 40.32768867401849], [115.68801404634449, 40.32777874326004], [115.68813173150325, 40.327780078168026], [115.68812998737657, 40.32787014741235], [115.68824767269955, 40.32787148220486], [115.68824418473527, 40.328051620697536], [115.68836187037883, 40.32805295537882], [115.68835140723532, 40.32859337084692], [115.68846909382489, 40.32859470543386], [115.6884656063602, 40.32877484391992], [115.68870098018836, 40.32877751275161], [115.68869923675693, 40.32886758200088], [115.68881692383916, 40.328868916241404], [115.68881518055622, 40.328958985493436], [115.68893286780269, 40.328960319618496], [115.68893112466826, 40.329050388873284], [115.68904881207895, 40.329051722882866], [115.68904706909302, 40.329141792140405], [115.68916475666794, 40.32914312603451], [115.68916301383051, 40.3292331952948], [115.68928070156963, 40.32923452907343], [115.68927721618392, 40.32941466759805], [115.68939490424366, 40.32941600126544], [115.68939316169538, 40.32950607052976], [115.68962853815114, 40.329508737513876], [115.68962679590773, 40.32959880678517], [115.68974448430376, 40.32960014010192], [115.68974274220888, 40.32969020937596], [115.68986043076912, 40.32969154257722], [115.68985868882275, 40.32978161185401], [115.68997637754723, 40.3297829449398], [115.68997463574935, 40.32987301421935], [115.69032770243906, 40.329877012771156], [115.69032596110245, 40.32996708206189], [115.69044365017108, 40.329968414677325], [115.69044190898298, 40.33005848397081], [115.69055959821586, 40.33005981647075], [115.69055785717627, 40.330149885766986], [115.69079323597829, 40.33015255041621], [115.69079149524362, 40.33024261971941], [115.69090918481278, 40.330243951868695], [115.6909074442266, 40.33033402117464], [115.69102513395998, 40.33033535320843], [115.69102339352236, 40.33042542251712], [115.69125877332543, 40.33042808623405], [115.69125703319267, 40.33051815554971], [115.69137472326236, 40.330519487232834], [115.69137298327813, 40.330609556551224], [115.69149067351204, 40.33061088811887], [115.69148893367634, 40.33070095744001], [115.6916066240745, 40.33070228889216], [115.6916031446923, 40.330882427538484], [115.69172083541105, 40.33088375887936], [115.69171909586454, 40.33097382820453], [115.69183678674752, 40.33097515942991], [115.69183504734956, 40.33106522875783], [115.69195273839675, 40.33106655986772], [115.69195099914731, 40.33115662919838], [115.69206869035875, 40.33115796019278], [115.69206521214913, 40.331338098858126], [115.69218290368113, 40.33133942974126], [115.69218116472095, 40.33142949907594], [115.69229885641721, 40.33143082984357], [115.69229711760555, 40.33152089918099], [115.69241480946602, 40.331522229833126], [115.69241307080289, 40.331612299173294], [115.69253076282757, 40.33161362970994], [115.69252728579062, 40.331793768394284], [115.6926449781359, 40.33179509881964], [115.69264323976203, 40.33188516816382], [115.69276093227157, 40.331886498473686], [115.69275919404625, 40.33197656782061], [115.69287688672, 40.331977898014976], [115.69287514864322, 40.332067967364644], [115.69311053432705, 40.33207062740267], [115.6931087965552, 40.33216069675928], [115.69322648956523, 40.33216202660295], [115.69322475194195, 40.33225209596231], [115.69334244511623, 40.332253425690475], [115.69334418258312, 40.33216335632691], [115.69357956864238, 40.33216601541569], [115.69358130578867, 40.33207594604225], [115.69369899867368, 40.33207727540287], [115.69370247262995, 40.33189713664315], [115.69382016521001, 40.33189846587564], [115.69382190202003, 40.33180839648937], [115.69393959445155, 40.331809725597964], [115.69394133109734, 40.33171965620601], [115.69405902338028, 40.33172098519068], [115.69406075986187, 40.33163091579306], [115.69417845199627, 40.331632244653804], [115.69418018831361, 40.33154217525051], [115.69429788029947, 40.33154350398735], [115.69429961645262, 40.331453434578385], [115.69441730828991, 40.33145476319131], [115.69441904427885, 40.33136469377666], [115.6945367359676, 40.33136602226569], [115.69453847179233, 40.33127595284536], [115.69477385488052, 40.33127860945587], [115.69477559038467, 40.331188540025664], [115.69489328178413, 40.33118986814716], [115.69489675245613, 40.33100972927395], [115.69501444355068, 40.33101105726733], [115.69501617871856, 40.330920987824314], [115.69513386966453, 40.3309223156938], [115.69514601452595, 40.33029182952213], [115.6950283246746, 40.33029050168208], [115.69503352996693, 40.33002029331338], [115.69515121934916, 40.33002162114083], [115.69515295427459, 40.32993155167744], [115.69527064350828, 40.32993287938099], [115.69527237826951, 40.32984280991193], [115.69644926947288, 40.329856080321846], [115.69644753627536, 40.32994614983291], [115.69668291492262, 40.32994880248688], [115.69668118203002, 40.33003887200487], [115.69679887152174, 40.33004019815652], [115.69679713877771, 40.33013026767722], [115.69703251809734, 40.3301329196298], [115.69703078565824, 40.330222989157434], [115.69714847548616, 40.330224314958365], [115.69714501089726, 40.33040445401763], [115.69726270104574, 40.33040577970725], [115.69726096889595, 40.33049584923888], [115.6973786592086, 40.330497174813], [115.69737346318148, 40.33076738341165], [115.69749115397109, 40.330768708878644], [115.69748076264418, 40.33130912606148], [115.6973630709163, 40.3313078005693], [115.69736133884474, 40.331397870090434], [115.6972436469683, 40.33139654447436], [115.69724191473257, 40.33148661398982], [115.69712422270753, 40.33148528824984], [115.69712249030759, 40.33157535775964], [115.6968871059682, 40.331572705912166], [115.69688537324768, 40.331662775412106], [115.6966499886268, 40.33166012307741], [115.69664825558569, 40.331750192567476], [115.6965305631306, 40.331748866216365], [115.69652709671216, 40.33192900518372], [115.6964094039521, 40.3319276787045], [115.69640420379667, 40.332197887131905], [115.69628651057526, 40.332196560520394], [115.69628477701808, 40.33228662998907], [115.69640247039587, 40.33228795660479], [115.69639380327467, 40.33273830394709], [115.69651149744223, 40.33273963046409], [115.69649069743062, 40.33382046398619], [115.69637300138628, 40.33381913741881], [115.69637126784474, 40.33390920686523], [115.69625357165182, 40.33390788017392], [115.69625183794608, 40.33399794961468], [115.69613414160456, 40.33399662279945], [115.6961324077346, 40.33408669223455], [115.69601471124452, 40.33408536529541], [115.6960129772103, 40.33417543472482], [115.69589528057165, 40.334174107661774], [115.69589007795291, 40.33444431592862], [115.69600777506079, 40.33444564300428], [115.69600083875196, 40.334805920689654], [115.69588314101843, 40.3348045935972], [115.69587967250423, 40.33498473242266], [115.69576197446574, 40.33498340520208], [115.69575330226132, 40.33543375221906], [115.69610639874655, 40.33543773358466], [115.69610466475145, 40.33552780299626], [115.69622236375193, 40.335529129882886], [115.69621716218893, 40.33579933812144], [115.69633486166647, 40.33580066490094], [115.69633312795291, 40.33589073431504], [115.69645082759469, 40.33589206097903], [115.69644909402972, 40.33598213039588], [115.69656679383573, 40.33598345694434], [115.69656852724428, 40.33589338752327], [115.69680392656691, 40.33589604025259], [115.6968056596548, 40.33580597082169], [115.69704105869587, 40.33580862306371], [115.69704452422253, 40.3356284841807], [115.69716222344196, 40.33562981011373], [115.69716395603714, 40.33553974066583], [115.69728165510797, 40.33554106647494], [115.69728338753893, 40.33545099702136], [115.69740108646114, 40.33545232270656], [115.69740801548117, 40.335092044860794], [115.69752571378557, 40.335093370409474], [115.69752917793588, 40.334913231469386], [115.69776457394244, 40.33491588219081], [115.69776630569307, 40.33482581271017], [115.69882558670146, 40.33483773499266], [115.69882385635856, 40.334927804511025], [115.69953004498721, 40.334935747337056], [115.69952831557497, 40.335025816879096], [115.70011680709543, 40.3350324326294], [115.70011853572562, 40.33494236306642], [115.70106012131248, 40.33495294200785], [115.7010618486836, 40.33486287240993], [115.70117954676061, 40.33486419423466], [115.7011812739675, 40.33477412463107], [115.70129897189591, 40.33477544633191], [115.7013006989386, 40.33468537672267], [115.70141839671838, 40.33468669829962], [115.70142012359689, 40.33459662868471], [115.70153782122804, 40.33459795013775], [115.70153954794236, 40.33450788051718], [115.70165724542487, 40.33450920184632], [115.701658971975, 40.33441913222012], [115.70177666930891, 40.33442045342535], [115.70178012207295, 40.33424031416018], [115.70189781910183, 40.33424163523733], [115.70189954531577, 40.33415156559836], [115.70178184844329, 40.334150244525404], [115.7017853011606, 40.33397010525141], [115.70166760460872, 40.33396878406709], [115.70167278409554, 40.333698575157655], [115.70179048017819, 40.33369989632942], [115.70179393281765, 40.33351975704076], [115.70191162859531, 40.33352107808445], [115.70191335474695, 40.333431008433735], [115.7017956591257, 40.33342968739423], [115.70180256428002, 40.3330694087934], [115.70192025927568, 40.33307072981619], [115.7019219853884, 40.33298066015813], [115.70203968023546, 40.332981981057024], [115.70203795427912, 40.33307205071926], [115.70215564929036, 40.33307337150262], [115.70215392348264, 40.33316344116757], [115.70238931384127, 40.333166082383514], [115.70238758833858, 40.33325615205536], [115.70274067440405, 40.33326011299395], [115.70274239943755, 40.33317004330957], [115.70309548510386, 40.33317400315819], [115.7030972096604, 40.333083933459804], [115.7033325998307, 40.33308657275196], [115.70333432406665, 40.33299650304375], [115.70356971395526, 40.332999141848696], [115.70357143787065, 40.332909072130676], [115.70380682747758, 40.332911710448414], [115.7038085510724, 40.332821640720574], [115.70416163507191, 40.33282559728679], [115.70415991194628, 40.33291566702717], [115.70427760678471, 40.33291698564733], [115.70427243783043, 40.33318719487216], [115.70415474252277, 40.333185876239476], [115.70415301936606, 40.33327594597399], [115.7040353239098, 40.33327462721741], [115.70403360058891, 40.333364696946255], [115.70391590498403, 40.3333633780658], [115.70391418149897, 40.33345344778902], [115.7036787899997, 40.333450809660604], [115.70367706619407, 40.33354087937399], [115.70344167441311, 40.33353824075837], [115.70343995028688, 40.33362831046194], [115.70332225425167, 40.33362699097037], [115.70331880566309, 40.333807130364775], [115.70320110932285, 40.33380581074513], [115.70319593591246, 40.334076019813175], [115.70331363272192, 40.33407733944534], [115.70331018405558, 40.33425747882506], [115.70342788118565, 40.334258798345864], [115.70342615699721, 40.3343488680377], [115.70354385429145, 40.33435018744295], [115.70354040620407, 40.33453032683056], [115.70365810381892, 40.33453164612444], [115.70365465601324, 40.33471178551455], [115.7047139377119, 40.334723653847306], [115.70471566021094, 40.33463358411542], [115.70530414953346, 40.33464017342253], [115.70530587124264, 40.334550103668306], [115.7055412667132, 40.33455273854476], [115.70554298810181, 40.33446266878075], [115.7057783832906, 40.33446530316999], [115.70578010435864, 40.33437523339617], [115.70601549926566, 40.33437786729818], [115.70601722001312, 40.33428779751456], [115.70613491732185, 40.33428911428182], [115.70613663790515, 40.334199044492564], [115.70625433506525, 40.334200361135935], [115.70625605548435, 40.334110291341034], [115.70637375249582, 40.33411160786052], [115.70637547275078, 40.334021538059986], [115.70649316961357, 40.33402285445558], [115.70649660978738, 40.333842714841786], [115.70661430634514, 40.333844031109344], [115.70661602626402, 40.33375396129607], [115.70673372267312, 40.333755277439735], [115.70673716217478, 40.33357513780047], [115.70685485827882, 40.33357645381608], [115.70685829743664, 40.33339631416261], [115.70697599323566, 40.33339763005018], [115.70697771264655, 40.33330756021708], [115.70709540829691, 40.33330887598076], [115.70709884678259, 40.33312873630182], [115.7072165421279, 40.33313005193747], [115.70721826120271, 40.333039982091634], [115.70733595639938, 40.3330412976034], [115.70733767531006, 40.33295122775193], [115.70745537035808, 40.33295254313982], [115.7074570891046, 40.33286247328271], [115.70757478400398, 40.33286378854672], [115.70757650258632, 40.332773718683974], [115.70781189209556, 40.33277634884453], [115.70781361035738, 40.33268627897201], [115.70804899958482, 40.33268890864539], [115.70805071752609, 40.33259883876306], [115.70840380095619, 40.33260278236279], [115.70840551842052, 40.332512712466524], [115.70899399017694, 40.33251928271766], [115.70899570685157, 40.332429212799134], [115.70970187227643, 40.332437093125044], [115.70970358800494, 40.332347023180105], [115.70993897622904, 40.3323496489894], [115.70994240703726, 40.3321695090785], [115.71006010084812, 40.33217082179526], [115.71006181608426, 40.33208075183345], [115.71088567188212, 40.33208993746983], [115.71088395774075, 40.33218000746073], [115.71111934549394, 40.33218263085918], [115.71111763165761, 40.3322727008569], [115.7112353257022, 40.3322740123807], [115.71123361201454, 40.332364082381105], [115.71146900043969, 40.332366705077874], [115.7114672870571, 40.332456775085134], [115.71158498143765, 40.332458086258114], [115.71158326820371, 40.33254815626803], [115.71170096274841, 40.332549467325435], [115.71169924966314, 40.33263953733804], [115.71181694437196, 40.332640848279894], [115.71181351849101, 40.332820988309], [115.71193121352036, 40.332822299139444], [115.71191579808134, 40.33363292923518], [115.7117981016444, 40.3336316183674], [115.71179124951168, 40.333991898355194], [115.71167355245686, 40.33399058735111], [115.71166669957486, 40.33435086729883], [115.71178439725533, 40.33435217831953], [115.71177925798196, 40.334622388277346], [115.71189695613936, 40.33462369919077], [115.71189181726567, 40.334893909147844], [115.71200951590008, 40.334895219954], [115.71200609025847, 40.33507535992634], [115.71212378921342, 40.33507667062106], [115.71212207653745, 40.335166740609175], [115.71223977565653, 40.335168051188326], [115.71223635059424, 40.33534819116846], [115.7123540500339, 40.33534950163618], [115.71235233764757, 40.335439571628186], [115.71247003725136, 40.335440881980325], [115.71246832501375, 40.335530951975024], [115.71258602478169, 40.33553226221158], [115.71258260059611, 40.33571240220487], [115.71270030068462, 40.33571371233], [115.712696876781, 40.33589385232571], [115.71281457719004, 40.3358951623394], [115.71281286538309, 40.3359852323392], [115.71293056595628, 40.33598654223731], [115.71292885429803, 40.33607661223978], [115.71304655503538, 40.33607792202233], [115.71304484352581, 40.33616799202749], [115.71316254442732, 40.33616930169444], [115.71316083306644, 40.336259371702276], [115.71339623520542, 40.336261990685266], [115.7133945241497, 40.33635206069994], [115.7135122253872, 40.336353370015985], [115.71351051448018, 40.33644344003332], [115.71362821588183, 40.336444749233785], [115.71362650512353, 40.33653481925379], [115.71386190826281, 40.33653743730383], [115.71386019780964, 40.33662750733067], [115.71397789954727, 40.33662881618023], [115.71397618924283, 40.33671888620974], [115.71409389114461, 40.33672019494371], [115.71409218098889, 40.3368102649759], [115.7142098830548, 40.33681157359429], [115.71420817304778, 40.33690164362914], [115.71432587527786, 40.33690295213193], [115.71432416541955, 40.336993022169466], [115.71444186781376, 40.336994330556685], [115.71444015810418, 40.337084400596886], [115.71455786066254, 40.33708570886851], [115.71455615110166, 40.33717577891139], [115.71467385382417, 40.33717708706741], [115.71467214441202, 40.33726715711296], [115.71478984729868, 40.33726846515339], [115.71478813803523, 40.337358535201616], [115.71490584108604, 40.33735984312645], [115.71490413197135, 40.33744991317736], [115.71502183518626, 40.337451220986594], [115.7150201262203, 40.337541291040175], [115.71513782959939, 40.33754259873382], [115.71513612078213, 40.33763266879008], [115.71525382432536, 40.337633976368124], [115.71525211565684, 40.33772404642704], [115.7153698193642, 40.337725353889496], [115.71536811084442, 40.33781542395109], [115.71548581471593, 40.33781673129795], [115.71548239796611, 40.33799687142499], [115.7156001021582, 40.33799817866039], [115.71559839392819, 40.33808824872586], [115.71571609828442, 40.33808955584566], [115.71571439020312, 40.3381796259138], [115.71583209472352, 40.338180932918], [115.71582867885068, 40.33836107305814], [115.71606408854035, 40.33836368672386], [115.71606238090527, 40.338453756800014], [115.7161800859181, 40.33845506345741], [115.71617837843174, 40.338545133536215], [115.71629608360871, 40.33854644007801], [115.71629266892583, 40.33872658023951], [115.71641037442338, 40.33872788666983], [115.71640866722683, 40.338817956752514], [115.71664407855793, 40.33882056926221], [115.71664237166658, 40.33891063935168], [115.71676007750011, 40.33891194543106], [115.71675837075749, 40.33900201552323], [115.7168760767552, 40.339003321486985], [115.71687437016134, 40.3390933915818], [115.71699207632318, 40.33909469742996], [115.71698866342524, 40.33927483762346], [115.71710636990768, 40.33927614336014], [115.71710295729187, 40.33945628355605], [115.71722066409491, 40.33945758918125], [115.71721554558282, 40.3397277994765], [115.71733325286289, 40.33972910499436], [115.71732642869817, 40.34008938538402], [115.71744413661179, 40.340090690798654], [115.71743901887683, 40.340360901087905], [115.71755672726749, 40.34036220639519], [115.71754819833761, 40.34081255686859], [115.71766590751828, 40.340813862076786], [115.71765396778852, 40.34144435270684], [115.71753625751262, 40.34144304746971], [115.71752943401475, 40.341803327780944], [115.71741172312068, 40.34180202240755], [115.71740831101263, 40.341982162546095], [115.7172905998133, 40.34198085704469], [115.71728889359129, 40.34207092710763], [115.71717118224318, 40.34206962148231], [115.71716947585696, 40.34215969153966], [115.71705176436008, 40.34215838579048], [115.7170500578097, 40.34224845584223], [115.71693234616404, 40.34224714996915], [115.7169306394495, 40.34233722001529], [115.71681292765507, 40.34233591401833], [115.71681122077636, 40.34242598405886], [115.71669350883316, 40.34242467793802], [115.71668326646032, 40.34296509812565], [115.71680097934237, 40.34296640427131], [115.71679073763121, 40.34350682443094], [115.71690845145986, 40.343508130481645], [115.71690674463753, 40.343598200507266], [115.71702445863038, 40.343599506442345], [115.71702275195682, 40.34368957647062], [115.71725818027855, 40.34369218798976], [115.71725647391027, 40.34378225802484], [115.7178450456317, 40.343788784747524], [115.71784675121756, 40.3436987146918], [115.71819989387329, 40.343702629275896], [115.71819818875689, 40.34379269934401], [115.71866904636481, 40.34379791712932], [115.71866734186668, 40.3438879872125], [115.7197267733426, 40.34389972026055], [115.71972847643238, 40.343809650140244], [115.72031704896104, 40.343816164287986], [115.72031875126069, 40.343726094145595], [115.72055418001297, 40.34372869895811], [115.72055588199197, 40.34363862880602], [115.72079131046196, 40.343641233131244], [115.72079301212031, 40.34355116296941], [115.72126386852646, 40.34355637016626], [115.7212655695512, 40.3434662999865], [115.72161871146695, 40.34347020411429], [115.72162041201457, 40.343380133920704], [115.72197355352989, 40.34338403695829], [115.7219752536004, 40.34329396675089], [115.7223283947153, 40.34329786869828], [115.72233009430869, 40.34320779847706], [115.72303637580656, 40.343215599113634], [115.72303807445341, 40.34312552886626], [115.72421520933126, 40.34313852030532], [115.72421351224924, 40.343228590593824], [115.72480208075773, 40.34323508184293], [115.72480377705733, 40.34314501153387], [115.72503920420131, 40.34314760718697], [115.72504090018032, 40.34305753686823], [115.72515861360728, 40.343058834511055], [115.72516030942215, 40.34296876418675], [115.72527802270031, 40.342970061705685], [115.72527971835103, 40.34287999137581], [115.72539743148037, 40.34288128877088], [115.72539912696698, 40.34279121843544], [115.72551683994747, 40.342792515706634], [115.72552023058476, 40.342612375023144], [115.72563794325995, 40.34261367216638], [115.72563963841067, 40.34252360181832], [115.72575735093703, 40.34252489883769], [115.72576074090253, 40.34234475812897], [115.72587845312358, 40.34234605502038], [115.72588184274557, 40.342165914297574], [115.72599955466129, 40.34216721106101], [115.72600124930436, 40.34207714069331], [115.72611896107125, 40.34207843733289], [115.72612065555019, 40.34198836695962], [115.72623836716828, 40.34198966347535], [115.7262400614831, 40.3418995930965], [115.72647548442923, 40.341902185760475], [115.72647717842347, 40.34181211537195], [115.72659488975151, 40.34181341152021], [115.72659658358164, 40.34172334112612], [115.72671429476087, 40.34172463715052], [115.72671598842688, 40.34163456675086], [115.72695141049532, 40.34163715843219], [115.72695310384074, 40.34154708802288], [115.72730623653128, 40.341550974634416], [115.72730792939964, 40.341460904211324], [115.72754335091857, 40.34146349467872], [115.72754504346639, 40.341373424245944], [115.72766275408084, 40.34137471929592], [115.72766444646454, 40.341284648857595], [115.72778215693016, 40.34128594378372], [115.72778384914974, 40.34119587333983], [115.72790155946652, 40.3411971681421], [115.72790325152201, 40.34110709769263], [115.72802096168998, 40.341108392371055], [115.72802434546513, 40.340928251459566], [115.72814205532777, 40.34092954601004], [115.72814374704745, 40.34083947554799], [115.72826145676126, 40.34084076997461], [115.72826314831683, 40.340750699507], [115.72838085788182, 40.34075199380978], [115.72838254927329, 40.340661923336604], [115.72850025868945, 40.340663217515534], [115.72850194991683, 40.3405731470368], [115.72861965918415, 40.34057444109189], [115.72862135024744, 40.34048437060758], [115.72873905936589, 40.340485664538825], [115.72874075026512, 40.34039559404896], [115.72885845923476, 40.34039688785635], [115.72886014996988, 40.34030681736095], [115.72897785879069, 40.34030811104449], [115.72898462102906, 40.33994782903178], [115.72910232923167, 40.339949122579206], [115.72910401961572, 40.33985905206827], [115.72922172766948, 40.33986034549185], [115.72922341788947, 40.33977027497536], [115.72934112579442, 40.3397715682751], [115.72934281585033, 40.339681497753034], [115.72957823137016, 40.339684083985105], [115.72957992110553, 40.3395940134534], [115.72981533634291, 40.33959659919829], [115.72981702575775, 40.339506528656926], [115.72993473323143, 40.339507821345656], [115.7299364224822, 40.33941775079874], [115.7301718371395, 40.339420335808796], [115.73017352606972, 40.33933026525223], [115.73064435484991, 40.33933543381904], [115.73064266654548, 40.339425504391954], [115.73076037391604, 40.3394267962384], [115.73075868576043, 40.33951686681394], [115.73087639329506, 40.339518158544706], [115.73087132925195, 40.339788370274825], [115.73098903726356, 40.33978966189811], [115.7309755340653, 40.34051022647997], [115.73085782480203, 40.34050893482396], [115.73085276050766, 40.3407791465057], [115.7307350507826, 40.340777854717686], [115.73073167423534, 40.34095799582335], [115.730613964205, 40.3409567039074], [115.73061058731436, 40.34113684499901], [115.73049287697866, 40.34113555295514], [115.73048949974464, 40.34131569403271], [115.73037178910363, 40.341314401860906], [115.73036841152617, 40.34149454292443], [115.73025070057983, 40.341493250624694], [115.73024901162321, 40.34158332115016], [115.73013130052806, 40.341582028726584], [115.73012961140735, 40.341672099246495], [115.7300119001633, 40.34167080669907], [115.73000852158607, 40.34185094772633], [115.72989081003672, 40.341849655050964], [115.72988912058022, 40.341939725558305], [115.729771408882, 40.34193843275908], [115.72976971926138, 40.34202850326087], [115.72965200741433, 40.3420272103378], [115.72965031762962, 40.34211728083403], [115.72953260563372, 40.34211598778712], [115.7295309156849, 40.34220605827778], [115.72941320354015, 40.34220476510701], [115.72941151342724, 40.342294835592114], [115.72929380113364, 40.34229354229751], [115.72929211085663, 40.34238361277706], [115.72905668597932, 40.34238102582037], [115.72905499538174, 40.34247109629027], [115.72893728279804, 40.342469802628194], [115.72893559203635, 40.34255987309253], [115.72881787930382, 40.34255857930661], [115.72881618837802, 40.34264864976539], [115.72869847549661, 40.342647355855604], [115.72869678440671, 40.3427374263088], [115.72857907137646, 40.34273613227517], [115.72857738012246, 40.342826202722826], [115.72845966694335, 40.34282490856534], [115.72845797552523, 40.34291497900743], [115.72834026219729, 40.342913684726085], [115.72833857061507, 40.34300375516262], [115.7281031436691, 40.343001166232455], [115.72810145176626, 40.34309123665931], [115.72798373814827, 40.343089942010494], [115.72798204608131, 40.343180012431795], [115.72774661855522, 40.34317742276669], [115.72774492616769, 40.34326749317833], [115.72762721225959, 40.34326619816204], [115.72762551970796, 40.34335626856811], [115.727507805651, 40.34335497342796], [115.72749257093413, 40.344165606979736], [115.72761028639945, 40.34416690215677], [115.72760351584161, 40.34452718371362], [115.72772123194052, 40.344528478787296], [115.72771784692877, 40.344708619565125], [115.72783556334831, 40.344709914527236], [115.72783217861901, 40.344890055307395], [115.7279498953592, 40.34489135015794], [115.72794651091237, 40.34507149094043], [115.72806422797316, 40.34507278567939], [115.7280625358948, 40.34516285607254], [115.72818025311972, 40.345164150695844], [115.72817856119019, 40.34525422109162], [115.72829627857926, 40.34525551559925], [115.72829289501037, 40.34543565639459], [115.72852833043737, 40.34543824506694], [115.72852663895448, 40.345528315470595], [115.72864435683593, 40.345529609631214], [115.72864266550191, 40.345619680037515], [115.7288781016007, 40.34562226800761], [115.72887641057204, 40.34571233842064], [115.72934728348719, 40.34571751293997], [115.72934897388981, 40.345627442510555], [115.72981984630094, 40.34563261509717], [115.72982153606995, 40.34554254464993], [115.73052784397629, 40.34555029991219], [115.73052615514628, 40.34564037038398], [115.73087930967182, 40.34564424641047], [115.7308776213037, 40.34573431689307], [115.7312307763673, 40.34573819185389], [115.7312290884611, 40.34582826234727], [115.73169996261183, 40.34583342730124], [115.73169827532402, 40.3459234978095], [115.73193371275806, 40.34592607957603], [115.73193539973285, 40.3458360090596], [115.73228855547147, 40.345839880798835], [115.73229024196914, 40.34574981026867], [115.73287883423644, 40.34575626075153], [115.73288051994399, 40.34566619019949], [115.7334691116189, 40.34567263766766], [115.73347079653631, 40.34558256709374], [115.73358851473758, 40.34558385622397], [115.73358682997667, 40.34567392680198], [115.73441085869392, 40.34568294738861], [115.73441254235932, 40.34559287678206], [115.73500113374556, 40.345599316444684], [115.73500281662083, 40.34550924581629], [115.73582684378486, 40.34551825628505], [115.73582852555701, 40.34542818562666], [115.73629939776306, 40.34543333181469], [115.73630107890166, 40.34534326113855], [115.73653651473717, 40.3453458335058], [115.73653819555516, 40.34525576282005], [115.73689134889581, 40.34525962046044], [115.73689302923671, 40.345169549761], [115.7370107468756, 40.345170835397525], [115.7370124270524, 40.34508076469257], [115.73736557954501, 40.3450846208713], [115.73736725924475, 40.344994550152684], [115.73772041133604, 40.34499840524128], [115.73772209055872, 40.34490833450898], [115.73795752501113, 40.34491090396106], [115.73795920391322, 40.34482083321918], [115.73831235517912, 40.34482468648685], [115.73831403360417, 40.344734615731284], [115.73854946750632, 40.34473718396943], [115.73855114561077, 40.34464711320428], [115.73866886241669, 40.34464839713963], [115.73867054035709, 40.344558326368954], [115.73878825701408, 40.344559610180475], [115.73878993479042, 40.34446953940427], [115.7389076512985, 40.34447082309197], [115.73890932891076, 40.34438075231022], [115.73902704526989, 40.3443820358741], [115.7390287227181, 40.34429196508682], [115.73914643892832, 40.34429324852686], [115.73914811621248, 40.34420317773407], [115.73926583227376, 40.34420446105027], [115.73926750939385, 40.34411439025196], [115.73938522530621, 40.344115673444335], [115.73938690226224, 40.34402560264049], [115.73950461802566, 40.344026885709035], [115.73950629481763, 40.34393681489967], [115.73962401043214, 40.343938097844394], [115.73962904029318, 40.34366788539531], [115.73951132514816, 40.34366660246277], [115.73951635541061, 40.3433963900127], [115.7393986407426, 40.34339510697258], [115.73940031763813, 40.34330503615701], [115.7391648886378, 40.34330246972561], [115.7391665658387, 40.3432123989167], [115.73846027995822, 40.34320469677257], [115.73846195809047, 40.34311462598658], [115.73810881572187, 40.34311077330993], [115.73811049431602, 40.343020702534666], [115.73799278036476, 40.343019418073666], [115.73799613784333, 40.34283927652688], [115.73787842421262, 40.34283799195424], [115.73788178197387, 40.342657850409736], [115.7379994952916, 40.34265913497424], [115.73800788877973, 40.34220878106699], [115.73812560132265, 40.34221006549141], [115.73813231535095, 40.34184978232299], [115.73825002727553, 40.34185106661138], [115.73826009715202, 40.3413106417904], [115.73849551914623, 40.34131320995916], [115.73849719711951, 40.34122313914241], [115.73861490797148, 40.341224423043094], [115.73861658578078, 40.341134352220806], [115.73885200719448, 40.341136919654794], [115.73885368468326, 40.34104684882292], [115.73908910581432, 40.34104941576977], [115.73909078298259, 40.3409593449283], [115.73920849340298, 40.340960628218035], [115.7392101704072, 40.340870557371034], [115.73932788067872, 40.340871840536956], [115.73932955751891, 40.34078176968443], [115.73944726764152, 40.340783052726536], [115.73944894431766, 40.3406929818685], [115.73956665429135, 40.34069426478679], [115.73956833080351, 40.34060419392322], [115.73968604062829, 40.340605476717705], [115.73969609860353, 40.340065051481155], [115.73981380749709, 40.34006633413152], [115.73981548364337, 40.33997626324958], [115.74063944501482, 40.33998523842078], [115.74063609490518, 40.34016538024002], [115.74075380401568, 40.34016666193645], [115.74075212910597, 40.34025673284794], [115.74063441983901, 40.34025545114745], [115.7406293945952, 40.340525663860916], [115.74051168486638, 40.34052438202851], [115.74050833435314, 40.34070452382206], [115.74039062431896, 40.34070324186179], [115.740380571659, 40.34124366718294], [115.74026286069359, 40.341242385078544], [115.74023772550622, 40.34259344808983], [115.7403554388188, 40.34259473025508], [115.74034706082747, 40.34304508453923], [115.74046477493002, 40.343046366605016], [115.74045974851398, 40.34331657917009], [115.74057746309354, 40.343317861128284], [115.7405757877629, 40.343407931984444], [115.74069350250652, 40.34340921382694], [115.74068847693873, 40.34367942639878], [115.74080619215935, 40.34368070813368], [115.74080116699302, 40.34395092070452], [115.74091888269068, 40.34395220233182], [115.74091218298909, 40.344312485755324], [115.74102989932028, 40.34431376727909], [115.7410198504802, 40.34485419239474], [115.74090213321003, 40.34485291084663], [115.74089040812403, 40.34548340671984], [115.74100812648972, 40.345484688296345], [115.74100477671016, 40.34566482996934], [115.7412402140902, 40.345667392779234], [115.74123853950208, 40.34575746362166], [115.74182713386692, 40.34576386857065], [115.7418288076725, 40.34567379770797], [115.74218196391249, 40.34567763922793], [115.74218363724101, 40.345587568351625], [115.74253679307941, 40.34559140878147], [115.74253846593086, 40.34550133789154], [115.74289162136768, 40.34550517723129], [115.74289329374206, 40.34541510632775], [115.74312873042464, 40.34541766528062], [115.74313040247847, 40.34532759436752], [115.74336583887822, 40.3453301528332], [115.74336751061149, 40.34524008191052], [115.74372066479818, 40.34524391869862], [115.74372233605442, 40.34515384776235], [115.7443109257338, 40.34516023999351], [115.74431259619996, 40.345070169035544], [115.74443031400195, 40.345071447118414], [115.74442864369226, 40.34516151808044], [115.74525266961258, 40.34517046133529], [115.74525100039091, 40.345260532324154], [115.74572187313704, 40.34526564013671], [115.74572020453384, 40.34535571114028], [115.74607335964198, 40.34535954075422], [115.74607169150076, 40.34544961176844], [115.74642484714617, 40.34545344031655], [115.74642317946693, 40.34554351134141], [115.74724721066498, 40.345552440456544], [115.7472488772487, 40.3454623694034], [115.74795518905833, 40.345470018235304], [115.74795352341368, 40.34556008931264], [115.74807124223143, 40.345561363702785], [115.74806957673576, 40.34565143478271], [115.74818729571754, 40.345652709057106], [115.74818563037087, 40.3457427801396], [115.74842106866994, 40.34574532833716], [115.74841940362879, 40.34583539942626], [115.74853712294612, 40.345836673349396], [115.74853545805395, 40.34592674444106], [115.74877089702413, 40.34592929193609], [115.74876923243747, 40.34601936303436], [115.74888695209034, 40.34602063660625], [115.7488852876527, 40.34611070770707], [115.74912072729396, 40.34611325449958], [115.74911906316183, 40.346203325607], [115.74923678315022, 40.34620459882761], [115.7492351191671, 40.34629466993761], [115.74935283931954, 40.34629594304249], [115.7493511754854, 40.346386014155044], [115.7495866161258, 40.346388560013516], [115.74958495259717, 40.346478631132676], [115.74982039358063, 40.3464811765201], [115.74981873035756, 40.346571247645834], [115.75005417168404, 40.3465737925622], [115.75005250876649, 40.346663863694545], [115.75028795043602, 40.346666408139846], [115.75028628782398, 40.34675647927878], [115.75040400882652, 40.34675775132579], [115.75040234636349, 40.34684782246728], [115.75052006753005, 40.34684909439854], [115.75051840521604, 40.34693916554259], [115.75063612654661, 40.34694043735809], [115.75063280220915, 40.347120579649854], [115.75075052386028, 40.347121851353634], [115.75074719980586, 40.347301993647584], [115.7508649217775, 40.34730326523964], [115.75086159800615, 40.347483407535776], [115.75097932029833, 40.34748467901609], [115.75097599681006, 40.34766482131443], [115.75109371942277, 40.34766609268301], [115.75109039621753, 40.347846234983535], [115.7512081191508, 40.347847506240385], [115.75120645769346, 40.34793757739248], [115.75132418079073, 40.34793884853357], [115.75132251948246, 40.348028919688225], [115.75144024274374, 40.34803019071356], [115.75144190389553, 40.34794011955488], [115.7515596270078, 40.347941390456405], [115.75156128799553, 40.347851319292246], [115.75179673392951, 40.34785386072789], [115.75179507325478, 40.34794393190008], [115.75191279638955, 40.347945202442276], [115.7519094753307, 40.34812534479032], [115.75202719878601, 40.34812661522074], [115.7520255384019, 40.34821668639662], [115.75214326202119, 40.34821795671128], [115.75214492224877, 40.3481278855314], [115.7523803691968, 40.348130425793336], [115.75238202910386, 40.34804035460396], [115.75249975243258, 40.34804162455123], [115.7525014121756, 40.347951553356374], [115.75261913535527, 40.34795282317983], [115.75262245450583, 40.34777268077767], [115.75274017737993, 40.34777395047333], [115.75274183678748, 40.347683879266036], [115.75285955951256, 40.347685148837876], [115.75286287799209, 40.347505006410856], [115.7529806004116, 40.34750627585488], [115.75298225948363, 40.347416204635174], [115.75309998175409, 40.347417473955396], [115.75310164066211, 40.347327402730194], [115.75321936278354, 40.34732867192661], [115.75322102152757, 40.34723860069594], [115.75345646547983, 40.347241138721415], [115.75345812390333, 40.34715106748124], [115.75381128941827, 40.34715487360904], [115.75380963146435, 40.34724494486127], [115.75404507549142, 40.347247481688946], [115.7540467331323, 40.34715741042868], [115.75416445500053, 40.34715867865883], [115.75416611247742, 40.34706860739308], [115.75451927765742, 40.347072411352805], [115.75452093465728, 40.34698234007357], [115.7549918210425, 40.34698741032689], [115.75499347740882, 40.346897339030136], [115.7551111988673, 40.34689860629], [115.7551128550696, 40.34680853498778], [115.75546601902026, 40.34681233603668], [115.75546767474556, 40.34672226472095], [115.75558539592086, 40.34672353149368], [115.75558705148217, 40.34663346017249], [115.75582249354218, 40.34663599335059], [115.75582414878296, 40.34654592201992], [115.75605959055981, 40.346548454710884], [115.75606124548011, 40.34645838337073], [115.75629668697377, 40.346460915574575], [115.75629999616594, 40.34628077287385], [115.75641771661094, 40.34628203878808], [115.75642102546018, 40.346101896073485], [115.75653874559963, 40.34610316185994], [115.75654039985655, 40.34601309049644], [115.75665811984693, 40.3460143561591], [115.75665977393989, 40.34592428479014], [115.75677749378121, 40.34592555032902], [115.75677914771022, 40.345835478954584], [115.75689686740249, 40.34583674436968], [115.75690017492505, 40.345656601608404], [115.75701789431179, 40.34565786689572], [115.75702285507015, 40.345387652730814], [115.75714057399479, 40.345388917886346], [115.75714718760882, 40.34502863229664], [115.75726490591492, 40.34502989731638], [115.75726821236417, 40.34484975450474], [115.75738593036473, 40.3448510193967], [115.75739915461146, 40.34413044805957], [115.75751687136746, 40.34413171279972], [115.75751852420824, 40.344041641372], [115.75775395742963, 40.34404417048501], [115.75775230490183, 40.34413424192074], [115.75834088886816, 40.34414056262733], [115.75834254061347, 40.3440504911716], [115.7585779739392, 40.34405301860786], [115.75857962536405, 40.34396294714264], [115.75881505840655, 40.343965474091824], [115.758816709511, 40.34387540261715], [115.75893442588692, 40.3438766659081], [115.75893607682738, 40.343786594427975], [115.7591715092886, 40.34378912064256], [115.75917315990866, 40.34369904915297], [115.75940859208667, 40.34370157488049], [115.75941024238627, 40.34361150338145], [115.76035197014404, 40.343621601468875], [115.76034702297876, 40.34389181605751], [115.76046473945146, 40.34389307779147], [115.760463090538, 40.343983149322085], [115.76093395712913, 40.343988195076214], [115.7609356054166, 40.34389812352963], [115.76117103844379, 40.3439006456801], [115.76117268641086, 40.34381057412408], [115.7612904027791, 40.343811835015664], [115.76129205058224, 40.343721763454184], [115.7614097668014, 40.343723024222015], [115.7614114144406, 40.343632952655085], [115.76164684658828, 40.34363547382347], [115.76164849390706, 40.34354540224708], [115.76176620983556, 40.34354666264764], [115.76176785699042, 40.343456591065795], [115.7620032885567, 40.34345911149963], [115.76200493539115, 40.34336903990836], [115.76224036667415, 40.34337155985514], [115.76224201318817, 40.343281488254426], [115.76235972868433, 40.34328274804419], [115.76236137503444, 40.34319267643803], [115.76247909038152, 40.34319393610403], [115.76248073656772, 40.34310386449241], [115.76259845176575, 40.34310512403466], [115.76260009778801, 40.343015052417606], [115.76271781283698, 40.34301631183612], [115.76271945869533, 40.3429262402136], [115.76295488850256, 40.342928758683335], [115.76295653404051, 40.34283868705138], [115.76307424879876, 40.34283994610262], [115.76307918489863, 40.34256973118604], [115.76319689919485, 40.342570990105564], [115.7632051250971, 40.3421206318621], [115.76344055214696, 40.342123149302004], [115.7634389072943, 40.34221322096158], [115.76355662098683, 40.34221447950588], [115.76355168685383, 40.34248469448782], [115.76366940102325, 40.34248595292431], [115.76366775645388, 40.34257602458601], [115.76413861383163, 40.34258105715024], [115.76413696988084, 40.34267112882642], [115.76437239892716, 40.34267364439791], [115.76437075528192, 40.34276371608059], [115.76460618467088, 40.342766231180995], [115.7646028979841, 40.34294637455787], [115.76472061300267, 40.34294763193638], [115.7647173265992, 40.34312777531536], [115.7648350419382, 40.34312903258208], [115.7648333988818, 40.34321910427336], [115.76495111438469, 40.34322036142429], [115.76494947147741, 40.34331043311809], [115.7650671871442, 40.34331169015323], [115.765065544386, 40.343401761849535], [115.76518326021669, 40.34340301876888], [115.7651816176076, 40.34349309046771], [115.76529933360219, 40.343494347271275], [115.76529769114214, 40.34358441897262], [115.76541540730065, 40.34358567566039], [115.76541376498969, 40.34367574736425], [115.76553148131211, 40.34367700393623], [115.76552983915025, 40.3437670756426], [115.76564755563656, 40.3437683320988], [115.76564591362377, 40.343858403807694], [115.765763630274, 40.343859660148084], [115.76575870466074, 40.34412987527791], [115.76552327042873, 40.34412736245346], [115.76552162822982, 40.34421743415253], [115.76516847646788, 40.344213664005665], [115.76516683379208, 40.34430373569133], [115.76493139900818, 40.344301221653275], [115.76492975601194, 40.34439129332952], [115.76445888590706, 40.344386263800274], [115.76445724227742, 40.34447633545913], [115.76433952461323, 40.3444750777734], [115.76433788081968, 40.34456514942681], [115.7642201630064, 40.34456389161734], [115.76421523111175, 40.344834106556874], [115.7640975128364, 40.344832848615674], [115.764090936247, 40.34519313516532], [115.76397321735301, 40.34519187708842], [115.76396006256616, 40.34591245008563], [115.7640777827122, 40.345913708194374], [115.76406462870273, 40.34663428112982], [115.76394690730454, 40.34663302298922], [115.76393868502494, 40.34708338100641], [115.76382096285157, 40.34708212272612], [115.76380945025291, 40.34771262386087], [115.76451578997843, 40.347720171913174], [115.76451907745111, 40.347540028691355], [115.76463680045161, 40.34754128627287], [115.7646351568755, 40.347631357888496], [115.76475288003992, 40.34763261535419], [115.7647479497367, 40.34790283020425], [115.76486567337813, 40.34790408756211], [115.76485581351069, 40.34844451724658], [115.7649735380987, 40.34844577450853], [115.76496532212133, 40.34889613255861], [115.76508304749945, 40.34889738972066], [115.76507976136966, 40.34907753293841], [115.76555066420853, 40.34908256042058], [115.76554902175869, 40.34917263204317], [115.76601992534225, 40.3491776576246], [115.76601828351114, 40.34926772926164], [115.76637146174622, 40.349271497201826], [115.76637310310768, 40.349181425552864], [115.767550362807, 40.34919397752731], [115.76754872301092, 40.34928404921602], [115.7679019015346, 40.34928781248433], [115.76790026220074, 40.349377884183475], [115.76813571489993, 40.349380392438], [115.76813407587176, 40.349470464143614], [115.76836952891358, 40.3494729719269], [115.7683678901911, 40.349563043639], [115.76860334357562, 40.34956555095107], [115.76860170515883, 40.34965562266963], [115.76883715888596, 40.34965812951045], [115.76883552077489, 40.3497482012355], [115.76907097484468, 40.349750707605075], [115.7690693370393, 40.349840779336596], [115.7691870642418, 40.349842032345656], [115.76918542658557, 40.34993210407966], [115.76930315395204, 40.349933356972905], [115.76929987893048, 40.35011350044448], [115.76941760661744, 40.35011475322585], [115.76941596925214, 40.35020482496341], [115.77012233646813, 40.350212339159725], [115.77012070003474, 40.3503024109196], [115.77035615614555, 40.350304914701276], [115.77035452001786, 40.35039498646762], [115.77058997647131, 40.350397489778025], [115.77058834064937, 40.350487561550814], [115.7707060690437, 40.35048881303029], [115.77070443337091, 40.350578884805586], [115.77082216192917, 40.350580136169214], [115.77081889087457, 40.35076027972335], [115.77105434863947, 40.35076278210707], [115.7710527134142, 40.350852853889855], [115.77140590058652, 40.350856606578816], [115.77140426582353, 40.35094667837202], [115.77152199505227, 40.3509479290327], [115.77152036043847, 40.35103800082842], [115.77246219578626, 40.35104800183272], [115.77246382914763, 40.35095793000536], [115.77387658117472, 40.35097291708841], [115.77387494969203, 40.35106298896321], [115.77564089356446, 40.35108169861681], [115.77564252269883, 40.350991626682784], [115.7757602521926, 40.350992873030684], [115.77575862321477, 40.35108294496864], [115.77681819039825, 40.35109415674415], [115.77681981796705, 40.3510040847707], [115.77752619548043, 40.35101155387306], [115.77752456885096, 40.35110162587014], [115.77776002839393, 40.3511041146204], [115.77775840207022, 40.3511941866239], [115.77787613200928, 40.35119543082326], [115.7778745058348, 40.351285502829256], [115.77810996604799, 40.35128799087645], [115.7781083401793, 40.351378062888855], [115.77822607045347, 40.35137930673668], [115.77822444473401, 40.35146937875155], [115.77834217517206, 40.351470622483525], [115.77834054960181, 40.35156069450087], [115.77845828020378, 40.35156193811697], [115.77845665478276, 40.35165201013679], [115.77857438554861, 40.351653253637025], [115.77857276027682, 40.35174332565933], [115.77869049120656, 40.351744569043696], [115.77868724095411, 40.351924713091776], [115.7788049722043, 40.3519259563642], [115.77880172223567, 40.3521061004143], [115.77891945380632, 40.352107343574794], [115.77891782896758, 40.3521974156016], [115.77903556070213, 40.35219865864623], [115.77903393601261, 40.35228873067549], [115.77915166791104, 40.35228997360424], [115.77915004337078, 40.352380045635975], [115.7792677754331, 40.35238128844887], [115.77926452664371, 40.35256143251582], [115.7793822590265, 40.352562675216774], [115.77938063477738, 40.35265274725199], [115.7794983673241, 40.352653989837066], [115.7794967432242, 40.35274406187476], [115.77961447593479, 40.352745304343955], [115.77961285198415, 40.352835376384114], [115.77973058485867, 40.352836618737435], [115.77972896105726, 40.352926690780066], [115.77984669409565, 40.35292793301751], [115.77984507044351, 40.353018005062616], [115.78008053685541, 40.353020489185944], [115.7800789135091, 40.35311056123745], [115.7801966468826, 40.35311180312333], [115.78019502368552, 40.353201875177305], [115.7803127572229, 40.353203116947306], [115.7803111341751, 40.35329318900374], [115.78066433530095, 40.353296913606684], [115.78066271271554, 40.353386985673446], [115.78089818048252, 40.353389468150866], [115.78089655820295, 40.35347954022404], [115.78124976037803, 40.35348326305338], [115.78124813856087, 40.35357333513687], [115.78148360702734, 40.353575816431885], [115.781481985516, 40.353665888521775], [115.78171745432488, 40.35366836934541], [115.78171583311939, 40.35375844144167], [115.78183356769138, 40.35375968167769], [115.78183194663514, 40.35384975377642], [115.78194968137105, 40.353850993896565], [115.78194806046406, 40.353941065997766], [115.78206579536385, 40.35394230600201], [115.78206417460616, 40.35403237810567], [115.78218190966983, 40.354033617994034], [115.7821802890614, 40.35412369010015], [115.78229802428896, 40.35412492987262], [115.78229478336333, 40.35430507408834], [115.78241251891136, 40.354306313748836], [115.7824108985942, 40.35439638585843], [115.7825286343061, 40.354397625403045], [115.78252539396296, 40.35457776962569], [115.78264312999536, 40.35457900905833], [115.78264150996941, 40.35466908117137], [115.78275924616571, 40.354670320488125], [115.78275762628904, 40.35476039260363], [115.78287536264925, 40.35476163180448], [115.78287374292186, 40.354851703922456], [115.78299147944594, 40.354852943007415], [115.78298824028242, 40.355033087246824], [115.783105977127, 40.3550343262198], [115.78310273824741, 40.35521447046121], [115.78333821258484, 40.35521694806341], [115.78333659344726, 40.35530702018976], [115.7834543307835, 40.35530825881505], [115.78345109279967, 40.35548840307121], [115.7835688304564, 40.35548964158453], [115.78356721161009, 40.355579713714334], [115.78368494943075, 40.35558095211175], [115.78368333073375, 40.35567102424402], [115.78380106871829, 40.35567226252554], [115.78379783161556, 40.35585240679352], [115.7839155699206, 40.35585364496304], [115.78391395151486, 40.35594371709877], [115.78403168998379, 40.355944955152395], [115.78403007172737, 40.356035027290574], [115.78414781036021, 40.35603626522829], [115.78414619225306, 40.35612633736893], [115.78438166985381, 40.356128812892734], [115.78437843424406, 40.35630895718529], [115.78461391250039, 40.35631143224547], [115.78461229499776, 40.356401504397404], [115.78473003429345, 40.35640274175167], [115.78472841694015, 40.35649281390605], [115.78496389586664, 40.35649528826295], [115.78496227881924, 40.35658536042371], [115.78508001845003, 40.35658659742633], [115.78507840155193, 40.35667666958954], [115.7851961413466, 40.35667790647625], [115.78519452459781, 40.3567679786419], [115.78531226455641, 40.35676921541271], [115.7853106479569, 40.356859287580846], [115.78542838807938, 40.35686052423573], [115.7854267716292, 40.35695059640629], [115.78566225220928, 40.35695306936443], [115.78566063606502, 40.357043141541354], [115.78589611698744, 40.357045614028024], [115.7858945011491, 40.357135686211315], [115.78612998241391, 40.35713815822649], [115.78612675134177, 40.35731830260435], [115.78624449229832, 40.35731953844002], [115.78624287690793, 40.35740961063066], [115.78636061802837, 40.357410846350426], [115.78635900278731, 40.35750091854352], [115.78647674407163, 40.357502154147355], [115.78647512897992, 40.3575922263429], [115.78659287042814, 40.35759346183082], [115.78659125548572, 40.35768353402881], [115.78694448034396, 40.357687239785314], [115.78694609481657, 40.357597167575584], [115.78741706076976, 40.357602106891], [115.78741867460862, 40.35751203466418], [115.78753641595848, 40.35751326918956], [115.78753480227624, 40.35760334142029], [115.78788802683943, 40.35760704428914], [115.7878864136197, 40.357697116530126], [115.78835738043227, 40.35770205202663], [115.78835576783173, 40.35779212428178], [115.78859125159488, 40.35779459131886], [115.78858963930031, 40.35788466358034], [115.78917834961854, 40.35789082909552], [115.78917673809974, 40.35798090137506], [115.78941222259115, 40.357983366750105], [115.78941061137832, 40.358073439036005], [115.78964609621204, 40.358075903939536], [115.78964448530516, 40.35816597623177], [115.78976222788951, 40.35816720850768], [115.789760617132, 40.35825728080234], [115.78987835988025, 40.35825851296233], [115.78987674927207, 40.35834858525945], [115.78999449218419, 40.358349817303505], [115.78999288172537, 40.358439889603055], [115.79022836788467, 40.358442353339456], [115.79022675773182, 40.35853242564533], [115.79046224423341, 40.3585348889102], [115.79046063438652, 40.358624961222425], [115.79093160810335, 40.35862988632974], [115.79092999887567, 40.35871995865608], [115.79163646060839, 40.35872734274539], [115.79163324401073, 40.35890748744044], [115.79175098797147, 40.358908717710364], [115.79174937981837, 40.358998790059594], [115.7919848680749, 40.35900125024771], [115.7919832602278, 40.35909132260327], [115.79221874882658, 40.359093782319825], [115.79221714128546, 40.3591838546817], [115.79257037470789, 40.35918754336944], [115.79256876762942, 40.35927761574155], [115.79292200158697, 40.359281303362415], [115.79292039497109, 40.35937137574472], [115.79339137430917, 40.35937629091038], [115.79339298029853, 40.35928621851252], [115.79551238593447, 40.35930831296017], [115.79551078276435, 40.359398385427966], [115.79586401773483, 40.35940206407266], [115.79586241502737, 40.35949213655064], [115.79692212173877, 40.35950316604837], [115.79692052043374, 40.359593238559796], [115.79715601120677, 40.35959568824881], [115.79715441020775, 40.359685760766524], [115.79727215576173, 40.35968698543516], [115.79727055491213, 40.359777057955306], [115.79738830062998, 40.35977828250796], [115.79738509922232, 40.35995842755161], [115.79726735319124, 40.35995720299119], [115.79726415144144, 40.36013734802124], [115.79714640510431, 40.360136123333234], [115.79713839982026, 40.36058648586343], [115.79725614694057, 40.36058771057081], [115.79725454601872, 40.36067778307636], [115.7973722933029, 40.360679007667784], [115.79737069253046, 40.36076908017573], [115.79748843997851, 40.36077030465118], [115.79748683935551, 40.36086037716154], [115.79760458696738, 40.36086160152103], [115.79760138601299, 40.36104174654513], [115.79771913394538, 40.36104297079253], [115.79772073426953, 40.36095289827733], [115.79830947325657, 40.36095901769723], [115.79830787371559, 40.361049090231795], [115.79948535379717, 40.36106132012191], [115.79948375581537, 40.36115139269371], [115.79983700045038, 40.36115505933536], [115.7998354029313, 40.36124513191733], [115.8001886481011, 40.36124879749196], [115.80018705104472, 40.36133887008406], [115.80030479960573, 40.361340091706445], [115.80030320269879, 40.36143016430095], [115.80042095142363, 40.36143138580736], [115.80041775790147, 40.36161153099972], [115.80053550694679, 40.36161275239401], [115.80053391033154, 40.36170282499186], [115.8006516595407, 40.36170404627016], [115.8006500630749, 40.36179411887043], [115.80076781244792, 40.36179534003275], [115.80075823444173, 40.36233577562687], [115.80064048412882, 40.362334554441375], [115.8006388876126, 40.362424627031416], [115.80052113715024, 40.36242340572219], [115.80051954047018, 40.3625134783069], [115.80028403925377, 40.36251103532117], [115.80028244225319, 40.362601107896694], [115.80040019301445, 40.36260232945335], [115.80039540243943, 40.36287254718278], [115.80051315367785, 40.36287376863119], [115.80050996023847, 40.3630539137846], [115.80062771179739, 40.36305513512087], [115.80062611522354, 40.36314520769923], [115.80074386694632, 40.36314642891953], [115.80074067409035, 40.36332657407962], [115.80085842613364, 40.36332779518779], [115.80085682985153, 40.3634178677695], [115.80109233427305, 40.36342030963401], [115.80109073829702, 40.36351038222201], [115.80120849067525, 40.363511602978335], [115.80120689484872, 40.36360167556873], [115.80144239994007, 40.36360411672954], [115.80144080441964, 40.36369418932621], [115.80155855713278, 40.36369540973069], [115.80155696176182, 40.36378548232975], [115.80179246752303, 40.36378792278688], [115.80179087245816, 40.36387799539221], [115.80190862550621, 40.36387921544484], [115.80190703059084, 40.36396928805257], [115.80214253702187, 40.363971727805996], [115.80214094241263, 40.36406180041999], [115.80225869579559, 40.364063020120774], [115.80225710133583, 40.36415309273717], [115.80261036199789, 40.36415675113195], [115.80260876800091, 40.36424682375845], [115.8029620291977, 40.364250481086074], [115.80296043566352, 40.3643405537227], [115.803313697395, 40.36434420998316], [115.80331210432365, 40.3644342826299], [115.80354761249392, 40.36443671954528], [115.8035460197287, 40.364526792198276], [115.80378152824106, 40.36452922864193], [115.80377993578199, 40.364619301301175], [115.8040154446364, 40.3646217372731], [115.80401226032342, 40.36480188260262], [115.80413001507475, 40.36480310041649], [115.80412842306414, 40.36489317308292], [115.80436393290167, 40.364895608358786], [115.80435756604085, 40.36525589904074], [115.80447532159707, 40.36525711651429], [115.80447373002058, 40.36534718918499], [115.80435597430768, 40.365345971707576], [115.80435279081979, 40.36552611703688], [115.80399952278412, 40.36552246386235], [115.80399793055939, 40.365612536513254], [115.80376241825817, 40.36561010045652], [115.80376082571289, 40.36570017309824], [115.80364306941637, 40.36569895488622], [115.80363988399091, 40.365879100157606], [115.80352212738825, 40.36587788181801], [115.80352053450807, 40.36596795444765], [115.80375604803395, 40.36597039101467], [115.80375445545994, 40.36606046365057], [115.80398996932794, 40.36606289974584], [115.80398837706012, 40.366152972387994], [115.80434164838603, 40.366156625643455], [115.80434324018383, 40.36606655298976], [115.80446099715014, 40.366067770497985], [115.80446258878409, 40.36597769783897], [115.80469810242492, 40.36598013248814], [115.80469969373831, 40.36589005981996], [115.80528847718263, 40.36589614432593], [115.80528688665262, 40.36598621701337], [115.8066999695309, 40.36600080764744], [115.80670155818073, 40.36591073491383], [115.80693707178082, 40.365913165000336], [115.80693866011013, 40.36582309225756], [115.80729193009392, 40.36582673647679], [115.80729351794604, 40.36573666372103], [115.80764678752428, 40.365740306849936], [115.80764837489919, 40.36565023408119], [115.8084726697356, 40.36565873049307], [115.80847108345743, 40.365748803288696], [115.80929537974129, 40.36575729385399], [115.80929379455273, 40.36584736667503], [115.8098825786106, 40.36585342778771], [115.8098794097788, 40.36603357346381], [115.81011492407873, 40.36603599708515], [115.81011650818483, 40.36594592424016], [115.81058753624366, 40.36595077002909], [115.81058911971591, 40.365860697167285], [115.81176668879623, 40.365872803210536], [115.8117682706945, 40.36578273030898], [115.8118860274851, 40.365783940250196], [115.81188760921958, 40.36569386734335], [115.81200536586067, 40.365695077160886], [115.8120069474313, 40.36560500424875], [115.81212470392285, 40.36560621394259], [115.81212628532968, 40.36551614102517], [115.81236179802079, 40.36551856004558], [115.81236337910714, 40.36542848711904], [115.81271664772726, 40.36543211473918], [115.81271506711094, 40.36552218767719], [115.81306833626527, 40.365525814230004], [115.81306991641156, 40.36543574128051], [115.81365869769462, 40.365441783118754], [115.81364132431085, 40.36643258569327], [115.81352356631649, 40.366431377523305], [115.81352198671851, 40.36652145047205], [115.81363974486958, 40.36652265864585], [115.81363658596565, 40.3667028045466], [115.81375434443719, 40.36670401260818], [115.81375276513123, 40.3667940855602], [115.81387052376658, 40.366795293505724], [115.81386894461019, 40.36688536646011], [115.81410446221565, 40.366887781999196], [115.8141028833655, 40.36697785495975], [115.81422064233563, 40.36697906255331], [115.81421906363502, 40.367069135516246], [115.81433682276895, 40.36707034299374], [115.81433524421794, 40.36716041595904], [115.81457076282055, 40.36716283056207], [115.81456918457577, 40.36725290353355], [115.81504022249318, 40.3672577313164], [115.81504337772205, 40.367077585341434], [115.8152788960967, 40.36707999849835], [115.81528047338708, 40.36698992550104], [115.81539823242836, 40.366991131895865], [115.8153950781539, 40.36717127789667], [115.81551283751571, 40.36717248417925], [115.81550968352613, 40.36735263018185], [115.81562744320844, 40.3673538363522], [115.81562586635968, 40.36744390935514], [115.81621466566138, 40.36744993842787], [115.81621308958898, 40.36754001144841], [115.81656636972542, 40.36754362746499], [115.81656479411598, 40.367633700495524], [115.81691807478647, 40.36763731544466], [115.81691649964002, 40.36772738848518], [115.81774082255008, 40.36773581919755], [115.8177392484934, 40.367825892263276], [115.81785700909424, 40.36782709617506], [115.81785543518714, 40.36791716924317], [115.81797319595178, 40.36791837303888], [115.81797162219429, 40.368008446109336], [115.81820714405826, 40.36801085334876], [115.81820871750233, 40.36792078027069], [115.8184442390813, 40.36792318702298], [115.8184458122049, 40.36783311393584], [115.81868133349884, 40.36783552020101], [115.81867976068865, 40.36792559329576], [115.81856199988141, 40.36792439021931], [115.81856042690744, 40.36801446330881], [115.81844266595061, 40.36801326010867], [115.81843794651594, 40.368283479356954], [115.81855570794288, 40.368284682568536], [115.81855413494051, 40.3683747556522], [115.81867189653123, 40.368375958747684], [115.81867032367843, 40.368466031833684], [115.81937689431197, 40.368473247912014], [115.81937846622453, 40.36838317480317], [115.81973175116697, 40.36838678121254], [115.81973803686586, 40.368026488716914], [115.8196202758381, 40.368025286715564], [115.81961870426731, 40.36811535983785], [115.81938318191966, 40.36811295546788], [115.81938789755097, 40.367842736119464], [115.81950565825116, 40.36784393835296], [115.81950722995737, 40.367753865230114], [115.81962499050795, 40.367755067339935], [115.81962813358571, 40.36757492108223], [115.81974589382999, 40.36757612306459], [115.81974746520153, 40.367486049929745], [115.82021850562272, 40.36749085664515], [115.82022007636041, 40.36740078349362], [115.82045559630015, 40.367403186124456], [115.82045716671735, 40.367313112963885], [115.82057492654116, 40.36731431409569], [115.82057335628065, 40.367404387260066], [115.82127991631235, 40.367411591556305], [115.82128148563268, 40.36732151836914], [115.82151700538653, 40.36732391883463], [115.82151543637957, 40.3674139920294], [115.82245751693155, 40.3674235891267], [115.82245594917106, 40.3675136623504], [115.82280922996488, 40.36751725929532], [115.8228076626674, 40.367607332528934], [115.82304318354535, 40.36760972990042], [115.82304161655422, 40.36769980314016], [115.82327713777384, 40.36770220003973], [115.82327557108904, 40.3677922732856], [115.82339333186616, 40.36779347155937], [115.82339176533097, 40.36788354480757], [115.82350952627186, 40.367884742965245], [115.82350795988631, 40.36797481621579], [115.82362572099093, 40.36797601425739], [115.82362415475502, 40.36806608751025], [115.82374191602344, 40.368067285435764], [115.82373095327108, 40.368697798191604], [115.82361319090573, 40.368696600239566], [115.82361162461328, 40.36878667348077], [115.82349386209832, 40.36878547540506], [115.82349229564208, 40.368875548641036], [115.82325677031993, 40.368873152122376], [115.82325520354323, 40.3689632253493], [115.82301967793595, 40.36896082834352], [115.82301811083875, 40.36905090156139], [115.822900347889, 40.36904970287489], [115.82289878062802, 40.369139776087515], [115.82278101752865, 40.36913857727733], [115.82277788267207, 40.369318723690625], [115.82266011926633, 40.36931752475297], [115.82265855167074, 40.36940759795363], [115.82254078811536, 40.36940639889231], [115.82253922035596, 40.36949647208772], [115.82230369295304, 40.36949407359782], [115.82230212487315, 40.36958414678418], [115.82124225049976, 40.36957334761115], [115.82124381999004, 40.36948327445898], [115.82112605636289, 40.36948207395523], [115.82112919563565, 40.36930192765409], [115.82101143232899, 40.369300727038066], [115.82101457188685, 40.36912058073869], [115.82077904592161, 40.36911817916219], [115.82077590573692, 40.36929832544638], [115.82089366902942, 40.36929952630217], [115.82089209908317, 40.36938959944586], [115.82077433563397, 40.36938839858628], [115.82077276552391, 40.36947847172473], [115.8204194747487, 40.369474868415246], [115.82042104532887, 40.369384795288205], [115.82006775508755, 40.36938119091119], [115.82006618403726, 40.36947126402681], [115.81994842048096, 40.36947006232424], [115.81994999168796, 40.36937998921241], [115.81959670153172, 40.369376383396784], [115.81960141652063, 40.36910616408679], [115.81948365361953, 40.36910496191988], [115.81948522542501, 40.36901488881744], [115.8193674626877, 40.36901368653447], [115.8193690346428, 40.368923613434376], [115.8192512720693, 40.36892241103532], [115.81925284417403, 40.36883233793758], [115.81913508176432, 40.368831135422454], [115.81913350950288, 40.3689212085164], [115.81889798439133, 40.368918803118895], [115.81889169402099, 40.36927909544964], [115.81900945720005, 40.36928029822356], [115.81900788474645, 40.36937037130641], [115.81877235808201, 40.369367965631064], [115.81877393084902, 40.369277892555836], [115.8185384045264, 40.36927548640858], [115.81853997759974, 40.36918541333949], [115.81842221460577, 40.36918421008986], [115.81842536104459, 40.36900406395494], [115.81830759837113, 40.369002860593035], [115.8183091717366, 40.3689127875272], [115.8180736467244, 40.36891038045136], [115.81807522039617, 40.36882030739169], [115.81783969572581, 40.36881789984394], [115.81783812174059, 40.36890797289598], [115.81736707185821, 40.36890315634666], [115.81736864647023, 40.36881308330987], [115.81701535960316, 40.36880946965056], [115.81701693467818, 40.36871939662371], [115.81678141044907, 40.36871698692574], [115.81677983506061, 40.368807059944956], [115.81619102382871, 40.368801033583026], [115.81618944764965, 40.3688911065817], [115.81607168526789, 40.36888990094585], [115.81607326160366, 40.368799827950994], [115.81548445058512, 40.36879379799265], [115.8154860276973, 40.3687037250154], [115.81501497963733, 40.368698898906146], [115.81501340189834, 40.36878897186813], [115.81454235332546, 40.368784143825515], [115.81454393169128, 40.36869407087882], [115.81419064580649, 40.36869044859957], [115.8141922246353, 40.36860037566289], [115.81360341575332, 40.36859433615235], [115.8136049953585, 40.368504263233326], [115.81301618743822, 40.368498220744925], [115.8130146070495, 40.36858829364482], [115.81266132191278, 40.368584666701736], [115.81265974104686, 40.36867473958869], [115.81230645550421, 40.36867111155523], [115.81230487416103, 40.36876118442926], [115.81218711217106, 40.36875997484118], [115.81218553066404, 40.36885004770991], [115.8120677685245, 40.36884883799813], [115.81206460517565, 40.369028983723545], [115.81194684272982, 40.36902777388423], [115.81194526088801, 40.36911784674093], [115.81182749829262, 40.369116636777896], [115.8118211702271, 40.369476928174784], [115.81193893344931, 40.369478138153134], [115.8119373515718, 40.36956821100253], [115.81205511495787, 40.36956942086483], [115.81205353322991, 40.36965949371661], [115.8122890603369, 40.36966191308921], [115.81228589748645, 40.3698420588037], [115.81240366136406, 40.36984326831783], [115.81240208008484, 40.36993334117671], [115.8125198441263, 40.36993455057479], [115.81251826299666, 40.37002462343604], [115.81263602720195, 40.370025832718056], [115.8126344462219, 40.37011590558168], [115.81286997496733, 40.370118323793704], [115.81286839429359, 40.37020839666352], [115.8129861588337, 40.37020960559354], [115.81298457830954, 40.37029967846572], [115.81310234301351, 40.37030088727967], [115.81310076263891, 40.37039096015421], [115.81333629238168, 40.370393377430105], [115.81333471231339, 40.37048345031085], [115.81345247735219, 40.37048465877279], [115.81345089743348, 40.3705747316559], [115.81356866263613, 40.370575940001785], [115.81356708286701, 40.370666012887256], [115.8136848482335, 40.37066722111707], [115.81368326861399, 40.3707572940049], [115.8138010341443, 40.37075850211865], [115.8137994546744, 40.37084857500885], [115.81403498606988, 40.37085099088433], [115.81403340690626, 40.37094106378073], [115.81462223630324, 40.37094710139046], [115.81462065791611, 40.3710371743045], [115.8148561900382, 40.371039588516815], [115.8148546119574, 40.371129661437045], [115.81497237818586, 40.37113086836719], [115.81497080025464, 40.37122094128977], [115.81520633304633, 40.37122335479801], [115.81520475542148, 40.37131342772677], [115.81544028855507, 40.3713158407631], [115.81543871123652, 40.37140591369804], [115.81590977821607, 40.37141073834727], [115.8159082015173, 40.37150081129601], [115.81614373536318, 40.371503222908906], [115.81614215897078, 40.37159329586384], [115.81637769315859, 40.3715957070048], [115.8163761170725, 40.371685779965894], [115.81649388433378, 40.37168698536035], [115.81649230839734, 40.37177705832381], [115.81661007582247, 40.37177826360217], [115.8166085000356, 40.371868336567985], [115.81672626762457, 40.37186954173028], [115.81672469198735, 40.37195961469844], [115.81684245974017, 40.371960819744665], [115.81684088425257, 40.372050892715194], [115.8169586521692, 40.372052097645316], [115.81695707683123, 40.372142170618204], [115.81707484491172, 40.37214337543226], [115.81707326972335, 40.37223344840749], [115.8173088062191, 40.372235857683535], [115.8173072313371, 40.372325930664935], [115.81789607348448, 40.37233195177595], [115.81789449937904, 40.372422024774934], [115.81813003660118, 40.37242443238769], [115.81812846280208, 40.37251450539285], [115.81824623158055, 40.37251570902319], [115.81824465793109, 40.372605782030696], [115.81836242687339, 40.372606985544955], [115.81835927986667, 40.3727871315632], [115.81859481839948, 40.372789538247254], [115.81859324519897, 40.372879611261816], [115.81871101463275, 40.3728808144278], [115.81870944158186, 40.372970887444716], [115.81882721117948, 40.372972090494606], [115.81882563827823, 40.373062163513865], [115.81894340803969, 40.373063366447674], [115.81894183528807, 40.37315343946927], [115.81905960521337, 40.37315464228699], [115.8190517421326, 40.373605007392165], [115.81916951284869, 40.373606210109], [115.81916794036798, 40.373696283129476], [115.81928571124791, 40.373697485730226], [115.81928413891687, 40.373787558753044], [115.81951968101151, 40.37378996360245], [115.8195165369551, 40.373970109658934], [115.81963430832656, 40.37397131191138], [115.81963116455528, 40.374151457969646], [115.81951339287033, 40.37415025570957], [115.8195118208173, 40.374240328732704], [115.8192762771552, 40.37423792384525], [115.81927784952171, 40.37414785082972], [115.81916007785806, 40.37414664820994], [115.81915221517076, 40.374597013253954], [115.81903444273046, 40.37459581049524], [115.81902972456267, 40.374866029492736], [115.8189119516592, 40.374864826602696], [115.81891037876565, 40.374954899595124], [115.81879260571252, 40.37495369658137], [115.81878945959065, 40.37513384255426], [115.81867168623111, 40.37513263941298], [115.81865595362831, 40.37603336915187], [115.81853817870828, 40.3760321658526], [115.8185366052522, 40.37612223881465], [115.818654380329, 40.37612344211774], [115.81864966038844, 40.37639366100658], [115.8187674359426, 40.37639486420117], [115.81876586277167, 40.37648493716502], [115.8188836384897, 40.376486140243486], [115.81888049244003, 40.37666628617441], [115.81970492485972, 40.37667470441947], [115.81970335292162, 40.37676477740939], [115.8199389054189, 40.37676718155065], [115.81993733378724, 40.376857254546714], [115.82017288662642, 40.37685965821591], [115.82017131530122, 40.37694973121812], [115.8202890918882, 40.37695093287666], [115.82028594953005, 40.37713107888432], [115.82040372643769, 40.377132280430544], [115.8204005843647, 40.37731242643997], [115.8206361388283, 40.37731482918787], [115.82063456809473, 40.377404902198016], [115.82087012290025, 40.37740730447384], [115.82086855247313, 40.37749737749012], [115.82110410762051, 40.377499779293885], [115.82110253749988, 40.377589852316305], [115.82145587074443, 40.377593454133965], [115.821454301087, 40.37768352716633], [115.82192541280597, 40.37768832792622], [115.82192384376859, 40.3777784009723], [115.82204162187281, 40.377779600866276], [115.82203377736356, 40.378229966093876], [115.82191599847543, 40.37822876618092], [115.8219112912146, 40.378498985288594], [115.82179351186325, 40.37849778524432], [115.82179194260534, 40.378587858273505], [115.8219097221135, 40.37858905832157], [115.8219050147677, 40.37885927741175], [115.8217872347892, 40.37885807735229], [115.8217840962097, 40.37903822339752], [115.82166631592469, 40.379037023210536], [115.82166474646752, 40.37912709622717], [115.82142918560521, 40.379124695485835], [115.82142761582739, 40.3792147684934], [115.82119205467981, 40.37921236726476], [115.82119048458134, 40.37930244026329], [115.82095492314855, 40.37930003854734], [115.82095335272942, 40.379390111536814], [115.82071779101136, 40.37938770933357], [115.82071622027158, 40.37947778231397], [115.82036287727732, 40.379474178098256], [115.82036130606005, 40.37956425106579], [115.82000796265922, 40.37956064575934], [115.8200063909645, 40.379650718714004], [115.81988860968828, 40.379649516701534], [115.81988546596398, 40.37982966259887], [115.81976768438129, 40.37982846045887], [115.81976454031502, 40.38000860634279], [115.81964675842583, 40.38000740407523], [115.81964361401762, 40.380187549945695], [115.81952583182195, 40.380186347550605], [115.81952425945039, 40.38027642047986], [115.81940647710499, 40.38027521796104], [115.81940333202704, 40.38045536380753], [115.81928554937514, 40.38045416116117], [115.81928397666874, 40.38054423407843], [115.81916619386713, 40.38054303130832], [115.81916462099684, 40.380633104220315], [115.81904683804554, 40.380631901326474], [115.81904369197002, 40.38081204713846], [115.81892590871223, 40.380810844117086], [115.81892433550703, 40.380900917017094], [115.81904211892163, 40.38090212004228], [115.81903897280353, 40.38108226584553], [115.81915675653882, 40.381083468758405], [115.81915518362592, 40.381173541661646], [115.81939075143141, 40.38117594713519], [115.81938917882503, 40.381266020044585], [115.81962474697251, 40.38126842504602], [115.81961688540221, 40.38171878960917], [115.8194991005409, 40.381717587149396], [115.81949752804873, 40.38180766005385], [115.81937974303771, 40.38180645747033], [115.81937817038165, 40.38189653036952], [115.81926038522094, 40.38189532766226], [115.81925723957391, 40.38207547344865], [115.81913945410668, 40.38207427061385], [115.8191378811157, 40.38216434350104], [115.81902009549874, 40.382163140542495], [115.81901852234385, 40.382253213424434], [115.81890073657718, 40.38225201034214], [115.81889758993252, 40.38243215609401], [115.81877980385933, 40.382430952884164], [115.81877665687264, 40.38261109862259], [115.81889444325948, 40.38261230184006], [115.81889129655801, 40.382792447580286], [115.81900908326557, 40.38279365068542], [115.81900751006101, 40.38288372355715], [115.81924308381106, 40.38288612941522], [115.81924151091303, 40.38297620229311], [115.81935929795551, 40.38297740504603], [115.8193577252072, 40.38306747792627], [115.8194755124136, 40.38306868056306], [115.81946922197669, 40.38342897208462], [115.81958700981745, 40.383430174616706], [115.81958229238572, 40.38370039325398], [115.81970008070404, 40.38370159567754], [115.8196749224989, 40.385142761582244], [115.81979271333357, 40.38514396394673], [115.81978013480457, 40.38586454678952], [115.81989792690104, 40.3858657490645], [115.81989635470983, 40.38595582191709], [115.8200141469702, 40.38595702407592], [115.82001257492874, 40.38604709693085], [115.82013036735304, 40.386048298973535], [115.82012879546134, 40.3861383718308], [115.8202465880496, 40.38613957375733], [115.82024501630764, 40.38622964661696], [115.82036280905983, 40.38623084842734], [115.8203596658683, 40.38641099414983], [115.82047745894127, 40.38641219584785], [115.82047431603506, 40.38659234157212], [115.82059210942882, 40.38659354315779], [115.82059053812193, 40.38668361602153], [115.82047274457132, 40.38668241443205], [115.82046960162258, 40.38686256014757], [115.82035180776538, 40.38686135843054], [115.82034394948516, 40.38731172267479], [115.8204617441266, 40.38731292441083], [115.82046017260615, 40.387402997259116], [115.82057796741152, 40.38740419887902], [115.82057639604082, 40.387494271729636], [115.82069419101016, 40.38749547323337], [115.8206926197892, 40.38758554608635], [115.82104600521029, 40.387589149889195], [115.8210444344528, 40.387679222752105], [115.8211622297642, 40.38768042378361], [115.8211606591565, 40.38777049664887], [115.82127845463184, 40.3877716975642], [115.82127531370887, 40.38795184329795], [115.8216287011185, 40.38795544534698], [115.82162713111695, 40.38804551822307], [115.82209831505641, 40.38805031929085], [115.82209517628694, 40.38823046506902], [115.82221297260323, 40.38823166504364], [115.82221140336472, 40.388321737934355], [115.82232919984496, 40.388322937792815], [115.82232763075622, 40.38841301068585], [115.82256322405163, 40.38841541005048], [115.82256165526955, 40.38850548294966], [115.822797248907, 40.388507881842024], [115.82279568043157, 40.38859795474732], [115.82303127441102, 40.388600353167426], [115.82302970624224, 40.38869042607886], [115.8229119090921, 40.388689226924996], [115.82290877241958, 40.38886937273591], [115.82302656988344, 40.388870571897364], [115.82302500169342, 40.38896064480441], [115.82290720407269, 40.388959445639166], [115.82290249898959, 40.38922966434021], [115.82302029708092, 40.38923086351685], [115.82301245591852, 40.38968122800841], [115.82313025480127, 40.389682427084054], [115.82313182289103, 40.389592354184856], [115.82324962162399, 40.38959355313672], [115.82325432538019, 40.389323334419025], [115.8233721236496, 40.38932453323954], [115.82336898813296, 40.389504679060394], [115.82372238392483, 40.389508274824905], [115.82372081662652, 40.389598347744524], [115.82383861539482, 40.38959954609654], [115.82383704824629, 40.3896896190185], [115.82407264611787, 40.38969201537023], [115.824071079276, 40.38978208829831], [115.82418887837927, 40.389783286298005], [115.82418574498807, 40.38996343215736], [115.82430354441215, 40.38996463004467], [115.82430041130641, 40.39014477590578], [115.82441821105131, 40.390145973680696], [115.82441664464473, 40.39023604661286], [115.82453444455355, 40.3902372442716], [115.82453287829676, 40.39032731720609], [115.82465067836955, 40.390328514748646], [115.82464754614851, 40.390508660620824], [115.82488314694278, 40.39051105536118], [115.82488158113541, 40.39060112830266], [115.82499938170004, 40.390602325496666], [115.82499625037788, 40.39078247138284], [115.82523185215581, 40.39078486542607], [115.82523028679788, 40.39087493837455], [115.82534808785432, 40.39087613522], [115.82534495743106, 40.39105628112013], [115.82558056019265, 40.391058674466244], [115.82557899528418, 40.39114874742172], [115.82581459838778, 40.3911511402955], [115.82581303378602, 40.39124121325707], [115.82604863723162, 40.391243605658524], [115.82604707293657, 40.391333678626204], [115.82616487482684, 40.391334874650745], [115.82616174652934, 40.39151502058932], [115.82627954874046, 40.39151621650145], [115.82627485671189, 40.391786435409735], [115.82615705403013, 40.391785239486246], [115.82615392566204, 40.391965385410245], [115.82603612267356, 40.3919641893592], [115.82603768701803, 40.391874116401716], [115.82591988419351, 40.3918729202345], [115.82591675518373, 40.392053066140434], [115.82579895205248, 40.39205186984566], [115.82579738738013, 40.39214194279265], [115.82567958409903, 40.3921407463741], [115.82567488956892, 40.392410965195], [115.82555708582423, 40.3924097686451], [115.82555082572429, 40.39277006037073], [115.82543302135909, 40.39276886368572], [115.8254283257393, 40.39303908245327], [115.82554613057519, 40.39304027914965], [115.82554300044048, 40.39322042499498], [115.82542519529079, 40.393219228291024], [115.82542363005594, 40.3933093012077], [115.82518801946398, 40.393306907432276], [115.82518645390824, 40.393396980339936], [115.82530425935762, 40.39339817729143], [115.8253011285388, 40.39357832310994], [115.82541893430903, 40.39357951994903], [115.82541736904594, 40.39366959285989], [115.82529956311879, 40.393668396017006], [115.82529799769173, 40.39375846892262], [115.82541580377577, 40.393759665769274], [115.82541267321425, 40.39393981158371], [115.82564828603111, 40.39394220493221], [115.82564515606896, 40.39412235075593], [115.82576296280179, 40.394123547257784], [115.82575826827632, 40.39439376599382], [115.82587607548693, 40.394394962387025], [115.82587451078788, 40.394485035299894], [115.82599231816246, 40.394486231576906], [115.82599075361328, 40.39457630449212], [115.82610856115183, 40.39457750065293], [115.8261069967525, 40.394667573570445], [115.826224804455, 40.39466876961504], [115.82622636869743, 40.39457869669373], [115.8263441762501, 40.39457989261455], [115.8263426121646, 40.39466996553965], [115.82646041988123, 40.39467116134426], [115.82645885594557, 40.3947612342717], [115.82657666382616, 40.39476242996009], [115.82657510004034, 40.39485250288986], [115.82669290808492, 40.39485369846206], [115.82668978080595, 40.39503384432476], [115.82680758917138, 40.395035039784524], [115.82679195392235, 40.39593576904843], [115.82690976386401, 40.39593696442603], [115.82690663704338, 40.396117110268875], [115.82702444730594, 40.39611830553406], [115.82702288404197, 40.39620837845706], [115.82749412579047, 40.396213158332905], [115.82749568842675, 40.39612308539477], [115.82773130902947, 40.396125474605135], [115.82772193498906, 40.39666591225751], [115.82760412374262, 40.39666471768964], [115.82760256122094, 40.39675479062283], [115.82772037262428, 40.396755985194474], [115.82771881025249, 40.39684605812999], [115.8276009986922, 40.39684486355456], [115.82759943615643, 40.39693493648482], [115.82748162444628, 40.39693374178561], [115.82748006174653, 40.39702381471064], [115.82736224988649, 40.39702261988764], [115.82736381274317, 40.396932546966404], [115.82724600104711, 40.39693135202718], [115.82724756405369, 40.39684127910827], [115.82701194099657, 40.39683888887741], [115.82701037767616, 40.39692896178876], [115.82712818935813, 40.396930156967976], [115.82712506301, 40.397110302793884], [115.82700725101418, 40.39710910760711], [115.82700099760555, 40.39746939922632], [115.82711881022908, 40.39747059442821], [115.8271172470162, 40.397560667333146], [115.82723505980373, 40.39756186241883], [115.82723037059361, 40.397832081136244], [115.82734818385897, 40.39783327611326], [115.82734662093176, 40.39792334901993], [115.82746443436112, 40.39792454388074], [115.8274659971314, 40.39783447097028], [115.8277016236974, 40.3978368603243], [115.82769849877754, 40.39801700615887], [115.82781631238498, 40.39801820066344], [115.82781475007144, 40.3981082735823], [115.82793256384286, 40.39810946797065], [115.82793100167919, 40.398199540891845], [115.82804881561461, 40.39820073516395], [115.82803475723672, 40.39901139142314], [115.82779912654799, 40.39900900269089], [115.82780537604197, 40.39864871106495], [115.82768756133595, 40.39864751653393], [115.8276813112142, 40.399007808144745], [115.75110286848944, 40.39820596311501]], [[115.82721473943474, 40.398732810099524], [115.82733255426949, 40.398734005114356], [115.8273341172602, 40.39864393222081], [115.82721630258239, 40.398642737209755], [115.82721473943474, 40.398732810099524]], [[115.82746287158379, 40.39801461678972], [115.82758068517714, 40.3980158115343], [115.82758224779752, 40.397925738621524], [115.82746443436112, 40.39792454388074], [115.82746287158379, 40.39801461678972]], [[115.82725069004563, 40.39666113326604], [115.82748631250324, 40.39666352300177], [115.8274878751748, 40.396573450070925], [115.82760568625723, 40.396574644755006], [115.82760881126534, 40.39639449888136], [115.82737318973517, 40.39639210940831], [115.8273716269208, 40.396482182338296], [115.82725381600939, 40.396480987417995], [115.82725069004563, 40.39666113326604]], [[115.81750547772097, 40.39467001085949], [115.8176232850632, 40.39467121566719], [115.81762486076704, 40.3945811430246], [115.81774266795948, 40.3945823477085], [115.81774739455764, 40.39431212976058], [115.81762958783592, 40.39431092508812], [115.81762801215342, 40.394400997735076], [115.8175102052819, 40.39439979293882], [115.81750547772097, 40.39467001085949]], [[115.82506708274629, 40.39348585617086], [115.82518488834548, 40.39348705324613], [115.82518645390824, 40.393396980339936], [115.82506864846597, 40.39339578326845], [115.82506708274629, 40.39348585617086]], [[115.74572792004312, 40.38940920435389], [115.74584571507279, 40.38941048214919], [115.74584738610648, 40.389320411829445], [115.74572959123365, 40.38931913403818], [115.74572792004312, 40.38940920435389]], [[115.82184231648621, 40.389218866351996], [115.82207791254851, 40.389221266744705], [115.82207948201469, 40.389131193872394], [115.82219727989958, 40.389132393885], [115.82220512633991, 40.388682029482545], [115.82208732923935, 40.388680829488926], [115.82208575980856, 40.388770902368535], [115.82173236807873, 40.388767301656486], [115.8217307981703, 40.38885737452325], [115.82161300078431, 40.388856174042175], [115.82161143071191, 40.38894624690367], [115.82172922825475, 40.388947447388546], [115.82172765833215, 40.38903752025239], [115.82184545603894, 40.389038720621095], [115.82184231648621, 40.389218866351996]], [[115.82220669560674, 40.38859195659769], [115.82232449255754, 40.388593156467536], [115.82232606166043, 40.388503083577426], [115.82220826486649, 40.388501883711356], [115.82220669560674, 40.38859195659769]], [[115.74459513200549, 40.38696452185762], [115.74471292272506, 40.38696580074323], [115.74471459512347, 40.3868757304244], [115.74459680456073, 40.38687445154283], [115.74459513200549, 40.38696452185762]], [[115.82113233488006, 40.369121781347104], [115.82195667603096, 40.36913018224936], [115.8219582445456, 40.369040109067086], [115.82207600743877, 40.369041308712646], [115.8220822807997, 40.36868101595384], [115.82137570730787, 40.36867381637336], [115.82137413803801, 40.36876388954246], [115.82113861328394, 40.36876148871566], [115.82113704369358, 40.36885156187572], [115.82101928117048, 40.368850361278696], [115.82101614165514, 40.369030507586814], [115.82113390449166, 40.36903170819144], [115.82113233488006, 40.369121781347104]], [[115.81973017972452, 40.3684768543328], [115.82008346520085, 40.368480459674664], [115.82008660713844, 40.368300313409875], [115.81985108410727, 40.36829790998372], [115.8198495128286, 40.36838798310924], [115.81973175116697, 40.36838678121254], [115.81973017972452, 40.3684768543328]], [[115.81443406222832, 40.3682424988361], [115.81490510701185, 40.36824732726656], [115.81490668486482, 40.368157254299646], [115.81502444592182, 40.36815846110374], [115.81502917896796, 40.367888242182865], [115.81491141838109, 40.36788703539022], [115.81491299620558, 40.36779696241749], [115.81361763194342, 40.36778367982865], [115.81361605239526, 40.367873752759344], [115.81349829189384, 40.36787254452818], [115.81349671218184, 40.36796261745359], [115.81361447283994, 40.36796382568858], [115.81361289327754, 40.368053898616346], [115.81396617576473, 40.3680575226135], [115.81396459666529, 40.36814759555128], [115.81443564070808, 40.36815242588449], [115.81443406222832, 40.3682424988361]], [[115.81294583892169, 40.365794824327175], [115.8131813526527, 40.36579724169241], [115.81318451266758, 40.36561709579306], [115.81306675611188, 40.36561588717804], [115.81306517595132, 40.365705960124615], [115.81294741924606, 40.365704751385884], [115.81294583892169, 40.365794824327175]], [[115.75572348710796, 40.36483290645869], [115.75666550881259, 40.36484303893944], [115.75666716399586, 40.36475296786431], [115.75725592702067, 40.364759296749455], [115.75725758141317, 40.36466922565284], [115.75737533388387, 40.3646704910663], [115.75737367964801, 40.36476056216692], [115.75749143228283, 40.36476182746451], [115.75749308636202, 40.3646717563599], [115.75831735391805, 40.36468061005917], [115.75831570093548, 40.36477068119179], [115.75843345362996, 40.36477194553056], [115.75843510645588, 40.36468187439392], [115.75867061155394, 40.36468440270388], [115.75867556904701, 40.36441418926115], [115.75879332113723, 40.36441545322434], [115.75879497346338, 40.36432538206984], [115.7586772215298, 40.36432411811064], [115.75867887400511, 40.364234046958686], [115.75856112223565, 40.36423278288363], [115.75856277486018, 40.36414271173421], [115.75820952006649, 40.36413891880194], [115.75820786697199, 40.36422898993938], [115.7577368600582, 40.36422393100242], [115.75773520632963, 40.36431400212236], [115.75726419890857, 40.364308941251736], [115.75726254454594, 40.3643990123542], [115.75596727303073, 40.364385085028005], [115.75596561693739, 40.364475156084936], [115.75573011280933, 40.364472622277695], [115.75572348710796, 40.36483290645869]], [[115.63971122237078, 40.32397753277064], [115.63994657485554, 40.3239803005323], [115.63994838278177, 40.32389023299769], [115.64018373498651, 40.32389300027192], [115.64018915777845, 40.32362279763299], [115.64007148214095, 40.32362141406884], [115.64007328987826, 40.32353134652395], [115.63995561440521, 40.32352996284453], [115.63995380651157, 40.32362003038504], [115.63983613089036, 40.32361864658155], [115.63983251476604, 40.32379878164937], [115.63971483884035, 40.32379739771748], [115.63971122237078, 40.32397753277064]], [[115.60906641382427, 40.32027977617087], [115.60918408212748, 40.32028119117781], [115.60918593069704, 40.32019112474918], [115.6095389351879, 40.32019536903871], [115.60954078328031, 40.32010530259516], [115.60977611933669, 40.32010813151433], [115.60977796710823, 40.32001806506035], [115.60989563499263, 40.32001947933598], [115.60989748259956, 40.31992941287605], [115.61001515033604, 40.31993082702758], [115.61002623486502, 40.319390428210085], [115.60967323449343, 40.31938618547717], [115.60967138662396, 40.31947625193701], [115.60955371969382, 40.319474837448944], [115.60955187165978, 40.31956490390284], [115.6094342045817, 40.31956348929065], [115.60943050817602, 40.31974362218504], [115.60931284079376, 40.31974220744426], [115.60931099242215, 40.319832273884764], [115.60919332489196, 40.31983085901985], [115.60919147635572, 40.3199209254544], [115.60907380867759, 40.31991951046537], [115.60907195997677, 40.320009576893945], [115.60895429215071, 40.3200081617808], [115.60895244328526, 40.320098228203435], [115.60883477531128, 40.320096812966156], [115.60883292628121, 40.32018687938284], [115.6090682625501, 40.320189709746714], [115.60906641382427, 40.32027977617087]], [[115.61647217866191, 40.30343190072159], [115.61717801539474, 40.30344034087122], [115.61717985224846, 40.30335027387471], [115.61729749157679, 40.303351680143344], [115.61730851158828, 40.3028112781066], [115.61742614998805, 40.302812684228954], [115.61742798647148, 40.30272261721322], [115.61731034822787, 40.30272121109532], [115.61731218485917, 40.302631144082554], [115.61719454677997, 40.30262973784953], [115.61719270999252, 40.30271980485785], [115.61695743354672, 40.30271699202418], [115.61695559643869, 40.302807059022115], [115.61683795807207, 40.30280565242147], [115.61683612079965, 40.30289571941348], [115.61671848228515, 40.3028943126888], [115.6167166448483, 40.30298437967487], [115.6164813675319, 40.3029815658579], [115.6164795297745, 40.30307163283359], [115.6163618909726, 40.303070225741294], [115.61636005305073, 40.303160292711055], [115.61624241410098, 40.30315888549472], [115.61623873792013, 40.30333901942089], [115.61647401645249, 40.3033418337518], [115.61647217866191, 40.30343190072159]], [[115.59735481865194, 40.30040890894104], [115.5977077183812, 40.30041318760571], [115.59770958089376, 40.30032312130768], [115.59735668163286, 40.300318842656544], [115.59735481865194, 40.30040890894104]], [[115.59959729155536, 40.300075723487716], [115.59971492432508, 40.30007714753916], [115.59971678415016, 40.299987081158505], [115.59959915153657, 40.29998565711158], [115.59959729155536, 40.300075723487716]], [[115.59936574661953, 40.299892742290446], [115.59948337906025, 40.29989416657198], [115.59948523918075, 40.2998041001974], [115.59936760689614, 40.29980267592037], [115.59936574661953, 40.299892742290446]], [[115.59068547357676, 40.247625651903164], [115.5910380980222, 40.24762994627868], [115.59103996590507, 40.2475398794145], [115.59139258995917, 40.247544172702376], [115.59139445736653, 40.24745410582313], [115.59151199857904, 40.247455536675886], [115.59151386582226, 40.24736546979063], [115.59163140688749, 40.247366900519516], [115.59163327396662, 40.24727683362824], [115.59175081488456, 40.247278264233266], [115.59175454870616, 40.24709813043724], [115.59140192691177, 40.24709383829135], [115.59140379427703, 40.24700377140471], [115.59046347110804, 40.246992320467854], [115.59046160249721, 40.247082387318244], [115.59022652147777, 40.247079523381615], [115.5902246525471, 40.24716959022144], [115.58998957125, 40.2471667257984], [115.58998770199952, 40.24725679262768], [115.59010524279957, 40.247258224903405], [115.59010337369635, 40.24734829173574], [115.59022091466052, 40.24734972389667], [115.59021904570459, 40.24743979073206], [115.59033658683289, 40.24744122277818], [115.59033471802422, 40.24753128961663], [115.59068734192674, 40.24753558505258], [115.59068547357676, 40.247625651903164]]]}}, {"type": "Feature", "properties": {"year": 2017, "water_area_km2": 0.0058}, "geometry": {"type": "Polygon", "coordinates": [[[115.89341940844909, 40.219655016418066], [115.89342233967834, 40.21947486089331], [115.89330483320852, 40.21947373733223], [115.89330776472244, 40.2192935818088], [115.89319025857033, 40.21929245813557], [115.89319172447294, 40.219202380375236], [115.89307421848297, 40.21920125658632], [115.89307568453454, 40.21911117882809], [115.89295817870672, 40.21911005492347], [115.89295964490722, 40.219019977167356], [115.8928421392416, 40.21901885314701], [115.89284800459967, 40.21865854212229], [115.89296550964309, 40.21865966612839], [115.89296697581055, 40.21856958836502], [115.89308448070504, 40.21857071224828], [115.89308594671031, 40.2184806344799], [115.89332095620806, 40.21848288188154], [115.89331949051386, 40.21857295965703], [115.89343699542816, 40.218574083182524], [115.89343552988292, 40.218664160960124], [115.89355303495938, 40.21866528436992], [115.89355010416014, 40.2188454399279], [115.89366760955434, 40.21884656322555], [115.89366614430035, 40.21893664100591], [115.8937836498567, 40.21893776418786], [115.89377925452177, 40.21920799753094], [115.8936617484988, 40.21920687433832], [115.89365735263782, 40.219477107657674], [115.89353984615475, 40.21947598433513], [115.89353691523662, 40.219656139867006], [115.89341940844909, 40.219655016418066]]]}}, {"type": "Feature", "properties": {"year": 2017, "water_area_km2": 0.0651}, "geometry": {"type": "Polygon", "coordinates": [[[115.4815608996317, 40.20111035645458], [115.48156290931111, 40.20102029327177], [115.48144545409902, 40.20101875221877], [115.48144746392468, 40.20092868903935], [115.48062527878083, 40.200917898367116], [115.48062728968456, 40.200827835220394], [115.48074474452264, 40.20082937709749], [115.48074876599232, 40.20064925078979], [115.48063131146488, 40.20064770892246], [115.48062930057925, 40.20073777207217], [115.48039439124092, 40.2007346879704], [115.48040042480244, 40.20046449854611], [115.48028297061279, 40.200462956331194], [115.48028699325242, 40.20028283005067], [115.48005208552152, 40.200279745283005], [115.48005409713834, 40.200189682150274], [115.47993664344177, 40.20018813959266], [115.47993865520485, 40.20009807646332], [115.47958629463548, 40.2000934480904], [115.47959031906619, 40.199913321856585], [115.4794728658718, 40.199911778837155], [115.47947487822888, 40.19982171572289], [115.4792399721779, 40.19981862933644], [115.47924198483649, 40.19972856623048], [115.47912453197989, 40.19972702286346], [115.47912251916601, 40.19981708596454], [115.4790050661632, 40.19981554247351], [115.47901110504351, 40.1995453531805], [115.47912855758045, 40.19954689665685], [115.47913057036713, 40.1994568335513], [115.4792480227578, 40.19945837690366], [115.47925003538012, 40.19936831379173], [115.47936748762459, 40.19936985702008], [115.47936950008253, 40.19927979390177], [115.47960440428807, 40.199282879991344], [115.4796084285556, 40.19910275373072], [115.47972588036137, 40.199104296587045], [115.47972789232622, 40.199014233449624], [115.47996279565443, 40.19901731879518], [115.47996480729964, 40.198927255646474], [115.4807869681468, 40.198938050569566], [115.48078897869591, 40.1988479873852], [115.48313800902744, 40.19887879776399], [115.48313600158417, 40.19896886104596], [115.48384071232124, 40.198978094897896], [115.48383870580068, 40.19906815820763], [115.48395615777716, 40.19906969677091], [115.48395415140286, 40.199159760084044], [115.48407160354364, 40.19916129853308], [115.4840675910785, 40.19934142516461], [115.48395013862711, 40.199339886705815], [115.48394813222569, 40.19942995001447], [115.48383067962807, 40.19942841143167], [115.4838286730623, 40.19951847473397], [115.48371122031841, 40.199516936027194], [115.4837092135883, 40.199606999323116], [115.48359176069815, 40.19960546049235], [115.48358975380371, 40.199695523781905], [115.4834723007673, 40.19969398482715], [115.48347029370852, 40.19978404811035], [115.48335284052587, 40.1997825090316], [115.48335083330274, 40.199872572308436], [115.48323337997383, 40.19987103310568], [115.48323137258635, 40.19996109637616], [115.48311391911118, 40.19995955704941], [115.48311191155936, 40.200049620313514], [115.48299445793793, 40.200048080862764], [115.48299245022176, 40.2001381441205], [115.4828749964541, 40.20013660454577], [115.482870980684, 40.20031673104703], [115.4826360725546, 40.200313651520695], [115.48263205612709, 40.200493777996485], [115.48251460176536, 40.20049223804487], [115.48251259338274, 40.20058230127567], [115.48239513887475, 40.20058076120005], [115.48239313032775, 40.20067082442447], [115.4822756756735, 40.20066928422486], [115.48227366696216, 40.20075934744291], [115.48215621216167, 40.20075780711931], [115.48215420328597, 40.20084787033099], [115.4820367483392, 40.20084632988336], [115.48203473929914, 40.200936393088675], [115.4817998291222, 40.20093331182631], [115.48179781976248, 40.201023375020384], [115.48168036453227, 40.20102183420564], [115.48167835500816, 40.201111897393325], [115.4815608996317, 40.20111035645458]], [[115.48097965422595, 40.2008324604943], [115.4810971090912, 40.20083400201402], [115.48109911936466, 40.200743938846266], [115.48098166465472, 40.200742397331425], [115.48097965422595, 40.2008324604943]], [[115.48074876599232, 40.20064925078979], [115.48086622052885, 40.200650792537985], [115.48086823109479, 40.200560729377024], [115.48075077671359, 40.200559187633694], [115.48074876599232, 40.20064925078979]]]}}, {"type": "Feature", "properties": {"year": 2017, "water_area_km2": 0.0145}, "geometry": {"type": "Polygon", "coordinates": [[[115.47707084616674, 40.19699733080503], [115.47707286149442, 40.19690726774583], [115.47683796576297, 40.19690417666976], [115.47683998139212, 40.196814113618885], [115.47613529534743, 40.196804837561544], [115.47613731189915, 40.196714774538535], [115.47590241693415, 40.19671168157639], [115.4759044337873, 40.1966216185617], [115.47578698647374, 40.196620071906864], [115.47578900347307, 40.196530008895586], [115.47520176781784, 40.196522273859344], [115.47520378558444, 40.19643221087108], [115.47532123254204, 40.196433758111645], [115.47532325014429, 40.19634369511697], [115.47544069695572, 40.19634524223352], [115.47544271439361, 40.19625517923247], [115.47556016105885, 40.19625672622503], [115.47556217833238, 40.1961666632176], [115.47567962485142, 40.196168210086135], [115.4756816419606, 40.19607814707231], [115.4760339811065, 40.19608278694864], [115.47603599774078, 40.19599272391862], [115.47662322905602, 40.19600045463931], [115.47662524490488, 40.195910391583304], [115.47709502949952, 40.19591657399643], [115.47709301427173, 40.19600663707201], [115.47732790693408, 40.19600972757375], [115.47732589200776, 40.196099790657634], [115.47744333850781, 40.196101335734745], [115.47743930893847, 40.19628146190781], [115.47755675575813, 40.1962830068756], [115.47754869713155, 40.19664325922346], [115.47743124969078, 40.19664171423608], [115.47742923485619, 40.196731777314426], [115.47731178726922, 40.19673023220306], [115.47730977227025, 40.19682029527501], [115.47719232453709, 40.19681875003963], [115.47718829420138, 40.19699887616929], [115.47707084616674, 40.19699733080503]]]}}]}